episode,phase,route,return,steps,q_start_right,q_start_down,q_shield_right,q_d1_right,q_d2_right,mood_M,greedy_route,epsilon
0,phase1,upper,-15.0,2,-1.875,0.0,0.0,0.0,0.0,nan,lower,0.1
1,phase1,lower,-10.0,4,-1.875,-0.375,-0.375,-0.375,-0.375,nan,lower,0.1
2,phase1,lower,-10.0,4,-1.875,-0.75,-0.75,-0.75,-0.69375,nan,lower,0.1
3,phase1,lower,-10.0,4,-1.875,-1.125,-1.125,-1.1165625000000001,-0.9646874999999999,nan,lower,0.1
4,phase1,lower,-10.0,4,-1.875,-1.5,-1.498734375,-1.4687812500000001,-1.194984375,nan,lower,0.1
5,phase1,lower,-10.0,4,-1.875,-1.87481015625,-1.86924140625,-1.8027117187500001,-1.39073671875,nan,lower,0.1
6,phase1,lower,-10.0,4,-1.875,-2.24897484375,-2.234261953125,-2.11591546875,-1.5571262109375,nan,upper,0.1
7,phase1,lower,-10.0,4,-1.875,-2.62176791015625,-2.59150998046875,-2.407097080078125,-1.6985572792968748,nan,upper,0.1
8,phase1,upper,-15.0,2,-3.525,-2.62176791015625,-2.59150998046875,-2.407097080078125,-1.6985572792968748,nan,lower,0.1
9,phase1,lower,-10.0,4,-3.525,-2.992229220703125,-2.938848045410156,-2.6758161099609374,-1.8187736874023437,nan,lower,0.1
10,phase1,lower,-10.0,4,-3.525,-3.35922204440918,-3.2743932550927735,-2.9222597465771485,-1.920957634291992,nan,lower,0.1
11,phase1,lower,-10.0,4,-3.525,-3.721497726011719,-3.59657322881543,-3.147064429734375,-2.007813989148193,nan,upper,0.1
12,phase1,upper,-15.0,2,-4.975312499999999,-3.721497726011719,-3.59657322881543,-3.147064429734375,-2.007813989148193,nan,lower,0.1
13,phase1,lower,-10.0,4,-4.975312499999999,-4.077759051432276,-3.9041469089532717,-3.351176863646448,-2.0816418907759644,nan,lower,0.1
14,phase1,lower,-10.0,4,-4.975312499999999,-4.426717230060425,-4.196201402157248,-3.5357466177158754,-2.1443956071595696,nan,lower,0.1
15,phase1,lower,-10.0,4,-4.975312499999999,-4.767139855874948,-4.472133184491042,-3.70204396613243,-2.1977362660856343,nan,lower,0.1
16,phase1,lower,-10.0,4,-4.975312499999999,-5.097888855167362,-4.73161980173725,-3.8513978111254104,-2.243075826172789,nan,upper,0.1
17,phase1,upper,-15.0,2,-6.248718749999999,-5.097888855167362,-4.73161980173725,-3.8513978111254104,-2.243075826172789,nan,lower,0.1
18,phase1,lower,-10.0,4,-6.248718749999999,-5.417948497152845,-4.974586503145474,-3.985149513382517,-2.2816144522468704,nan,lower,0.1
19,phase1,lower,-10.0,4,-6.248718749999999,-5.726444198051739,-5.2011709546810305,-4.10461925421217,-2.3143722844098398,nan,lower,0.1
20,phase1,lower,-10.0,4,-6.248718749999999,-6.022653211546133,-5.411688199610701,-4.2110822087418205,-2.3422164417483637,nan,lower,0.1
21,phase1,lower,-10.0,4,-6.248718749999999,-6.306008459755818,-5.606597300980369,-4.305752343692802,-2.365883975486109,nan,upper,0.1
22,phase1,upper,-15.0,2,-7.365658593749999,-6.306008459755818,-5.606597300980369,-4.305752343692802,-2.365883975486109,nan,lower,0.1
23,phase1,lower,-10.0,4,-7.365658593749999,-6.5760967859395,-5.786470557387235,-4.389772088461799,-2.3860013791631927,nan,lower,0.1
24,phase1,lower,-10.0,4,-7.365658593749999,-6.83265285165666,-5.951965787048419,-4.4642064820670075,-2.403101172288714,nan,lower,0.1
25,phase1,lower,-10.0,4,-7.365658593749999,-7.075549791965424,-6.103801891301207,-4.530040685600263,-2.417635996445407,nan,lower,0.1
26,phase1,lower,-10.0,4,-7.365658593749999,-7.3047876068657915,-6.2427377104460655,-4.588179982227035,-2.429990596978596,nan,lower,0.1
27,phase1,lower,-10.0,4,-7.365658593749999,-7.520480122402833,-6.3695540512132105,-4.639451574439769,-2.4404920074318066,nan,upper,0.1
28,phase1,upper,-15.0,2,-8.344420312499999,-7.520480122402833,-6.3695540512132105,-4.639451574439769,-2.4404920074318066,nan,lower,0.1
29,phase1,lower,-10.0,4,-8.344420312499999,-7.72284121172439,-6.485038679697194,-4.684607639388575,-2.4494182063170356,nan,lower,0.1
30,phase1,lower,-10.0,4,-8.344420312499999,-7.91217083192031,-6.5899740236509015,-4.724329224427844,-2.4570054753694803,nan,lower,0.1
31,phase1,lower,-10.0,4,-8.344420312499999,-8.088841310679898,-6.685127303767443,-4.75923066206909,-2.4634546540640585,nan,lower,0.1
32,phase1,lower,-10.0,4,-8.344420312499999,-8.25328420964303,-6.77124280751269,-4.7898642608683355,-2.4689364559544495,nan,lower,0.1
33,phase1,lower,-10.0,4,-8.344420312499999,-8.405977999323479,-6.849036025516036,-4.816725090131253,-2.473595987561282,nan,upper,0.1
34,phase1,upper,-15.0,2,-9.201326197265624,-8.405977999323479,-6.849036025516036,-4.816725090131253,-2.473595987561282,nan,lower,0.1
35,phase1,lower,-10.0,4,-9.201326197265624,-8.547436703252362,-6.919189385208319,-4.840255724745757,-2.4775565894270897,nan,lower,0.1
36,phase1,lower,-10.0,4,-9.201326197265624,-8.678199605545757,-6.982349336138935,-4.860850854447957,-2.480923101013026,nan,lower,0.1
37,phase1,lower,-10.0,4,-9.201326197265624,-8.798822065134733,-7.039124563885288,-4.878861691432717,-2.4837846358610722,nan,lower,0.1
38,phase1,lower,-10.0,4,-9.201326197265624,-8.909867439947316,-7.090085133017403,-4.89460013309697,-2.486216940481911,nan,lower,0.1
39,phase1,lower,-10.0,4,-9.201326197265624,-9.01190009390783,-7.135762383029338,-4.908342654204712,-2.4882843994096246,nan,lower,0.1
40,phase1,lower,-10.0,4,-9.201326197265624,-9.105479437276056,-7.176649423705644,-4.920333915985449,-2.490041739498181,nan,lower,0.1
41,phase1,lower,-10.0,4,-9.201326197265624,-9.191154935240494,-7.213202097547615,-4.930790089512358,-2.491535478573454,nan,lower,0.1
42,phase1,lower,-10.0,4,-9.201326197265624,-9.269462009586562,-7.245840296342327,-4.939901897871523,-2.492805156787436,nan,upper,0.1
43,phase1,upper,-15.0,2,-9.950910859570312,-9.269462009586562,-7.245840296342327,-4.939901897871523,-2.492805156787436,nan,lower,0.1
44,phase1,upper,-15.0,2,-10.606090283745116,-9.269462009586562,-7.245840296342327,-4.939901897871523,-2.492805156787436,nan,lower,0.1
45,phase1,lower,-10.0,4,-10.606090283745116,-9.340918752599926,-7.2749495365717065,-4.94783738670891,-2.4938843832693207,nan,lower,0.1
46,phase1,lower,-10.0,4,-10.606090283745116,-9.406023370195694,-7.300882714092287,-4.954744436192971,-2.4948017257789226,nan,lower,0.1
47,phase1,lower,-10.0,4,-10.606090283745116,-9.465252271780184,-7.32396197240739,-4.9607530296308635,-2.495581466912084,nan,lower,0.1
48,phase1,lower,-10.0,4,-10.606090283745116,-9.519058726874265,-7.344480630990911,-4.9659772952230465,-2.4962442468752717,nan,lower,0.1
49,phase1,lower,-10.0,4,-10.606090283745116,-9.567872012491762,-7.362705130625732,-4.970517337970881,-2.496807609843981,nan,lower,0.1
50,phase1,lower,-10.0,4,-10.606090283745116,-9.612096980211858,-7.378876961727504,-4.974460878751846,-2.497286468367384,nan,lower,0.1
51,phase1,lower,-10.0,4,-10.606090283745116,-9.652113977439205,-7.393214549281155,-4.9778847171941765,-2.4976934981122763,nan,lower,0.1
52,phase1,lower,-10.0,4,-10.606090283745116,-9.688279063215498,-7.405915074468108,-4.980856034331891,-2.4980394733954348,nan,lower,0.1
53,phase1,lower,-10.0,4,-10.606090283745116,-9.72092446490339,-7.417156218447676,-4.983433550191423,-2.4983335523861196,nan,lower,0.1
54,phase1,lower,-10.0,4,-10.606090283745116,-9.750359227935034,-7.427097818209238,-4.985668550520628,-2.498583519528202,nan,lower,0.1
55,phase1,lower,-10.0,4,-10.606090283745116,-9.776870016476165,-7.435883428055947,-4.9876057958717634,-2.4987959915989717,nan,lower,0.1
56,phase1,lower,-10.0,4,-10.606090283745116,-9.800722028213132,-7.443641783228319,-4.9892843252308445,-2.498976592859126,nan,lower,0.1
57,phase1,lower,-10.0,4,-10.606090283745116,-9.82215999146541,-7.450488164528698,-4.990738165375086,-2.4991301039302574,nan,lower,0.1
58,phase1,lower,-10.0,4,-10.606090283745116,-9.841409217424903,-7.456525664655657,-4.991996956158362,-2.499260588340719,nan,lower,0.1
59,phase1,lower,-10.0,4,-10.606090283745116,-9.858676684509517,-7.461846358381062,-4.993086500985715,-2.499371500089611,nan,lower,0.1
60,phase1,lower,-10.0,4,-10.606090283745116,-9.874152135590249,-7.46653237977176,-4.994029250851299,-2.4994657750761693,nan,lower,0.1
61,phase1,lower,-10.0,4,-10.606090283745116,-9.888009172217476,-7.470656910433691,-4.994844729485029,-2.499545908814744,nan,lower,0.1
62,phase1,lower,-10.0,4,-10.606090283745116,-9.900406332949908,-7.474285083291392,-4.995549906384486,-2.499614022492532,nan,lower,0.1
63,phase1,lower,-10.0,4,-10.606090283745116,-9.91148814550113,-7.477474806755356,-4.996159523800693,-2.499671919118652,nan,lower,0.1
64,phase1,lower,-10.0,4,-10.606090283745116,-9.921386144689263,-7.4802775143121565,-4.996686383098387,-2.4997211312508543,nan,lower,0.1
65,phase1,lower,-10.0,4,-10.606090283745116,-9.930219850132698,-7.4827388446300915,-4.997141595321257,-2.499762961563226,nan,lower,0.1
66,phase1,lower,-10.0,4,-10.606090283745116,-9.938097699307306,-7.484899257233766,-4.997534800257553,-2.4997985173287423,nan,lower,0.1
67,phase1,lower,-10.0,4,-10.606090283745116,-9.945117932996276,-7.486794588687334,-4.997874357818231,-2.499828739729431,nan,lower,0.1
68,phase1,lower,-10.0,4,-10.606090283745116,-9.951369431349935,-7.4884565540569685,-4.998167515104911,-2.4998544287700164,nan,lower,0.1
69,phase1,lower,-10.0,4,-10.606090283745116,-9.95693249975599,-7.48991319821416,-4.998420552154677,-2.499876264454514,nan,lower,0.1
70,phase1,lower,-10.0,4,-10.606090283745116,-9.961879604524714,-7.491189301305238,-4.998638908999652,-2.499894824786337,nan,lower,0.1
71,phase1,lower,-10.0,4,-10.606090283745116,-9.966276059041792,-7.4923067424594,-4.998827296367654,-2.4999106010683865,nan,lower,0.1
72,phase1,lower,-10.0,4,-10.606090283745116,-9.970180661554433,-7.493284825545638,-4.998989792072764,-2.4999240109081287,nan,lower,0.1
73,phase1,lower,-10.0,4,-10.606090283745116,-9.973646286153114,-7.494140570524707,-4.999129924898068,-2.4999354092719095,nan,lower,0.1
74,phase1,lower,-10.0,4,-10.606090283745116,-9.976720428808854,-7.494888973680712,-4.999250747554145,-2.499945097881123,nan,lower,0.1
75,phase1,lower,-10.0,4,-10.606090283745116,-9.979445710539633,-7.4955432397617265,-4.999354900103191,-2.4999533331989547,nan,lower,0.1
76,phase1,lower,-10.0,4,-10.606090283745116,-9.981860339922946,-7.496114988812947,-4.999444665067556,-2.4999603332191116,nan,lower,0.1
77,phase1,lower,-10.0,4,-10.606090283745116,-9.983998537256445,-7.496614440251138,-4.99952201529029,-2.499966283236245,nan,lower,0.1
78,phase1,lower,-10.0,4,-10.606090283745116,-9.98589092270565,-7.497050576507011,-4.999588655482183,-2.499971340750808,nan,lower,0.1
79,phase1,lower,-10.0,4,-10.606090283745116,-9.987564870775854,-7.497431288353287,-4.999646058272477,-2.499975639638187,nan,lower,0.1
80,phase1,lower,-10.0,4,-10.606090283745116,-9.98904483341247,-7.497763503841165,-4.999695495477333,-2.499979293692459,nan,lower,0.1
81,phase1,lower,-10.0,4,-10.606090283745116,-9.990352633976773,-7.49805330258659,-4.999738065209602,-2.49998239963859,nan,lower,0.1
82,phase1,lower,-10.0,4,-10.606090283745116,-9.991507734268247,-7.498306016980042,-4.99977471537395,-2.4999850396928016,nan,lower,0.1
83,phase1,lower,-10.0,4,-10.606090283745116,-9.992527476675015,-7.498526321739128,-4.999806264021777,-2.4999872837388812,nan,lower,0.1
84,phase1,lower,-10.0,4,-10.606090283745116,-9.993427303434633,-7.498718313081525,-4.999833416979343,-2.499989191178049,nan,lower,0.1
85,phase1,upper,-15.0,2,-11.178320386327147,-9.993427303434633,-7.498718313081525,-4.999833416979343,-2.499989191178049,nan,lower,0.1
86,phase1,lower,-10.0,4,-11.178320386327147,-9.994220954881666,-7.498885578666198,-4.999856783109149,-2.4999908125013417,nan,lower,0.1
87,phase1,lower,-10.0,4,-11.178320386327147,-9.994920648449344,-7.499031259332641,-4.999876887517978,-2.4999921906261404,nan,lower,0.1
88,phase1,lower,-10.0,4,-11.178320386327147,-9.99553724008184,-7.4991581035604415,-4.999894182984202,-2.4999933620322192,nan,lower,0.1
89,phase1,lower,-10.0,4,-11.178320386327147,-9.99608036960363,-7.4992685154740055,-4.999909059841404,-2.4999943577273864,nan,lower,0.1
90,phase1,lower,-10.0,4,-11.178320386327147,-9.996558591484186,-7.499364597129115,-4.999921854524302,-2.4999952040682785,nan,lower,0.1
91,phase1,lower,-10.0,4,-11.178320386327147,-9.996979492330926,-7.499448185738393,-4.9999328569558985,-2.499995923458037,nan,lower,0.1
92,phase1,lower,-10.0,4,-11.178320386327147,-9.997349796342046,-7.499520886421019,-4.999942316931219,-2.4999965349393314,nan,lower,0.1
93,phase1,lower,-10.0,4,-11.178320386327147,-9.997675459853893,-7.499584100997549,-4.999950449632435,-2.4999970546984316,nan,lower,0.1
94,phase1,lower,-10.0,4,-11.178320386327147,-9.997961756025441,-7.499639053292782,-4.999957440392334,-2.4999974964936666,nan,lower,0.1
95,phase1,lower,-10.0,4,-11.178320386327147,-9.998213350615542,-7.499686811357715,-4.999963448807534,-2.4999978720196165,nan,lower,0.1
96,phase1,lower,-10.0,4,-11.178320386327147,-9.998434369726867,-7.499728306975188,-4.999968612289346,-2.499998191216674,nan,lower,0.1
97,phase1,lower,-10.0,4,-11.178320386327147,-9.998628460314116,-7.499764352772312,-4.999973049128445,-2.499998462534173,nan,lower,0.1
98,phase1,lower,-10.0,4,-11.178320386327147,-9.998798844182845,-7.499795657225731,-4.999976861139304,-2.4999986931540468,nan,lower,0.1
99,phase1,lower,-10.0,4,-11.178320386327147,-9.998948366139278,-7.499822837812768,-4.999980135941516,-2.4999988891809397,nan,lower,0.1
100,phase1,upper,-15.0,2,-11.677744426750305,-9.998948366139278,-7.499822837812768,-4.999980135941516,-2.4999988891809397,nan,lower,0.1
101,phase1,lower,-10.0,4,-11.677744426750305,-9.999079536890301,-7.49984643253208,-4.999982948927429,-2.4999990558037988,nan,lower,0.1
102,phase1,lower,-10.0,4,-11.677744426750305,-9.999194571236568,-7.499866909991383,-4.999985364958885,-2.4999991974332287,nan,lower,0.1
103,phase1,upper,-15.0,2,-12.113329046354155,-9.999194571236568,-7.499866909991383,-4.999985364958885,-2.4999991974332287,nan,lower,0.1
104,phase1,lower,-10.0,4,-12.113329046354155,-9.99929542204979,-7.499884678236508,-4.999987439830036,-2.4999993178182445,nan,lower,0.1
105,phase1,lower,-10.0,4,-12.113329046354155,-9.999383810477799,-7.499900092475537,-4.999989221528268,-2.4999994201455076,nan,lower,0.1
106,phase1,lower,-10.0,4,-12.113329046354155,-9.99946125277746,-7.499913461833446,-4.999990751320854,-2.4999995071236816,nan,lower,0.1
107,phase1,lower,-10.0,4,-12.113329046354155,-9.999529084135858,-7.499925055256558,-4.999992064691278,-2.499999581055129,nan,lower,0.1
108,phase1,lower,-10.0,4,-12.113329046354155,-9.999588479803963,-7.499935106671765,-4.999993192145856,-2.4999996438968597,nan,lower,0.1
109,phase1,lower,-10.0,4,-12.113329046354155,-9.999640473834134,-7.499943819492879,-4.999994159908506,-2.499999697312331,nan,lower,0.1
110,phase1,lower,-10.0,4,-12.113329046354155,-9.999685975682945,-7.499951370555223,-4.99999499051908,-2.4999997427154814,nan,lower,0.1
111,phase1,lower,-10.0,4,-12.113329046354155,-9.999725784913787,-7.499957913549801,-4.9999957033485405,-2.4999997813081594,nan,lower,0.1
112,phase1,lower,-10.0,4,-12.113329046354155,-9.99976060420919,-7.499963582019612,-4.999996315042483,-2.4999998141119355,nan,lower,0.1
113,phase1,lower,-10.0,4,-12.113329046354155,-9.999791050880752,-7.499968491973043,-4.999996839902901,-2.499999841995145,nan,lower,0.1
114,phase1,lower,-10.0,4,-12.113329046354155,-9.999817667044596,-7.4999727441625215,-4.999997290216738,-2.499999865695873,nan,lower,0.1
115,phase1,lower,-10.0,4,-12.113329046354155,-9.999840928612285,-7.499976426070654,-4.999997676538609,-2.499999885841492,nan,lower,0.1
116,phase1,lower,-10.0,4,-12.113329046354155,-9.99986125323104,-7.499979613640847,-4.999998007934041,-2.499999902965268,nan,lower,0.1
117,phase1,lower,-10.0,4,-12.113329046354155,-9.999879007292511,-7.499982372784826,-4.9999982921887245,-2.499999917520478,nan,lower,0.1
118,phase1,lower,-10.0,4,-12.113329046354155,-9.99989451211636,-7.499984760695411,-4.999998535988487,-2.4999999298924065,nan,lower,0.1
119,phase1,lower,-10.0,4,-12.113329046354155,-9.999908049403217,-7.499986826989373,-4.999998745074075,-2.4999999404085456,nan,lower,0.1
120,phase1,upper,-15.0,2,-12.492989030474966,-9.999908049403217,-7.499986826989373,-4.999998745074075,-2.4999999404085456,nan,lower,0.1
121,phase1,lower,-10.0,4,-12.492989030474966,-9.999919866041141,-7.499988614702078,-4.999998924374245,-2.4999999493472638,nan,lower,0.1
122,phase1,lower,-10.0,4,-12.492989030474966,-9.999930178340282,-7.499990161152903,-4.999999078120198,-2.499999956945174,nan,lower,0.1
123,phase1,lower,-10.0,4,-12.492989030474966,-9.999939175762176,-7.499991498697997,-4.999999209943945,-2.499999963403398,nan,lower,0.1
124,phase1,lower,-10.0,4,-12.492989030474966,-9.99994702420255,-7.499992655384889,-4.9999993229628625,-2.499999968892888,nan,lower,0.1
125,phase1,lower,-10.0,4,-12.492989030474966,-9.999953868879901,-7.499993655521585,-4.999999419852366,-2.4999999735589546,nan,lower,0.1
126,phase1,lower,-10.0,4,-12.492989030474966,-9.999959836876153,-7.499994520171202,-4.999999502908355,-2.4999999775251114,nan,lower,0.1
127,phase1,lower,-10.0,4,-12.492989030474966,-9.99996503937041,-7.499995267581775,-4.999999574100868,-2.4999999808963445,nan,lower,0.1
128,phase1,lower,-10.0,4,-12.492989030474966,-9.999969573602115,-7.499995913559639,-4.999999635120189,-2.4999999837618927,nan,lower,0.1
129,phase1,lower,-10.0,4,-12.492989030474966,-9.999973524595744,-7.499996471793722,-4.9999996874164445,-2.4999999861976088,nan,lower,0.1
130,phase1,lower,-10.0,4,-12.492989030474966,-9.99997696667544,-7.4999969541371305,-4.999999732233619,-2.4999999882679673,nan,lower,0.1
131,phase1,lower,-10.0,4,-12.492989030474966,-9.999979964794694,-7.499997370851604,-4.999999770638771,-2.499999990027772,nan,lower,0.1
132,phase1,lower,-10.0,4,-12.492989030474966,-9.99998257570323,-7.499997730819679,-4.999999803547121,-2.499999991523606,nan,lower,0.1
133,phase1,lower,-10.0,4,-12.492989030474966,-9.999984848970698,-7.499998041728795,-4.999999831743594,-2.499999992795065,nan,lower,0.1
134,phase1,lower,-10.0,4,-12.492989030474966,-9.999986827884412,-7.499998310231015,-4.999999855901314,-2.4999999938758055,nan,lower,0.1
135,phase1,lower,-10.0,4,-12.492989030474966,-9.999988550236402,-7.49999854208156,-4.999999876597488,-2.4999999947944347,nan,lower,0.1
136,phase1,lower,-10.0,4,-12.492989030474966,-9.999990049013176,-7.499998742258949,-4.99999989432703,-2.4999999955752696,nan,lower,0.1
137,phase1,lower,-10.0,4,-12.492989030474966,-9.999991353000041,-7.4999989150691615,-4.9999999095142655,-2.499999996238979,nan,lower,0.1
138,phase1,lower,-10.0,4,-12.492989030474966,-9.99999248731041,-7.4999990642359275,-4.9999999225229725,-2.4999999968031323,nan,lower,0.1
139,phase1,lower,-10.0,4,-12.492989030474966,-9.999993473849237,-7.499999192978985,-4.999999933664997,-2.4999999972826625,nan,lower,0.1
140,phase1,lower,-10.0,4,-12.492989030474966,-9.9999943317187,-7.499999304081887,-4.999999943207647,-2.499999997690263,nan,lower,0.1
141,phase1,lower,-10.0,4,-12.492989030474966,-9.999995077573178,-7.499999399950751,-4.9999999513800395,-2.499999998036724,nan,lower,0.1
142,phase1,lower,-10.0,4,-12.492989030474966,-9.999995725929814,-7.499999482665144,-4.999999958378543,-2.4999999983312153,nan,lower,0.1
143,phase1,lower,-10.0,4,-12.492989030474966,-9.999996289440114,-7.499999554022154,-4.999999964371444,-2.499999998581533,nan,lower,0.1
144,phase1,lower,-10.0,4,-12.492989030474966,-9.99999677912742,-7.499999615574548,-4.999999969502957,-2.499999998794303,nan,lower,0.1
145,phase1,lower,-10.0,4,-12.492989030474966,-9.99999720459449,-7.499999668663809,-4.999999973896659,-2.4999999989751576,nan,lower,0.1
146,phase1,lower,-10.0,4,-12.492989030474966,-9.999997574204887,-7.4999997144487365,-4.999999977658434,-2.499999999128884,nan,lower,0.1
147,phase1,lower,-10.0,4,-12.492989030474966,-9.999997895241464,-7.499999753930191,-4.999999980879002,-2.4999999992595514,nan,lower,0.1
148,phase1,lower,-10.0,4,-12.492989030474966,-9.999998174044773,-7.499999787972513,-4.999999983636084,-2.4999999993706186,nan,lower,0.1
149,phase1,lower,-10.0,4,-12.492989030474966,-9.999998416133934,-7.499999817322049,-4.999999985996265,-2.4999999994650257,nan,lower,0.1
150,phase1,lower,-10.0,4,-12.492989030474966,-9.999998626312152,-7.499999842623182,-4.999999988016579,-2.4999999995452717,nan,lower,0.1
151,phase1,lower,-10.0,4,-12.492989030474966,-9.999998808758807,-7.4999998644321915,-4.9999999897458824,-2.499999999613481,nan,lower,0.1
152,phase1,lower,-10.0,4,-12.492989030474966,-9.999998967109814,-7.499999883229245,-4.999999991226022,-2.499999999671459,nan,lower,0.1
153,phase1,lower,-10.0,4,-12.492989030474966,-9.99999910452773,-7.4999998994287616,-4.999999992492838,-2.49999999972074,nan,lower,0.1
154,phase1,lower,-10.0,4,-12.492989030474966,-9.999999223762885,-7.499999913388373,-4.999999993577023,-2.499999999762629,nan,lower,0.1
155,phase1,lower,-10.0,4,-12.492989030474966,-9.999999327206707,-7.49999992541667,-4.999999994504864,-2.4999999997982347,nan,lower,0.1
156,phase1,lower,-10.0,4,-12.492989030474966,-9.999999416938202,-7.4999999357799,-4.99999999529887,-2.4999999998284994,nan,lower,0.1
157,phase1,lower,-10.0,4,-12.492989030474966,-9.999999494764456,-7.499999944707745,-4.999999995978314,-2.4999999998542246,nan,lower,0.1
158,phase1,lower,-10.0,4,-12.492989030474966,-9.99999956225595,-7.49999995239833,-4.9999999965597,-2.499999999876091,nan,lower,0.1
159,phase1,lower,-10.0,4,-12.492989030474966,-9.999999620777306,-7.499999959022535,-4.999999997057159,-2.4999999998946776,nan,lower,0.1
160,phase1,lower,-10.0,4,-12.492989030474966,-9.99999967151409,-7.499999964727729,-4.999999997482787,-2.499999999910476,nan,lower,0.1
161,phase1,lower,-10.0,4,-12.492989030474966,-9.999999715496136,-7.499999969640988,-4.99999999784694,-2.4999999999239044,nan,lower,0.1
162,phase1,lower,-10.0,4,-12.492989030474966,-9.999999753617864,-7.499999973871881,-4.999999998158485,-2.499999999935319,nan,lower,0.1
163,phase1,lower,-10.0,4,-12.492989030474966,-9.999999786655966,-7.499999977514872,-4.99999999842501,-2.499999999945021,nan,lower,0.1
164,phase1,lower,-10.0,4,-12.492989030474966,-9.999999815284802,-7.499999980651392,-4.999999998653012,-2.4999999999532676,nan,lower,0.1
165,phase1,lower,-10.0,4,-12.492989030474966,-9.99999984008979,-7.499999983351635,-4.99999999884805,-2.4999999999602776,nan,lower,0.1
166,phase1,lower,-10.0,4,-12.492989030474966,-9.999999861579067,-7.499999985676097,-4.999999999014884,-2.499999999966236,nan,lower,0.1
167,phase1,lower,-10.0,4,-12.492989030474966,-9.999999880193622,-7.499999987676915,-4.999999999157587,-2.4999999999713003,nan,lower,0.1
168,phase1,lower,-10.0,4,-12.492989030474966,-9.999999896316115,-7.499999989399016,-4.999999999279644,-2.4999999999756053,nan,lower,0.1
169,phase1,lower,-10.0,4,-12.492989030474966,-9.99999991027855,-7.49999999088111,-4.999999999384038,-2.4999999999792646,nan,lower,0.1
170,phase1,lower,-10.0,4,-12.492989030474966,-9.999999922368934,-7.49999999215655,-4.999999999473322,-2.499999999982375,nan,lower,0.1
171,phase1,lower,-10.0,4,-12.492989030474966,-9.999999932837076,-7.4999999932540655,-4.999999999549679,-2.4999999999850187,nan,lower,0.1
172,phase1,lower,-10.0,4,-12.492989030474966,-9.999999941899624,-7.499999994198408,-4.99999999961498,-2.4999999999872657,nan,lower,0.1
173,phase1,lower,-10.0,4,-12.492989030474966,-9.999999949744442,-7.499999995010894,-4.999999999670822,-2.4999999999891758,nan,lower,0.1
174,phase1,lower,-10.0,4,-12.492989030474966,-9.99999995653441,-7.499999995709883,-4.999999999718575,-2.4999999999907994,nan,lower,0.1
175,phase1,lower,-10.0,4,-12.492989030474966,-9.999999962410731,-7.499999996311187,-4.999999999759409,-2.4999999999921796,nan,lower,0.1
176,phase1,lower,-10.0,4,-12.492989030474966,-9.9999999674958,-7.499999996828421,-4.9999999997943245,-2.499999999993353,nan,lower,0.1
177,phase1,lower,-10.0,4,-12.492989030474966,-9.999999971895694,-7.4999999972733065,-4.999999999824179,-2.49999999999435,nan,lower,0.1
178,phase1,lower,-10.0,4,-12.492989030474966,-9.999999975702336,-7.499999997655937,-4.999999999849704,-2.499999999995197,nan,lower,0.1
179,phase1,lower,-10.0,4,-12.492989030474966,-9.999999978995376,-7.499999997985002,-4.9999999998715285,-2.4999999999959175,nan,lower,0.1
180,phase1,lower,-10.0,4,-12.492989030474966,-9.99999998184382,-7.499999998267981,-4.999999999890187,-2.49999999999653,nan,lower,0.1
181,phase1,lower,-10.0,4,-12.492989030474966,-9.999999984307443,-7.499999998511312,-4.999999999906139,-2.4999999999970504,nan,lower,0.1
182,phase1,lower,-10.0,4,-12.492989030474966,-9.999999986438024,-7.4999999987205355,-4.999999999919776,-2.4999999999974927,nan,lower,0.1
183,phase1,lower,-10.0,4,-12.492989030474966,-9.9999999882804,-7.499999998900422,-4.9999999999314335,-2.499999999997869,nan,lower,0.1
184,phase1,lower,-10.0,4,-12.492989030474966,-9.999999989873404,-7.499999999055073,-4.999999999941399,-2.4999999999981886,nan,lower,0.1
185,phase1,lower,-10.0,4,-12.492989030474966,-9.999999991250654,-7.499999999188022,-4.999999999949917,-2.4999999999984603,nan,lower,0.1
186,phase1,lower,-10.0,4,-12.492989030474966,-9.999999992441259,-7.4999999993023065,-4.999999999957199,-2.4999999999986913,nan,lower,0.1
187,phase1,lower,-10.0,4,-12.492989030474966,-9.999999993470416,-7.49999999940054,-4.999999999963422,-2.4999999999988876,nan,lower,0.1
188,phase1,lower,-10.0,4,-12.492989030474966,-9.999999994359934,-7.499999999484972,-4.999999999968742,-2.4999999999990545,nan,lower,0.1
189,phase1,lower,-10.0,4,-12.492989030474966,-9.99999999512869,-7.499999999557538,-4.999999999973289,-2.499999999999196,nan,lower,0.1
190,phase1,lower,-10.0,4,-12.492989030474966,-9.999999995793017,-7.4999999996199005,-4.999999999977175,-2.499999999999317,nan,lower,0.1
191,phase1,lower,-10.0,4,-12.492989030474966,-9.99999999636705,-7.499999999673491,-4.999999999980496,-2.4999999999994196,nan,lower,0.1
192,phase1,lower,-10.0,4,-12.492989030474966,-9.999999996863016,-7.499999999719542,-4.999999999983334,-2.4999999999995066,nan,lower,0.1
193,phase1,lower,-10.0,4,-12.492989030474966,-9.999999997291495,-7.499999999759111,-4.99999999998576,-2.499999999999581,nan,lower,0.1
194,phase1,lower,-10.0,4,-12.492989030474966,-9.999999997661638,-7.499999999793109,-4.999999999987833,-2.499999999999644,nan,lower,0.1
195,phase1,lower,-10.0,4,-12.492989030474966,-9.999999997981359,-7.499999999822317,-4.999999999989605,-2.499999999999697,nan,lower,0.1
196,phase1,lower,-10.0,4,-12.492989030474966,-9.999999998257502,-7.49999999984741,-4.999999999991118,-2.4999999999997424,nan,lower,0.1
197,phase1,lower,-10.0,4,-12.492989030474966,-9.999999998495989,-7.499999999868966,-4.999999999992411,-2.499999999999781,nan,lower,0.1
198,phase1,lower,-10.0,4,-12.492989030474966,-9.999999998701936,-7.499999999887483,-4.999999999993517,-2.499999999999814,nan,lower,0.1
199,phase1,lower,-10.0,4,-12.492989030474966,-9.999999998879767,-7.499999999903388,-4.999999999994461,-2.499999999999842,nan,lower,0.1
200,phase1,lower,-10.0,4,-12.492989030474966,-9.99999999903331,-7.4999999999170495,-4.999999999995269,-2.4999999999998654,nan,lower,0.1
201,phase1,lower,-10.0,4,-12.492989030474966,-9.99999999916587,-7.499999999928782,-4.999999999995958,-2.4999999999998854,nan,lower,0.1
202,phase1,lower,-10.0,4,-12.492989030474966,-9.999999999280307,-7.499999999938859,-4.999999999996547,-2.4999999999999027,nan,lower,0.1
203,phase1,lower,-10.0,4,-12.492989030474966,-9.99999999937909,-7.499999999947512,-4.99999999999705,-2.4999999999999174,nan,lower,0.1
204,phase1,lower,-10.0,4,-12.492989030474966,-9.999999999464354,-7.499999999954943,-4.99999999999748,-2.49999999999993,nan,lower,0.1
205,phase1,lower,-10.0,4,-12.492989030474966,-9.999999999537943,-7.499999999961323,-4.999999999997848,-2.4999999999999405,nan,lower,0.1
206,phase1,lower,-10.0,4,-12.492989030474966,-9.99999999960145,-7.499999999966802,-4.9999999999981615,-2.4999999999999494,nan,lower,0.1
207,phase1,lower,-10.0,4,-12.492989030474966,-9.999999999656252,-7.4999999999715055,-4.99999999999843,-2.499999999999957,nan,lower,0.1
208,phase1,lower,-10.0,4,-12.492989030474966,-9.99999999970354,-7.499999999975544,-4.999999999998659,-2.4999999999999636,nan,lower,0.1
209,phase1,lower,-10.0,4,-12.492989030474966,-9.999999999744341,-7.4999999999790115,-4.999999999998854,-2.499999999999969,nan,lower,0.1
210,phase1,lower,-10.0,4,-12.492989030474966,-9.999999999779542,-7.499999999981988,-4.999999999999021,-2.4999999999999734,nan,lower,0.1
211,phase1,lower,-10.0,4,-12.492989030474966,-9.999999999809909,-7.499999999984543,-4.999999999999164,-2.4999999999999774,nan,lower,0.1
212,phase1,lower,-10.0,4,-12.492989030474966,-9.999999999836103,-7.499999999986736,-4.999999999999286,-2.499999999999981,nan,lower,0.1
213,phase1,lower,-10.0,4,-12.492989030474966,-9.999999999858698,-7.499999999988619,-4.99999999999939,-2.4999999999999836,nan,lower,0.1
214,phase1,lower,-10.0,4,-12.492989030474966,-9.999999999878186,-7.4999999999902345,-4.999999999999479,-2.4999999999999862,nan,lower,0.1
215,phase1,lower,-10.0,4,-12.492989030474966,-9.999999999894994,-7.499999999991621,-4.999999999999555,-2.4999999999999885,nan,lower,0.1
216,phase1,lower,-10.0,4,-12.492989030474966,-9.999999999909488,-7.499999999992811,-4.99999999999962,-2.4999999999999902,nan,lower,0.1
217,phase1,lower,-10.0,4,-12.492989030474966,-9.999999999921986,-7.4999999999938325,-4.999999999999676,-2.4999999999999916,nan,lower,0.1
218,phase1,lower,-10.0,4,-12.492989030474966,-9.999999999932763,-7.499999999994709,-4.999999999999723,-2.499999999999993,nan,lower,0.1
219,phase1,lower,-10.0,4,-12.492989030474966,-9.999999999942055,-7.499999999995461,-4.999999999999764,-2.499999999999994,nan,lower,0.1
220,phase1,lower,-10.0,4,-12.492989030474966,-9.999999999950067,-7.499999999996107,-4.999999999999798,-2.4999999999999947,nan,lower,0.1
221,phase1,lower,-10.0,4,-12.492989030474966,-9.999999999956973,-7.4999999999966604,-4.999999999999828,-2.4999999999999956,nan,lower,0.1
222,phase1,lower,-10.0,4,-12.492989030474966,-9.999999999962926,-7.499999999997136,-4.999999999999853,-2.4999999999999964,nan,lower,0.1
223,phase1,lower,-10.0,4,-12.492989030474966,-9.999999999968058,-7.499999999997543,-4.999999999999874,-2.499999999999997,nan,lower,0.1
224,phase1,lower,-10.0,4,-12.492989030474966,-9.99999999997248,-7.499999999997893,-4.9999999999998925,-2.4999999999999973,nan,lower,0.1
225,phase1,lower,-10.0,4,-12.492989030474966,-9.999999999976293,-7.4999999999981934,-4.9999999999999085,-2.499999999999998,nan,lower,0.1
226,phase1,lower,-10.0,4,-12.492989030474966,-9.999999999979577,-7.499999999998451,-4.999999999999922,-2.4999999999999982,nan,lower,0.1
227,phase1,lower,-10.0,4,-12.492989030474966,-9.999999999982409,-7.499999999998671,-4.999999999999933,-2.4999999999999987,nan,lower,0.1
228,phase1,lower,-10.0,4,-12.492989030474966,-9.999999999984848,-7.4999999999988605,-4.999999999999943,-2.4999999999999987,nan,lower,0.1
229,phase1,lower,-10.0,4,-12.492989030474966,-9.999999999986949,-7.499999999999023,-4.999999999999951,-2.4999999999999987,nan,lower,0.1
230,phase1,upper,-15.0,2,-12.823701115816567,-9.999999999986949,-7.499999999999023,-4.999999999999951,-2.4999999999999987,nan,lower,0.1
231,phase1,lower,-10.0,4,-12.823701115816567,-9.999999999988761,-7.4999999999991624,-4.999999999999958,-2.4999999999999987,nan,lower,0.1
232,phase1,lower,-10.0,4,-12.823701115816567,-9.99999999999032,-7.4999999999992815,-4.9999999999999645,-2.4999999999999987,nan,lower,0.1
233,phase1,lower,-10.0,4,-12.823701115816567,-9.999999999991665,-7.499999999999384,-4.99999999999997,-2.4999999999999987,nan,lower,0.1
234,phase1,lower,-10.0,4,-12.823701115816567,-9.999999999992824,-7.4999999999994715,-4.999999999999974,-2.4999999999999987,nan,lower,0.1
235,phase1,lower,-10.0,4,-12.823701115816567,-9.99999999999382,-7.499999999999547,-4.999999999999978,-2.4999999999999987,nan,lower,0.1
236,phase1,lower,-10.0,4,-12.823701115816567,-9.99999999999468,-7.499999999999612,-4.9999999999999805,-2.4999999999999987,nan,lower,0.1
237,phase1,lower,-10.0,4,-12.823701115816567,-9.99999999999542,-7.499999999999667,-4.999999999999983,-2.4999999999999987,nan,lower,0.1
238,phase1,lower,-10.0,4,-12.823701115816567,-9.999999999996056,-7.499999999999714,-4.999999999999986,-2.4999999999999987,nan,lower,0.1
239,phase1,upper,-15.0,2,-13.11160732237,-9.999999999996056,-7.499999999999714,-4.999999999999986,-2.4999999999999987,nan,lower,0.1
240,phase1,lower,-10.0,4,-13.11160732237,-9.999999999996605,-7.499999999999755,-4.999999999999988,-2.4999999999999987,nan,lower,0.1
241,phase1,lower,-10.0,4,-13.11160732237,-9.999999999997078,-7.4999999999997895,-4.999999999999989,-2.4999999999999987,nan,lower,0.1
242,phase1,upper,-15.0,2,-13.36210839185153,-9.999999999997078,-7.4999999999997895,-4.999999999999989,-2.4999999999999987,nan,lower,0.1
243,phase1,lower,-10.0,4,-13.36210839185153,-9.999999999997485,-7.49999999999982,-4.999999999999991,-2.4999999999999987,nan,lower,0.1
244,phase1,lower,-10.0,4,-13.36210839185153,-9.999999999997835,-7.4999999999998455,-4.999999999999992,-2.4999999999999987,nan,lower,0.1
245,phase1,lower,-10.0,4,-13.36210839185153,-9.999999999998137,-7.499999999999868,-4.999999999999993,-2.4999999999999987,nan,lower,0.1
246,phase1,lower,-10.0,4,-13.36210839185153,-9.999999999998396,-7.499999999999886,-4.999999999999994,-2.4999999999999987,nan,lower,0.1
247,phase1,lower,-10.0,4,-13.36210839185153,-9.99999999999862,-7.499999999999902,-4.999999999999995,-2.4999999999999987,nan,lower,0.1
248,phase1,lower,-10.0,4,-13.36210839185153,-9.999999999998812,-7.4999999999999165,-4.999999999999996,-2.4999999999999987,nan,lower,0.1
249,phase1,lower,-10.0,4,-13.36210839185153,-9.999999999998977,-7.499999999999928,-4.999999999999996,-2.4999999999999987,nan,lower,0.1
250,phase1,lower,-10.0,4,-13.36210839185153,-9.999999999999119,-7.499999999999938,-4.999999999999996,-2.4999999999999987,nan,lower,0.1
251,phase1,upper,-15.0,2,-13.579947975735276,-9.999999999999119,-7.499999999999938,-4.999999999999996,-2.4999999999999987,nan,lower,0.1
252,phase1,lower,-10.0,4,-13.579947975735276,-9.999999999999241,-7.499999999999947,-4.999999999999996,-2.4999999999999987,nan,lower,0.1
253,phase1,lower,-10.0,4,-13.579947975735276,-9.999999999999348,-7.499999999999954,-4.999999999999996,-2.4999999999999987,nan,lower,0.1
254,phase1,lower,-10.0,4,-13.579947975735276,-9.999999999999439,-7.49999999999996,-4.999999999999996,-2.4999999999999987,nan,lower,0.1
255,phase1,lower,-10.0,4,-13.579947975735276,-9.999999999999517,-7.499999999999965,-4.999999999999996,-2.4999999999999987,nan,lower,0.1
256,phase1,lower,-10.0,4,-13.579947975735276,-9.999999999999584,-7.49999999999997,-4.999999999999996,-2.4999999999999987,nan,lower,0.1
257,phase1,lower,-10.0,4,-13.579947975735276,-9.999999999999643,-7.499999999999973,-4.999999999999996,-2.4999999999999987,nan,lower,0.1
258,phase1,lower,-10.0,4,-13.579947975735276,-9.999999999999693,-7.499999999999977,-4.999999999999996,-2.4999999999999987,nan,lower,0.1
259,phase1,lower,-10.0,4,-13.579947975735276,-9.999999999999735,-7.49999999999998,-4.999999999999996,-2.4999999999999987,nan,lower,0.1
260,phase1,lower,-10.0,4,-13.579947975735276,-9.999999999999773,-7.499999999999982,-4.999999999999996,-2.4999999999999987,nan,lower,0.1
261,phase1,lower,-10.0,4,-13.579947975735276,-9.999999999999805,-7.499999999999984,-4.999999999999996,-2.4999999999999987,nan,lower,0.1
262,phase1,lower,-10.0,4,-13.579947975735276,-9.999999999999831,-7.499999999999986,-4.999999999999996,-2.4999999999999987,nan,lower,0.1
263,phase1,lower,-10.0,4,-13.579947975735276,-9.999999999999854,-7.499999999999988,-4.999999999999996,-2.4999999999999987,nan,lower,0.1
264,phase1,lower,-10.0,4,-13.579947975735276,-9.999999999999874,-7.4999999999999885,-4.999999999999996,-2.4999999999999987,nan,lower,0.1
265,phase1,lower,-10.0,4,-13.579947975735276,-9.999999999999892,-7.499999999999989,-4.999999999999996,-2.4999999999999987,nan,lower,0.1
266,phase1,lower,-10.0,4,-13.579947975735276,-9.999999999999906,-7.49999999999999,-4.999999999999996,-2.4999999999999987,nan,lower,0.1
267,phase1,lower,-10.0,4,-13.579947975735276,-9.999999999999918,-7.499999999999991,-4.999999999999996,-2.4999999999999987,nan,lower,0.1
268,phase1,lower,-10.0,4,-13.579947975735276,-9.999999999999929,-7.499999999999992,-4.999999999999996,-2.4999999999999987,nan,lower,0.1
269,phase1,lower,-10.0,4,-13.579947975735276,-9.999999999999938,-7.499999999999993,-4.999999999999996,-2.4999999999999987,nan,lower,0.1
270,phase1,lower,-10.0,4,-13.579947975735276,-9.999999999999947,-7.499999999999993,-4.999999999999996,-2.4999999999999987,nan,lower,0.1
271,phase1,lower,-10.0,4,-13.579947975735276,-9.999999999999954,-7.499999999999993,-4.999999999999996,-2.4999999999999987,nan,lower,0.1
272,phase1,lower,-10.0,4,-13.579947975735276,-9.99999999999996,-7.499999999999993,-4.999999999999996,-2.4999999999999987,nan,lower,0.1
273,phase1,lower,-10.0,4,-13.579947975735276,-9.999999999999964,-7.499999999999993,-4.999999999999996,-2.4999999999999987,nan,lower,0.1
274,phase1,lower,-10.0,4,-13.579947975735276,-9.999999999999968,-7.499999999999993,-4.999999999999996,-2.4999999999999987,nan,lower,0.1
275,phase1,lower,-10.0,4,-13.579947975735276,-9.999999999999972,-7.499999999999993,-4.999999999999996,-2.4999999999999987,nan,lower,0.1
276,phase1,lower,-10.0,4,-13.579947975735276,-9.999999999999975,-7.499999999999993,-4.999999999999996,-2.4999999999999987,nan,lower,0.1
277,phase1,lower,-10.0,4,-13.579947975735276,-9.999999999999979,-7.499999999999993,-4.999999999999996,-2.4999999999999987,nan,lower,0.1
278,phase1,lower,-10.0,4,-13.579947975735276,-9.99999999999998,-7.499999999999993,-4.999999999999996,-2.4999999999999987,nan,lower,0.1
279,phase1,lower,-10.0,4,-13.579947975735276,-9.999999999999982,-7.499999999999993,-4.999999999999996,-2.4999999999999987,nan,lower,0.1
280,phase1,lower,-10.0,4,-13.579947975735276,-9.999999999999984,-7.499999999999993,-4.999999999999996,-2.4999999999999987,nan,lower,0.1
281,phase1,lower,-10.0,4,-13.579947975735276,-9.999999999999986,-7.499999999999993,-4.999999999999996,-2.4999999999999987,nan,lower,0.1
282,phase1,lower,-10.0,4,-13.579947975735276,-9.999999999999988,-7.499999999999993,-4.999999999999996,-2.4999999999999987,nan,lower,0.1
283,phase1,lower,-10.0,4,-13.579947975735276,-9.999999999999988,-7.499999999999993,-4.999999999999996,-2.4999999999999987,nan,lower,0.1
284,phase1,lower,-10.0,4,-13.579947975735276,-9.999999999999988,-7.499999999999993,-4.999999999999996,-2.4999999999999987,nan,lower,0.1
285,phase1,lower,-10.0,4,-13.579947975735276,-9.999999999999988,-7.499999999999993,-4.999999999999996,-2.4999999999999987,nan,lower,0.1
286,phase1,lower,-10.0,4,-13.579947975735276,-9.999999999999988,-7.499999999999993,-4.999999999999996,-2.4999999999999987,nan,lower,0.1
287,phase1,lower,-10.0,4,-13.579947975735276,-9.999999999999988,-7.499999999999993,-4.999999999999996,-2.4999999999999987,nan,lower,0.1
288,phase1,lower,-10.0,4,-13.579947975735276,-9.999999999999988,-7.499999999999993,-4.999999999999996,-2.4999999999999987,nan,lower,0.1
289,phase1,lower,-10.0,4,-13.579947975735276,-9.999999999999988,-7.499999999999993,-4.999999999999996,-2.4999999999999987,nan,lower,0.1
290,phase1,lower,-10.0,4,-13.579947975735276,-9.999999999999988,-7.499999999999993,-4.999999999999996,-2.4999999999999987,nan,lower,0.1
291,phase1,lower,-10.0,4,-13.579947975735276,-9.999999999999988,-7.499999999999993,-4.999999999999996,-2.4999999999999987,nan,lower,0.1
292,phase1,lower,-10.0,4,-13.579947975735276,-9.999999999999988,-7.499999999999993,-4.999999999999996,-2.4999999999999987,nan,lower,0.1
293,phase1,lower,-10.0,4,-13.579947975735276,-9.999999999999988,-7.499999999999993,-4.999999999999996,-2.4999999999999987,nan,lower,0.1
294,phase1,lower,-10.0,4,-13.579947975735276,-9.999999999999988,-7.499999999999993,-4.999999999999996,-2.4999999999999987,nan,lower,0.1
295,phase1,lower,-10.0,4,-13.579947975735276,-9.999999999999988,-7.499999999999993,-4.999999999999996,-2.4999999999999987,nan,lower,0.1
296,phase1,lower,-10.0,4,-13.579947975735276,-9.999999999999988,-7.499999999999993,-4.999999999999996,-2.4999999999999987,nan,lower,0.1
297,phase1,lower,-10.0,4,-13.579947975735276,-9.999999999999988,-7.499999999999993,-4.999999999999996,-2.4999999999999987,nan,lower,0.1
298,phase1,lower,-10.0,4,-13.579947975735276,-9.999999999999988,-7.499999999999993,-4.999999999999996,-2.4999999999999987,nan,lower,0.1
299,phase1,lower,-10.0,4,-13.579947975735276,-9.999999999999988,-7.499999999999993,-4.999999999999996,-2.4999999999999987,nan,lower,0.1
300,phase1,lower,-10.0,4,-13.579947975735276,-9.999999999999988,-7.499999999999993,-4.999999999999996,-2.4999999999999987,nan,lower,0.1
301,phase1,lower,-10.0,4,-13.579947975735276,-9.999999999999988,-7.499999999999993,-4.999999999999996,-2.4999999999999987,nan,lower,0.1
302,phase1,lower,-10.0,4,-13.579947975735276,-9.999999999999988,-7.499999999999993,-4.999999999999996,-2.4999999999999987,nan,lower,0.1
303,phase1,lower,-10.0,4,-13.579947975735276,-9.999999999999988,-7.499999999999993,-4.999999999999996,-2.4999999999999987,nan,lower,0.1
304,phase1,lower,-10.0,4,-13.579947975735276,-9.999999999999988,-7.499999999999993,-4.999999999999996,-2.4999999999999987,nan,lower,0.1
305,phase1,lower,-10.0,4,-13.579947975735276,-9.999999999999988,-7.499999999999993,-4.999999999999996,-2.4999999999999987,nan,lower,0.1
306,phase1,lower,-10.0,4,-13.579947975735276,-9.999999999999988,-7.499999999999993,-4.999999999999996,-2.4999999999999987,nan,lower,0.1
307,phase1,lower,-10.0,4,-13.579947975735276,-9.999999999999988,-7.499999999999993,-4.999999999999996,-2.4999999999999987,nan,lower,0.1
308,phase1,lower,-10.0,4,-13.579947975735276,-9.999999999999988,-7.499999999999993,-4.999999999999996,-2.4999999999999987,nan,lower,0.1
309,phase1,lower,-10.0,4,-13.579947975735276,-9.999999999999988,-7.499999999999993,-4.999999999999996,-2.4999999999999987,nan,lower,0.1
310,phase1,lower,-10.0,4,-13.579947975735276,-9.999999999999988,-7.499999999999993,-4.999999999999996,-2.4999999999999987,nan,lower,0.1
311,phase1,lower,-10.0,4,-13.579947975735276,-9.999999999999988,-7.499999999999993,-4.999999999999996,-2.4999999999999987,nan,lower,0.1
312,phase1,lower,-10.0,4,-13.579947975735276,-9.999999999999988,-7.499999999999993,-4.999999999999996,-2.4999999999999987,nan,lower,0.1
313,phase1,lower,-10.0,4,-13.579947975735276,-9.999999999999988,-7.499999999999993,-4.999999999999996,-2.4999999999999987,nan,lower,0.1
314,phase1,lower,-10.0,4,-13.579947975735276,-9.999999999999988,-7.499999999999993,-4.999999999999996,-2.4999999999999987,nan,lower,0.1
315,phase1,lower,-10.0,4,-13.579947975735276,-9.999999999999988,-7.499999999999993,-4.999999999999996,-2.4999999999999987,nan,lower,0.1
316,phase1,lower,-10.0,4,-13.579947975735276,-9.999999999999988,-7.499999999999993,-4.999999999999996,-2.4999999999999987,nan,lower,0.1
317,phase1,lower,-10.0,4,-13.579947975735276,-9.999999999999988,-7.499999999999993,-4.999999999999996,-2.4999999999999987,nan,lower,0.1
318,phase1,lower,-10.0,4,-13.579947975735276,-9.999999999999988,-7.499999999999993,-4.999999999999996,-2.4999999999999987,nan,lower,0.1
319,phase1,lower,-10.0,4,-13.579947975735276,-9.999999999999988,-7.499999999999993,-4.999999999999996,-2.4999999999999987,nan,lower,0.1
320,phase1,lower,-10.0,4,-13.579947975735276,-9.999999999999988,-7.499999999999993,-4.999999999999996,-2.4999999999999987,nan,lower,0.1
321,phase1,lower,-10.0,4,-13.579947975735276,-9.999999999999988,-7.499999999999993,-4.999999999999996,-2.4999999999999987,nan,lower,0.1
322,phase1,lower,-10.0,4,-13.579947975735276,-9.999999999999988,-7.499999999999993,-4.999999999999996,-2.4999999999999987,nan,lower,0.1
323,phase1,lower,-10.0,4,-13.579947975735276,-9.999999999999988,-7.499999999999993,-4.999999999999996,-2.4999999999999987,nan,lower,0.1
324,phase1,lower,-10.0,4,-13.579947975735276,-9.999999999999988,-7.499999999999993,-4.999999999999996,-2.4999999999999987,nan,lower,0.1
325,phase1,lower,-10.0,4,-13.579947975735276,-9.999999999999988,-7.499999999999993,-4.999999999999996,-2.4999999999999987,nan,lower,0.1
326,phase1,upper,-15.0,2,-13.76928824563724,-9.999999999999988,-7.499999999999993,-4.999999999999996,-2.4999999999999987,nan,lower,0.1
327,phase1,lower,-10.0,4,-13.76928824563724,-9.999999999999988,-7.499999999999993,-4.999999999999996,-2.4999999999999987,nan,lower,0.1
328,phase1,lower,-10.0,4,-13.76928824563724,-9.999999999999988,-7.499999999999993,-4.999999999999996,-2.4999999999999987,nan,lower,0.1
329,phase1,lower,-10.0,4,-13.76928824563724,-9.999999999999988,-7.499999999999993,-4.999999999999996,-2.4999999999999987,nan,lower,0.1
330,phase1,lower,-10.0,4,-13.76928824563724,-9.999999999999988,-7.499999999999993,-4.999999999999996,-2.4999999999999987,nan,lower,0.1
331,phase1,lower,-10.0,4,-13.76928824563724,-9.999999999999988,-7.499999999999993,-4.999999999999996,-2.4999999999999987,nan,lower,0.1
332,phase1,lower,-10.0,4,-13.76928824563724,-9.999999999999988,-7.499999999999993,-4.999999999999996,-2.4999999999999987,nan,lower,0.1
333,phase1,lower,-10.0,4,-13.76928824563724,-9.999999999999988,-7.499999999999993,-4.999999999999996,-2.4999999999999987,nan,lower,0.1
334,phase1,lower,-10.0,4,-13.76928824563724,-9.999999999999988,-7.499999999999993,-4.999999999999996,-2.4999999999999987,nan,lower,0.1
335,phase1,lower,-10.0,4,-13.76928824563724,-9.999999999999988,-7.499999999999993,-4.999999999999996,-2.4999999999999987,nan,lower,0.1
336,phase1,lower,-10.0,4,-13.76928824563724,-9.999999999999988,-7.499999999999993,-4.999999999999996,-2.4999999999999987,nan,lower,0.1
337,phase1,lower,-10.0,4,-13.76928824563724,-9.999999999999988,-7.499999999999993,-4.999999999999996,-2.4999999999999987,nan,lower,0.1
338,phase1,lower,-10.0,4,-13.76928824563724,-9.999999999999988,-7.499999999999993,-4.999999999999996,-2.4999999999999987,nan,lower,0.1
339,phase1,lower,-10.0,4,-13.76928824563724,-9.999999999999988,-7.499999999999993,-4.999999999999996,-2.4999999999999987,nan,lower,0.1
340,phase1,lower,-10.0,4,-13.76928824563724,-9.999999999999988,-7.499999999999993,-4.999999999999996,-2.4999999999999987,nan,lower,0.1
341,phase1,lower,-10.0,4,-13.76928824563724,-9.999999999999988,-7.499999999999993,-4.999999999999996,-2.4999999999999987,nan,lower,0.1
342,phase1,lower,-10.0,4,-13.76928824563724,-9.999999999999988,-7.499999999999993,-4.999999999999996,-2.4999999999999987,nan,lower,0.1
343,phase1,lower,-10.0,4,-13.76928824563724,-9.999999999999988,-7.499999999999993,-4.999999999999996,-2.4999999999999987,nan,lower,0.1
344,phase1,lower,-10.0,4,-13.76928824563724,-9.999999999999988,-7.499999999999993,-4.999999999999996,-2.4999999999999987,nan,lower,0.1
345,phase1,lower,-10.0,4,-13.76928824563724,-9.999999999999988,-7.499999999999993,-4.999999999999996,-2.4999999999999987,nan,lower,0.1
346,phase1,lower,-10.0,4,-13.76928824563724,-9.999999999999988,-7.499999999999993,-4.999999999999996,-2.4999999999999987,nan,lower,0.1
347,phase1,lower,-10.0,4,-13.76928824563724,-9.999999999999988,-7.499999999999993,-4.999999999999996,-2.4999999999999987,nan,lower,0.1
348,phase1,lower,-10.0,4,-13.76928824563724,-9.999999999999988,-7.499999999999993,-4.999999999999996,-2.4999999999999987,nan,lower,0.1
349,phase1,lower,-10.0,4,-13.76928824563724,-9.999999999999988,-7.499999999999993,-4.999999999999996,-2.4999999999999987,nan,lower,0.1
350,phase1,lower,-10.0,4,-13.76928824563724,-9.999999999999988,-7.499999999999993,-4.999999999999996,-2.4999999999999987,nan,lower,0.1
351,phase1,lower,-10.0,4,-13.76928824563724,-9.999999999999988,-7.499999999999993,-4.999999999999996,-2.4999999999999987,nan,lower,0.1
352,phase1,lower,-10.0,4,-13.76928824563724,-9.999999999999988,-7.499999999999993,-4.999999999999996,-2.4999999999999987,nan,lower,0.1
353,phase1,lower,-10.0,4,-13.76928824563724,-9.999999999999988,-7.499999999999993,-4.999999999999996,-2.4999999999999987,nan,lower,0.1
354,phase1,lower,-10.0,4,-13.76928824563724,-9.999999999999988,-7.499999999999993,-4.999999999999996,-2.4999999999999987,nan,lower,0.1
355,phase1,lower,-10.0,4,-13.76928824563724,-9.999999999999988,-7.499999999999993,-4.999999999999996,-2.4999999999999987,nan,lower,0.1
356,phase1,lower,-10.0,4,-13.76928824563724,-9.999999999999988,-7.499999999999993,-4.999999999999996,-2.4999999999999987,nan,lower,0.1
357,phase1,lower,-10.0,4,-13.76928824563724,-9.999999999999988,-7.499999999999993,-4.999999999999996,-2.4999999999999987,nan,lower,0.1
358,phase1,lower,-10.0,4,-13.76928824563724,-9.999999999999988,-7.499999999999993,-4.999999999999996,-2.4999999999999987,nan,lower,0.1
359,phase1,lower,-10.0,4,-13.76928824563724,-9.999999999999988,-7.499999999999993,-4.999999999999996,-2.4999999999999987,nan,lower,0.1
360,phase1,lower,-10.0,4,-13.76928824563724,-9.999999999999988,-7.499999999999993,-4.999999999999996,-2.4999999999999987,nan,lower,0.1
361,phase1,lower,-10.0,4,-13.76928824563724,-9.999999999999988,-7.499999999999993,-4.999999999999996,-2.4999999999999987,nan,lower,0.1
362,phase1,lower,-10.0,4,-13.76928824563724,-9.999999999999988,-7.499999999999993,-4.999999999999996,-2.4999999999999987,nan,lower,0.1
363,phase1,lower,-10.0,4,-13.76928824563724,-9.999999999999988,-7.499999999999993,-4.999999999999996,-2.4999999999999987,nan,lower,0.1
364,phase1,lower,-10.0,4,-13.76928824563724,-9.999999999999988,-7.499999999999993,-4.999999999999996,-2.4999999999999987,nan,lower,0.1
365,phase1,lower,-10.0,4,-13.76928824563724,-9.999999999999988,-7.499999999999993,-4.999999999999996,-2.4999999999999987,nan,lower,0.1
366,phase1,lower,-10.0,4,-13.76928824563724,-9.999999999999988,-7.499999999999993,-4.999999999999996,-2.4999999999999987,nan,lower,0.1
367,phase1,lower,-10.0,4,-13.76928824563724,-9.999999999999988,-7.499999999999993,-4.999999999999996,-2.4999999999999987,nan,lower,0.1
368,phase1,lower,-10.0,4,-13.76928824563724,-9.999999999999988,-7.499999999999993,-4.999999999999996,-2.4999999999999987,nan,lower,0.1
369,phase1,lower,-10.0,4,-13.76928824563724,-9.999999999999988,-7.499999999999993,-4.999999999999996,-2.4999999999999987,nan,lower,0.1
370,phase1,lower,-10.0,4,-13.76928824563724,-9.999999999999988,-7.499999999999993,-4.999999999999996,-2.4999999999999987,nan,lower,0.1
371,phase1,lower,-10.0,4,-13.76928824563724,-9.999999999999988,-7.499999999999993,-4.999999999999996,-2.4999999999999987,nan,lower,0.1
372,phase1,lower,-10.0,4,-13.76928824563724,-9.999999999999988,-7.499999999999993,-4.999999999999996,-2.4999999999999987,nan,lower,0.1
373,phase1,lower,-10.0,4,-13.76928824563724,-9.999999999999988,-7.499999999999993,-4.999999999999996,-2.4999999999999987,nan,lower,0.1
374,phase1,lower,-10.0,4,-13.76928824563724,-9.999999999999988,-7.499999999999993,-4.999999999999996,-2.4999999999999987,nan,lower,0.1
375,phase1,lower,-10.0,4,-13.76928824563724,-9.999999999999988,-7.499999999999993,-4.999999999999996,-2.4999999999999987,nan,lower,0.1
376,phase1,lower,-10.0,4,-13.76928824563724,-9.999999999999988,-7.499999999999993,-4.999999999999996,-2.4999999999999987,nan,lower,0.1
377,phase1,lower,-10.0,4,-13.76928824563724,-9.999999999999988,-7.499999999999993,-4.999999999999996,-2.4999999999999987,nan,lower,0.1
378,phase1,lower,-10.0,4,-13.76928824563724,-9.999999999999988,-7.499999999999993,-4.999999999999996,-2.4999999999999987,nan,lower,0.1
379,phase1,lower,-10.0,4,-13.76928824563724,-9.999999999999988,-7.499999999999993,-4.999999999999996,-2.4999999999999987,nan,lower,0.1
380,phase1,lower,-10.0,4,-13.76928824563724,-9.999999999999988,-7.499999999999993,-4.999999999999996,-2.4999999999999987,nan,lower,0.1
381,phase1,lower,-10.0,4,-13.76928824563724,-9.999999999999988,-7.499999999999993,-4.999999999999996,-2.4999999999999987,nan,lower,0.1
382,phase1,lower,-10.0,4,-13.76928824563724,-9.999999999999988,-7.499999999999993,-4.999999999999996,-2.4999999999999987,nan,lower,0.1
383,phase1,lower,-10.0,4,-13.76928824563724,-9.999999999999988,-7.499999999999993,-4.999999999999996,-2.4999999999999987,nan,lower,0.1
384,phase1,lower,-10.0,4,-13.76928824563724,-9.999999999999988,-7.499999999999993,-4.999999999999996,-2.4999999999999987,nan,lower,0.1
385,phase1,lower,-10.0,4,-13.76928824563724,-9.999999999999988,-7.499999999999993,-4.999999999999996,-2.4999999999999987,nan,lower,0.1
386,phase1,lower,-10.0,4,-13.76928824563724,-9.999999999999988,-7.499999999999993,-4.999999999999996,-2.4999999999999987,nan,lower,0.1
387,phase1,lower,-10.0,4,-13.76928824563724,-9.999999999999988,-7.499999999999993,-4.999999999999996,-2.4999999999999987,nan,lower,0.1
388,phase1,lower,-10.0,4,-13.76928824563724,-9.999999999999988,-7.499999999999993,-4.999999999999996,-2.4999999999999987,nan,lower,0.1
389,phase1,lower,-10.0,4,-13.76928824563724,-9.999999999999988,-7.499999999999993,-4.999999999999996,-2.4999999999999987,nan,lower,0.1
390,phase1,lower,-10.0,4,-13.76928824563724,-9.999999999999988,-7.499999999999993,-4.999999999999996,-2.4999999999999987,nan,lower,0.1
391,phase1,lower,-10.0,4,-13.76928824563724,-9.999999999999988,-7.499999999999993,-4.999999999999996,-2.4999999999999987,nan,lower,0.1
392,phase1,lower,-10.0,4,-13.76928824563724,-9.999999999999988,-7.499999999999993,-4.999999999999996,-2.4999999999999987,nan,lower,0.1
393,phase1,lower,-10.0,4,-13.76928824563724,-9.999999999999988,-7.499999999999993,-4.999999999999996,-2.4999999999999987,nan,lower,0.1
394,phase1,lower,-10.0,4,-13.76928824563724,-9.999999999999988,-7.499999999999993,-4.999999999999996,-2.4999999999999987,nan,lower,0.1
395,phase1,lower,-10.0,4,-13.76928824563724,-9.999999999999988,-7.499999999999993,-4.999999999999996,-2.4999999999999987,nan,lower,0.1
396,phase1,upper,-15.0,2,-13.933777605114571,-9.999999999999988,-7.499999999999993,-4.999999999999996,-2.4999999999999987,nan,lower,0.1
397,phase1,lower,-10.0,4,-13.933777605114571,-9.999999999999988,-7.499999999999993,-4.999999999999996,-2.4999999999999987,nan,lower,0.1
398,phase1,lower,-10.0,4,-13.933777605114571,-9.999999999999988,-7.499999999999993,-4.999999999999996,-2.4999999999999987,nan,lower,0.1
399,phase1,lower,-10.0,4,-13.933777605114571,-9.999999999999988,-7.499999999999993,-4.999999999999996,-2.4999999999999987,nan,lower,0.1
400,phase2,lower,-20.0,4,-13.933777605114571,-9.999999999999988,-8.499999999999993,-5.269999999999996,-2.6889999999999987,-0.14700000000000019,lower,0.1
401,phase2,lower,-20.0,4,-13.933777605114571,-10.232299999999988,-9.546609999999992,-5.5959169999999965,-2.901724899999999,-0.1744827000000002,lower,0.1
402,phase2,lower,-20.0,4,-13.933777605114571,-10.570765429999987,-10.560451170999993,-5.918566408699997,-3.0957572563899998,-0.17010757797000026,lower,0.1
403,phase2,lower,-20.0,4,-13.933777605114571,-10.972830824272988,-11.520651983898095,-6.220527107276568,-3.261434813303929,-0.15732427984946723,lower,0.1
404,phase2,lower,-20.0,4,-13.933777605114571,-11.419204792100018,-12.422044963850983,-6.495998333541053,-3.397862158999499,-0.14248982106551966,lower,0.1
405,phase2,lower,-20.0,4,-13.933777605114571,-11.897729648234083,-13.263785572728542,-6.742723147404517,-3.5065031683092602,-0.12739642150423514,lower,0.1
406,phase2,lower,-20.0,4,-13.933777605114571,-12.39899202003734,-14.046322585705157,-6.959782742867556,-3.5894520274035573,-0.11260426400367347,lower,0.1
407,phase2,lower,-20.0,4,-13.933777605114571,-12.915068914207428,-14.770587213016743,-7.146956123681282,-3.648952411997762,-0.09832967377144039,lower,0.1
408,phase2,lower,-20.0,4,-13.933777605114571,-13.439117450482657,-15.437770792627056,-7.304500395081574,-3.6872523203805816,-0.0846832106487526,lower,0.1
409,phase2,lower,-20.0,4,-13.933777605114571,-13.965197674280974,-16.04925781581912,-7.433047130940375,-3.7065514706558274,-0.0717347277433745,upper,0.1
410,phase2,upper,-15.0,2,-14.093561237488471,-13.965197674280974,-16.04925781581912,-7.433047130940375,-3.7065514706558274,-0.0585666744743788,lower,0.1
411,phase2,lower,-20.0,4,-14.093561237488471,-14.476313695461728,-16.598303376071637,-7.527726516538466,-3.7049112069011443,-0.056370587344357945,upper,0.1
412,phase2,upper,-15.0,2,-14.231769058511997,-14.476313695461728,-16.598303376071637,-7.527726516538466,-3.7049112069011443,-0.0469420643568569,upper,0.1
413,phase2,upper,-15.0,2,-14.353900538026037,-14.476313695461728,-16.598303376071637,-7.527726516538466,-3.7049112069011443,-0.03885901383614183,upper,0.1
414,phase2,upper,-15.0,2,-14.461352279213113,-14.476313695461728,-16.598303376071637,-7.527726516538466,-3.7049112069011443,-0.03190082405281916,upper,0.1
415,phase2,upper,-15.0,2,-14.555414648070283,-14.476313695461728,-16.598303376071637,-7.527726516538466,-3.7049112069011443,-0.02590918896062097,lower,0.1
416,phase2,upper,-15.0,2,-14.637303868795652,-14.476313695461728,-16.598303376071637,-7.527726516538466,-3.7049112069011443,-0.020761677589122875,lower,0.1
417,phase2,lower,-20.0,4,-14.637303868795652,-14.95719817335293,-17.079119268375937,-7.584550915147668,-3.681078223551877,-0.03903121505806864,upper,0.1
418,phase2,upper,-15.0,2,-14.724616443961763,-14.95719817335293,-17.079119268375937,-7.584550915147668,-3.681078223551877,-0.025309575969337552,upper,0.1
419,phase2,upper,-15.0,2,-14.793124747134298,-14.95719817335293,-17.079119268375937,-7.584550915147668,-3.681078223551877,-0.016547527274110817,upper,0.1
420,phase2,upper,-15.0,2,-14.847906448019916,-14.95719817335293,-17.079119268375937,-7.584550915147668,-3.681078223551877,-0.01072454257978276,upper,0.1
421,phase2,upper,-15.0,2,-14.892168647716261,-14.95719817335293,-17.079119268375937,-7.584550915147668,-3.681078223551877,-0.006702922399787396,upper,0.1
422,phase2,upper,-15.0,2,-14.92805521285296,-14.95719817335293,-17.079119268375937,-7.584550915147668,-3.681078223551877,-0.0038325183964876934,upper,0.1
423,phase2,upper,-15.0,2,-14.957091018253733,-14.95719817335293,-17.079119268375937,-7.584550915147668,-3.681078223551877,-0.0017334891327361775,upper,0.1
424,phase2,upper,-15.0,2,-14.980427195971894,-14.95719817335293,-17.079119268375937,-7.584550915147668,-3.681078223551877,-0.00017683575254594935,lower,0.1
425,phase2,lower,-20.0,4,-14.980427195971894,-15.419549435032522,-17.504565709142835,-7.6127825937137334,-3.643081901931554,-0.026876598309449523,upper,0.1
426,phase2,upper,-15.0,2,-15.0230072030727,-15.419549435032522,-17.504565709142835,-7.6127825937137334,-3.643081901931554,-0.012101521116466304,upper,0.1
427,phase2,upper,-15.0,2,-15.04857804571409,-15.419549435032522,-17.504565709142835,-7.6127825937137334,-3.643081901931554,-0.003918376627596226,upper,0.1
428,phase2,upper,-15.0,2,-15.063687696275498,-15.419549435032522,-17.504565709142835,-7.6127825937137334,-3.643081901931554,0.0005798168675919414,upper,0.1
429,phase2,upper,-15.0,2,-15.072153517758943,-15.419549435032522,-17.504565709142835,-7.6127825937137334,-3.643081901931554,0.0030036302531700394,upper,0.1
430,phase2,upper,-15.0,2,-15.076261820685119,-15.419549435032522,-17.504565709142835,-7.6127825937137334,-3.643081901931554,0.004249425670684178,upper,0.1
431,phase2,upper,-15.0,2,-15.077430068938131,-15.419549435032522,-17.504565709142835,-7.6127825937137334,-3.643081901931554,0.004819419021285286,upper,0.1
432,phase2,upper,-15.0,2,-15.076573696937164,-15.419549435032522,-17.504565709142835,-7.6127825937137334,-3.643081901931554,0.004997716849210675,upper,0.1
433,phase2,lower,-20.0,4,-15.076573696937164,-15.873553117279265,-17.8860342753859,-7.620687194869112,-3.597504062293798,-0.019164482262919426,upper,0.1
434,phase2,upper,-15.0,2,-15.096056428530726,-15.873553117279265,-17.8860342753859,-7.620687194869112,-3.597504062293798,-0.006892262620591453,upper,0.1
435,phase2,upper,-15.0,2,-15.102824381778372,-15.873553117279265,-17.8860342753859,-7.620687194869112,-3.597504062293798,-0.00044467330814770226,upper,0.1
436,phase2,upper,-15.0,2,-15.10254511864694,-15.873553117279265,-17.8860342753859,-7.620687194869112,-3.597504062293798,0.0028056893125699292,upper,0.1
437,phase2,upper,-15.0,2,-15.098417827315576,-15.873553117279265,-17.8860342753859,-7.620687194869112,-3.597504062293798,0.004306945937062728,upper,0.1
438,phase2,upper,-15.0,2,-15.092266883021495,-15.873553117279265,-17.8860342753859,-7.620687194869112,-3.597504062293798,0.004858215963062884,upper,0.1
439,phase2,upper,-15.0,2,-15.085145426851636,-15.873553117279265,-17.8860342753859,-7.620687194869112,-3.597504062293798,0.004901116750266352,upper,0.1
440,phase2,upper,-15.0,2,-15.077669450666017,-15.873553117279265,-17.8860342753859,-7.620687194869112,-3.597504062293798,0.004680062613245489,upper,0.1
441,phase2,upper,-15.0,2,-15.070203539089553,-15.873553117279265,-17.8860342753859,-7.620687194869112,-3.597504062293798,0.004330467230261965,upper,0.1
442,phase2,upper,-15.0,2,-15.062964847495516,-15.873553117279265,-17.8860342753859,-7.620687194869112,-3.597504062293798,0.00392732071770303,upper,0.1
443,phase2,upper,-15.0,2,-15.056081914885123,-15.873553117279265,-17.8860342753859,-7.620687194869112,-3.597504062293798,0.003511981619738464,upper,0.1
444,phase2,upper,-15.0,2,-15.049628440153173,-15.873553117279265,-17.8860342753859,-7.620687194869112,-3.597504062293798,0.0031069862255487563,upper,0.1
445,phase2,upper,-15.0,2,-15.043643101221308,-15.873553117279265,-17.8860342753859,-7.620687194869112,-3.597504062293798,0.0027242618355157013,upper,0.1
446,phase2,upper,-15.0,2,-15.038141524346926,-15.873553117279265,-17.8860342753859,-7.620687194869112,-3.597504062293798,0.0023697046260243116,upper,0.1
447,phase2,upper,-15.0,2,-15.03312377824991,-15.873553117279265,-17.8860342753859,-7.620687194869112,-3.597504062293798,0.0020457499231362267,upper,0.1
448,phase2,upper,-15.0,2,-15.02857926523144,-15.873553117279265,-17.8860342753859,-7.620687194869112,-3.597504062293798,0.0017528303819456565,upper,0.1
449,phase2,lower,-20.0,4,-15.02857926523144,-16.32322368574618,-18.230232275462477,-7.613217406127405,-3.5480216786459615,-0.013950006805719811,upper,0.1
450,phase2,upper,-15.0,2,-15.038622608223527,-16.32322368574618,-18.230232275462477,-7.613217406127405,-3.5480216786459615,-0.006204175059834912,upper,0.1
451,phase2,upper,-15.0,2,-15.04146677753027,-16.32322368574618,-18.230232275462477,-7.613217406127405,-3.5480216786459615,-0.0021279304748531604,upper,0.1
452,phase2,upper,-15.0,2,-15.040562536668427,-16.32322368574618,-18.230232275462477,-7.613217406127405,-3.5480216786459615,-5.242665279891069e-05,upper,0.1
453,phase2,upper,-15.0,2,-15.037805972912645,-16.32322368574618,-18.230232275462477,-7.613217406127405,-3.5480216786459615,0.0009388497432842609,upper,0.1
454,phase2,upper,-15.0,2,-15.03423526787367,-16.32322368574618,-18.230232275462477,-7.613217406127405,-3.5480216786459615,0.001348898937286898,upper,0.1
455,phase2,upper,-15.0,2,-15.030414360840748,-16.32322368574618,-18.230232275462477,-7.613217406127405,-3.5480216786459615,0.0014533976964379472,upper,0.1
456,phase2,upper,-15.0,2,-15.02664446586932,-16.32322368574618,-18.230232275462477,-7.613217406127405,-3.5480216786459615,0.0014030303624599687,upper,0.1
457,phase2,upper,-15.0,2,-15.02308089743659,-16.32322368574618,-18.230232275462477,-7.613217406127405,-3.5480216786459615,0.0012797431540985278,upper,0.1
458,phase2,upper,-15.0,2,-15.019797770163905,-16.32322368574618,-18.230232275462477,-7.613217406127405,-3.5480216786459615,0.0011276788095463753,upper,0.1
459,phase2,upper,-15.0,2,-15.016823969901195,-16.32322368574618,-18.230232275462477,-7.613217406127405,-3.5480216786459615,0.000970195681524136,upper,0.1
460,phase2,upper,-15.0,2,-15.014163261934725,-16.32322368574618,-18.230232275462477,-7.613217406127405,-3.5480216786459615,0.0008192371142038439,upper,0.1
461,phase2,upper,-15.0,2,-15.011805615273818,-16.32322368574618,-18.230232275462477,-7.613217406127405,-3.5480216786459615,0.0006804940507705692,upper,0.1
462,phase2,upper,-15.0,2,-15.009733641806394,-16.32322368574618,-18.230232275462477,-7.613217406127405,-3.5480216786459615,0.0005562529491363244,upper,0.1
463,phase2,upper,-15.0,2,-15.007926301003232,-16.32322368574618,-18.230232275462477,-7.613217406127405,-3.5480216786459615,0.0004469690158640577,upper,0.1
464,phase2,upper,-15.0,2,-15.006361059526345,-16.32322368574618,-18.230232275462477,-7.613217406127405,-3.5480216786459615,0.0003521366052354367,upper,0.1
465,phase2,upper,-15.0,2,-15.00501516607215,-16.32322368574618,-18.230232275462477,-7.613217406127405,-3.5480216786459615,0.0002707713765022927,upper,0.1
466,phase2,upper,-15.0,2,-15.003866410315034,-16.32322368574618,-18.230232275462477,-7.613217406127405,-3.5480216786459615,0.00020167742000686798,upper,0.1
467,phase2,upper,-15.0,2,-15.002893573927867,-16.32322368574618,-18.230232275462477,-7.613217406127405,-3.5480216786459615,0.00014359484142994618,upper,0.1
468,phase2,upper,-15.0,2,-15.002076692569295,-16.32322368574618,-18.230232275462477,-7.613217406127405,-3.5480216786459615,9.528055002097112e-05,upper,0.1
469,phase2,upper,-15.0,2,-15.001397198152652,-16.32322368574618,-18.230232275462477,-7.613217406127405,-3.5480216786459615,5.5551473643004656e-05,upper,0.1
470,phase2,upper,-15.0,2,-15.000837982906349,-16.32322368574618,-18.230232275462477,-7.613217406127405,-3.5480216786459615,2.330646386240027e-05,upper,0.1
471,phase2,lower,-20.0,4,-15.000837982906349,-16.763903568900332,-18.537505337379077,-7.590820616102288,-3.494845174045486,-0.008712643290492601,upper,0.1
472,phase2,upper,-15.0,2,-15.008245765729193,-16.763903568900332,-18.537505337379077,-7.590820616102288,-3.494845174045486,-0.004283079377624776,upper,0.1
473,phase2,upper,-15.0,2,-15.011498331964527,-16.763903568900332,-18.537505337379077,-7.590820616102288,-3.494845174045486,-0.0019055343915678658,upper,0.1
474,phase2,upper,-15.0,2,-15.012517188412305,-16.763903568900332,-18.537505337379077,-7.590820616102288,-3.494845174045486,-0.0006514130983493775,upper,0.1
475,phase2,upper,-15.0,2,-15.01236133248727,-16.763903568900332,-18.537505337379077,-7.590820616102288,-3.494845174045486,-1.04682600413916e-05,upper,0.1
476,phase2,upper,-15.0,2,-15.011614254264423,-16.763903568900332,-18.537505337379077,-7.590820616102288,-3.494845174045486,0.00029762555807835207,upper,0.1
477,phase2,upper,-15.0,2,-15.010596870078016,-16.763903568900332,-18.537505337379077,-7.590820616102288,-3.494845174045486,0.00042680724481885277,upper,0.1
478,phase2,upper,-15.0,2,-15.009484782885822,-16.763903568900332,-18.537505337379077,-7.590820616102288,-3.494845174045486,0.00046152519183465093,upper,0.1
479,phase2,upper,-15.0,2,-15.008372941832377,-16.763903568900332,-18.537505337379077,-7.590820616102288,-3.494845174045486,0.00044800867630207745,upper,0.1
480,phase2,upper,-15.0,2,-15.007311368024109,-16.763903568900332,-18.537505337379077,-7.590820616102288,-3.494845174045486,0.00041145956639564504,upper,0.1
481,phase2,upper,-15.0,2,-15.006324952548622,-16.763903568900332,-18.537505337379077,-7.590820616102288,-3.494845174045486,0.00036550706034143497,upper,0.1
482,phase2,upper,-15.0,2,-15.005424475679408,-16.763903568900332,-18.537505337379077,-7.590820616102288,-3.494845174045486,0.00031741018968435954,upper,0.1
483,phase2,upper,-15.0,2,-15.004612778208008,-16.763903568900332,-18.537505337379077,-7.590820616102288,-3.494845174045486,0.00027092271626591094,upper,0.1
484,phase2,lower,-20.0,4,-15.004612778208008,-17.191019915303567,-18.808053431689075,-7.5538141809285095,-3.438083096027735,-0.0033832087461445892,upper,0.1
485,phase2,upper,-15.0,2,-15.0071769659932,-17.191019915303567,-18.808053431689075,-7.5538141809285095,-3.438083096027735,-0.0015626519471411647,upper,0.1
486,phase2,upper,-15.0,2,-15.008048339355998,-17.191019915303567,-18.808053431689075,-7.5538141809285095,-3.438083096027735,-0.0005985416793697864,upper,0.1
487,phase2,upper,-15.0,2,-15.008030609531703,-17.191019915303567,-18.808053431689075,-7.5538141809285095,-3.438083096027735,-0.00010191280242673385,upper,0.1
488,phase2,upper,-15.0,2,-15.007565529898336,-17.191019915303567,-18.808053431689075,-7.5538141809285095,-3.438083096027735,0.00014086890876251003,upper,0.1
489,phase2,upper,-15.0,2,-15.006895215583828,-17.191019915303567,-18.808053431689075,-7.5538141809285095,-3.438083096027735,0.00024707375554771694,upper,0.1
490,phase2,upper,-15.0,2,-15.006151496156082,-17.191019915303567,-18.808053431689075,-7.5538141809285095,-3.438083096027735,0.0002810008334354275,upper,0.1
491,phase2,upper,-15.0,2,-15.005405155271061,-17.191019915303567,-18.808053431689075,-7.5538141809285095,-3.438083096027735,0.00027782568092210385,upper,0.1
492,phase2,upper,-15.0,2,-15.004693109227587,-17.191019915303567,-18.808053431689075,-7.5538141809285095,-3.438083096027735,0.00025670897802553564,upper,0.1
493,phase2,upper,-15.0,2,-15.004033444464394,-17.191019915303567,-18.808053431689075,-7.5538141809285095,-3.438083096027735,0.000228004274592825,upper,0.1
494,phase2,upper,-15.0,2,-15.003433766400574,-17.191019915303567,-18.808053431689075,-7.5538141809285095,-3.438083096027735,0.0001972227489806136,upper,0.1
495,phase2,lower,-20.0,4,-15.003433766400574,-17.602545766468033,-19.04366516122357,-7.503601570895283,-3.378602396052436,0.0014432409483520134,upper,0.1
496,phase2,upper,-15.0,2,-15.001774441040629,-17.602545766468033,-19.04366516122357,-7.503601570895283,-3.378602396052436,0.0007777642911311604,upper,0.1
497,phase2,upper,-15.0,2,-15.000781025185393,-17.602545766468033,-19.04366516122357,-7.503601570895283,-3.378602396052436,0.0004079292144836457,upper,0.1
498,phase2,upper,-15.0,2,-15.000174479167423,-17.602545766468033,-19.04366516122357,-7.503601570895283,-3.378602396052436,0.0002017691954145646,upper,0.1
499,phase2,upper,-15.0,2,-14.999798098885966,-17.602545766468033,-19.04366516122357,-7.503601570895283,-3.378602396052436,8.657036027319266e-05,upper,0.1
500,phase2,upper,-15.0,2,-14.999562798857704,-17.602545766468033,-19.04366516122357,-7.503601570895283,-3.378602396052436,2.219763975135239e-05,upper,0.1
501,phase2,upper,-15.0,2,-14.999417018588574,-17.602545766468033,-19.04366516122357,-7.503601570895283,-3.378602396052436,-1.3561406192564069e-05,upper,0.1
502,phase2,upper,-15.0,2,-14.99933015662254,-17.602545766468033,-19.04366516122357,-7.503601570895283,-3.378602396052436,-3.3050582221837044e-05,upper,0.1
503,phase2,upper,-15.0,2,-14.999283437202147,-17.602545766468033,-19.04366516122357,-7.503601570895283,-3.378602396052436,-4.317193160783876e-05,upper,0.1
504,phase2,upper,-15.0,2,-14.999264861499636,-17.602545766468033,-19.04366516122357,-7.503601570895283,-3.378602396052436,-4.7819870109640016e-05,upper,0.1
505,phase2,upper,-15.0,2,-14.999266404393888,-17.602545766468033,-19.04366516122357,-7.503601570895283,-3.378602396052436,-4.9220440360890324e-05,upper,0.1
506,phase2,upper,-15.0,2,-14.999282446682948,-17.602545766468033,-19.04366516122357,-7.503601570895283,-3.378602396052436,-4.866893361414871e-05,upper,0.1
507,phase2,upper,-15.0,2,-14.999308887926663,-17.602545766468033,-19.04366516122357,-7.503601570895283,-3.378602396052436,-4.6936848670904696e-05,upper,0.1
508,phase2,upper,-15.0,2,-14.999342635183694,-17.602545766468033,-19.04366516122357,-7.503601570895283,-3.378602396052436,-4.4497049658497005e-05,upper,0.1
509,phase2,upper,-15.0,2,-14.999381300239303,-17.602545766468033,-19.04366516122357,-7.503601570895283,-3.378602396052436,-4.164890483928204e-05,upper,0.1
510,phase2,upper,-15.0,2,-14.999423013328409,-17.602545766468033,-19.04366516122357,-7.503601570895283,-3.378602396052436,-3.858833946455856e-05,upper,0.1
511,phase2,upper,-15.0,2,-14.999466302755923,-17.602545766468033,-19.04366516122357,-7.503601570895283,-3.378602396052436,-3.544749350579529e-05,upper,0.1
512,phase2,upper,-15.0,2,-14.999510012537119,-17.602545766468033,-19.04366516122357,-7.503601570895283,-3.378602396052436,-3.231755580649136e-05,upper,0.1
513,phase2,upper,-15.0,2,-14.999553242647092,-17.602545766468033,-19.04366516122357,-7.503601570895283,-3.378602396052436,-2.9262238354248338e-05,upper,0.1
514,phase2,upper,-15.0,2,-14.999595303306396,-17.602545766468033,-19.04366516122357,-7.503601570895283,-3.378602396052436,-2.632599935023617e-05,upper,0.1
515,phase2,upper,-15.0,2,-14.999635678480141,-17.602545766468033,-19.04366516122357,-7.503601570895283,-3.378602396052436,-2.3539280800022096e-05,upper,0.1
516,phase2,upper,-15.0,2,-14.999673995825185,-17.602545766468033,-19.04366516122357,-7.503601570895283,-3.378602396052436,-2.092201387854753e-05,upper,0.1
517,phase2,upper,-15.0,2,-14.999710001449946,-17.602545766468033,-19.04366516122357,-7.503601570895283,-3.378602396052436,-1.8486088940694326e-05,upper,0.1
518,phase2,upper,-15.0,2,-14.999743538474112,-17.602545766468033,-19.04366516122357,-7.503601570895283,-3.378602396052436,-1.623718111173565e-05,upper,0.1
519,phase2,upper,-15.0,2,-14.999774528721199,-17.602545766468033,-19.04366516122357,-7.503601570895283,-3.378602396052436,-1.4176153953600137e-05,upper,0.1
520,phase2,upper,-15.0,2,-14.999802957071566,-17.602545766468033,-19.04366516122357,-7.503601570895283,-3.378602396052436,-1.2300170738512056e-05,upper,0.1
521,phase2,upper,-15.0,2,-14.999828858116228,-17.602545766468033,-19.04366516122357,-7.503601570895283,-3.378602396052436,-1.0603591325161115e-05,upper,0.1
522,phase2,upper,-15.0,2,-14.99985230481995,-17.602545766468033,-19.04366516122357,-7.503601570895283,-3.378602396052436,-9.078703824919034e-06,upper,0.1
523,phase2,upper,-15.0,2,-14.99987339894622,-17.602545766468033,-19.04366516122357,-7.503601570895283,-3.378602396052436,-7.716323921361812e-06,upper,0.1
524,phase2,upper,-15.0,2,-14.999892263027713,-17.602545766468033,-19.04366516122357,-7.503601570895283,-3.378602396052436,-6.506285238090914e-06,upper,0.1
525,phase2,upper,-15.0,2,-14.99990903368972,-17.602545766468033,-19.04366516122357,-7.503601570895283,-3.378602396052436,-5.437838458952154e-06,upper,0.1
526,phase2,upper,-15.0,2,-14.99992385615373,-17.602545766468033,-19.04366516122357,-7.503601570895283,-3.378602396052436,-4.49997330744102e-06,upper,0.1
527,phase2,upper,-15.0,2,-14.999936879765743,-17.602545766468033,-19.04366516122357,-7.503601570895283,-3.378602396052436,-3.681675065423072e-06,upper,0.1
528,phase2,upper,-15.0,2,-14.999948254409487,-17.602545766468033,-19.04366516122357,-7.503601570895283,-3.378602396052436,-2.972125553023266e-06,upper,0.1
529,phase2,upper,-15.0,2,-14.999958127679225,-17.602545766468033,-19.04366516122357,-7.503601570895283,-3.378602396052436,-2.36085712961032e-06,upper,0.1
530,phase2,upper,-15.0,2,-14.999966642700182,-17.602545766468033,-19.04366516122357,-7.503601570895283,-3.378602396052436,-1.8378671580978894e-06,upper,0.1
531,phase2,lower,-20.0,4,-14.999966642700182,-17.99665936002403,-19.24607018370545,-7.441507903532431,-3.3171515538114384,0.005817429487159527,upper,0.1
532,phase2,upper,-15.0,2,-14.994736595878175,-17.99665936002403,-19.24607018370545,-7.441507903532431,-3.3171515538114384,0.0028500473041928034,upper,0.1
533,phase2,lower,-20.0,4,-14.994736595878175,-18.369035399818397,-19.415052518125904,-7.36745608070209,-3.2534474454870588,0.010505954459082225,upper,0.1
534,phase2,upper,-15.0,2,-14.985443305079645,-18.369035399818397,-19.415052518125904,-7.36745608070209,-3.2534474454870588,0.0050046017006134345,upper,0.1
535,phase2,upper,-15.0,2,-14.981409488774217,-18.369035399818397,-19.415052518125904,-7.36745608070209,-3.2534474454870588,0.002057883255951062,upper,0.1
536,phase2,upper,-15.0,2,-14.980227044000157,-18.369035399818397,-19.415052518125904,-7.36745608070209,-3.2534474454870588,0.000510915972709303,upper,0.1
537,phase2,upper,-15.0,2,-14.980562488264146,-18.369035399818397,-19.415052518125904,-7.36745608070209,-3.2534474454870588,-0.00027126567581934225,upper,0.1
538,phase2,upper,-15.0,2,-14.981675838828451,-18.369035399818397,-19.415052518125904,-7.36745608070209,-3.2534474454870588,-0.0006378165021810385,upper,0.1
539,phase2,upper,-15.0,2,-14.983155762498694,-18.369035399818397,-19.415052518125904,-7.36745608070209,-3.2534474454870588,-0.0007807249275700571,upper,0.1
540,phase2,upper,-15.0,2,-14.984773605552379,-18.369035399818397,-19.415052518125904,-7.36745608070209,-3.2534474454870588,-0.0008055151838499195,upper,0.1
541,phase2,upper,-15.0,2,-14.986402794661622,-18.369035399818397,-19.415052518125904,-7.36745608070209,-3.2534474454870588,-0.0007701139835751641,upper,0.1
542,phase2,upper,-15.0,2,-14.987974206723354,-18.369035399818397,-19.415052518125904,-7.36745608070209,-3.2534474454870588,-0.0007062241592167505,upper,0.1
543,phase2,upper,-15.0,2,-14.989451349379554,-18.369035399818397,-19.415052518125904,-7.36745608070209,-3.2534474454870588,-0.0006310849541540605,upper,0.1
544,phase2,upper,-15.0,2,-14.990816470053732,-18.369035399818397,-19.415052518125904,-7.36745608070209,-3.2534474454870588,-0.0005539481667591913,upper,0.1
545,phase2,upper,-15.0,2,-14.992062708882427,-18.369035399818397,-19.415052518125904,-7.36745608070209,-3.2534474454870588,-0.000479648807024988,upper,0.1
546,phase2,upper,-15.0,2,-14.993189607398522,-18.369035399818397,-19.415052518125904,-7.36745608070209,-3.2534474454870588,-0.0004105773358898997,upper,0.1
547,phase2,upper,-15.0,2,-14.994200491859951,-18.369035399818397,-19.415052518125904,-7.36745608070209,-3.2534474454870588,-0.00034777183530891527,upper,0.1
548,phase2,upper,-15.0,2,-14.995100913588175,-18.369035399818397,-19.415052518125904,-7.36745608070209,-3.2534474454870588,-0.000291525006622849,upper,0.1
549,phase2,upper,-15.0,2,-14.995897693528203,-18.369035399818397,-19.415052518125904,-7.36745608070209,-3.2534474454870588,-0.00024172317653398502,upper,0.1
550,phase2,upper,-15.0,2,-14.996598319023997,-18.369035399818397,-19.415052518125904,-7.36745608070209,-3.2534474454870588,-0.00019803683333343816,upper,0.1
551,phase2,upper,-15.0,2,-14.997210551437675,-18.369035399818397,-19.415052518125904,-7.36745608070209,-3.2534474454870588,-0.00016002854388245415,upper,0.1
552,phase2,lower,-20.0,4,-14.997210551437675,-18.72378113733864,-19.55613615456047,-7.285360409494008,-3.1900381024069415,0.013320333333487068,upper,0.1
553,phase2,upper,-15.0,2,-14.985609838643859,-18.72378113733864,-19.55613615456047,-7.285360409494008,-3.1900381024069415,0.006478162725107866,upper,0.1
554,phase2,upper,-15.0,2,-14.980487570296516,-18.72378113733864,-19.55613615456047,-7.285360409494008,-3.1900381024069415,0.0028063219240915993,upper,0.1
555,phase2,upper,-15.0,2,-14.97886627316502,-18.72378113733864,-19.55613615456047,-7.285360409494008,-3.1900381024069415,0.0008711201857170703,upper,0.1
556,phase2,upper,-15.0,2,-14.979101092667214,-18.72378113733864,-19.55613615456047,-7.285360409494008,-3.1900381024069415,-0.00011546842380757261,upper,0.1
557,phase2,upper,-15.0,2,-14.98028244224455,-18.72378113733864,-19.55613615456047,-7.285360409494008,-3.1900381024069415,-0.000586578228017615,upper,0.1
558,phase2,upper,-15.0,2,-14.981907267028264,-18.72378113733864,-19.55613615456047,-7.285360409494008,-3.1900381024069415,-0.000780228670327135,upper,0.1
559,phase2,upper,-15.0,2,-14.983697950717977,-18.72378113733864,-19.55613615456047,-7.285360409494008,-3.1900381024069415,-0.0008271310278347619,upper,0.1
560,phase2,upper,-15.0,2,-14.985502401010715,-18.72378113733864,-19.55613615456047,-7.285360409494008,-3.1900381024069415,-0.0007989527690079817,upper,0.1
561,phase2,upper,-15.0,2,-14.987238793225966,-18.72378113733864,-19.55613615456047,-7.285360409494008,-3.1900381024069415,-0.0007348547014094128,upper,0.1
562,phase2,upper,-15.0,2,-14.988864902538406,-18.72378113733864,-19.55613615456047,-7.285360409494008,-3.1900381024069415,-0.000656088399606263,upper,0.1
563,phase2,upper,-15.0,2,-14.990360993135983,-18.72378113733864,-19.55613615456047,-7.285360409494008,-3.1900381024069415,-0.0005740312462411407,upper,0.1
564,phase2,upper,-15.0,2,-14.991720198173795,-18.72378113733864,-19.55613615456047,-7.285360409494008,-3.1900381024069415,-0.0004946135941211358,upper,0.1
565,phase2,upper,-15.0,2,-14.992943052743188,-18.72378113733864,-19.55613615456047,-7.285360409494008,-3.1900381024069415,-0.0004207615057838912,upper,0.1
566,phase2,upper,-15.0,2,-14.994034341380399,-18.72378113733864,-19.55613615456047,-7.285360409494008,-3.1900381024069415,-0.00035374726015800046,upper,0.1
567,phase2,upper,-15.0,2,-14.99500124574067,-18.72378113733864,-19.55613615456047,-7.285360409494008,-3.1900381024069415,-0.00029393805171374406,upper,0.1
568,phase2,upper,-15.0,2,-14.995852231217595,-18.72378113733864,-19.55613615456047,-7.285360409494008,-3.1900381024069415,-0.00024121256238526488,upper,0.1
569,phase2,upper,-15.0,2,-14.996596360636463,-18.72378113733864,-19.55613615456047,-7.285360409494008,-3.1900381024069415,-0.00019519378889590192,upper,0.1
570,phase2,upper,-15.0,2,-14.99724286051433,-18.72378113733864,-19.55613615456047,-7.285360409494008,-3.1900381024069415,-0.00015537984535759082,upper,0.1
571,phase2,upper,-15.0,2,-14.997800841198409,-18.72378113733864,-19.55613615456047,-7.285360409494008,-3.1900381024069415,-0.00012121781470223343,upper,0.1
572,phase2,lower,-20.0,4,-14.997800841198409,-19.057125735094054,-19.669108532742076,-7.1950522005502835,-3.126417405110384,0.016514277448991033,upper,0.1
573,phase2,upper,-15.0,2,-14.98330716844018,-19.057125735094054,-19.669108532742076,-7.1950522005502835,-3.126417405110384,0.008059247111085736,upper,0.1
574,phase2,upper,-15.0,2,-14.976827032453572,-19.057125735094054,-19.669108532742076,-7.1950522005502835,-3.126417405110384,0.0035178329148406796,upper,0.1
575,phase2,upper,-15.0,2,-14.97468493598167,-19.057125735094054,-19.669108532742076,-7.1950522005502835,-3.126417405110384,0.0011207048855099585,upper,0.1
576,phase2,upper,-15.0,2,-14.97484982200513,-19.057125735094054,-19.669108532742076,-7.1950522005502835,-3.126417405110384,-0.00010468968881245178,upper,0.1
577,phase2,upper,-15.0,2,-14.976197953784839,-19.057125735094054,-19.669108532742076,-7.1950522005502835,-3.126417405110384,-0.0006929512919842724,upper,0.1
578,phase2,upper,-15.0,2,-14.97810726955241,-19.057125735094054,-19.669108532742076,-7.1950522005502835,-3.126417405110384,-0.0009378981550963422,upper,0.1
579,phase2,upper,-15.0,2,-14.980233929162424,-19.057125735094054,-19.669108532742076,-7.1950522005502835,-3.126417405110384,-0.0010009223950865225,upper,0.1
580,phase2,upper,-15.0,2,-14.982389033272932,-19.057125735094054,-19.669108532742076,-7.1950522005502835,-3.126417405110384,-0.0009705494427758968,upper,0.1
581,phase2,upper,-15.0,2,-14.984470448135866,-19.057125735094054,-19.669108532742076,-7.1950522005502835,-3.126417405110384,-0.0008951853959729599,upper,0.1
582,phase2,upper,-15.0,2,-14.986424969965947,-19.057125735094054,-19.669108532742076,-7.1950522005502835,-3.126417405110384,-0.0008011304523173567,upper,0.1
583,phase2,upper,-15.0,2,-14.988227215949237,-19.057125735094054,-19.669108532742076,-7.1950522005502835,-3.126417405110384,-0.0007024942507987535,upper,0.1
584,phase2,upper,-15.0,2,-14.989867756585603,-19.057125735094054,-19.669108532742076,-7.1950522005502835,-3.126417405110384,-0.0006066590814559161,upper,0.1
585,phase2,upper,-15.0,2,-14.991346370890055,-19.057125735094054,-19.669108532742076,-7.1950522005502835,-3.126417405110384,-0.0005172943505425009,upper,0.1
586,phase2,upper,-15.0,2,-14.992668156119944,-19.057125735094054,-19.669108532742076,-7.1950522005502835,-3.126417405110384,-0.00043602327676821204,upper,0.1
587,phase2,upper,-15.0,2,-14.99384124061268,-19.057125735094054,-19.669108532742076,-7.1950522005502835,-3.126417405110384,-0.00036334700309021914,upper,0.1
588,phase2,upper,-15.0,2,-14.994875407476382,-19.057125735094054,-19.669108532742076,-7.1950522005502835,-3.126417405110384,-0.00029915890265097724,upper,0.1
589,phase2,upper,-15.0,2,-14.99578124453544,-19.057125735094054,-19.669108532742076,-7.1950522005502835,-3.126417405110384,-0.00024303217380712165,upper,0.1
590,phase2,upper,-15.0,2,-14.996569605403327,-19.057125735094054,-19.669108532742076,-7.1950522005502835,-3.126417405110384,-0.00019438155707076396,upper,0.1
591,phase2,upper,-15.0,2,-14.997251260081422,-19.057125735094054,-19.669108532742076,-7.1950522005502835,-3.126417405110384,-0.00015255478595902234,upper,0.1
592,phase2,upper,-15.0,2,-14.997836665258568,-19.057125735094054,-19.669108532742076,-7.1950522005502835,-3.126417405110384,-0.000116884514396814,upper,0.1
593,phase2,upper,-15.0,2,-14.9983358132958,-19.057125735094054,-19.669108532742076,-7.1950522005502835,-3.126417405110384,-8.671777661262141e-05,upper,0.1
594,phase2,upper,-15.0,2,-14.998758135043001,-19.057125735094054,-19.669108532742076,-7.1950522005502835,-3.126417405110384,-6.143249432357618e-05,upper,0.1
595,phase2,upper,-15.0,2,-14.99911244081877,-19.057125735094054,-19.669108532742076,-7.1950522005502835,-3.126417405110384,-4.044638314955402e-05,upper,0.1
596,phase2,upper,-15.0,2,-14.999406889206863,-19.057125735094054,-19.669108532742076,-7.1950522005502835,-3.126417405110384,-2.3221305286868986e-05,upper,0.1
597,phase2,upper,-15.0,2,-14.999648976495065,-19.057125735094054,-19.669108532742076,-7.1950522005502835,-3.126417405110384,-9.264833174859222e-06,upper,0.1
598,phase2,upper,-15.0,2,-14.999845541547428,-19.057125735094054,-19.669108532742076,-7.1950522005502835,-3.126417405110384,1.8699298217420815e-06,upper,0.1
599,phase2,upper,-15.0,2,-15.000002782178115,-19.057125735094054,-19.669108532742076,-7.1950522005502835,-3.126417405110384,1.0585633112780546e-05,upper,0.1
600,phase2,upper,-15.0,2,-15.000126279971287,-19.057125735094054,-19.669108532742076,-7.1950522005502835,-3.126417405110384,1.7242663236392824e-05,upper,0.1
601,phase2,upper,-15.0,2,-15.000221031126367,-19.057125735094054,-19.669108532742076,-7.1950522005502835,-3.126417405110384,2.216156380379884e-05,upper,0.1
602,phase2,upper,-15.0,2,-15.000291481390637,-19.057125735094054,-19.669108532742076,-7.1950522005502835,-3.126417405110384,2.562571050720144e-05,upper,0.1
603,phase2,upper,-15.0,2,-15.000341563522628,-19.057125735094054,-19.669108532742076,-7.1950522005502835,-3.126417405110384,2.7884114298027937e-05,upper,0.1
604,phase2,upper,-15.0,2,-15.000374736039525,-19.057125735094054,-19.669108532742076,-7.1950522005502835,-3.126417405110384,2.9154261463784955e-05,upper,0.1
605,phase2,lower,-20.0,4,-15.000374736039525,-19.36829777602354,-19.755708067874668,-7.097692817883357,-3.0630753929364127,0.019337177891148086,upper,0.1
606,phase2,upper,-15.0,2,-14.983016800991098,-19.36829777602354,-19.755708067874668,-7.097692817883357,-3.0630753929364127,0.009490556502672855,upper,0.1
607,phase2,upper,-15.0,2,-14.975031305800691,-19.36829777602354,-19.755708067874668,-7.097692817883357,-3.0630753929364127,0.004190917225622447,upper,0.1
608,phase2,upper,-15.0,2,-14.972145373995764,-19.36829777602354,-19.755708067874668,-7.097692817883357,-3.0630753929364127,0.0013842190474077022,upper,0.1
609,phase2,upper,-15.0,2,-14.971995052648538,-19.36829777602354,-19.755708067874668,-7.097692817883357,-3.0630753929364127,-5.877862530760192e-05,upper,0.1
610,phase2,upper,-15.0,2,-14.973269832068466,-19.36829777602354,-19.755708067874668,-7.097692817883357,-3.0630753929364127,-0.0007589808678009004,upper,0.1
611,phase2,upper,-15.0,2,-14.975241870949583,-19.36829777602354,-19.755708067874668,-7.097692817883357,-3.0630753929364127,-0.0010577996141598034,upper,0.1
612,phase2,upper,-15.0,2,-14.97750666649299,-19.36829777602354,-19.755708067874668,-7.097692817883357,-3.0630753929364127,-0.001142915852291034,upper,0.1
613,phase2,upper,-15.0,2,-14.979839977122554,-19.36829777602354,-19.755708067874668,-7.097692817883357,-3.0630753929364127,-0.0011174070002077639,upper,0.1
614,phase2,upper,-15.0,2,-14.982118693651588,-19.36829777602354,-19.755708067874668,-7.097692817883357,-3.0630753929364127,-0.0010377555958289819,upper,0.1
615,phase2,lower,-20.0,4,-14.982118693651588,-19.657972785244898,-19.81852040678089,-6.9949943683726445,-3.000867488257991,0.021481434865143846,upper,0.1
616,phase2,upper,-15.0,2,-14.964009645051984,-19.657972785244898,-19.81852040678089,-6.9949943683726445,-3.000867488257991,0.010099645743580361,upper,0.1
617,phase2,upper,-15.0,2,-14.956691224465859,-19.657972785244898,-19.81852040678089,-6.9949943683726445,-3.000867488257991,0.0040285292183926055,upper,0.1
618,phase2,upper,-15.0,2,-14.955162974656083,-19.657972785244898,-19.81852040678089,-6.9949943683726445,-3.000867488257991,0.0008634844347981357,upper,0.1
619,phase2,upper,-15.0,2,-14.956662268413568,-19.657972785244898,-19.81852040678089,-6.9949943683726445,-3.000867488257991,-0.0007171247098741271,upper,0.1
620,phase2,upper,-15.0,2,-14.959661972387895,-19.657972785244898,-19.81852040678089,-6.9949943683726445,-3.000867488257991,-0.0014396367992417687,upper,0.1
621,phase2,upper,-15.0,2,-14.963318659721118,-19.657972785244898,-19.81852040678089,-6.9949943683726445,-3.000867488257991,-0.0017030715807401064,upper,0.1
622,phase2,upper,-15.0,2,-14.967168492981227,-19.657972785244898,-19.81852040678089,-6.9949943683726445,-3.000867488257991,-0.0017264090875593627,upper,0.1
623,phase2,upper,-15.0,2,-14.970959307558703,-19.657972785244898,-19.81852040678089,-6.9949943683726445,-3.000867488257991,-0.0016295514875867077,upper,0.1
624,phase2,upper,-15.0,2,-14.974557643294057,-19.657972785244898,-19.81852040678089,-6.9949943683726445,-3.000867488257991,-0.00147784445646905,upper,0.1
625,phase2,lower,-20.0,4,-14.974557643294057,-19.925357607409317,-19.858933630729116,-6.887782556776489,-2.9399799271598135,0.023426656415145096,upper,0.1
626,phase2,upper,-15.0,2,-14.955483010035602,-19.925357607409317,-19.858933630729116,-6.887782556776489,-2.9399799271598135,0.01089663311860857,upper,0.1
627,phase2,upper,-15.0,2,-14.948224722184172,-19.925357607409317,-19.858933630729116,-6.887782556776489,-2.9399799271598135,0.004233221905164889,upper,0.1
628,phase2,upper,-15.0,2,-14.947261961440418,-19.925357607409317,-19.858933630729116,-6.887782556776489,-2.9399799271598135,0.0007772629064364616,upper,0.1
629,phase2,upper,-15.0,2,-14.949549058523154,-19.925357607409317,-19.858933630729116,-6.887782556776489,-2.9399799271598135,-0.0009324852997661104,upper,0.1
630,phase2,upper,-15.0,2,-14.953406607845695,-19.925357607409317,-19.858933630729116,-6.887782556776489,-2.9399799271598135,-0.0016987979114431186,upper,0.1
631,phase2,upper,-15.0,2,-14.957911002758793,-19.925357607409317,-19.858933630729116,-6.887782556776489,-2.9399799271598135,-0.0019624198298842134,upper,0.1
632,phase2,upper,-15.0,2,-14.96255796629127,-19.925357607409317,-19.858933630729116,-6.887782556776489,-2.9399799271598135,-0.001964984922177225,upper,0.1
633,phase2,upper,-15.0,2,-14.96707676712021,-19.925357607409317,-19.858933630729116,-6.887782556776489,-2.9399799271598135,-0.0018385753272205333,upper,0.1
634,phase2,upper,-15.0,2,-14.971327360666852,-19.925357607409317,-19.858933630729116,-6.887782556776489,-2.9399799271598135,-0.0016549700790387026,upper,0.1
635,phase2,upper,-15.0,2,-14.975243213779974,-19.925357607409317,-19.858933630729116,-6.887782556776489,-2.9399799271598135,-0.001452740314944585,upper,0.1
636,phase2,upper,-15.0,2,-14.978799338559345,-19.925357607409317,-19.858933630729116,-6.887782556776489,-2.9399799271598135,-0.0012521670762907756,upper,0.1
637,phase2,upper,-15.0,2,-14.981994273377829,-19.925357607409317,-19.858933630729116,-6.887782556776489,-2.9399799271598135,-0.0010634631101180776,upper,0.1
638,phase2,upper,-15.0,2,-14.984839811420287,-19.925357607409317,-19.858933630729116,-6.887782556776489,-2.9399799271598135,-0.0008913108107214508,upper,0.1
639,phase2,upper,-15.0,2,-14.987355059280436,-19.925357607409317,-19.858933630729116,-6.887782556776489,-2.9399799271598135,-0.0007373718228999803,upper,0.1
640,phase2,lower,-20.0,4,-14.987355059280436,-20.169378844381907,-19.877989620211913,-6.776600982632744,-2.880410345616727,0.025310633569209214,upper,0.1
641,phase2,upper,-15.0,2,-14.966119732905979,-20.169378844381907,-19.877989620211913,-6.776600982632744,-2.880410345616727,0.012161844172730338,upper,0.1
642,phase2,upper,-15.0,2,-14.957260999317972,-20.169378844381907,-19.877989620211913,-6.776600982632744,-2.880410345616727,0.00513071898688772,upper,0.1
643,phase2,lower,-20.0,4,-14.957260999317972,-20.385622274876706,-19.87425089443967,-6.660224522306474,-2.8209419862183545,0.028078007463712945,upper,0.1
644,phase2,upper,-15.0,2,-14.934383853004716,-20.385622274876706,-19.87425089443967,-6.660224522306474,-2.8209419862183545,0.012691429073126138,upper,0.1
645,phase2,upper,-15.0,2,-14.92612612400142,-20.385622274876706,-19.87425089443967,-6.660224522306474,-2.8209419862183545,0.004535125980599989,upper,0.1
646,phase2,upper,-15.0,2,-14.92566042944721,-20.385622274876706,-19.87425089443967,-6.660224522306474,-2.8209419862183545,0.00033142814508634413,upper,0.1
647,phase2,upper,-15.0,2,-14.929213696149125,-20.385622274876706,-19.87425089443967,-6.660224522306474,-2.8209419862183545,-0.0017211476425671689,upper,0.1
648,phase2,upper,-15.0,2,-14.934700306823752,-20.385622274876706,-19.87425089443967,-6.660224522306474,-2.8209419862183545,-0.002612569458715762,upper,0.1
649,phase2,upper,-15.0,2,-14.940969388226309,-20.385622274876706,-19.87425089443967,-6.660224522306474,-2.8209419862183545,-0.0028865506299840583,upper,0.1
650,phase2,upper,-15.0,2,-14.947389736221464,-20.385622274876706,-19.87425089443967,-6.660224522306474,-2.8209419862183545,-0.00284130744336769,upper,0.1
651,phase2,upper,-15.0,2,-14.953620450329318,-20.385622274876706,-19.87425089443967,-6.660224522306474,-2.8209419862183545,-0.0026399301938121564,upper,0.1
652,phase2,upper,-15.0,2,-14.95948379027766,-20.385622274876706,-19.87425089443967,-6.660224522306474,-2.8209419862183545,-0.0023710860354364,upper,0.1
653,phase2,upper,-15.0,2,-14.964894367185051,-20.385622274876706,-19.87425089443967,-6.660224522306474,-2.8209419862183545,-0.0020824244962391746,upper,0.1
654,phase2,upper,-15.0,2,-14.96981943977217,-20.385622274876706,-19.87425089443967,-6.660224522306474,-2.8209419862183545,-0.0017989768389603173,upper,0.1
655,phase2,upper,-15.0,2,-14.974256436270982,-20.385622274876706,-19.87425089443967,-6.660224522306474,-2.8209419862183545,-0.0015333028969881479,upper,0.1
656,phase2,upper,-15.0,2,-14.978220059749177,-20.385622274876706,-19.87425089443967,-6.660224522306474,-2.8209419862183545,-0.0012910967530132315,upper,0.1
657,phase2,upper,-15.0,2,-14.981734762556199,-20.385622274876706,-19.87425089443967,-6.660224522306474,-2.8209419862183545,-0.0010742912008632568,upper,0.1
658,phase2,upper,-15.0,2,-14.984830260335292,-20.385622274876706,-19.87425089443967,-6.660224522306474,-2.8209419862183545,-0.0008827825988885153,upper,0.1
659,phase2,upper,-15.0,2,-14.987538792908815,-20.385622274876706,-19.87425089443967,-6.660224522306474,-2.8209419862183545,-0.0007153931222895717,upper,0.1
660,phase2,upper,-15.0,2,-14.989893410335304,-20.385622274876706,-19.87425089443967,-6.660224522306474,-2.8209419862183545,-0.0005704101171789913,upper,0.1
661,phase2,upper,-15.0,2,-14.99192687740816,-20.385622274876706,-19.87425089443967,-6.660224522306474,-2.8209419862183545,-0.000445889830293015,upper,0.1
662,phase2,upper,-15.0,2,-14.993670964097943,-20.385622274876706,-19.87425089443967,-6.660224522306474,-2.8209419862183545,-0.0003398289687720559,upper,0.1
663,phase2,upper,-15.0,2,-14.9951559862621,-20.385622274876706,-19.87425089443967,-6.660224522306474,-2.8209419862183545,-0.0002502614234562777,upper,0.1
664,phase2,upper,-15.0,2,-14.996410515148376,-20.385622274876706,-19.87425089443967,-6.660224522306474,-2.8209419862183545,-0.0001753120851656553,upper,0.1
665,phase2,upper,-15.0,2,-14.997461204915442,-20.385622274876706,-19.87425089443967,-6.660224522306474,-2.8209419862183545,-0.00011322566714227003,upper,0.1
666,phase2,upper,-15.0,2,-14.998332705090462,-20.385622274876706,-19.87425089443967,-6.660224522306474,-2.8209419862183545,-6.23806927230951e-05,upper,0.1
667,phase2,upper,-15.0,2,-14.999047635352435,-20.385622274876706,-19.87425089443967,-6.660224522306474,-2.8209419862183545,-2.129449925356082e-05,upper,0.1
668,phase2,upper,-15.0,2,-14.999626606449212,-20.385622274876706,-19.87425089443967,-6.660224522306474,-2.8209419862183545,1.1377300209160397e-05,upper,0.1
669,phase2,upper,-15.0,2,-15.000088275175258,-20.385622274876706,-19.87425089443967,-6.660224522306474,-2.8209419862183545,3.6844817240054616e-05,upper,0.1
670,phase2,upper,-15.0,2,-15.000449424123342,-20.385622274876706,-19.87425089443967,-6.660224522306474,-2.8209419862183545,5.619005122942637e-05,upper,0.1
671,phase2,upper,-15.0,2,-15.000725058913087,-20.385622274876706,-19.87425089443967,-6.660224522306474,-2.8209419862183545,7.037437402926176e-05,upper,0.1
672,phase2,upper,-15.0,2,-15.000928517092857,-20.385622274876706,-19.87425089443967,-6.660224522306474,-2.8209419862183545,8.024677114277112e-05,upper,0.1
673,phase2,upper,-15.0,2,-15.001071584079058,-20.385622274876706,-19.87425089443967,-6.660224522306474,-2.8209419862183545,8.655244786633176e-05,upper,0.1
674,phase2,upper,-15.0,2,-15.001164612437222,-20.385622274876706,-19.87425089443967,-6.660224522306474,-2.8209419862183545,8.994152233801153e-05,upper,0.1
675,phase2,upper,-15.0,2,-15.001216641581566,-20.385622274876706,-19.87425089443967,-6.660224522306474,-2.8209419862183545,9.097760536269116e-05,upper,0.1
676,phase2,lower,-20.0,4,-15.001216641581566,-20.584403256988175,-19.856483914063173,-6.544562516435841,-2.765473532538865,0.02780823574250379,upper,0.1
677,phase2,lower,-20.0,4,-15.001216641581566,-20.736583910527422,-19.805618763523686,-6.415960632766478,-2.703905687023995,0.03520236662359769,upper,0.1
678,phase2,upper,-15.0,2,-14.969635265494508,-20.736583910527422,-19.805618763523686,-6.415960632766478,-2.703905687023995,0.017294726741686053,upper,0.1
679,phase2,upper,-15.0,2,-14.95509163236396,-20.736583910527422,-19.805618763523686,-6.415960632766478,-2.703905687023995,0.007655419952588573,upper,0.1
680,phase2,upper,-15.0,2,-14.949817239888583,-20.736583910527422,-19.805618763523686,-6.415960632766478,-2.703905687023995,0.002549298441062988,upper,0.1
681,phase2,upper,-15.0,2,-14.949514657800282,-20.736583910527422,-19.805618763523686,-6.415960632766478,-2.703905687023995,-7.706578144263333e-05,upper,0.1
682,phase2,upper,-15.0,2,-14.951801883105261,-20.736583910527422,-19.805618763523686,-6.415960632766478,-2.703905687023995,-0.0013527145497471051,upper,0.1
683,phase2,upper,-15.0,2,-14.955356274112022,-20.736583910527422,-19.805618763523686,-6.415960632766478,-2.703905687023995,-0.001898448324139292,upper,0.1
684,phase2,upper,-15.0,2,-14.959442991403066,-20.736583910527422,-19.805618763523686,-6.415960632766478,-2.703905687023995,-0.0020555212135289257,upper,0.1
685,phase2,upper,-15.0,2,-14.963654839761405,-20.736583910527422,-19.805618763523686,-6.415960632766478,-2.703905687023995,-0.0020113465185824077,upper,0.1
686,phase2,lower,-20.0,4,-14.963654839761405,-20.895297607693774,-19.76028403978557,-6.30127613119811,-2.655354329890664,0.028020006056999773,upper,0.1
687,phase2,upper,-15.0,2,-14.940740179476427,-20.895297607693774,-19.76028403978557,-6.30127613119811,-2.655354329890664,0.012846749225741073,upper,0.1
688,phase2,upper,-15.0,2,-14.932202963391733,-20.895297607693774,-19.76028403978557,-6.30127613119811,-2.655354329890664,0.004789349744568546,upper,0.1
689,phase2,upper,-15.0,2,-14.93133356680263,-20.895297607693774,-19.76028403978557,-6.30127613119811,-2.655354329890664,0.0006225619128813324,upper,0.1
690,phase2,upper,-15.0,2,-14.934426265925916,-20.895297607693774,-19.76028403978557,-6.30127613119811,-2.655354329890664,-0.0014261672225700471,upper,0.1
691,phase2,upper,-15.0,2,-14.939434324936567,-20.895297607693774,-19.76028403978557,-6.30127613119811,-2.655354329890664,-0.0023308281953514894,upper,0.1
692,phase2,upper,-15.0,2,-14.945229469676164,-20.895297607693774,-19.76028403978557,-6.30127613119811,-2.655354329890664,-0.002626310124885009,upper,0.1
693,phase2,upper,-15.0,2,-14.951193622451768,-20.895297607693774,-19.76028403978557,-6.30127613119811,-2.655354329890664,-0.0026059652412202,upper,0.1
694,phase2,upper,-15.0,2,-14.956993377818204,-20.895297607693774,-19.76028403978557,-6.30127613119811,-2.655354329890664,-0.00243021949620445,upper,0.1
695,phase2,upper,-15.0,2,-14.96245505583776,-20.895297607693774,-19.76028403978557,-6.30127613119811,-2.655354329890664,-0.0021863029760265953,upper,0.1
696,phase2,upper,-15.0,2,-14.967495174162751,-20.895297607693774,-19.76028403978557,-6.30127613119811,-2.655354329890664,-0.0019211166749291187,upper,0.1
697,phase2,upper,-15.0,2,-14.972081510981168,-20.895297607693774,-19.76028403978557,-6.30127613119811,-2.655354329890664,-0.0016593320828444016,upper,0.1
698,phase2,upper,-15.0,2,-14.97621110137156,-20.895297607693774,-19.76028403978557,-6.30127613119811,-2.655354329890664,-0.0014133701547339307,upper,0.1
699,phase2,upper,-15.0,2,-14.979897647818364,-20.895297607693774,-19.76028403978557,-6.30127613119811,-2.655354329890664,-0.001188912136993892,upper,0.1
700,phase2,upper,-15.0,2,-14.983164199239102,-20.895297607693774,-19.76028403978557,-6.30127613119811,-2.655354329890664,-0.0009879497678060086,upper,0.1
701,phase2,upper,-15.0,2,-14.986038807645633,-20.895297607693774,-19.76028403978557,-6.30127613119811,-2.655354329890664,-0.0008104785836564462,upper,0.1
702,phase2,upper,-15.0,2,-14.988551891874826,-20.895297607693774,-19.76028403978557,-6.30127613119811,-2.655354329890664,-0.0006554414612715788,upper,0.1
703,phase2,upper,-15.0,2,-14.990734599639481,-20.895297607693774,-19.76028403978557,-6.30127613119811,-2.655354329890664,-0.0005212566193223271,upper,0.1
704,phase2,upper,-15.0,2,-14.992617769000413,-20.895297607693774,-19.76028403978557,-6.30127613119811,-2.655354329890664,-0.000406114297964654,upper,0.1
705,phase2,upper,-15.0,2,-14.994231261703195,-20.895297607693774,-19.76028403978557,-6.30127613119811,-2.655354329890664,-0.0003081438508750863,upper,0.1
706,phase2,upper,-15.0,2,-14.995603535986158,-20.895297607693774,-19.76028403978557,-6.30127613119811,-2.655354329890664,-0.00022550760228707265,upper,0.1
707,phase2,upper,-15.0,2,-14.996761379691014,-20.895297607693774,-19.76028403978557,-6.30127613119811,-2.655354329890664,-0.00015645282788399856,upper,0.1
708,phase2,lower,-20.0,4,-14.996761379691014,-21.031937058448047,-19.70133644787487,-6.186657976799136,-2.608860826278536,0.028739129270212452,upper,0.1
709,phase2,upper,-15.0,2,-14.971723730718233,-21.031937058448047,-19.70133644787487,-6.186657976799136,-2.608860826278536,0.014059495796471562,upper,0.1
710,phase2,upper,-15.0,2,-14.960562925410125,-21.031937058448047,-19.70133644787487,-6.186657976799136,-2.608860826278536,0.006175211543602515,upper,0.1
711,phase2,upper,-15.0,2,-14.956902100831714,-21.031937058448047,-19.70133644787487,-6.186657976799136,-2.608860826278536,0.002013459341643751,upper,0.1
712,phase2,upper,-15.0,2,-14.957219796907367,-21.031937058448047,-19.70133644787487,-6.186657976799136,-2.608860826278536,-0.00011465904416118374,upper,0.1
713,phase2,upper,-15.0,2,-14.95956968488357,-21.031937058448047,-19.70133644787487,-6.186657976799136,-2.608860826278536,-0.001137386489136736,upper,0.1
714,phase2,upper,-15.0,2,-14.962876055590277,-21.031937058448047,-19.70133644787487,-6.186657976799136,-2.608860826278536,-0.0015647837751862508,upper,0.1
715,phase2,upper,-15.0,2,-14.966545766514486,-21.031937058448047,-19.70133644787487,-6.186657976799136,-2.608860826278536,-0.0016769358847443015,upper,0.1
716,phase2,upper,-15.0,2,-14.970254181463373,-21.031937058448047,-19.70133644787487,-6.186657976799136,-2.608860826278536,-0.001627400049354653,upper,0.1
717,phase2,upper,-15.0,2,-14.973826822357474,-21.031937058448047,-19.70133644787487,-6.186657976799136,-2.608860826278536,-0.0015000823038113368,upper,0.1
718,phase2,upper,-15.0,2,-14.977173714977624,-21.031937058448047,-19.70133644787487,-6.186657976799136,-2.608860826278536,-0.0013405219889385867,upper,0.1
719,phase2,upper,-15.0,2,-14.980252783260028,-21.031937058448047,-19.70133644787487,-6.186657976799136,-2.608860826278536,-0.0011731104609388266,upper,0.1
720,phase2,upper,-15.0,2,-14.983049290384576,-21.031937058448047,-19.70133644787487,-6.186657976799136,-2.608860826278536,-0.0010105769341858658,upper,0.1
721,phase2,upper,-15.0,2,-14.985564173086223,-21.031937058448047,-19.70133644787487,-6.186657976799136,-2.608860826278536,-0.0008592212747346604,upper,0.1
722,phase2,upper,-15.0,2,-14.987807329334562,-21.031937058448047,-19.70133644787487,-6.186657976799136,-2.608860826278536,-0.0007218060929362656,upper,0.1
723,phase2,upper,-15.0,2,-14.989793685935517,-21.031937058448047,-19.70133644787487,-6.186657976799136,-2.608860826278536,-0.0005991593049438624,upper,0.1
724,phase2,upper,-15.0,2,-14.991540843886128,-21.031937058448047,-19.70133644787487,-6.186657976799136,-2.608860826278536,-0.0004910651695023961,upper,0.1
725,phase2,upper,-15.0,2,-14.993067633732576,-21.031937058448047,-19.70133644787487,-6.186657976799136,-2.608860826278536,-0.00039676180902159384,upper,0.1
726,phase2,upper,-15.0,2,-14.99439320755961,-21.031937058448047,-19.70133644787487,-6.186657976799136,-2.608860826278536,-0.0003152203365409272,upper,0.1
727,phase2,upper,-15.0,2,-14.99553645669683,-21.031937058448047,-19.70133644787487,-6.186657976799136,-2.608860826278536,-0.00024530216302675884,upper,0.1
728,phase2,upper,-15.0,2,-14.996515634158865,-21.031937058448047,-19.70133644787487,-6.186657976799136,-2.608860826278536,-0.0001858478626001989,upper,0.1
729,phase2,upper,-15.0,2,-14.997348110870998,-21.031937058448047,-19.70133644787487,-6.186657976799136,-2.608860826278536,-0.00013572720068682353,upper,0.1
730,phase2,upper,-15.0,2,-14.998050222794538,-21.031937058448047,-19.70133644787487,-6.186657976799136,-2.608860826278536,-9.38668323436736e-05,upper,0.1
731,phase2,upper,-15.0,2,-14.998637182005814,-21.031937058448047,-19.70133644787487,-6.186657976799136,-2.608860826278536,-5.926494841719396e-05,upper,0.1
732,phase2,upper,-15.0,2,-14.999123034011383,-21.031937058448047,-19.70133644787487,-6.186657976799136,-2.608860826278536,-3.0998144870560525e-05,upper,0.1
733,phase2,upper,-15.0,2,-14.9995206490756,-21.031937058448047,-19.70133644787487,-6.186657976799136,-2.608860826278536,-8.223564600060625e-06,upper,0.1
734,phase2,upper,-15.0,2,-14.999841738732597,-21.031937058448047,-19.70133644787487,-6.186657976799136,-2.608860826278536,9.821886010953095e-06,upper,0.1
735,phase2,upper,-15.0,2,-15.00009689085539,-21.031937058448047,-19.70133644787487,-6.186657976799136,-2.608860826278536,2.3824149941539444e-05,upper,0.1
736,phase2,upper,-15.0,2,-15.000295618159347,-21.031937058448047,-19.70133644787487,-6.186657976799136,-2.608860826278536,3.439577263441077e-05,upper,0.1
737,phase2,upper,-15.0,2,-15.000446416102644,-21.031937058448047,-19.70133644787487,-6.186657976799136,-2.608860826278536,4.208034585140026e-05,upper,0.1
738,phase2,upper,-15.0,2,-15.000556826968324,-21.031937058448047,-19.70133644787487,-6.186657976799136,-2.608860826278536,4.735733847166168e-05,upper,0.1
739,phase2,upper,-15.0,2,-15.000633507559346,-21.031937058448047,-19.70133644787487,-6.186657976799136,-2.608860826278536,5.064710250896602e-05,upper,0.1
740,phase2,upper,-15.0,2,-15.000682298461342,-21.031937058448047,-19.70133644787487,-6.186657976799136,-2.608860826278536,5.231590349268958e-05,upper,0.1
741,phase2,upper,-15.0,2,-15.000708293258722,-21.031937058448047,-19.70133644787487,-6.186657976799136,-2.608860826278536,5.2680866498726954e-05,upper,0.1
742,phase2,upper,-15.0,2,-15.000715906448058,-21.031937058448047,-19.70133644787487,-6.186657976799136,-2.608860826278536,5.201475957253677e-05,upper,0.1
743,phase2,upper,-15.0,2,-15.000708939091764,-21.031937058448047,-19.70133644787487,-6.186657976799136,-2.608860826278536,5.0550559091307534e-05,upper,0.1
744,phase2,upper,-15.0,2,-15.000690641504507,-21.031937058448047,-19.70133644787487,-6.186657976799136,-2.608860826278536,4.848575914081757e-05,upper,0.1
745,phase2,upper,-15.0,2,-15.000663772471926,-21.031937058448047,-19.70133644787487,-6.186657976799136,-2.608860826278536,4.5986400672434694e-05,upper,0.1
746,phase2,upper,-15.0,2,-15.000630654672356,-21.031937058448047,-19.70133644787487,-6.186657976799136,-2.608860826278536,4.319080698058347e-05,upper,0.1
747,phase2,upper,-15.0,2,-15.00059322611195,-21.031937058448047,-19.70133644787487,-6.186657976799136,-2.608860826278536,4.0213020520042496e-05,upper,0.1
748,phase2,upper,-15.0,2,-15.000553087496726,-21.031937058448047,-19.70133644787487,-6.186657976799136,-2.608860826278536,3.714594270536013e-05,upper,0.1
749,phase2,upper,-15.0,2,-15.00051154555511,-21.031937058448047,-19.70133644787487,-6.186657976799136,-2.608860826278536,3.4064183441014025e-05,upper,0.1
750,phase2,upper,-15.0,2,-15.000469652394937,-21.031937058448047,-19.70133644787487,-6.186657976799136,-2.608860826278536,3.1026630982570674e-05,upper,0.1
751,phase2,upper,-15.0,2,-15.000428241032726,-21.031937058448047,-19.70133644787487,-6.186657976799136,-2.608860826278536,2.8078755540232186e-05,upper,0.1
752,phase2,upper,-15.0,2,-15.00038795727272,-21.031937058448047,-19.70133644787487,-6.186657976799136,-2.608860826278536,2.525466199466393e-05,upper,0.1
753,phase2,upper,-15.0,2,-15.000349288141221,-21.031937058448047,-19.70133644787487,-6.186657976799136,-2.608860826278536,2.257890834555782e-05,upper,0.1
754,phase2,upper,-15.0,2,-15.00031258710003,-21.031937058448047,-19.70133644787487,-6.186657976799136,-2.608860826278536,2.0068107194684554e-05,upper,0.1
755,phase2,upper,-15.0,2,-15.000278096273085,-21.031937058448047,-19.70133644787487,-6.186657976799136,-2.608860826278536,1.7732327783876595e-05,upper,0.1
756,phase2,upper,-15.0,2,-15.000245965924274,-21.031937058448047,-19.70133644787487,-6.186657976799136,-2.608860826278536,1.5576315964152938e-05,upper,0.1
757,phase2,upper,-15.0,2,-15.000216271423128,-21.031937058448047,-19.70133644787487,-6.186657976799136,-2.608860826278536,1.3600549040633347e-05,upper,0.1
758,phase2,upper,-15.0,2,-15.000189027929803,-21.031937058448047,-19.70133644787487,-6.186657976799136,-2.608860826278536,1.180214179690363e-05,upper,0.1
759,phase2,upper,-15.0,2,-15.000164203022452,-21.031937058448047,-19.70133644787487,-6.186657976799136,-2.608860826278536,1.0175619198449977e-05,upper,0.1
760,phase2,lower,-20.0,4,-15.000164203022452,-21.14886783933345,-19.631435973641725,-6.073579104040132,-2.5651648101917655,0.02878466192306952,upper,0.1
761,phase2,upper,-15.0,2,-14.97424468980598,-21.14886783933345,-19.631435973641725,-6.073579104040132,-2.5651648101917655,0.014108211859263683,upper,0.1
762,phase2,upper,-15.0,2,-14.96231182941366,-21.14886783933345,-19.631435973641725,-6.073579104040132,-2.5651648101917655,0.006209172230510012,upper,0.1
763,phase2,upper,-15.0,2,-14.957994315770742,-21.14886783933345,-19.631435973641725,-6.073579104040132,-2.5651648101917655,0.002026215998168323,upper,0.1
764,phase2,upper,-15.0,2,-14.957766153836953,-21.14886783933345,-19.631435973641725,-6.073579104040132,-2.5651648101917655,-0.00012373576596466868,upper,0.1
765,phase2,upper,-15.0,2,-14.959671703348757,-21.14886783933345,-19.631435973641725,-6.073579104040132,-2.5651648101917655,-0.0011661690511948737,upper,0.1
766,phase2,upper,-15.0,2,-14.962624046006436,-21.14886783933345,-19.631435973641725,-6.073579104040132,-2.5651648101917655,-0.001610020588578416,upper,0.1
767,phase2,upper,-15.0,2,-14.966018468691383,-21.14886783933345,-19.631435973641725,-6.073579104040132,-2.5651648101917655,-0.001735102334239959,upper,0.1
768,phase2,upper,-15.0,2,-14.969519199012614,-21.14886783933345,-19.631435973641725,-6.073579104040132,-2.5651648101917655,-0.0016951236431986246,upper,0.1
769,phase2,upper,-15.0,2,-14.97294144514984,-21.14886783933345,-19.631435973641725,-6.073579104040132,-2.5651648101917655,-0.0015743374775377406,upper,0.1
770,phase2,upper,-15.0,2,-14.976185905578982,-21.14886783933345,-19.631435973641725,-6.073579104040132,-2.5651648101917655,-0.0014187019065559471,upper,0.1
771,phase2,upper,-15.0,2,-14.97920220512186,-21.14886783933345,-19.631435973641725,-6.073579104040132,-2.5651648101917655,-0.0012530346624148594,upper,0.1
772,phase2,upper,-15.0,2,-14.981968312203678,-21.14886783933345,-19.631435973641725,-6.073579104040132,-2.5651648101917655,-0.0010904670012194737,upper,0.1
773,phase2,upper,-15.0,2,-14.9844788153751,-21.14886783933345,-19.631435973641725,-6.073579104040132,-2.5651648101917655,-0.0009376620061580077,upper,0.1
774,phase2,upper,-15.0,2,-14.98673813698333,-21.14886783933345,-19.631435973641725,-6.073579104040132,-2.5651648101917655,-0.0007977015995224589,upper,0.1
775,phase2,upper,-15.0,2,-14.988756520533807,-21.14886783933345,-19.631435973641725,-6.073579104040132,-2.5651648101917655,-0.0006716889842845245,upper,0.1
776,phase2,upper,-15.0,2,-14.990547595202361,-21.14886783933345,-19.631435973641725,-6.073579104040132,-2.5651648101917655,-0.0005596420738423003,upper,0.1
777,phase2,upper,-15.0,2,-14.992126852900798,-21.14886783933345,-19.631435973641725,-6.073579104040132,-2.5651648101917655,-0.00046099457523383403,upper,0.1
778,phase2,upper,-15.0,2,-14.993510666251538,-21.14886783933345,-19.631435973641725,-6.073579104040132,-2.5651648101917655,-0.00037487911386805545,upper,0.1
779,phase2,upper,-15.0,2,-14.994715637450195,-21.14886783933345,-19.631435973641725,-6.073579104040132,-2.5651648101917655,-0.00030028857859342004,upper,0.1
780,phase2,upper,-15.0,2,-14.995758157429176,-21.14886783933345,-19.631435973641725,-6.073579104040132,-2.5651648101917655,-0.0002361688567626738,upper,0.1
781,phase2,upper,-15.0,2,-14.996654104467709,-21.14886783933345,-19.631435973641725,-6.073579104040132,-2.5651648101917655,-0.00018147246086825717,upper,0.1
782,phase2,upper,-15.0,2,-14.997418639269844,-21.14886783933345,-19.631435973641725,-6.073579104040132,-2.5651648101917655,-0.00013518950893235052,upper,0.1
783,phase2,upper,-15.0,2,-14.998066069355504,-21.14886783933345,-19.631435973641725,-6.073579104040132,-2.5651648101917655,-9.636532379563563e-05,upper,0.1
784,phase2,upper,-15.0,2,-14.998609764766822,-21.14886783933345,-19.631435973641725,-6.073579104040132,-2.5651648101917655,-6.410993220343914e-05,upper,0.1
785,phase2,upper,-15.0,2,-14.999062112543168,-21.14886783933345,-19.631435973641725,-6.073579104040132,-2.5651648101917655,-3.760252841241408e-05,upper,0.1
786,phase2,upper,-15.0,2,-14.999434500791399,-21.14886783933345,-19.631435973641725,-6.073579104040132,-2.5651648101917655,-1.609272508756308e-05,upper,0.1
787,phase2,lower,-20.0,4,-14.999434500791399,-21.247139136216855,-19.552189764724694,-5.962753173806242,-2.524431992644346,0.028567650494386428,upper,0.1
788,phase2,upper,-15.0,2,-14.974011956472143,-21.247139136216855,-19.552189764724694,-5.962753173806242,-2.524431992644346,0.014007134467303561,upper,0.1
789,phase2,upper,-15.0,2,-14.962420975117952,-21.247139136216855,-19.552189764724694,-5.962753173806242,-2.524431992644346,0.006175244153117402,upper,0.1
790,phase2,upper,-15.0,2,-14.958341097050141,-21.247139136216855,-19.552189764724694,-5.962753173806242,-2.524431992644346,0.00203150463886551,upper,0.1
791,phase2,upper,-15.0,2,-14.958277439777202,-21.247139136216855,-19.552189764724694,-5.962753173806242,-2.524431992644346,-9.550709426815415e-05,upper,0.1
792,phase2,upper,-15.0,2,-14.960294240154779,-21.247139136216855,-19.552189764724694,-5.962753173806242,-2.524431992644346,-0.0011246993235292627,upper,0.1
793,phase2,upper,-15.0,2,-14.963317924438629,-21.247139136216855,-19.552189764724694,-5.962753173806242,-2.524431992644346,-0.0015612445235453159,upper,0.1
794,phase2,upper,-15.0,2,-14.966753208422777,-21.247139136216855,-19.552189764724694,-5.962753173806242,-2.524431992644346,-0.0016827573312121122,upper,0.1
795,phase2,upper,-15.0,2,-14.970271302730362,-21.247139136216855,-19.552189764724694,-5.962753173806242,-2.524431992644346,-0.0016416296957561189,upper,0.1
796,phase2,upper,-15.0,2,-14.973692790635125,-21.247139136216855,-19.552189764724694,-5.962753173806242,-2.524431992644346,-0.00152129756293733,upper,0.1
797,phase2,upper,-15.0,2,-14.976922626927367,-21.247139136216855,-19.552189764724694,-5.962753173806242,-2.524431992644346,-0.0013671919230817354,upper,0.1
798,phase2,upper,-15.0,2,-14.979913869555178,-21.247139136216855,-19.552189764724694,-5.962753173806242,-2.524431992644346,-0.0012037759437555449,upper,0.1
799,phase2,upper,-15.0,2,-14.982647284158212,-21.247139136216855,-19.552189764724694,-5.962753173806242,-2.524431992644346,-0.001043932662956019,upper,0.1
