episode,phase,route,return,steps,q_start_right,q_start_down,q_shield_right,q_d1_right,q_d2_right,mood_M,greedy_route,epsilon
0,phase1,upper,-15.0,2,-1.25,0.0,0.0,0.0,0.0,nan,lower,0.1
1,phase1,lower,-10.0,4,-1.25,-0.25,-0.25,-0.25,-0.25,nan,lower,0.1
2,phase1,lower,-10.0,4,-1.25,-0.5,-0.5,-0.5,-0.475,nan,lower,0.1
3,phase1,lower,-10.0,4,-1.25,-0.75,-0.75,-0.7475,-0.6775,nan,lower,0.1
4,phase1,lower,-10.0,4,-1.25,-1.0,-0.99975,-0.9905,-0.85975,nan,lower,0.1
5,phase1,lower,-10.0,4,-1.25,-1.249975,-1.248825,-1.227425,-1.023775,nan,lower,0.1
6,phase1,lower,-10.0,4,-1.25,-1.49986,-1.496685,-1.45706,-1.1713975,nan,upper,0.1
7,phase1,upper,-15.0,2,-2.4000000000000004,-1.49986,-1.496685,-1.45706,-1.1713975,nan,lower,0.1
8,phase1,lower,-10.0,4,-2.4000000000000004,-1.7495425,-1.7427225000000002,-1.6784937500000001,-1.30425775,nan,lower,0.1
9,phase1,lower,-10.0,4,-2.4000000000000004,-1.9988605000000002,-1.9862996250000002,-1.8910701500000002,-1.4238319750000001,nan,lower,0.1
10,phase1,lower,-10.0,4,-2.4000000000000004,-2.2476044125000003,-2.2267766775,-2.0943463325000002,-1.5314487775,nan,lower,0.1
11,phase1,lower,-10.0,4,-2.4000000000000004,-2.495521639,-2.4635336430000003,-2.2880565770000003,-1.6283038997500001,nan,upper,0.1
12,phase1,upper,-15.0,2,-3.4575000000000005,-2.495521639,-2.4635336430000003,-2.2880565770000003,-1.6283038997500001,nan,lower,0.1
13,phase1,lower,-10.0,4,-3.4575000000000005,-2.7423228394,-2.6959859364000005,-2.4720813092750005,-1.715473509775,nan,lower,0.1
14,phase1,lower,-10.0,4,-3.4575000000000005,-2.9876891491,-2.9235954736875005,-2.6464205293250003,-1.7939261587975,nan,lower,0.1
15,phase1,lower,-10.0,4,-3.4575000000000005,-3.23127978155875,-3.1458779792512503,-2.81117109227225,-1.8645335429177499,nan,lower,0.1
16,phase1,lower,-10.0,4,-3.4575000000000005,-3.472739601328,-3.3624072905533504,-2.9665073373368003,-1.9280801886259749,nan,upper,0.1
17,phase1,upper,-15.0,2,-4.429500000000001,-3.472739601328,-3.3624072905533504,-2.9665073373368003,-1.9280801886259749,nan,lower,0.1
18,phase1,lower,-10.0,4,-4.429500000000001,-3.711706370250535,-3.5728172952316952,-3.1126646224657177,-1.9852721697633773,nan,lower,0.1
19,phase1,lower,-10.0,4,-4.429500000000001,-3.947817462748651,-3.7768020279550973,-3.2499253771954835,-2.0367449527870396,nan,lower,0.1
20,phase1,lower,-10.0,4,-4.429500000000001,-4.1807159192692955,-3.9741143628791358,-3.378607334754639,-2.0830704575083354,nan,lower,0.1
21,phase1,lower,-10.0,4,-4.429500000000001,-4.41005576363028,-4.164563660066686,-3.4990536470300087,-2.124763411757502,nan,lower,0.1
22,phase1,lower,-10.0,4,-4.429500000000001,-4.63550655327392,-4.348012658763018,-3.611624623502758,-2.162287070581752,nan,upper,0.1
23,phase1,upper,-15.0,2,-5.322525000000001,-4.63550655327392,-4.348012658763018,-3.611624623502758,-2.162287070581752,nan,lower,0.1
24,phase1,lower,-10.0,4,-5.322525000000001,-4.85675716382283,-4.524373855236992,-3.7166908682106574,-2.196058363523577,nan,lower,0.1
25,phase1,lower,-10.0,4,-5.322525000000001,-5.073518832964246,-4.693605556534359,-3.8146276177419494,-2.226452527171219,nan,lower,0.1
26,phase1,lower,-10.0,4,-5.322525000000001,-5.285527505321257,-4.855707762655118,-3.9058101086848764,-2.2538072744540973,nan,lower,0.1
27,phase1,lower,-10.0,4,-5.322525000000001,-5.492545531054643,-5.010717997258094,-3.9906098252617985,-2.2784265470086877,nan,upper,0.1
28,phase1,upper,-15.0,2,-6.142650000000001,-5.492545531054643,-5.010717997258094,-3.9906098252617985,-2.2784265470086877,nan,lower,0.1
29,phase1,lower,-10.0,4,-6.142650000000001,-5.694362777674987,-5.158707180058465,-4.069391497436487,-2.300583892307819,nan,lower,0.1
30,phase1,lower,-10.0,4,-6.142650000000001,-5.890797217913335,-5.299775611796267,-4.1425107369236205,-2.320525503077037,nan,lower,0.1
31,phase1,lower,-10.0,4,-6.142650000000001,-6.081695057301628,-5.434049124309003,-4.210312213538963,-2.338472952769333,nan,lower,0.1
32,phase1,upper,-15.0,2,-6.895524750000001,-6.081695057301628,-5.434049124309003,-4.210312213538963,-2.338472952769333,nan,lower,0.1
33,phase1,lower,-10.0,4,-6.895524750000001,-6.266930464002366,-5.561675433231999,-4.273128287462,-2.3546256574923996,nan,lower,0.1
34,phase1,lower,-10.0,4,-6.895524750000001,-6.446404960925329,-5.682820718654999,-4.33127802446504,-2.3691630917431596,nan,lower,0.1
35,phase1,lower,-10.0,4,-6.895524750000001,-6.620046536698296,-5.7976664492360035,-4.385066531192852,-2.382246782568844,nan,lower,0.1
36,phase1,lower,-10.0,4,-6.895524750000001,-6.787808527952067,-5.906406457431689,-4.434784556330451,-2.3940221043119596,nan,lower,0.1
37,phase1,lower,-10.0,4,-6.895524750000001,-6.949668320900029,-6.009244267321565,-4.480708311128602,-2.4046198938807635,nan,upper,0.1
38,phase1,upper,-15.0,2,-7.586398050000001,-6.949668320900029,-6.009244267321565,-4.480708311128602,-2.4046198938807635,nan,lower,0.1
39,phase1,lower,-10.0,4,-7.586398050000001,-7.105625915542182,-6.106390671702268,-4.523099469403818,-2.4141579044926873,nan,lower,0.1
40,phase1,lower,-10.0,4,-7.586398050000001,-7.255702391158191,-6.198061551472423,-4.562205312912705,-2.4227421140434187,nan,lower,0.1
41,phase1,upper,-15.0,2,-8.220141442500001,-7.255702391158191,-6.198061551472423,-4.562205312912705,-2.4227421140434187,nan,lower,0.1
42,phase1,lower,-10.0,4,-8.220141442500001,-7.399938307189614,-6.284475927616452,-4.598258993025777,-2.430467902639077,nan,lower,0.1
43,phase1,lower,-10.0,4,-8.220141442500001,-7.538392069232298,-6.365854234157384,-4.631479883987106,-2.4374211123751692,nan,lower,0.1
44,phase1,lower,-10.0,4,-8.220141442500001,-7.6711382857248065,-6.442416799140356,-4.662074006825913,-2.443679001137652,nan,lower,0.1
45,phase1,lower,-10.0,4,-8.220141442500001,-7.798266137066362,-6.514382519908912,-4.690234506257086,-2.449311101023887,nan,lower,0.1
46,phase1,lower,-10.0,4,-8.220141442500001,-7.919877775350617,-6.581967718543729,-4.716142165733766,-2.454379990921498,nan,lower,0.1
47,phase1,lower,-10.0,4,-8.220141442500001,-8.036086769669929,-6.645385163262732,-4.739965948252539,-2.4589419918293483,nan,lower,0.1
48,phase1,lower,-10.0,4,-8.220141442500001,-8.147016609029208,-6.704843241761713,-4.761863552610221,-2.4630477926464134,nan,lower,0.1
49,phase1,lower,-10.0,4,-8.220141442500001,-8.25279927230246,-6.760545272846564,-4.78198197661384,-2.4667430133817723,nan,upper,0.1
50,phase1,upper,-15.0,2,-8.801272176000001,-8.25279927230246,-6.760545272846564,-4.78198197661384,-2.4667430133817723,nan,lower,0.1
51,phase1,lower,-10.0,4,-8.801272176000001,-8.35357387235687,-6.812688943223291,-4.800458080290633,-2.470068712043595,nan,lower,0.1
52,phase1,lower,-10.0,4,-8.801272176000001,-8.449485379443512,-6.8614658569300255,-4.817419143465929,-2.4730618408392355,nan,lower,0.1
53,phase1,lower,-10.0,4,-8.801272176000001,-8.540683427192164,-6.907061185583616,-4.83298341320326,-2.475755656755312,nan,lower,0.1
54,phase1,lower,-10.0,4,-8.801272176000001,-8.62732120303131,-6.94965340834558,-4.847260637558465,-2.4781800910797807,nan,lower,0.1
55,phase1,lower,-10.0,4,-8.801272176000001,-8.709554423562736,-6.9894141312668685,-4.860352582910597,-2.4803620819718026,nan,lower,0.1
56,phase1,lower,-10.0,4,-8.801272176000001,-8.78754039433315,-7.026507976431241,-4.872353532816717,-2.4823258737746223,nan,lower,0.1
57,phase1,lower,-10.0,4,-8.801272176000001,-8.861437152542958,-7.061092532069789,-4.883350766912508,-2.48409328639716,nan,upper,0.1
58,phase1,upper,-15.0,2,-9.333975348375,-8.861437152542958,-7.061092532069789,-4.883350766912508,-2.48409328639716,nan,lower,0.1
59,phase1,lower,-10.0,4,-9.333975348375,-8.931402690495641,-7.093318355554061,-4.893425018860973,-2.485683957757444,nan,lower,0.1
60,phase1,lower,-10.0,4,-9.333975348375,-8.997594257001483,-7.123329021884752,-4.90265091275062,-2.4871155619816996,nan,lower,0.1
61,phase1,lower,-10.0,4,-9.333975348375,-9.06016773348981,-7.151261210971339,-4.911097377673729,-2.4884040057835297,nan,lower,0.1
62,phase1,lower,-10.0,4,-9.333975348375,-9.119277081237962,-7.177244827641578,-4.9188280404847085,-2.4895636052051766,nan,lower,0.1
63,phase1,lower,-10.0,4,-9.333975348375,-9.175073855878324,-7.201403148925891,-4.925901596956756,-2.490607244684659,nan,lower,0.1
64,phase1,lower,-10.0,4,-9.333975348375,-9.22770678518308,-7.223852993728977,-4.932372161729546,-2.4915465202161933,nan,lower,0.1
65,phase1,lower,-10.0,4,-9.333975348375,-9.27732140603767,-7.244704910529034,-4.938289597578211,-2.492391868194574,nan,lower,0.1
66,phase1,lower,-10.0,4,-9.333975348375,-9.324059756486806,-7.264063379233952,-4.943699824639848,-2.4931526813751166,nan,lower,0.1
67,phase1,lower,-10.0,4,-9.333975348375,-9.36806011876152,-7.282027023774542,-4.948645110313374,-2.493837413237605,nan,upper,0.1
68,phase1,upper,-15.0,2,-9.822125164515,-9.36806011876152,-7.282027023774542,-4.948645110313374,-2.493837413237605,nan,lower,0.1
69,phase1,lower,-10.0,4,-9.822125164515,-9.409456809262823,-7.298688832428425,-4.953164340605797,-2.4944536719138446,nan,lower,0.1
70,phase1,lower,-10.0,4,-9.822125164515,-9.448380011579383,-7.314136383246162,-4.957293273736601,-2.49500830472246,nan,lower,0.1
71,phase1,lower,-10.0,4,-9.822125164515,-9.48495564874606,-7.328452072295207,-4.961064776835187,-2.495507474250214,nan,lower,0.1
72,phase1,upper,-15.0,2,-10.26930526394325,-9.48495564874606,-7.328452072295207,-4.961064776835187,-2.495507474250214,nan,lower,0.1
73,phase1,lower,-10.0,4,-10.26930526394325,-9.519305291100975,-7.3417133427492045,-4.96450904657669,-2.4959567268251925,nan,lower,0.1
74,phase1,lower,-10.0,4,-10.26930526394325,-9.551546096265799,-7.353992913131953,-4.96765381460154,-2.4963610541426733,nan,lower,0.1
75,phase1,lower,-10.0,4,-10.26930526394325,-9.581790777952415,-7.365359003278912,-4.970524538555654,-2.496724948728406,nan,lower,0.1
76,phase1,lower,-10.0,4,-10.26930526394325,-9.610147600485064,-7.375875556806586,-4.973144579572929,-2.4970524538555656,nan,lower,0.1
77,phase1,lower,-10.0,4,-10.26930526394325,-9.636720396117216,-7.385602459083221,-4.975535367001193,-2.4973472084700092,nan,lower,0.1
78,phase1,lower,-10.0,4,-10.26930526394325,-9.661608602413816,-7.394595749875018,-4.977716551148075,-2.4976124876230084,nan,lower,0.1
79,phase1,upper,-15.0,2,-10.6788280918407,-9.661608602413816,-7.394595749875018,-4.977716551148075,-2.4976124876230084,nan,lower,0.1
80,phase1,lower,-10.0,4,-10.6788280918407,-9.684907317159936,-7.402907830002324,-4.979706144795568,-2.4978512388607075,nan,lower,0.1
81,phase1,lower,-10.0,4,-10.6788280918407,-9.706707368444174,-7.410587661481648,-4.981520654202082,-2.4980661149746366,nan,lower,0.1
82,phase1,lower,-10.0,4,-10.6788280918407,-9.727095397747922,-7.417680960753691,-4.983175200279337,-2.498259503477173,nan,lower,0.1
83,phase1,lower,-10.0,4,-10.6788280918407,-9.746153954048498,-7.424230384706255,-4.984683630599121,-2.4984335531294555,nan,lower,0.1
84,phase1,lower,-10.0,4,-10.6788280918407,-9.763961597114275,-7.430275709295541,-4.986058622852155,-2.49859019781651,nan,lower,0.1
85,phase1,lower,-10.0,4,-10.6788280918407,-9.780593008332401,-7.435854000651203,-4.98731178034859,-2.498731178034859,nan,lower,0.1
86,phase1,lower,-10.0,4,-10.6788280918407,-9.796119107564282,-7.440999778620942,-4.988453720117217,-2.498858060231373,nan,lower,0.1
87,phase1,lower,-10.0,4,-10.6788280918407,-9.810607174669947,-7.445745172770569,-4.989494154128633,-2.4989722542082355,nan,lower,0.1
88,phase1,lower,-10.0,4,-10.6788280918407,-9.824120974480008,-7.450120070906375,-4.990441964136593,-2.499075028787412,nan,lower,0.1
89,phase1,lower,-10.0,4,-10.6788280918407,-9.836720884122645,-7.454152260229397,-4.991305270601675,-2.4991675259086708,nan,lower,0.1
90,phase1,lower,-10.0,4,-10.6788280918407,-9.84846402173332,-7.4578675612666245,-4.992091496132375,-2.4992507733178035,nan,lower,0.1
91,phase1,lower,-10.0,4,-10.6788280918407,-9.859404375686651,-7.4612899547532,-4.992807423850918,-2.4993256959860233,nan,lower,0.1
92,phase1,lower,-10.0,4,-10.6788280918407,-9.869592933593307,-7.464441701662972,-4.9934592510644285,-2.499393126387421,nan,lower,0.1
93,phase1,lower,-10.0,4,-10.6788280918407,-9.879077810400274,-7.467343456603118,-4.994052638596727,-2.499453813748679,nan,lower,0.1
94,phase1,lower,-10.0,4,-10.6788280918407,-9.887904375020558,-7.470014374802479,-4.994592756111922,-2.499508432373811,nan,lower,0.1
95,phase1,lower,-10.0,4,-10.6788280918407,-9.89611537499875,-7.472472212933424,-4.995084323738111,-2.49955758913643,nan,lower,0.1
96,phase1,lower,-10.0,4,-10.6788280918407,-9.903751058792217,-7.474733424013892,-4.995531650277943,-2.499601830222787,nan,lower,0.1
97,phase1,lower,-10.0,4,-10.6788280918407,-9.910849295314385,-7.4768132466402975,-4.995938668272427,-2.4996416472005083,nan,lower,0.1
98,phase1,lower,-10.0,4,-10.6788280918407,-9.917445690446977,-7.47872578880351,-4.996308966165236,-2.4996774824804575,nan,lower,0.1
99,phase1,lower,-10.0,4,-10.6788280918407,-9.92357370028263,-7.4804841065396825,-4.996645817796758,-2.499709734232412,nan,lower,0.1
100,phase1,lower,-10.0,4,-10.6788280918407,-9.929264740908335,-7.48210027766539,-4.996952209440324,-2.4997387608091706,nan,lower,0.1
101,phase1,lower,-10.0,4,-10.6788280918407,-9.93454829458404,-7.4835854708428835,-4.997230864577209,-2.4997648847282536,nan,lower,0.1
102,phase1,lower,-10.0,4,-10.6788280918407,-9.939452012209925,-7.484950010216316,-4.997484266592314,-2.499788396255428,nan,lower,0.1
103,phase1,lower,-10.0,4,-10.6788280918407,-9.944001812010564,-7.486203435853916,-4.997714679558625,-2.4998095566298852,nan,lower,0.1
104,phase1,lower,-10.0,4,-10.6788280918407,-9.9482219743949,-7.487354560224387,-4.997924167265751,-2.4998286009668966,nan,lower,0.1
105,phase1,lower,-10.0,4,-10.6788280918407,-9.952135232977849,-7.488411520928523,-4.998114610635866,-2.499845740870207,nan,lower,0.1
106,phase1,lower,-10.0,4,-10.6788280918407,-9.955762861772916,-7.489381829899257,-4.9982877236593,-2.4998611667831865,nan,lower,0.1
107,phase1,lower,-10.0,4,-10.6788280918407,-9.959124758585551,-7.490272419275261,-4.998445067971689,-2.4998750501048677,nan,lower,0.1
108,phase1,lower,-10.0,4,-10.6788280918407,-9.962239524654521,-7.491089684144904,-4.998588066185007,-2.499887545094381,nan,lower,0.1
109,phase1,lower,-10.0,4,-10.6788280918407,-9.96512454060356,-7.491839522348914,-4.998718014075944,-2.499898790584943,nan,lower,0.1
110,phase1,lower,-10.0,4,-10.6788280918407,-9.967796038778095,-7.492527371521617,-4.998836091726844,-2.4999089115264486,nan,lower,0.1
111,phase1,lower,-10.0,4,-10.6788280918407,-9.970269172052447,-7.4931582435421396,-4.998943373706804,-2.4999180203738036,nan,lower,0.1
112,phase1,lower,-10.0,4,-10.6788280918407,-9.972558079201416,-7.493736756558606,-4.999040838373504,-2.499926218336423,nan,lower,0.1
113,phase1,lower,-10.0,4,-10.6788280918407,-9.974675946937136,-7.494267164740096,-4.999129376369796,-2.499933596502781,nan,lower,0.1
114,phase1,lower,-10.0,4,-10.6788280918407,-9.976635068717432,-7.494753385903066,-4.999209798383094,-2.499940236852503,nan,lower,0.1
115,phase1,lower,-10.0,4,-10.6788280918407,-9.978446900435996,-7.495199027151069,-4.999282842230035,-2.4999462131672527,nan,lower,0.1
116,phase1,lower,-10.0,4,-10.6788280918407,-9.980122113107504,-7.495607408658966,-4.999349179323756,-2.4999515918505275,nan,lower,0.1
117,phase1,lower,-10.0,4,-10.6788280918407,-9.98167064266265,-7.495981585725445,-4.999409420576433,-2.4999564326654746,nan,lower,0.1
118,phase1,lower,-10.0,4,-10.6788280918407,-9.98310173696893,-7.4963243692105435,-4.999464121785337,-2.4999607893989273,nan,lower,0.1
119,phase1,lower,-10.0,4,-10.6788280918407,-9.98442400019309,-7.496638344468023,-4.999513788546696,-2.4999647104590346,nan,lower,0.1
120,phase1,lower,-10.0,4,-10.6788280918407,-9.985645434620583,-7.49692588887589,-4.999558880737929,-2.499968239413131,nan,lower,0.1
121,phase1,upper,-15.0,2,-11.053753301519228,-9.985645434620583,-7.49692588887589,-4.999558880737929,-2.499968239413131,nan,lower,0.1
122,phase1,lower,-10.0,4,-11.053753301519228,-9.986773480046114,-7.4971891880620944,-4.99959981660545,-2.499971415471818,nan,lower,0.1
123,phase1,lower,-10.0,4,-11.053753301519228,-9.987815050847713,-7.49743025091643,-4.999636976492087,-2.499974273924636,nan,lower,0.1
124,phase1,lower,-10.0,4,-11.053753301519228,-9.988776570854585,-7.497650923473996,-4.999670706235342,-2.499976846532172,nan,lower,0.1
125,phase1,lower,-10.0,4,-11.053753301519228,-9.989664006116525,-7.4978529017501305,-4.999701320265025,-2.499979161878955,nan,lower,0.1
126,phase1,lower,-10.0,4,-11.053753301519228,-9.990482895679886,-7.49803774360162,-4.999729104426418,-2.4999812456910595,nan,lower,0.1
127,phase1,lower,-10.0,4,-11.053753301519228,-9.99123838047206,-7.4982068796841,-4.999754318552882,-2.4999831211219536,nan,lower,0.1
128,phase1,lower,-10.0,4,-11.053753301519228,-9.991935230393263,-7.498361623570979,-4.999777198809789,-2.4999848090097583,nan,lower,0.1
129,phase1,lower,-10.0,4,-11.053753301519228,-9.992577869711035,-7.4985031810948595,-4.999797959829786,-2.4999863281087826,nan,lower,0.1
130,phase1,lower,-10.0,4,-11.053753301519228,-9.993170400849417,-7.4986326589683525,-4.999816796657686,-2.4999876952979045,nan,lower,0.1
131,phase1,lower,-10.0,4,-11.053753301519228,-9.99371662666131,-7.498751072737286,-4.999833886521707,-2.4999889257681143,nan,lower,0.1
132,phase1,lower,-10.0,4,-11.053753301519228,-9.994220071268908,-7.498859354115728,-4.999849390446348,-2.499990033191303,nan,lower,0.1
133,phase1,lower,-10.0,4,-11.053753301519228,-9.99468399955359,-7.498958357748791,-4.999863454720844,-2.499991029872173,nan,lower,0.1
134,phase1,lower,-10.0,4,-11.053753301519228,-9.99511143537311,-7.499048867445996,-4.999876212235977,-2.4999919268849555,nan,lower,0.1
135,phase1,lower,-10.0,4,-11.053753301519228,-9.995505178580398,-7.4991316019249945,-4.999887783700875,-2.49999273419646,nan,lower,0.1
136,phase1,lower,-10.0,4,-11.053753301519228,-9.995867820914858,-7.499207220102583,-4.999898278750433,-2.499993460776814,nan,lower,0.1
137,phase1,lower,-10.0,4,-11.053753301519228,-9.996201760833632,-7.499276325967368,-4.999907796953071,-2.4999941146991325,nan,lower,0.1
138,phase1,lower,-10.0,4,-11.053753301519228,-9.996509217347006,-7.499339473065938,-4.999916428727677,-2.4999947032292194,nan,lower,0.1
139,phase1,lower,-10.0,4,-11.053753301519228,-9.996792242918898,-7.499397168632112,-4.999924256177831,-2.4999952329062975,nan,lower,0.1
140,phase1,lower,-10.0,4,-11.053753301519228,-9.99705273549022,-7.499449877386684,-4.999931353850678,-2.4999957096156677,nan,lower,0.1
141,phase1,lower,-10.0,4,-11.053753301519228,-9.997292449679867,-7.499498025033083,-4.999937789427177,-2.499996138654101,nan,lower,0.1
142,phase1,lower,-10.0,4,-11.053753301519228,-9.997513007215188,-7.499542001472492,-4.99994362434987,-2.499996524788691,nan,lower,0.1
143,phase1,lower,-10.0,4,-11.053753301519228,-9.997715906640918,-7.4995821637602305,-4.999948914393752,-2.499996872309822,nan,lower,0.1
144,phase1,lower,-10.0,4,-11.053753301519228,-9.99790253235285,-7.499618838823583,-4.999953710185359,-2.49999718507884,nan,lower,0.1
145,phase1,lower,-10.0,4,-11.053753301519228,-9.998074162999924,-7.499652325959761,-4.999958057674707,-2.4999974665709557,nan,lower,0.1
146,phase1,lower,-10.0,4,-11.053753301519228,-9.998231979295907,-7.499682899131256,-4.999961998564332,-2.49999771991386,nan,lower,0.1
147,phase1,lower,-10.0,4,-11.053753301519228,-9.998377071279442,-7.499710809074563,-4.999965570699286,-2.4999979479224743,nan,lower,0.1
148,phase1,lower,-10.0,4,-11.053753301519228,-9.998510445058955,-7.499736285237035,-4.999968808421604,-2.499998153130227,nan,lower,0.1
149,phase1,lower,-10.0,4,-11.053753301519228,-9.998633029076762,-7.499759537555493,-4.999971742892466,-2.499998337817204,nan,lower,0.1
150,phase1,lower,-10.0,4,-11.053753301519228,-9.998745679924635,-7.49978075808919,-4.9999744023849395,-2.4999985040354837,nan,lower,0.1
151,phase1,lower,-10.0,4,-11.053753301519228,-9.99884918774109,-7.499800122518765,-4.999976812549994,-2.4999986536319354,nan,lower,0.1
152,phase1,lower,-10.0,4,-11.053753301519228,-9.998944281218858,-7.499817791521888,-4.999978996658188,-2.499998788268742,nan,lower,0.1
153,phase1,lower,-10.0,4,-11.053753301519228,-9.99903163224916,-7.499833912035518,-4.999980975819243,-2.4999989094418678,nan,lower,0.1
154,phase1,lower,-10.0,4,-11.053753301519228,-9.999111860227796,-7.499848618413891,-4.999982769181505,-2.499999018497681,nan,lower,0.1
155,phase1,lower,-10.0,4,-11.053753301519228,-9.999185536046404,-7.499862033490652,-4.999984394113123,-2.499999116647913,nan,lower,0.1
156,phase1,lower,-10.0,4,-11.053753301519228,-9.99925318579083,-7.499874269552899,-4.999985866366602,-2.499999204983122,nan,lower,0.1
157,phase1,lower,-10.0,4,-11.053753301519228,-9.999315294167037,-7.499885429234269,-4.999987200228254,-2.49999928448481,nan,lower,0.1
158,phase1,lower,-10.0,4,-11.053753301519228,-9.99937230767376,-7.499895606333668,-4.99998840865391,-2.4999993560363287,nan,lower,0.1
159,phase1,lower,-10.0,4,-11.053753301519228,-9.99942463753975,-7.499904886565693,-4.999989503392152,-2.4999994204326956,nan,lower,0.1
160,phase1,lower,-10.0,4,-11.053753301519228,-9.999472662442344,-7.499913348248339,-4.999990495096206,-2.499999478389426,nan,lower,0.1
161,phase1,lower,-10.0,4,-11.053753301519228,-9.999516731022943,-7.499921062933126,-4.999991393425528,-2.4999995305504834,nan,lower,0.1
162,phase1,lower,-10.0,4,-11.053753301519228,-9.999557164213961,-7.499928095982366,-4.999992207138024,-2.499999577495435,nan,lower,0.1
163,phase1,lower,-10.0,4,-11.053753301519228,-9.999594257390802,-7.499934507097931,-4.999992944173765,-2.4999996197458914,nan,lower,0.1
164,phase1,lower,-10.0,4,-11.053753301519228,-9.999628282361515,-7.499940350805515,-4.999993611730977,-2.499999657771302,nan,lower,0.1
165,phase1,lower,-10.0,4,-11.053753301519228,-9.999659489205914,-7.4999456768980615,-4.9999942163350095,-2.499999691994172,nan,lower,0.1
166,phase1,lower,-10.0,4,-11.053753301519228,-9.999688107975128,-7.4999505308417564,-4.999994763900926,-2.499999722794755,nan,lower,0.1
167,phase1,lower,-10.0,4,-11.053753301519228,-9.99971435026179,-7.4999549541476735,-4.999995259790309,-2.4999997505152796,nan,lower,0.1
168,phase1,lower,-10.0,4,-11.053753301519228,-9.999738410650378,-7.499958984711937,-4.999995708862806,-2.4999997754637517,nan,lower,0.1
169,phase1,lower,-10.0,4,-11.053753301519228,-9.999760468056534,-7.499962657127024,-4.999996115522901,-2.4999997979173765,nan,lower,0.1
170,phase1,lower,-10.0,4,-11.053753301519228,-9.999780686963582,-7.4999660029666115,-4.999996483762349,-2.4999998181256387,nan,lower,0.1
171,phase1,lower,-10.0,4,-11.053753301519228,-9.999799218563885,-7.499969051046185,-4.999996817198678,-2.4999998363130747,nan,lower,0.1
172,phase1,lower,-10.0,4,-11.053753301519228,-9.999816201812115,-7.499971827661435,-4.999997119110118,-2.4999998526817673,nan,lower,0.1
173,phase1,lower,-10.0,4,-11.053753301519228,-9.999831764397047,-7.4999743568063035,-4.999997392467283,-2.4999998674135906,nan,lower,0.1
174,phase1,lower,-10.0,4,-11.053753301519228,-9.999846023637973,-7.499976660372401,-4.999997639961914,-2.4999998806722314,nan,lower,0.1
175,phase1,lower,-10.0,4,-11.053753301519228,-9.999859087311416,-7.499978758331353,-4.999997864032946,-2.4999998926050084,nan,lower,0.1
176,phase1,lower,-10.0,4,-11.053753301519228,-9.99987105441341,-7.499980668901512,-4.999998066890153,-2.4999999033445075,nan,lower,0.1
177,phase1,lower,-10.0,4,-11.053753301519228,-9.99988201586222,-7.499982408700376,-4.999998250535588,-2.4999999130100568,nan,lower,0.1
178,phase1,lower,-10.0,4,-11.053753301519228,-9.999892055146034,-7.499983992883897,-4.999998416783035,-2.499999921709051,nan,lower,0.1
179,phase1,lower,-10.0,4,-11.053753301519228,-9.999901248919821,-7.499985435273811,-4.999998567275637,-2.499999929538146,nan,lower,0.1
180,phase1,lower,-10.0,4,-11.053753301519228,-9.99990966755522,-7.499986748473994,-4.999998703501888,-2.4999999365843313,nan,lower,0.1
181,phase1,lower,-10.0,4,-11.053753301519228,-9.999917375647097,-7.499987943976783,-4.999998826810132,-2.499999942925898,nan,lower,0.1
182,phase1,upper,-15.0,2,-11.396905188343643,-9.999917375647097,-7.499987943976783,-4.999998826810132,-2.499999942925898,nan,lower,0.1
183,phase1,lower,-10.0,4,-11.396905188343643,-9.999924432480066,-7.4999890322601175,-4.999998938421709,-2.499999948633308,nan,lower,0.1
184,phase1,lower,-10.0,4,-11.396905188343643,-9.999930892458071,-7.499990022876276,-4.999999039442869,-2.4999999537699775,nan,lower,0.1
185,phase1,lower,-10.0,4,-11.396905188343643,-9.99993680549989,-7.499990924532936,-4.9999991308755805,-2.49999995839298,nan,lower,0.1
186,phase1,lower,-10.0,4,-11.396905188343643,-9.999942217403195,-7.4999917451672005,-4.99999921362732,-2.499999962553682,nan,lower,0.1
187,phase1,lower,-10.0,4,-11.396905188343643,-9.999947170179595,-7.499992492013212,-4.999999288519956,-2.4999999662983137,nan,lower,0.1
188,phase1,lower,-10.0,4,-11.396905188343643,-9.999951702362956,-7.499993171663887,-4.999999356297792,-2.4999999696684823,nan,lower,0.1
189,phase1,upper,-15.0,2,-11.710889164787982,-9.999951702362956,-7.499993171663887,-4.999999356297792,-2.4999999696684823,nan,lower,0.1
190,phase1,upper,-15.0,2,-11.998107294060018,-9.999951702362956,-7.499993171663887,-4.999999356297792,-2.4999999696684823,nan,lower,0.1
191,phase1,lower,-10.0,4,-11.998107294060018,-9.99995584929305,-7.499993790127277,-4.999999417634861,-2.499999972701634,nan,lower,0.1
192,phase1,lower,-10.0,4,-11.998107294060018,-9.999959643376473,-7.499994352878035,-4.999999473141538,-2.4999999754314706,nan,lower,0.1
193,phase1,lower,-10.0,4,-11.998107294060018,-9.99996311432663,-7.4999948649043855,-4.999999523370532,-2.4999999778883235,nan,lower,0.1
194,phase1,lower,-10.0,4,-11.998107294060018,-9.999966289384405,-7.499995330751,-4.999999568822311,-2.499999980099491,nan,lower,0.1
195,phase1,lower,-10.0,4,-11.998107294060018,-9.999969193521064,-7.499995754558131,-4.999999609950029,-2.499999982089542,nan,lower,0.1
196,phase1,upper,-15.0,2,-12.260772905829766,-9.999969193521064,-7.499995754558131,-4.999999609950029,-2.499999982089542,nan,lower,0.1
197,phase1,lower,-10.0,4,-12.260772905829766,-9.999971849624771,-7.499996140097321,-4.99999964716398,-2.499999983880588,nan,lower,0.1
198,phase1,upper,-15.0,2,-12.500924322304964,-9.999971849624771,-7.499996140097321,-4.99999964716398,-2.499999983880588,nan,lower,0.1
199,phase1,lower,-10.0,4,-12.500924322304964,-9.999974278672026,-7.499996490803987,-4.999999680835641,-2.499999985492529,nan,lower,0.1
200,phase1,lower,-10.0,4,-12.500924322304964,-9.999976499885221,-7.499996809807152,-4.99999971130133,-2.4999999869432763,nan,lower,0.1
201,phase1,lower,-10.0,4,-12.500924322304964,-9.999978530877414,-7.49999709995657,-4.999999738865524,-2.4999999882489488,nan,lower,0.1
202,phase1,lower,-10.0,4,-12.500924322304964,-9.99998038778533,-7.4999973638474655,-4.999999763803866,-2.4999999894240537,nan,lower,0.1
203,phase1,lower,-10.0,4,-12.500924322304964,-9.999982085391544,-7.499997603843106,-4.999999786365885,-2.499999990481648,nan,lower,0.1
204,phase1,lower,-10.0,4,-12.500924322304964,-9.9999836372367,-7.499997822095383,-4.999999806777462,-2.499999991433483,nan,lower,0.1
205,phase1,lower,-10.0,4,-12.500924322304964,-9.999985055722568,-7.499998020563591,-4.999999825243064,-2.499999992290135,nan,lower,0.1
206,phase1,lower,-10.0,4,-12.500924322304964,-9.99998635220667,-7.499998201031539,-4.999999841947771,-2.499999993061121,nan,lower,0.1
207,phase1,lower,-10.0,4,-12.500924322304964,-9.999987537089158,-7.499998365123162,-4.999999857059106,-2.4999999937550093,nan,lower,0.1
208,phase1,lower,-10.0,4,-12.500924322304964,-9.999988619892559,-7.499998514316756,-4.999999870728697,-2.4999999943795084,nan,lower,0.1
209,phase1,lower,-10.0,4,-12.500924322304964,-9.999989609334978,-7.49999864995795,-4.999999883093778,-2.4999999949415574,nan,lower,0.1
210,phase1,lower,-10.0,4,-12.500924322304964,-9.999990513397275,-7.499998773271533,-4.999999894278556,-2.4999999954474017,nan,lower,0.1
211,phase1,lower,-10.0,4,-12.500924322304964,-9.999991339384701,-7.499998885372235,-4.99999990439544,-2.4999999959026615,nan,lower,0.1
212,phase1,lower,-10.0,4,-12.500924322304964,-9.999992093983455,-7.499998987274555,-4.999999913546162,-2.4999999963123956,nan,lower,0.1
213,phase1,lower,-10.0,4,-12.500924322304964,-9.999992783312564,-7.499999079901716,-4.999999921822785,-2.499999996681156,nan,lower,0.1
214,phase1,lower,-10.0,4,-12.500924322304964,-9.99999341297148,-7.499999164093823,-4.999999929308622,-2.4999999970130404,nan,lower,0.1
215,phase1,lower,-10.0,4,-12.500924322304964,-9.999993988083713,-7.499999240615303,-4.999999936079064,-2.499999997311736,nan,lower,0.1
216,phase1,lower,-10.0,4,-12.500924322304964,-9.99999451333687,-7.499999310161678,-4.999999942202331,-2.4999999975805625,nan,lower,0.1
217,phase1,lower,-10.0,4,-12.500924322304964,-9.999994993019351,-7.4999993733657435,-4.999999947740155,-2.4999999978225063,nan,lower,0.1
218,phase1,lower,-10.0,4,-12.500924322304964,-9.999995431053991,-7.499999430803185,-4.999999952748389,-2.4999999980402556,nan,lower,0.1
219,phase1,lower,-10.0,4,-12.500924322304964,-9.99999583102891,-7.499999482997706,-4.999999957277576,-2.49999999823623,nan,lower,0.1
220,phase1,lower,-10.0,4,-12.500924322304964,-9.999996196225789,-7.499999530425693,-4.999999961373442,-2.499999998412607,nan,lower,0.1
221,phase1,lower,-10.0,4,-12.500924322304964,-9.99999652964578,-7.499999573520467,-4.999999965077358,-2.4999999985713464,nan,lower,0.1
222,phase1,lower,-10.0,4,-12.500924322304964,-9.999996834033247,-7.499999612676157,-4.999999968426757,-2.4999999987142116,nan,lower,0.1
223,phase1,lower,-10.0,4,-12.500924322304964,-9.999997111897539,-7.499999648251217,-4.999999971455503,-2.4999999988427906,nan,lower,0.1
224,phase1,lower,-10.0,4,-12.500924322304964,-9.999997365532906,-7.499999680571646,-4.999999974194232,-2.4999999989585113,nan,lower,0.1
225,phase1,lower,-10.0,4,-12.500924322304964,-9.99999759703678,-7.499999709933904,-4.99999997667066,-2.49999999906266,nan,lower,0.1
226,phase1,lower,-10.0,4,-12.500924322304964,-9.999997808326492,-7.49999973660758,-4.99999997890986,-2.499999999156394,nan,lower,0.1
227,phase1,lower,-10.0,4,-12.500924322304964,-9.999998001154601,-7.499999760837808,-4.999999980934513,-2.4999999992407544,nan,lower,0.1
228,phase1,lower,-10.0,4,-12.500924322304964,-9.999998177122922,-7.499999782847478,-4.999999982765138,-2.499999999316679,nan,lower,0.1
229,phase1,lower,-10.0,4,-12.500924322304964,-9.999998337695377,-7.499999802839244,-4.999999984420292,-2.499999999385011,nan,lower,0.1
230,phase1,lower,-10.0,4,-12.500924322304964,-9.999998484209764,-7.499999820997349,-4.999999985916764,-2.49999999944651,nan,lower,0.1
231,phase1,lower,-10.0,4,-12.500924322304964,-9.999998617888522,-7.49999983748929,-4.999999987269739,-2.499999999501859,nan,lower,0.1
232,phase1,lower,-10.0,4,-12.500924322304964,-9.9999987398486,-7.499999852467335,-4.9999999884929505,-2.499999999551673,nan,lower,0.1
233,phase1,lower,-10.0,4,-12.500924322304964,-9.999998851110472,-7.4999998660698965,-4.999999989598822,-2.4999999995965054,nan,lower,0.1
234,phase1,lower,-10.0,4,-12.500924322304964,-9.999998952606415,-7.4999998784227895,-4.999999990598591,-2.499999999636855,nan,lower,0.1
235,phase1,lower,-10.0,4,-12.500924322304964,-9.999999045188051,-7.499999889640369,-4.999999991502417,-2.4999999996731694,nan,lower,0.1
236,phase1,lower,-10.0,4,-12.500924322304964,-9.999999129633283,-7.499999899826574,-4.999999992319492,-2.4999999997058526,nan,lower,0.1
237,phase1,lower,-10.0,4,-12.500924322304964,-9.999999206652612,-7.499999909075866,-4.999999993058128,-2.4999999997352673,nan,lower,0.1
238,phase1,lower,-10.0,4,-12.500924322304964,-9.999999276894938,-7.499999917474092,-4.999999993725842,-2.499999999761741,nan,lower,0.1
239,phase1,lower,-10.0,4,-12.500924322304964,-9.999999340952854,-7.499999925099267,-4.999999994329432,-2.4999999997855666,nan,lower,0.1
240,phase1,lower,-10.0,4,-12.500924322304964,-9.999999399367496,-7.499999932022284,-4.999999994875045,-2.49999999980701,nan,lower,0.1
241,phase1,lower,-10.0,4,-12.500924322304964,-9.999999452632975,-7.49999993830756,-4.999999995368242,-2.4999999998263087,nan,lower,0.1
242,phase1,lower,-10.0,4,-12.500924322304964,-9.999999501200435,-7.499999944013629,-4.999999995814049,-2.499999999843678,nan,lower,0.1
243,phase1,lower,-10.0,4,-12.500924322304964,-9.999999545481755,-7.499999949193671,-4.999999996217012,-2.4999999998593103,nan,lower,0.1
244,phase1,lower,-10.0,4,-12.500924322304964,-9.999999585852947,-7.499999953896005,-4.999999996581241,-2.4999999998733795,nan,lower,0.1
245,phase1,lower,-10.0,4,-12.500924322304964,-9.999999622657253,-7.499999958164528,-4.999999996910455,-2.4999999998860414,nan,lower,0.1
246,phase1,lower,-10.0,4,-12.500924322304964,-9.99999965620798,-7.499999962039121,-4.999999997208014,-2.499999999897437,nan,lower,0.1
247,phase1,lower,-10.0,4,-12.500924322304964,-9.999999686791094,-7.49999996555601,-4.999999997476956,-2.4999999999076934,nan,lower,0.1
248,phase1,lower,-10.0,4,-12.500924322304964,-9.999999714667586,-7.499999968748105,-4.99999999772003,-2.4999999999169242,nan,lower,0.1
249,phase1,lower,-10.0,4,-12.500924322304964,-9.999999740075639,-7.499999971645297,-4.999999997939719,-2.499999999925232,nan,lower,0.1
250,phase1,lower,-10.0,4,-12.500924322304964,-9.999999763232605,-7.49999997427474,-4.999999998138271,-2.4999999999327085,nan,lower,0.1
251,phase1,lower,-10.0,4,-12.500924322304964,-9.999999784336818,-7.499999976661093,-4.999999998317715,-2.499999999939438,nan,lower,0.1
252,phase1,lower,-10.0,4,-12.500924322304964,-9.999999803569246,-7.4999999788267555,-4.999999998479887,-2.499999999945494,nan,lower,0.1
253,phase1,lower,-10.0,4,-12.500924322304964,-9.999999821094997,-7.499999980792069,-4.999999998626448,-2.4999999999509446,nan,lower,0.1
254,phase1,upper,-15.0,2,-12.720437726426825,-9.999999821094997,-7.499999980792069,-4.999999998626448,-2.4999999999509446,nan,lower,0.1
255,phase1,lower,-10.0,4,-12.720437726426825,-9.999999837064705,-7.499999982575507,-4.999999998758898,-2.49999999995585,nan,lower,0.1
256,phase1,lower,-10.0,4,-12.720437726426825,-9.999999851615785,-7.499999984193846,-4.999999998878593,-2.499999999960265,nan,lower,0.1
257,phase1,lower,-10.0,4,-12.720437726426825,-9.99999986487359,-7.4999999856623205,-4.99999999898676,-2.4999999999642384,nan,lower,0.1
258,phase1,lower,-10.0,4,-12.720437726426825,-9.999999876952463,-7.499999986994764,-4.999999999084507,-2.4999999999678146,nan,lower,0.1
259,phase1,lower,-10.0,4,-12.720437726426825,-9.999999887956694,-7.499999988203738,-4.999999999172838,-2.499999999971033,nan,lower,0.1
260,phase1,lower,-10.0,4,-12.720437726426825,-9.999999897981398,-7.499999989300648,-4.999999999252657,-2.4999999999739297,nan,lower,0.1
261,phase1,lower,-10.0,4,-12.720437726426825,-9.999999907113324,-7.49999999029585,-4.999999999324785,-2.499999999976537,nan,lower,0.1
262,phase1,lower,-10.0,4,-12.720437726426825,-9.999999915431577,-7.499999991198743,-4.99999999938996,-2.499999999978883,nan,lower,0.1
263,phase1,lower,-10.0,4,-12.720437726426825,-9.999999923008293,-7.499999992017865,-4.999999999448852,-2.4999999999809948,nan,lower,0.1
264,phase1,lower,-10.0,4,-12.720437726426825,-9.99999992990925,-7.499999992760964,-4.999999999502067,-2.4999999999828955,nan,lower,0.1
265,phase1,lower,-10.0,4,-12.720437726426825,-9.999999936194422,-7.4999999934350745,-4.99999999955015,-2.499999999984606,nan,lower,0.1
266,phase1,lower,-10.0,4,-12.720437726426825,-9.999999941918487,-7.499999994046582,-4.999999999593595,-2.4999999999861453,nan,lower,0.1
267,phase1,lower,-10.0,4,-12.720437726426825,-9.999999947131297,-7.499999994601283,-4.99999999963285,-2.499999999987531,nan,lower,0.1
268,phase1,lower,-10.0,4,-12.720437726426825,-9.999999951878296,-7.49999999510444,-4.999999999668319,-2.499999999988778,nan,lower,0.1
269,phase1,lower,-10.0,4,-12.720437726426825,-9.99999995620091,-7.499999995560827,-4.999999999700364,-2.4999999999899,nan,lower,0.1
270,phase1,lower,-10.0,4,-12.720437726426825,-9.9999999601369,-7.499999995974781,-4.999999999729318,-2.49999999999091,nan,lower,0.1
271,phase1,lower,-10.0,4,-12.720437726426825,-9.999999963720688,-7.499999996350234,-4.999999999755477,-2.499999999991819,nan,lower,0.1
272,phase1,lower,-10.0,4,-12.720437726426825,-9.999999966983642,-7.499999996690758,-4.999999999779112,-2.499999999992637,nan,lower,0.1
273,phase1,lower,-10.0,4,-12.720437726426825,-9.999999969954354,-7.499999996999594,-4.9999999998004645,-2.4999999999933733,nan,lower,0.1
274,phase1,lower,-10.0,4,-12.720437726426825,-9.999999972658879,-7.499999997279681,-4.999999999819756,-2.499999999994036,nan,lower,0.1
275,phase1,lower,-10.0,4,-12.720437726426825,-9.999999975120959,-7.499999997533688,-4.999999999837184,-2.4999999999946323,nan,lower,0.1
276,phase1,lower,-10.0,4,-12.720437726426825,-9.999999977362233,-7.4999999977640375,-4.999999999852928,-2.499999999995169,nan,lower,0.1
277,phase1,lower,-10.0,4,-12.720437726426825,-9.999999979402414,-7.499999997972926,-4.9999999998671525,-2.4999999999956524,nan,lower,0.1
278,phase1,lower,-10.0,4,-12.720437726426825,-9.999999981259466,-7.499999998162349,-4.999999999880003,-2.499999999996087,nan,lower,0.1
279,phase1,lower,-10.0,4,-12.720437726426825,-9.999999982949754,-7.499999998334115,-4.999999999891611,-2.4999999999964784,nan,lower,0.1
280,phase1,lower,-10.0,4,-12.720437726426825,-9.999999984488191,-7.499999998489864,-4.999999999902098,-2.4999999999968305,nan,lower,0.1
281,phase1,lower,-10.0,4,-12.720437726426825,-9.999999985888358,-7.499999998631087,-4.999999999911571,-2.4999999999971476,nan,lower,0.1
282,phase1,lower,-10.0,4,-12.720437726426825,-9.999999987162631,-7.499999998759136,-4.999999999920129,-2.4999999999974327,nan,lower,0.1
283,phase1,lower,-10.0,4,-12.720437726426825,-9.999999988322282,-7.499999998875235,-4.9999999999278595,-2.4999999999976894,nan,lower,0.1
284,phase1,upper,-15.0,2,-12.921039206501264,-9.999999988322282,-7.499999998875235,-4.9999999999278595,-2.4999999999976894,nan,lower,0.1
285,phase1,lower,-10.0,4,-12.921039206501264,-9.999999989377578,-7.499999998980497,-4.999999999934842,-2.4999999999979203,nan,lower,0.1
286,phase1,lower,-10.0,4,-12.921039206501264,-9.99999999033787,-7.499999999075932,-4.99999999994115,-2.499999999998128,nan,lower,0.1
287,phase1,lower,-10.0,4,-12.921039206501264,-9.999999991211675,-7.499999999162454,-4.999999999946848,-2.499999999998315,nan,lower,0.1
288,phase1,upper,-15.0,2,-13.104316013296547,-9.999999991211675,-7.499999999162454,-4.999999999946848,-2.499999999998315,nan,lower,0.1
289,phase1,lower,-10.0,4,-13.104316013296547,-9.999999992006753,-7.4999999992408934,-4.999999999951995,-2.4999999999984834,nan,lower,0.1
290,phase1,lower,-10.0,4,-13.104316013296547,-9.999999992730167,-7.499999999312004,-4.999999999956644,-2.499999999998635,nan,lower,0.1
291,phase1,lower,-10.0,4,-13.104316013296547,-9.99999999338835,-7.499999999376468,-4.999999999960843,-2.499999999998771,nan,lower,0.1
292,phase1,lower,-10.0,4,-13.104316013296547,-9.999999993987162,-7.499999999434905,-4.999999999964635,-2.499999999998894,nan,lower,0.1
293,phase1,lower,-10.0,4,-13.104316013296547,-9.999999994531937,-7.499999999487878,-4.999999999968061,-2.499999999999005,nan,lower,0.1
294,phase1,lower,-10.0,4,-13.104316013296547,-9.999999995027531,-7.499999999535897,-4.9999999999711555,-2.4999999999991043,nan,lower,0.1
295,phase1,lower,-10.0,4,-13.104316013296547,-9.999999995478367,-7.499999999579423,-4.999999999973951,-2.499999999999194,nan,lower,0.1
296,phase1,upper,-15.0,2,-13.271727066667761,-9.999999995478367,-7.499999999579423,-4.999999999973951,-2.499999999999194,nan,lower,0.1
297,phase1,lower,-10.0,4,-13.271727066667761,-9.999999995888473,-7.4999999996188755,-4.999999999976475,-2.4999999999992744,nan,lower,0.1
298,phase1,lower,-10.0,4,-13.271727066667761,-9.999999996261513,-7.499999999654635,-4.999999999978755,-2.4999999999993467,nan,lower,0.1
299,phase1,lower,-10.0,4,-13.271727066667761,-9.999999996600826,-7.499999999687048,-4.999999999980814,-2.499999999999412,nan,lower,0.1
300,phase1,lower,-10.0,4,-13.271727066667761,-9.999999996909448,-7.499999999716424,-4.999999999982673,-2.4999999999994706,nan,lower,0.1
301,phase1,lower,-10.0,4,-13.271727066667761,-9.999999997190146,-7.499999999743049,-4.999999999984353,-2.4999999999995235,nan,lower,0.1
302,phase1,lower,-10.0,4,-13.271727066667761,-9.999999997445437,-7.499999999767179,-4.99999999998587,-2.499999999999571,nan,lower,0.1
303,phase1,lower,-10.0,4,-13.271727066667761,-9.999999997677612,-7.499999999789048,-4.99999999998724,-2.499999999999614,nan,lower,0.1
304,phase1,lower,-10.0,4,-13.271727066667761,-9.999999997888755,-7.499999999808868,-4.999999999988478,-2.4999999999996527,nan,lower,0.1
305,phase1,lower,-10.0,4,-13.271727066667761,-9.999999998080767,-7.499999999826828,-4.999999999989595,-2.4999999999996874,nan,lower,0.1
306,phase1,lower,-10.0,4,-13.271727066667761,-9.999999998255372,-7.499999999843105,-4.999999999990604,-2.4999999999997184,nan,lower,0.1
307,phase1,lower,-10.0,4,-13.271727066667761,-9.999999998414145,-7.499999999857855,-4.999999999991515,-2.4999999999997464,nan,lower,0.1
308,phase1,lower,-10.0,4,-13.271727066667761,-9.999999998558517,-7.499999999871221,-4.999999999992339,-2.4999999999997717,nan,lower,0.1
309,phase1,lower,-10.0,4,-13.271727066667761,-9.999999998689788,-7.499999999883333,-4.999999999993082,-2.4999999999997944,nan,lower,0.1
310,phase1,lower,-10.0,4,-13.271727066667761,-9.999999998809143,-7.4999999998943085,-4.999999999993753,-2.499999999999815,nan,lower,0.1
311,phase1,lower,-10.0,4,-13.271727066667761,-9.999999998917659,-7.499999999904253,-4.99999999999436,-2.4999999999998335,nan,lower,0.1
312,phase1,upper,-15.0,2,-13.424612749231766,-9.999999998917659,-7.499999999904253,-4.99999999999436,-2.4999999999998335,nan,lower,0.1
313,phase1,lower,-10.0,4,-13.424612749231766,-9.999999999016318,-7.499999999913263,-4.999999999994907,-2.49999999999985,nan,lower,0.1
314,phase1,upper,-15.0,2,-13.564204024616293,-9.999999999016318,-7.499999999913263,-4.999999999994907,-2.49999999999985,nan,lower,0.1
315,phase1,upper,-15.0,2,-13.691630917431597,-9.999999999016318,-7.499999999913263,-4.999999999994907,-2.49999999999985,nan,lower,0.1
316,phase1,lower,-10.0,4,-13.691630917431597,-9.999999999106013,-7.499999999921427,-4.999999999995401,-2.499999999999865,nan,lower,0.1
317,phase1,lower,-10.0,4,-13.691630917431597,-9.999999999187555,-7.499999999928825,-4.999999999995848,-2.4999999999998783,nan,lower,0.1
318,phase1,lower,-10.0,4,-13.691630917431597,-9.999999999261682,-7.499999999935527,-4.999999999996251,-2.4999999999998903,nan,lower,0.1
319,phase1,lower,-10.0,4,-13.691630917431597,-9.999999999329066,-7.4999999999416,-4.999999999996615,-2.4999999999999014,nan,lower,0.1
320,phase1,lower,-10.0,4,-13.691630917431597,-9.99999999939032,-7.499999999947101,-4.999999999996944,-2.499999999999911,nan,lower,0.1
321,phase1,lower,-10.0,4,-13.691630917431597,-9.999999999445999,-7.499999999952085,-4.99999999999724,-2.49999999999992,nan,lower,0.1
322,phase1,lower,-10.0,4,-13.691630917431597,-9.999999999496607,-7.499999999956601,-4.999999999997509,-2.499999999999928,nan,lower,0.1
323,phase1,lower,-10.0,4,-13.691630917431597,-9.999999999542606,-7.499999999960692,-4.99999999999775,-2.499999999999935,nan,lower,0.1
324,phase1,lower,-10.0,4,-13.691630917431597,-9.999999999584414,-7.499999999964397,-4.999999999997969,-2.499999999999942,nan,lower,0.1
325,phase1,lower,-10.0,4,-13.691630917431597,-9.999999999622412,-7.499999999967755,-4.999999999998166,-2.4999999999999476,nan,lower,0.1
326,phase1,lower,-10.0,4,-13.691630917431597,-9.999999999656946,-7.499999999970796,-4.999999999998344,-2.499999999999953,nan,lower,0.1
327,phase1,lower,-10.0,4,-13.691630917431597,-9.999999999688331,-7.499999999973551,-4.999999999998505,-2.499999999999958,nan,lower,0.1
328,phase1,lower,-10.0,4,-13.691630917431597,-9.999999999716852,-7.499999999976047,-4.99999999999865,-2.499999999999962,nan,lower,0.1
329,phase1,lower,-10.0,4,-13.691630917431597,-9.999999999742771,-7.499999999978307,-4.999999999998781,-2.499999999999966,nan,lower,0.1
330,phase1,lower,-10.0,4,-13.691630917431597,-9.999999999766324,-7.499999999980354,-4.9999999999988995,-2.4999999999999694,nan,lower,0.1
331,phase1,lower,-10.0,4,-13.691630917431597,-9.999999999787727,-7.499999999982209,-4.999999999999007,-2.4999999999999725,nan,lower,0.1
332,phase1,lower,-10.0,4,-13.691630917431597,-9.999999999807175,-7.499999999983888,-4.999999999999104,-2.499999999999975,nan,lower,0.1
333,phase1,lower,-10.0,4,-13.691630917431597,-9.999999999824846,-7.49999999998541,-4.999999999999191,-2.499999999999978,nan,lower,0.1
334,phase1,lower,-10.0,4,-13.691630917431597,-9.999999999840902,-7.499999999986788,-4.99999999999927,-2.49999999999998,nan,lower,0.1
335,phase1,lower,-10.0,4,-13.691630917431597,-9.999999999855492,-7.499999999988036,-4.999999999999341,-2.4999999999999822,nan,lower,0.1
336,phase1,lower,-10.0,4,-13.691630917431597,-9.999999999868747,-7.499999999989167,-4.999999999999405,-2.499999999999984,nan,lower,0.1
337,phase1,lower,-10.0,4,-13.691630917431597,-9.999999999880789,-7.499999999990191,-4.999999999999463,-2.499999999999986,nan,lower,0.1
338,phase1,lower,-10.0,4,-13.691630917431597,-9.99999999989173,-7.499999999991118,-4.999999999999515,-2.499999999999987,nan,lower,0.1
339,phase1,lower,-10.0,4,-13.691630917431597,-9.999999999901668,-7.4999999999919575,-4.999999999999562,-2.4999999999999885,nan,lower,0.1
340,phase1,lower,-10.0,4,-13.691630917431597,-9.999999999910697,-7.499999999992718,-4.999999999999605,-2.49999999999999,nan,lower,0.1
341,phase1,lower,-10.0,4,-13.691630917431597,-9.999999999918899,-7.499999999993406,-4.999999999999643,-2.4999999999999907,nan,lower,0.1
342,phase1,lower,-10.0,4,-13.691630917431597,-9.999999999926349,-7.49999999999403,-4.999999999999678,-2.4999999999999916,nan,lower,0.1
343,phase1,lower,-10.0,4,-13.691630917431597,-9.999999999933117,-7.4999999999945945,-4.999999999999709,-2.4999999999999925,nan,lower,0.1
344,phase1,lower,-10.0,4,-13.691630917431597,-9.999999999939265,-7.499999999995106,-4.999999999999737,-2.4999999999999933,nan,lower,0.1
345,phase1,lower,-10.0,4,-13.691630917431597,-9.99999999994485,-7.499999999995569,-4.999999999999763,-2.499999999999994,nan,lower,0.1
346,phase1,lower,-10.0,4,-13.691630917431597,-9.999999999949921,-7.499999999995988,-4.999999999999786,-2.4999999999999942,nan,lower,0.1
347,phase1,lower,-10.0,4,-13.691630917431597,-9.999999999954527,-7.499999999996368,-4.999999999999806,-2.4999999999999947,nan,lower,0.1
348,phase1,lower,-10.0,4,-13.691630917431597,-9.99999999995871,-7.499999999996712,-4.999999999999825,-2.499999999999995,nan,lower,0.1
349,phase1,lower,-10.0,4,-13.691630917431597,-9.99999999996251,-7.499999999997023,-4.999999999999842,-2.4999999999999956,nan,lower,0.1
350,phase1,lower,-10.0,4,-13.691630917431597,-9.999999999965961,-7.499999999997304,-4.999999999999857,-2.499999999999996,nan,lower,0.1
351,phase1,lower,-10.0,4,-13.691630917431597,-9.999999999969095,-7.499999999997559,-4.999999999999871,-2.4999999999999964,nan,lower,0.1
352,phase1,lower,-10.0,4,-13.691630917431597,-9.99999999997194,-7.49999999999779,-4.999999999999884,-2.499999999999997,nan,lower,0.1
353,phase1,lower,-10.0,4,-13.691630917431597,-9.999999999974525,-7.499999999998,-4.999999999999895,-2.4999999999999973,nan,lower,0.1
354,phase1,lower,-10.0,4,-13.691630917431597,-9.999999999976872,-7.499999999998189,-4.999999999999906,-2.499999999999998,nan,lower,0.1
355,phase1,lower,-10.0,4,-13.691630917431597,-9.999999999979003,-7.49999999999836,-4.999999999999915,-2.4999999999999982,nan,lower,0.1
356,phase1,lower,-10.0,4,-13.691630917431597,-9.99999999998094,-7.499999999998516,-4.999999999999923,-2.4999999999999982,nan,lower,0.1
357,phase1,lower,-10.0,4,-13.691630917431597,-9.999999999982697,-7.499999999998656,-4.999999999999931,-2.4999999999999982,nan,lower,0.1
358,phase1,lower,-10.0,4,-13.691630917431597,-9.999999999984293,-7.499999999998783,-4.999999999999938,-2.4999999999999982,nan,lower,0.1
359,phase1,lower,-10.0,4,-13.691630917431597,-9.999999999985743,-7.499999999998899,-4.999999999999944,-2.4999999999999982,nan,lower,0.1
360,phase1,upper,-15.0,2,-13.807930391437678,-9.999999999985743,-7.499999999998899,-4.999999999999944,-2.4999999999999982,nan,lower,0.1
361,phase1,lower,-10.0,4,-13.807930391437678,-9.99999999998706,-7.4999999999990035,-4.999999999999949,-2.4999999999999982,nan,lower,0.1
362,phase1,lower,-10.0,4,-13.807930391437678,-9.999999999988253,-7.499999999999098,-4.999999999999954,-2.4999999999999982,nan,lower,0.1
363,phase1,lower,-10.0,4,-13.807930391437678,-9.999999999989338,-7.499999999999183,-4.999999999999958,-2.4999999999999982,nan,lower,0.1
364,phase1,lower,-10.0,4,-13.807930391437678,-9.999999999990322,-7.49999999999926,-4.999999999999963,-2.4999999999999982,nan,lower,0.1
365,phase1,lower,-10.0,4,-13.807930391437678,-9.999999999991216,-7.49999999999933,-4.999999999999966,-2.4999999999999982,nan,lower,0.1
366,phase1,lower,-10.0,4,-13.807930391437678,-9.999999999992028,-7.499999999999394,-4.99999999999997,-2.4999999999999982,nan,lower,0.1
367,phase1,lower,-10.0,4,-13.807930391437678,-9.999999999992765,-7.499999999999452,-4.9999999999999725,-2.4999999999999982,nan,lower,0.1
368,phase1,lower,-10.0,4,-13.807930391437678,-9.999999999993435,-7.499999999999504,-4.999999999999975,-2.4999999999999982,nan,lower,0.1
369,phase1,lower,-10.0,4,-13.807930391437678,-9.999999999994042,-7.4999999999995515,-4.999999999999978,-2.4999999999999982,nan,lower,0.1
370,phase1,lower,-10.0,4,-13.807930391437678,-9.999999999994593,-7.499999999999594,-4.99999999999998,-2.4999999999999982,nan,lower,0.1
371,phase1,lower,-10.0,4,-13.807930391437678,-9.999999999995094,-7.499999999999632,-4.999999999999981,-2.4999999999999982,nan,lower,0.1
372,phase1,lower,-10.0,4,-13.807930391437678,-9.999999999995548,-7.499999999999667,-4.999999999999983,-2.4999999999999982,nan,lower,0.1
373,phase1,lower,-10.0,4,-13.807930391437678,-9.99999999999596,-7.499999999999699,-4.999999999999985,-2.4999999999999982,nan,lower,0.1
374,phase1,lower,-10.0,4,-13.807930391437678,-9.999999999996334,-7.499999999999727,-4.999999999999986,-2.4999999999999982,nan,lower,0.1
375,phase1,lower,-10.0,4,-13.807930391437678,-9.999999999996673,-7.499999999999753,-4.999999999999987,-2.4999999999999982,nan,lower,0.1
376,phase1,lower,-10.0,4,-13.807930391437678,-9.99999999999698,-7.499999999999776,-4.999999999999988,-2.4999999999999982,nan,lower,0.1
377,phase1,lower,-10.0,4,-13.807930391437678,-9.999999999997259,-7.4999999999997975,-4.9999999999999885,-2.4999999999999982,nan,lower,0.1
378,phase1,lower,-10.0,4,-13.807930391437678,-9.999999999997513,-7.499999999999817,-4.999999999999989,-2.4999999999999982,nan,lower,0.1
379,phase1,lower,-10.0,4,-13.807930391437678,-9.999999999997744,-7.499999999999834,-4.99999999999999,-2.4999999999999982,nan,lower,0.1
380,phase1,upper,-15.0,2,-13.914053661468225,-9.999999999997744,-7.499999999999834,-4.99999999999999,-2.4999999999999982,nan,lower,0.1
381,phase1,lower,-10.0,4,-13.914053661468225,-9.999999999997954,-7.49999999999985,-4.999999999999991,-2.4999999999999982,nan,lower,0.1
382,phase1,lower,-10.0,4,-13.914053661468225,-9.999999999998144,-7.499999999999864,-4.999999999999992,-2.4999999999999982,nan,lower,0.1
383,phase1,lower,-10.0,4,-13.914053661468225,-9.999999999998316,-7.4999999999998765,-4.999999999999993,-2.4999999999999982,nan,lower,0.1
384,phase1,lower,-10.0,4,-13.914053661468225,-9.999999999998472,-7.499999999999888,-4.999999999999994,-2.4999999999999982,nan,lower,0.1
385,phase1,lower,-10.0,4,-13.914053661468225,-9.999999999998614,-7.499999999999899,-4.999999999999995,-2.4999999999999982,nan,lower,0.1
386,phase1,lower,-10.0,4,-13.914053661468225,-9.999999999998742,-7.4999999999999085,-4.999999999999995,-2.4999999999999982,nan,lower,0.1
387,phase1,lower,-10.0,4,-13.914053661468225,-9.99999999999886,-7.499999999999917,-4.999999999999995,-2.4999999999999982,nan,lower,0.1
388,phase1,lower,-10.0,4,-13.914053661468225,-9.999999999998966,-7.499999999999925,-4.999999999999995,-2.4999999999999982,nan,lower,0.1
389,phase1,lower,-10.0,4,-13.914053661468225,-9.999999999999062,-7.4999999999999325,-4.999999999999995,-2.4999999999999982,nan,lower,0.1
390,phase1,lower,-10.0,4,-13.914053661468225,-9.99999999999915,-7.499999999999939,-4.999999999999995,-2.4999999999999982,nan,lower,0.1
391,phase1,lower,-10.0,4,-13.914053661468225,-9.999999999999229,-7.499999999999944,-4.999999999999995,-2.4999999999999982,nan,lower,0.1
392,phase1,lower,-10.0,4,-13.914053661468225,-9.9999999999993,-7.499999999999949,-4.999999999999995,-2.4999999999999982,nan,lower,0.1
393,phase1,lower,-10.0,4,-13.914053661468225,-9.999999999999366,-7.499999999999954,-4.999999999999995,-2.4999999999999982,nan,lower,0.1
394,phase1,lower,-10.0,4,-13.914053661468225,-9.999999999999424,-7.499999999999958,-4.999999999999995,-2.4999999999999982,nan,lower,0.1
395,phase1,lower,-10.0,4,-13.914053661468225,-9.999999999999478,-7.499999999999962,-4.999999999999995,-2.4999999999999982,nan,lower,0.1
396,phase1,lower,-10.0,4,-13.914053661468225,-9.999999999999526,-7.499999999999965,-4.999999999999995,-2.4999999999999982,nan,lower,0.1
397,phase1,lower,-10.0,4,-13.914053661468225,-9.99999999999957,-7.499999999999968,-4.999999999999995,-2.4999999999999982,nan,lower,0.1
398,phase1,lower,-10.0,4,-13.914053661468225,-9.99999999999961,-7.499999999999971,-4.999999999999995,-2.4999999999999982,nan,lower,0.1
399,phase1,lower,-10.0,4,-13.914053661468225,-9.999999999999645,-7.499999999999973,-4.999999999999995,-2.4999999999999982,nan,lower,0.1
400,phase2,lower,-20.0,4,-13.914053661468225,-9.999999999999677,-8.499999999999984,-5.270000000000001,-2.689000000000003,-0.1470000000000038,lower,0.1
401,phase2,lower,-20.0,4,-13.914053661468225,-10.23229999999971,-9.546609999999996,-5.59591700000001,-2.9017249000000085,-0.17448270000000432,lower,0.1
402,phase2,lower,-20.0,4,-13.914053661468225,-10.570765429999742,-10.56045117100001,-5.918566408700018,-3.095757256390013,-0.17010757797000386,lower,0.1
403,phase2,lower,-20.0,4,-13.914053661468225,-10.972830824272771,-11.52065198389812,-6.220527107276594,-3.2614348133039455,-0.15732427984947028,lower,0.1
404,phase2,lower,-20.0,4,-13.914053661468225,-11.41920479209983,-12.422044963851018,-6.495998333541084,-3.3978621589995175,-0.14248982106552227,lower,0.1
405,phase2,lower,-20.0,4,-13.914053661468225,-11.897729648233918,-13.263785572728587,-6.742723147404552,-3.5065031683092807,-0.1273964215042372,lower,0.1
406,phase2,upper,-15.0,2,-14.125529752932101,-11.897729648233918,-13.263785572728587,-6.742723147404552,-3.5065031683092807,-0.0862888986031239,lower,0.1
407,phase2,lower,-20.0,4,-14.125529752932101,-12.361995249426196,-14.020424846277509,-6.941654325268203,-3.576762135084005,-0.10273434775511778,lower,0.1
408,phase2,lower,-20.0,4,-14.125529752932101,-12.870299122090932,-14.739548032377288,-7.125438468923029,-3.6349251863119028,-0.09668323074237863,lower,0.1
409,phase2,lower,-20.0,4,-14.125529752932101,-13.394238920787709,-15.407017231977292,-7.283522291610453,-3.6746834147141874,-0.08514726988112335,lower,0.1
410,phase2,lower,-20.0,4,-14.125529752932101,-13.922149294799677,-16.020155532367834,-7.4136454966299805,-3.695981388462977,-0.0726888538409588,lower,0.1
411,phase2,lower,-20.0,4,-14.125529752932101,-14.447369887013357,-16.579444675128194,-7.515961417282258,-3.7003639507244555,-0.06054999254104772,upper,0.1
412,phase2,upper,-15.0,2,-14.267514077338769,-14.447369887013357,-16.579444675128194,-7.515961417282258,-3.7003639507244555,-0.04802956395637517,upper,0.1
413,phase2,upper,-15.0,2,-14.39020421440759,-14.447369887013357,-16.579444675128194,-7.515961417282258,-3.7003639507244555,-0.03835734636273333,upper,0.1
414,phase2,upper,-15.0,2,-14.496470226037024,-14.447369887013357,-16.579444675128194,-7.515961417282258,-3.7003639507244555,-0.030631977294243943,lower,0.1
415,phase2,lower,-20.0,4,-14.496470226037024,-14.938146145389661,-17.067460514318075,-7.57824253814677,-3.680495031319153,-0.04189711810826685,upper,0.1
416,phase2,upper,-15.0,2,-14.598572560558354,-14.938146145389661,-17.067460514318075,-7.57824253814677,-3.680495031319153,-0.029839937551789895,upper,0.1
417,phase2,upper,-15.0,2,-14.682587185546828,-14.938146145389661,-17.067460514318075,-7.57824253814677,-3.680495031319153,-0.02152011127635867,upper,0.1
418,phase2,upper,-15.0,2,-14.75243411112174,-14.938146145389661,-17.067460514318075,-7.57824253814677,-3.680495031319153,-0.015524144670653862,upper,0.1
419,phase2,upper,-15.0,2,-14.810744915092856,-14.938146145389661,-17.067460514318075,-7.57824253814677,-3.680495031319153,-0.011043290915890569,upper,0.1
420,phase2,upper,-15.0,2,-14.85940879790558,-14.938146145389661,-17.067460514318075,-7.57824253814677,-3.680495031319153,-0.007603622207042764,upper,0.1
421,phase2,upper,-15.0,2,-14.899871949543686,-14.938146145389661,-17.067460514318075,-7.57824253814677,-3.680495031319153,-0.004917720695624548,upper,0.1
422,phase2,upper,-15.0,2,-14.933302162787113,-14.938146145389661,-17.067460514318075,-7.57824253814677,-3.680495031319153,-0.0028031408389825856,upper,0.1
423,phase2,upper,-15.0,2,-14.96068001842654,-14.938146145389661,-17.067460514318075,-7.57824253814677,-3.680495031319153,-0.0011375215278972648,lower,0.1
424,phase2,lower,-20.0,4,-14.96068001842654,-15.40210135165761,-17.494246843224584,-7.607754590673934,-3.643207107749839,-0.02739971094244878,upper,0.1
425,phase2,upper,-15.0,2,-15.006486160731571,-15.40210135165761,-17.494246843224584,-7.607754590673934,-3.643207107749839,-0.012702281587889224,upper,0.1
426,phase2,upper,-15.0,2,-15.035059696612755,-15.40210135165761,-17.494246843224584,-7.607754590673934,-3.643207107749839,-0.004486799735430969,upper,0.1
427,phase2,upper,-15.0,2,-15.052865999152328,-15.40210135165761,-17.494246843224584,-7.607754590673934,-3.643207107749839,9.23954780131641e-05,upper,0.1
428,phase2,upper,-15.0,2,-15.063697389820279,-15.40210135165761,-17.494246843224584,-7.607754590673934,-3.643207107749839,0.0026135629526308542,upper,0.1
429,phase2,upper,-15.0,2,-15.069845347885975,-15.40210135165761,-17.494246843224584,-7.607754590673934,-3.643207107749839,0.003956582366473119,upper,0.1
430,phase2,upper,-15.0,2,-15.07274765228364,-15.40210135165761,-17.494246843224584,-7.607754590673934,-3.643207107749839,0.004615776363625289,upper,0.1
431,phase2,upper,-15.0,2,-15.073346917793648,-15.40210135165761,-17.494246843224584,-7.607754590673934,-3.643207107749839,0.004871971768039895,upper,0.1
432,phase2,upper,-15.0,2,-15.072290407565616,-15.40210135165761,-17.494246843224584,-7.607754590673934,-3.643207107749839,0.0048872174928373344,upper,0.1
433,phase2,upper,-15.0,2,-15.070042460510233,-15.40210135165761,-17.494246843224584,-7.607754590673934,-3.643207107749839,0.004756998180394072,upper,0.1
434,phase2,upper,-15.0,2,-15.066948716709646,-15.40210135165761,-17.494246843224584,-7.607754590673934,-3.643207107749839,0.0045390828342591555,upper,0.1
435,phase2,upper,-15.0,2,-15.063273664127163,-15.40210135165761,-17.494246843224584,-7.607754590673934,-3.643207107749839,0.004269523067227846,upper,0.1
436,phase2,upper,-15.0,2,-15.059223332303912,-15.40210135165761,-17.494246843224584,-7.607754590673934,-3.643207107749839,0.003971577731109358,upper,0.1
437,phase2,upper,-15.0,2,-15.054959634428567,-15.40210135165761,-17.494246843224584,-7.607754590673934,-3.643207107749839,0.0036607380447996225,upper,0.1
438,phase2,upper,-15.0,2,-15.050609936626302,-15.40210135165761,-17.494246843224584,-7.607754590673934,-3.643207107749839,0.0033475976542337083,upper,0.1
439,phase2,upper,-15.0,2,-15.046273829564685,-15.40210135165761,-17.494246843224584,-7.607754590673934,-3.643207107749839,0.003039526723811073,upper,0.1
440,phase2,upper,-15.0,2,-15.042028197677746,-15.40210135165761,-17.494246843224584,-7.607754590673934,-3.643207107749839,0.0027416777764122133,upper,0.1
441,phase2,upper,-15.0,2,-15.037931198774904,-15.40210135165761,-17.494246843224584,-7.607754590673934,-3.643207107749839,0.0024576140394081017,upper,0.1
442,phase2,upper,-15.0,2,-15.034025502138958,-15.40210135165761,-17.494246843224584,-7.607754590673934,-3.643207107749839,0.0021897208825139443,upper,0.1
443,phase2,upper,-15.0,2,-15.030340987947614,-15.40210135165761,-17.494246843224584,-7.607754590673934,-3.643207107749839,0.0019394894108632087,upper,0.1
444,phase2,upper,-15.0,2,-15.026897030936889,-15.40210135165761,-17.494246843224584,-7.607754590673934,-3.643207107749839,0.0017077219610660268,upper,0.1
445,phase2,upper,-15.0,2,-15.023704447027182,-15.40210135165761,-17.494246843224584,-7.607754590673934,-3.643207107749839,0.0014946876160017704,upper,0.1
446,phase2,lower,-20.0,4,-15.023704447027182,-15.859970681959906,-17.878643893043748,-7.617996944114616,-3.5990315861490685,-0.020261156125226436,upper,0.1
447,phase2,upper,-15.0,2,-15.040347416285758,-15.859970681959906,-17.878643893043748,-7.617996944114616,-3.5990315861490685,-0.009360119503416831,upper,0.1
448,phase2,upper,-15.0,2,-15.046670785226018,-15.859970681959906,-17.878643893043748,-7.617996944114616,-3.5990315861490685,-0.0035651025432548366,upper,0.1
449,phase2,upper,-15.0,2,-15.0474858692927,-15.859970681959906,-17.878643893043748,-7.617996944114616,-3.5990315861490685,-0.0005621924294166481,upper,0.1
450,phase2,upper,-15.0,2,-15.045449445558448,-15.859970681959906,-17.878643893043748,-7.617996944114616,-3.5990315861490685,0.0009202860655014196,upper,0.1
451,phase2,upper,-15.0,2,-15.042028587957535,-15.859970681959906,-17.878643893043748,-7.617996944114616,-3.5990315861490685,0.00158108952607252,upper,0.1
452,phase2,upper,-15.0,2,-15.03803188033485,-15.859970681959906,-17.878643893043748,-7.617996944114616,-3.5990315861490685,0.001803956072071871,upper,0.1
453,phase2,upper,-15.0,2,-15.03390225113791,-15.859970681959906,-17.878643893043748,-7.617996944114616,-3.5990315861490685,0.0017993486994739383,upper,0.1
454,phase2,upper,-15.0,2,-15.029878706477554,-15.859970681959906,-17.878643893043748,-7.617996944114616,-3.5990315861490685,0.0016823766221049207,upper,0.1
455,phase2,upper,-15.0,2,-15.02608591122407,-15.859970681959906,-17.878643893043748,-7.617996944114616,-3.5990315861490685,0.001515646672735034,upper,0.1
456,phase2,upper,-15.0,2,-15.022584017567834,-15.859970681959906,-17.878643893043748,-7.617996944114616,-3.5990315861490685,0.0013328411577924041,upper,0.1
457,phase2,upper,-15.0,2,-15.01939655363855,-15.859970681959906,-17.878643893043748,-7.617996944114616,-3.5990315861490685,0.001151701074499044,upper,0.1
458,phase2,upper,-15.0,2,-15.016526170211312,-15.859970681959906,-17.878643893043748,-7.617996944114616,-3.5990315861490685,0.0009811834142439957,upper,0.1
459,phase2,upper,-15.0,2,-15.013963639546542,-15.859970681959906,-17.878643893043748,-7.617996944114616,-3.5990315861490685,0.000825413076043345,upper,0.1
460,phase2,upper,-15.0,2,-15.011693079983631,-15.859970681959906,-17.878643893043748,-7.617996944114616,-3.5990315861490685,0.0006858696921550456,upper,0.1
461,phase2,upper,-15.0,2,-15.009695049212251,-15.859970681959906,-17.878643893043748,-7.617996944114616,-3.5990315861490685,0.0005626012243052758,upper,0.1
462,phase2,upper,-15.0,2,-15.007948417156168,-15.859970681959906,-17.878643893043748,-7.617996944114616,-3.5990315861490685,0.00045489989039835654,upper,0.1
463,phase2,upper,-15.0,2,-15.006431526376613,-15.859970681959906,-17.878643893043748,-7.617996944114616,-3.5990315861490685,0.00036168018194253945,upper,0.1
464,phase2,upper,-15.0,2,-15.005122925652074,-15.859970681959906,-17.878643893043748,-7.617996944114616,-3.5990315861490685,0.00028169110997917625,upper,0.1
465,phase2,upper,-15.0,2,-15.004001839514466,-15.859970681959906,-17.878643893043748,-7.617996944114616,-3.5990315861490685,0.00021363564097563476,upper,0.1
466,phase2,upper,-15.0,2,-15.003048468298392,-15.859970681959906,-17.878643893043748,-7.617996944114616,-3.5990315861490685,0.00015623772698443916,upper,0.1
467,phase2,upper,-15.0,2,-15.002244175123153,-15.859970681959906,-17.878643893043748,-7.617996944114616,-3.5990315861490685,0.00010827940528838537,upper,0.1
468,phase2,upper,-15.0,2,-15.00157159467831,-15.859970681959906,-17.878643893043748,-7.617996944114616,-3.5990315861490685,6.862055407838173e-05,upper,0.1
469,phase2,upper,-15.0,2,-15.001014686305822,-15.859970681959906,-17.878643893043748,-7.617996944114616,-3.5990315861490685,3.62084232041184e-05,upper,0.1
470,phase2,lower,-20.0,4,-15.001014686305822,-16.311805415487406,-18.22456056354348,-7.611949896471826,-3.5502110045767274,-0.014537723448634639,upper,0.1
471,phase2,upper,-15.0,2,-15.013675285272123,-16.311805415487406,-18.22456056354348,-7.611949896471826,-3.5502110045767274,-0.007131145593028608,upper,0.1
472,phase2,lower,-20.0,4,-15.013675285272123,-16.759498961326738,-18.53693650755744,-7.5932814267761675,-3.4992767476835827,-0.010561214857330983,upper,0.1
473,phase2,upper,-15.0,2,-15.022427601029861,-16.759498961326738,-18.53693650755744,-7.5932814267761675,-3.4992767476835827,-0.004832486707175791,upper,0.1
474,phase2,upper,-15.0,2,-15.025732386325789,-16.759498961326738,-18.53693650755744,-7.5932814267761675,-3.4992767476835827,-0.0017890912022680548,upper,0.1
475,phase2,upper,-15.0,2,-15.02612405284002,-16.759498961326738,-18.53693650755744,-7.5932814267761675,-3.4992767476835827,-0.0002143495004406844,upper,0.1
476,phase2,upper,-15.0,2,-15.025003625690116,-16.759498961326738,-18.53693650755744,-7.5932814267761675,-3.4992767476835827,0.0005604895769577555,upper,0.1
477,phase2,upper,-15.0,2,-15.023146023519796,-16.759498961326738,-18.53693650755744,-7.5932814267761675,-3.4992767476835827,0.0009029641238174623,upper,0.1
478,phase2,upper,-15.0,2,-15.02097938816731,-16.759498961326738,-18.53693650755744,-7.5932814267761675,-3.4992767476835827,0.0010149760385699917,upper,0.1
479,phase2,upper,-15.0,2,-15.018739098289595,-16.759498961326738,-18.53693650755744,-7.5932814267761675,-3.4992767476835827,0.001007306874048367,upper,0.1
480,phase2,upper,-15.0,2,-15.016552859510956,-16.759498961326738,-18.53693650755744,-7.5932814267761675,-3.4992767476835827,0.0009405836836919891,upper,0.1
481,phase2,upper,-15.0,2,-15.014487859534757,-16.759498961326738,-18.53693650755744,-7.5932814267761675,-3.4992767476835827,0.0008478090708588442,upper,0.1
482,phase2,upper,-15.0,2,-15.01257701999079,-16.759498961326738,-18.53693650755744,-7.5932814267761675,-3.4992767476835827,0.0007467592065460159,upper,0.1
483,phase2,lower,-20.0,4,-15.01257701999079,-17.186570632663916,-18.807591354927418,-7.5564165204994875,-3.4420858397225302,-0.0032614050862857444,upper,0.1
484,phase2,upper,-15.0,2,-15.014441056806591,-17.186570632663916,-18.807591354927418,-7.5564165204994875,-3.4420858397225302,-0.0013171883911233082,upper,0.1
485,phase2,upper,-15.0,2,-15.014526792862311,-17.186570632663916,-18.807591354927418,-7.5564165204994875,-3.4420858397225302,-0.00031116662211897676,upper,0.1
486,phase2,upper,-15.0,2,-15.013717388566157,-17.186570632663916,-18.807591354927418,-7.5564165204994875,-3.4420858397225302,0.00018528125798564774,upper,0.1
487,phase2,upper,-15.0,2,-15.012495987336788,-17.186570632663916,-18.807591354927418,-7.5564165204994875,-3.4420858397225302,0.00040739114465130683,upper,0.1
488,phase2,upper,-15.0,2,-15.011124970038537,-17.186570632663916,-18.807591354927418,-7.5564165204994875,-3.4420858397225302,0.00048410840685690463,upper,0.1
489,phase2,upper,-15.0,2,-15.009744702083214,-17.186570632663916,-18.807591354927418,-7.5564165204994875,-3.4420858397225302,0.00048595088549227127,upper,0.1
490,phase2,upper,-15.0,2,-15.008428007801042,-17.186570632663916,-18.807591354927418,-7.5564165204994875,-3.4420858397225302,0.0004513165327170157,upper,0.1
491,phase2,upper,-15.0,2,-15.007210283647389,-17.186570632663916,-18.807591354927418,-7.5564165204994875,-3.4420858397225302,0.00040094680038382324,upper,0.1
492,phase2,upper,-15.0,2,-15.006106194015647,-17.186570632663916,-18.807591354927418,-7.5564165204994875,-3.4420858397225302,0.000345881065583963,upper,0.1
493,phase2,upper,-15.0,2,-15.005118966361831,-17.186570632663916,-18.807591354927418,-7.5564165204994875,-3.4420858397225302,0.0002918334200745006,upper,0.1
494,phase2,upper,-15.0,2,-15.004245595139787,-17.186570632663916,-18.807591354927418,-7.5564165204994875,-3.4420858397225302,0.00024160246373354863,upper,0.1
495,phase2,upper,-15.0,2,-15.003479776375082,-17.186570632663916,-18.807591354927418,-7.5564165204994875,-3.4420858397225302,0.0001963991721620512,upper,0.1
496,phase2,upper,-15.0,2,-15.002813577030604,-17.186570632663916,-18.807591354927418,-7.5564165204994875,-3.4420858397225302,0.00015657927755408595,upper,0.1
497,phase2,upper,-15.0,2,-15.002238393740662,-17.186570632663916,-18.807591354927418,-7.5564165204994875,-3.4420858397225302,0.0001220475823066139,upper,0.1
498,phase2,upper,-15.0,2,-15.001745508162275,-17.186570632663916,-18.807591354927418,-7.5564165204994875,-3.4420858397225302,9.248127966202906e-05,upper,0.1
499,phase2,upper,-15.0,2,-15.001326410000079,-17.186570632663916,-18.807591354927418,-7.5564165204994875,-3.4420858397225302,6.745322095761968e-05,upper,0.1
500,phase2,upper,-15.0,2,-15.000972983650462,-17.186570632663916,-18.807591354927418,-7.5564165204994875,-3.4420858397225302,4.649971770361486e-05,upper,0.1
501,phase2,upper,-15.0,2,-15.000677612882718,-17.186570632663916,-18.807591354927418,-7.5564165204994875,-3.4420858397225302,2.9157479225742333e-05,upper,0.1
502,phase2,upper,-15.0,2,-15.000433234922252,-17.186570632663916,-18.807591354927418,-7.5564165204994875,-3.4420858397225302,1.4983290677468032e-05,upper,0.1
503,phase2,upper,-15.0,2,-15.000233362422236,-17.186570632663916,-18.807591354927418,-7.5564165204994875,-3.4420858397225302,3.5639816429746903e-06,upper,0.1
504,phase2,upper,-15.0,2,-15.00007208454412,-17.186570632663916,-18.807591354927418,-7.5564165204994875,-3.4420858397225302,-5.479102845113217e-06,upper,0.1
505,phase2,upper,-15.0,2,-14.9999440542063,-17.186570632663916,-18.807591354927418,-7.5564165204994875,-3.4420858397225302,-1.2488761804873788e-05,upper,0.1
506,phase2,upper,-15.0,2,-14.99984446612508,-17.186570632663916,-18.807591354927418,-7.5564165204994875,-3.4420858397225302,-1.7772384111345018e-05,upper,0.1
507,phase2,upper,-15.0,2,-14.999769028803568,-17.186570632663916,-18.807591354927418,-7.5564165204994875,-3.4420858397225302,-2.160340651121384e-05,upper,0.1
508,phase2,upper,-15.0,2,-14.999713932703422,-17.186570632663916,-18.807591354927418,-7.5564165204994875,-3.4420858397225302,-2.4223330023982394e-05,upper,0.1
509,phase2,upper,-15.0,2,-14.999675816230145,-17.186570632663916,-18.807591354927418,-7.5564165204994875,-3.4420858397225302,-2.5844022935946462e-05,upper,0.1
510,phase2,lower,-20.0,4,-14.999675816230145,-17.59869596451091,-19.04375771272019,-7.506600420757132,-3.3824222052040382,0.001394281172084219,upper,0.1
511,phase2,upper,-15.0,2,-14.998373618070387,-17.59869596451091,-19.04375771272019,-7.506600420757132,-3.3824222052040382,0.000669211201786294,upper,0.1
512,phase2,upper,-15.0,2,-14.997773061016387,-17.59869596451091,-19.04375771272019,-7.506600420757132,-3.3824222052040382,0.0002792780034716192,upper,0.1
513,phase2,upper,-15.0,2,-14.99755747654884,-17.59869596451091,-19.04375771272019,-7.506600420757132,-3.3824222052040382,7.325696839453686e-05,upper,0.1
514,phase2,upper,-15.0,2,-14.997550933436536,-17.59869596451091,-19.04375771272019,-7.506600420757132,-3.3824222052040382,-3.203485468886295e-05,upper,0.1
515,phase2,upper,-15.0,2,-14.997655281986114,-17.59869596451091,-19.04375771272019,-7.506600420757132,-3.3824222052040382,-8.237252946916737e-05,upper,0.1
516,phase2,upper,-15.0,2,-14.99781549569535,-17.59869596451091,-19.04375771272019,-7.506600420757132,-3.3824222052040382,-0.00010295702091213435,upper,0.1
517,phase2,upper,-15.0,2,-14.99800056699987,-17.59869596451091,-19.04375771272019,-7.506600420757132,-3.3824222052040382,-0.00010766717067357716,upper,0.1
518,phase2,upper,-15.0,2,-14.998192955715131,-17.59869596451091,-19.04375771272019,-7.506600420757132,-3.3824222052040382,-0.00010414596008503346,upper,0.1
519,phase2,upper,-15.0,2,-14.998382743187989,-17.59869596451091,-19.04375771272019,-7.506600420757132,-3.3824222052040382,-9.659779919740045e-05,upper,0.1
520,phase2,upper,-15.0,2,-14.998564378111155,-17.59869596451091,-19.04375771272019,-7.506600420757132,-3.3824222052040382,-8.73279046170661e-05,upper,0.1
521,phase2,upper,-15.0,2,-14.998734851992369,-17.59869596451091,-19.04375771272019,-7.506600420757132,-3.3824222052040382,-7.759024089254127e-05,upper,0.1
522,phase2,upper,-15.0,2,-14.998892665314992,-17.59869596451091,-19.04375771272019,-7.506600420757132,-3.3824222052040382,-6.805526874242976e-05,upper,0.1
523,phase2,upper,-15.0,2,-14.999037232801946,-17.59869596451091,-19.04375771272019,-7.506600420757132,-3.3824222052040382,-5.906852517630873e-05,upper,0.1
524,phase2,upper,-15.0,2,-14.999168534104385,-17.59869596451091,-19.04375771272019,-7.506600420757132,-3.3824222052040382,-5.079402659782259e-05,upper,0.1
525,phase2,upper,-15.0,2,-14.999286903023952,-17.59869596451091,-19.04375771272019,-7.506600420757132,-3.3824222052040382,-4.329416329480971e-05,upper,0.1
526,phase2,upper,-15.0,2,-14.99939289609364,-17.59869596451091,-19.04375771272019,-7.506600420757132,-3.3824222052040382,-3.657450025082487e-05,upper,0.1
527,phase2,upper,-15.0,2,-14.99948720759411,-17.59869596451091,-19.04375771272019,-7.506600420757132,-3.3824222052040382,-3.060912179180291e-05,upper,0.1
528,phase2,upper,-15.0,2,-14.99957061254163,-17.59869596451091,-19.04375771272019,-7.506600420757132,-3.3824222052040382,-2.535513544299258e-05,upper,0.1
529,phase2,upper,-15.0,2,-14.99964392716355,-17.59869596451091,-19.04375771272019,-7.506600420757132,-3.3824222052040382,-2.0761090116321997e-05,upper,0.1
530,phase2,upper,-15.0,2,-14.9997079807956,-17.59869596451091,-19.04375771272019,-7.506600420757132,-3.3824222052040382,-1.677194066556526e-05,upper,0.1
531,phase2,upper,-15.0,2,-14.99976359559546,-17.59869596451091,-19.04375771272019,-7.506600420757132,-3.3824222052040382,-1.3332022264595331e-05,upper,0.1
532,phase2,upper,-15.0,2,-14.999811571849193,-17.59869596451091,-19.04375771272019,-7.506600420757132,-3.3824222052040382,-1.0386854013427998e-05,upper,0.1
533,phase2,upper,-15.0,2,-14.999852677434914,-17.59869596451091,-19.04375771272019,-7.506600420757132,-3.3824222052040382,-7.884235450996429e-06,upper,0.1
534,phase2,upper,-15.0,2,-14.999887640467218,-17.59869596451091,-19.04375771272019,-7.506600420757132,-3.3824222052040382,-5.7749024877021384e-06,upper,0.1
535,phase2,lower,-20.0,4,-14.999887640467218,-17.993207336744078,-19.246562288914102,-7.444743566091972,-3.320719849686806,0.005830548931432283,upper,0.1
536,phase2,upper,-15.0,2,-14.994664452971493,-17.993207336744078,-19.246562288914102,-7.444743566091972,-3.320719849686806,0.002855785779249066,upper,0.1
537,phase2,upper,-15.0,2,-14.992272895697345,-17.993207336744078,-19.246562288914102,-7.444743566091972,-3.320719849686806,0.0012553471144227195,upper,0.1
538,phase2,upper,-15.0,2,-14.991421288470464,-17.993207336744078,-19.246562288914102,-7.444743566091972,-3.320719849686806,0.00040834542283644046,upper,0.1
539,phase2,upper,-15.0,2,-14.991395018685662,-17.993207336744078,-19.246562288914102,-7.444743566091972,-3.320719849686806,-2.6560390078686166e-05,upper,0.1
540,phase2,upper,-15.0,2,-14.99179794186463,-17.993207336744078,-19.246562288914102,-7.444743566091972,-3.320719849686806,-0.00023705233605793226,upper,0.1
541,phase2,upper,-15.0,2,-14.992410070220366,-17.993207336744078,-19.246562288914102,-7.444743566091972,-3.320719849686806,-0.0003263270759340641,upper,0.1
542,phase2,upper,-15.0,2,-14.99310917685345,-17.993207336744078,-19.246562288914102,-7.444743566091972,-3.320719849686806,-0.0003511110567697115,upper,0.1
543,phase2,upper,-15.0,2,-14.993827541214232,-17.993207336744078,-19.246562288914102,-7.444743566091972,-3.320719849686806,-0.00034255631534156486,upper,0.1
544,phase2,upper,-15.0,2,-14.994528025497786,-17.993207336744078,-19.246562288914102,-7.444743566091972,-3.320719849686806,-0.0003177298341132202,upper,0.1
545,phase2,upper,-15.0,2,-14.99519079375282,-17.993207336744078,-19.246562288914102,-7.444743566091972,-3.320719849686806,-0.0002859338273918755,upper,0.1
546,phase2,upper,-15.0,2,-14.99580589826836,-17.993207336744078,-19.246562288914102,-7.444743566091972,-3.320719849686806,-0.00025218499645771975,upper,0.1
547,phase2,upper,-15.0,2,-14.996369107500925,-17.993207336744078,-19.246562288914102,-7.444743566091972,-3.320719849686806,-0.00021913185399562933,upper,0.1
548,phase2,upper,-15.0,2,-14.996879530934402,-17.993207336744078,-19.246562288914102,-7.444743566091972,-3.320719849686806,-0.00018811295459084308,upper,0.1
549,phase2,upper,-15.0,2,-14.997338245299023,-17.993207336744078,-19.246562288914102,-7.444743566091972,-3.320719849686806,-0.00015974227622340666,upper,0.1
550,phase2,upper,-15.0,2,-14.997747483295944,-17.993207336744078,-19.246562288914102,-7.444743566091972,-3.320719849686806,-0.00013423406102982448,upper,0.1
551,phase2,upper,-15.0,2,-14.998110142103686,-17.993207336744078,-19.246562288914102,-7.444743566091972,-3.320719849686806,-0.00011158385727304265,upper,0.1
552,phase2,upper,-15.0,2,-14.998429476845,-17.993207336744078,-19.246562288914102,-7.444743566091972,-3.320719849686806,-9.16699926739258e-05,upper,0.1
553,phase2,upper,-15.0,2,-14.998708903619322,-17.993207336744078,-19.246562288914102,-7.444743566091972,-3.320719849686806,-7.431085077772186e-05,upper,0.1
554,phase2,upper,-15.0,2,-14.998951869493588,-17.993207336744078,-19.246562288914102,-7.444743566091972,-3.320719849686806,-5.929745853051593e-05,upper,0.1
555,phase2,upper,-15.0,2,-14.999161764988886,-17.993207336744078,-19.246562288914102,-7.444743566091972,-3.320719849686806,-4.6412169436548466e-05,upper,0.1
556,phase2,upper,-15.0,2,-14.999341864691289,-17.993207336744078,-19.246562288914102,-7.444743566091972,-3.320719849686806,-3.543942586543403e-05,upper,0.1
557,phase2,upper,-15.0,2,-14.999495287272278,-17.993207336744078,-19.246562288914102,-7.444743566091972,-3.320719849686806,-2.617193914129746e-05,upper,0.1
558,phase2,upper,-15.0,2,-14.999624969415901,-17.993207336744078,-19.246562288914102,-7.444743566091972,-3.320719849686806,-1.8414166155184687e-05,upper,0.1
559,phase2,upper,-15.0,2,-14.999733650008835,-17.993207336744078,-19.246562288914102,-7.444743566091972,-3.320719849686806,-1.1984153033506263e-05,upper,0.1
560,phase2,upper,-15.0,2,-14.999823862056408,-17.993207336744078,-19.246562288914102,-7.444743566091972,-3.320719849686806,-6.714366835563452e-06,upper,0.1
561,phase2,upper,-15.0,2,-14.99989793047258,-17.993207336744078,-19.246562288914102,-7.444743566091972,-3.320719849686806,-2.451884315461828e-06,upper,0.1
562,phase2,upper,-15.0,2,-14.999957974336933,-17.993207336744078,-19.246562288914102,-7.444743566091972,-3.320719849686806,9.418360250599205e-07,upper,0.1
563,phase2,upper,-15.0,2,-15.000005912517231,-17.993207336744078,-19.246562288914102,-7.444743566091972,-3.320719849686806,3.591454705225805e-06,upper,0.1
564,phase2,lower,-20.0,4,-15.000005912517231,-18.368539599651843,-19.417718737724016,-7.372128913699746,-3.2576506278489896,0.009841668611043165,upper,0.1
565,phase2,upper,-15.0,2,-14.991189202337157,-18.368539599651843,-19.417718737724016,-7.372128913699746,-3.2576506278489896,0.004826266236215867,upper,0.1
566,phase2,upper,-15.0,2,-14.987144963280166,-18.368539599651843,-19.417718737724016,-7.372128913699746,-3.2576506278489896,0.002127492575864792,upper,0.1
567,phase2,upper,-15.0,2,-14.985696241386377,-18.368539599651843,-19.417718737724016,-7.372128913699746,-3.2576506278489896,0.0006987621887828794,upper,0.1
568,phase2,upper,-15.0,2,-14.985638747801273,-18.368539599651843,-19.417718737724016,-7.372128913699746,-3.2576506278489896,-3.529397127305248e-05,upper,0.1
569,phase2,upper,-15.0,2,-14.986304958042883,-18.368539599651843,-19.417718737724016,-7.372128913699746,-3.2576506278489896,-0.00039103150181390745,upper,0.1
570,phase2,upper,-15.0,2,-14.98732423254627,-18.368539599651843,-19.417718737724016,-7.372128913699746,-3.2576506278489896,-0.0005423955409444002,upper,0.1
571,phase2,upper,-15.0,2,-14.988490676369643,-18.368539599651843,-19.417718737724016,-7.372128913699746,-3.2576506278489896,-0.000585000933387536,upper,0.1
572,phase2,upper,-15.0,2,-14.98969023424543,-18.368539599651843,-19.417718737724016,-7.372128913699746,-3.2576506278489896,-0.0005713550330542653,upper,0.1
573,phase2,upper,-15.0,2,-14.990860370154834,-18.368539599651843,-19.417718737724016,-7.372128913699746,-3.2576506278489896,-0.0005302244646646177,upper,0.1
574,phase2,upper,-15.0,2,-14.99196768609066,-18.368539599651843,-19.417718737724016,-7.372128913699746,-3.2576506278489896,-0.00047728863045400153,upper,0.1
575,phase2,upper,-15.0,2,-14.992995430305854,-18.368539599651843,-19.417718737724016,-7.372128913699746,-3.2576506278489896,-0.0004210042459019946,upper,0.1
576,phase2,upper,-15.0,2,-14.993936469011556,-18.368539599651843,-19.417718737724016,-7.372128913699746,-3.2576506278489896,-0.0003658370317213325,upper,0.1
577,phase2,upper,-15.0,2,-14.994789286471798,-18.368539599651843,-19.417718737724016,-7.372128913699746,-3.2576506278489896,-0.00031404530334447757,upper,0.1
578,phase2,upper,-15.0,2,-14.995555672491745,-18.368539599651843,-19.417718737724016,-7.372128913699746,-3.2576506278489896,-0.0002666665322604963,upper,0.1
579,phase2,upper,-15.0,2,-14.99623935760209,-18.368539599651843,-19.417718737724016,-7.372128913699746,-3.2576506278489896,-0.0002240647552374789,upper,0.1
580,phase2,upper,-15.0,2,-14.996845186846807,-18.368539599651843,-19.417718737724016,-7.372128913699746,-3.2576506278489896,-0.00018623561515335792,upper,0.1
581,phase2,upper,-15.0,2,-14.99737860496409,-18.368539599651843,-19.417718737724016,-7.372128913699746,-3.2576506278489896,-0.00015297730029281966,upper,0.1
582,phase2,upper,-15.0,2,-14.997845325918913,-18.368539599651843,-19.417718737724016,-7.372128913699746,-3.2576506278489896,-0.00012398700361055564,upper,0.1
583,phase2,upper,-15.0,2,-14.998251115010444,-18.368539599651843,-19.417718737724016,-7.372128913699746,-3.2576506278489896,-9.891578325652538e-05,upper,0.1
584,phase2,upper,-15.0,2,-14.998601642358995,-18.368539599651843,-19.417718737724016,-7.372128913699746,-3.2576506278489896,-7.740000055646472e-05,upper,0.1
585,phase2,upper,-15.0,2,-14.998902383583017,-18.368539599651843,-19.417718737724016,-7.372128913699746,-3.2576506278489896,-5.9079419385779e-05,upper,0.1
586,phase2,upper,-15.0,2,-14.999158553008712,-18.368539599651843,-19.417718737724016,-7.372128913699746,-3.2576506278489896,-4.3607592666185894e-05,upper,0.1
587,phase2,upper,-15.0,2,-14.999375060165159,-18.368539599651843,-19.417718737724016,-7.372128913699746,-3.2576506278489896,-3.0657701070778906e-05,upper,0.1
588,phase2,upper,-15.0,2,-14.999556483448194,-18.368539599651843,-19.417718737724016,-7.372128913699746,-3.2576506278489896,-1.9925646883471434e-05,upper,0.1
589,phase2,upper,-15.0,2,-14.99970705669897,-18.368539599651843,-19.417718737724016,-7.372128913699746,-3.2576506278489896,-1.1131448354667804e-05,upper,0.1
590,phase2,upper,-15.0,2,-14.999830665594958,-18.368539599651843,-19.417718737724016,-7.372128913699746,-3.2576506278489896,-4.019555402386337e-06,upper,0.1
591,phase2,upper,-15.0,2,-14.999930851498698,-18.368539599651843,-19.417718737724016,-7.372128913699746,-3.2576506278489896,1.6415330505605263e-06,upper,0.1
592,phase2,upper,-15.0,2,-15.000010820922315,-18.368539599651843,-19.417718737724016,-7.372128913699746,-3.2576506278489896,6.06010845823105e-06,upper,0.1
593,phase2,upper,-15.0,2,-15.000073459137488,-18.368539599651843,-19.417718737724016,-7.372128913699746,-3.2576506278489896,9.422388964654514e-06,upper,0.1
594,phase2,upper,-15.0,2,-15.000121346743798,-18.368539599651843,-19.417718737724016,-7.372128913699746,-3.2576506278489896,1.1893842791393141e-05,upper,0.1
595,phase2,lower,-20.0,4,-15.000121346743798,-18.72344680900055,-19.55898009892858,-7.290024400390908,-3.1938349720394865,0.013435535632383897,upper,0.1
596,phase2,upper,-15.0,2,-14.988075500622305,-18.72344680900055,-19.55898009892858,-7.290024400390908,-3.1938349720394865,0.006591205097470755,upper,0.1
597,phase2,upper,-15.0,2,-14.982543116457926,-18.72344680900055,-19.55898009892858,-7.290024400390908,-3.1938349720394865,0.0029079285545308255,upper,0.1
598,phase2,upper,-15.0,2,-14.980553740540364,-18.72344680900055,-19.55898009892858,-7.290024400390908,-3.1938349720394865,0.0009576768657942023,upper,0.1
599,phase2,lower,-20.0,4,-14.980553740540364,-19.056138228814138,-19.67154059147742,-7.199262897377073,-3.1295545681449646,0.016845976587185982,upper,0.1
600,phase2,upper,-15.0,2,-14.966164601857601,-19.056138228814138,-19.67154059147742,-7.199262897377073,-3.1295545681449646,0.0077406423660455435,upper,0.1
601,phase2,upper,-15.0,2,-14.960485970373808,-19.056138228814138,-19.67154059147742,-7.199262897377073,-3.1295545681449646,0.0028937680131987556,upper,0.1
602,phase2,upper,-15.0,2,-14.959494062363188,-19.056138228814138,-19.67154059147742,-7.199262897377073,-3.1295545681449646,0.00037764892579493546,upper,0.1
603,phase2,upper,-15.0,2,-14.960960973970032,-19.056138228814138,-19.67154059147742,-7.199262897377073,-3.1295545681449646,-0.0008675185478594944,upper,0.1
604,phase2,upper,-15.0,2,-14.9636512165548,-19.056138228814138,-19.67154059147742,-7.199262897377073,-3.1295545681449646,-0.001424402039097748,upper,0.1
605,phase2,upper,-15.0,2,-14.966879282211925,-19.056138228814138,-19.67154059147742,-7.199262897377073,-3.1295545681449646,-0.001613271158539453,upper,0.1
606,phase2,upper,-15.0,2,-14.97026568309475,-19.056138228814138,-19.67154059147742,-7.199262897377073,-3.1295545681449646,-0.001610023285714012,upper,0.1
607,phase2,upper,-15.0,2,-14.973602148715289,-19.056138228814138,-19.67154059147742,-7.199262897377073,-3.1295545681449646,-0.0015110708974517568,upper,0.1
608,phase2,upper,-15.0,2,-14.976776901799962,-19.056138228814138,-19.67154059147742,-7.199262897377073,-3.1295545681449646,-0.001369029243365745,upper,0.1
609,phase2,upper,-15.0,2,-14.979733038449659,-19.056138228814138,-19.67154059147742,-7.199262897377073,-3.1295545681449646,-0.001212356345490309,upper,0.1
610,phase2,upper,-15.0,2,-14.982445182896491,-19.056138228814138,-19.67154059147742,-7.199262897377073,-3.1295545681449646,-0.001056171319570289,upper,0.1
611,phase2,upper,-15.0,2,-14.984906259707861,-19.056138228814138,-19.67154059147742,-7.199262897377073,-3.1295545681449646,-0.0009082214235565699,upper,0.1
612,phase2,upper,-15.0,2,-14.987119892744316,-19.056138228814138,-19.67154059147742,-7.199262897377073,-3.1295545681449646,-0.0007721796683340441,upper,0.1
613,phase2,upper,-15.0,2,-14.989095955185896,-19.056138228814138,-19.67154059147742,-7.199262897377073,-3.1295545681449646,-0.0006494721885469735,upper,0.1
614,phase2,upper,-15.0,2,-14.990847902689147,-19.056138228814138,-19.67154059147742,-7.199262897377073,-3.1295545681449646,-0.0005402946887909066,upper,0.1
615,phase2,upper,-15.0,2,-14.992391131043362,-19.056138228814138,-19.67154059147742,-7.199262897377073,-3.1295545681449646,-0.0004441806347458664,upper,0.1
616,phase2,upper,-15.0,2,-14.993741935143214,-19.056138228814138,-19.67154059147742,-7.199262897377073,-3.1295545681449646,-0.00036032084215241477,upper,0.1
617,phase2,upper,-15.0,2,-14.994916831057715,-19.056138228814138,-19.67154059147742,-7.199262897377073,-3.1295545681449646,-0.00028774451426754255,upper,0.1
618,phase2,upper,-15.0,2,-14.995932105224863,-19.056138228814138,-19.67154059147742,-7.199262897377073,-3.1295545681449646,-0.00022542251087193414,upper,0.1
619,phase2,upper,-15.0,2,-14.996803511566448,-19.056138228814138,-19.67154059147742,-7.199262897377073,-3.1295545681449646,-0.00017232652621934996,upper,0.1
620,phase2,upper,-15.0,2,-14.997546069049653,-19.056138228814138,-19.67154059147742,-7.199262897377073,-3.1295545681449646,-0.00012746292598946044,upper,0.1
621,phase2,upper,-15.0,2,-14.998173930156316,-19.056138228814138,-19.67154059147742,-7.199262897377073,-3.1295545681449646,-8.989175965076125e-05,upper,0.1
622,phase2,upper,-15.0,2,-14.998700301029901,-19.056138228814138,-19.67154059147742,-7.199262897377073,-3.1295545681449646,-5.873691144857201e-05,upper,0.1
623,phase2,upper,-15.0,2,-14.999137400146877,-19.056138228814138,-19.67154059147742,-7.199262897377073,-3.1295545681449646,-3.319082501232419e-05,upper,0.1
624,phase2,lower,-20.0,4,-14.999137400146877,-19.36770833682298,-19.758449596079053,-7.10193630852132,-3.065967957288421,0.019377534632607676,upper,0.1
625,phase2,upper,-15.0,2,-14.982026793157168,-19.36770833682298,-19.758449596079053,-7.10193630852132,-3.065967957288421,0.009498739650551605,upper,0.1
626,phase2,upper,-15.0,2,-14.974281973951845,-19.36770833682298,-19.758449596079053,-7.10193630852132,-3.065967957288421,0.004187550406700927,upper,0.1
627,phase2,upper,-15.0,2,-14.97161432306391,-19.36770833682298,-19.758449596079053,-7.10193630852132,-3.065967957288421,0.0013794619208675055,upper,0.1
628,phase2,upper,-15.0,2,-14.971653697939978,-19.36770833682298,-19.758449596079053,-7.10193630852132,-3.065967957288421,-6.035381242125231e-05,upper,0.1
629,phase2,upper,-15.0,2,-14.973088415142591,-19.36770833682298,-19.758449596079053,-7.10193630852132,-3.065967957288421,-0.0007557265404580241,upper,0.1
630,phase2,upper,-15.0,2,-14.975191992280644,-19.36770833682298,-19.758449596079053,-7.10193630852132,-3.065967957288421,-0.0010495454578990523,upper,0.1
631,phase2,upper,-15.0,2,-14.977562465453842,-19.36770833682298,-19.758449596079053,-7.10193630852132,-3.065967957288421,-0.0011301881024532417,upper,0.1
632,phase2,upper,-15.0,2,-14.979978581725799,-19.36770833682298,-19.758449596079053,-7.10193630852132,-3.065967957288421,-0.0011010129784093001,upper,0.1
633,phase2,upper,-15.0,2,-14.982320282825317,-19.36770833682298,-19.758449596079053,-7.10193630852132,-3.065967957288421,-0.0010185678599411378,upper,0.1
634,phase2,upper,-15.0,2,-14.98452458358106,-19.36770833682298,-19.758449596079053,-7.10193630852132,-3.065967957288421,-0.0009136066952500365,upper,0.1
635,phase2,upper,-15.0,2,-14.986560962113158,-19.36770833682298,-19.758449596079053,-7.10193630852132,-3.065967957288421,-0.0008026578476671247,upper,0.1
636,phase2,lower,-20.0,4,-14.986560962113158,-19.65750485481149,-19.821353955767226,-6.999102596544732,-3.003434202278982,0.02159667371467229,upper,0.1
637,phase2,upper,-15.0,2,-14.968258130136142,-19.65750485481149,-19.821353955767226,-6.999102596544732,-3.003434202278982,0.010281274676541132,upper,0.1
638,phase2,upper,-15.0,2,-14.96066044569726,-19.65750485481149,-19.821353955767226,-6.999102596544732,-3.003434202278982,0.004234560144889673,upper,0.1
639,phase2,upper,-15.0,2,-14.958813422392556,-19.65750485481149,-19.821353955767226,-6.999102596544732,-3.003434202278982,0.001071515116226464,upper,0.1
640,phase2,upper,-15.0,2,-14.959981082297743,-19.65750485481149,-19.821353955767226,-6.999102596544732,-3.003434202278982,-0.0005186728053911818,upper,0.1
641,phase2,upper,-15.0,2,-14.962651867949404,-19.65750485481149,-19.821353955767226,-6.999102596544732,-3.003434202278982,-0.0012563589942965112,upper,0.1
642,phase2,upper,-15.0,2,-14.96599146762042,-19.65750485481149,-19.821353955767226,-6.999102596544732,-3.003434202278982,-0.0015372609768698029,upper,0.1
643,phase2,upper,-15.0,2,-14.969541303055738,-19.65750485481149,-19.821353955767226,-6.999102596544732,-3.003434202278982,-0.0015785468000014636,upper,0.1
644,phase2,upper,-15.0,2,-14.973052105013084,-19.65750485481149,-19.821353955767226,-6.999102596544732,-3.003434202278982,-0.0014991389549676168,upper,0.1
645,phase2,upper,-15.0,2,-14.97639181711388,-19.65750485481149,-19.821353955767226,-6.999102596544732,-3.003434202278982,-0.0013638711038222867,upper,0.1
646,phase2,lower,-20.0,4,-14.97639181711388,-19.925117248900502,-19.861911984366188,-6.891783185583999,-2.942280935331998,0.02351068462765865,upper,0.1
647,phase2,upper,-15.0,2,-14.95710733593025,-19.925117248900502,-19.861911984366188,-6.891783185583999,-2.942280935331998,0.01098075212928266,upper,0.1
648,phase2,upper,-15.0,2,-14.949646265957206,-19.925117248900502,-19.861911984366188,-6.891783185583999,-2.942280935331998,0.0043117332461539894,upper,0.1
649,phase2,upper,-15.0,2,-14.948493781925974,-19.925117248900502,-19.861911984366188,-6.891783185583999,-2.942280935331998,0.0008476640994592149,upper,0.1
650,phase2,upper,-15.0,2,-14.950606957135818,-19.925117248900502,-19.861911984366188,-6.891783185583999,-2.942280935331998,-0.0008709845725435811,upper,0.1
651,phase2,upper,-15.0,2,-14.954307304650303,-19.925117248900502,-19.861911984366188,-6.891783185583999,-2.942280935331998,-0.0016460922005443162,upper,0.1
652,phase2,upper,-15.0,2,-14.958671115053109,-19.925117248900502,-19.861911984366188,-6.891783185583999,-2.942280935331998,-0.001917956570749095,upper,0.1
653,phase2,upper,-15.0,2,-14.963193443209123,-19.925117248900502,-19.861911984366188,-6.891783185583999,-2.942280935331998,-0.0019280102162633412,upper,0.1
654,phase2,lower,-20.0,4,-14.963193443209123,-20.170531931641708,-19.88190720878179,-6.7810451559973535,-2.8828648178489824,0.0250813355764834,upper,0.1
655,phase2,upper,-15.0,2,-14.94329417552176,-20.170531931641708,-19.88190720878179,-6.7810451559973535,-2.8828648178489824,0.011426311818583081,upper,0.1
656,phase2,upper,-15.0,2,-14.936267100205637,-20.170531931641708,-19.88190720878179,-6.7810451559973535,-2.8828648178489824,0.004190812535612659,upper,0.1
657,phase2,upper,-15.0,2,-14.936064150187606,-20.170531931641708,-19.88190720878179,-6.7810451559973535,-2.8828648178489824,0.000462701462381257,upper,0.1
658,phase2,upper,-15.0,2,-14.939349581913214,-20.170531931641708,-19.88190720878179,-6.7810451559973535,-2.8828648178489824,-0.0013581841040474145,upper,0.1
659,phase2,upper,-15.0,2,-14.944285239779994,-20.170531931641708,-19.88190720878179,-6.7810451559973535,-2.8828648178489824,-0.0021508264580045186,upper,0.1
660,phase2,upper,-15.0,2,-14.94986170942944,-20.170531931641708,-19.88190720878179,-6.7810451559973535,-2.8828648178489824,-0.0023976824456705933,upper,0.1
661,phase2,upper,-15.0,2,-14.955529579185775,-20.170531931641708,-19.88190720878179,-6.7810451559973535,-2.8828648178489824,-0.002363117115524403,upper,0.1
662,phase2,upper,-15.0,2,-14.960995763313598,-20.170531931641708,-19.88190720878179,-6.7810451559973535,-2.8828648178489824,-0.0021914959258871373,upper,0.1
663,phase2,upper,-15.0,2,-14.966110675897543,-20.170531931641708,-19.88190720878179,-6.7810451559973535,-2.8828648178489824,-0.0019611291417184775,upper,0.1
664,phase2,upper,-15.0,2,-14.970805466391239,-20.170531931641708,-19.88190720878179,-6.7810451559973535,-2.8828648178489824,-0.001713953318562218,upper,0.1
665,phase2,upper,-15.0,2,-14.97505689045025,-20.170531931641708,-19.88190720878179,-6.7810451559973535,-2.8828648178489824,-0.0014718751878508819,upper,0.1
666,phase2,upper,-15.0,2,-14.978867478957598,-20.170531931641708,-19.88190720878179,-6.7810451559973535,-2.8828648178489824,-0.001245781053093989,upper,0.1
667,phase2,upper,-15.0,2,-14.982254212364067,-20.170531931641708,-19.88190720878179,-6.7810451559973535,-2.8828648178489824,-0.001040510606006454,upper,0.1
668,phase2,upper,-15.0,2,-14.985241954720795,-20.170531931641708,-19.88190720878179,-6.7810451559973535,-2.8828648178489824,-0.0008576083730020443,upper,0.1
669,phase2,upper,-15.0,2,-14.98785957723146,-20.170531931641708,-19.88190720878179,-6.7810451559973535,-2.8828648178489824,-0.0006968497134005997,upper,0.1
670,phase2,upper,-15.0,2,-14.990137622904534,-20.170531931641708,-19.88190720878179,-6.7810451559973535,-2.8828648178489824,-0.0005570897588312344,upper,0.1
671,phase2,upper,-15.0,2,-14.992106871502854,-20.170531931641708,-19.88190720878179,-6.7810451559973535,-2.8828648178489824,-0.00043673719130776393,upper,0.1
672,phase2,upper,-15.0,2,-14.99379744400581,-20.170531931641708,-19.88190720878179,-6.7810451559973535,-2.8828648178489824,-0.0003340192658850924,upper,0.1
673,phase2,upper,-15.0,2,-14.995238240694368,-20.170531931641708,-19.88190720878179,-6.7810451559973535,-2.8828648178489824,-0.00024712997867595187,upper,0.1
674,phase2,upper,-15.0,2,-14.996456593036777,-20.170531931641708,-19.88190720878179,-6.7810451559973535,-2.8828648178489824,-0.00017431228617605587,upper,0.1
675,phase2,upper,-15.0,2,-14.997478057722011,-20.170531931641708,-19.88190720878179,-6.7810451559973535,-2.8828648178489824,-0.00011390270263209382,upper,0.1
676,phase2,upper,-15.0,2,-14.998326308452373,-20.170531931641708,-19.88190720878179,-6.7810451559973535,-2.8828648178489824,-6.43541458099433e-05,upper,0.1
677,phase2,upper,-15.0,2,-14.999023096805853,-20.170531931641708,-19.88190720878179,-6.7810451559973535,-2.8828648178489824,-2.4246011873162106e-05,upper,0.1
678,phase2,upper,-15.0,2,-14.999588262747679,-20.170531931641708,-19.88190720878179,-6.7810451559973535,-2.8828648178489824,7.713366160325732e-06,upper,0.1
679,phase2,upper,-15.0,2,-15.000039781035008,-20.170531931641708,-19.88190720878179,-6.7810451559973535,-2.8828648178489824,3.268886036756095e-05,upper,0.1
680,phase2,upper,-15.0,2,-15.000393833376142,-20.170531931641708,-19.88190720878179,-6.7810451559973535,-2.8828648178489824,5.1723481022125146e-05,upper,0.1
681,phase2,lower,-20.0,4,-15.000393833376142,-20.3916229082228,-19.881495550193083,-6.666776029440153,-2.824711702014424,0.02693777101853844,upper,0.1
682,phase2,upper,-15.0,2,-14.976467455853227,-20.3916229082228,-19.881495550193083,-6.666776029440153,-2.824711702014424,0.013239908275807274,upper,0.1
683,phase2,upper,-15.0,2,-14.965537588646386,-20.3916229082228,-19.881495550193083,-6.666776029440153,-2.824711702014424,0.005870323252467069,upper,0.1
684,phase2,upper,-15.0,2,-14.961662564233706,-20.3916229082228,-19.881495550193083,-6.666776029440153,-2.824711702014424,0.0019693300394090824,upper,0.1
685,phase2,upper,-15.0,2,-14.961557926447115,-20.3916229082228,-19.881495550193083,-6.666776029440153,-2.824711702014424,-3.505302127939768e-05,upper,0.1
686,phase2,upper,-15.0,2,-14.963405257333816,-20.3916229082228,-19.881495550193083,-6.666776029440153,-2.824711702014424,-0.0010070177019340357,upper,0.1
687,phase2,upper,-15.0,2,-14.966196700249073,-20.3916229082228,-19.881495550193083,-6.666776029440153,-2.824711702014424,-0.0014216195254166612,upper,0.1
688,phase2,lower,-20.0,4,-14.966196700249073,-20.591889629992703,-19.864645779752003,-6.551507696781198,-2.7692614650310197,0.027613958557514345,upper,0.1
689,phase2,upper,-15.0,2,-14.943241895511388,-20.591889629992703,-19.864645779752003,-6.551507696781198,-2.7692614650310197,0.012687538917421269,upper,0.1
690,phase2,upper,-15.0,2,-14.934476166200565,-20.591889629992703,-19.864645779752003,-6.551507696781198,-2.7692614650310197,0.004752925949215021,upper,0.1
691,phase2,upper,-15.0,2,-14.933302754518113,-20.591889629992703,-19.864645779752003,-6.551507696781198,-2.7692614650310197,0.0006425986515980564,upper,0.1
692,phase2,upper,-15.0,2,-14.936075174392911,-20.591889629992703,-19.864645779752003,-6.551507696781198,-2.7692614650310197,-0.0013844757456622984,upper,0.1
693,phase2,upper,-15.0,2,-14.940776602595262,-20.591889629992703,-19.864645779752003,-6.551507696781198,-2.7692614650310197,-0.002285151880774324,upper,0.1
694,phase2,upper,-15.0,2,-14.946292722524744,-20.591889629992703,-19.864645779752003,-6.551507696781198,-2.7692614650310197,-0.002585072852410878,upper,0.1
695,phase2,upper,-15.0,2,-14.952010815602002,-20.591889629992703,-19.864645779752003,-6.551507696781198,-2.7692614650310197,-0.0025726665460311313,upper,0.1
696,phase2,upper,-15.0,2,-14.95759828455201,-20.591889629992703,-19.864645779752003,-6.551507696781198,-2.7692614650310197,-0.0024057959242230107,upper,0.1
697,phase2,upper,-15.0,2,-14.962879931842492,-20.591889629992703,-19.864645779752003,-6.551507696781198,-2.7692614650310197,-0.0021704126800275395,upper,0.1
698,phase2,upper,-15.0,2,-14.967769652321874,-20.591889629992703,-19.864645779752003,-6.551507696781198,-2.7692614650310197,-0.0019128328418766233,upper,0.1
699,phase2,upper,-15.0,2,-14.97223216209748,-20.591889629992703,-19.864645779752003,-6.551507696781198,-2.7692614650310197,-0.0016575121032506757,upper,0.1
700,phase2,upper,-15.0,2,-14.976261354080675,-20.591889629992703,-19.864645779752003,-6.551507696781198,-2.7692614650310197,-0.0014168472695441992,upper,0.1
701,phase2,upper,-15.0,2,-14.979867897687155,-20.591889629992703,-19.864645779752003,-6.551507696781198,-2.7692614650310197,-0.0011965902439063068,upper,0.1
702,phase2,upper,-15.0,2,-14.983072012629423,-20.591889629992703,-19.864645779752003,-6.551507696781198,-2.7692614650310197,-0.000998845753851691,upper,0.1
703,phase2,lower,-20.0,4,-14.983072012629423,-20.7700642061471,-19.831825660323346,-6.435273927573868,-2.716108268048044,0.02847666099083219,upper,0.1
704,phase2,upper,-15.0,2,-14.959371211762933,-20.7700642061471,-19.831825660323346,-6.435273927573868,-2.716108268048044,0.013619261726663785,upper,0.1
705,phase2,upper,-15.0,2,-14.949646642388284,-20.7700642061471,-19.831825660323346,-6.435273927573868,-2.716108268048044,0.005682523555094554,upper,0.1
706,phase2,upper,-15.0,2,-14.94740097676801,-20.7700642061471,-19.831825660323346,-6.435273927573868,-2.716108268048044,0.0015320103157828735,upper,0.1
707,phase2,upper,-15.0,2,-14.949051466010001,-20.7700642061471,-19.831825660323346,-6.435273927573868,-2.716108268048044,-0.0005546487748685181,upper,0.1
708,phase2,upper,-15.0,2,-14.952623234299393,-20.7700642061471,-19.831825660323346,-6.435273927573868,-2.716108268048044,-0.0015237013241047146,upper,0.1
709,phase2,upper,-15.0,2,-14.957030102606257,-20.7700642061471,-19.831825660323346,-6.435273927573868,-2.716108268048044,-0.0018947182794642134,upper,0.1
710,phase2,upper,-15.0,2,-14.961678365973276,-20.7700642061471,-19.831825660323346,-6.435273927573868,-2.716108268048044,-0.0019526373563546586,upper,0.1
711,phase2,upper,-15.0,2,-14.966248156163507,-20.7700642061471,-19.831825660323346,-6.435273927573868,-2.716108268048044,-0.0018533238341595097,upper,0.1
712,phase2,upper,-15.0,2,-14.970572511248882,-20.7700642061471,-19.831825660323346,-6.435273927573868,-2.716108268048044,-0.0016816112667161192,upper,0.1
713,phase2,upper,-15.0,2,-14.97457025280961,-20.7700642061471,-19.831825660323346,-6.435273927573868,-2.716108268048044,-0.0014832279553630015,upper,0.1
714,phase2,upper,-15.0,2,-14.97820853835765,-20.7700642061471,-19.831825660323346,-6.435273927573868,-2.716108268048044,-0.0012823698789002662,upper,0.1
715,phase2,upper,-15.0,2,-14.981481817146824,-20.7700642061471,-19.831825660323346,-6.435273927573868,-2.716108268048044,-0.001091381959096997,upper,0.1
716,phase2,upper,-15.0,2,-14.984399885197485,-20.7700642061471,-19.831825660323346,-6.435273927573868,-2.716108268048044,-0.0009160984596801979,upper,0.1
717,phase2,upper,-15.0,2,-14.986981015012574,-20.7700642061471,-19.831825660323346,-6.435273927573868,-2.716108268048044,-0.0007587939811948426,upper,0.1
718,phase2,upper,-15.0,2,-14.989247938358803,-20.7700642061471,-19.831825660323346,-6.435273927573868,-2.716108268048044,-0.0006198178117245264,upper,0.1
719,phase2,upper,-15.0,2,-14.991225452048864,-20.7700642061471,-19.831825660323346,-6.435273927573868,-2.716108268048044,-0.0004985015876251462,upper,0.1
720,phase2,upper,-15.0,2,-14.992938962437636,-20.7700642061471,-19.831825660323346,-6.435273927573868,-2.716108268048044,-0.0003936649100785714,upper,0.1
721,phase2,upper,-15.0,2,-14.994413585153197,-20.7700642061471,-19.831825660323346,-6.435273927573868,-2.716108268048044,-0.00030389774612529227,upper,0.1
722,phase2,upper,-15.0,2,-14.995673582740958,-20.7700642061471,-19.831825660323346,-6.435273927573868,-2.716108268048044,-0.00022771827554306375,upper,0.1
723,phase2,upper,-15.0,2,-14.996742015010907,-20.7700642061471,-19.831825660323346,-6.435273927573868,-2.716108268048044,-0.00016366074881088563,upper,0.1
724,phase2,upper,-15.0,2,-14.99764052823875,-20.7700642061471,-19.831825660323346,-6.435273927573868,-2.716108268048044,-0.00011032364673799967,upper,0.1
725,phase2,upper,-15.0,2,-14.998389238274571,-20.7700642061471,-19.831825660323346,-6.435273927573868,-2.716108268048044,-6.639505190089923e-05,upper,0.1
726,phase2,upper,-15.0,2,-14.999006679109792,-20.7700642061471,-19.831825660323346,-6.435273927573868,-2.716108268048044,-3.066475122852138e-05,upper,0.1
727,phase2,upper,-15.0,2,-14.999509798070347,-20.7700642061471,-19.831825660323346,-6.435273927573868,-2.716108268048044,-2.02849320775727e-06,upper,0.1
728,phase2,upper,-15.0,2,-14.999913984580893,-20.7700642061471,-19.831825660323346,-6.435273927573868,-2.716108268048044,2.051245843790909e-05,upper,0.1
729,phase2,upper,-15.0,2,-15.000233123055006,-20.7700642061471,-19.831825660323346,-6.435273927573868,-2.716108268048044,3.785461386496267e-05,upper,0.1
730,phase2,upper,-15.0,2,-15.000479662834003,-20.7700642061471,-19.831825660323346,-6.435273927573868,-2.716108268048044,5.07972562767842e-05,upper,0.1
731,phase2,upper,-15.0,2,-15.00066469973371,-20.7700642061471,-19.831825660323346,-6.435273927573868,-2.716108268048044,6.004843932761901e-05,upper,0.1
732,phase2,upper,-15.0,2,-15.000798064949798,-20.7700642061471,-19.831825660323346,-6.435273927573868,-2.716108268048044,6.623152031524481e-05,upper,0.1
733,phase2,upper,-15.0,2,-15.000888417979136,-20.7700642061471,-19.831825660323346,-6.435273927573868,-2.716108268048044,6.989191923425328e-05,upper,0.1
734,phase2,upper,-15.0,2,-15.000943340929208,-20.7700642061471,-19.831825660323346,-6.435273927573868,-2.716108268048044,7.150389076327813e-05,upper,0.1
735,phase2,upper,-15.0,2,-15.000969432164744,-20.7700642061471,-19.831825660323346,-6.435273927573868,-2.716108268048044,7.147716070033587e-05,upper,0.1
736,phase2,upper,-15.0,2,-15.000972397713557,-20.7700642061471,-19.831825660323346,-6.435273927573868,-2.716108268048044,7.016332309532636e-05,upper,0.1
737,phase2,upper,-15.0,2,-15.000957139244038,-20.7700642061471,-19.831825660323346,-6.435273927573868,-2.716108268048044,6.786192663754462e-05,upper,0.1
738,phase2,upper,-15.0,2,-15.00092783774974,-20.7700642061471,-19.831825660323346,-6.435273927573868,-2.716108268048044,6.482620294447506e-05,upper,0.1
739,phase2,upper,-15.0,2,-15.000888032342884,-20.7700642061471,-19.831825660323346,-6.435273927573868,-2.716108268048044,6.126840775625758e-05,upper,0.1
740,phase2,upper,-15.0,2,-15.000840693777265,-20.7700642061471,-19.831825660323346,-6.435273927573868,-2.716108268048044,5.736476020965452e-05,upper,0.1
741,phase2,upper,-15.0,2,-15.000788292498784,-20.7700642061471,-19.831825660323346,-6.435273927573868,-2.716108268048044,5.325997633428936e-05,upper,0.1
742,phase2,upper,-15.0,2,-15.000732861164556,-20.7700642061471,-19.831825660323346,-6.435273927573868,-2.716108268048044,4.907140136985184e-05,upper,0.1
743,phase2,upper,-15.0,2,-15.000676051684675,-20.7700642061471,-19.831825660323346,-6.435273927573868,-2.716108268048044,4.4892751929565714e-05,upper,0.1
744,phase2,upper,-15.0,2,-15.000619186928308,-20.7700642061471,-19.831825660323346,-6.435273927573868,-2.716108268048044,4.0797483818973264e-05,upper,0.1
745,phase2,upper,-15.0,2,-15.000563307302071,-20.7700642061471,-19.831825660323346,-6.435273927573868,-2.716108268048044,3.684180474861412e-05,upper,0.1
746,phase2,upper,-15.0,2,-15.000509212456887,-20.7700642061471,-19.831825660323346,-6.435273927573868,-2.716108268048044,3.30673535069904e-05,upper,0.1
747,phase2,upper,-15.0,2,-15.000457498412745,-20.7700642061471,-19.831825660323346,-6.435273927573868,-2.716108268048044,2.9503568586313003e-05,upper,0.1
748,phase2,upper,-15.0,2,-15.000408590411704,-20.7700642061471,-19.831825660323346,-6.435273927573868,-2.716108268048044,2.6169769951311787e-05,upper,0.1
749,phase2,upper,-15.0,2,-15.000362771820209,-20.7700642061471,-19.831825660323346,-6.435273927573868,-2.716108268048044,2.3076977758749773e-05,upper,0.1
750,phase2,upper,-15.0,2,-15.000320209404505,-20.7700642061471,-19.831825660323346,-6.435273927573868,-2.716108268048044,2.0229491493268785e-05,upper,0.1
751,phase2,upper,-15.0,2,-15.000280975299118,-20.7700642061471,-19.831825660323346,-6.435273927573868,-2.716108268048044,1.762625229299001e-05,upper,0.1
752,phase2,upper,-15.0,2,-15.000245065979643,-20.7700642061471,-19.831825660323346,-6.435273927573868,-2.716108268048044,1.526201028009346e-05,upper,0.1
753,phase2,lower,-20.0,4,-15.000245065979643,-20.926226615755475,-19.78432843124468,-6.318661025774447,-2.6652925333432553,0.029198176408095647,upper,0.1
754,phase2,upper,-15.0,2,-14.973947795580553,-20.926226615755475,-19.78432843124468,-6.318661025774447,-2.6652925333432553,0.014312756372493844,upper,0.1
755,phase2,upper,-15.0,2,-14.96183657502903,-20.926226615755475,-19.78432843124468,-6.318661025774447,-2.6652925333432553,0.006301007906473465,upper,0.1
756,phase2,upper,-15.0,2,-14.957449639551394,-20.926226615755475,-19.78432843124468,-6.318661025774447,-2.6652925333432553,0.0020581485724798965,upper,0.1
757,phase2,upper,-15.0,2,-14.957210911844127,-20.926226615755475,-19.78432843124468,-6.318661025774447,-2.6652925333432553,-0.00012279347222604272,upper,0.1
758,phase2,upper,-15.0,2,-14.959136951753662,-20.926226615755475,-19.78432843124468,-6.318661025774447,-2.6652925333432553,-0.0011804441254591098,upper,0.1
759,phase2,upper,-15.0,2,-14.962125366748191,-20.926226615755475,-19.78432843124468,-6.318661025774447,-2.6652925333432553,-0.0016309676935196524,upper,0.1
760,phase2,upper,-15.0,2,-14.965562810801332,-20.926226615755475,-19.78432843124468,-6.318661025774447,-2.6652925333432553,-0.0017581515857713564,upper,0.1
761,phase2,lower,-20.0,4,-14.965562810801332,-21.06361913373159,-19.725538075214903,-6.203694625745703,-2.61788164516335,0.028977825324637517,upper,0.1
762,phase2,upper,-15.0,2,-14.941446315191612,-21.06361913373159,-19.725538075214903,-6.203694625745703,-2.61788164516335,0.013342737979533139,upper,0.1
763,phase2,upper,-15.0,2,-14.932188477705672,-21.06361913373159,-19.725538075214903,-6.203694625745703,-2.61788164516335,0.005028887468327279,upper,0.1
764,phase2,upper,-15.0,2,-14.930883038035004,-21.06361913373159,-19.725538075214903,-6.203694625745703,-2.61788164516335,0.0007196595052249228,upper,0.1
765,phase2,upper,-15.0,2,-14.933712641999923,-21.06361913373159,-19.725538075214903,-6.203694625745703,-2.61788164516335,-0.0014079189246237124,upper,0.1
766,phase2,upper,-15.0,2,-14.938566094507102,-21.06361913373159,-19.725538075214903,-6.203694625745703,-2.61788164516335,-0.002355731720316294,upper,0.1
767,phase2,upper,-15.0,2,-14.944277003992264,-21.06361913373159,-19.725538075214903,-6.203694625745703,-2.61788164516335,-0.0026741581234230984,upper,0.1
768,phase2,upper,-15.0,2,-14.95020403162662,-21.06361913373159,-19.725538075214903,-6.203694625745703,-2.61788164516335,-0.002665201681614506,upper,0.1
769,phase2,upper,-15.0,2,-14.955999016793168,-21.06361913373159,-19.725538075214903,-6.203694625745703,-2.61788164516335,-0.0024941605464139493,upper,0.1
770,phase2,upper,-15.0,2,-14.96147850364438,-21.06361913373159,-19.725538075214903,-6.203694625745703,-2.61788164516335,-0.002251041351598239,upper,0.1
771,phase2,upper,-15.0,2,-14.96655224028939,-21.06361913373159,-19.725538075214903,-6.203694625745703,-2.61788164516335,-0.0019843532043803,upper,0.1
772,phase2,upper,-15.0,2,-14.971183125147824,-21.06361913373159,-19.725538075214903,-6.203694625745703,-2.61788164516335,-0.0017197188337603557,upper,0.1
773,phase2,upper,-15.0,2,-14.975364559846701,-21.06361913373159,-19.725538075214903,-6.203694625745703,-2.61788164516335,-0.0014701365767435183,upper,0.1
774,phase2,upper,-15.0,2,-14.979107478873784,-21.06361913373159,-19.725538075214903,-6.203694625745703,-2.61788164516335,-0.001241648477482051,upper,0.1
775,phase2,upper,-15.0,2,-14.982432794598807,-21.06361913373159,-19.725538075214903,-6.203694625745703,-2.61788164516335,-0.0010364784991767277,upper,0.1
776,phase2,upper,-15.0,2,-14.985366903093238,-21.06361913373159,-19.725538075214903,-6.203694625745703,-2.61788164516335,-0.0008547756205667533,upper,0.1
777,phase2,upper,-15.0,2,-14.98793894506424,-21.06361913373159,-19.725538075214903,-6.203694625745703,-2.61788164516335,-0.0006955860091562179,upper,0.1
778,phase2,upper,-15.0,2,-14.990179093715426,-21.06361913373159,-19.725538075214903,-6.203694625745703,-2.61788164516335,-0.0005573978806944,upper,0.1
779,phase2,upper,-15.0,2,-14.992117459803076,-21.06361913373159,-19.725538075214903,-6.203694625745703,-2.61788164516335,-0.0004384484305252231,upper,0.1
780,phase2,lower,-20.0,4,-14.992117459803076,-21.180205631467395,-19.655001764199262,-6.089677178303695,-2.572971225602651,0.029298203278294722,upper,0.1
781,phase2,upper,-15.0,2,-14.967020393684562,-21.180205631467395,-19.655001764199262,-6.089677178303695,-2.572971225602651,0.014234061915332405,upper,0.1
782,phase2,lower,-20.0,4,-14.967020393684562,-21.26487458901678,-19.56582134218681,-5.971389244818381,-2.526590905568811,0.032587179247526694,upper,0.1
783,phase2,upper,-15.0,2,-14.939613188272297,-21.26487458901678,-19.56582134218681,-5.971389244818381,-2.526590905568811,0.015151242673770675,upper,0.1
784,phase2,upper,-15.0,2,-14.92877559840673,-21.26487458901678,-19.56582134218681,-5.971389244818381,-2.526590905568811,0.005864372126991009,upper,0.1
785,phase2,upper,-15.0,2,-14.926824998265172,-21.26487458901678,-19.56582134218681,-5.971389244818381,-2.526590905568811,0.0010362704239734984,upper,0.1
786,phase2,lower,-20.0,4,-14.926824998265172,-21.34403662095221,-19.477350844418453,-5.862040642642417,-2.4880141220764873,0.028733710561297608,upper,0.1
787,phase2,upper,-15.0,2,-14.904586946680414,-21.34403662095221,-19.477350844418453,-5.862040642642417,-2.4880141220764873,0.012210274035828056,upper,0.1
788,phase2,upper,-15.0,2,-14.898100892360853,-21.34403662095221,-19.477350844418453,-5.862040642642417,-2.4880141220764873,0.0035259299861097387,upper,0.1
789,phase2,upper,-15.0,2,-14.899935503348107,-21.34403662095221,-19.477350844418453,-5.862040642642417,-2.4880141220764873,-0.0008785522182528716,upper,0.1
790,phase2,upper,-15.0,2,-14.905981964505672,-21.34403662095221,-19.477350844418453,-5.862040642642417,-2.4880141220764873,-0.0029594067119983504,upper,0.1
791,phase2,upper,-15.0,2,-14.913968871564357,-21.34403662095221,-19.477350844418453,-5.862040642642417,-2.4880141220764873,-0.003791540662099224,upper,0.1
792,phase2,upper,-15.0,2,-14.922644020255758,-21.34403662095221,-19.477350844418453,-5.862040642642417,-2.4880141220764873,-0.003965140188901848,upper,0.1
793,phase2,upper,-15.0,2,-14.931322890365237,-21.34403662095221,-19.477350844418453,-5.862040642642417,-2.4880141220764873,-0.0038036761303370573,upper,0.1
794,phase2,upper,-15.0,2,-14.939638871632823,-21.34403662095221,-19.477350844418453,-5.862040642642417,-2.4880141220764873,-0.003483774045382682,upper,0.1
795,phase2,upper,-15.0,2,-14.94740458047898,-21.34403662095221,-19.477350844418453,-5.862040642642417,-2.4880141220764873,-0.00310115503477476,upper,0.1
796,phase2,upper,-15.0,2,-14.954534437588515,-21.34403662095221,-19.477350844418453,-5.862040642642417,-2.4880141220764873,-0.0027069349706287183,upper,0.1
797,phase2,upper,-15.0,2,-14.961001104208556,-21.34403662095221,-19.477350844418453,-5.862040642642417,-2.4880141220764873,-0.0023276267447698545,upper,0.1
798,phase2,upper,-15.0,2,-14.966810698254891,-21.34403662095221,-19.477350844418453,-5.862040642642417,-2.4880141220764873,-0.001976178280836688,upper,0.1
799,phase2,lower,-20.0,4,-14.966810698254891,-21.409146603751587,-19.384164300591365,-5.757365748583232,-2.453523424411744,0.027398756795590354,upper,0.1
