episode,phase,route,return,steps,q_start_right,q_start_down,q_shield_right,q_d1_right,q_d2_right,mood_M,greedy_route,epsilon
0,phase1,upper,-15.0,2,-1.25,0.0,0.0,0.0,0.0,nan,lower,0.1
1,phase1,lower,-10.0,4,-1.25,-0.25,-0.25,-0.25,-0.25,nan,lower,0.1
2,phase1,lower,-10.0,4,-1.25,-0.5,-0.5,-0.5,-0.475,nan,lower,0.1
3,phase1,upper,-15.0,2,-2.4000000000000004,-0.5,-0.5,-0.5,-0.475,nan,lower,0.1
4,phase1,lower,-10.0,4,-2.4000000000000004,-0.75,-0.75,-0.7475,-0.6775,nan,lower,0.1
5,phase1,lower,-10.0,4,-2.4000000000000004,-1.0,-0.99975,-0.9905,-0.85975,nan,lower,0.1
6,phase1,lower,-10.0,4,-2.4000000000000004,-1.249975,-1.248825,-1.227425,-1.023775,nan,lower,0.1
7,phase1,lower,-10.0,4,-2.4000000000000004,-1.49986,-1.496685,-1.45706,-1.1713975,nan,lower,0.1
8,phase1,lower,-10.0,4,-2.4000000000000004,-1.7495425,-1.7427225000000002,-1.6784937500000001,-1.30425775,nan,lower,0.1
9,phase1,lower,-10.0,4,-2.4000000000000004,-1.9988605000000002,-1.9862996250000002,-1.8910701500000002,-1.4238319750000001,nan,lower,0.1
10,phase1,lower,-10.0,4,-2.4000000000000004,-2.2476044125000003,-2.2267766775,-2.0943463325000002,-1.5314487775,nan,lower,0.1
11,phase1,lower,-10.0,4,-2.4000000000000004,-2.495521639,-2.4635336430000003,-2.2880565770000003,-1.6283038997500001,nan,upper,0.1
12,phase1,upper,-15.0,2,-3.4575000000000005,-2.495521639,-2.4635336430000003,-2.2880565770000003,-1.6283038997500001,nan,lower,0.1
13,phase1,lower,-10.0,4,-3.4575000000000005,-2.7423228394,-2.6959859364000005,-2.4720813092750005,-1.715473509775,nan,lower,0.1
14,phase1,lower,-10.0,4,-3.4575000000000005,-2.9876891491,-2.9235954736875005,-2.6464205293250003,-1.7939261587975,nan,lower,0.1
15,phase1,lower,-10.0,4,-3.4575000000000005,-3.23127978155875,-3.1458779792512503,-2.81117109227225,-1.8645335429177499,nan,lower,0.1
16,phase1,lower,-10.0,4,-3.4575000000000005,-3.472739601328,-3.3624072905533504,-2.9665073373368003,-1.9280801886259749,nan,upper,0.1
17,phase1,upper,-15.0,2,-4.429500000000001,-3.472739601328,-3.3624072905533504,-2.9665073373368003,-1.9280801886259749,nan,lower,0.1
18,phase1,lower,-10.0,4,-4.429500000000001,-3.711706370250535,-3.5728172952316952,-3.1126646224657177,-1.9852721697633773,nan,lower,0.1
19,phase1,lower,-10.0,4,-4.429500000000001,-3.947817462748651,-3.7768020279550973,-3.2499253771954835,-2.0367449527870396,nan,lower,0.1
20,phase1,lower,-10.0,4,-4.429500000000001,-4.1807159192692955,-3.9741143628791358,-3.378607334754639,-2.0830704575083354,nan,lower,0.1
21,phase1,lower,-10.0,4,-4.429500000000001,-4.41005576363028,-4.164563660066686,-3.4990536470300087,-2.124763411757502,nan,lower,0.1
22,phase1,lower,-10.0,4,-4.429500000000001,-4.63550655327392,-4.348012658763018,-3.611624623502758,-2.162287070581752,nan,upper,0.1
23,phase1,upper,-15.0,2,-5.322525000000001,-4.63550655327392,-4.348012658763018,-3.611624623502758,-2.162287070581752,nan,lower,0.1
24,phase1,lower,-10.0,4,-5.322525000000001,-4.85675716382283,-4.524373855236992,-3.7166908682106574,-2.196058363523577,nan,lower,0.1
25,phase1,lower,-10.0,4,-5.322525000000001,-5.073518832964246,-4.693605556534359,-3.8146276177419494,-2.226452527171219,nan,lower,0.1
26,phase1,lower,-10.0,4,-5.322525000000001,-5.285527505321257,-4.855707762655118,-3.9058101086848764,-2.2538072744540973,nan,lower,0.1
27,phase1,lower,-10.0,4,-5.322525000000001,-5.492545531054643,-5.010717997258094,-3.9906098252617985,-2.2784265470086877,nan,upper,0.1
28,phase1,lower,-10.0,4,-5.322525000000001,-5.694362777674987,-5.158707180058465,-4.069391497436487,-2.300583892307819,nan,upper,0.1
29,phase1,upper,-15.0,2,-6.142650000000001,-5.694362777674987,-5.158707180058465,-4.069391497436487,-2.300583892307819,nan,lower,0.1
30,phase1,lower,-10.0,4,-6.142650000000001,-5.890797217913335,-5.299775611796267,-4.1425107369236205,-2.320525503077037,nan,lower,0.1
31,phase1,lower,-10.0,4,-6.142650000000001,-6.081695057301628,-5.434049124309003,-4.210312213538963,-2.338472952769333,nan,lower,0.1
32,phase1,lower,-10.0,4,-6.142650000000001,-6.266930464002366,-5.561675433231999,-4.273128287462,-2.3546256574923996,nan,upper,0.1
33,phase1,upper,-15.0,2,-6.895524750000001,-6.266930464002366,-5.561675433231999,-4.273128287462,-2.3546256574923996,nan,lower,0.1
34,phase1,lower,-10.0,4,-6.895524750000001,-6.446404960925329,-5.682820718654999,-4.33127802446504,-2.3691630917431596,nan,lower,0.1
35,phase1,lower,-10.0,4,-6.895524750000001,-6.620046536698296,-5.7976664492360035,-4.385066531192852,-2.382246782568844,nan,lower,0.1
36,phase1,lower,-10.0,4,-6.895524750000001,-6.787808527952067,-5.906406457431689,-4.434784556330451,-2.3940221043119596,nan,lower,0.1
37,phase1,lower,-10.0,4,-6.895524750000001,-6.949668320900029,-6.009244267321565,-4.480708311128602,-2.4046198938807635,nan,upper,0.1
38,phase1,upper,-15.0,2,-7.586398050000001,-6.949668320900029,-6.009244267321565,-4.480708311128602,-2.4046198938807635,nan,lower,0.1
39,phase1,lower,-10.0,4,-7.586398050000001,-7.105625915542182,-6.106390671702268,-4.523099469403818,-2.4141579044926873,nan,lower,0.1
40,phase1,upper,-15.0,2,-8.220141442500001,-7.105625915542182,-6.106390671702268,-4.523099469403818,-2.4141579044926873,nan,lower,0.1
41,phase1,lower,-10.0,4,-8.220141442500001,-7.255702391158191,-6.198061551472423,-4.562205312912705,-2.4227421140434187,nan,lower,0.1
42,phase1,lower,-10.0,4,-8.220141442500001,-7.399938307189614,-6.284475927616452,-4.598258993025777,-2.430467902639077,nan,lower,0.1
43,phase1,lower,-10.0,4,-8.220141442500001,-7.538392069232298,-6.365854234157384,-4.631479883987106,-2.4374211123751692,nan,lower,0.1
44,phase1,lower,-10.0,4,-8.220141442500001,-7.6711382857248065,-6.442416799140356,-4.662074006825913,-2.443679001137652,nan,lower,0.1
45,phase1,lower,-10.0,4,-8.220141442500001,-7.798266137066362,-6.514382519908912,-4.690234506257086,-2.449311101023887,nan,lower,0.1
46,phase1,lower,-10.0,4,-8.220141442500001,-7.919877775350617,-6.581967718543729,-4.716142165733766,-2.454379990921498,nan,lower,0.1
47,phase1,lower,-10.0,4,-8.220141442500001,-8.036086769669929,-6.645385163262732,-4.739965948252539,-2.4589419918293483,nan,lower,0.1
48,phase1,lower,-10.0,4,-8.220141442500001,-8.147016609029208,-6.704843241761713,-4.761863552610221,-2.4630477926464134,nan,lower,0.1
49,phase1,lower,-10.0,4,-8.220141442500001,-8.25279927230246,-6.760545272846564,-4.78198197661384,-2.4667430133817723,nan,upper,0.1
50,phase1,upper,-15.0,2,-8.801272176000001,-8.25279927230246,-6.760545272846564,-4.78198197661384,-2.4667430133817723,nan,lower,0.1
51,phase1,lower,-10.0,4,-8.801272176000001,-8.35357387235687,-6.812688943223291,-4.800458080290633,-2.470068712043595,nan,lower,0.1
52,phase1,lower,-10.0,4,-8.801272176000001,-8.449485379443512,-6.8614658569300255,-4.817419143465929,-2.4730618408392355,nan,lower,0.1
53,phase1,lower,-10.0,4,-8.801272176000001,-8.540683427192164,-6.907061185583616,-4.83298341320326,-2.475755656755312,nan,lower,0.1
54,phase1,lower,-10.0,4,-8.801272176000001,-8.62732120303131,-6.94965340834558,-4.847260637558465,-2.4781800910797807,nan,lower,0.1
55,phase1,lower,-10.0,4,-8.801272176000001,-8.709554423562736,-6.9894141312668685,-4.860352582910597,-2.4803620819718026,nan,lower,0.1
56,phase1,upper,-15.0,2,-9.333975348375,-8.709554423562736,-6.9894141312668685,-4.860352582910597,-2.4803620819718026,nan,lower,0.1
57,phase1,lower,-10.0,4,-9.333975348375,-8.78754039433315,-7.026507976431241,-4.872353532816717,-2.4823258737746223,nan,lower,0.1
58,phase1,lower,-10.0,4,-9.333975348375,-8.861437152542958,-7.061092532069789,-4.883350766912508,-2.48409328639716,nan,lower,0.1
59,phase1,lower,-10.0,4,-9.333975348375,-8.931402690495641,-7.093318355554061,-4.893425018860973,-2.485683957757444,nan,lower,0.1
60,phase1,upper,-15.0,2,-9.822125164515,-8.931402690495641,-7.093318355554061,-4.893425018860973,-2.485683957757444,nan,lower,0.1
61,phase1,lower,-10.0,4,-9.822125164515,-8.997594257001483,-7.123329021884752,-4.90265091275062,-2.4871155619816996,nan,lower,0.1
62,phase1,lower,-10.0,4,-9.822125164515,-9.06016773348981,-7.151261210971339,-4.911097377673729,-2.4884040057835297,nan,lower,0.1
63,phase1,lower,-10.0,4,-9.822125164515,-9.119277081237962,-7.177244827641578,-4.9188280404847085,-2.4895636052051766,nan,lower,0.1
64,phase1,lower,-10.0,4,-9.822125164515,-9.175073855878324,-7.201403148925891,-4.925901596956756,-2.490607244684659,nan,lower,0.1
65,phase1,lower,-10.0,4,-9.822125164515,-9.22770678518308,-7.223852993728977,-4.932372161729546,-2.4915465202161933,nan,lower,0.1
66,phase1,upper,-15.0,2,-10.26930526394325,-9.22770678518308,-7.223852993728977,-4.932372161729546,-2.4915465202161933,nan,lower,0.1
67,phase1,lower,-10.0,4,-10.26930526394325,-9.27732140603767,-7.244704910529034,-4.938289597578211,-2.492391868194574,nan,lower,0.1
68,phase1,lower,-10.0,4,-10.26930526394325,-9.324059756486806,-7.264063379233952,-4.943699824639848,-2.4931526813751166,nan,lower,0.1
69,phase1,lower,-10.0,4,-10.26930526394325,-9.36806011876152,-7.282027023774542,-4.948645110313374,-2.493837413237605,nan,lower,0.1
70,phase1,lower,-10.0,4,-10.26930526394325,-9.409456809262823,-7.298688832428425,-4.953164340605797,-2.4944536719138446,nan,lower,0.1
71,phase1,upper,-15.0,2,-10.6788280918407,-9.409456809262823,-7.298688832428425,-4.953164340605797,-2.4944536719138446,nan,lower,0.1
72,phase1,lower,-10.0,4,-10.6788280918407,-9.448380011579383,-7.314136383246162,-4.957293273736601,-2.49500830472246,nan,lower,0.1
73,phase1,lower,-10.0,4,-10.6788280918407,-9.48495564874606,-7.328452072295207,-4.961064776835187,-2.495507474250214,nan,lower,0.1
74,phase1,lower,-10.0,4,-10.6788280918407,-9.519305291100975,-7.3417133427492045,-4.96450904657669,-2.4959567268251925,nan,lower,0.1
75,phase1,lower,-10.0,4,-10.6788280918407,-9.551546096265799,-7.353992913131953,-4.96765381460154,-2.4963610541426733,nan,lower,0.1
76,phase1,lower,-10.0,4,-10.6788280918407,-9.581790777952415,-7.365359003278912,-4.970524538555654,-2.496724948728406,nan,lower,0.1
77,phase1,lower,-10.0,4,-10.6788280918407,-9.610147600485064,-7.375875556806586,-4.973144579572929,-2.4970524538555656,nan,lower,0.1
78,phase1,lower,-10.0,4,-10.6788280918407,-9.636720396117216,-7.385602459083221,-4.975535367001193,-2.4973472084700092,nan,lower,0.1
79,phase1,lower,-10.0,4,-10.6788280918407,-9.661608602413816,-7.394595749875018,-4.977716551148075,-2.4976124876230084,nan,lower,0.1
80,phase1,lower,-10.0,4,-10.6788280918407,-9.684907317159936,-7.402907830002324,-4.979706144795568,-2.4978512388607075,nan,lower,0.1
81,phase1,lower,-10.0,4,-10.6788280918407,-9.706707368444174,-7.410587661481648,-4.981520654202082,-2.4980661149746366,nan,lower,0.1
82,phase1,lower,-10.0,4,-10.6788280918407,-9.727095397747922,-7.417680960753691,-4.983175200279337,-2.498259503477173,nan,lower,0.1
83,phase1,lower,-10.0,4,-10.6788280918407,-9.746153954048498,-7.424230384706255,-4.984683630599121,-2.4984335531294555,nan,lower,0.1
84,phase1,lower,-10.0,4,-10.6788280918407,-9.763961597114275,-7.430275709295541,-4.986058622852155,-2.49859019781651,nan,lower,0.1
85,phase1,lower,-10.0,4,-10.6788280918407,-9.780593008332401,-7.435854000651203,-4.98731178034859,-2.498731178034859,nan,lower,0.1
86,phase1,lower,-10.0,4,-10.6788280918407,-9.796119107564282,-7.440999778620942,-4.988453720117217,-2.498858060231373,nan,lower,0.1
87,phase1,lower,-10.0,4,-10.6788280918407,-9.810607174669947,-7.445745172770569,-4.989494154128633,-2.4989722542082355,nan,lower,0.1
88,phase1,lower,-10.0,4,-10.6788280918407,-9.824120974480008,-7.450120070906375,-4.990441964136593,-2.499075028787412,nan,lower,0.1
89,phase1,lower,-10.0,4,-10.6788280918407,-9.836720884122645,-7.454152260229397,-4.991305270601675,-2.4991675259086708,nan,lower,0.1
90,phase1,lower,-10.0,4,-10.6788280918407,-9.84846402173332,-7.4578675612666245,-4.992091496132375,-2.4992507733178035,nan,lower,0.1
91,phase1,lower,-10.0,4,-10.6788280918407,-9.859404375686651,-7.4612899547532,-4.992807423850918,-2.4993256959860233,nan,lower,0.1
92,phase1,lower,-10.0,4,-10.6788280918407,-9.869592933593307,-7.464441701662972,-4.9934592510644285,-2.499393126387421,nan,lower,0.1
93,phase1,lower,-10.0,4,-10.6788280918407,-9.879077810400274,-7.467343456603118,-4.994052638596727,-2.499453813748679,nan,lower,0.1
94,phase1,lower,-10.0,4,-10.6788280918407,-9.887904375020558,-7.470014374802479,-4.994592756111922,-2.499508432373811,nan,lower,0.1
95,phase1,lower,-10.0,4,-10.6788280918407,-9.89611537499875,-7.472472212933424,-4.995084323738111,-2.49955758913643,nan,lower,0.1
96,phase1,lower,-10.0,4,-10.6788280918407,-9.903751058792217,-7.474733424013892,-4.995531650277943,-2.499601830222787,nan,lower,0.1
97,phase1,lower,-10.0,4,-10.6788280918407,-9.910849295314385,-7.4768132466402975,-4.995938668272427,-2.4996416472005083,nan,lower,0.1
98,phase1,lower,-10.0,4,-10.6788280918407,-9.917445690446977,-7.47872578880351,-4.996308966165236,-2.4996774824804575,nan,lower,0.1
99,phase1,lower,-10.0,4,-10.6788280918407,-9.92357370028263,-7.4804841065396825,-4.996645817796758,-2.499709734232412,nan,lower,0.1
100,phase1,lower,-10.0,4,-10.6788280918407,-9.929264740908335,-7.48210027766539,-4.996952209440324,-2.4997387608091706,nan,lower,0.1
101,phase1,lower,-10.0,4,-10.6788280918407,-9.93454829458404,-7.4835854708428835,-4.997230864577209,-2.4997648847282536,nan,lower,0.1
102,phase1,lower,-10.0,4,-10.6788280918407,-9.939452012209925,-7.484950010216316,-4.997484266592314,-2.499788396255428,nan,lower,0.1
103,phase1,upper,-15.0,2,-11.053753301519228,-9.939452012209925,-7.484950010216316,-4.997484266592314,-2.499788396255428,nan,lower,0.1
104,phase1,lower,-10.0,4,-11.053753301519228,-9.944001812010564,-7.486203435853916,-4.997714679558625,-2.4998095566298852,nan,lower,0.1
105,phase1,lower,-10.0,4,-11.053753301519228,-9.9482219743949,-7.487354560224387,-4.997924167265751,-2.4998286009668966,nan,lower,0.1
106,phase1,lower,-10.0,4,-11.053753301519228,-9.952135232977849,-7.488411520928523,-4.998114610635866,-2.499845740870207,nan,lower,0.1
107,phase1,lower,-10.0,4,-11.053753301519228,-9.955762861772916,-7.489381829899257,-4.9982877236593,-2.4998611667831865,nan,lower,0.1
108,phase1,lower,-10.0,4,-11.053753301519228,-9.959124758585551,-7.490272419275261,-4.998445067971689,-2.4998750501048677,nan,lower,0.1
109,phase1,lower,-10.0,4,-11.053753301519228,-9.962239524654521,-7.491089684144904,-4.998588066185007,-2.499887545094381,nan,lower,0.1
110,phase1,lower,-10.0,4,-11.053753301519228,-9.96512454060356,-7.491839522348914,-4.998718014075944,-2.499898790584943,nan,lower,0.1
111,phase1,upper,-15.0,2,-11.396905188343643,-9.96512454060356,-7.491839522348914,-4.998718014075944,-2.499898790584943,nan,lower,0.1
112,phase1,lower,-10.0,4,-11.396905188343643,-9.967796038778095,-7.492527371521617,-4.998836091726844,-2.4999089115264486,nan,lower,0.1
113,phase1,lower,-10.0,4,-11.396905188343643,-9.970269172052447,-7.4931582435421396,-4.998943373706804,-2.4999180203738036,nan,lower,0.1
114,phase1,lower,-10.0,4,-11.396905188343643,-9.972558079201416,-7.493736756558606,-4.999040838373504,-2.499926218336423,nan,lower,0.1
115,phase1,lower,-10.0,4,-11.396905188343643,-9.974675946937136,-7.494267164740096,-4.999129376369796,-2.499933596502781,nan,lower,0.1
116,phase1,lower,-10.0,4,-11.396905188343643,-9.976635068717432,-7.494753385903066,-4.999209798383094,-2.499940236852503,nan,lower,0.1
117,phase1,lower,-10.0,4,-11.396905188343643,-9.978446900435996,-7.495199027151069,-4.999282842230035,-2.4999462131672527,nan,lower,0.1
118,phase1,lower,-10.0,4,-11.396905188343643,-9.980122113107504,-7.495607408658966,-4.999349179323756,-2.4999515918505275,nan,lower,0.1
119,phase1,lower,-10.0,4,-11.396905188343643,-9.98167064266265,-7.495981585725445,-4.999409420576433,-2.4999564326654746,nan,lower,0.1
120,phase1,lower,-10.0,4,-11.396905188343643,-9.98310173696893,-7.4963243692105435,-4.999464121785337,-2.4999607893989273,nan,lower,0.1
121,phase1,lower,-10.0,4,-11.396905188343643,-9.98442400019309,-7.496638344468023,-4.999513788546696,-2.4999647104590346,nan,lower,0.1
122,phase1,lower,-10.0,4,-11.396905188343643,-9.985645434620583,-7.49692588887589,-4.999558880737929,-2.499968239413131,nan,lower,0.1
123,phase1,lower,-10.0,4,-11.396905188343643,-9.986773480046114,-7.4971891880620944,-4.99959981660545,-2.499971415471818,nan,lower,0.1
124,phase1,lower,-10.0,4,-11.396905188343643,-9.987815050847713,-7.49743025091643,-4.999636976492087,-2.499974273924636,nan,lower,0.1
125,phase1,upper,-15.0,2,-11.710889164787982,-9.987815050847713,-7.49743025091643,-4.999636976492087,-2.499974273924636,nan,lower,0.1
126,phase1,lower,-10.0,4,-11.710889164787982,-9.988776570854585,-7.497650923473996,-4.999670706235342,-2.499976846532172,nan,lower,0.1
127,phase1,lower,-10.0,4,-11.710889164787982,-9.989664006116525,-7.4978529017501305,-4.999701320265025,-2.499979161878955,nan,lower,0.1
128,phase1,lower,-10.0,4,-11.710889164787982,-9.990482895679886,-7.49803774360162,-4.999729104426418,-2.4999812456910595,nan,lower,0.1
129,phase1,lower,-10.0,4,-11.710889164787982,-9.99123838047206,-7.4982068796841,-4.999754318552882,-2.4999831211219536,nan,lower,0.1
130,phase1,lower,-10.0,4,-11.710889164787982,-9.991935230393263,-7.498361623570979,-4.999777198809789,-2.4999848090097583,nan,lower,0.1
131,phase1,lower,-10.0,4,-11.710889164787982,-9.992577869711035,-7.4985031810948595,-4.999797959829786,-2.4999863281087826,nan,lower,0.1
132,phase1,lower,-10.0,4,-11.710889164787982,-9.993170400849417,-7.4986326589683525,-4.999816796657686,-2.4999876952979045,nan,lower,0.1
133,phase1,lower,-10.0,4,-11.710889164787982,-9.99371662666131,-7.498751072737286,-4.999833886521707,-2.4999889257681143,nan,lower,0.1
134,phase1,lower,-10.0,4,-11.710889164787982,-9.994220071268908,-7.498859354115728,-4.999849390446348,-2.499990033191303,nan,lower,0.1
135,phase1,lower,-10.0,4,-11.710889164787982,-9.99468399955359,-7.498958357748791,-4.999863454720844,-2.499991029872173,nan,lower,0.1
136,phase1,lower,-10.0,4,-11.710889164787982,-9.99511143537311,-7.499048867445996,-4.999876212235977,-2.4999919268849555,nan,lower,0.1
137,phase1,upper,-15.0,2,-11.998107294060018,-9.99511143537311,-7.499048867445996,-4.999876212235977,-2.4999919268849555,nan,lower,0.1
138,phase1,lower,-10.0,4,-11.998107294060018,-9.995505178580398,-7.4991316019249945,-4.999887783700875,-2.49999273419646,nan,lower,0.1
139,phase1,lower,-10.0,4,-11.998107294060018,-9.995867820914858,-7.499207220102583,-4.999898278750433,-2.499993460776814,nan,lower,0.1
140,phase1,lower,-10.0,4,-11.998107294060018,-9.996201760833632,-7.499276325967368,-4.999907796953071,-2.4999941146991325,nan,lower,0.1
141,phase1,lower,-10.0,4,-11.998107294060018,-9.996509217347006,-7.499339473065938,-4.999916428727677,-2.4999947032292194,nan,lower,0.1
142,phase1,upper,-15.0,2,-12.260772905829766,-9.996509217347006,-7.499339473065938,-4.999916428727677,-2.4999947032292194,nan,lower,0.1
143,phase1,lower,-10.0,4,-12.260772905829766,-9.996792242918898,-7.499397168632112,-4.999924256177831,-2.4999952329062975,nan,lower,0.1
144,phase1,lower,-10.0,4,-12.260772905829766,-9.99705273549022,-7.499449877386684,-4.999931353850678,-2.4999957096156677,nan,lower,0.1
145,phase1,lower,-10.0,4,-12.260772905829766,-9.997292449679867,-7.499498025033083,-4.999937789427177,-2.499996138654101,nan,lower,0.1
146,phase1,lower,-10.0,4,-12.260772905829766,-9.997513007215188,-7.499542001472492,-4.99994362434987,-2.499996524788691,nan,lower,0.1
147,phase1,lower,-10.0,4,-12.260772905829766,-9.997715906640918,-7.4995821637602305,-4.999948914393752,-2.499996872309822,nan,lower,0.1
148,phase1,lower,-10.0,4,-12.260772905829766,-9.99790253235285,-7.499618838823583,-4.999953710185359,-2.49999718507884,nan,lower,0.1
149,phase1,lower,-10.0,4,-12.260772905829766,-9.998074162999924,-7.499652325959761,-4.999958057674707,-2.4999974665709557,nan,lower,0.1
150,phase1,lower,-10.0,4,-12.260772905829766,-9.998231979295907,-7.499682899131256,-4.999961998564332,-2.49999771991386,nan,lower,0.1
151,phase1,lower,-10.0,4,-12.260772905829766,-9.998377071279442,-7.499710809074563,-4.999965570699286,-2.4999979479224743,nan,lower,0.1
152,phase1,lower,-10.0,4,-12.260772905829766,-9.998510445058955,-7.499736285237035,-4.999968808421604,-2.499998153130227,nan,lower,0.1
153,phase1,lower,-10.0,4,-12.260772905829766,-9.998633029076762,-7.499759537555493,-4.999971742892466,-2.499998337817204,nan,lower,0.1
154,phase1,lower,-10.0,4,-12.260772905829766,-9.998745679924635,-7.49978075808919,-4.9999744023849395,-2.4999985040354837,nan,lower,0.1
155,phase1,lower,-10.0,4,-12.260772905829766,-9.99884918774109,-7.499800122518765,-4.999976812549994,-2.4999986536319354,nan,lower,0.1
156,phase1,lower,-10.0,4,-12.260772905829766,-9.998944281218858,-7.499817791521888,-4.999978996658188,-2.499998788268742,nan,lower,0.1
157,phase1,lower,-10.0,4,-12.260772905829766,-9.99903163224916,-7.499833912035518,-4.999980975819243,-2.4999989094418678,nan,lower,0.1
158,phase1,lower,-10.0,4,-12.260772905829766,-9.999111860227796,-7.499848618413891,-4.999982769181505,-2.499999018497681,nan,lower,0.1
159,phase1,upper,-15.0,2,-12.500924322304964,-9.999111860227796,-7.499848618413891,-4.999982769181505,-2.499999018497681,nan,lower,0.1
160,phase1,lower,-10.0,4,-12.500924322304964,-9.999185536046404,-7.499862033490652,-4.999984394113123,-2.499999116647913,nan,lower,0.1
161,phase1,lower,-10.0,4,-12.500924322304964,-9.99925318579083,-7.499874269552899,-4.999985866366602,-2.499999204983122,nan,lower,0.1
162,phase1,lower,-10.0,4,-12.500924322304964,-9.999315294167037,-7.499885429234269,-4.999987200228254,-2.49999928448481,nan,lower,0.1
163,phase1,lower,-10.0,4,-12.500924322304964,-9.99937230767376,-7.499895606333668,-4.99998840865391,-2.4999993560363287,nan,lower,0.1
164,phase1,lower,-10.0,4,-12.500924322304964,-9.99942463753975,-7.499904886565693,-4.999989503392152,-2.4999994204326956,nan,lower,0.1
165,phase1,lower,-10.0,4,-12.500924322304964,-9.999472662442344,-7.499913348248339,-4.999990495096206,-2.499999478389426,nan,lower,0.1
166,phase1,lower,-10.0,4,-12.500924322304964,-9.999516731022943,-7.499921062933126,-4.999991393425528,-2.4999995305504834,nan,lower,0.1
167,phase1,lower,-10.0,4,-12.500924322304964,-9.999557164213961,-7.499928095982366,-4.999992207138024,-2.499999577495435,nan,lower,0.1
168,phase1,lower,-10.0,4,-12.500924322304964,-9.999594257390802,-7.499934507097931,-4.999992944173765,-2.4999996197458914,nan,lower,0.1
169,phase1,lower,-10.0,4,-12.500924322304964,-9.999628282361515,-7.499940350805515,-4.999993611730977,-2.499999657771302,nan,lower,0.1
170,phase1,lower,-10.0,4,-12.500924322304964,-9.999659489205914,-7.4999456768980615,-4.9999942163350095,-2.499999691994172,nan,lower,0.1
171,phase1,lower,-10.0,4,-12.500924322304964,-9.999688107975128,-7.4999505308417564,-4.999994763900926,-2.499999722794755,nan,lower,0.1
172,phase1,lower,-10.0,4,-12.500924322304964,-9.99971435026179,-7.4999549541476735,-4.999995259790309,-2.4999997505152796,nan,lower,0.1
173,phase1,lower,-10.0,4,-12.500924322304964,-9.999738410650378,-7.499958984711937,-4.999995708862806,-2.4999997754637517,nan,lower,0.1
174,phase1,lower,-10.0,4,-12.500924322304964,-9.999760468056534,-7.499962657127024,-4.999996115522901,-2.4999997979173765,nan,lower,0.1
175,phase1,lower,-10.0,4,-12.500924322304964,-9.999780686963582,-7.4999660029666115,-4.999996483762349,-2.4999998181256387,nan,lower,0.1
176,phase1,lower,-10.0,4,-12.500924322304964,-9.999799218563885,-7.499969051046185,-4.999996817198678,-2.4999998363130747,nan,lower,0.1
177,phase1,lower,-10.0,4,-12.500924322304964,-9.999816201812115,-7.499971827661435,-4.999997119110118,-2.4999998526817673,nan,lower,0.1
178,phase1,lower,-10.0,4,-12.500924322304964,-9.999831764397047,-7.4999743568063035,-4.999997392467283,-2.4999998674135906,nan,lower,0.1
179,phase1,lower,-10.0,4,-12.500924322304964,-9.999846023637973,-7.499976660372401,-4.999997639961914,-2.4999998806722314,nan,lower,0.1
180,phase1,lower,-10.0,4,-12.500924322304964,-9.999859087311416,-7.499978758331353,-4.999997864032946,-2.4999998926050084,nan,lower,0.1
181,phase1,lower,-10.0,4,-12.500924322304964,-9.99987105441341,-7.499980668901512,-4.999998066890153,-2.4999999033445075,nan,lower,0.1
182,phase1,lower,-10.0,4,-12.500924322304964,-9.99988201586222,-7.499982408700376,-4.999998250535588,-2.4999999130100568,nan,lower,0.1
183,phase1,lower,-10.0,4,-12.500924322304964,-9.999892055146034,-7.499983992883897,-4.999998416783035,-2.499999921709051,nan,lower,0.1
184,phase1,lower,-10.0,4,-12.500924322304964,-9.999901248919821,-7.499985435273811,-4.999998567275637,-2.499999929538146,nan,lower,0.1
185,phase1,lower,-10.0,4,-12.500924322304964,-9.99990966755522,-7.499986748473994,-4.999998703501888,-2.4999999365843313,nan,lower,0.1
186,phase1,lower,-10.0,4,-12.500924322304964,-9.999917375647097,-7.499987943976783,-4.999998826810132,-2.499999942925898,nan,lower,0.1
187,phase1,lower,-10.0,4,-12.500924322304964,-9.999924432480066,-7.4999890322601175,-4.999998938421709,-2.499999948633308,nan,lower,0.1
188,phase1,lower,-10.0,4,-12.500924322304964,-9.999930892458071,-7.499990022876276,-4.999999039442869,-2.4999999537699775,nan,lower,0.1
189,phase1,lower,-10.0,4,-12.500924322304964,-9.99993680549989,-7.499990924532936,-4.9999991308755805,-2.49999995839298,nan,lower,0.1
190,phase1,lower,-10.0,4,-12.500924322304964,-9.999942217403195,-7.4999917451672005,-4.99999921362732,-2.499999962553682,nan,lower,0.1
191,phase1,lower,-10.0,4,-12.500924322304964,-9.999947170179595,-7.499992492013212,-4.999999288519956,-2.4999999662983137,nan,lower,0.1
192,phase1,lower,-10.0,4,-12.500924322304964,-9.999951702362956,-7.499993171663887,-4.999999356297792,-2.4999999696684823,nan,lower,0.1
193,phase1,lower,-10.0,4,-12.500924322304964,-9.99995584929305,-7.499993790127277,-4.999999417634861,-2.499999972701634,nan,lower,0.1
194,phase1,lower,-10.0,4,-12.500924322304964,-9.999959643376473,-7.499994352878035,-4.999999473141538,-2.4999999754314706,nan,lower,0.1
195,phase1,lower,-10.0,4,-12.500924322304964,-9.99996311432663,-7.4999948649043855,-4.999999523370532,-2.4999999778883235,nan,lower,0.1
196,phase1,lower,-10.0,4,-12.500924322304964,-9.999966289384405,-7.499995330751,-4.999999568822311,-2.499999980099491,nan,lower,0.1
197,phase1,upper,-15.0,2,-12.720437726426825,-9.999966289384405,-7.499995330751,-4.999999568822311,-2.499999980099491,nan,lower,0.1
198,phase1,lower,-10.0,4,-12.720437726426825,-9.999969193521064,-7.499995754558131,-4.999999609950029,-2.499999982089542,nan,lower,0.1
199,phase1,lower,-10.0,4,-12.720437726426825,-9.999971849624771,-7.499996140097321,-4.99999964716398,-2.499999983880588,nan,lower,0.1
200,phase1,lower,-10.0,4,-12.720437726426825,-9.999974278672026,-7.499996490803987,-4.999999680835641,-2.499999985492529,nan,lower,0.1
201,phase1,lower,-10.0,4,-12.720437726426825,-9.999976499885221,-7.499996809807152,-4.99999971130133,-2.4999999869432763,nan,lower,0.1
202,phase1,lower,-10.0,4,-12.720437726426825,-9.999978530877414,-7.49999709995657,-4.999999738865524,-2.4999999882489488,nan,lower,0.1
203,phase1,lower,-10.0,4,-12.720437726426825,-9.99998038778533,-7.4999973638474655,-4.999999763803866,-2.4999999894240537,nan,lower,0.1
204,phase1,lower,-10.0,4,-12.720437726426825,-9.999982085391544,-7.499997603843106,-4.999999786365885,-2.499999990481648,nan,lower,0.1
205,phase1,lower,-10.0,4,-12.720437726426825,-9.9999836372367,-7.499997822095383,-4.999999806777462,-2.499999991433483,nan,lower,0.1
206,phase1,lower,-10.0,4,-12.720437726426825,-9.999985055722568,-7.499998020563591,-4.999999825243064,-2.499999992290135,nan,lower,0.1
207,phase1,lower,-10.0,4,-12.720437726426825,-9.99998635220667,-7.499998201031539,-4.999999841947771,-2.499999993061121,nan,lower,0.1
208,phase1,lower,-10.0,4,-12.720437726426825,-9.999987537089158,-7.499998365123162,-4.999999857059106,-2.4999999937550093,nan,lower,0.1
209,phase1,lower,-10.0,4,-12.720437726426825,-9.999988619892559,-7.499998514316756,-4.999999870728697,-2.4999999943795084,nan,lower,0.1
210,phase1,lower,-10.0,4,-12.720437726426825,-9.999989609334978,-7.49999864995795,-4.999999883093778,-2.4999999949415574,nan,lower,0.1
211,phase1,lower,-10.0,4,-12.720437726426825,-9.999990513397275,-7.499998773271533,-4.999999894278556,-2.4999999954474017,nan,lower,0.1
212,phase1,lower,-10.0,4,-12.720437726426825,-9.999991339384701,-7.499998885372235,-4.99999990439544,-2.4999999959026615,nan,lower,0.1
213,phase1,upper,-15.0,2,-12.921039206501264,-9.999991339384701,-7.499998885372235,-4.99999990439544,-2.4999999959026615,nan,lower,0.1
214,phase1,lower,-10.0,4,-12.921039206501264,-9.999992093983455,-7.499998987274555,-4.999999913546162,-2.4999999963123956,nan,lower,0.1
215,phase1,lower,-10.0,4,-12.921039206501264,-9.999992783312564,-7.499999079901716,-4.999999921822785,-2.499999996681156,nan,lower,0.1
216,phase1,lower,-10.0,4,-12.921039206501264,-9.99999341297148,-7.499999164093823,-4.999999929308622,-2.4999999970130404,nan,lower,0.1
217,phase1,lower,-10.0,4,-12.921039206501264,-9.999993988083713,-7.499999240615303,-4.999999936079064,-2.499999997311736,nan,lower,0.1
218,phase1,lower,-10.0,4,-12.921039206501264,-9.99999451333687,-7.499999310161678,-4.999999942202331,-2.4999999975805625,nan,lower,0.1
219,phase1,lower,-10.0,4,-12.921039206501264,-9.999994993019351,-7.4999993733657435,-4.999999947740155,-2.4999999978225063,nan,lower,0.1
220,phase1,lower,-10.0,4,-12.921039206501264,-9.999995431053991,-7.499999430803185,-4.999999952748389,-2.4999999980402556,nan,lower,0.1
221,phase1,lower,-10.0,4,-12.921039206501264,-9.99999583102891,-7.499999482997706,-4.999999957277576,-2.49999999823623,nan,lower,0.1
222,phase1,lower,-10.0,4,-12.921039206501264,-9.999996196225789,-7.499999530425693,-4.999999961373442,-2.499999998412607,nan,lower,0.1
223,phase1,lower,-10.0,4,-12.921039206501264,-9.99999652964578,-7.499999573520467,-4.999999965077358,-2.4999999985713464,nan,lower,0.1
224,phase1,lower,-10.0,4,-12.921039206501264,-9.999996834033247,-7.499999612676157,-4.999999968426757,-2.4999999987142116,nan,lower,0.1
225,phase1,upper,-15.0,2,-13.104316013296547,-9.999996834033247,-7.499999612676157,-4.999999968426757,-2.4999999987142116,nan,lower,0.1
226,phase1,lower,-10.0,4,-13.104316013296547,-9.999997111897539,-7.499999648251217,-4.999999971455503,-2.4999999988427906,nan,lower,0.1
227,phase1,lower,-10.0,4,-13.104316013296547,-9.999997365532906,-7.499999680571646,-4.999999974194232,-2.4999999989585113,nan,lower,0.1
228,phase1,lower,-10.0,4,-13.104316013296547,-9.99999759703678,-7.499999709933904,-4.99999997667066,-2.49999999906266,nan,lower,0.1
229,phase1,lower,-10.0,4,-13.104316013296547,-9.999997808326492,-7.49999973660758,-4.99999997890986,-2.499999999156394,nan,lower,0.1
230,phase1,lower,-10.0,4,-13.104316013296547,-9.999998001154601,-7.499999760837808,-4.999999980934513,-2.4999999992407544,nan,lower,0.1
231,phase1,lower,-10.0,4,-13.104316013296547,-9.999998177122922,-7.499999782847478,-4.999999982765138,-2.499999999316679,nan,lower,0.1
232,phase1,lower,-10.0,4,-13.104316013296547,-9.999998337695377,-7.499999802839244,-4.999999984420292,-2.499999999385011,nan,lower,0.1
233,phase1,upper,-15.0,2,-13.271727066667761,-9.999998337695377,-7.499999802839244,-4.999999984420292,-2.499999999385011,nan,lower,0.1
234,phase1,lower,-10.0,4,-13.271727066667761,-9.999998484209764,-7.499999820997349,-4.999999985916764,-2.49999999944651,nan,lower,0.1
235,phase1,lower,-10.0,4,-13.271727066667761,-9.999998617888522,-7.49999983748929,-4.999999987269739,-2.499999999501859,nan,lower,0.1
236,phase1,lower,-10.0,4,-13.271727066667761,-9.9999987398486,-7.499999852467335,-4.9999999884929505,-2.499999999551673,nan,lower,0.1
237,phase1,lower,-10.0,4,-13.271727066667761,-9.999998851110472,-7.4999998660698965,-4.999999989598822,-2.4999999995965054,nan,lower,0.1
238,phase1,lower,-10.0,4,-13.271727066667761,-9.999998952606415,-7.4999998784227895,-4.999999990598591,-2.499999999636855,nan,lower,0.1
239,phase1,lower,-10.0,4,-13.271727066667761,-9.999999045188051,-7.499999889640369,-4.999999991502417,-2.4999999996731694,nan,lower,0.1
240,phase1,lower,-10.0,4,-13.271727066667761,-9.999999129633283,-7.499999899826574,-4.999999992319492,-2.4999999997058526,nan,lower,0.1
241,phase1,lower,-10.0,4,-13.271727066667761,-9.999999206652612,-7.499999909075866,-4.999999993058128,-2.4999999997352673,nan,lower,0.1
242,phase1,lower,-10.0,4,-13.271727066667761,-9.999999276894938,-7.499999917474092,-4.999999993725842,-2.499999999761741,nan,lower,0.1
243,phase1,lower,-10.0,4,-13.271727066667761,-9.999999340952854,-7.499999925099267,-4.999999994329432,-2.4999999997855666,nan,lower,0.1
244,phase1,lower,-10.0,4,-13.271727066667761,-9.999999399367496,-7.499999932022284,-4.999999994875045,-2.49999999980701,nan,lower,0.1
245,phase1,lower,-10.0,4,-13.271727066667761,-9.999999452632975,-7.49999993830756,-4.999999995368242,-2.4999999998263087,nan,lower,0.1
246,phase1,lower,-10.0,4,-13.271727066667761,-9.999999501200435,-7.499999944013629,-4.999999995814049,-2.499999999843678,nan,lower,0.1
247,phase1,lower,-10.0,4,-13.271727066667761,-9.999999545481755,-7.499999949193671,-4.999999996217012,-2.4999999998593103,nan,lower,0.1
248,phase1,lower,-10.0,4,-13.271727066667761,-9.999999585852947,-7.499999953896005,-4.999999996581241,-2.4999999998733795,nan,lower,0.1
249,phase1,lower,-10.0,4,-13.271727066667761,-9.999999622657253,-7.499999958164528,-4.999999996910455,-2.4999999998860414,nan,lower,0.1
250,phase1,lower,-10.0,4,-13.271727066667761,-9.99999965620798,-7.499999962039121,-4.999999997208014,-2.499999999897437,nan,lower,0.1
251,phase1,upper,-15.0,2,-13.424612749231766,-9.99999965620798,-7.499999962039121,-4.999999997208014,-2.499999999897437,nan,lower,0.1
252,phase1,lower,-10.0,4,-13.424612749231766,-9.999999686791094,-7.49999996555601,-4.999999997476956,-2.4999999999076934,nan,lower,0.1
253,phase1,lower,-10.0,4,-13.424612749231766,-9.999999714667586,-7.499999968748105,-4.99999999772003,-2.4999999999169242,nan,lower,0.1
254,phase1,lower,-10.0,4,-13.424612749231766,-9.999999740075639,-7.499999971645297,-4.999999997939719,-2.499999999925232,nan,lower,0.1
255,phase1,lower,-10.0,4,-13.424612749231766,-9.999999763232605,-7.49999997427474,-4.999999998138271,-2.4999999999327085,nan,lower,0.1
256,phase1,lower,-10.0,4,-13.424612749231766,-9.999999784336818,-7.499999976661093,-4.999999998317715,-2.499999999939438,nan,lower,0.1
257,phase1,lower,-10.0,4,-13.424612749231766,-9.999999803569246,-7.4999999788267555,-4.999999998479887,-2.499999999945494,nan,lower,0.1
258,phase1,lower,-10.0,4,-13.424612749231766,-9.999999821094997,-7.499999980792069,-4.999999998626448,-2.4999999999509446,nan,lower,0.1
259,phase1,lower,-10.0,4,-13.424612749231766,-9.999999837064705,-7.499999982575507,-4.999999998758898,-2.49999999995585,nan,lower,0.1
260,phase1,lower,-10.0,4,-13.424612749231766,-9.999999851615785,-7.499999984193846,-4.999999998878593,-2.499999999960265,nan,lower,0.1
261,phase1,lower,-10.0,4,-13.424612749231766,-9.99999986487359,-7.4999999856623205,-4.99999999898676,-2.4999999999642384,nan,lower,0.1
262,phase1,lower,-10.0,4,-13.424612749231766,-9.999999876952463,-7.499999986994764,-4.999999999084507,-2.4999999999678146,nan,lower,0.1
263,phase1,lower,-10.0,4,-13.424612749231766,-9.999999887956694,-7.499999988203738,-4.999999999172838,-2.499999999971033,nan,lower,0.1
264,phase1,lower,-10.0,4,-13.424612749231766,-9.999999897981398,-7.499999989300648,-4.999999999252657,-2.4999999999739297,nan,lower,0.1
265,phase1,lower,-10.0,4,-13.424612749231766,-9.999999907113324,-7.49999999029585,-4.999999999324785,-2.499999999976537,nan,lower,0.1
266,phase1,lower,-10.0,4,-13.424612749231766,-9.999999915431577,-7.499999991198743,-4.99999999938996,-2.499999999978883,nan,lower,0.1
267,phase1,lower,-10.0,4,-13.424612749231766,-9.999999923008293,-7.499999992017865,-4.999999999448852,-2.4999999999809948,nan,lower,0.1
268,phase1,lower,-10.0,4,-13.424612749231766,-9.99999992990925,-7.499999992760964,-4.999999999502067,-2.4999999999828955,nan,lower,0.1
269,phase1,lower,-10.0,4,-13.424612749231766,-9.999999936194422,-7.4999999934350745,-4.99999999955015,-2.499999999984606,nan,lower,0.1
270,phase1,lower,-10.0,4,-13.424612749231766,-9.999999941918487,-7.499999994046582,-4.999999999593595,-2.4999999999861453,nan,lower,0.1
271,phase1,lower,-10.0,4,-13.424612749231766,-9.999999947131297,-7.499999994601283,-4.99999999963285,-2.499999999987531,nan,lower,0.1
272,phase1,lower,-10.0,4,-13.424612749231766,-9.999999951878296,-7.49999999510444,-4.999999999668319,-2.499999999988778,nan,lower,0.1
273,phase1,lower,-10.0,4,-13.424612749231766,-9.99999995620091,-7.499999995560827,-4.999999999700364,-2.4999999999899,nan,lower,0.1
274,phase1,lower,-10.0,4,-13.424612749231766,-9.9999999601369,-7.499999995974781,-4.999999999729318,-2.49999999999091,nan,lower,0.1
275,phase1,lower,-10.0,4,-13.424612749231766,-9.999999963720688,-7.499999996350234,-4.999999999755477,-2.499999999991819,nan,lower,0.1
276,phase1,lower,-10.0,4,-13.424612749231766,-9.999999966983642,-7.499999996690758,-4.999999999779112,-2.499999999992637,nan,lower,0.1
277,phase1,lower,-10.0,4,-13.424612749231766,-9.999999969954354,-7.499999996999594,-4.9999999998004645,-2.4999999999933733,nan,lower,0.1
278,phase1,lower,-10.0,4,-13.424612749231766,-9.999999972658879,-7.499999997279681,-4.999999999819756,-2.499999999994036,nan,lower,0.1
279,phase1,lower,-10.0,4,-13.424612749231766,-9.999999975120959,-7.499999997533688,-4.999999999837184,-2.4999999999946323,nan,lower,0.1
280,phase1,lower,-10.0,4,-13.424612749231766,-9.999999977362233,-7.4999999977640375,-4.999999999852928,-2.499999999995169,nan,lower,0.1
281,phase1,lower,-10.0,4,-13.424612749231766,-9.999999979402414,-7.499999997972926,-4.9999999998671525,-2.4999999999956524,nan,lower,0.1
282,phase1,lower,-10.0,4,-13.424612749231766,-9.999999981259466,-7.499999998162349,-4.999999999880003,-2.499999999996087,nan,lower,0.1
283,phase1,lower,-10.0,4,-13.424612749231766,-9.999999982949754,-7.499999998334115,-4.999999999891611,-2.4999999999964784,nan,lower,0.1
284,phase1,lower,-10.0,4,-13.424612749231766,-9.999999984488191,-7.499999998489864,-4.999999999902098,-2.4999999999968305,nan,lower,0.1
285,phase1,lower,-10.0,4,-13.424612749231766,-9.999999985888358,-7.499999998631087,-4.999999999911571,-2.4999999999971476,nan,lower,0.1
286,phase1,lower,-10.0,4,-13.424612749231766,-9.999999987162631,-7.499999998759136,-4.999999999920129,-2.4999999999974327,nan,lower,0.1
287,phase1,lower,-10.0,4,-13.424612749231766,-9.999999988322282,-7.499999998875235,-4.9999999999278595,-2.4999999999976894,nan,lower,0.1
288,phase1,lower,-10.0,4,-13.424612749231766,-9.999999989377578,-7.499999998980497,-4.999999999934842,-2.4999999999979203,nan,lower,0.1
289,phase1,lower,-10.0,4,-13.424612749231766,-9.99999999033787,-7.499999999075932,-4.99999999994115,-2.499999999998128,nan,lower,0.1
290,phase1,lower,-10.0,4,-13.424612749231766,-9.999999991211675,-7.499999999162454,-4.999999999946848,-2.499999999998315,nan,lower,0.1
291,phase1,lower,-10.0,4,-13.424612749231766,-9.999999992006753,-7.4999999992408934,-4.999999999951995,-2.4999999999984834,nan,lower,0.1
292,phase1,lower,-10.0,4,-13.424612749231766,-9.999999992730167,-7.499999999312004,-4.999999999956644,-2.499999999998635,nan,lower,0.1
293,phase1,lower,-10.0,4,-13.424612749231766,-9.99999999338835,-7.499999999376468,-4.999999999960843,-2.499999999998771,nan,lower,0.1
294,phase1,lower,-10.0,4,-13.424612749231766,-9.999999993987162,-7.499999999434905,-4.999999999964635,-2.499999999998894,nan,lower,0.1
295,phase1,lower,-10.0,4,-13.424612749231766,-9.999999994531937,-7.499999999487878,-4.999999999968061,-2.499999999999005,nan,lower,0.1
296,phase1,lower,-10.0,4,-13.424612749231766,-9.999999995027531,-7.499999999535897,-4.9999999999711555,-2.4999999999991043,nan,lower,0.1
297,phase1,lower,-10.0,4,-13.424612749231766,-9.999999995478367,-7.499999999579423,-4.999999999973951,-2.499999999999194,nan,lower,0.1
298,phase1,lower,-10.0,4,-13.424612749231766,-9.999999995888473,-7.4999999996188755,-4.999999999976475,-2.4999999999992744,nan,lower,0.1
299,phase1,lower,-10.0,4,-13.424612749231766,-9.999999996261513,-7.499999999654635,-4.999999999978755,-2.4999999999993467,nan,lower,0.1
300,phase1,lower,-10.0,4,-13.424612749231766,-9.999999996600826,-7.499999999687048,-4.999999999980814,-2.499999999999412,nan,lower,0.1
301,phase1,lower,-10.0,4,-13.424612749231766,-9.999999996909448,-7.499999999716424,-4.999999999982673,-2.4999999999994706,nan,lower,0.1
302,phase1,lower,-10.0,4,-13.424612749231766,-9.999999997190146,-7.499999999743049,-4.999999999984353,-2.4999999999995235,nan,lower,0.1
303,phase1,lower,-10.0,4,-13.424612749231766,-9.999999997445437,-7.499999999767179,-4.99999999998587,-2.499999999999571,nan,lower,0.1
304,phase1,lower,-10.0,4,-13.424612749231766,-9.999999997677612,-7.499999999789048,-4.99999999998724,-2.499999999999614,nan,lower,0.1
305,phase1,lower,-10.0,4,-13.424612749231766,-9.999999997888755,-7.499999999808868,-4.999999999988478,-2.4999999999996527,nan,lower,0.1
306,phase1,lower,-10.0,4,-13.424612749231766,-9.999999998080767,-7.499999999826828,-4.999999999989595,-2.4999999999996874,nan,lower,0.1
307,phase1,lower,-10.0,4,-13.424612749231766,-9.999999998255372,-7.499999999843105,-4.999999999990604,-2.4999999999997184,nan,lower,0.1
308,phase1,lower,-10.0,4,-13.424612749231766,-9.999999998414145,-7.499999999857855,-4.999999999991515,-2.4999999999997464,nan,lower,0.1
309,phase1,lower,-10.0,4,-13.424612749231766,-9.999999998558517,-7.499999999871221,-4.999999999992339,-2.4999999999997717,nan,lower,0.1
310,phase1,lower,-10.0,4,-13.424612749231766,-9.999999998689788,-7.499999999883333,-4.999999999993082,-2.4999999999997944,nan,lower,0.1
311,phase1,lower,-10.0,4,-13.424612749231766,-9.999999998809143,-7.4999999998943085,-4.999999999993753,-2.499999999999815,nan,lower,0.1
312,phase1,lower,-10.0,4,-13.424612749231766,-9.999999998917659,-7.499999999904253,-4.99999999999436,-2.4999999999998335,nan,lower,0.1
313,phase1,upper,-15.0,2,-13.564204024616293,-9.999999998917659,-7.499999999904253,-4.99999999999436,-2.4999999999998335,nan,lower,0.1
314,phase1,lower,-10.0,4,-13.564204024616293,-9.999999999016318,-7.499999999913263,-4.999999999994907,-2.49999999999985,nan,lower,0.1
315,phase1,lower,-10.0,4,-13.564204024616293,-9.999999999106013,-7.499999999921427,-4.999999999995401,-2.499999999999865,nan,lower,0.1
316,phase1,lower,-10.0,4,-13.564204024616293,-9.999999999187555,-7.499999999928825,-4.999999999995848,-2.4999999999998783,nan,lower,0.1
317,phase1,lower,-10.0,4,-13.564204024616293,-9.999999999261682,-7.499999999935527,-4.999999999996251,-2.4999999999998903,nan,lower,0.1
318,phase1,lower,-10.0,4,-13.564204024616293,-9.999999999329066,-7.4999999999416,-4.999999999996615,-2.4999999999999014,nan,lower,0.1
319,phase1,lower,-10.0,4,-13.564204024616293,-9.99999999939032,-7.499999999947101,-4.999999999996944,-2.499999999999911,nan,lower,0.1
320,phase1,lower,-10.0,4,-13.564204024616293,-9.999999999445999,-7.499999999952085,-4.99999999999724,-2.49999999999992,nan,lower,0.1
321,phase1,lower,-10.0,4,-13.564204024616293,-9.999999999496607,-7.499999999956601,-4.999999999997509,-2.499999999999928,nan,lower,0.1
322,phase1,lower,-10.0,4,-13.564204024616293,-9.999999999542606,-7.499999999960692,-4.99999999999775,-2.499999999999935,nan,lower,0.1
323,phase1,upper,-15.0,2,-13.691630917431597,-9.999999999542606,-7.499999999960692,-4.99999999999775,-2.499999999999935,nan,lower,0.1
324,phase1,lower,-10.0,4,-13.691630917431597,-9.999999999584414,-7.499999999964397,-4.999999999997969,-2.499999999999942,nan,lower,0.1
325,phase1,lower,-10.0,4,-13.691630917431597,-9.999999999622412,-7.499999999967755,-4.999999999998166,-2.4999999999999476,nan,lower,0.1
326,phase1,lower,-10.0,4,-13.691630917431597,-9.999999999656946,-7.499999999970796,-4.999999999998344,-2.499999999999953,nan,lower,0.1
327,phase1,lower,-10.0,4,-13.691630917431597,-9.999999999688331,-7.499999999973551,-4.999999999998505,-2.499999999999958,nan,lower,0.1
328,phase1,lower,-10.0,4,-13.691630917431597,-9.999999999716852,-7.499999999976047,-4.99999999999865,-2.499999999999962,nan,lower,0.1
329,phase1,lower,-10.0,4,-13.691630917431597,-9.999999999742771,-7.499999999978307,-4.999999999998781,-2.499999999999966,nan,lower,0.1
330,phase1,lower,-10.0,4,-13.691630917431597,-9.999999999766324,-7.499999999980354,-4.9999999999988995,-2.4999999999999694,nan,lower,0.1
331,phase1,upper,-15.0,2,-13.807930391437678,-9.999999999766324,-7.499999999980354,-4.9999999999988995,-2.4999999999999694,nan,lower,0.1
332,phase1,lower,-10.0,4,-13.807930391437678,-9.999999999787727,-7.499999999982209,-4.999999999999007,-2.4999999999999725,nan,lower,0.1
333,phase1,lower,-10.0,4,-13.807930391437678,-9.999999999807175,-7.499999999983888,-4.999999999999104,-2.499999999999975,nan,lower,0.1
334,phase1,lower,-10.0,4,-13.807930391437678,-9.999999999824846,-7.49999999998541,-4.999999999999191,-2.499999999999978,nan,lower,0.1
335,phase1,lower,-10.0,4,-13.807930391437678,-9.999999999840902,-7.499999999986788,-4.99999999999927,-2.49999999999998,nan,lower,0.1
336,phase1,lower,-10.0,4,-13.807930391437678,-9.999999999855492,-7.499999999988036,-4.999999999999341,-2.4999999999999822,nan,lower,0.1
337,phase1,lower,-10.0,4,-13.807930391437678,-9.999999999868747,-7.499999999989167,-4.999999999999405,-2.499999999999984,nan,lower,0.1
338,phase1,lower,-10.0,4,-13.807930391437678,-9.999999999880789,-7.499999999990191,-4.999999999999463,-2.499999999999986,nan,lower,0.1
339,phase1,lower,-10.0,4,-13.807930391437678,-9.99999999989173,-7.499999999991118,-4.999999999999515,-2.499999999999987,nan,lower,0.1
340,phase1,upper,-15.0,2,-13.914053661468225,-9.99999999989173,-7.499999999991118,-4.999999999999515,-2.499999999999987,nan,lower,0.1
341,phase1,lower,-10.0,4,-13.914053661468225,-9.999999999901668,-7.4999999999919575,-4.999999999999562,-2.4999999999999885,nan,lower,0.1
342,phase1,lower,-10.0,4,-13.914053661468225,-9.999999999910697,-7.499999999992718,-4.999999999999605,-2.49999999999999,nan,lower,0.1
343,phase1,lower,-10.0,4,-13.914053661468225,-9.999999999918899,-7.499999999993406,-4.999999999999643,-2.4999999999999907,nan,lower,0.1
344,phase1,upper,-15.0,2,-14.010872973578287,-9.999999999918899,-7.499999999993406,-4.999999999999643,-2.4999999999999907,nan,lower,0.1
345,phase1,lower,-10.0,4,-14.010872973578287,-9.999999999926349,-7.49999999999403,-4.999999999999678,-2.4999999999999916,nan,lower,0.1
346,phase1,lower,-10.0,4,-14.010872973578287,-9.999999999933117,-7.4999999999945945,-4.999999999999709,-2.4999999999999925,nan,lower,0.1
347,phase1,lower,-10.0,4,-14.010872973578287,-9.999999999939265,-7.499999999995106,-4.999999999999737,-2.4999999999999933,nan,lower,0.1
348,phase1,lower,-10.0,4,-14.010872973578287,-9.99999999994485,-7.499999999995569,-4.999999999999763,-2.499999999999994,nan,lower,0.1
349,phase1,lower,-10.0,4,-14.010872973578287,-9.999999999949921,-7.499999999995988,-4.999999999999786,-2.4999999999999942,nan,lower,0.1
350,phase1,lower,-10.0,4,-14.010872973578287,-9.999999999954527,-7.499999999996368,-4.999999999999806,-2.4999999999999947,nan,lower,0.1
351,phase1,lower,-10.0,4,-14.010872973578287,-9.99999999995871,-7.499999999996712,-4.999999999999825,-2.499999999999995,nan,lower,0.1
352,phase1,lower,-10.0,4,-14.010872973578287,-9.99999999996251,-7.499999999997023,-4.999999999999842,-2.4999999999999956,nan,lower,0.1
353,phase1,lower,-10.0,4,-14.010872973578287,-9.999999999965961,-7.499999999997304,-4.999999999999857,-2.499999999999996,nan,lower,0.1
354,phase1,lower,-10.0,4,-14.010872973578287,-9.999999999969095,-7.499999999997559,-4.999999999999871,-2.4999999999999964,nan,lower,0.1
355,phase1,lower,-10.0,4,-14.010872973578287,-9.99999999997194,-7.49999999999779,-4.999999999999884,-2.499999999999997,nan,lower,0.1
356,phase1,lower,-10.0,4,-14.010872973578287,-9.999999999974525,-7.499999999998,-4.999999999999895,-2.4999999999999973,nan,lower,0.1
357,phase1,lower,-10.0,4,-14.010872973578287,-9.999999999976872,-7.499999999998189,-4.999999999999906,-2.499999999999998,nan,lower,0.1
358,phase1,lower,-10.0,4,-14.010872973578287,-9.999999999979003,-7.49999999999836,-4.999999999999915,-2.4999999999999982,nan,lower,0.1
359,phase1,lower,-10.0,4,-14.010872973578287,-9.99999999998094,-7.499999999998516,-4.999999999999923,-2.4999999999999982,nan,lower,0.1
360,phase1,lower,-10.0,4,-14.010872973578287,-9.999999999982697,-7.499999999998656,-4.999999999999931,-2.4999999999999982,nan,lower,0.1
361,phase1,lower,-10.0,4,-14.010872973578287,-9.999999999984293,-7.499999999998783,-4.999999999999938,-2.4999999999999982,nan,lower,0.1
362,phase1,lower,-10.0,4,-14.010872973578287,-9.999999999985743,-7.499999999998899,-4.999999999999944,-2.4999999999999982,nan,lower,0.1
363,phase1,lower,-10.0,4,-14.010872973578287,-9.99999999998706,-7.4999999999990035,-4.999999999999949,-2.4999999999999982,nan,lower,0.1
364,phase1,lower,-10.0,4,-14.010872973578287,-9.999999999988253,-7.499999999999098,-4.999999999999954,-2.4999999999999982,nan,lower,0.1
365,phase1,lower,-10.0,4,-14.010872973578287,-9.999999999989338,-7.499999999999183,-4.999999999999958,-2.4999999999999982,nan,lower,0.1
366,phase1,lower,-10.0,4,-14.010872973578287,-9.999999999990322,-7.49999999999926,-4.999999999999963,-2.4999999999999982,nan,lower,0.1
367,phase1,lower,-10.0,4,-14.010872973578287,-9.999999999991216,-7.49999999999933,-4.999999999999966,-2.4999999999999982,nan,lower,0.1
368,phase1,lower,-10.0,4,-14.010872973578287,-9.999999999992028,-7.499999999999394,-4.99999999999997,-2.4999999999999982,nan,lower,0.1
369,phase1,lower,-10.0,4,-14.010872973578287,-9.999999999992765,-7.499999999999452,-4.9999999999999725,-2.4999999999999982,nan,lower,0.1
370,phase1,lower,-10.0,4,-14.010872973578287,-9.999999999993435,-7.499999999999504,-4.999999999999975,-2.4999999999999982,nan,lower,0.1
371,phase1,lower,-10.0,4,-14.010872973578287,-9.999999999994042,-7.4999999999995515,-4.999999999999978,-2.4999999999999982,nan,lower,0.1
372,phase1,lower,-10.0,4,-14.010872973578287,-9.999999999994593,-7.499999999999594,-4.99999999999998,-2.4999999999999982,nan,lower,0.1
373,phase1,upper,-15.0,2,-14.099187886651654,-9.999999999994593,-7.499999999999594,-4.99999999999998,-2.4999999999999982,nan,lower,0.1
374,phase1,lower,-10.0,4,-14.099187886651654,-9.999999999995094,-7.499999999999632,-4.999999999999981,-2.4999999999999982,nan,lower,0.1
375,phase1,lower,-10.0,4,-14.099187886651654,-9.999999999995548,-7.499999999999667,-4.999999999999983,-2.4999999999999982,nan,lower,0.1
376,phase1,lower,-10.0,4,-14.099187886651654,-9.99999999999596,-7.499999999999699,-4.999999999999985,-2.4999999999999982,nan,lower,0.1
377,phase1,lower,-10.0,4,-14.099187886651654,-9.999999999996334,-7.499999999999727,-4.999999999999986,-2.4999999999999982,nan,lower,0.1
378,phase1,lower,-10.0,4,-14.099187886651654,-9.999999999996673,-7.499999999999753,-4.999999999999987,-2.4999999999999982,nan,lower,0.1
379,phase1,lower,-10.0,4,-14.099187886651654,-9.99999999999698,-7.499999999999776,-4.999999999999988,-2.4999999999999982,nan,lower,0.1
380,phase1,lower,-10.0,4,-14.099187886651654,-9.999999999997259,-7.4999999999997975,-4.9999999999999885,-2.4999999999999982,nan,lower,0.1
381,phase1,lower,-10.0,4,-14.099187886651654,-9.999999999997513,-7.499999999999817,-4.999999999999989,-2.4999999999999982,nan,lower,0.1
382,phase1,lower,-10.0,4,-14.099187886651654,-9.999999999997744,-7.499999999999834,-4.99999999999999,-2.4999999999999982,nan,lower,0.1
383,phase1,lower,-10.0,4,-14.099187886651654,-9.999999999997954,-7.49999999999985,-4.999999999999991,-2.4999999999999982,nan,lower,0.1
384,phase1,lower,-10.0,4,-14.099187886651654,-9.999999999998144,-7.499999999999864,-4.999999999999992,-2.4999999999999982,nan,lower,0.1
385,phase1,lower,-10.0,4,-14.099187886651654,-9.999999999998316,-7.4999999999998765,-4.999999999999993,-2.4999999999999982,nan,lower,0.1
386,phase1,lower,-10.0,4,-14.099187886651654,-9.999999999998472,-7.499999999999888,-4.999999999999994,-2.4999999999999982,nan,lower,0.1
387,phase1,lower,-10.0,4,-14.099187886651654,-9.999999999998614,-7.499999999999899,-4.999999999999995,-2.4999999999999982,nan,lower,0.1
388,phase1,lower,-10.0,4,-14.099187886651654,-9.999999999998742,-7.4999999999999085,-4.999999999999995,-2.4999999999999982,nan,lower,0.1
389,phase1,lower,-10.0,4,-14.099187886651654,-9.99999999999886,-7.499999999999917,-4.999999999999995,-2.4999999999999982,nan,lower,0.1
390,phase1,lower,-10.0,4,-14.099187886651654,-9.999999999998966,-7.499999999999925,-4.999999999999995,-2.4999999999999982,nan,lower,0.1
391,phase1,lower,-10.0,4,-14.099187886651654,-9.999999999999062,-7.4999999999999325,-4.999999999999995,-2.4999999999999982,nan,lower,0.1
392,phase1,lower,-10.0,4,-14.099187886651654,-9.99999999999915,-7.499999999999939,-4.999999999999995,-2.4999999999999982,nan,lower,0.1
393,phase1,lower,-10.0,4,-14.099187886651654,-9.999999999999229,-7.499999999999944,-4.999999999999995,-2.4999999999999982,nan,lower,0.1
394,phase1,lower,-10.0,4,-14.099187886651654,-9.9999999999993,-7.499999999999949,-4.999999999999995,-2.4999999999999982,nan,lower,0.1
395,phase1,lower,-10.0,4,-14.099187886651654,-9.999999999999366,-7.499999999999954,-4.999999999999995,-2.4999999999999982,nan,lower,0.1
396,phase1,lower,-10.0,4,-14.099187886651654,-9.999999999999424,-7.499999999999958,-4.999999999999995,-2.4999999999999982,nan,lower,0.1
397,phase1,lower,-10.0,4,-14.099187886651654,-9.999999999999478,-7.499999999999962,-4.999999999999995,-2.4999999999999982,nan,lower,0.1
398,phase1,lower,-10.0,4,-14.099187886651654,-9.999999999999526,-7.499999999999965,-4.999999999999995,-2.4999999999999982,nan,lower,0.1
399,phase1,lower,-10.0,4,-14.099187886651654,-9.99999999999957,-7.499999999999968,-4.999999999999995,-2.4999999999999982,nan,lower,0.1
400,phase2,lower,-20.0,4,-14.099187886651654,-9.99999999999961,-8.49999999999998,-5.270000000000003,-2.689000000000004,-0.14700000000000457,lower,0.1
401,phase2,lower,-20.0,4,-14.099187886651654,-10.23229999999965,-9.546609999999994,-5.595917000000013,-2.9017249000000103,-0.1744827000000051,lower,0.1
402,phase2,lower,-20.0,4,-14.099187886651654,-10.570765429999689,-10.56045117100001,-5.9185664087000225,-3.0957572563900158,-0.1701075779700047,lower,0.1
403,phase2,lower,-20.0,4,-14.099187886651654,-10.972830824272727,-11.520651983898123,-6.220527107276601,-3.261434813303949,-0.157324279849471,lower,0.1
404,phase2,lower,-20.0,4,-14.099187886651654,-11.41920479209979,-12.422044963851024,-6.495998333541091,-3.3978621589995215,-0.1424898210655228,lower,0.1
405,phase2,lower,-20.0,4,-14.099187886651654,-11.897729648233884,-13.263785572728592,-6.7427231474045595,-3.5065031683092847,-0.12739642150423758,lower,0.1
406,phase2,lower,-20.0,4,-14.099187886651654,-12.398992020037168,-14.046322585705216,-6.959782742867602,-3.5894520274035826,-0.11260426400367543,lower,0.1
407,phase2,lower,-20.0,4,-14.099187886651654,-12.91506891420728,-14.770587213016807,-7.146956123681331,-3.648952411997788,-0.0983296737714419,lower,0.1
408,phase2,lower,-20.0,4,-14.099187886651654,-13.439117450482529,-15.437770792627125,-7.304500395081625,-3.6872523203806074,-0.08468321064875366,lower,0.1
409,phase2,lower,-20.0,4,-14.099187886651654,-13.965197674280867,-16.049257815819196,-7.433047130940428,-3.7065514706558527,-0.07173472774337522,lower,0.1
410,phase2,lower,-20.0,4,-14.099187886651654,-14.488164943403737,-16.60659924963118,-7.5335336280301455,-3.7089761849453073,-0.059532236934244254,upper,0.1
411,phase2,upper,-15.0,2,-14.233310100615384,-14.488164943403737,-16.60659924963118,-7.5335336280301455,-3.7089761849453073,-0.04894627143316808,upper,0.1
412,phase2,upper,-15.0,2,-14.351371722639342,-14.488164943403737,-16.60659924963118,-7.5335336280301455,-3.7089761849453073,-0.040323471987721266,upper,0.1
413,phase2,upper,-15.0,2,-14.455214448679548,-14.488164943403737,-16.60659924963118,-7.5335336280301455,-3.7089761849453073,-0.03313770548219007,upper,0.1
414,phase2,upper,-15.0,2,-14.546301106878246,-14.488164943403737,-16.60659924963118,-7.5335336280301455,-3.7089761849453073,-0.027067397132061237,lower,0.1
415,phase2,lower,-20.0,4,-14.546301106878246,-14.974369031445336,-17.09104287393242,-7.592830242461372,-3.6865421666052827,-0.040313514571812245,upper,0.1
416,phase2,upper,-15.0,2,-14.637800679597992,-14.974369031445336,-17.09104287393242,-7.592830242461372,-3.6865421666052827,-0.028395022069380285,upper,0.1
417,phase2,upper,-15.0,2,-14.712469521241642,-14.974369031445336,-17.09104287393242,-7.592830242461372,-3.6865421666052827,-0.02035934146574779,upper,0.1
418,phase2,upper,-15.0,2,-14.77426497328202,-14.974369031445336,-17.09104287393242,-7.592830242461372,-3.6865421666052827,-0.014689507656058589,upper,0.1
419,phase2,upper,-15.0,2,-14.82576251372492,-14.974369031445336,-17.09104287393242,-7.592830242461372,-3.6865421666052827,-0.010524981033287957,upper,0.1
420,phase2,lower,-20.0,4,-14.82576251372492,-15.445508898624004,-17.52250254258344,-7.625146346084731,-3.650979609742917,-0.029030581511523754,upper,0.1
421,phase2,upper,-15.0,2,-14.88540583604363,-15.445508898624004,-17.52250254258344,-7.625146346084731,-3.650979609742917,-0.016435687622648534,upper,0.1
422,phase2,upper,-15.0,2,-14.9288740698045,-15.445508898624004,-17.52250254258344,-7.625146346084731,-3.650979609742917,-0.00891046151274514,upper,0.1
423,phase2,upper,-15.0,2,-14.961310810262425,-15.445508898624004,-17.52250254258344,-7.625146346084731,-3.650979609742917,-0.004302344788429219,upper,0.1
424,phase2,upper,-15.0,2,-14.98584672526789,-15.445508898624004,-17.52250254258344,-7.625146346084731,-3.650979609742917,-0.0014090822158284904,upper,0.1
425,phase2,upper,-15.0,2,-15.004474594333717,-15.445508898624004,-17.52250254258344,-7.625146346084731,-3.650979609742917,0.00044732402872291015,upper,0.1
426,phase2,upper,-15.0,2,-15.018531958059556,-15.445508898624004,-17.52250254258344,-7.625146346084731,-3.650979609742917,0.0016548225857378439,upper,0.1
427,phase2,upper,-15.0,2,-15.02896833261368,-15.445508898624004,-17.52250254258344,-7.625146346084731,-3.650979609742917,0.0024401361481139637,upper,0.1
428,phase2,upper,-15.0,2,-15.03649413691642,-15.445508898624004,-17.52250254258344,-7.625146346084731,-3.650979609742917,0.0029396901062300937,upper,0.1
429,phase2,upper,-15.0,2,-15.041664649664083,-15.445508898624004,-17.52250254258344,-7.625146346084731,-3.650979609742917,0.0032387333054396403,upper,0.1
430,phase2,upper,-15.0,2,-15.044928245341277,-15.445508898624004,-17.52250254258344,-7.625146346084731,-3.650979609742917,0.0033929798182758316,upper,0.1
431,phase2,upper,-15.0,2,-15.046654945631712,-15.445508898624004,-17.52250254258344,-7.625146346084731,-3.650979609742917,0.0034406418626129003,upper,0.1
432,phase2,upper,-15.0,2,-15.047154071975973,-15.445508898624004,-17.52250254258344,-7.625146346084731,-3.650979609742917,0.0034091762434868087,upper,0.1
433,phase2,upper,-15.0,2,-15.046685808455855,-15.445508898624004,-17.52250254258344,-7.625146346084731,-3.650979609742917,0.003319118077499522,upper,0.1
434,phase2,upper,-15.0,2,-15.04546930517181,-15.445508898624004,-17.52250254258344,-7.625146346084731,-3.650979609742917,0.0031863053803637626,upper,0.1
435,phase2,upper,-15.0,2,-15.043688759802194,-15.445508898624004,-17.52250254258344,-7.625146346084731,-3.650979609742917,0.003023210444076529,upper,0.1
436,phase2,upper,-15.0,2,-15.04149826367001,-15.445508898624004,-17.52250254258344,-7.625146346084731,-3.650979609742917,0.0028397713057368617,upper,0.1
437,phase2,upper,-15.0,2,-15.039025843811022,-15.445508898624004,-17.52250254258344,-7.625146346084731,-3.650979609742917,0.0026439395383672853,upper,0.1
438,phase2,upper,-15.0,2,-15.036376939974526,-15.445508898624004,-17.52250254258344,-7.625146346084731,-3.650979609742917,0.0024420634454536037,upper,0.1
439,phase2,upper,-15.0,2,-15.033637451528666,-15.445508898624004,-17.52250254258344,-7.625146346084731,-3.650979609742917,0.0022391724664624687,upper,0.1
440,phase2,upper,-15.0,2,-15.030876433499856,-15.445508898624004,-17.52250254258344,-7.625146346084731,-3.650979609742917,0.0020391994016172705,upper,0.1
441,phase2,upper,-15.0,2,-15.028148491336673,-15.445508898624004,-17.52250254258344,-7.625146346084731,-3.650979609742917,0.001845161068632542,upper,0.1
442,phase2,upper,-15.0,2,-15.02549590836942,-15.445508898624004,-17.52250254258344,-7.625146346084731,-3.650979609742917,0.0016593092432365315,upper,0.1
443,phase2,upper,-15.0,2,-15.022950531755459,-15.445508898624004,-17.52250254258344,-7.625146346084731,-3.650979609742917,0.0014832589337140333,upper,0.1
444,phase2,upper,-15.0,2,-15.020535438390985,-15.445508898624004,-17.52250254258344,-7.625146346084731,-3.650979609742917,0.0013180984010116939,upper,0.1
445,phase2,upper,-15.0,2,-15.018266399915671,-15.445508898624004,-17.52250254258344,-7.625146346084731,-3.650979609742917,0.0011644838759290483,upper,0.1
446,phase2,upper,-15.0,2,-15.016153164521041,-15.445508898624004,-17.52250254258344,-7.625146346084731,-3.650979609742917,0.0010227211051089665,upper,0.1
447,phase2,upper,-15.0,2,-15.01420057226943,-15.445508898624004,-17.52250254258344,-7.625146346084731,-3.650979609742917,0.0008928353840036506,upper,0.1
448,phase2,upper,-15.0,2,-15.012409519774907,-15.445508898624004,-17.52250254258344,-7.625146346084731,-3.650979609742917,0.0007746314478418806,upper,0.1
449,phase2,upper,-15.0,2,-15.010777789267866,-15.445508898624004,-17.52250254258344,-7.625146346084731,-3.650979609742917,0.0006677444043312216,upper,0.1
450,phase2,upper,-15.0,2,-15.009300756212616,-15.445508898624004,-17.52250254258344,-7.625146346084731,-3.650979609742917,0.0005716827579366404,upper,0.1
451,phase2,upper,-15.0,2,-15.007971988760163,-15.445508898624004,-17.52250254258344,-7.625146346084731,-3.650979609742917,0.00048586447043955685,upper,0.1
452,phase2,upper,-15.0,2,-15.00678375140266,-15.445508898624004,-17.52250254258344,-7.625146346084731,-3.650979609742917,0.0004096469132505694,upper,0.1
453,phase2,upper,-15.0,2,-15.005727424264528,-15.445508898624004,-17.52250254258344,-7.625146346084731,-3.650979609742917,0.00034235148711395655,upper,0.1
454,phase2,upper,-15.0,2,-15.004793848533053,-15.445508898624004,-17.52250254258344,-7.625146346084731,-3.650979609742917,0.00028328361124519254,upper,0.1
455,phase2,upper,-15.0,2,-15.003973607612368,-15.445508898624004,-17.52250254258344,-7.625146346084731,-3.650979609742917,0.00023174871515100926,upper,0.1
456,phase2,upper,-15.0,2,-15.003257252691348,-15.445508898624004,-17.52250254258344,-7.625146346084731,-3.650979609742917,0.0001870648018305546,upper,0.1
457,phase2,upper,-15.0,2,-15.00263548055789,-15.445508898624004,-17.52250254258344,-7.625146346084731,-3.650979609742917,0.00014857209057449346,upper,0.1
458,phase2,upper,-15.0,2,-15.00209927067674,-15.445508898624004,-17.52250254258344,-7.625146346084731,-3.650979609742917,0.00011564019115140904,upper,0.1
459,phase2,upper,-15.0,2,-15.001639987780877,-15.445508898624004,-17.52250254258344,-7.625146346084731,-3.650979609742917,8.767320882185546e-05,upper,0.1
460,phase2,upper,-15.0,2,-15.001249455510726,-15.445508898624004,-17.52250254258344,-7.625146346084731,-3.650979609742917,6.411313134990796e-05,upper,0.1
461,phase2,upper,-15.0,2,-15.000920005973251,-15.445508898624004,-17.52250254258344,-7.625146346084731,-3.650979609742917,4.4441804949802455e-05,upper,0.1
462,phase2,upper,-15.0,2,-15.000644509484406,-15.445508898624004,-17.52250254258344,-7.625146346084731,-3.650979609742917,2.8181765827917825e-05,upper,0.1
463,phase2,upper,-15.0,2,-15.000416388203313,-15.445508898624004,-17.52250254258344,-7.625146346084731,-3.650979609742917,1.4896157521488123e-05,upper,0.1
464,phase2,upper,-15.0,2,-15.000229616863217,-15.445508898624004,-17.52250254258344,-7.625146346084731,-3.650979609742917,4.187931435617199e-06,upper,0.1
465,phase2,upper,-15.0,2,-15.00007871335093,-15.445508898624004,-17.52250254258344,-7.625146346084731,-3.650979609742917,-4.3015013595945246e-06,upper,0.1
466,phase2,upper,-15.0,2,-14.999958721480377,-15.445508898624004,-17.52250254258344,-7.625146346084731,-3.650979609742917,-1.0894025098250051e-05,upper,0.1
467,phase2,upper,-15.0,2,-14.99986518794451,-15.445508898624004,-17.52250254258344,-7.625146346084731,-3.650979609742917,-1.5876862147874307e-05,upper,0.1
468,phase2,upper,-15.0,2,-14.999794135109918,-15.445508898624004,-17.52250254258344,-7.625146346084731,-3.650979609742917,-1.950480506435958e-05,upper,0.1
469,phase2,lower,-20.0,4,-14.999794135109918,-15.903225817344506,-17.906358039347662,-7.634514836634951,-3.6058287618164773,-0.019873921856041907,upper,0.1
470,phase2,upper,-15.0,2,-15.017611006382928,-15.903225817344506,-17.906358039347662,-7.634514836634951,-3.6058287618164773,-0.009750666911931428,upper,0.1
471,phase2,upper,-15.0,2,-15.025794461867783,-15.903225817344506,-17.906358039347662,-7.634514836634951,-3.6058287618164773,-0.00430278962158814,upper,0.1
472,phase2,upper,-15.0,2,-15.028737890760183,-15.903225817344506,-17.906358039347662,-7.634514836634951,-3.6058287618164773,-0.0014181504175772256,upper,0.1
473,phase2,upper,-15.0,2,-15.028871755576212,-15.903225817344506,-17.906358039347662,-7.634514836634951,-3.6058287618164773,6.44206678113115e-05,upper,0.1
474,phase2,upper,-15.0,2,-15.027543284853357,-15.903225817344506,-17.906358039347662,-7.634514836634951,-3.6058287618164773,0.0007833745035496652,upper,0.1
475,phase2,upper,-15.0,2,-15.025500572617682,-15.903225817344506,-17.906358039347662,-7.634514836634951,-3.6058287618164773,0.001089761285916805,upper,0.1
476,phase2,upper,-15.0,2,-15.02315924834751,-15.903225817344506,-17.906358039347662,-7.634514836634951,-3.6058287618164773,0.0011765516884732652,upper,0.1
477,phase2,upper,-15.0,2,-15.020749603810101,-15.903225817344506,-17.906358039347662,-7.634514836634951,-3.6058287618164773,0.0011497204561766478,upper,0.1
478,phase2,upper,-15.0,2,-15.018397961200948,-15.903225817344506,-17.906358039347662,-7.634514836634951,-3.6058287618164773,0.001067330659956161,upper,0.1
479,phase2,upper,-15.0,2,-15.016171838518966,-15.903225817344506,-17.906358039347662,-7.634514836634951,-3.6058287618164773,0.0009610336014850842,upper,0.1
480,phase2,upper,-15.0,2,-15.014105157345647,-15.903225817344506,-17.906358039347662,-7.634514836634951,-3.6058287618164773,0.0008479040364181322,upper,0.1
481,phase2,upper,-15.0,2,-15.01221242521417,-15.903225817344506,-17.906358039347662,-7.634514836634951,-3.6058287618164773,0.0007369620333312387,upper,0.1
482,phase2,upper,-15.0,2,-15.010496806721275,-15.903225817344506,-17.906358039347662,-7.634514836634951,-3.6058287618164773,0.0006327724130965316,upper,0.1
483,phase2,upper,-15.0,2,-15.008954789620029,-15.903225817344506,-17.906358039347662,-7.634514836634951,-3.6058287618164773,0.0005374357104042228,upper,0.1
484,phase2,upper,-15.0,2,-15.007578938632944,-15.903225817344506,-17.906358039347662,-7.634514836634951,-3.6058287618164773,0.00045169289040400775,upper,0.1
485,phase2,upper,-15.0,2,-15.006359562532497,-15.903225817344506,-17.906358039347662,-7.634514836634951,-3.6058287618164773,0.00037554095036862776,upper,0.1
486,phase2,upper,-15.0,2,-15.005285752982132,-15.903225817344506,-17.906358039347662,-7.634514836634951,-3.6058287618164773,0.0003085778991026506,upper,0.1
487,phase2,upper,-15.0,2,-15.004346051484484,-15.903225817344506,-17.906358039347662,-7.634514836634951,-3.6058287618164773,0.0002501974350631933,upper,0.1
488,phase2,upper,-15.0,2,-15.00352888925813,-15.903225817344506,-17.906358039347662,-7.634514836634951,-3.6058287618164773,0.00019969967958355662,upper,0.1
489,phase2,upper,-15.0,2,-15.002822883152128,-15.903225817344506,-17.906358039347662,-7.634514836634951,-3.6058287618164773,0.00015635464524586757,upper,0.1
490,phase2,upper,-15.0,2,-15.002217036392024,-15.903225817344506,-17.906358039347662,-7.634514836634951,-3.6058287618164773,0.00011943878858987008,upper,0.1
491,phase2,upper,-15.0,2,-15.001700873718043,-15.903225817344506,-17.906358039347662,-7.634514836634951,-3.6058287618164773,8.825599938734286e-05,upper,0.1
492,phase2,upper,-15.0,2,-15.001264529560933,-15.903225817344506,-17.906358039347662,-7.634514836634951,-3.6058287618164773,6.214941305152154e-05,upper,0.1
493,phase2,upper,-15.0,2,-15.000898801586404,-15.903225817344506,-17.906358039347662,-7.634514836634951,-3.6058287618164773,4.0507683972714414e-05,upper,0.1
494,phase2,upper,-15.0,2,-15.00059517818257,-15.903225817344506,-17.906358039347662,-7.634514836634951,-3.6058287618164773,2.2767828795425946e-05,upper,0.1
495,phase2,upper,-15.0,2,-15.000345846142466,-15.903225817344506,-17.906358039347662,-7.634514836634951,-3.6058287618164773,8.415892110040022e-06,upper,0.1
496,phase2,upper,-15.0,2,-15.000143683286927,-15.903225817344506,-17.906358039347662,-7.634514836634951,-3.6058287618164773,-3.0137983297856265e-06,upper,0.1
497,phase2,upper,-15.0,2,-14.999982239740051,-15.903225817344506,-17.906358039347662,-7.634514836634951,-3.6058287618164773,-1.1940299457245355e-05,upper,0.1
498,phase2,upper,-15.0,2,-14.999855710820777,-15.903225817344506,-17.906358039347662,-7.634514836634951,-3.6058287618164773,-1.8738321523282536e-05,upper,0.1
499,phase2,lower,-20.0,4,-14.999855710820777,-16.35355590403419,-18.250770094213035,-7.626923925275511,-3.5556657489004166,-0.01381836412985106,upper,0.1
500,phase2,upper,-15.0,2,-15.01217856717103,-16.35355590403419,-18.250770094213035,-7.626923925275511,-3.5556657489004166,-0.006785557521998848,upper,0.1
501,phase2,upper,-15.0,2,-15.017819909780927,-16.35355590403419,-18.250770094213035,-7.626923925275511,-3.5556657489004166,-0.003001475495039696,upper,0.1
502,phase2,upper,-15.0,2,-15.01983114187642,-16.35355590403419,-18.250770094213035,-7.626923925275511,-3.5556657489004166,-0.0009982343256455528,upper,0.1
503,phase2,upper,-15.0,2,-15.019899604565339,-16.35355590403419,-18.250770094213035,-7.626923925275511,-3.5556657489004166,3.110409835174884e-05,upper,0.1
504,phase2,upper,-15.0,2,-15.018959979966425,-16.35355590403419,-18.250770094213035,-7.626923925275511,-3.5556657489004166,0.0005301823632167139,upper,0.1
505,phase2,lower,-20.0,4,-15.018959979966425,-16.792800158925182,-18.556776245565285,-7.60332779884889,-3.501145987095869,-0.008033104377260902,upper,0.1
506,phase2,upper,-15.0,2,-15.025237698908063,-16.792800158925182,-18.556776245565285,-7.60332779884889,-3.501145987095869,-0.003453108495675818,upper,0.1
507,phase2,upper,-15.0,2,-15.027151636913059,-16.792800158925182,-18.556776245565285,-7.60332779884889,-3.501145987095869,-0.0010423395633392448,upper,0.1
508,phase2,lower,-20.0,4,-15.027151636913059,-17.2201358731962,-18.82721542915783,-7.565915329397177,-3.443736477675462,-0.0031806898342638945,upper,0.1
509,phase2,upper,-15.0,2,-15.028681324922234,-17.2201358731962,-18.82721542915783,-7.565915329397177,-3.443736477675462,-0.0008639528671471824,upper,0.1
510,phase2,upper,-15.0,2,-15.027999152047956,-17.2201358731962,-18.82721542915783,-7.565915329397177,-3.443736477675462,0.00030572710184093694,upper,0.1
511,phase2,lower,-20.0,4,-15.027999152047956,-17.630568674400706,-19.06178395911857,-7.514631319487231,-3.3832177135949872,0.0019805181292082835,upper,0.1
512,phase2,upper,-15.0,2,-15.024699348668987,-17.630568674400706,-19.06178395911857,-7.514631319487231,-3.3832177135949872,0.0016738681091094428,upper,0.1
513,phase2,upper,-15.0,2,-15.02171151208896,-17.630568674400706,-19.06178395911857,-7.514631319487231,-3.3832177135949872,0.0014278538581687004,upper,0.1
514,phase2,upper,-15.0,2,-15.018999563750791,-17.630568674400706,-19.06178395911857,-7.514631319487231,-3.3832177135949872,0.0012225745652480282,upper,0.1
515,phase2,upper,-15.0,2,-15.01654065392632,-17.630568674400706,-19.06178395911857,-7.514631319487231,-3.3832177135949872,0.0010467751050778889,upper,0.1
516,phase2,upper,-15.0,2,-15.014318014031579,-17.630568674400706,-19.06178395911857,-7.514631319487231,-3.3832177135949872,0.0008938906122624297,upper,0.1
517,phase2,upper,-15.0,2,-15.012317360386875,-17.630568674400706,-19.06178395911857,-7.514631319487231,-3.3832177135949872,0.0007598931325259458,upper,0.1
518,phase2,lower,-20.0,4,-15.012317360386875,-18.023006299053222,-19.26273277516933,-7.451181693637683,-3.3206319891941725,0.006479605995540115,upper,0.1
519,phase2,upper,-15.0,2,-15.005377452115642,-18.023006299053222,-19.26273277516933,-7.451181693637683,-3.3206319891941725,0.003444784090648679,upper,0.1
520,phase2,upper,-15.0,2,-15.00141238879424,-18.023006299053222,-19.26273277516933,-7.451181693637683,-3.3206319891941725,0.0017714395803034395,upper,0.1
521,phase2,upper,-15.0,2,-14.999142173253128,-18.023006299053222,-19.26273277516933,-7.451181693637683,-3.3206319891941725,0.0008495442654803734,upper,0.1
522,phase2,upper,-15.0,2,-14.997852302622043,-18.023006299053222,-19.26273277516933,-7.451181693637683,-3.3206319891941725,0.0003432666163853581,upper,0.1
523,phase2,upper,-15.0,2,-14.99714047141482,-18.023006299053222,-19.26273277516933,-7.451181693637683,-3.3206319891941725,6.750950796739915e-05,upper,0.1
524,phase2,upper,-15.0,2,-14.996777266964274,-18.023006299053222,-19.26273277516933,-7.451181693637683,-3.3206319891941725,-7.992632905507588e-05,upper,0.1
525,phase2,upper,-15.0,2,-14.99662949594917,-18.023006299053222,-19.26273277516933,-7.451181693637683,-3.3206319891941725,-0.00015561931632158607,upper,0.1
526,phase2,upper,-15.0,2,-14.996617926857125,-18.023006299053222,-19.26273277516933,-7.451181693637683,-3.3206319891941725,-0.00019101496942855472,upper,0.1
527,phase2,upper,-15.0,2,-14.996693948552318,-18.023006299053222,-19.26273277516933,-7.451181693637683,-3.3206319891941725,-0.00020368978926248684,upper,0.1
528,phase2,upper,-15.0,2,-14.996826630190089,-18.023006299053222,-19.26273277516933,-7.451181693637683,-3.3206319891941725,-0.0002035470656999832,upper,0.1
529,phase2,upper,-15.0,2,-14.996995504843673,-18.023006299053222,-19.26273277516933,-7.451181693637683,-3.3206319891941725,-0.00019622774998936813,upper,0.1
530,phase2,upper,-15.0,2,-14.997186507003503,-18.023006299053222,-19.26273277516933,-7.451181693637683,-3.3206319891941725,-0.00018499070554906625,upper,0.1
531,phase2,upper,-15.0,2,-14.997389651912673,-18.023006299053222,-19.26273277516933,-7.451181693637683,-3.3206319891941725,-0.00017175144093813539,upper,0.1
532,phase2,upper,-15.0,2,-14.997597680648177,-18.023006299053222,-19.26273277516933,-7.451181693637683,-3.3206319891941725,-0.00015765792920020624,upper,0.1
533,phase2,upper,-15.0,2,-14.997805244143196,-18.023006299053222,-19.26273277516933,-7.451181693637683,-3.3206319891941725,-0.0001434115435763412,upper,0.1
534,phase2,upper,-15.0,2,-14.99800839117552,-18.023006299053222,-19.26273277516933,-7.451181693637683,-3.3206319891941725,-0.00012944743417695926,upper,0.1
535,phase2,upper,-15.0,2,-14.99820423069702,-18.023006299053222,-19.26273277516933,-7.451181693637683,-3.3206319891941725,-0.00011603719271444569,upper,0.1
536,phase2,upper,-15.0,2,-14.998390696737006,-18.023006299053222,-19.26273277516933,-7.451181693637683,-3.3206319891941725,-0.00010334837253045516,upper,0.1
537,phase2,upper,-15.0,2,-14.998566375893642,-18.023006299053222,-19.26273277516933,-7.451181693637683,-3.3206319891941725,-9.147989450742189e-05,upper,0.1
538,phase2,upper,-15.0,2,-14.998730374894134,-18.023006299053222,-19.26273277516933,-7.451181693637683,-3.3206319891941725,-8.048383291017105e-05,upper,0.1
539,phase2,upper,-15.0,2,-14.99888221531559,-18.023006299053222,-19.26273277516933,-7.451181693637683,-3.3206319891941725,-7.037938383665174e-05,upper,0.1
540,phase2,upper,-15.0,2,-14.99902174786032,-18.023006299053222,-19.26273277516933,-7.451181693637683,-3.3206319891941725,-6.116223967711361e-05,upper,0.1
541,phase2,upper,-15.0,2,-14.999149081518615,-18.023006299053222,-19.26273277516933,-7.451181693637683,-3.3206319891941725,-5.281117379955335e-05,upper,0.1
542,phase2,upper,-15.0,2,-14.999264524596379,-18.023006299053222,-19.26273277516933,-7.451181693637683,-3.3206319891941725,-4.529285768244025e-05,upper,0.1
543,phase2,upper,-15.0,2,-14.999368535520064,-18.023006299053222,-19.26273277516933,-7.451181693637683,-3.3206319891941725,-3.856550071354805e-05,upper,0.1
544,phase2,upper,-15.0,2,-14.9994616818775,-18.023006299053222,-19.26273277516933,-7.451181693637683,-3.3206319891941725,-3.2581663136226546e-05,upper,0.1
545,phase2,upper,-15.0,2,-14.99954460648602,-18.023006299053222,-19.26273277516933,-7.451181693637683,-3.3206319891941725,-2.7290458558842317e-05,upper,0.1
546,phase2,upper,-15.0,2,-14.999617999494419,-18.023006299053222,-19.26273277516933,-7.451181693637683,-3.3206319891941725,-2.2639286500627162e-05,upper,0.1
547,phase2,upper,-15.0,2,-14.999682575674669,-18.023006299053222,-19.26273277516933,-7.451181693637683,-3.3206319891941725,-1.8575191536857187e-05,upper,0.1
548,phase2,upper,-15.0,2,-14.999739056171496,-18.023006299053222,-19.26273277516933,-7.451181693637683,-3.3206319891941725,-1.50459194130418e-05,upper,0.1
549,phase2,upper,-15.0,2,-14.999788154067863,-18.023006299053222,-19.26273277516933,-7.451181693637683,-3.3206319891941725,-1.2000724166770241e-05,upper,0.1
550,phase2,upper,-15.0,2,-14.999830563200552,-18.023006299053222,-19.26273277516933,-7.451181693637683,-3.3206319891941725,-9.390969521334302e-06,upper,0.1
551,phase2,upper,-15.0,2,-14.999866949726627,-18.023006299053222,-19.26273277516933,-7.451181693637683,-3.3206319891941725,-7.170560233416254e-06,upper,0.1
552,phase2,upper,-15.0,2,-14.999897946001102,-18.023006299053222,-19.26273277516933,-7.451181693637683,-3.3206319891941725,-5.296233391576046e-06,upper,0.1
553,phase2,upper,-15.0,2,-14.999924146379772,-18.023006299053222,-19.26273277516933,-7.451181693637683,-3.3206319891941725,-3.72773515319765e-06,upper,0.1
554,phase2,upper,-15.0,2,-14.999946104609744,-18.023006299053222,-19.26273277516933,-7.451181693637683,-3.3206319891941725,-2.427904681819558e-06,upper,0.1
555,phase2,upper,-15.0,2,-14.999964332514224,-18.023006299053222,-19.26273277516933,-7.451181693637683,-3.3206319891941725,-1.362683877862977e-06,upper,0.1
556,phase2,upper,-15.0,2,-14.99997929971774,-18.023006299053222,-19.26273277516933,-7.451181693637683,-3.3206319891941725,-5.010687511100152e-07,upper,0.1
557,phase2,lower,-20.0,4,-14.99997929971774,-18.39697939762671,-19.432550597544616,-7.377395895361891,-3.257032368772772,0.010258398621812239,upper,0.1
558,phase2,upper,-15.0,2,-14.9907584244722,-18.39697939762671,-19.432550597544616,-7.377395895361891,-3.257032368772772,0.005027045832488325,upper,0.1
559,phase2,upper,-15.0,2,-14.986520929254725,-18.39697939762671,-19.432550597544616,-7.377395895361891,-3.257032368772772,0.002211821334944042,upper,0.1
560,phase2,upper,-15.0,2,-14.984995657714299,-18.39697939762671,-19.432550597544616,-7.377395895361891,-3.257032368772772,0.0007213034212565193,upper,0.1
561,phase2,upper,-15.0,2,-14.984925853574332,-18.39697939762671,-19.432550597544616,-7.377395895361891,-3.257032368772772,-4.454838763062822e-05,upper,0.1
562,phase2,upper,-15.0,2,-14.985614603851117,-18.39697939762671,-19.432550597544616,-7.377395895361891,-3.257032368772772,-0.00041567399719635,upper,0.1
563,phase2,upper,-15.0,2,-14.986674688220372,-18.39697939762671,-19.432550597544616,-7.377395895361891,-3.257032368772772,-0.0005735041436325289,upper,0.1
564,phase2,upper,-15.0,2,-14.987890776330467,-18.39697939762671,-19.432550597544616,-7.377395895361891,-3.257032368772772,-0.0006177822894943977,upper,0.1
565,phase2,upper,-15.0,2,-14.989143394629874,-18.39697939762671,-19.432550597544616,-7.377395895361891,-3.257032368772772,-0.0006032947504406866,upper,0.1
566,phase2,upper,-15.0,2,-14.990366871995688,-18.39697939762671,-19.432550597544616,-7.377395895361891,-3.257032368772772,-0.0005600665006821343,upper,0.1
567,phase2,upper,-15.0,2,-14.991525992440517,-18.39697939762671,-19.432550597544616,-7.377395895361891,-3.257032368772772,-0.0005044709719842818,upper,0.1
568,phase2,upper,-15.0,2,-14.992602960911244,-18.39697939762671,-19.432550597544616,-7.377395895361891,-3.257032368772772,-0.0004453459894221637,upper,0.1
569,phase2,upper,-15.0,2,-14.993590066841916,-18.39697939762671,-19.432550597544616,-7.377395895361891,-3.257032368772772,-0.0003873641988621032,upper,0.1
570,phase2,upper,-15.0,2,-14.994485506254806,-18.39697939762671,-19.432550597544616,-7.377395895361891,-3.257032368772772,-0.0003328934051327195,upper,0.1
571,phase2,upper,-15.0,2,-14.995290964038883,-18.39697939762671,-19.432550597544616,-7.377395895361891,-3.257032368772772,-0.0002830257461196116,upper,0.1
572,phase2,upper,-15.0,2,-14.996010185051897,-18.39697939762671,-19.432550597544616,-7.377395895361891,-3.257032368772772,-0.00023814888869665217,upper,0.1
573,phase2,upper,-15.0,2,-14.996648107431115,-18.39697939762671,-19.432550597544616,-7.377395895361891,-3.257032368772772,-0.00019826444975930106,upper,0.1
574,phase2,upper,-15.0,2,-14.99721032115514,-18.39697939762671,-19.432550597544616,-7.377395895361891,-3.257032368772772,-0.00016316654271682167,upper,0.1
575,phase2,upper,-15.0,2,-14.997702719348943,-18.39697939762671,-19.432550597544616,-7.377395895361891,-3.257032368772772,-0.00013254262379475286,upper,0.1
576,phase2,upper,-15.0,2,-14.998131267450685,-18.39697939762671,-19.432550597544616,-7.377395895361891,-3.257032368772772,-0.00010603092856171934,upper,0.1
577,phase2,upper,-15.0,2,-14.99850184724731,-18.39697939762671,-19.432550597544616,-7.377395895361891,-3.257032368772772,-8.325345499201882e-05,upper,0.1
578,phase2,upper,-15.0,2,-14.998820150518904,-18.39697939762671,-19.432550597544616,-7.377395895361891,-3.257032368772772,-6.383501093765343e-05,upper,0.1
579,phase2,upper,-15.0,2,-14.99909160697205,-18.39697939762671,-19.432550597544616,-7.377395895361891,-3.257032368772772,-4.741419489528989e-05,upper,0.1
580,phase2,upper,-15.0,2,-14.99932133678508,-18.39697939762671,-19.432550597544616,-7.377395895361891,-3.257032368772772,-3.3649612950991066e-05,upper,0.1
581,phase2,upper,-15.0,2,-14.999514121353869,-18.39697939762671,-19.432550597544616,-7.377395895361891,-3.257032368772772,-2.2223214251628754e-05,upper,0.1
582,phase2,upper,-15.0,2,-14.999674387770764,-18.39697939762671,-19.432550597544616,-7.377395895361891,-3.257032368772772,-1.2841837201080537e-05,upper,0.1
583,phase2,upper,-15.0,2,-14.999806203772327,-18.39697939762671,-19.432550597544616,-7.377395895361891,-3.257032368772772,-5.237615778316952e-06,upper,0.1
584,phase2,upper,-15.0,2,-14.999913280673079,-18.39697939762671,-19.432550597544616,-7.377395895361891,-3.257032368772772,8.323556280163963e-07,upper,0.1
585,phase2,upper,-15.0,2,-14.99999898233916,-18.39697939762671,-19.432550597544616,-7.377395895361891,-3.257032368772772,5.586845203436543e-06,upper,0.1
586,phase2,upper,-15.0,2,-15.000066338645494,-18.39697939762671,-19.432550597544616,-7.377395895361891,-3.257032368772772,9.221626355949256e-06,upper,0.1
587,phase2,upper,-15.0,2,-15.000118062157425,-18.39697939762671,-19.432550597544616,-7.377395895361891,-3.257032368772772,1.1910824087838608e-05,upper,0.1
588,phase2,upper,-15.0,2,-15.000156567014065,-18.39697939762671,-19.432550597544616,-7.377395895361891,-3.257032368772772,1.3808382374564077e-05,upper,0.1
589,phase2,upper,-15.0,2,-15.000183989183414,-18.39697939762671,-19.432550597544616,-7.377395895361891,-3.257032368772772,1.5049591999295964e-05,upper,0.1
590,phase2,upper,-15.0,2,-15.000202207419852,-18.39697939762671,-19.432550597544616,-7.377395895361891,-3.257032368772772,1.5752633813424973e-05,upper,0.1
591,phase2,upper,-15.0,2,-15.000212864389429,-18.39697939762671,-19.432550597544616,-7.377395895361891,-3.257032368772772,1.6020103764938976e-05,upper,0.1
592,phase2,upper,-15.0,2,-15.000217387542143,-18.39697939762671,-19.432550597544616,-7.377395895361891,-3.257032368772772,1.5940494676840838e-05,upper,0.1
593,phase2,upper,-15.0,2,-15.000217009406368,-18.39697939762671,-19.432550597544616,-7.377395895361891,-3.257032368772772,1.5589616504948206e-05,upper,0.1
594,phase2,upper,-15.0,2,-15.000212787061349,-18.39697939762671,-19.432550597544616,-7.377395895361891,-3.257032368772772,1.5031942163728273e-05,upper,0.1
595,phase2,upper,-15.0,2,-15.000205620611217,-18.39697939762671,-19.432550597544616,-7.377395895361891,-3.257032368772772,1.4321870304212178e-05,upper,0.1
596,phase2,upper,-15.0,2,-15.000196270540062,-18.39697939762671,-19.432550597544616,-7.377395895361891,-3.257032368772772,1.3504899876311489e-05,upper,0.1
597,phase2,upper,-15.0,2,-15.000185373873782,-18.39697939762671,-19.432550597544616,-7.377395895361891,-3.257032368772772,1.261871406606603e-05,upper,0.1
598,phase2,upper,-15.0,2,-15.000173459111984,-18.39697939762671,-19.432550597544616,-7.377395895361891,-3.257032368772772,1.1694173383273523e-05,upper,0.1
599,phase2,upper,-15.0,2,-15.000160959923353,-18.39697939762671,-19.432550597544616,-7.377395895361891,-3.257032368772772,1.0756219384571861e-05,upper,0.1
600,phase2,upper,-15.0,2,-15.00014822762172,-18.39697939762671,-19.432550597544616,-7.377395895361891,-3.257032368772772,9.824691822155582e-06,upper,0.1
601,phase2,upper,-15.0,2,-15.000135542458407,-18.39697939762671,-19.432550597544616,-7.377395895361891,-3.257032368772772,8.91506298386347e-06,upper,0.1
602,phase2,upper,-15.0,2,-15.000123123780249,-18.39697939762671,-19.432550597544616,-7.377395895361891,-3.257032368772772,8.03909368156994e-06,upper,0.1
603,phase2,upper,-15.0,2,-15.000111139112592,-18.39697939762671,-19.432550597544616,-7.377395895361891,-3.257032368772772,7.205415810527759e-06,upper,0.1
604,phase2,upper,-15.0,2,-15.000099712233366,-18.39697939762671,-19.432550597544616,-7.377395895361891,-3.257032368772772,6.420046675116914e-06,upper,0.1
605,phase2,upper,-15.0,2,-15.000088930308326,-18.39697939762671,-19.432550597544616,-7.377395895361891,-3.257032368772772,5.686840398861756e-06,upper,0.1
606,phase2,upper,-15.0,2,-15.000078850159626,-18.39697939762671,-19.432550597544616,-7.377395895361891,-3.257032368772772,5.007881734487706e-06,upper,0.1
607,phase2,upper,-15.0,2,-15.000069503740008,-18.39697939762671,-19.432550597544616,-7.377395895361891,-3.257032368772772,4.383827493387311e-06,upper,0.1
608,phase2,upper,-15.0,2,-15.000060902883824,-18.39697939762671,-19.432550597544616,-7.377395895361891,-3.257032368772772,3.814200642365386e-06,upper,0.1
609,phase2,upper,-15.0,2,-15.000053043403927,-18.39697939762671,-19.432550597544616,-7.377395895361891,-3.257032368772772,3.297641890805236e-06,upper,0.1
610,phase2,upper,-15.0,2,-15.000045908600468,-18.39697939762671,-19.432550597544616,-7.377395895361891,-3.257032368772772,2.8321233261147286e-06,upper,0.1
611,phase2,upper,-15.0,2,-15.000039472244165,-18.39697939762671,-19.432550597544616,-7.377395895361891,-3.257032368772772,2.415128365948419e-06,upper,0.1
612,phase2,upper,-15.0,2,-15.00003370109269,-18.39697939762671,-19.432550597544616,-7.377395895361891,-3.257032368772772,2.0438019890967576e-06,upper,0.1
613,phase2,upper,-15.0,2,-15.000028556994696,-18.39697939762671,-19.432550597544616,-7.377395895361891,-3.257032368772772,1.7150748970485775e-06,upper,0.1
614,phase2,upper,-15.0,2,-15.000023998631796,-18.39697939762671,-19.432550597544616,-7.377395895361891,-3.257032368772772,1.4257649460324436e-06,upper,0.1
615,phase2,upper,-15.0,2,-15.000019982944547,-18.39697939762671,-19.432550597544616,-7.377395895361891,-3.257032368772772,1.1726588856686686e-06,upper,0.1
616,phase2,upper,-15.0,2,-15.000016466284379,-18.39697939762671,-19.432550597544616,-7.377395895361891,-3.257032368772772,9.525771451021642e-07,upper,0.1
617,phase2,upper,-15.0,2,-15.000013405329343,-18.39697939762671,-19.432550597544616,-7.377395895361891,-3.257032368772772,7.624241279825841e-07,upper,0.1
618,phase2,lower,-20.0,4,-15.000013405329343,-18.750535831436785,-19.572495069396926,-7.294192325193453,-3.192762264420921,0.01381853465451855,upper,0.1
619,phase2,upper,-15.0,2,-14.98757476279037,-18.750535831436785,-19.572495069396926,-7.294192325193453,-3.192762264420921,0.006771307619102811,upper,0.1
620,phase2,upper,-15.0,2,-14.981851930279182,-18.750535831436785,-19.572495069396926,-7.294192325193453,-3.192762264420921,0.0029786046082120104,upper,0.1
621,phase2,lower,-20.0,4,-14.981851930279182,-19.08005101108541,-19.682481173498328,-7.2015066099879315,-3.1274675299481824,0.01768615195646371,upper,0.1
622,phase2,upper,-15.0,2,-14.966548572970325,-19.08005101108541,-19.682481173498328,-7.2015066099879315,-3.1274675299481824,0.00817704851771901,upper,0.1
623,phase2,upper,-15.0,2,-14.960356162511182,-19.08005101108541,-19.682481173498328,-7.2015066099879315,-3.1274675299481824,0.0031082349514043135,upper,0.1
624,phase2,upper,-15.0,2,-14.959079099397218,-19.08005101108541,-19.682481173498328,-7.2015066099879315,-3.1274675299481824,0.00047055135233068225,upper,0.1
625,phase2,upper,-15.0,2,-14.96039329197778,-19.08005101108541,-19.682481173498328,-7.2015066099879315,-3.1274675299481824,-0.0008406648636521077,upper,0.1
626,phase2,upper,-15.0,2,-14.963008872883272,-19.08005101108541,-19.682481173498328,-7.2015066099879315,-3.1274675299481824,-0.001432818596317678,upper,0.1
627,phase2,upper,-15.0,2,-14.966209157299685,-19.08005101108541,-19.682481173498328,-7.2015066099879315,-3.1274675299481824,-0.0016398476345219032,upper,0.1
628,phase2,upper,-15.0,2,-14.969596433670958,-19.08005101108541,-19.682481173498328,-7.2015066099879315,-3.1274675299481824,-0.001645223406906914,upper,0.1
629,phase2,upper,-15.0,2,-14.972951506242712,-19.08005101108541,-19.682481173498328,-7.2015066099879315,-3.1274675299481824,-0.001549573023757174,upper,0.1
630,phase2,upper,-15.0,2,-14.976155841830478,-19.08005101108541,-19.682481173498328,-7.2015066099879315,-3.1274675299481824,-0.0014078708063850638,upper,0.1
631,phase2,upper,-15.0,2,-14.979148210351656,-19.08005101108541,-19.682481173498328,-7.2015066099879315,-3.1274675299481824,-0.001249905808625513,upper,0.1
632,phase2,upper,-15.0,2,-14.981900365175164,-19.08005101108541,-19.682481173498328,-7.2015066099879315,-3.1274675299481824,-0.0010915559720597867,upper,0.1
633,phase2,upper,-15.0,2,-14.984403263135349,-19.08005101108541,-19.682481173498328,-7.2015066099879315,-3.1274675299481824,-0.0009410066883745337,upper,0.1
634,phase2,upper,-15.0,2,-14.986659144994958,-19.08005101108541,-19.682481173498328,-7.2015066099879315,-3.1274675299481824,-0.0008021875576366124,upper,0.1
635,phase2,upper,-15.0,2,-14.98867689700463,-19.08005101108541,-19.682481173498328,-7.2015066099879315,-3.1274675299481824,-0.0006766770646912407,upper,0.1
636,phase2,upper,-15.0,2,-14.990469268561696,-19.08005101108541,-19.682481173498328,-7.2015066099879315,-3.1274675299481824,-0.0005647622536637683,upper,0.1
637,phase2,upper,-15.0,2,-14.992051155877647,-19.08005101108541,-19.682481173498328,-7.2015066099879315,-3.1274675299481824,-0.00046603133155572325,upper,0.1
638,phase2,upper,-15.0,2,-14.99343851107447,-19.08005101108541,-19.682481173498328,-7.2015066099879315,-3.1274675299481824,-0.0003797072462749221,upper,0.1
639,phase2,upper,-15.0,2,-14.994647628819083,-19.08005101108541,-19.682481173498328,-7.2015066099879315,-3.1274675299481824,-0.00030483690837365435,upper,0.1
640,phase2,upper,-15.0,2,-14.995694669101619,-19.08005101108541,-19.682481173498328,-7.2015066099879315,-3.1274675299481824,-0.00024039938468070466,upper,0.1
641,phase2,upper,-15.0,2,-14.99659533386587,-19.08005101108541,-19.682481173498328,-7.2015066099879315,-3.1274675299481824,-0.00018536814682161787,upper,0.1
642,phase2,upper,-15.0,2,-14.997364648221623,-19.08005101108541,-19.682481173498328,-7.2015066099879315,-3.1274675299481824,-0.00013874690384125382,upper,0.1
643,phase2,upper,-15.0,2,-14.998016815616985,-19.08005101108541,-19.682481173498328,-7.2015066099879315,-3.1274675299481824,-9.958996986197323e-05,upper,0.1
644,phase2,upper,-15.0,2,-14.998565127056679,-19.08005101108541,-19.682481173498328,-7.2015066099879315,-3.1274675299481824,-6.701337470932522e-05,upper,0.1
645,phase2,upper,-15.0,2,-14.999021910754617,-19.08005101108541,-19.682481173498328,-7.2015066099879315,-3.1274675299481824,-4.0200292444095336e-05,upper,0.1
646,phase2,upper,-15.0,2,-14.999398512449533,-19.08005101108541,-19.682481173498328,-7.2015066099879315,-3.1274675299481824,-1.8402891804652414e-05,upper,0.1
647,phase2,upper,-15.0,2,-14.999705299060745,-19.08005101108541,-19.682481173498328,-7.2015066099879315,-3.1274675299481824,-9.418827254808625e-07,upper,0.1
648,phase2,upper,-15.0,2,-14.999951680007724,-19.08005101108541,-19.682481173498328,-7.2015066099879315,-3.1274675299481824,1.2795442014318134e-05,upper,0.1
649,phase2,upper,-15.0,2,-15.00014614168831,-19.08005101108541,-19.682481173498328,-7.2015066099879315,-3.1274675299481824,2.33581488746692e-05,upper,0.1
650,phase2,upper,-15.0,2,-15.000296291488516,-19.08005101108541,-19.682481173498328,-7.2015066099879315,-3.1274675299481824,3.1235235675249696e-05,upper,0.1
651,phase2,upper,-15.0,2,-15.000408908384522,-19.08005101108541,-19.682481173498328,-7.2015066099879315,-3.1274675299481824,3.685958486661606e-05,upper,0.1
652,phase2,upper,-15.0,2,-15.000489997753531,-19.08005101108541,-19.682481173498328,-7.2015066099879315,-3.1274675299481824,4.0612117705277494e-05,upper,0.1
653,phase2,lower,-20.0,4,-15.000489997753531,-19.390257476420764,-19.768123745898283,-7.103234408894872,-3.0636139166299317,0.019684917261115147,upper,0.1
654,phase2,upper,-15.0,2,-14.98286497384066,-19.390257476420764,-19.768123745898283,-7.103234408894872,-3.0636139166299317,0.009668535536544296,upper,0.1
655,phase2,upper,-15.0,2,-14.974765473787789,-19.390257476420764,-19.768123745898283,-7.103234408894872,-3.0636139166299317,0.004277728001828167,upper,0.1
656,phase2,upper,-15.0,2,-14.97184592376335,-19.390257476420764,-19.768123745898283,-7.103234408894872,-3.0636139166299317,0.0014227874004779293,upper,0.1
657,phase2,upper,-15.0,2,-14.97170270410264,-19.390257476420764,-19.768123745898283,-7.103234408894872,-3.0636139166299317,-4.510045089049612e-05,upper,0.1
658,phase2,upper,-15.0,2,-14.973003788533388,-19.390257476420764,-19.768123745898283,-7.103234408894872,-3.0636139166299317,-0.0007575736356118318,upper,0.1
659,phase2,upper,-15.0,2,-14.97500978861087,-19.390257476420764,-19.768123745898283,-7.103234408894872,-3.0636139166299317,-0.0010619208829593036,upper,0.1
660,phase2,upper,-15.0,2,-14.97731012503913,-19.390257476420764,-19.768123745898283,-7.103234408894872,-3.0636139166299317,-0.001149032887300247,upper,0.1
661,phase2,upper,-15.0,2,-14.979677475400736,-19.390257476420764,-19.768123745898283,-7.103234408894872,-3.0636139166299317,-0.0011237324949299953,upper,0.1
662,phase2,upper,-15.0,2,-14.981987283078855,-19.390257476420764,-19.768123745898283,-7.103234408894872,-3.0636139166299317,-0.0010434443015522156,upper,0.1
663,phase2,upper,-15.0,2,-14.98417308427271,-19.390257476420764,-19.768123745898283,-7.103234408894872,-3.0636139166299317,-0.0009394660963737557,upper,0.1
664,phase2,upper,-15.0,2,-14.986201579926188,-19.390257476420764,-19.768123745898283,-7.103234408894872,-3.0636139166299317,-0.000828678004035066,upper,0.1
665,phase2,lower,-20.0,4,-14.986201579926188,-19.67878991357215,-19.829859268616378,-6.999577467062191,-3.000896346851454,0.0218521115887194,upper,0.1
666,phase2,upper,-15.0,2,-14.967645904358907,-19.67878991357215,-19.829859268616378,-6.999577467062191,-3.000896346851454,0.01039359231388915,upper,0.1
667,phase2,upper,-15.0,2,-14.959938645451382,-19.67878991357215,-19.829859268616378,-6.999577467062191,-3.000896346851454,0.004270465040320727,upper,0.1
668,phase2,upper,-15.0,2,-14.958061442506686,-19.67878991357215,-19.829859268616378,-6.999577467062191,-3.000896346851454,0.0010676466365418288,upper,0.1
669,phase2,upper,-15.0,2,-14.95924253692962,-19.67878991357215,-19.829859268616378,-6.999577467062191,-3.000896346851454,-0.0005422319972700828,upper,0.1
670,phase2,upper,-15.0,2,-14.961950172240627,-19.67878991357215,-19.829859268616378,-6.999577467062191,-3.000896346851454,-0.001288651184562052,upper,0.1
671,phase2,upper,-15.0,2,-14.965338523800144,-19.67878991357215,-19.829859268616378,-6.999577467062191,-3.000896346851454,-0.0015723630188095535,upper,0.1
672,phase2,upper,-15.0,2,-14.968942378875735,-19.67878991357215,-19.829859268616378,-6.999577467062191,-3.000896346851454,-0.0016133166129327857,upper,0.1
673,phase2,lower,-20.0,4,-14.968942378875735,-19.945348834028213,-19.8694263505133,-6.891608429835793,-2.939671674276892,0.02368747543064538,upper,0.1
674,phase2,upper,-15.0,2,-14.94973789030126,-19.945348834028213,-19.8694263505133,-6.891608429835793,-2.939671674276892,0.010865415865467647,upper,0.1
675,phase2,upper,-15.0,2,-14.942657629982145,-19.945348834028213,-19.8694263505133,-6.891608429835793,-2.939671674276892,0.004059065739499559,upper,0.1
676,phase2,upper,-15.0,2,-14.94203221188671,-19.945348834028213,-19.8694263505133,-6.891608429835793,-2.939671674276892,0.0005411678081295454,upper,0.1
677,phase2,upper,-15.0,2,-14.944732121199523,-19.945348834028213,-19.8694263505133,-6.891608429835793,-2.939671674276892,-0.0011870349868034493,upper,0.1
678,phase2,lower,-20.0,4,-14.944732121199523,-20.188824917164848,-19.887842483432333,-6.779852217912359,-2.8799084389918312,0.025475980784040016,upper,0.1
679,phase2,upper,-15.0,2,-14.925033644107128,-20.188824917164848,-19.887842483432333,-6.779852217912359,-2.8799084389918312,0.011115885725356957,upper,0.1
680,phase2,upper,-15.0,2,-14.91894100916563,-20.188824917164848,-19.887842483432333,-6.779852217912359,-2.8799084389918312,0.003549842927657899,upper,0.1
681,phase2,upper,-15.0,2,-14.920030887653017,-20.188824917164848,-19.887842483432333,-6.779852217912359,-2.8799084389918312,-0.00030672034947370726,upper,0.1
682,phase2,upper,-15.0,2,-14.924756849235058,-20.188824917164848,-19.887842483432333,-6.779852217912359,-2.8799084389918312,-0.0021488741475753368,upper,0.1
683,phase2,upper,-15.0,2,-14.931162323914144,-20.188824917164848,-19.887842483432333,-6.779852217912359,-2.8799084389918312,-0.0029078089400960197,upper,0.1
684,phase2,upper,-15.0,2,-14.93817168439746,-20.188824917164848,-19.887842483432333,-6.779852217912359,-2.8799084389918312,-0.003094646743872144,upper,0.1
685,phase2,upper,-15.0,2,-14.945199191312009,-20.188824917164848,-19.887842483432333,-6.779852217912359,-2.8799084389918312,-0.0029894171365177765,upper,0.1
686,phase2,upper,-15.0,2,-14.951932797075685,-20.188824917164848,-19.887842483432333,-6.779852217912359,-2.8799084389918312,-0.002744956926860633,upper,0.1
687,phase2,upper,-15.0,2,-14.958214220925903,-20.188824917164848,-19.887842483432333,-6.779852217912359,-2.8799084389918312,-0.0024440583464473073,upper,0.1
688,phase2,lower,-20.0,4,-14.958214220925903,-20.410926326303397,-19.88795668792782,-6.666081364584506,-2.8224755802567336,0.026518820264355196,upper,0.1
689,phase2,upper,-15.0,2,-14.93790550696367,-20.410926326303397,-19.88795668792782,-6.666081364584506,-2.8224755802567336,0.012060888742122829,upper,0.1
690,phase2,upper,-15.0,2,-14.931127224509629,-20.410926326303397,-19.88795668792782,-6.666081364584506,-2.8224755802567336,0.004413887259798602,upper,0.1
691,phase2,upper,-15.0,2,-14.931472594803482,-20.410926326303397,-19.88795668792782,-6.666081364584506,-2.8224755802567336,0.00048522968708060703,upper,0.1
692,phase2,upper,-15.0,2,-14.935414668316511,-20.410926326303397,-19.88795668792782,-6.666081364584506,-2.8224755802567336,-0.0014239693883997973,upper,0.1
693,phase2,upper,-15.0,2,-14.941015867270957,-20.410926326303397,-19.88795668792782,-6.666081364584506,-2.8224755802567336,-0.002246538565380812,upper,0.1
694,phase2,upper,-15.0,2,-14.94721748924269,-20.410926326303397,-19.88795668792782,-6.666081364584506,-2.8224755802567336,-0.002494151525247876,upper,0.1
695,phase2,upper,-15.0,2,-14.953448053117848,-20.410926326303397,-19.88795668792782,-6.666081364584506,-2.8224755802567336,-0.0024468850948716914,upper,0.1
696,phase2,upper,-15.0,2,-14.959407012064137,-20.410926326303397,-19.88795668792782,-6.666081364584506,-2.8224755802567336,-0.002257423490470282,upper,0.1
697,phase2,upper,-15.0,2,-14.964944989249288,-20.410926326303397,-19.88795668792782,-6.666081364584506,-2.8224755802567336,-0.002008360504470812,upper,0.1
698,phase2,upper,-15.0,2,-14.969997199976591,-20.410926326303397,-19.88795668792782,-6.666081364584506,-2.8224755802567336,-0.0017437252051169631,upper,0.1
699,phase2,upper,-15.0,2,-14.974546232583084,-20.410926326303397,-19.88795668792782,-6.666081364584506,-2.8224755802567336,-0.0014863381582396547,upper,0.1
700,phase2,upper,-15.0,2,-14.978601079640596,-20.410926326303397,-19.88795668792782,-6.666081364584506,-2.8224755802567336,-0.0012473758756861605,upper,0.1
701,phase2,upper,-15.0,2,-14.982185201497996,-20.410926326303397,-19.88795668792782,-6.666081364584506,-2.8224755802567336,-0.0010316482686329497,upper,0.1
702,phase2,upper,-15.0,2,-14.985329641906514,-20.410926326303397,-19.88795668792782,-6.666081364584506,-2.8224755802567336,-0.0008405154796830435,upper,0.1
703,phase2,upper,-15.0,2,-14.988068995731496,-20.410926326303397,-19.88795668792782,-6.666081364584506,-2.8224755802567336,-0.000673503237455259,upper,0.1
704,phase2,upper,-15.0,2,-14.99043900824992,-20.410926326303397,-19.88795668792782,-6.666081364584506,-2.8224755802567336,-0.0005291993499838643,upper,0.1
705,phase2,upper,-15.0,2,-14.992475125013279,-20.410926326303397,-19.88795668792782,-6.666081364584506,-2.8224755802567336,-0.00040575207264090615,upper,0.1
706,phase2,upper,-15.0,2,-14.99421160890081,-20.410926326303397,-19.88795668792782,-6.666081364584506,-2.8224755802567336,-0.0003011471332016676,upper,0.1
707,phase2,upper,-15.0,2,-14.995681005671921,-20.410926326303397,-19.88795668792782,-6.666081364584506,-2.8224755802567336,-0.00021336103663390876,upper,0.1
708,phase2,upper,-15.0,2,-14.996913830861752,-20.410926326303397,-19.88795668792782,-6.666081364584506,-2.8224755802567336,-0.00014044471467541985,upper,0.1
709,phase2,upper,-15.0,2,-14.997938402112675,-20.410926326303397,-19.88795668792782,-6.666081364584506,-2.8224755802567336,-8.056759364392279e-05,upper,0.1
710,phase2,upper,-15.0,2,-14.998780770054422,-20.410926326303397,-19.88795668792782,-6.666081364584506,-2.8224755802567336,-3.2038917833173254e-05,upper,0.1
711,phase2,upper,-15.0,2,-14.999464717562194,-20.410926326303397,-19.88795668792782,-6.666081364584506,-2.8224755802567336,6.6841552492595394e-06,upper,0.1
712,phase2,upper,-15.0,2,-15.000011807093527,-20.410926326303397,-19.88795668792782,-6.666081364584506,-2.8224755802567336,3.6996237333096395e-05,upper,0.1
713,phase2,upper,-15.0,2,-15.000441461835662,-20.410926326303397,-19.88795668792782,-6.666081364584506,-2.8224755802567336,6.0147991115088226e-05,upper,0.1
714,phase2,upper,-15.0,2,-15.000771070242322,-20.410926326303397,-19.88795668792782,-6.666081364584506,-2.8224755802567336,7.725311459606568e-05,upper,0.1
715,phase2,upper,-15.0,2,-15.001016106118685,-20.410926326303397,-19.88795668792782,-6.666081364584506,-2.8224755802567336,8.929686457667548e-05,upper,0.1
716,phase2,lower,-20.0,4,-15.001016106118685,-20.60854899528772,-19.869092718332663,-6.549556646338883,-2.7664357681852185,0.02817935388780146,upper,0.1
717,phase2,upper,-15.0,2,-14.975909206914281,-20.60854899528772,-19.869092718332663,-6.549556646338883,-2.7664357681852185,0.013861273325098802,upper,0.1
718,phase2,upper,-15.0,2,-14.964395229872125,-20.60854899528772,-19.869092718332663,-6.549556646338883,-2.7664357681852185,0.006155805342265718,upper,0.1
719,phase2,upper,-15.0,2,-14.960265054096729,-20.60854899528772,-19.869092718332663,-6.549556646338883,-2.7664357681852185,0.002075105926811694,upper,0.1
720,phase2,upper,-15.0,2,-14.960085823758112,-20.60854899528772,-19.869092718332663,-6.549556646338883,-2.7664357681852185,-2.3293623364099023e-05,upper,0.1
721,phase2,upper,-15.0,2,-14.961956443189488,-20.60854899528772,-19.869092718332663,-6.549556646338883,-2.7664357681852185,-0.0010423701973737713,upper,0.1
722,phase2,upper,-15.0,2,-14.964822754027589,-20.60854899528772,-19.869092718332663,-6.549556646338883,-2.7664357681852185,-0.0014785321115866389,upper,0.1
723,phase2,upper,-15.0,2,-14.968100327425999,-20.60854899528772,-19.869092718332663,-6.549556646338883,-2.7664357681852185,-0.001604577609031508,upper,0.1
724,phase2,upper,-15.0,2,-14.971466381116668,-20.60854899528772,-19.869092718332663,-6.549556646338883,-2.7664357681852185,-0.0015702591598167753,upper,0.1
725,phase2,upper,-15.0,2,-14.97474472677858,-20.60854899528772,-19.869092718332663,-6.549556646338883,-2.7664357681852185,-0.0014575754371831543,upper,0.1
726,phase2,upper,-15.0,2,-14.977841931833312,-20.60854899528772,-19.869092718332663,-6.549556646338883,-2.7664357681852185,-0.0013111853163481823,upper,0.1
727,phase2,upper,-15.0,2,-14.980711711995804,-20.60854899528772,-19.869092718332663,-6.549556646338883,-2.7664357681852185,-0.0011551486460110835,upper,0.1
728,phase2,upper,-15.0,2,-14.983334917418762,-20.60854899528772,-19.869092718332663,-6.549556646338883,-2.7664357681852185,-0.0010021500289318728,upper,0.1
729,phase2,upper,-15.0,2,-14.985708160058962,-20.60854899528772,-19.869092718332663,-6.549556646338883,-2.7664357681852185,-0.0008585883063392607,upper,0.1
730,phase2,upper,-15.0,2,-14.98783725370661,-20.60854899528772,-19.869092718332663,-6.549556646338883,-2.7664357681852185,-0.0007273906928625533,upper,0.1
731,phase2,upper,-15.0,2,-14.989733355015522,-20.60854899528772,-19.869092718332663,-6.549556646338883,-2.7664357681852185,-0.0006095733566241258,upper,0.1
732,phase2,upper,-15.0,2,-14.991410637840483,-20.60854899528772,-19.869092718332663,-6.549556646338883,-2.7664357681852185,-0.00050511028192025,upper,0.1
733,phase2,upper,-15.0,2,-14.992884852510334,-20.60854899528772,-19.869092718332663,-6.549556646338883,-2.7664357681852185,-0.00041341951547535223,upper,0.1
734,phase2,upper,-15.0,2,-14.99417240766738,-20.60854899528772,-19.869092718332663,-6.549556646338883,-2.7664357681852185,-0.00033363700389235233,upper,0.1
735,phase2,lower,-20.0,4,-14.99417240766738,-20.784903640895717,-19.834883982967952,-6.43253849486395,-2.7130536830948513,0.028789690590325084,upper,0.1
736,phase2,upper,-15.0,2,-14.969078775253573,-20.784903640895717,-19.834883982967952,-6.43253849486395,-2.7130536830948513,0.014005658639854484,upper,0.1
737,phase2,upper,-15.0,2,-14.95798501274713,-20.784903640895717,-19.834883982967952,-6.43253849486395,-2.7130536830948513,0.006071155715384276,upper,0.1
738,phase2,upper,-15.0,2,-14.95445820776684,-20.784903640895717,-19.834883982967952,-6.43253849486395,-2.7130536830948513,0.0018887678476722746,upper,0.1
739,phase2,upper,-15.0,2,-14.954944481261041,-20.784903640895717,-19.834883982967952,-6.43253849486395,-2.7130536830948513,-0.00024400271149592023,upper,0.1
740,phase2,upper,-15.0,2,-14.957478456444331,-20.784903640895717,-19.834883982967952,-6.43253849486395,-2.7130536830948513,-0.0012629333439367588,upper,0.1
741,phase2,upper,-15.0,2,-14.96097304982647,-20.784903640895717,-19.834883982967952,-6.43253849486395,-2.7130536830948513,-0.0016822678416655579,upper,0.1
742,phase2,upper,-15.0,2,-14.964828234558373,-20.784903640895717,-19.834883982967952,-6.43253849486395,-2.7130536830948513,-0.0017844168169255017,upper,0.1
743,phase2,upper,-15.0,2,-14.96871518378235,-20.784903640895717,-19.834883982967952,-6.43253849486395,-2.7130536830948513,-0.0017242295355553129,upper,0.1
744,phase2,upper,-15.0,2,-14.972456894336101,-20.784903640895717,-19.834883982967952,-6.43253849486395,-2.7130536830948513,-0.001586325601494034,upper,0.1
745,phase2,upper,-15.0,2,-14.9759619319268,-20.784903640895717,-19.834883982967952,-6.43253849486395,-2.7130536830948513,-0.0014166317052071511,upper,0.1
746,phase2,upper,-15.0,2,-14.9791874646692,-20.784903640895717,-19.834883982967952,-6.43253849486395,-2.7130536830948513,-0.0012397407990531644,upper,0.1
747,phase2,upper,-15.0,2,-14.982118479612819,-20.784903640895717,-19.834883982967952,-6.43253849486395,-2.7130536830948513,-0.0010684767112575959,upper,0.1
748,phase2,upper,-15.0,2,-14.984755971286322,-20.784903640895717,-19.834883982967952,-6.43253849486395,-2.7130536830948513,-0.0009091715631282023,upper,0.1
749,phase2,upper,-15.0,2,-14.987110130423606,-20.784903640895717,-19.834883982967952,-6.43253849486395,-2.7130536830948513,-0.0007645835016012084,upper,0.1
750,phase2,upper,-15.0,2,-14.989196341442074,-20.784903640895717,-19.834883982967952,-6.43253849486395,-2.7130536830948513,-0.0006355142750439499,upper,0.1
751,phase2,upper,-15.0,2,-14.991032776242866,-20.784903640895717,-19.834883982967952,-6.43253849486395,-2.7130536830948513,-0.0005217092757165852,upper,0.1
752,phase2,upper,-15.0,2,-14.992638910596504,-20.784903640895717,-19.834883982967952,-6.43253849486395,-2.7130536830948513,-0.00042236061732077847,upper,0.1
753,phase2,upper,-15.0,2,-14.994034586135763,-20.784903640895717,-19.834883982967952,-6.43253849486395,-2.7130536830948513,-0.00033638979606179584,upper,0.1
754,phase2,upper,-15.0,2,-14.99523940477308,-20.784903640895717,-19.834883982967952,-6.43253849486395,-2.7130536830948513,-0.00026260731211979734,upper,0.1
755,phase2,upper,-15.0,2,-14.99627233305599,-20.784903640895717,-19.834883982967952,-6.43253849486395,-2.7130536830948513,-0.00019980308656614745,upper,0.1
756,phase2,upper,-15.0,2,-14.997151444456296,-20.784903640895717,-19.834883982967952,-6.43253849486395,-2.7130536830948513,-0.00014679754472197634,upper,0.1
757,phase2,upper,-15.0,2,-14.997893755923371,-20.784903640895717,-19.834883982967952,-6.43253849486395,-2.7130536830948513,-0.00010247003231059586,upper,0.1
758,phase2,upper,-15.0,2,-14.998515131144915,-20.784903640895717,-19.834883982967952,-6.43253849486395,-2.7130536830948513,-6.577394080926048e-05,upper,0.1
759,phase2,upper,-15.0,2,-14.999030232304705,-20.784903640895717,-19.834883982967952,-6.43253849486395,-2.7130536830948513,-3.5743881473506816e-05,upper,0.1
760,phase2,upper,-15.0,2,-14.999452507705183,-20.784903640895717,-19.834883982967952,-6.43253849486395,-2.7130536830948513,-1.1498001137288401e-05,upper,0.1
761,phase2,upper,-15.0,2,-14.999794206083573,-20.784903640895717,-19.834883982967952,-6.43253849486395,-2.7130536830948513,7.762726561252363e-06,upper,0.1
762,phase2,upper,-15.0,2,-15.000066410703269,-20.784903640895717,-19.834883982967952,-6.43253849486395,-2.7130536830948513,2.2757115146196776e-05,upper,0.1
763,phase2,upper,-15.0,2,-15.000279087850286,-20.784903640895717,-19.834883982967952,-6.43253849486395,-2.7130536830948513,3.4127577078094275e-05,upper,0.1
764,phase2,upper,-15.0,2,-15.000441145487379,-20.784903640895717,-19.834883982967952,-6.43253849486395,-2.7130536830948513,4.24446693585039e-05,upper,0.1
765,phase2,upper,-15.0,2,-15.00056049867253,-20.784903640895717,-19.834883982967952,-6.43253849486395,-2.7130536830948513,4.821205748857757e-05,upper,0.1
766,phase2,upper,-15.0,2,-15.00064413902351,-20.784903640895717,-19.834883982967952,-6.43253849486395,-2.7130536830948513,5.187167659023611e-05,upper,0.1
767,phase2,upper,-15.0,2,-15.000698206058058,-20.784903640895717,-19.834883982967952,-6.43253849486395,-2.7130536830948513,5.380893114750639e-05,upper,0.1
768,phase2,upper,-15.0,2,-15.000728058691513,-20.784903640895717,-19.834883982967952,-6.43253849486395,-2.7130536830948513,5.4357818437996494e-05,upper,0.1
769,phase2,upper,-15.0,2,-15.0007383455508,-20.784903640895717,-19.834883982967952,-6.43253849486395,-2.7130536830948513,5.38058924093711e-05,upper,0.1
770,phase2,upper,-15.0,2,-15.00073307307871,-20.784903640895717,-19.834883982967952,-6.43253849486395,-2.7130536830948513,5.239900860152303e-05,upper,0.1
771,phase2,upper,-15.0,2,-15.000715670665857,-20.784903640895717,-19.834883982967952,-6.43253849486395,-2.7130536830948513,5.0345809115911525e-05,upper,0.1
772,phase2,upper,-15.0,2,-15.00068905226677,-20.784903640895717,-19.834883982967952,-6.43253849486395,-2.7130536830948513,4.782192106304834e-05,upper,0.1
773,phase2,upper,-15.0,2,-15.00065567413768,-20.784903640895717,-19.834883982967952,-6.43253849486395,-2.7130536830948513,4.497385331202743e-05,upper,0.1
774,phase2,upper,-15.0,2,-15.000617588481992,-20.784903640895717,-19.834883982967952,-6.43253849486395,-2.7130536830948513,4.1922585359518747e-05,upper,0.1
775,phase2,upper,-15.0,2,-15.000576492909596,-20.784903640895717,-19.834883982967952,-6.43253849486395,-2.7130536830948513,3.8766849184398405e-05,upper,0.1
776,phase2,upper,-15.0,2,-15.000533775712228,-20.784903640895717,-19.834883982967952,-6.43253849486395,-2.7130536830948513,3.5586110408917145e-05,upper,0.1
777,phase2,upper,-15.0,2,-15.000490557032316,-20.784903640895717,-19.834883982967952,-6.43253849486395,-2.7130536830948513,3.244325921814243e-05,upper,0.1
778,phase2,upper,-15.0,2,-15.000447726060568,-20.784903640895717,-19.834883982967952,-6.43253849486395,-2.7130536830948513,2.938702452571023e-05,upper,0.1
779,phase2,lower,-20.0,4,-15.000447726060568,-20.939875226780867,-19.78648038956805,-6.315508354295582,-2.6622650632935794,0.0293230283197908,upper,0.1
780,phase2,upper,-15.0,2,-14.974041697274632,-20.939875226780867,-19.78648038956805,-6.315508354295582,-2.6622650632935794,0.014380338361683353,upper,0.1
781,phase2,upper,-15.0,2,-14.961873981425597,-20.939875226780867,-19.78648038956805,-6.315508354295582,-2.6622650632935794,0.006337329696347026,upper,0.1
782,phase2,upper,-15.0,2,-14.957458821697353,-20.939875226780867,-19.78648038956805,-6.315508354295582,-2.6622650632935794,0.0020774703238400794,upper,0.1
783,phase2,upper,-15.0,2,-14.957207003891176,-20.939875226780867,-19.78648038956805,-6.315508354295582,-2.6622650632935794,-0.00011266339672270334,upper,0.1
784,phase2,upper,-15.0,2,-14.959127912266322,-20.939875226780867,-19.78648038956805,-6.315508354295582,-2.6622650632935794,-0.0011752389290302727,upper,0.1
785,phase2,upper,-15.0,2,-14.962115251211891,-20.939875226780867,-19.78648038956805,-6.315508354295582,-2.6622650632935794,-0.0016283635553854263,upper,0.1
786,phase2,upper,-15.0,2,-14.965553566811097,-20.939875226780867,-19.78648038956805,-6.315508354295582,-2.6622650632935794,-0.0017568896498396055,upper,0.1
787,phase2,upper,-15.0,2,-14.96910114517411,-20.939875226780867,-19.78648038956805,-6.315508354295582,-2.6622650632935794,-0.0017172949330543157,upper,0.1
788,phase2,upper,-15.0,2,-14.972569933265039,-20.939875226780867,-19.78648038956805,-6.315508354295582,-2.6622650632935794,-0.0015953501233671745,upper,0.1
789,phase2,upper,-15.0,2,-14.97585887509366,-20.939875226780867,-19.78648038956805,-6.315508354295582,-2.6622650632935794,-0.001437842157915465,upper,0.1
790,phase2,upper,-15.0,2,-14.978916695045251,-20.939875226780867,-19.78648038956805,-6.315508354295582,-2.6622650632935794,-0.0012700378237167213,upper,0.1
791,phase2,upper,-15.0,2,-14.981720949779225,-20.939875226780867,-19.78648038956805,-6.315508354295582,-2.6622650632935794,-0.0011053078199269992,upper,0.1
792,phase2,upper,-15.0,2,-14.984266098358273,-20.939875226780867,-19.78648038956805,-6.315508354295582,-2.6622650632935794,-0.0009504388996874303,upper,0.1
793,phase2,upper,-15.0,2,-14.98655659782356,-20.939875226780867,-19.78648038956805,-6.315508354295582,-2.6622650632935794,-0.0008085727090974696,upper,0.1
794,phase2,upper,-15.0,2,-14.988602821812629,-20.939875226780867,-19.78648038956805,-6.315508354295582,-2.6622650632935794,-0.0006808369231716684,upper,0.1
795,phase2,upper,-15.0,2,-14.99041858417368,-20.939875226780867,-19.78648038956805,-6.315508354295582,-2.6622650632935794,-0.0005672546162574772,upper,0.1
796,phase2,upper,-15.0,2,-14.992019591063933,-20.939875226780867,-19.78648038956805,-6.315508354295582,-2.6622650632935794,-0.0004672542405498255,upper,0.1
797,phase2,upper,-15.0,2,-14.993422443251411,-20.939875226780867,-19.78648038956805,-6.315508354295582,-2.6622650632935794,-0.0003799577425629331,upper,0.1
798,phase2,upper,-15.0,2,-14.994643974872387,-20.939875226780867,-19.78648038956805,-6.315508354295582,-2.6622650632935794,-0.0003043447275732879,upper,0.1
799,phase2,upper,-15.0,2,-14.995700805938396,-20.939875226780867,-19.78648038956805,-6.315508354295582,-2.6622650632935794,-0.00023934679733185436,upper,0.1
