episode,phase,route,return,steps,q_start_right,q_start_down,q_shield_right,q_d1_right,q_d2_right,mood_M,greedy_route,epsilon
0,phase1,lower,-10.0,4,0.0,-0.25,-0.25,-0.25,-0.25,nan,upper,0.1
1,phase1,upper,-15.0,2,-1.25,-0.25,-0.25,-0.25,-0.25,nan,lower,0.1
2,phase1,lower,-10.0,4,-1.25,-0.5,-0.5,-0.5,-0.475,nan,lower,0.1
3,phase1,lower,-10.0,4,-1.25,-0.75,-0.75,-0.7475,-0.6775,nan,lower,0.1
4,phase1,lower,-10.0,4,-1.25,-1.0,-0.99975,-0.9905,-0.85975,nan,lower,0.1
5,phase1,lower,-10.0,4,-1.25,-1.249975,-1.248825,-1.227425,-1.023775,nan,lower,0.1
6,phase1,lower,-10.0,4,-1.25,-1.49986,-1.496685,-1.45706,-1.1713975,nan,upper,0.1
7,phase1,upper,-15.0,2,-2.4000000000000004,-1.49986,-1.496685,-1.45706,-1.1713975,nan,lower,0.1
8,phase1,lower,-10.0,4,-2.4000000000000004,-1.7495425,-1.7427225000000002,-1.6784937500000001,-1.30425775,nan,lower,0.1
9,phase1,lower,-10.0,4,-2.4000000000000004,-1.9988605000000002,-1.9862996250000002,-1.8910701500000002,-1.4238319750000001,nan,lower,0.1
10,phase1,lower,-10.0,4,-2.4000000000000004,-2.2476044125000003,-2.2267766775,-2.0943463325000002,-1.5314487775,nan,lower,0.1
11,phase1,lower,-10.0,4,-2.4000000000000004,-2.495521639,-2.4635336430000003,-2.2880565770000003,-1.6283038997500001,nan,upper,0.1
12,phase1,upper,-15.0,2,-3.4575000000000005,-2.495521639,-2.4635336430000003,-2.2880565770000003,-1.6283038997500001,nan,lower,0.1
13,phase1,lower,-10.0,4,-3.4575000000000005,-2.7423228394,-2.6959859364000005,-2.4720813092750005,-1.715473509775,nan,lower,0.1
14,phase1,lower,-10.0,4,-3.4575000000000005,-2.9876891491,-2.9235954736875005,-2.6464205293250003,-1.7939261587975,nan,lower,0.1
15,phase1,lower,-10.0,4,-3.4575000000000005,-3.23127978155875,-3.1458779792512503,-2.81117109227225,-1.8645335429177499,nan,lower,0.1
16,phase1,lower,-10.0,4,-3.4575000000000005,-3.472739601328,-3.3624072905533504,-2.9665073373368003,-1.9280801886259749,nan,upper,0.1
17,phase1,upper,-15.0,2,-4.429500000000001,-3.472739601328,-3.3624072905533504,-2.9665073373368003,-1.9280801886259749,nan,lower,0.1
18,phase1,lower,-10.0,4,-4.429500000000001,-3.711706370250535,-3.5728172952316952,-3.1126646224657177,-1.9852721697633773,nan,lower,0.1
19,phase1,lower,-10.0,4,-4.429500000000001,-3.947817462748651,-3.7768020279550973,-3.2499253771954835,-2.0367449527870396,nan,lower,0.1
20,phase1,lower,-10.0,4,-4.429500000000001,-4.1807159192692955,-3.9741143628791358,-3.378607334754639,-2.0830704575083354,nan,lower,0.1
21,phase1,lower,-10.0,4,-4.429500000000001,-4.41005576363028,-4.164563660066686,-3.4990536470300087,-2.124763411757502,nan,lower,0.1
22,phase1,lower,-10.0,4,-4.429500000000001,-4.63550655327392,-4.348012658763018,-3.611624623502758,-2.162287070581752,nan,upper,0.1
23,phase1,upper,-15.0,2,-5.322525000000001,-4.63550655327392,-4.348012658763018,-3.611624623502758,-2.162287070581752,nan,lower,0.1
24,phase1,lower,-10.0,4,-5.322525000000001,-4.85675716382283,-4.524373855236992,-3.7166908682106574,-2.196058363523577,nan,lower,0.1
25,phase1,lower,-10.0,4,-5.322525000000001,-5.073518832964246,-4.693605556534359,-3.8146276177419494,-2.226452527171219,nan,lower,0.1
26,phase1,lower,-10.0,4,-5.322525000000001,-5.285527505321257,-4.855707762655118,-3.9058101086848764,-2.2538072744540973,nan,lower,0.1
27,phase1,lower,-10.0,4,-5.322525000000001,-5.492545531054643,-5.010717997258094,-3.9906098252617985,-2.2784265470086877,nan,upper,0.1
28,phase1,upper,-15.0,2,-6.142650000000001,-5.492545531054643,-5.010717997258094,-3.9906098252617985,-2.2784265470086877,nan,lower,0.1
29,phase1,lower,-10.0,4,-6.142650000000001,-5.694362777674987,-5.158707180058465,-4.069391497436487,-2.300583892307819,nan,lower,0.1
30,phase1,lower,-10.0,4,-6.142650000000001,-5.890797217913335,-5.299775611796267,-4.1425107369236205,-2.320525503077037,nan,lower,0.1
31,phase1,lower,-10.0,4,-6.142650000000001,-6.081695057301628,-5.434049124309003,-4.210312213538963,-2.338472952769333,nan,lower,0.1
32,phase1,lower,-10.0,4,-6.142650000000001,-6.266930464002366,-5.561675433231999,-4.273128287462,-2.3546256574923996,nan,upper,0.1
33,phase1,upper,-15.0,2,-6.895524750000001,-6.266930464002366,-5.561675433231999,-4.273128287462,-2.3546256574923996,nan,lower,0.1
34,phase1,lower,-10.0,4,-6.895524750000001,-6.446404960925329,-5.682820718654999,-4.33127802446504,-2.3691630917431596,nan,lower,0.1
35,phase1,lower,-10.0,4,-6.895524750000001,-6.620046536698296,-5.7976664492360035,-4.385066531192852,-2.382246782568844,nan,lower,0.1
36,phase1,lower,-10.0,4,-6.895524750000001,-6.787808527952067,-5.906406457431689,-4.434784556330451,-2.3940221043119596,nan,lower,0.1
37,phase1,lower,-10.0,4,-6.895524750000001,-6.949668320900029,-6.009244267321565,-4.480708311128602,-2.4046198938807635,nan,upper,0.1
38,phase1,upper,-15.0,2,-7.586398050000001,-6.949668320900029,-6.009244267321565,-4.480708311128602,-2.4046198938807635,nan,lower,0.1
39,phase1,lower,-10.0,4,-7.586398050000001,-7.105625915542182,-6.106390671702268,-4.523099469403818,-2.4141579044926873,nan,lower,0.1
40,phase1,lower,-10.0,4,-7.586398050000001,-7.255702391158191,-6.198061551472423,-4.562205312912705,-2.4227421140434187,nan,lower,0.1
41,phase1,lower,-10.0,4,-7.586398050000001,-7.399938307189614,-6.284475927616452,-4.598258993025777,-2.430467902639077,nan,lower,0.1
42,phase1,lower,-10.0,4,-7.586398050000001,-7.538392069232298,-6.365854234157384,-4.631479883987106,-2.4374211123751692,nan,lower,0.1
43,phase1,lower,-10.0,4,-7.586398050000001,-7.6711382857248065,-6.442416799140356,-4.662074006825913,-2.443679001137652,nan,upper,0.1
44,phase1,lower,-10.0,4,-7.586398050000001,-7.798266137066362,-6.514382519908912,-4.690234506257086,-2.449311101023887,nan,upper,0.1
45,phase1,upper,-15.0,2,-8.220141442500001,-7.798266137066362,-6.514382519908912,-4.690234506257086,-2.449311101023887,nan,lower,0.1
46,phase1,lower,-10.0,4,-8.220141442500001,-7.919877775350617,-6.581967718543729,-4.716142165733766,-2.454379990921498,nan,lower,0.1
47,phase1,lower,-10.0,4,-8.220141442500001,-8.036086769669929,-6.645385163262732,-4.739965948252539,-2.4589419918293483,nan,lower,0.1
48,phase1,lower,-10.0,4,-8.220141442500001,-8.147016609029208,-6.704843241761713,-4.761863552610221,-2.4630477926464134,nan,lower,0.1
49,phase1,lower,-10.0,4,-8.220141442500001,-8.25279927230246,-6.760545272846564,-4.78198197661384,-2.4667430133817723,nan,upper,0.1
50,phase1,upper,-15.0,2,-8.801272176000001,-8.25279927230246,-6.760545272846564,-4.78198197661384,-2.4667430133817723,nan,lower,0.1
51,phase1,lower,-10.0,4,-8.801272176000001,-8.35357387235687,-6.812688943223291,-4.800458080290633,-2.470068712043595,nan,lower,0.1
52,phase1,lower,-10.0,4,-8.801272176000001,-8.449485379443512,-6.8614658569300255,-4.817419143465929,-2.4730618408392355,nan,lower,0.1
53,phase1,upper,-15.0,2,-9.333975348375,-8.449485379443512,-6.8614658569300255,-4.817419143465929,-2.4730618408392355,nan,lower,0.1
54,phase1,lower,-10.0,4,-9.333975348375,-8.540683427192164,-6.907061185583616,-4.83298341320326,-2.475755656755312,nan,lower,0.1
55,phase1,lower,-10.0,4,-9.333975348375,-8.62732120303131,-6.94965340834558,-4.847260637558465,-2.4781800910797807,nan,lower,0.1
56,phase1,lower,-10.0,4,-9.333975348375,-8.709554423562736,-6.9894141312668685,-4.860352582910597,-2.4803620819718026,nan,lower,0.1
57,phase1,lower,-10.0,4,-9.333975348375,-8.78754039433315,-7.026507976431241,-4.872353532816717,-2.4823258737746223,nan,lower,0.1
58,phase1,upper,-15.0,2,-9.822125164515,-8.78754039433315,-7.026507976431241,-4.872353532816717,-2.4823258737746223,nan,lower,0.1
59,phase1,lower,-10.0,4,-9.822125164515,-8.861437152542958,-7.061092532069789,-4.883350766912508,-2.48409328639716,nan,lower,0.1
60,phase1,lower,-10.0,4,-9.822125164515,-8.931402690495641,-7.093318355554061,-4.893425018860973,-2.485683957757444,nan,lower,0.1
61,phase1,lower,-10.0,4,-9.822125164515,-8.997594257001483,-7.123329021884752,-4.90265091275062,-2.4871155619816996,nan,lower,0.1
62,phase1,lower,-10.0,4,-9.822125164515,-9.06016773348981,-7.151261210971339,-4.911097377673729,-2.4884040057835297,nan,lower,0.1
63,phase1,lower,-10.0,4,-9.822125164515,-9.119277081237962,-7.177244827641578,-4.9188280404847085,-2.4895636052051766,nan,lower,0.1
64,phase1,lower,-10.0,4,-9.822125164515,-9.175073855878324,-7.201403148925891,-4.925901596956756,-2.490607244684659,nan,lower,0.1
65,phase1,lower,-10.0,4,-9.822125164515,-9.22770678518308,-7.223852993728977,-4.932372161729546,-2.4915465202161933,nan,lower,0.1
66,phase1,lower,-10.0,4,-9.822125164515,-9.27732140603767,-7.244704910529034,-4.938289597578211,-2.492391868194574,nan,lower,0.1
67,phase1,lower,-10.0,4,-9.822125164515,-9.324059756486806,-7.264063379233952,-4.943699824639848,-2.4931526813751166,nan,lower,0.1
68,phase1,lower,-10.0,4,-9.822125164515,-9.36806011876152,-7.282027023774542,-4.948645110313374,-2.493837413237605,nan,lower,0.1
69,phase1,lower,-10.0,4,-9.822125164515,-9.409456809262823,-7.298688832428425,-4.953164340605797,-2.4944536719138446,nan,lower,0.1
70,phase1,lower,-10.0,4,-9.822125164515,-9.448380011579383,-7.314136383246162,-4.957293273736601,-2.49500830472246,nan,lower,0.1
71,phase1,lower,-10.0,4,-9.822125164515,-9.48495564874606,-7.328452072295207,-4.961064776835187,-2.495507474250214,nan,lower,0.1
72,phase1,lower,-10.0,4,-9.822125164515,-9.519305291100975,-7.3417133427492045,-4.96450904657669,-2.4959567268251925,nan,lower,0.1
73,phase1,lower,-10.0,4,-9.822125164515,-9.551546096265799,-7.353992913131953,-4.96765381460154,-2.4963610541426733,nan,lower,0.1
74,phase1,lower,-10.0,4,-9.822125164515,-9.581790777952415,-7.365359003278912,-4.970524538555654,-2.496724948728406,nan,lower,0.1
75,phase1,lower,-10.0,4,-9.822125164515,-9.610147600485064,-7.375875556806586,-4.973144579572929,-2.4970524538555656,nan,lower,0.1
76,phase1,lower,-10.0,4,-9.822125164515,-9.636720396117216,-7.385602459083221,-4.975535367001193,-2.4973472084700092,nan,lower,0.1
77,phase1,lower,-10.0,4,-9.822125164515,-9.661608602413816,-7.394595749875018,-4.977716551148075,-2.4976124876230084,nan,lower,0.1
78,phase1,lower,-10.0,4,-9.822125164515,-9.684907317159936,-7.402907830002324,-4.979706144795568,-2.4978512388607075,nan,lower,0.1
79,phase1,lower,-10.0,4,-9.822125164515,-9.706707368444174,-7.410587661481648,-4.981520654202082,-2.4980661149746366,nan,lower,0.1
80,phase1,lower,-10.0,4,-9.822125164515,-9.727095397747922,-7.417680960753691,-4.983175200279337,-2.498259503477173,nan,lower,0.1
81,phase1,lower,-10.0,4,-9.822125164515,-9.746153954048498,-7.424230384706255,-4.984683630599121,-2.4984335531294555,nan,lower,0.1
82,phase1,lower,-10.0,4,-9.822125164515,-9.763961597114275,-7.430275709295541,-4.986058622852155,-2.49859019781651,nan,lower,0.1
83,phase1,lower,-10.0,4,-9.822125164515,-9.780593008332401,-7.435854000651203,-4.98731178034859,-2.498731178034859,nan,lower,0.1
84,phase1,lower,-10.0,4,-9.822125164515,-9.796119107564282,-7.440999778620942,-4.988453720117217,-2.498858060231373,nan,lower,0.1
85,phase1,lower,-10.0,4,-9.822125164515,-9.810607174669947,-7.445745172770569,-4.989494154128633,-2.4989722542082355,nan,lower,0.1
86,phase1,upper,-15.0,2,-10.26930526394325,-9.810607174669947,-7.445745172770569,-4.989494154128633,-2.4989722542082355,nan,lower,0.1
87,phase1,lower,-10.0,4,-10.26930526394325,-9.824120974480008,-7.450120070906375,-4.990441964136593,-2.499075028787412,nan,lower,0.1
88,phase1,lower,-10.0,4,-10.26930526394325,-9.836720884122645,-7.454152260229397,-4.991305270601675,-2.4991675259086708,nan,lower,0.1
89,phase1,lower,-10.0,4,-10.26930526394325,-9.84846402173332,-7.4578675612666245,-4.992091496132375,-2.4992507733178035,nan,lower,0.1
90,phase1,lower,-10.0,4,-10.26930526394325,-9.859404375686651,-7.4612899547532,-4.992807423850918,-2.4993256959860233,nan,lower,0.1
91,phase1,lower,-10.0,4,-10.26930526394325,-9.869592933593307,-7.464441701662972,-4.9934592510644285,-2.499393126387421,nan,lower,0.1
92,phase1,lower,-10.0,4,-10.26930526394325,-9.879077810400274,-7.467343456603118,-4.994052638596727,-2.499453813748679,nan,lower,0.1
93,phase1,lower,-10.0,4,-10.26930526394325,-9.887904375020558,-7.470014374802479,-4.994592756111922,-2.499508432373811,nan,lower,0.1
94,phase1,lower,-10.0,4,-10.26930526394325,-9.89611537499875,-7.472472212933424,-4.995084323738111,-2.49955758913643,nan,lower,0.1
95,phase1,lower,-10.0,4,-10.26930526394325,-9.903751058792217,-7.474733424013892,-4.995531650277943,-2.499601830222787,nan,lower,0.1
96,phase1,lower,-10.0,4,-10.26930526394325,-9.910849295314385,-7.4768132466402975,-4.995938668272427,-2.4996416472005083,nan,lower,0.1
97,phase1,lower,-10.0,4,-10.26930526394325,-9.917445690446977,-7.47872578880351,-4.996308966165236,-2.4996774824804575,nan,lower,0.1
98,phase1,lower,-10.0,4,-10.26930526394325,-9.92357370028263,-7.4804841065396825,-4.996645817796758,-2.499709734232412,nan,lower,0.1
99,phase1,lower,-10.0,4,-10.26930526394325,-9.929264740908335,-7.48210027766539,-4.996952209440324,-2.4997387608091706,nan,lower,0.1
100,phase1,lower,-10.0,4,-10.26930526394325,-9.93454829458404,-7.4835854708428835,-4.997230864577209,-2.4997648847282536,nan,lower,0.1
101,phase1,lower,-10.0,4,-10.26930526394325,-9.939452012209925,-7.484950010216316,-4.997484266592314,-2.499788396255428,nan,lower,0.1
102,phase1,lower,-10.0,4,-10.26930526394325,-9.944001812010564,-7.486203435853916,-4.997714679558625,-2.4998095566298852,nan,lower,0.1
103,phase1,lower,-10.0,4,-10.26930526394325,-9.9482219743949,-7.487354560224387,-4.997924167265751,-2.4998286009668966,nan,lower,0.1
104,phase1,lower,-10.0,4,-10.26930526394325,-9.952135232977849,-7.488411520928523,-4.998114610635866,-2.499845740870207,nan,lower,0.1
105,phase1,lower,-10.0,4,-10.26930526394325,-9.955762861772916,-7.489381829899257,-4.9982877236593,-2.4998611667831865,nan,lower,0.1
106,phase1,lower,-10.0,4,-10.26930526394325,-9.959124758585551,-7.490272419275261,-4.998445067971689,-2.4998750501048677,nan,lower,0.1
107,phase1,lower,-10.0,4,-10.26930526394325,-9.962239524654521,-7.491089684144904,-4.998588066185007,-2.499887545094381,nan,lower,0.1
108,phase1,lower,-10.0,4,-10.26930526394325,-9.96512454060356,-7.491839522348914,-4.998718014075944,-2.499898790584943,nan,lower,0.1
109,phase1,lower,-10.0,4,-10.26930526394325,-9.967796038778095,-7.492527371521617,-4.998836091726844,-2.4999089115264486,nan,lower,0.1
110,phase1,lower,-10.0,4,-10.26930526394325,-9.970269172052447,-7.4931582435421396,-4.998943373706804,-2.4999180203738036,nan,lower,0.1
111,phase1,upper,-15.0,2,-10.6788280918407,-9.970269172052447,-7.4931582435421396,-4.998943373706804,-2.4999180203738036,nan,lower,0.1
112,phase1,lower,-10.0,4,-10.6788280918407,-9.972558079201416,-7.493736756558606,-4.999040838373504,-2.499926218336423,nan,lower,0.1
113,phase1,lower,-10.0,4,-10.6788280918407,-9.974675946937136,-7.494267164740096,-4.999129376369796,-2.499933596502781,nan,lower,0.1
114,phase1,lower,-10.0,4,-10.6788280918407,-9.976635068717432,-7.494753385903066,-4.999209798383094,-2.499940236852503,nan,lower,0.1
115,phase1,lower,-10.0,4,-10.6788280918407,-9.978446900435996,-7.495199027151069,-4.999282842230035,-2.4999462131672527,nan,lower,0.1
116,phase1,lower,-10.0,4,-10.6788280918407,-9.980122113107504,-7.495607408658966,-4.999349179323756,-2.4999515918505275,nan,lower,0.1
117,phase1,lower,-10.0,4,-10.6788280918407,-9.98167064266265,-7.495981585725445,-4.999409420576433,-2.4999564326654746,nan,lower,0.1
118,phase1,lower,-10.0,4,-10.6788280918407,-9.98310173696893,-7.4963243692105435,-4.999464121785337,-2.4999607893989273,nan,lower,0.1
119,phase1,lower,-10.0,4,-10.6788280918407,-9.98442400019309,-7.496638344468023,-4.999513788546696,-2.4999647104590346,nan,lower,0.1
120,phase1,lower,-10.0,4,-10.6788280918407,-9.985645434620583,-7.49692588887589,-4.999558880737929,-2.499968239413131,nan,lower,0.1
121,phase1,lower,-10.0,4,-10.6788280918407,-9.986773480046114,-7.4971891880620944,-4.99959981660545,-2.499971415471818,nan,lower,0.1
122,phase1,lower,-10.0,4,-10.6788280918407,-9.987815050847713,-7.49743025091643,-4.999636976492087,-2.499974273924636,nan,lower,0.1
123,phase1,lower,-10.0,4,-10.6788280918407,-9.988776570854585,-7.497650923473996,-4.999670706235342,-2.499976846532172,nan,lower,0.1
124,phase1,lower,-10.0,4,-10.6788280918407,-9.989664006116525,-7.4978529017501305,-4.999701320265025,-2.499979161878955,nan,lower,0.1
125,phase1,lower,-10.0,4,-10.6788280918407,-9.990482895679886,-7.49803774360162,-4.999729104426418,-2.4999812456910595,nan,lower,0.1
126,phase1,lower,-10.0,4,-10.6788280918407,-9.99123838047206,-7.4982068796841,-4.999754318552882,-2.4999831211219536,nan,lower,0.1
127,phase1,lower,-10.0,4,-10.6788280918407,-9.991935230393263,-7.498361623570979,-4.999777198809789,-2.4999848090097583,nan,lower,0.1
128,phase1,lower,-10.0,4,-10.6788280918407,-9.992577869711035,-7.4985031810948595,-4.999797959829786,-2.4999863281087826,nan,lower,0.1
129,phase1,lower,-10.0,4,-10.6788280918407,-9.993170400849417,-7.4986326589683525,-4.999816796657686,-2.4999876952979045,nan,lower,0.1
130,phase1,lower,-10.0,4,-10.6788280918407,-9.99371662666131,-7.498751072737286,-4.999833886521707,-2.4999889257681143,nan,lower,0.1
131,phase1,lower,-10.0,4,-10.6788280918407,-9.994220071268908,-7.498859354115728,-4.999849390446348,-2.499990033191303,nan,lower,0.1
132,phase1,lower,-10.0,4,-10.6788280918407,-9.99468399955359,-7.498958357748791,-4.999863454720844,-2.499991029872173,nan,lower,0.1
133,phase1,lower,-10.0,4,-10.6788280918407,-9.99511143537311,-7.499048867445996,-4.999876212235977,-2.4999919268849555,nan,lower,0.1
134,phase1,lower,-10.0,4,-10.6788280918407,-9.995505178580398,-7.4991316019249945,-4.999887783700875,-2.49999273419646,nan,lower,0.1
135,phase1,lower,-10.0,4,-10.6788280918407,-9.995867820914858,-7.499207220102583,-4.999898278750433,-2.499993460776814,nan,lower,0.1
136,phase1,lower,-10.0,4,-10.6788280918407,-9.996201760833632,-7.499276325967368,-4.999907796953071,-2.4999941146991325,nan,lower,0.1
137,phase1,lower,-10.0,4,-10.6788280918407,-9.996509217347006,-7.499339473065938,-4.999916428727677,-2.4999947032292194,nan,lower,0.1
138,phase1,lower,-10.0,4,-10.6788280918407,-9.996792242918898,-7.499397168632112,-4.999924256177831,-2.4999952329062975,nan,lower,0.1
139,phase1,lower,-10.0,4,-10.6788280918407,-9.99705273549022,-7.499449877386684,-4.999931353850678,-2.4999957096156677,nan,lower,0.1
140,phase1,lower,-10.0,4,-10.6788280918407,-9.997292449679867,-7.499498025033083,-4.999937789427177,-2.499996138654101,nan,lower,0.1
141,phase1,upper,-15.0,2,-11.053753301519228,-9.997292449679867,-7.499498025033083,-4.999937789427177,-2.499996138654101,nan,lower,0.1
142,phase1,lower,-10.0,4,-11.053753301519228,-9.997513007215188,-7.499542001472492,-4.99994362434987,-2.499996524788691,nan,lower,0.1
143,phase1,lower,-10.0,4,-11.053753301519228,-9.997715906640918,-7.4995821637602305,-4.999948914393752,-2.499996872309822,nan,lower,0.1
144,phase1,lower,-10.0,4,-11.053753301519228,-9.99790253235285,-7.499618838823583,-4.999953710185359,-2.49999718507884,nan,lower,0.1
145,phase1,lower,-10.0,4,-11.053753301519228,-9.998074162999924,-7.499652325959761,-4.999958057674707,-2.4999974665709557,nan,lower,0.1
146,phase1,lower,-10.0,4,-11.053753301519228,-9.998231979295907,-7.499682899131256,-4.999961998564332,-2.49999771991386,nan,lower,0.1
147,phase1,lower,-10.0,4,-11.053753301519228,-9.998377071279442,-7.499710809074563,-4.999965570699286,-2.4999979479224743,nan,lower,0.1
148,phase1,lower,-10.0,4,-11.053753301519228,-9.998510445058955,-7.499736285237035,-4.999968808421604,-2.499998153130227,nan,lower,0.1
149,phase1,lower,-10.0,4,-11.053753301519228,-9.998633029076762,-7.499759537555493,-4.999971742892466,-2.499998337817204,nan,lower,0.1
150,phase1,lower,-10.0,4,-11.053753301519228,-9.998745679924635,-7.49978075808919,-4.9999744023849395,-2.4999985040354837,nan,lower,0.1
151,phase1,lower,-10.0,4,-11.053753301519228,-9.99884918774109,-7.499800122518765,-4.999976812549994,-2.4999986536319354,nan,lower,0.1
152,phase1,lower,-10.0,4,-11.053753301519228,-9.998944281218858,-7.499817791521888,-4.999978996658188,-2.499998788268742,nan,lower,0.1
153,phase1,lower,-10.0,4,-11.053753301519228,-9.99903163224916,-7.499833912035518,-4.999980975819243,-2.4999989094418678,nan,lower,0.1
154,phase1,upper,-15.0,2,-11.396905188343643,-9.99903163224916,-7.499833912035518,-4.999980975819243,-2.4999989094418678,nan,lower,0.1
155,phase1,lower,-10.0,4,-11.396905188343643,-9.999111860227796,-7.499848618413891,-4.999982769181505,-2.499999018497681,nan,lower,0.1
156,phase1,lower,-10.0,4,-11.396905188343643,-9.999185536046404,-7.499862033490652,-4.999984394113123,-2.499999116647913,nan,lower,0.1
157,phase1,lower,-10.0,4,-11.396905188343643,-9.99925318579083,-7.499874269552899,-4.999985866366602,-2.499999204983122,nan,lower,0.1
158,phase1,lower,-10.0,4,-11.396905188343643,-9.999315294167037,-7.499885429234269,-4.999987200228254,-2.49999928448481,nan,lower,0.1
159,phase1,lower,-10.0,4,-11.396905188343643,-9.99937230767376,-7.499895606333668,-4.99998840865391,-2.4999993560363287,nan,lower,0.1
160,phase1,upper,-15.0,2,-11.710889164787982,-9.99937230767376,-7.499895606333668,-4.99998840865391,-2.4999993560363287,nan,lower,0.1
161,phase1,lower,-10.0,4,-11.710889164787982,-9.99942463753975,-7.499904886565693,-4.999989503392152,-2.4999994204326956,nan,lower,0.1
162,phase1,lower,-10.0,4,-11.710889164787982,-9.999472662442344,-7.499913348248339,-4.999990495096206,-2.499999478389426,nan,lower,0.1
163,phase1,lower,-10.0,4,-11.710889164787982,-9.999516731022943,-7.499921062933126,-4.999991393425528,-2.4999995305504834,nan,lower,0.1
164,phase1,lower,-10.0,4,-11.710889164787982,-9.999557164213961,-7.499928095982366,-4.999992207138024,-2.499999577495435,nan,lower,0.1
165,phase1,lower,-10.0,4,-11.710889164787982,-9.999594257390802,-7.499934507097931,-4.999992944173765,-2.4999996197458914,nan,lower,0.1
166,phase1,lower,-10.0,4,-11.710889164787982,-9.999628282361515,-7.499940350805515,-4.999993611730977,-2.499999657771302,nan,lower,0.1
167,phase1,lower,-10.0,4,-11.710889164787982,-9.999659489205914,-7.4999456768980615,-4.9999942163350095,-2.499999691994172,nan,lower,0.1
168,phase1,lower,-10.0,4,-11.710889164787982,-9.999688107975128,-7.4999505308417564,-4.999994763900926,-2.499999722794755,nan,lower,0.1
169,phase1,lower,-10.0,4,-11.710889164787982,-9.99971435026179,-7.4999549541476735,-4.999995259790309,-2.4999997505152796,nan,lower,0.1
170,phase1,lower,-10.0,4,-11.710889164787982,-9.999738410650378,-7.499958984711937,-4.999995708862806,-2.4999997754637517,nan,lower,0.1
171,phase1,lower,-10.0,4,-11.710889164787982,-9.999760468056534,-7.499962657127024,-4.999996115522901,-2.4999997979173765,nan,lower,0.1
172,phase1,lower,-10.0,4,-11.710889164787982,-9.999780686963582,-7.4999660029666115,-4.999996483762349,-2.4999998181256387,nan,lower,0.1
173,phase1,lower,-10.0,4,-11.710889164787982,-9.999799218563885,-7.499969051046185,-4.999996817198678,-2.4999998363130747,nan,lower,0.1
174,phase1,lower,-10.0,4,-11.710889164787982,-9.999816201812115,-7.499971827661435,-4.999997119110118,-2.4999998526817673,nan,lower,0.1
175,phase1,lower,-10.0,4,-11.710889164787982,-9.999831764397047,-7.4999743568063035,-4.999997392467283,-2.4999998674135906,nan,lower,0.1
176,phase1,lower,-10.0,4,-11.710889164787982,-9.999846023637973,-7.499976660372401,-4.999997639961914,-2.4999998806722314,nan,lower,0.1
177,phase1,lower,-10.0,4,-11.710889164787982,-9.999859087311416,-7.499978758331353,-4.999997864032946,-2.4999998926050084,nan,lower,0.1
178,phase1,lower,-10.0,4,-11.710889164787982,-9.99987105441341,-7.499980668901512,-4.999998066890153,-2.4999999033445075,nan,lower,0.1
179,phase1,lower,-10.0,4,-11.710889164787982,-9.99988201586222,-7.499982408700376,-4.999998250535588,-2.4999999130100568,nan,lower,0.1
180,phase1,lower,-10.0,4,-11.710889164787982,-9.999892055146034,-7.499983992883897,-4.999998416783035,-2.499999921709051,nan,lower,0.1
181,phase1,lower,-10.0,4,-11.710889164787982,-9.999901248919821,-7.499985435273811,-4.999998567275637,-2.499999929538146,nan,lower,0.1
182,phase1,lower,-10.0,4,-11.710889164787982,-9.99990966755522,-7.499986748473994,-4.999998703501888,-2.4999999365843313,nan,lower,0.1
183,phase1,upper,-15.0,2,-11.998107294060018,-9.99990966755522,-7.499986748473994,-4.999998703501888,-2.4999999365843313,nan,lower,0.1
184,phase1,lower,-10.0,4,-11.998107294060018,-9.999917375647097,-7.499987943976783,-4.999998826810132,-2.499999942925898,nan,lower,0.1
185,phase1,lower,-10.0,4,-11.998107294060018,-9.999924432480066,-7.4999890322601175,-4.999998938421709,-2.499999948633308,nan,lower,0.1
186,phase1,lower,-10.0,4,-11.998107294060018,-9.999930892458071,-7.499990022876276,-4.999999039442869,-2.4999999537699775,nan,lower,0.1
187,phase1,lower,-10.0,4,-11.998107294060018,-9.99993680549989,-7.499990924532936,-4.9999991308755805,-2.49999995839298,nan,lower,0.1
188,phase1,lower,-10.0,4,-11.998107294060018,-9.999942217403195,-7.4999917451672005,-4.99999921362732,-2.499999962553682,nan,lower,0.1
189,phase1,lower,-10.0,4,-11.998107294060018,-9.999947170179595,-7.499992492013212,-4.999999288519956,-2.4999999662983137,nan,lower,0.1
190,phase1,lower,-10.0,4,-11.998107294060018,-9.999951702362956,-7.499993171663887,-4.999999356297792,-2.4999999696684823,nan,lower,0.1
191,phase1,lower,-10.0,4,-11.998107294060018,-9.99995584929305,-7.499993790127277,-4.999999417634861,-2.499999972701634,nan,lower,0.1
192,phase1,lower,-10.0,4,-11.998107294060018,-9.999959643376473,-7.499994352878035,-4.999999473141538,-2.4999999754314706,nan,lower,0.1
193,phase1,lower,-10.0,4,-11.998107294060018,-9.99996311432663,-7.4999948649043855,-4.999999523370532,-2.4999999778883235,nan,lower,0.1
194,phase1,lower,-10.0,4,-11.998107294060018,-9.999966289384405,-7.499995330751,-4.999999568822311,-2.499999980099491,nan,lower,0.1
195,phase1,lower,-10.0,4,-11.998107294060018,-9.999969193521064,-7.499995754558131,-4.999999609950029,-2.499999982089542,nan,lower,0.1
196,phase1,lower,-10.0,4,-11.998107294060018,-9.999971849624771,-7.499996140097321,-4.99999964716398,-2.499999983880588,nan,lower,0.1
197,phase1,lower,-10.0,4,-11.998107294060018,-9.999974278672026,-7.499996490803987,-4.999999680835641,-2.499999985492529,nan,lower,0.1
198,phase1,lower,-10.0,4,-11.998107294060018,-9.999976499885221,-7.499996809807152,-4.99999971130133,-2.4999999869432763,nan,lower,0.1
199,phase1,lower,-10.0,4,-11.998107294060018,-9.999978530877414,-7.49999709995657,-4.999999738865524,-2.4999999882489488,nan,lower,0.1
200,phase1,lower,-10.0,4,-11.998107294060018,-9.99998038778533,-7.4999973638474655,-4.999999763803866,-2.4999999894240537,nan,lower,0.1
201,phase1,lower,-10.0,4,-11.998107294060018,-9.999982085391544,-7.499997603843106,-4.999999786365885,-2.499999990481648,nan,lower,0.1
202,phase1,lower,-10.0,4,-11.998107294060018,-9.9999836372367,-7.499997822095383,-4.999999806777462,-2.499999991433483,nan,lower,0.1
203,phase1,lower,-10.0,4,-11.998107294060018,-9.999985055722568,-7.499998020563591,-4.999999825243064,-2.499999992290135,nan,lower,0.1
204,phase1,upper,-15.0,2,-12.260772905829766,-9.999985055722568,-7.499998020563591,-4.999999825243064,-2.499999992290135,nan,lower,0.1
205,phase1,lower,-10.0,4,-12.260772905829766,-9.99998635220667,-7.499998201031539,-4.999999841947771,-2.499999993061121,nan,lower,0.1
206,phase1,lower,-10.0,4,-12.260772905829766,-9.999987537089158,-7.499998365123162,-4.999999857059106,-2.4999999937550093,nan,lower,0.1
207,phase1,lower,-10.0,4,-12.260772905829766,-9.999988619892559,-7.499998514316756,-4.999999870728697,-2.4999999943795084,nan,lower,0.1
208,phase1,lower,-10.0,4,-12.260772905829766,-9.999989609334978,-7.49999864995795,-4.999999883093778,-2.4999999949415574,nan,lower,0.1
209,phase1,lower,-10.0,4,-12.260772905829766,-9.999990513397275,-7.499998773271533,-4.999999894278556,-2.4999999954474017,nan,lower,0.1
210,phase1,lower,-10.0,4,-12.260772905829766,-9.999991339384701,-7.499998885372235,-4.99999990439544,-2.4999999959026615,nan,lower,0.1
211,phase1,lower,-10.0,4,-12.260772905829766,-9.999992093983455,-7.499998987274555,-4.999999913546162,-2.4999999963123956,nan,lower,0.1
212,phase1,lower,-10.0,4,-12.260772905829766,-9.999992783312564,-7.499999079901716,-4.999999921822785,-2.499999996681156,nan,lower,0.1
213,phase1,lower,-10.0,4,-12.260772905829766,-9.99999341297148,-7.499999164093823,-4.999999929308622,-2.4999999970130404,nan,lower,0.1
214,phase1,lower,-10.0,4,-12.260772905829766,-9.999993988083713,-7.499999240615303,-4.999999936079064,-2.499999997311736,nan,lower,0.1
215,phase1,lower,-10.0,4,-12.260772905829766,-9.99999451333687,-7.499999310161678,-4.999999942202331,-2.4999999975805625,nan,lower,0.1
216,phase1,lower,-10.0,4,-12.260772905829766,-9.999994993019351,-7.4999993733657435,-4.999999947740155,-2.4999999978225063,nan,lower,0.1
217,phase1,lower,-10.0,4,-12.260772905829766,-9.999995431053991,-7.499999430803185,-4.999999952748389,-2.4999999980402556,nan,lower,0.1
218,phase1,lower,-10.0,4,-12.260772905829766,-9.99999583102891,-7.499999482997706,-4.999999957277576,-2.49999999823623,nan,lower,0.1
219,phase1,lower,-10.0,4,-12.260772905829766,-9.999996196225789,-7.499999530425693,-4.999999961373442,-2.499999998412607,nan,lower,0.1
220,phase1,lower,-10.0,4,-12.260772905829766,-9.99999652964578,-7.499999573520467,-4.999999965077358,-2.4999999985713464,nan,lower,0.1
221,phase1,lower,-10.0,4,-12.260772905829766,-9.999996834033247,-7.499999612676157,-4.999999968426757,-2.4999999987142116,nan,lower,0.1
222,phase1,lower,-10.0,4,-12.260772905829766,-9.999997111897539,-7.499999648251217,-4.999999971455503,-2.4999999988427906,nan,lower,0.1
223,phase1,lower,-10.0,4,-12.260772905829766,-9.999997365532906,-7.499999680571646,-4.999999974194232,-2.4999999989585113,nan,lower,0.1
224,phase1,lower,-10.0,4,-12.260772905829766,-9.99999759703678,-7.499999709933904,-4.99999997667066,-2.49999999906266,nan,lower,0.1
225,phase1,lower,-10.0,4,-12.260772905829766,-9.999997808326492,-7.49999973660758,-4.99999997890986,-2.499999999156394,nan,lower,0.1
226,phase1,lower,-10.0,4,-12.260772905829766,-9.999998001154601,-7.499999760837808,-4.999999980934513,-2.4999999992407544,nan,lower,0.1
227,phase1,lower,-10.0,4,-12.260772905829766,-9.999998177122922,-7.499999782847478,-4.999999982765138,-2.499999999316679,nan,lower,0.1
228,phase1,lower,-10.0,4,-12.260772905829766,-9.999998337695377,-7.499999802839244,-4.999999984420292,-2.499999999385011,nan,lower,0.1
229,phase1,lower,-10.0,4,-12.260772905829766,-9.999998484209764,-7.499999820997349,-4.999999985916764,-2.49999999944651,nan,lower,0.1
230,phase1,lower,-10.0,4,-12.260772905829766,-9.999998617888522,-7.49999983748929,-4.999999987269739,-2.499999999501859,nan,lower,0.1
231,phase1,lower,-10.0,4,-12.260772905829766,-9.9999987398486,-7.499999852467335,-4.9999999884929505,-2.499999999551673,nan,lower,0.1
232,phase1,lower,-10.0,4,-12.260772905829766,-9.999998851110472,-7.4999998660698965,-4.999999989598822,-2.4999999995965054,nan,lower,0.1
233,phase1,upper,-15.0,2,-12.500924322304964,-9.999998851110472,-7.4999998660698965,-4.999999989598822,-2.4999999995965054,nan,lower,0.1
234,phase1,lower,-10.0,4,-12.500924322304964,-9.999998952606415,-7.4999998784227895,-4.999999990598591,-2.499999999636855,nan,lower,0.1
235,phase1,lower,-10.0,4,-12.500924322304964,-9.999999045188051,-7.499999889640369,-4.999999991502417,-2.4999999996731694,nan,lower,0.1
236,phase1,lower,-10.0,4,-12.500924322304964,-9.999999129633283,-7.499999899826574,-4.999999992319492,-2.4999999997058526,nan,lower,0.1
237,phase1,lower,-10.0,4,-12.500924322304964,-9.999999206652612,-7.499999909075866,-4.999999993058128,-2.4999999997352673,nan,lower,0.1
238,phase1,lower,-10.0,4,-12.500924322304964,-9.999999276894938,-7.499999917474092,-4.999999993725842,-2.499999999761741,nan,lower,0.1
239,phase1,lower,-10.0,4,-12.500924322304964,-9.999999340952854,-7.499999925099267,-4.999999994329432,-2.4999999997855666,nan,lower,0.1
240,phase1,upper,-15.0,2,-12.720437726426825,-9.999999340952854,-7.499999925099267,-4.999999994329432,-2.4999999997855666,nan,lower,0.1
241,phase1,lower,-10.0,4,-12.720437726426825,-9.999999399367496,-7.499999932022284,-4.999999994875045,-2.49999999980701,nan,lower,0.1
242,phase1,lower,-10.0,4,-12.720437726426825,-9.999999452632975,-7.49999993830756,-4.999999995368242,-2.4999999998263087,nan,lower,0.1
243,phase1,lower,-10.0,4,-12.720437726426825,-9.999999501200435,-7.499999944013629,-4.999999995814049,-2.499999999843678,nan,lower,0.1
244,phase1,lower,-10.0,4,-12.720437726426825,-9.999999545481755,-7.499999949193671,-4.999999996217012,-2.4999999998593103,nan,lower,0.1
245,phase1,lower,-10.0,4,-12.720437726426825,-9.999999585852947,-7.499999953896005,-4.999999996581241,-2.4999999998733795,nan,lower,0.1
246,phase1,upper,-15.0,2,-12.921039206501264,-9.999999585852947,-7.499999953896005,-4.999999996581241,-2.4999999998733795,nan,lower,0.1
247,phase1,lower,-10.0,4,-12.921039206501264,-9.999999622657253,-7.499999958164528,-4.999999996910455,-2.4999999998860414,nan,lower,0.1
248,phase1,lower,-10.0,4,-12.921039206501264,-9.99999965620798,-7.499999962039121,-4.999999997208014,-2.499999999897437,nan,lower,0.1
249,phase1,lower,-10.0,4,-12.921039206501264,-9.999999686791094,-7.49999996555601,-4.999999997476956,-2.4999999999076934,nan,lower,0.1
250,phase1,lower,-10.0,4,-12.921039206501264,-9.999999714667586,-7.499999968748105,-4.99999999772003,-2.4999999999169242,nan,lower,0.1
251,phase1,lower,-10.0,4,-12.921039206501264,-9.999999740075639,-7.499999971645297,-4.999999997939719,-2.499999999925232,nan,lower,0.1
252,phase1,lower,-10.0,4,-12.921039206501264,-9.999999763232605,-7.49999997427474,-4.999999998138271,-2.4999999999327085,nan,lower,0.1
253,phase1,lower,-10.0,4,-12.921039206501264,-9.999999784336818,-7.499999976661093,-4.999999998317715,-2.499999999939438,nan,lower,0.1
254,phase1,lower,-10.0,4,-12.921039206501264,-9.999999803569246,-7.4999999788267555,-4.999999998479887,-2.499999999945494,nan,lower,0.1
255,phase1,upper,-15.0,2,-13.104316013296547,-9.999999803569246,-7.4999999788267555,-4.999999998479887,-2.499999999945494,nan,lower,0.1
256,phase1,lower,-10.0,4,-13.104316013296547,-9.999999821094997,-7.499999980792069,-4.999999998626448,-2.4999999999509446,nan,lower,0.1
257,phase1,lower,-10.0,4,-13.104316013296547,-9.999999837064705,-7.499999982575507,-4.999999998758898,-2.49999999995585,nan,lower,0.1
258,phase1,lower,-10.0,4,-13.104316013296547,-9.999999851615785,-7.499999984193846,-4.999999998878593,-2.499999999960265,nan,lower,0.1
259,phase1,lower,-10.0,4,-13.104316013296547,-9.99999986487359,-7.4999999856623205,-4.99999999898676,-2.4999999999642384,nan,lower,0.1
260,phase1,lower,-10.0,4,-13.104316013296547,-9.999999876952463,-7.499999986994764,-4.999999999084507,-2.4999999999678146,nan,lower,0.1
261,phase1,lower,-10.0,4,-13.104316013296547,-9.999999887956694,-7.499999988203738,-4.999999999172838,-2.499999999971033,nan,lower,0.1
262,phase1,lower,-10.0,4,-13.104316013296547,-9.999999897981398,-7.499999989300648,-4.999999999252657,-2.4999999999739297,nan,lower,0.1
263,phase1,lower,-10.0,4,-13.104316013296547,-9.999999907113324,-7.49999999029585,-4.999999999324785,-2.499999999976537,nan,lower,0.1
264,phase1,lower,-10.0,4,-13.104316013296547,-9.999999915431577,-7.499999991198743,-4.99999999938996,-2.499999999978883,nan,lower,0.1
265,phase1,lower,-10.0,4,-13.104316013296547,-9.999999923008293,-7.499999992017865,-4.999999999448852,-2.4999999999809948,nan,lower,0.1
266,phase1,lower,-10.0,4,-13.104316013296547,-9.99999992990925,-7.499999992760964,-4.999999999502067,-2.4999999999828955,nan,lower,0.1
267,phase1,lower,-10.0,4,-13.104316013296547,-9.999999936194422,-7.4999999934350745,-4.99999999955015,-2.499999999984606,nan,lower,0.1
268,phase1,upper,-15.0,2,-13.271727066667761,-9.999999936194422,-7.4999999934350745,-4.99999999955015,-2.499999999984606,nan,lower,0.1
269,phase1,lower,-10.0,4,-13.271727066667761,-9.999999941918487,-7.499999994046582,-4.999999999593595,-2.4999999999861453,nan,lower,0.1
270,phase1,lower,-10.0,4,-13.271727066667761,-9.999999947131297,-7.499999994601283,-4.99999999963285,-2.499999999987531,nan,lower,0.1
271,phase1,lower,-10.0,4,-13.271727066667761,-9.999999951878296,-7.49999999510444,-4.999999999668319,-2.499999999988778,nan,lower,0.1
272,phase1,lower,-10.0,4,-13.271727066667761,-9.99999995620091,-7.499999995560827,-4.999999999700364,-2.4999999999899,nan,lower,0.1
273,phase1,lower,-10.0,4,-13.271727066667761,-9.9999999601369,-7.499999995974781,-4.999999999729318,-2.49999999999091,nan,lower,0.1
274,phase1,lower,-10.0,4,-13.271727066667761,-9.999999963720688,-7.499999996350234,-4.999999999755477,-2.499999999991819,nan,lower,0.1
275,phase1,lower,-10.0,4,-13.271727066667761,-9.999999966983642,-7.499999996690758,-4.999999999779112,-2.499999999992637,nan,lower,0.1
276,phase1,lower,-10.0,4,-13.271727066667761,-9.999999969954354,-7.499999996999594,-4.9999999998004645,-2.4999999999933733,nan,lower,0.1
277,phase1,lower,-10.0,4,-13.271727066667761,-9.999999972658879,-7.499999997279681,-4.999999999819756,-2.499999999994036,nan,lower,0.1
278,phase1,lower,-10.0,4,-13.271727066667761,-9.999999975120959,-7.499999997533688,-4.999999999837184,-2.4999999999946323,nan,lower,0.1
279,phase1,lower,-10.0,4,-13.271727066667761,-9.999999977362233,-7.4999999977640375,-4.999999999852928,-2.499999999995169,nan,lower,0.1
280,phase1,lower,-10.0,4,-13.271727066667761,-9.999999979402414,-7.499999997972926,-4.9999999998671525,-2.4999999999956524,nan,lower,0.1
281,phase1,lower,-10.0,4,-13.271727066667761,-9.999999981259466,-7.499999998162349,-4.999999999880003,-2.499999999996087,nan,lower,0.1
282,phase1,lower,-10.0,4,-13.271727066667761,-9.999999982949754,-7.499999998334115,-4.999999999891611,-2.4999999999964784,nan,lower,0.1
283,phase1,lower,-10.0,4,-13.271727066667761,-9.999999984488191,-7.499999998489864,-4.999999999902098,-2.4999999999968305,nan,lower,0.1
284,phase1,lower,-10.0,4,-13.271727066667761,-9.999999985888358,-7.499999998631087,-4.999999999911571,-2.4999999999971476,nan,lower,0.1
285,phase1,lower,-10.0,4,-13.271727066667761,-9.999999987162631,-7.499999998759136,-4.999999999920129,-2.4999999999974327,nan,lower,0.1
286,phase1,lower,-10.0,4,-13.271727066667761,-9.999999988322282,-7.499999998875235,-4.9999999999278595,-2.4999999999976894,nan,lower,0.1
287,phase1,lower,-10.0,4,-13.271727066667761,-9.999999989377578,-7.499999998980497,-4.999999999934842,-2.4999999999979203,nan,lower,0.1
288,phase1,lower,-10.0,4,-13.271727066667761,-9.99999999033787,-7.499999999075932,-4.99999999994115,-2.499999999998128,nan,lower,0.1
289,phase1,lower,-10.0,4,-13.271727066667761,-9.999999991211675,-7.499999999162454,-4.999999999946848,-2.499999999998315,nan,lower,0.1
290,phase1,lower,-10.0,4,-13.271727066667761,-9.999999992006753,-7.4999999992408934,-4.999999999951995,-2.4999999999984834,nan,lower,0.1
291,phase1,lower,-10.0,4,-13.271727066667761,-9.999999992730167,-7.499999999312004,-4.999999999956644,-2.499999999998635,nan,lower,0.1
292,phase1,lower,-10.0,4,-13.271727066667761,-9.99999999338835,-7.499999999376468,-4.999999999960843,-2.499999999998771,nan,lower,0.1
293,phase1,lower,-10.0,4,-13.271727066667761,-9.999999993987162,-7.499999999434905,-4.999999999964635,-2.499999999998894,nan,lower,0.1
294,phase1,lower,-10.0,4,-13.271727066667761,-9.999999994531937,-7.499999999487878,-4.999999999968061,-2.499999999999005,nan,lower,0.1
295,phase1,lower,-10.0,4,-13.271727066667761,-9.999999995027531,-7.499999999535897,-4.9999999999711555,-2.4999999999991043,nan,lower,0.1
296,phase1,lower,-10.0,4,-13.271727066667761,-9.999999995478367,-7.499999999579423,-4.999999999973951,-2.499999999999194,nan,lower,0.1
297,phase1,lower,-10.0,4,-13.271727066667761,-9.999999995888473,-7.4999999996188755,-4.999999999976475,-2.4999999999992744,nan,lower,0.1
298,phase1,lower,-10.0,4,-13.271727066667761,-9.999999996261513,-7.499999999654635,-4.999999999978755,-2.4999999999993467,nan,lower,0.1
299,phase1,lower,-10.0,4,-13.271727066667761,-9.999999996600826,-7.499999999687048,-4.999999999980814,-2.499999999999412,nan,lower,0.1
300,phase1,lower,-10.0,4,-13.271727066667761,-9.999999996909448,-7.499999999716424,-4.999999999982673,-2.4999999999994706,nan,lower,0.1
301,phase1,lower,-10.0,4,-13.271727066667761,-9.999999997190146,-7.499999999743049,-4.999999999984353,-2.4999999999995235,nan,lower,0.1
302,phase1,lower,-10.0,4,-13.271727066667761,-9.999999997445437,-7.499999999767179,-4.99999999998587,-2.499999999999571,nan,lower,0.1
303,phase1,lower,-10.0,4,-13.271727066667761,-9.999999997677612,-7.499999999789048,-4.99999999998724,-2.499999999999614,nan,lower,0.1
304,phase1,upper,-15.0,2,-13.424612749231766,-9.999999997677612,-7.499999999789048,-4.99999999998724,-2.499999999999614,nan,lower,0.1
305,phase1,lower,-10.0,4,-13.424612749231766,-9.999999997888755,-7.499999999808868,-4.999999999988478,-2.4999999999996527,nan,lower,0.1
306,phase1,lower,-10.0,4,-13.424612749231766,-9.999999998080767,-7.499999999826828,-4.999999999989595,-2.4999999999996874,nan,lower,0.1
307,phase1,lower,-10.0,4,-13.424612749231766,-9.999999998255372,-7.499999999843105,-4.999999999990604,-2.4999999999997184,nan,lower,0.1
308,phase1,lower,-10.0,4,-13.424612749231766,-9.999999998414145,-7.499999999857855,-4.999999999991515,-2.4999999999997464,nan,lower,0.1
309,phase1,lower,-10.0,4,-13.424612749231766,-9.999999998558517,-7.499999999871221,-4.999999999992339,-2.4999999999997717,nan,lower,0.1
310,phase1,lower,-10.0,4,-13.424612749231766,-9.999999998689788,-7.499999999883333,-4.999999999993082,-2.4999999999997944,nan,lower,0.1
311,phase1,lower,-10.0,4,-13.424612749231766,-9.999999998809143,-7.4999999998943085,-4.999999999993753,-2.499999999999815,nan,lower,0.1
312,phase1,lower,-10.0,4,-13.424612749231766,-9.999999998917659,-7.499999999904253,-4.99999999999436,-2.4999999999998335,nan,lower,0.1
313,phase1,lower,-10.0,4,-13.424612749231766,-9.999999999016318,-7.499999999913263,-4.999999999994907,-2.49999999999985,nan,lower,0.1
314,phase1,lower,-10.0,4,-13.424612749231766,-9.999999999106013,-7.499999999921427,-4.999999999995401,-2.499999999999865,nan,lower,0.1
315,phase1,lower,-10.0,4,-13.424612749231766,-9.999999999187555,-7.499999999928825,-4.999999999995848,-2.4999999999998783,nan,lower,0.1
316,phase1,lower,-10.0,4,-13.424612749231766,-9.999999999261682,-7.499999999935527,-4.999999999996251,-2.4999999999998903,nan,lower,0.1
317,phase1,lower,-10.0,4,-13.424612749231766,-9.999999999329066,-7.4999999999416,-4.999999999996615,-2.4999999999999014,nan,lower,0.1
318,phase1,lower,-10.0,4,-13.424612749231766,-9.99999999939032,-7.499999999947101,-4.999999999996944,-2.499999999999911,nan,lower,0.1
319,phase1,lower,-10.0,4,-13.424612749231766,-9.999999999445999,-7.499999999952085,-4.99999999999724,-2.49999999999992,nan,lower,0.1
320,phase1,lower,-10.0,4,-13.424612749231766,-9.999999999496607,-7.499999999956601,-4.999999999997509,-2.499999999999928,nan,lower,0.1
321,phase1,lower,-10.0,4,-13.424612749231766,-9.999999999542606,-7.499999999960692,-4.99999999999775,-2.499999999999935,nan,lower,0.1
322,phase1,lower,-10.0,4,-13.424612749231766,-9.999999999584414,-7.499999999964397,-4.999999999997969,-2.499999999999942,nan,lower,0.1
323,phase1,lower,-10.0,4,-13.424612749231766,-9.999999999622412,-7.499999999967755,-4.999999999998166,-2.4999999999999476,nan,lower,0.1
324,phase1,lower,-10.0,4,-13.424612749231766,-9.999999999656946,-7.499999999970796,-4.999999999998344,-2.499999999999953,nan,lower,0.1
325,phase1,lower,-10.0,4,-13.424612749231766,-9.999999999688331,-7.499999999973551,-4.999999999998505,-2.499999999999958,nan,lower,0.1
326,phase1,lower,-10.0,4,-13.424612749231766,-9.999999999716852,-7.499999999976047,-4.99999999999865,-2.499999999999962,nan,lower,0.1
327,phase1,lower,-10.0,4,-13.424612749231766,-9.999999999742771,-7.499999999978307,-4.999999999998781,-2.499999999999966,nan,lower,0.1
328,phase1,lower,-10.0,4,-13.424612749231766,-9.999999999766324,-7.499999999980354,-4.9999999999988995,-2.4999999999999694,nan,lower,0.1
329,phase1,lower,-10.0,4,-13.424612749231766,-9.999999999787727,-7.499999999982209,-4.999999999999007,-2.4999999999999725,nan,lower,0.1
330,phase1,lower,-10.0,4,-13.424612749231766,-9.999999999807175,-7.499999999983888,-4.999999999999104,-2.499999999999975,nan,lower,0.1
331,phase1,lower,-10.0,4,-13.424612749231766,-9.999999999824846,-7.49999999998541,-4.999999999999191,-2.499999999999978,nan,lower,0.1
332,phase1,lower,-10.0,4,-13.424612749231766,-9.999999999840902,-7.499999999986788,-4.99999999999927,-2.49999999999998,nan,lower,0.1
333,phase1,lower,-10.0,4,-13.424612749231766,-9.999999999855492,-7.499999999988036,-4.999999999999341,-2.4999999999999822,nan,lower,0.1
334,phase1,lower,-10.0,4,-13.424612749231766,-9.999999999868747,-7.499999999989167,-4.999999999999405,-2.499999999999984,nan,lower,0.1
335,phase1,lower,-10.0,4,-13.424612749231766,-9.999999999880789,-7.499999999990191,-4.999999999999463,-2.499999999999986,nan,lower,0.1
336,phase1,lower,-10.0,4,-13.424612749231766,-9.99999999989173,-7.499999999991118,-4.999999999999515,-2.499999999999987,nan,lower,0.1
337,phase1,lower,-10.0,4,-13.424612749231766,-9.999999999901668,-7.4999999999919575,-4.999999999999562,-2.4999999999999885,nan,lower,0.1
338,phase1,lower,-10.0,4,-13.424612749231766,-9.999999999910697,-7.499999999992718,-4.999999999999605,-2.49999999999999,nan,lower,0.1
339,phase1,lower,-10.0,4,-13.424612749231766,-9.999999999918899,-7.499999999993406,-4.999999999999643,-2.4999999999999907,nan,lower,0.1
340,phase1,lower,-10.0,4,-13.424612749231766,-9.999999999926349,-7.49999999999403,-4.999999999999678,-2.4999999999999916,nan,lower,0.1
341,phase1,lower,-10.0,4,-13.424612749231766,-9.999999999933117,-7.4999999999945945,-4.999999999999709,-2.4999999999999925,nan,lower,0.1
342,phase1,lower,-10.0,4,-13.424612749231766,-9.999999999939265,-7.499999999995106,-4.999999999999737,-2.4999999999999933,nan,lower,0.1
343,phase1,lower,-10.0,4,-13.424612749231766,-9.99999999994485,-7.499999999995569,-4.999999999999763,-2.499999999999994,nan,lower,0.1
344,phase1,lower,-10.0,4,-13.424612749231766,-9.999999999949921,-7.499999999995988,-4.999999999999786,-2.4999999999999942,nan,lower,0.1
345,phase1,lower,-10.0,4,-13.424612749231766,-9.999999999954527,-7.499999999996368,-4.999999999999806,-2.4999999999999947,nan,lower,0.1
346,phase1,lower,-10.0,4,-13.424612749231766,-9.99999999995871,-7.499999999996712,-4.999999999999825,-2.499999999999995,nan,lower,0.1
347,phase1,lower,-10.0,4,-13.424612749231766,-9.99999999996251,-7.499999999997023,-4.999999999999842,-2.4999999999999956,nan,lower,0.1
348,phase1,lower,-10.0,4,-13.424612749231766,-9.999999999965961,-7.499999999997304,-4.999999999999857,-2.499999999999996,nan,lower,0.1
349,phase1,lower,-10.0,4,-13.424612749231766,-9.999999999969095,-7.499999999997559,-4.999999999999871,-2.4999999999999964,nan,lower,0.1
350,phase1,lower,-10.0,4,-13.424612749231766,-9.99999999997194,-7.49999999999779,-4.999999999999884,-2.499999999999997,nan,lower,0.1
351,phase1,lower,-10.0,4,-13.424612749231766,-9.999999999974525,-7.499999999998,-4.999999999999895,-2.4999999999999973,nan,lower,0.1
352,phase1,upper,-15.0,2,-13.564204024616293,-9.999999999974525,-7.499999999998,-4.999999999999895,-2.4999999999999973,nan,lower,0.1
353,phase1,lower,-10.0,4,-13.564204024616293,-9.999999999976872,-7.499999999998189,-4.999999999999906,-2.499999999999998,nan,lower,0.1
354,phase1,lower,-10.0,4,-13.564204024616293,-9.999999999979003,-7.49999999999836,-4.999999999999915,-2.4999999999999982,nan,lower,0.1
355,phase1,lower,-10.0,4,-13.564204024616293,-9.99999999998094,-7.499999999998516,-4.999999999999923,-2.4999999999999982,nan,lower,0.1
356,phase1,lower,-10.0,4,-13.564204024616293,-9.999999999982697,-7.499999999998656,-4.999999999999931,-2.4999999999999982,nan,lower,0.1
357,phase1,lower,-10.0,4,-13.564204024616293,-9.999999999984293,-7.499999999998783,-4.999999999999938,-2.4999999999999982,nan,lower,0.1
358,phase1,lower,-10.0,4,-13.564204024616293,-9.999999999985743,-7.499999999998899,-4.999999999999944,-2.4999999999999982,nan,lower,0.1
359,phase1,lower,-10.0,4,-13.564204024616293,-9.99999999998706,-7.4999999999990035,-4.999999999999949,-2.4999999999999982,nan,lower,0.1
360,phase1,lower,-10.0,4,-13.564204024616293,-9.999999999988253,-7.499999999999098,-4.999999999999954,-2.4999999999999982,nan,lower,0.1
361,phase1,lower,-10.0,4,-13.564204024616293,-9.999999999989338,-7.499999999999183,-4.999999999999958,-2.4999999999999982,nan,lower,0.1
362,phase1,lower,-10.0,4,-13.564204024616293,-9.999999999990322,-7.49999999999926,-4.999999999999963,-2.4999999999999982,nan,lower,0.1
363,phase1,lower,-10.0,4,-13.564204024616293,-9.999999999991216,-7.49999999999933,-4.999999999999966,-2.4999999999999982,nan,lower,0.1
364,phase1,lower,-10.0,4,-13.564204024616293,-9.999999999992028,-7.499999999999394,-4.99999999999997,-2.4999999999999982,nan,lower,0.1
365,phase1,lower,-10.0,4,-13.564204024616293,-9.999999999992765,-7.499999999999452,-4.9999999999999725,-2.4999999999999982,nan,lower,0.1
366,phase1,lower,-10.0,4,-13.564204024616293,-9.999999999993435,-7.499999999999504,-4.999999999999975,-2.4999999999999982,nan,lower,0.1
367,phase1,lower,-10.0,4,-13.564204024616293,-9.999999999994042,-7.4999999999995515,-4.999999999999978,-2.4999999999999982,nan,lower,0.1
368,phase1,lower,-10.0,4,-13.564204024616293,-9.999999999994593,-7.499999999999594,-4.99999999999998,-2.4999999999999982,nan,lower,0.1
369,phase1,lower,-10.0,4,-13.564204024616293,-9.999999999995094,-7.499999999999632,-4.999999999999981,-2.4999999999999982,nan,lower,0.1
370,phase1,lower,-10.0,4,-13.564204024616293,-9.999999999995548,-7.499999999999667,-4.999999999999983,-2.4999999999999982,nan,lower,0.1
371,phase1,lower,-10.0,4,-13.564204024616293,-9.99999999999596,-7.499999999999699,-4.999999999999985,-2.4999999999999982,nan,lower,0.1
372,phase1,lower,-10.0,4,-13.564204024616293,-9.999999999996334,-7.499999999999727,-4.999999999999986,-2.4999999999999982,nan,lower,0.1
373,phase1,lower,-10.0,4,-13.564204024616293,-9.999999999996673,-7.499999999999753,-4.999999999999987,-2.4999999999999982,nan,lower,0.1
374,phase1,lower,-10.0,4,-13.564204024616293,-9.99999999999698,-7.499999999999776,-4.999999999999988,-2.4999999999999982,nan,lower,0.1
375,phase1,lower,-10.0,4,-13.564204024616293,-9.999999999997259,-7.4999999999997975,-4.9999999999999885,-2.4999999999999982,nan,lower,0.1
376,phase1,lower,-10.0,4,-13.564204024616293,-9.999999999997513,-7.499999999999817,-4.999999999999989,-2.4999999999999982,nan,lower,0.1
377,phase1,lower,-10.0,4,-13.564204024616293,-9.999999999997744,-7.499999999999834,-4.99999999999999,-2.4999999999999982,nan,lower,0.1
378,phase1,lower,-10.0,4,-13.564204024616293,-9.999999999997954,-7.49999999999985,-4.999999999999991,-2.4999999999999982,nan,lower,0.1
379,phase1,lower,-10.0,4,-13.564204024616293,-9.999999999998144,-7.499999999999864,-4.999999999999992,-2.4999999999999982,nan,lower,0.1
380,phase1,lower,-10.0,4,-13.564204024616293,-9.999999999998316,-7.4999999999998765,-4.999999999999993,-2.4999999999999982,nan,lower,0.1
381,phase1,lower,-10.0,4,-13.564204024616293,-9.999999999998472,-7.499999999999888,-4.999999999999994,-2.4999999999999982,nan,lower,0.1
382,phase1,lower,-10.0,4,-13.564204024616293,-9.999999999998614,-7.499999999999899,-4.999999999999995,-2.4999999999999982,nan,lower,0.1
383,phase1,lower,-10.0,4,-13.564204024616293,-9.999999999998742,-7.4999999999999085,-4.999999999999995,-2.4999999999999982,nan,lower,0.1
384,phase1,lower,-10.0,4,-13.564204024616293,-9.99999999999886,-7.499999999999917,-4.999999999999995,-2.4999999999999982,nan,lower,0.1
385,phase1,lower,-10.0,4,-13.564204024616293,-9.999999999998966,-7.499999999999925,-4.999999999999995,-2.4999999999999982,nan,lower,0.1
386,phase1,lower,-10.0,4,-13.564204024616293,-9.999999999999062,-7.4999999999999325,-4.999999999999995,-2.4999999999999982,nan,lower,0.1
387,phase1,upper,-15.0,2,-13.691630917431597,-9.999999999999062,-7.4999999999999325,-4.999999999999995,-2.4999999999999982,nan,lower,0.1
388,phase1,lower,-10.0,4,-13.691630917431597,-9.99999999999915,-7.499999999999939,-4.999999999999995,-2.4999999999999982,nan,lower,0.1
389,phase1,lower,-10.0,4,-13.691630917431597,-9.999999999999229,-7.499999999999944,-4.999999999999995,-2.4999999999999982,nan,lower,0.1
390,phase1,lower,-10.0,4,-13.691630917431597,-9.9999999999993,-7.499999999999949,-4.999999999999995,-2.4999999999999982,nan,lower,0.1
391,phase1,lower,-10.0,4,-13.691630917431597,-9.999999999999366,-7.499999999999954,-4.999999999999995,-2.4999999999999982,nan,lower,0.1
392,phase1,upper,-15.0,2,-13.807930391437678,-9.999999999999366,-7.499999999999954,-4.999999999999995,-2.4999999999999982,nan,lower,0.1
393,phase1,lower,-10.0,4,-13.807930391437678,-9.999999999999424,-7.499999999999958,-4.999999999999995,-2.4999999999999982,nan,lower,0.1
394,phase1,lower,-10.0,4,-13.807930391437678,-9.999999999999478,-7.499999999999962,-4.999999999999995,-2.4999999999999982,nan,lower,0.1
395,phase1,lower,-10.0,4,-13.807930391437678,-9.999999999999526,-7.499999999999965,-4.999999999999995,-2.4999999999999982,nan,lower,0.1
396,phase1,lower,-10.0,4,-13.807930391437678,-9.99999999999957,-7.499999999999968,-4.999999999999995,-2.4999999999999982,nan,lower,0.1
397,phase1,lower,-10.0,4,-13.807930391437678,-9.99999999999961,-7.499999999999971,-4.999999999999995,-2.4999999999999982,nan,lower,0.1
398,phase1,lower,-10.0,4,-13.807930391437678,-9.999999999999645,-7.499999999999973,-4.999999999999995,-2.4999999999999982,nan,lower,0.1
399,phase1,lower,-10.0,4,-13.807930391437678,-9.999999999999677,-7.499999999999975,-4.999999999999995,-2.4999999999999982,nan,lower,0.1
400,phase2,lower,-20.0,4,-13.807930391437678,-9.999999999999707,-8.499999999999986,-5.2700000000000005,-2.6890000000000027,-0.14700000000000343,lower,0.1
401,phase2,lower,-20.0,4,-13.807930391437678,-10.232299999999737,-9.546609999999998,-5.595917000000008,-2.9017249000000076,-0.17448270000000385,lower,0.1
402,phase2,lower,-20.0,4,-13.807930391437678,-10.570765429999767,-10.560451171000008,-5.918566408700015,-3.0957572563900118,-0.1701075779700035,lower,0.1
403,phase2,lower,-20.0,4,-13.807930391437678,-10.972830824272794,-11.520651983898116,-6.220527107276592,-3.261434813303944,-0.15732427984947006,lower,0.1
404,phase2,lower,-20.0,4,-13.807930391437678,-11.41920479209985,-12.422044963851015,-6.495998333541081,-3.397862158999516,-0.142489821065522,lower,0.1
405,phase2,lower,-20.0,4,-13.807930391437678,-11.897729648233936,-13.263785572728581,-6.742723147404549,-3.506503168309279,-0.1273964215042369,lower,0.1
406,phase2,lower,-20.0,4,-13.807930391437678,-12.398992020037214,-14.046322585705203,-6.95978274286759,-3.5894520274035764,-0.11260426400367482,lower,0.1
407,phase2,upper,-15.0,2,-14.015397499071533,-12.398992020037214,-14.046322585705203,-6.95978274286759,-3.5894520274035764,-0.08138708331592098,lower,0.1
408,phase2,lower,-20.0,4,-14.015397499071533,-12.886973451588343,-14.750920389183507,-7.133189346998019,-3.6393156683194716,-0.09083442868831172,lower,0.1
409,phase2,lower,-20.0,4,-14.015397499071533,-13.40511913116734,-15.414199542353664,-7.288159821163251,-3.6766000015863636,-0.08343289669395755,lower,0.1
410,phase2,lower,-20.0,4,-14.015397499071533,-13.931116779310534,-16.025903466253848,-7.4171162939468775,-3.697006604618072,-0.07208713576712185,lower,0.1
411,phase2,lower,-20.0,4,-14.015397499071533,-14.455473870195274,-16.584498885103905,-7.518799966618238,-3.7009492316673556,-0.06025680325897308,upper,0.1
412,phase2,upper,-15.0,2,-14.166272947277395,-14.455473870195274,-16.584498885103905,-7.518799966618238,-3.7009492316673556,-0.05036591935019996,upper,0.1
413,phase2,upper,-15.0,2,-14.299746223014463,-14.455473870195274,-16.584498885103905,-7.518799966618238,-3.7009492316673556,-0.041758156714306244,upper,0.1
414,phase2,upper,-15.0,2,-14.417201000024312,-14.455473870195274,-16.584498885103905,-7.518799966618238,-3.7009492316673556,-0.03428059086254873,upper,0.1
415,phase2,upper,-15.0,2,-14.51998310388386,-14.455473870195274,-16.584498885103905,-7.518799966618238,-3.7009492316673556,-0.027807798034426612,lower,0.1
416,phase2,lower,-20.0,4,-14.51998310388386,-14.94340338991712,-17.070431581419562,-7.579492834038993,-3.680006897298036,-0.041090203225747135,upper,0.1
417,phase2,upper,-15.0,2,-14.62135245694635,-14.94340338991712,-17.070431581419562,-7.579492834038993,-3.680006897298036,-0.028739771149761527,upper,0.1
418,phase2,upper,-15.0,2,-14.70415800117696,-14.94340338991712,-17.070431581419562,-7.579492834038993,-3.680006897298036,-0.020317336637368497,upper,0.1
419,phase2,upper,-15.0,2,-14.772543279172032,-14.94340338991712,-17.070431581419562,-7.579492834038993,-3.680006897298036,-0.014321784165072246,upper,0.1
420,phase2,upper,-15.0,2,-14.829275168062349,-14.94340338991712,-17.070431581419562,-7.579492834038993,-3.680006897298036,-0.009895570382966793,upper,0.1
421,phase2,upper,-15.0,2,-14.87632662860107,-14.94340338991712,-17.070431581419562,-7.579492834038993,-3.680006897298036,-0.0065374841983186615,upper,0.1
422,phase2,upper,-15.0,2,-14.915196717128072,-14.94340338991712,-17.070431581419562,-7.579492834038993,-3.680006897298036,-0.0039447966517775195,upper,0.1
423,phase2,upper,-15.0,2,-14.94708696947833,-14.94340338991712,-17.070431581419562,-7.579492834038993,-3.680006897298036,-0.0019264546627995975,lower,0.1
424,phase2,lower,-20.0,4,-14.94708696947833,-15.407840018263885,-17.497481134289636,-7.609089293511312,-3.6429016244787173,-0.027518450678102775,upper,0.1
425,phase2,upper,-15.0,2,-14.996032224953488,-15.407840018263885,-17.497481134289636,-7.609089293511312,-3.6429016244787173,-0.01289535326008248,upper,0.1
426,phase2,upper,-15.0,2,-15.027419918462714,-15.407840018263885,-17.497481134289636,-7.609089293511312,-3.6429016244787173,-0.004657387547072036,upper,0.1
427,phase2,upper,-15.0,2,-15.047662681568173,-15.407840018263885,-17.497481134289636,-7.609089293511312,-3.6429016244787173,-1.4922056005402251e-05,upper,0.1
428,phase2,upper,-15.0,2,-15.060550434307109,-15.407840018263885,-17.497481134289636,-7.609089293511312,-3.6429016244787173,0.0025812576995703214,upper,0.1
429,phase2,upper,-15.0,2,-15.068397337695117,-15.407840018263885,-17.497481134289636,-7.609089293511312,-3.6429016244787173,0.00399663248058863,upper,0.1
430,phase2,upper,-15.0,2,-15.072675177285076,-15.407840018263885,-17.497481134289636,-7.609089293511312,-3.6429016244787173,0.004719002840366047,upper,0.1
431,phase2,upper,-15.0,2,-15.074364477324972,-15.407840018263885,-17.497481134289636,-7.609089293511312,-3.6429016244787173,0.005026842943991789,upper,0.1
432,phase2,upper,-15.0,2,-15.074150384926295,-15.407840018263885,-17.497481134289636,-7.609089293511312,-3.6429016244787173,0.005081993324887593,upper,0.1
433,phase2,upper,-15.0,2,-15.072533095709641,-15.407840018263885,-17.497481134289636,-7.609089293511312,-3.6429016244787173,0.004980773706800902,upper,0.1
434,phase2,upper,-15.0,2,-15.06989113879357,-15.407840018263885,-17.497481134289636,-7.609089293511312,-3.6429016244787173,0.004782238535426277,upper,0.1
435,phase2,upper,-15.0,2,-15.066518565545056,-15.407840018263885,-17.497481134289636,-7.609089293511312,-3.6429016244787173,0.004523860775169241,upper,0.1
436,phase2,upper,-15.0,2,-15.062647601965322,-15.407840018263885,-17.497481134289636,-7.609089293511312,-3.6429016244787173,0.004230294746797178,upper,0.1
437,phase2,upper,-15.0,2,-15.0584631179732,-15.407840018263885,-17.497481134289636,-7.609089293511312,-3.6429016244787173,0.00391832280008997,upper,0.1
438,phase2,upper,-15.0,2,-15.054112409510187,-15.407840018263885,-17.497481134289636,-7.609089293511312,-3.6429016244787173,0.003599692096376188,upper,0.1
439,phase2,upper,-15.0,2,-15.049712221920515,-15.407840018263885,-17.497481134289636,-7.609089293511312,-3.6429016244787173,0.0032827795892658145,upper,0.1
440,phase2,upper,-15.0,2,-15.045354083572349,-15.407840018263885,-17.497481134289636,-7.609089293511312,-3.6429016244787173,0.002973601351751286,upper,0.1
441,phase2,upper,-15.0,2,-15.041108547619835,-15.407840018263885,-17.497481134289636,-7.609089293511312,-3.6429016244787173,0.0026764506432942017,upper,0.1
442,phase2,upper,-15.0,2,-15.037028681695023,-15.407840018263885,-17.497481134289636,-7.609089293511312,-3.6429016244787173,0.0023943218126829847,upper,0.1
443,phase2,lower,-20.0,4,-15.037028681695023,-15.864649240235044,-17.881053837602508,-7.618672268080531,-3.598365613997701,-0.019966180573192396,upper,0.1
444,phase2,upper,-15.0,2,-15.053277455996051,-15.864649240235044,-17.881053837602508,-7.618672268080531,-3.598365613997701,-0.008827438969349573,upper,0.1
445,phase2,upper,-15.0,2,-15.058889685522363,-15.864649240235044,-17.881053837602508,-7.618672268080531,-3.598365613997701,-0.0029370433142490225,upper,0.1
446,phase2,upper,-15.0,2,-15.058832960086427,-15.864649240235044,-17.881053837602508,-7.618672268080531,-3.598365613997701,8.453354400046894e-05,upper,0.1
447,phase2,upper,-15.0,2,-15.055855729597804,-15.864649240235044,-17.881053837602508,-7.618672268080531,-3.598365613997701,0.0015453067122410012,upper,0.1
448,phase2,upper,-15.0,2,-15.051479655064318,-15.864649240235044,-17.881053837602508,-7.618672268080531,-3.598365613997701,0.0021641953126100752,upper,0.1
449,phase2,upper,-15.0,2,-15.04654620341495,-15.864649240235044,-17.881053837602508,-7.618672268080531,-3.598365613997701,0.0023361345269867894,upper,0.1
450,phase2,upper,-15.0,2,-15.041518165120607,-15.864649240235044,-17.881053837602508,-7.618672268080531,-3.598365613997701,0.0022777954708671573,upper,0.1
451,phase2,lower,-20.0,4,-15.041518165120607,-16.314239684048008,-18.225323593632588,-7.611412839382748,-3.5488206386350436,-0.013942487386712457,upper,0.1
452,phase2,upper,-15.0,2,-15.051244614625743,-16.314239684048008,-18.225323593632588,-7.611412839382748,-3.5488206386350436,-0.005840234888732402,upper,0.1
453,phase2,upper,-15.0,2,-15.053375577593771,-16.314239684048008,-18.225323593632588,-7.611412839382748,-3.5488206386350436,-0.001605649015571317,upper,0.1
454,phase2,upper,-15.0,2,-15.051565948766408,-16.314239684048008,-18.225323593632588,-7.611412839382748,-3.5488206386350436,0.0005215751454592637,upper,0.1
455,phase2,lower,-20.0,4,-15.051565948766408,-16.754878657375553,-18.532703191424748,-7.5892175001952324,-3.49559330197243,-0.008711279774974802,upper,0.1
456,phase2,upper,-15.0,2,-15.056137344662009,-16.754878657375553,-18.532703191424748,-7.5892175001952324,-3.49559330197243,-0.0030157366579143053,upper,0.1
457,phase2,upper,-15.0,2,-15.05539738248169,-16.754878657375553,-18.532703191424748,-7.5892175001952324,-3.49559330197243,-0.00010446188803737999,upper,0.1
458,phase2,upper,-15.0,2,-15.051992038326931,-16.754878657375553,-18.532703191424748,-7.5892175001952324,-3.49559330197243,0.001295792762453108,upper,0.1
459,phase2,upper,-15.0,2,-15.04737505994568,-16.754878657375553,-18.532703191424748,-7.5892175001952324,-3.49559330197243,0.0018841307628558934,upper,0.1
460,phase2,lower,-20.0,4,-15.04737505994568,-17.180965393093903,-18.802668882340523,-7.551900948736866,-3.4384382262779107,-0.003113287776278874,upper,0.1
461,phase2,lower,-20.0,4,-15.04737505994568,-17.595937701017213,-19.04083945448887,-7.503557098139772,-3.380132605297889,0.0005123232845168843,upper,0.1
462,phase2,lower,-20.0,4,-15.04737505994568,-17.989966785408313,-19.24330080252845,-7.4415407338063,-3.318515142926871,0.005873912924337109,upper,0.1
463,phase2,upper,-15.0,2,-15.03874982176689,-17.989966785408313,-19.24330080252845,-7.4415407338063,-3.318515142926871,0.003998984642075862,upper,0.1
464,phase2,upper,-15.0,2,-15.032074462054249,-17.989966785408313,-19.24330080252845,-7.4415407338063,-3.318515142926871,0.0028451325094942257,upper,0.1
465,phase2,upper,-15.0,2,-15.026690238950112,-17.989966785408313,-19.24330080252845,-7.4415407338063,-3.318515142926871,0.0021022244451764562,upper,0.1
466,phase2,upper,-15.0,2,-15.022219190526362,-17.989966785408313,-19.24330080252845,-7.4415407338063,-3.318515142926871,0.0015986829685617429,upper,0.1
467,phase2,upper,-15.0,2,-15.01843736213328,-17.989966785408313,-19.24330080252845,-7.4415407338063,-3.318515142926871,0.0012390591354622285,upper,0.1
468,phase2,upper,-15.0,2,-15.015205509098674,-17.989966785408313,-19.24330080252845,-7.4415407338063,-3.318515142926871,0.0009697568572327263,upper,0.1
469,phase2,upper,-15.0,2,-15.012431298157395,-17.989966785408313,-19.24330080252845,-7.4415407338063,-3.318515142926871,0.0007602174537248886,upper,0.1
470,phase2,upper,-15.0,2,-15.0100487483736,-17.989966785408313,-19.24330080252845,-7.4415407338063,-3.318515142926871,0.0005925936302572654,upper,0.1
471,phase2,upper,-15.0,2,-15.008007088175656,-17.989966785408313,-19.24330080252845,-7.4415407338063,-3.318515142926871,0.00045608399626983765,upper,0.1
472,phase2,upper,-15.0,2,-15.006264739578594,-17.989966785408313,-19.24330080252845,-7.4415407338063,-3.318515142926871,0.0003438252334041481,upper,0.1
473,phase2,upper,-15.0,2,-15.004786081283326,-17.989966785408313,-19.24330080252845,-7.4415407338063,-3.318515142926871,0.00025118714905746585,upper,0.1
474,phase2,upper,-15.0,2,-15.003539707445725,-17.989966785408313,-19.24330080252845,-7.4415407338063,-3.318515142926871,0.0001748366552276427,upper,0.1
475,phase2,upper,-15.0,2,-15.002497483127561,-17.989966785408313,-19.24330080252845,-7.4415407338063,-3.318515142926871,0.00011222276487191221,upper,0.1
476,phase2,upper,-15.0,2,-15.001634017565774,-17.989966785408313,-19.24330080252845,-7.4415407338063,-3.318515142926871,6.129179200781886e-05,upper,0.1
477,phase2,upper,-15.0,2,-15.00092635152064,-17.989966785408313,-19.24330080252845,-7.4415407338063,-3.318515142926871,2.0328196147526023e-05,upper,0.1
478,phase2,lower,-20.0,4,-15.00092635152064,-18.365281891743795,-19.414452007354903,-7.369019701051929,-3.2556890061139394,0.00975793847021857,upper,0.1
479,phase2,upper,-15.0,2,-14.991589901261634,-18.365281891743795,-19.414452007354903,-7.369019701051929,-3.2556890061139394,0.004759292888803493,upper,0.1
480,phase2,upper,-15.0,2,-14.987102327724386,-18.365281891743795,-19.414452007354903,-7.369019701051929,-3.2556890061139394,0.002061371659003516,upper,0.1
481,phase2,upper,-15.0,2,-14.985290813508497,-18.365281891743795,-19.414452007354903,-7.369019701051929,-3.2556890061139394,0.0006270767695926046,upper,0.1
482,phase2,upper,-15.0,2,-14.98494723484267,-18.365281891743795,-19.414452007354903,-7.369019701051929,-3.2556890061139394,-0.00011413683923222574,upper,0.1
483,phase2,upper,-15.0,2,-14.98539657461864,-18.365281891743795,-19.414452007354903,-7.369019701051929,-3.2556890061139394,-0.00047631451008412157,upper,0.1
484,phase2,lower,-20.0,4,-14.98539657461864,-18.72062758636398,-19.55603644798746,-7.287249329171947,-3.1922540650688913,0.013233146076260173,upper,0.1
485,phase2,upper,-15.0,2,-14.973920841052209,-18.72062758636398,-19.55603644798746,-7.287249329171947,-3.1922540650688913,0.00608520762712484,upper,0.1
486,phase2,upper,-15.0,2,-14.96930648235079,-18.72062758636398,-19.55603644798746,-7.287249329171947,-3.1922540650688913,0.0022769865035268113,upper,0.1
487,phase2,upper,-15.0,2,-14.968395432083822,-18.72062758636398,-19.55603644798746,-7.287249329171947,-3.1922540650688913,0.00029735924001034935,upper,0.1
488,phase2,upper,-15.0,2,-14.969437545063691,-18.72062758636398,-19.55603644798746,-7.287249329171947,-3.1922540650688913,-0.0006845547432511221,upper,0.1
489,phase2,upper,-15.0,2,-14.971460870627952,-18.72062758636398,-19.55603644798746,-7.287249329171947,-3.1922540650688913,-0.0011256551057022392,upper,0.1
490,phase2,upper,-15.0,2,-14.97392487794062,-18.72062758636398,-19.55603644798746,-7.287249329171947,-3.1922540650688913,-0.0012771622883772159,upper,0.1
491,phase2,upper,-15.0,2,-14.976529231558429,-18.72062758636398,-19.55603644798746,-7.287249329171947,-3.1922540650688913,-0.001277121502841986,upper,0.1
492,phase2,upper,-15.0,2,-14.979108117300482,-18.72062758636398,-19.55603644798746,-7.287249329171947,-3.1922540650688913,-0.001201259714585019,upper,0.1
493,phase2,upper,-15.0,2,-14.981571653421561,-18.72062758636398,-19.55603644798746,-7.287249329171947,-3.1922540650688913,-0.0010909575271164339,upper,0.1
494,phase2,upper,-15.0,2,-14.983873246777234,-18.72062758636398,-19.55603644798746,-7.287249329171947,-3.1922540650688913,-0.0009686437433260779,upper,0.1
495,phase2,upper,-15.0,2,-14.98599127177649,-18.72062758636398,-19.55603644798746,-7.287249329171947,-3.1922540650688913,-0.0008462759241892664,upper,0.1
496,phase2,upper,-15.0,2,-14.987918679395644,-18.72062758636398,-19.55603644798746,-7.287249329171947,-3.1922540650688913,-0.0007300187136935355,upper,0.1
497,phase2,upper,-15.0,2,-14.989657017000916,-18.72062758636398,-19.55603644798746,-7.287249329171947,-3.1922540650688913,-0.0006228299191751645,upper,0.1
498,phase2,upper,-15.0,2,-14.991212918899905,-18.72062758636398,-19.55603644798746,-7.287249329171947,-3.1922540650688913,-0.0005258942029124808,upper,0.1
499,phase2,upper,-15.0,2,-14.992595995666322,-18.72062758636398,-19.55603644798746,-7.287249329171947,-3.1922540650688913,-0.00043942111388836543,upper,0.1
500,phase2,upper,-15.0,2,-14.993817527766943,-18.72062758636398,-19.55603644798746,-7.287249329171947,-3.1922540650688913,-0.0003630916969847128,upper,0.1
501,phase2,lower,-20.0,4,-14.993817527766943,-19.054495255053613,-19.669442523138844,-7.197191901476676,-3.128573255531744,0.016455157642267352,upper,0.1
502,phase2,upper,-15.0,2,-14.97975320747431,-19.054495255053613,-19.669442523138844,-7.197191901476676,-3.128573255531744,0.007944632020406009,upper,0.1
503,phase2,upper,-15.0,2,-14.97372553358575,-19.054495255053613,-19.669442523138844,-7.197191901476676,-3.128573255531744,0.0033864904579106406,upper,0.1
504,phase2,lower,-20.0,4,-14.97372553358575,-19.362942140450016,-19.754187548222447,-7.098458331172177,-3.064053032541052,0.020150562339577092,upper,0.1
505,phase2,upper,-15.0,2,-14.956935303776888,-19.362942140450016,-19.754187548222447,-7.098458331172177,-3.064053032541052,0.009206616420673296,upper,0.1
506,phase2,upper,-15.0,2,-14.950568702343011,-19.362942140450016,-19.754187548222447,-7.098458331172177,-3.064053032541052,0.003392042960462061,upper,0.1
507,phase2,upper,-15.0,2,-14.949782394500273,-19.362942140450016,-19.754187548222447,-7.098458331172177,-3.064053032541052,0.0003831498948678727,upper,0.1
508,phase2,upper,-15.0,2,-14.951897878720924,-19.362942140450016,-19.754187548222447,-7.098458331172177,-3.064053032541052,-0.001097355995163726,upper,0.1
509,phase2,upper,-15.0,2,-14.955432704135958,-19.362942140450016,-19.754187548222447,-7.098458331172177,-3.064053032541052,-0.001751519624257721,upper,0.1
510,phase2,upper,-15.0,2,-14.959567002949743,-19.362942140450016,-19.754187548222447,-7.098458331172177,-3.064053032541052,-0.001965049688131673,upper,0.1
511,phase2,upper,-15.0,2,-14.963849338660513,-19.362942140450016,-19.754187548222447,-7.098458331172177,-3.064053032541052,-0.001949623069461575,upper,0.1
512,phase2,upper,-15.0,2,-14.968034178201881,-19.362942140450016,-19.754187548222447,-7.098458331172177,-3.064053032541052,-0.0018211190541239822,upper,0.1
513,phase2,upper,-15.0,2,-14.971991809991223,-19.362942140450016,-19.754187548222447,-7.098458331172177,-3.064053032541052,-0.0016426467728075144,upper,0.1
514,phase2,upper,-15.0,2,-14.975658182668074,-19.362942140450016,-19.754187548222447,-7.098458331172177,-3.064053032541052,-0.0014482234666200093,upper,0.1
515,phase2,upper,-15.0,2,-14.979006782436008,-19.362942140450016,-19.754187548222447,-7.098458331172177,-3.064053032541052,-0.0012558161402838235,upper,0.1
516,phase2,upper,-15.0,2,-14.982032712383859,-19.362942140450016,-19.754187548222447,-7.098458331172177,-3.064053032541052,-0.0010745338477152293,upper,0.1
517,phase2,upper,-15.0,2,-14.984743558100314,-19.362942140450016,-19.754187548222447,-7.098458331172177,-3.064053032541052,-0.0009086013410486153,upper,0.1
518,phase2,upper,-15.0,2,-14.987154053634185,-19.362942140450016,-19.754187548222447,-7.098458331172177,-3.064053032541052,-0.0007595600246809318,upper,0.1
519,phase2,upper,-15.0,2,-14.989282897667556,-19.362942140450016,-19.754187548222447,-7.098458331172177,-3.064053032541052,-0.0006274912020639085,upper,0.1
520,phase2,upper,-15.0,2,-14.991150804581633,-19.362942140450016,-19.754187548222447,-7.098458331172177,-3.064053032541052,-0.0005116989240849439,upper,0.1
521,phase2,upper,-15.0,2,-14.992779279690422,-19.362942140450016,-19.754187548222447,-7.098458331172177,-3.064053032541052,-0.00041109318841240185,upper,0.1
522,phase2,upper,-15.0,2,-14.994189831049,-19.362942140450016,-19.754187548222447,-7.098458331172177,-3.064053032541052,-0.0003244061975987954,upper,0.1
523,phase2,upper,-15.0,2,-14.995403453627256,-19.362942140450016,-19.754187548222447,-7.098458331172177,-3.064053032541052,-0.00025031497531584107,upper,0.1
524,phase2,upper,-15.0,2,-14.996440290166559,-19.362942140450016,-19.754187548222447,-7.098458331172177,-3.064053032541052,-0.00018751095355029206,upper,0.1
525,phase2,upper,-15.0,2,-14.997319411366025,-19.362942140450016,-19.754187548222447,-7.098458331172177,-3.064053032541052,-0.00013473914152849824,upper,0.1
526,phase2,upper,-15.0,2,-14.99805867972522,-19.362942140450016,-19.754187548222447,-7.098458331172177,-3.064053032541052,-9.081955650444912e-05,upper,0.1
527,phase2,upper,-15.0,2,-14.998674673845608,-19.362942140450016,-19.754187548222447,-7.098458331172177,-3.064053032541052,-5.4658104172556964e-05,upper,0.1
528,phase2,upper,-15.0,2,-14.999182657355739,-19.362942140450016,-19.754187548222447,-7.098458331172177,-3.064053032541052,-2.525104620245189e-05,upper,0.1
529,phase2,upper,-15.0,2,-14.999596581125996,-19.362942140450016,-19.754187548222447,-7.098458331172177,-3.064053032541052,-1.6854873863318904e-06,upper,0.1
530,phase2,upper,-15.0,2,-14.999929110317153,-19.362942140450016,-19.754187548222447,-7.098458331172177,-3.064053032541052,1.6862647686360967e-05,upper,0.1
531,phase2,upper,-15.0,2,-15.00019166974764,-19.362942140450016,-19.754187548222447,-7.098458331172177,-3.064053032541052,3.113223008739395e-05,upper,0.1
532,phase2,upper,-15.0,2,-15.000394502446563,-19.362942140450016,-19.754187548222447,-7.098458331172177,-3.064053032541052,4.1781538712217344e-05,upper,0.1
533,phase2,upper,-15.0,2,-15.000546737295322,-19.362942140450016,-19.754187548222447,-7.098458331172177,-3.064053032541052,4.939346838987667e-05,upper,0.1
534,phase2,upper,-15.0,2,-15.000656462470038,-19.362942140450016,-19.754187548222447,-7.098458331172177,-3.064053032541052,5.448105503470937e-05,upper,0.1
535,phase2,upper,-15.0,2,-15.000730802049212,-19.362942140450016,-19.754187548222447,-7.098458331172177,-3.064053032541052,5.74931186516973e-05,upper,0.1
536,phase2,upper,-15.0,2,-15.000775993687451,-19.362942140450016,-19.754187548222447,-7.098458331172177,-3.064053032541052,5.881987966798227e-05,upper,0.1
537,phase2,upper,-15.0,2,-15.0007974657025,-19.362942140450016,-19.754187548222447,-7.098458331172177,-3.064053032541052,5.87984432681035e-05,upper,0.1
538,phase2,upper,-15.0,2,-15.000799912296314,-19.362942140450016,-19.754187548222447,-7.098458331172177,-3.064053032541052,5.7718075624438676e-05,upper,0.1
539,phase2,upper,-15.0,2,-15.000787365943605,-19.362942140450016,-19.754187548222447,-7.098458331172177,-3.064053032541052,5.5825218327160904e-05,upper,0.1
540,phase2,upper,-15.0,2,-15.000763266242187,-19.362942140450016,-19.754187548222447,-7.098458331172177,-3.064053032541052,5.332820484525113e-05,upper,0.1
541,phase2,upper,-15.0,2,-15.000730524736213,-19.362942140450016,-19.754187548222447,-7.098458331172177,-3.064053032541052,5.040165669454113e-05,upper,0.1
542,phase2,upper,-15.0,2,-15.000691585401722,-19.362942140450016,-19.754187548222447,-7.098458331172177,-3.064053032541052,4.719054795480907e-05,upper,0.1
543,phase2,upper,-15.0,2,-15.000648480629383,-19.362942140450016,-19.754187548222447,-7.098458331172177,-3.064053032541052,4.381393542353716e-05,upper,0.1
544,phase2,upper,-15.0,2,-15.0006028826564,-19.362942140450016,-19.754187548222447,-7.098458331172177,-3.064053032541052,4.036835843986435e-05,upper,0.1
545,phase2,upper,-15.0,2,-15.000556150492246,-19.362942140450016,-19.754187548222447,-7.098458331172177,-3.064053032541052,3.693091758724355e-05,upper,0.1
546,phase2,upper,-15.0,2,-15.000509372454962,-19.362942140450016,-19.754187548222447,-7.098458331172177,-3.064053032541052,3.356204535415512e-05,upper,0.1
547,phase2,upper,-15.0,2,-15.000463404489121,-19.362942140450016,-19.754187548222447,-7.098458331172177,-3.064053032541052,3.030798462050448e-05,upper,0.1
548,phase2,upper,-15.0,2,-15.000418904476247,-19.362942140450016,-19.754187548222447,-7.098458331172177,-3.064053032541052,2.720299273312117e-05,upper,0.1
549,phase2,upper,-15.0,2,-15.000376362775784,-19.362942140450016,-19.754187548222447,-7.098458331172177,-3.064053032541052,2.4271290096462326e-05,upper,0.1
550,phase2,upper,-15.0,2,-15.000336129251949,-19.362942140450016,-19.754187548222447,-7.098458331172177,-3.064053032541052,2.1528772773353783e-05,upper,0.1
551,phase2,upper,-15.0,2,-15.000298437050533,-19.362942140450016,-19.754187548222447,-7.098458331172177,-3.064053032541052,1.8984508684712662e-05,upper,0.1
552,phase2,upper,-15.0,2,-15.000263423392067,-19.362942140450016,-19.754187548222447,-7.098458331172177,-3.064053032541052,1.664203671305644e-05,upper,0.1
553,phase2,upper,-15.0,2,-15.000231147644518,-19.362942140450016,-19.754187548222447,-7.098458331172177,-3.064053032541052,1.4500487445687211e-05,upper,0.1
554,phase2,upper,-15.0,2,-15.00020160693159,-19.362942140450016,-19.754187548222447,-7.098458331172177,-3.064053032541052,1.2555543503442316e-05,upper,0.1
555,phase2,upper,-15.0,2,-15.000174749522367,-19.362942140450016,-19.754187548222447,-7.098458331172177,-3.064053032541052,1.080025645804851e-05,upper,0.1
556,phase2,upper,-15.0,2,-15.000150486235516,-19.362942140450016,-19.754187548222447,-7.098458331172177,-3.064053032541052,9.22573629189456e-06,upper,0.1
557,phase2,upper,-15.0,2,-15.000128700077209,-19.362942140450016,-19.754187548222447,-7.098458331172177,-3.064053032541052,7.821728240528504e-06,upper,0.1
558,phase2,upper,-15.0,2,-15.00010925431692,-19.362942140450016,-19.754187548222447,-7.098458331172177,-3.064053032541052,6.577090715553425e-06,upper,0.1
559,phase2,upper,-15.0,2,-15.000091999189737,-19.362942140450016,-19.754187548222447,-7.098458331172177,-3.064053032541052,5.480186859675815e-06,upper,0.1
560,phase2,upper,-15.0,2,-15.00007677739828,-19.362942140450016,-19.754187548222447,-7.098458331172177,-3.064053032541052,4.519201158028791e-06,upper,0.1
561,phase2,upper,-15.0,2,-15.000063428571934,-19.362942140450016,-19.754187548222447,-7.098458331172177,-3.064053032541052,3.6823914383519796e-06,upper,0.1
562,phase2,upper,-15.0,2,-15.00005179282612,-19.362942140450016,-19.754187548222447,-7.098458331172177,-3.064053032541052,2.958285546081729e-06,upper,0.1
563,phase2,upper,-15.0,2,-15.000041713550138,-19.362942140450016,-19.754187548222447,-7.098458331172177,-3.064053032541052,2.335830992002898e-06,upper,0.1
564,phase2,upper,-15.0,2,-15.000033039538389,-19.362942140450016,-19.754187548222447,-7.098458331172177,-3.064053032541052,1.8045049430918132e-06,upper,0.1
565,phase2,upper,-15.0,2,-15.000025626567165,-19.362942140450016,-19.754187548222447,-7.098458331172177,-3.064053032541052,1.354391064082369e-06,upper,0.1
566,phase2,upper,-15.0,2,-15.000019338507284,-19.362942140450016,-19.754187548222447,-7.098458331172177,-3.064053032541052,9.762289232956277e-07,upper,0.1
567,phase2,upper,-15.0,2,-15.000014048051888,-19.362942140450016,-19.754187548222447,-7.098458331172177,-3.064053032541052,6.614409480752799e-07,upper,0.1
568,phase2,upper,-15.0,2,-15.000009637128718,-19.362942140450016,-19.754187548222447,-7.098458331172177,-3.064053032541052,4.0214125268687497e-07,upper,0.1
569,phase2,upper,-15.0,2,-15.000005997057013,-19.362942140450016,-19.754187548222447,-7.098458331172177,-3.064053032541052,1.9113006341741027e-07,upper,0.1
570,phase2,upper,-15.0,2,-15.000003028500917,-19.362942140450016,-19.754187548222447,-7.098458331172177,-3.064053032541052,2.1876927984080024e-08,upper,0.1
571,phase2,upper,-15.0,2,-15.000000641263838,-19.362942140450016,-19.754187548222447,-7.098458331172177,-3.064053032541052,-1.1150458367139888e-07,upper,0.1
572,phase2,upper,-15.0,2,-14.999998753961565,-19.362942140450016,-19.754187548222447,-7.098458331172177,-3.064053032541052,-2.1428840671724048e-07,upper,0.1
573,phase2,upper,-15.0,2,-14.999997293606027,-19.362942140450016,-19.754187548222447,-7.098458331172177,-3.064053032541052,-2.9117183166302304e-07,upper,0.1
574,phase2,upper,-15.0,2,-14.999996195126382,-19.362942140450016,-19.754187548222447,-7.098458331172177,-3.064053032541052,-3.463141031224479e-07,upper,0.1
575,phase2,upper,-15.0,2,-14.999995400849514,-19.362942140450016,-19.754187548222447,-7.098458331172177,-3.064053032541052,-3.833764795024726e-07,upper,0.1
576,phase2,upper,-15.0,2,-14.999994859958043,-19.362942140450016,-19.754187548222447,-7.098458331172177,-3.064053032541052,-4.055627166225484e-07,upper,0.1
577,phase2,upper,-15.0,2,-14.99999452794047,-19.362942140450016,-19.754187548222447,-7.098458331172177,-3.064053032541052,-4.1565915154557116e-07,upper,0.1
578,phase2,upper,-15.0,2,-14.999994366045069,-19.362942140450016,-19.754187548222447,-7.098458331172177,-3.064053032541052,-4.16073747541545e-07,upper,0.1
579,phase2,upper,-15.0,2,-14.999994340746637,-19.362942140450016,-19.754187548222447,-7.098458331172177,-3.064053032541052,-4.088736166701926e-07,upper,0.1
580,phase2,upper,-15.0,2,-14.999994423232957,-19.362942140450016,-19.754187548222447,-7.098458331172177,-3.064053032541052,-3.9582066726539595e-07,upper,0.1
581,phase2,upper,-15.0,2,-14.999994588916058,-19.362942140450016,-19.754187548222447,-7.098458331172177,-3.064053032541052,-3.784051333435222e-07,upper,0.1
582,phase2,upper,-15.0,2,-14.99999481697179,-19.362942140450016,-19.754187548222447,-7.098458331172177,-3.064053032541052,-3.5787683340988144e-07,upper,0.1
583,phase2,upper,-15.0,2,-14.999995089909993,-19.362942140450016,-19.754187548222447,-7.098458331172177,-3.064053032541052,-3.352740800088283e-07,upper,0.1
584,phase2,upper,-15.0,2,-14.999995393176437,-19.362942140450016,-19.754187548222447,-7.098458331172177,-3.064053032541052,-3.1145021983812195e-07,upper,0.1
585,phase2,upper,-15.0,2,-14.999995714786987,-19.362942140450016,-19.754187548222447,-7.098458331172177,-3.064053032541052,-2.8709783290095956e-07,upper,0.1
586,phase2,upper,-15.0,2,-14.999996044993642,-19.362942140450016,-19.754187548222447,-7.098458331172177,-3.064053032541052,-2.627706539682035e-07,upper,0.1
587,phase2,upper,-15.0,2,-14.999996375981707,-19.362942140450016,-19.754187548222447,-7.098458331172177,-3.064053032541052,-2.3890330835354423e-07,upper,0.1
588,phase2,upper,-15.0,2,-14.999996701596872,-19.362942140450016,-19.754187548222447,-7.098458331172177,-3.064053032541052,-2.1582897302219502e-07,upper,0.1
589,phase2,upper,-15.0,2,-14.99999701710075,-19.362942140450016,-19.754187548222447,-7.098458331172177,-3.064053032541052,-1.9379508836314052e-07,upper,0.1
590,phase2,upper,-15.0,2,-14.99999731895318,-19.362942140450016,-19.754187548222447,-7.098458331172177,-3.064053032541052,-1.7297725414163775e-07,upper,0.1
591,phase2,upper,-15.0,2,-14.99999760461951,-19.362942140450016,-19.754187548222447,-7.098458331172177,-3.064053032541052,-1.5349144696296495e-07,upper,0.1
592,phase2,upper,-15.0,2,-14.99999787240098,-19.362942140450016,-19.754187548222447,-7.098458331172177,-3.064053032541052,-1.354046986392663e-07,upper,0.1
593,phase2,upper,-15.0,2,-14.999998121286337,-19.362942140450016,-19.754187548222447,-7.098458331172177,-3.064053032541052,-1.1874437146733794e-07,upper,0.1
594,phase2,upper,-15.0,2,-14.999998350822807,-19.362942140450016,-19.754187548222447,-7.098458331172177,-3.064053032541052,-1.0350616371721454e-07,upper,0.1
595,phase2,lower,-20.0,4,-14.999998350822807,-19.65206677438281,-19.81667831773616,-6.995457696301824,-3.0015267127188383,0.02168238164031596,upper,0.1
596,phase2,upper,-15.0,2,-14.980484324372787,-19.65206677438281,-19.81667831773616,-6.995457696301824,-3.0015267127188383,0.010624328060802744,upper,0.1
597,phase2,upper,-15.0,2,-14.971507966694846,-19.65206677438281,-19.81667831773616,-6.995457696301824,-3.0015267127188383,0.004673148862887178,upper,0.1
598,phase2,upper,-15.0,2,-14.968268385908157,-19.65206677438281,-19.81667831773616,-6.995457696301824,-3.0015267127188383,0.0015220447307520808,upper,0.1
599,phase2,upper,-15.0,2,-14.968108732390887,-19.65206677438281,-19.81667831773616,-6.995457696301824,-3.0015267127188383,-9.72296980502347e-05,upper,0.1
600,phase2,upper,-15.0,2,-14.969555474902096,-19.65206677438281,-19.81667831773616,-6.995457696301824,-3.0015267127188383,-0.0008820493598512336,upper,0.1
601,phase2,upper,-15.0,2,-14.971789694792717,-19.65206677438281,-19.81667831773616,-6.995457696301824,-3.0015267127188383,-0.001215906147256246,upper,0.1
602,phase2,upper,-15.0,2,-14.974355830754517,-19.65206677438281,-19.81667831773616,-6.995457696301824,-3.0015267127188383,-0.0013096393297397685,upper,0.1
603,phase2,upper,-15.0,2,-14.977000975232386,-19.65206677438281,-19.81667831773616,-6.995457696301824,-3.0015267127188383,-0.00127906613163769,upper,0.1
604,phase2,upper,-15.0,2,-14.979585986111482,-19.65206677438281,-19.81667831773616,-6.995457696301824,-3.0015267127188383,-0.0011876665250747278,upper,0.1
605,phase2,upper,-15.0,2,-14.982036136521408,-19.65206677438281,-19.81667831773616,-6.995457696301824,-3.0015267127188383,-0.0010700644655798899,upper,0.1
606,phase2,upper,-15.0,2,-14.984313561877533,-19.65206677438281,-19.81667831773616,-6.995457696301824,-3.0015267127188383,-0.0009449544321525992,upper,0.1
607,phase2,upper,-15.0,2,-14.98640174954847,-19.65206677438281,-19.81667831773616,-6.995457696301824,-3.0015267127188383,-0.0008222252340488117,upper,0.1
608,phase2,upper,-15.0,2,-14.988296704490685,-19.65206677438281,-19.81667831773616,-6.995457696301824,-3.0015267127188383,-0.0007068921773884867,upper,0.1
609,phase2,upper,-15.0,2,-14.990001835369037,-19.65206677438281,-19.81667831773616,-6.995457696301824,-3.0015267127188383,-0.0006012725195163814,upper,0.1
610,phase2,upper,-15.0,2,-14.991524930891675,-19.65206677438281,-19.81667831773616,-6.995457696301824,-3.0015267127188383,-0.0005061929505353784,upper,0.1
611,phase2,upper,-15.0,2,-14.992876324696384,-19.65206677438281,-19.81667831773616,-6.995457696301824,-3.0015267127188383,-0.0004216628055815823,upper,0.1
612,phase2,upper,-15.0,2,-14.994067747966238,-19.65206677438281,-19.81667831773616,-6.995457696301824,-3.0015267127188383,-0.0003472516268087511,upper,0.1
613,phase2,upper,-15.0,2,-14.995111589705626,-19.65206677438281,-19.81667831773616,-6.995457696301824,-3.0015267127188383,-0.00028230248337574704,upper,0.1
614,phase2,upper,-15.0,2,-14.996020406399717,-19.65206677438281,-19.81667831773616,-6.995457696301824,-3.0015267127188383,-0.00022605352437050157,upper,0.1
615,phase2,upper,-15.0,2,-14.996806590175181,-19.65206677438281,-19.81667831773616,-6.995457696301824,-3.0015267127188383,-0.00017770783063231148,upper,0.1
616,phase2,upper,-15.0,2,-14.997482142057713,-19.65206677438281,-19.81667831773616,-6.995457696301824,-3.0015267127188383,-0.00013647379660761586,upper,0.1
617,phase2,upper,-15.0,2,-14.998058517929996,-19.65206677438281,-19.81667831773616,-6.995457696301824,-3.0015267127188383,-0.00010158844762603731,upper,0.1
618,phase2,upper,-15.0,2,-14.998546526719338,-19.65206677438281,-19.81667831773616,-6.995457696301824,-3.0015267127188383,-7.233067465386315e-05,upper,0.1
619,phase2,upper,-15.0,2,-14.998956267246358,-19.65206677438281,-19.81667831773616,-6.995457696301824,-3.0015267127188383,-4.8028366215435996e-05,upper,0.1
620,phase2,upper,-15.0,2,-14.999297094275242,-19.65206677438281,-19.81667831773616,-6.995457696301824,-3.0015267127188383,-2.8061747118595344e-05,upper,0.1
621,phase2,upper,-15.0,2,-14.999577606849211,-19.65206677438281,-19.81667831773616,-6.995457696301824,-3.0015267127188383,-1.1864297690201652e-05,upper,0.1
622,phase2,upper,-15.0,2,-14.9998056536475,-19.65206677438281,-19.81667831773616,-6.995457696301824,-3.0015267127188383,1.0779033412288628e-06,upper,0.1
623,phase2,upper,-15.0,2,-14.999988351235379,-19.65206677438281,-19.81667831773616,-6.995457696301824,-3.0015267127188383,1.1227875141801318e-05,upper,0.1
624,phase2,upper,-15.0,2,-15.000132111903298,-19.65206677438281,-19.81667831773616,-6.995457696301824,-3.0015267127188383,1.9000113880034798e-05,upper,0.1
625,phase2,upper,-15.0,2,-15.000242678420918,-19.65206677438281,-19.81667831773616,-6.995457696301824,-3.0015267127188383,2.47634087102461e-05,upper,0.1
626,phase2,upper,-15.0,2,-15.000325163531953,-19.65206677438281,-19.81667831773616,-6.995457696301824,-3.0015267127188383,2.8843918994223325e-05,upper,0.1
627,phase2,upper,-15.0,2,-15.000384092424612,-19.65206677438281,-19.81667831773616,-6.995457696301824,-3.0015267127188383,3.1528384043724956e-05,upper,0.1
628,phase2,upper,-15.0,2,-15.000423446752604,-19.65206677438281,-19.81667831773616,-6.995457696301824,-3.0015267127188383,3.306736954658256e-05,upper,0.1
629,phase2,upper,-15.0,2,-15.00044670906763,-19.65206677438281,-19.81667831773616,-6.995457696301824,-3.0015267127188383,3.367847894137793e-05,upper,0.1
630,phase2,upper,-15.0,2,-15.000456906765713,-19.65206677438281,-19.81667831773616,-6.995457696301824,-3.0015267127188383,3.354947633183457e-05,upper,0.1
631,phase2,upper,-15.0,2,-15.00045665485346,-19.65206677438281,-19.81667831773616,-6.995457696301824,-3.0015267127188383,3.2841281854079416e-05,upper,0.1
632,phase2,upper,-15.0,2,-15.000448197011796,-19.65206677438281,-19.81667831773616,-6.995457696301824,-3.0015267127188383,3.169081179268057e-05,upper,0.1
633,phase2,upper,-15.0,2,-15.000433444578286,-19.65206677438281,-19.81667831773616,-6.995457696301824,-3.0015267127188383,3.0213644871530785e-05,upper,0.1
634,phase2,upper,-15.0,2,-15.000414013188406,-19.65206677438281,-19.81667831773616,-6.995457696301824,-3.0015267127188383,2.850650348105254e-05,upper,0.1
635,phase2,upper,-15.0,2,-15.00039125691435,-19.65206677438281,-19.81667831773616,-6.995457696301824,-3.0015267127188383,2.6649544474698795e-05,upper,0.1
636,phase2,upper,-15.0,2,-15.000366299819927,-19.65206677438281,-19.81667831773616,-6.995457696301824,-3.0015267127188383,2.4708458827603198e-05,upper,0.1
637,phase2,upper,-15.0,2,-15.000340064914404,-19.65206677438281,-19.81667831773616,-6.995457696301824,-3.0015267127188383,2.273638309141947e-05,upper,0.1
638,phase2,lower,-20.0,4,-15.000340064914404,-19.918507465973363,-19.856486443341918,-6.887742772589234,-2.9402126271422095,0.02372690139636687,upper,0.1
639,phase2,upper,-15.0,2,-14.978979552026901,-19.918507465973363,-19.856486443341918,-6.887742772589234,-2.9402126271422095,0.011635816484882435,upper,0.1
640,phase2,upper,-15.0,2,-14.969139331430418,-19.918507465973363,-19.856486443341918,-6.887742772589234,-2.9402126271422095,0.005127817919991307,upper,0.1
641,phase2,upper,-15.0,2,-14.965571342603653,-19.918507465973363,-19.856486443341918,-6.887742772589234,-2.9402126271422095,0.0016810449808187834,upper,0.1
642,phase2,upper,-15.0,2,-14.965371368008567,-19.918507465973363,-19.856486443341918,-6.887742772589234,-2.9402126271422095,-9.098075140060856e-05,upper,0.1
643,phase2,upper,-15.0,2,-14.96692874826236,-19.918507465973363,-19.856486443341918,-6.887742772589234,-2.9402126271422095,-0.0009506447459513008,upper,0.1
644,phase2,upper,-15.0,2,-14.969348394869963,-19.918507465973363,-19.856486443341918,-6.887742772589234,-2.9402126271422095,-0.0013171875073831713,upper,0.1
645,phase2,upper,-15.0,2,-14.97213239159592,-19.918507465973363,-19.856486443341918,-6.887742772589234,-2.9402126271422095,-0.0014211025152808367,upper,0.1
646,phase2,upper,-15.0,2,-14.975004318478895,-19.918507465973363,-19.856486443341918,-6.887742772589234,-2.9402126271422095,-0.0013890043688800679,upper,0.1
647,phase2,upper,-15.0,2,-14.977812085657112,-19.918507465973363,-19.856486443341918,-6.887742772589234,-2.9402126271422095,-0.001290292894224176,upper,0.1
648,phase2,upper,-15.0,2,-14.980473990463793,-19.918507465973363,-19.856486443341918,-6.887742772589234,-2.9402126271422095,-0.001162823240287397,upper,0.1
649,phase2,upper,-15.0,2,-14.982948602889289,-19.918507465973363,-19.856486443341918,-6.887742772589234,-2.9402126271422095,-0.001027037237995579,upper,0.1
650,phase2,upper,-15.0,2,-14.985217815409499,-19.918507465973363,-19.856486443341918,-6.887742772589234,-2.9402126271422095,-0.000893751049397834,upper,0.1
651,phase2,upper,-15.0,2,-14.987277190257613,-19.918507465973363,-19.856486443341918,-6.887742772589234,-2.9402126271422095,-0.0007684536505909795,upper,0.1
652,phase2,upper,-15.0,2,-14.98913037320404,-19.918507465973363,-19.856486443341918,-6.887742772589234,-2.9402126271422095,-0.0006536848615807185,upper,0.1
653,phase2,upper,-15.0,2,-14.990785791672879,-19.918507465973363,-19.856486443341918,-6.887742772589234,-2.9402126271422095,-0.0005503551976457996,upper,0.1
654,phase2,upper,-15.0,2,-14.992254651558714,-19.918507465973363,-19.856486443341918,-6.887742772589234,-2.9402126271422095,-0.00045848167794428394,upper,0.1
655,phase2,upper,-15.0,2,-14.993549685313775,-19.918507465973363,-19.856486443341918,-6.887742772589234,-2.9402126271422095,-0.0003776004533891783,upper,0.1
656,phase2,upper,-15.0,2,-14.994684345203478,-19.918507465973363,-19.856486443341918,-6.887742772589234,-2.9402126271422095,-0.0003069999093988881,upper,0.1
657,phase2,upper,-15.0,2,-14.995672268767883,-19.918507465973363,-19.856486443341918,-6.887742772589234,-2.9402126271422095,-0.0002458534713660008,upper,0.1
658,phase2,upper,-15.0,2,-14.996526917197722,-19.918507465973363,-19.856486443341918,-6.887742772589234,-2.9402126271422095,-0.00019329591042805723,upper,0.1
659,phase2,upper,-15.0,2,-14.997261328298439,-19.918507465973363,-19.856486443341918,-6.887742772589234,-2.9402126271422095,-0.0001484674498581809,upper,0.1
660,phase2,upper,-15.0,2,-14.997887948675915,-19.918507465973363,-19.856486443341918,-6.887742772589234,-2.9402126271422095,-0.00011053923094305864,upper,0.1
661,phase2,upper,-15.0,2,-14.998418522808876,-19.918507465973363,-19.856486443341918,-6.887742772589234,-2.9402126271422095,-7.87277686245274e-05,upper,0.1
662,phase2,upper,-15.0,2,-14.998864024213011,-19.918507465973363,-19.856486443341918,-6.887742772589234,-2.9402126271422095,-5.230274524613657e-05,upper,0.1
663,phase2,upper,-15.0,2,-14.999234618388924,-19.918507465973363,-19.856486443341918,-6.887742772589234,-2.9402126271422095,-3.0590665313056265e-05,upper,0.1
664,phase2,upper,-15.0,2,-14.999539650021648,-19.918507465973363,-19.856486443341918,-6.887742772589234,-2.9402126271422095,-1.2975871280967964e-05,upper,0.1
665,phase2,upper,-15.0,2,-14.999787648702018,-19.918507465973363,-19.856486443341918,-6.887742772589234,-2.9402126271422095,1.1001593812563749e-06,upper,0.1
666,phase2,upper,-15.0,2,-14.999986348677504,-19.918507465973363,-19.856486443341918,-6.887742772589234,-2.9402126271422095,1.2140649861061112e-05,upper,0.1
667,phase2,upper,-15.0,2,-15.00014271903827,-19.918507465973363,-19.856486443341918,-6.887742772589234,-2.9402126271422095,2.0596103864488872e-05,upper,0.1
668,phase2,upper,-15.0,2,-15.000263001429605,-19.918507465973363,-19.856486443341918,-6.887742772589234,-2.9402126271422095,2.6867361674956875e-05,upper,0.1
669,phase2,upper,-15.0,2,-15.000352752926261,-19.918507465973363,-19.856486443341918,-6.887742772589234,-2.9402126271422095,3.130894110352066e-05,upper,0.1
670,phase2,upper,-15.0,2,-15.000416892148767,-19.918507465973363,-19.856486443341918,-6.887742772589234,-2.9402126271422095,3.4232523183342786e-05,upper,0.1
671,phase2,upper,-15.0,2,-15.000459747071924,-19.918507465973363,-19.856486443341918,-6.887742772589234,-2.9402126271422095,3.5910478284779817e-05,upper,0.1
672,phase2,upper,-15.0,2,-15.000485103286561,-19.918507465973363,-19.856486443341918,-6.887742772589234,-2.9402126271422095,3.657935457575224e-05,upper,0.1
673,phase2,upper,-15.0,2,-15.00049625173813,-19.918507465973363,-19.856486443341918,-6.887742772589234,-2.9402126271422095,3.644327070081963e-05,upper,0.1
674,phase2,upper,-15.0,2,-15.000496035187266,-19.918507465973363,-19.856486443341918,-6.887742772589234,-2.9402126271422095,3.567717013630278e-05,upper,0.1
675,phase2,lower,-20.0,4,-15.000496035187266,-20.162273254257094,-19.875415032038415,-6.776395747974445,-2.880492243451858,0.02541680624014555,upper,0.1
676,phase2,upper,-15.0,2,-14.97764387666088,-20.162273254257094,-19.875415032038415,-6.776395747974445,-2.880492243451858,0.012471183151366413,upper,0.1
677,phase2,upper,-15.0,2,-14.96712009902448,-20.162273254257094,-19.875415032038415,-6.776395747974445,-2.880492243451858,0.005503221891980713,upper,0.1
678,phase2,upper,-15.0,2,-14.963306620014436,-20.162273254257094,-19.875415032038415,-6.776395747974445,-2.880492243451858,0.0018127295601514234,upper,0.1
679,phase2,upper,-15.0,2,-14.963094850324033,-20.162273254257094,-19.875415032038415,-6.776395747974445,-2.880492243451858,-8.479209285676653e-05,upper,0.1
680,phase2,upper,-15.0,2,-14.964761121783242,-20.162273254257094,-19.875415032038415,-6.776395747974445,-2.880492243451858,-0.0010056063439714943,upper,0.1
681,phase2,upper,-15.0,2,-14.96734782534512,-20.162273254257094,-19.875415032038415,-6.776395747974445,-2.880492243451858,-0.0013985642483413995,upper,0.1
682,phase2,upper,-15.0,2,-14.970322501623363,-20.162273254257094,-19.875415032038415,-6.776395747974445,-2.880492243451858,-0.0015104245604074418,upper,0.1
683,phase2,upper,-15.0,2,-14.97338975015164,-20.162273254257094,-19.875415032038415,-6.776395747974445,-2.880492243451858,-0.0014767250077468144,upper,0.1
684,phase2,upper,-15.0,2,-14.97638720171182,-20.162273254257094,-19.875415032038415,-6.776395747974445,-2.880492243451858,-0.0013717468344579219,upper,0.1
685,phase2,upper,-15.0,2,-14.979227770803112,-20.162273254257094,-19.875415032038415,-6.776395747974445,-2.880492243451858,-0.0012360001729047213,upper,0.1
686,phase2,upper,-15.0,2,-14.981867421246688,-20.162273254257094,-19.875415032038415,-6.776395747974445,-2.880492243451858,-0.0010913544347133954,upper,0.1
687,phase2,lower,-20.0,4,-14.981867421246688,-20.38456965102647,-19.87595548492598,-6.662941543758235,-2.823048926849796,0.02649906128112597,upper,0.1
688,phase2,upper,-15.0,2,-14.959455652369119,-20.38456965102647,-19.87595548492598,-6.662941543758235,-2.823048926849796,0.01256992742994241,upper,0.1
689,phase2,upper,-15.0,2,-14.950228236574088,-20.38456965102647,-19.87595548492598,-6.662941543758235,-2.823048926849796,0.005130630712017822,upper,0.1
690,phase2,upper,-15.0,2,-14.948080224573804,-20.38456965102647,-19.87595548492598,-6.662941543758235,-2.823048926849796,0.0012431161537592595,upper,0.1
691,phase2,upper,-15.0,2,-14.949639987213626,-20.38456965102647,-19.87595548492598,-6.662941543758235,-2.823048926849796,-0.0007073953014055163,upper,0.1
692,phase2,upper,-15.0,2,-14.953044579931678,-20.38456965102647,-19.87595548492598,-6.662941543758235,-2.823048926849796,-0.0016083097560690312,upper,0.1
693,phase2,upper,-15.0,2,-14.957265643021858,-20.38456965102647,-19.87595548492598,-6.662941543758235,-2.823048926849796,-0.0019471117946487577,upper,0.1
694,phase2,upper,-15.0,2,-14.961737927698449,-20.38456965102647,-19.87595548492598,-6.662941543758235,-2.823048926849796,-0.0019913259231955087,upper,0.1
695,phase2,upper,-15.0,2,-14.966154236699435,-20.38456965102647,-19.87595548492598,-6.662941543758235,-2.823048926849796,-0.0018874414611024545,upper,0.1
696,phase2,upper,-15.0,2,-14.970351932596698,-20.38456965102647,-19.87595548492598,-6.662941543758235,-2.823048926849796,-0.0017153093425528658,upper,0.1
697,phase2,upper,-15.0,2,-14.974249879546088,-20.38456965102647,-19.87595548492598,-6.662941543758235,-2.823048926849796,-0.001518068431251607,upper,0.1
698,phase2,upper,-15.0,2,-14.977813205839482,-20.38456965102647,-19.87595548492598,-6.662941543758235,-2.823048926849796,-0.0013186213214565197,upper,0.1
699,phase2,upper,-15.0,2,-14.981033450896945,-20.38456965102647,-19.87595548492598,-6.662941543758235,-2.823048926849796,-0.0011287145441955678,upper,0.1
700,phase2,upper,-15.0,2,-14.98391725196561,-20.38456965102647,-19.87595548492598,-6.662941543758235,-2.823048926849796,-0.0009539503816475936,upper,0.1
701,phase2,upper,-15.0,2,-14.986479798755969,-20.38456965102647,-19.87595548492598,-6.662941543758235,-2.823048926849796,-0.0007965588978200865,upper,0.1
702,phase2,upper,-15.0,2,-14.988740973510614,-20.38456965102647,-19.87595548492598,-6.662941543758235,-2.823048926849796,-0.0006569354400581243,upper,0.1
703,phase2,upper,-15.0,2,-14.990723023063309,-20.38456965102647,-19.87595548492598,-6.662941543758235,-2.823048926849796,-0.0005344964712121897,upper,0.1
704,phase2,upper,-15.0,2,-14.992449120827455,-20.38456965102647,-19.87595548492598,-6.662941543758235,-2.823048926849796,-0.00042815799438966683,upper,0.1
705,phase2,upper,-15.0,2,-14.993942458514477,-20.38456965102647,-19.87595548492598,-6.662941543758235,-2.823048926849796,-0.00033660419814091633,upper,0.1
706,phase2,upper,-15.0,2,-14.995225663090622,-20.38456965102647,-19.87595548492598,-6.662941543758235,-2.823048926849796,-0.00025843882985098344,upper,0.1
707,phase2,upper,-15.0,2,-14.99632042081879,-20.38456965102647,-19.87595548492598,-6.662941543758235,-2.823048926849796,-0.00019227048359113141,upper,0.1
708,phase2,upper,-15.0,2,-14.997247238394847,-20.38456965102647,-19.87595548492598,-6.662941543758235,-2.823048926849796,-0.00013676023972170281,upper,0.1
709,phase2,upper,-15.0,2,-14.998025298313813,-20.38456965102647,-19.87595548492598,-6.662941543758235,-2.823048926849796,-9.064755232868622e-05,upper,0.1
710,phase2,upper,-15.0,2,-14.998672381107049,-20.38456965102647,-19.87595548492598,-6.662941543758235,-2.823048926849796,-5.276335157409489e-05,upper,0.1
711,phase2,upper,-15.0,2,-14.999204836153222,-20.38456965102647,-19.87595548492598,-6.662941543758235,-2.823048926849796,-2.203548638173136e-05,upper,0.1
712,phase2,upper,-15.0,2,-14.99963758823001,-20.38456965102647,-19.87595548492598,-6.662941543758235,-2.823048926849796,2.5105087837108285e-06,upper,0.1
713,phase2,upper,-15.0,2,-14.99998417040743,-20.38456965102647,-19.87595548492598,-6.662941543758235,-2.823048926849796,2.1753543383690155e-05,upper,0.1
714,phase2,upper,-15.0,2,-15.000256776152236,-20.38456965102647,-19.87595548492598,-6.662941543758235,-2.823048926849796,3.648090252759578e-05,upper,0.1
715,phase2,upper,-15.0,2,-15.000466325094854,-20.38456965102647,-19.87595548492598,-6.662941543758235,-2.823048926849796,4.7393284745959665e-05,upper,0.1
716,phase2,upper,-15.0,2,-15.000622538072726,-20.38456965102647,-19.87595548492598,-6.662941543758235,-2.823048926849796,5.511048644391585e-05,upper,0.1
717,phase2,upper,-15.0,2,-15.000734017957202,-20.38456965102647,-19.87595548492598,-6.662941543758235,-2.823048926849796,6.017741954406537e-05,upper,0.1
718,phase2,upper,-15.0,2,-15.00080833348154,-20.38456965102647,-19.87595548492598,-6.662941543758235,-2.823048926849796,6.307024246619302e-05,upper,0.1
719,phase2,upper,-15.0,2,-15.000852103866071,-20.38456965102647,-19.87595548492598,-6.662941543758235,-2.823048926849796,6.420244750217734e-05,upper,0.1
720,phase2,upper,-15.0,2,-15.000871082514525,-20.38456965102647,-19.87595548492598,-6.662941543758235,-2.823048926849796,6.393079186670583e-05,upper,0.1
721,phase2,upper,-15.0,2,-15.000870238453215,-20.38456965102647,-19.87595548492598,-6.662941543758235,-2.823048926849796,6.256099207364021e-05,upper,0.1
722,phase2,upper,-15.0,2,-15.000853834516267,-20.38456965102647,-19.87595548492598,-6.662941543758235,-2.823048926849796,6.035312574507214e-05,upper,0.1
723,phase2,upper,-15.0,2,-15.000825501555894,-20.38456965102647,-19.87595548492598,-6.662941543758235,-2.823048926849796,5.752670385485155e-05,upper,0.1
724,phase2,upper,-15.0,2,-15.000788308184921,-20.38456965102647,-19.87595548492598,-6.662941543758235,-2.823048926849796,5.4265391190349356e-05,upper,0.1
725,phase2,upper,-15.0,2,-15.000744825746178,-20.38456965102647,-19.87595548492598,-6.662941543758235,-2.823048926849796,5.072136443054777e-05,upper,0.1
726,phase2,upper,-15.0,2,-15.000697188355728,-20.38456965102647,-19.87595548492598,-6.662941543758235,-2.823048926849796,4.7019306334570223e-05,upper,0.1
727,phase2,upper,-15.0,2,-15.000647147989048,-20.38456965102647,-19.87595548492598,-6.662941543758235,-2.823048926849796,4.326004158759188e-05,upper,0.1
728,phase2,upper,-15.0,2,-15.000596124675793,-20.38456965102647,-19.87595548492598,-6.662941543758235,-2.823048926849796,3.952382522493555e-05,upper,0.1
729,phase2,upper,-15.0,2,-15.000545251943215,-20.38456965102647,-19.87595548492598,-6.662941543758235,-2.823048926849796,3.5873298545148516e-05,upper,0.1
730,phase2,upper,-15.0,2,-15.00049541770432,-20.38456965102647,-19.87595548492598,-6.662941543758235,-2.823048926849796,3.2356130265169345e-05,upper,0.1
731,phase2,upper,-15.0,2,-15.00044730082725,-20.38456965102647,-19.87595548492598,-6.662941543758235,-2.823048926849796,2.9007362574762723e-05,upper,0.1
732,phase2,upper,-15.0,2,-15.000401403649828,-20.38456965102647,-19.87595548492598,-6.662941543758235,-2.823048926849796,2.5851482879621048e-05,upper,0.1
733,phase2,upper,-15.0,2,-15.000358080719987,-20.38456965102647,-19.87595548492598,-6.662941543758235,-2.823048926849796,2.2904242533578964e-05,upper,0.1
734,phase2,upper,-15.0,2,-15.000317564050976,-20.38456965102647,-19.87595548492598,-6.662941543758235,-2.823048926849796,2.0174243875359055e-05,upper,0.1
735,phase2,upper,-15.0,2,-15.000279985181283,-20.38456965102647,-19.87595548492598,-6.662941543758235,-2.823048926849796,1.7664316509706965e-05,upper,0.1
736,phase2,upper,-15.0,2,-15.00024539432498,-20.38456965102647,-19.87595548492598,-6.662941543758235,-2.823048926849796,1.537270309818488e-05,upper,0.1
737,phase2,lower,-20.0,4,-15.00024539432498,-20.58369439898363,-19.858411823521543,-6.547331318554496,-2.7674322590492624,0.027822848450924857,upper,0.1
738,phase2,upper,-15.0,2,-14.975187048716494,-20.58369439898363,-19.858411823521543,-6.547331318554496,-2.7674322590492624,0.013638957190463864,upper,0.1
739,phase2,upper,-15.0,2,-14.963646044493808,-20.58369439898363,-19.858411823521543,-6.547331318554496,-2.7674322590492624,0.006004765637207973,upper,0.1
740,phase2,upper,-15.0,2,-14.959465202122,-20.58369439898363,-19.858411823521543,-6.547331318554496,-2.7674322590492624,0.001961826700197274,upper,0.1
741,phase2,upper,-15.0,2,-14.959237016741378,-20.58369439898363,-19.858411823521543,-6.547331318554496,-2.7674322590492624,-0.00011637757478337517,upper,0.1
742,phase2,upper,-15.0,2,-14.96107155216155,-20.58369439898363,-19.858411823521543,-6.547331318554496,-2.7674322590492624,-0.0011242329051444377,upper,0.1
743,phase2,upper,-15.0,2,-14.963918390377819,-20.58369439898363,-19.858411823521543,-6.547331318554496,-2.7674322590492624,-0.0015535749845268126,upper,0.1
744,phase2,upper,-15.0,2,-14.967193106707393,-20.58369439898363,-19.858411823521543,-6.547331318554496,-2.7674322590492624,-0.0016748151351685418,upper,0.1
745,phase2,upper,-15.0,2,-14.97057117444426,-20.58369439898363,-19.858411823521543,-6.547331318554496,-2.7674322590492624,-0.001636500144641481,upper,0.1
746,phase2,upper,-15.0,2,-14.973873970611995,-20.58369439898363,-19.858411823521543,-6.547331318554496,-2.7674322590492624,-0.0015200546941662244,upper,0.1
747,phase2,upper,-15.0,2,-14.977005487961458,-20.58369439898363,-19.858411823521543,-6.547331318554496,-2.7674322590492624,-0.0013698955505573908,upper,0.1
748,phase2,upper,-15.0,2,-14.979917000913236,-20.58369439898363,-19.858411823521543,-6.547331318554496,-2.7674322590492624,-0.0012100095548645694,upper,0.1
749,phase2,upper,-15.0,2,-14.982587175405973,-20.58369439898363,-19.858411823521543,-6.547331318554496,-2.7674322590492624,-0.0010530897240841506,upper,0.1
750,phase2,upper,-15.0,2,-14.985010740084343,-20.58369439898363,-19.858411823521543,-6.547331318554496,-2.7674322590492624,-0.0009055781492194852,upper,0.1
751,phase2,upper,-15.0,2,-14.987191928549407,-20.58369439898363,-19.858411823521543,-6.547331318554496,-2.7674322590492624,-0.000770455958818206,upper,0.1
752,phase2,upper,-15.0,2,-14.989140601945616,-20.58369439898363,-19.858411823521543,-6.547331318554496,-2.7674322590492624,-0.0006487918903442169,upper,0.1
753,phase2,upper,-15.0,2,-14.990869895579058,-20.58369439898363,-19.858411823521543,-6.547331318554496,-2.7674322590492624,-0.0005406056840081567,upper,0.1
754,phase2,upper,-15.0,2,-14.992394747325045,-20.58369439898363,-19.858411823521543,-6.547331318554496,-2.7674322590492624,-0.000445352321058127,upper,0.1
755,phase2,upper,-15.0,2,-14.993730948688063,-20.58369439898363,-19.858411823521543,-6.547331318554496,-2.7674322590492624,-0.000362195632901276,upper,0.1
756,phase2,upper,-15.0,2,-14.994894515566406,-20.58369439898363,-19.858411823521543,-6.547331318554496,-2.7674322590492624,-0.00029016422669380705,upper,0.1
757,phase2,upper,-15.0,2,-14.995901262200285,-20.58369439898363,-19.858411823521543,-6.547331318554496,-2.7674322590492624,-0.00022824110940103504,upper,0.1
758,phase2,upper,-15.0,2,-14.99676650984125,-20.58369439898363,-19.858411823521543,-6.547331318554496,-2.7674322590492624,-0.00017541551977264585,upper,0.1
759,phase2,upper,-15.0,2,-14.997504888618439,-20.58369439898363,-19.858411823521543,-6.547331318554496,-2.7674322590492624,-0.00013071287660570396,upper,0.1
760,phase2,upper,-15.0,2,-14.998130206367305,-20.58369439898363,-19.858411823521543,-6.547331318554496,-2.7674322590492624,-9.321179659065563e-05,upper,0.1
761,phase2,upper,-15.0,2,-14.99865536703464,-20.58369439898363,-19.858411823521543,-6.547331318554496,-2.7674322590492624,-6.205328477398262e-05,upper,0.1
762,phase2,upper,-15.0,2,-14.99909232654044,-20.58369439898363,-19.858411823521543,-6.547331318554496,-2.7674322590492624,-3.64450590448556e-05,upper,0.1
763,phase2,upper,-15.0,2,-14.999452077235985,-20.58369439898363,-19.858411823521543,-6.547331318554496,-2.7674322590492624,-1.5662769902515506e-05,upper,0.1
764,phase2,upper,-15.0,2,-14.999744654214664,-20.58369439898363,-19.858411823521543,-6.547331318554496,-2.7674322590492624,9.508035464640913e-07,upper,0.1
765,phase2,upper,-15.0,2,-14.999979158186056,-20.58369439898363,-19.858411823521543,-6.547331318554496,-2.7674322590492624,1.3987892690195622e-05,upper,0.1
766,phase2,upper,-15.0,2,-15.000163790679604,-20.58369439898363,-19.858411823521543,-6.547331318554496,-2.7674322590492624,2.397875672715058e-05,upper,0.1
767,phase2,upper,-15.0,2,-15.000305898150486,-20.58369439898363,-19.858411823521543,-6.547331318554496,-2.7674322590492624,3.13952628586577e-05,upper,0.1
768,phase2,upper,-15.0,2,-15.0004120222006,-20.58369439898363,-19.858411823521543,-6.547331318554496,-2.7674322590492624,3.665480411713114e-05,upper,0.1
769,phase2,upper,-15.0,2,-15.000487953651076,-20.58369439898363,-19.858411823521543,-6.547331318554496,-2.7674322590492624,4.0124389711778165e-05,upper,0.1
770,phase2,upper,-15.0,2,-15.00053878863829,-20.58369439898363,-19.858411823521543,-6.547331318554496,-2.7674322590492624,4.212478490689354e-05,upper,0.1
771,phase2,upper,-15.0,2,-15.000568985271572,-20.58369439898363,-19.858411823521543,-6.547331318554496,-2.7674322590492624,4.293460832600017e-05,upper,0.1
772,phase2,upper,-15.0,2,-15.000582419700018,-20.58369439898363,-19.858411823521543,-6.547331318554496,-2.7674322590492624,4.2794318061611835e-05,upper,0.1
773,phase2,upper,-15.0,2,-15.000582440696775,-20.58369439898363,-19.858411823521543,-6.547331318554496,-2.7674322590492624,4.191003632184704e-05,upper,0.1
774,phase2,upper,-15.0,2,-15.000571922088923,-20.58369439898363,-19.858411823521543,-6.547331318554496,-2.7674322590492624,4.045717693645825e-05,upper,0.1
775,phase2,upper,-15.0,2,-15.000553312545035,-20.58369439898363,-19.858411823521543,-6.547331318554496,-2.7674322590492624,3.8583851748470195e-05,upper,0.1
776,phase2,upper,-15.0,2,-15.000528682385347,-20.58369439898363,-19.858411823521543,-6.547331318554496,-2.7674322590492624,3.641404132757378e-05,upper,0.1
777,phase2,upper,-15.0,2,-15.000499767205495,-20.58369439898363,-19.858411823521543,-6.547331318554496,-2.7674322590492624,3.405052297169995e-05,upper,0.1
778,phase2,upper,-15.0,2,-15.000468008207305,-20.58369439898363,-19.858411823521543,-6.547331318554496,-2.7674322590492624,3.1577554944558276e-05,upper,0.1
779,phase2,lower,-20.0,4,-15.000468008207305,-20.761137721637972,-19.825201249627746,-6.430970472591899,-2.714272100529243,0.028569470916550425,upper,0.1
780,phase2,upper,-15.0,2,-14.97475048518722,-20.761137721637972,-19.825201249627746,-6.430970472591899,-2.714272100529243,0.0140126310677617,upper,0.1
781,phase2,upper,-15.0,2,-14.962901678524485,-20.761137721637972,-19.825201249627746,-6.430970472591899,-2.714272100529243,0.0061773342956624394,upper,0.1
782,phase2,upper,-15.0,2,-14.958603552039,-20.761137721637972,-19.825201249627746,-6.430970472591899,-2.714272100529243,0.0020274768548641615,upper,0.1
783,phase2,upper,-15.0,2,-14.958359833423124,-20.761137721637972,-19.825201249627746,-6.430970472591899,-2.714272100529243,-0.00010613883013125842,upper,0.1
784,phase2,lower,-20.0,4,-14.958359833423124,-20.917639599384067,-19.778074754642866,-6.3147640123087605,-2.6638183982768155,0.02900432361549074,upper,0.1
785,phase2,upper,-15.0,2,-14.934032144251622,-20.917639599384067,-19.778074754642866,-6.3147640123087605,-2.6638183982768155,0.013122771761703705,upper,0.1
786,phase2,upper,-15.0,2,-14.924890087191653,-20.917639599384067,-19.778074754642866,-6.3147640123087605,-2.6638183982768155,0.004691281868084242,upper,0.1
787,phase2,upper,-15.0,2,-14.923888724739069,-20.917639599384067,-19.778074754642866,-6.3147640123087605,-2.6638183982768155,0.00033530194169306563,upper,0.1
788,phase2,lower,-20.0,4,-14.923888724739069,-21.053381343162425,-19.718264189378175,-6.19922441714065,-2.61604950323483,0.029326706003874138,upper,0.1
789,phase2,upper,-15.0,2,-14.901036047420233,-21.053381343162425,-19.718264189378175,-6.19922441714065,-2.61604950323483,0.012405469911688833,upper,0.1
790,phase2,upper,-15.0,2,-14.894352761450431,-21.053381343162425,-19.718264189378175,-6.19922441714065,-2.61604950323483,0.0035131090048992094,upper,0.1
791,phase2,upper,-15.0,2,-14.89622186431768,-21.053381343162425,-19.718264189378175,-6.19922441714065,-2.61604950323483,-0.000995212656637252,upper,0.1
792,phase2,upper,-15.0,2,-14.90242943714084,-21.053381343162425,-19.718264189378175,-6.19922441714065,-2.61604950323483,-0.0031229289433248944,upper,0.1
793,phase2,upper,-15.0,2,-14.910643909749348,-21.053381343162425,-19.718264189378175,-6.19922441714065,-2.61604950323483,-0.003971006777647677,upper,0.1
794,phase2,upper,-15.0,2,-14.91957817523107,-21.053381343162425,-19.718264189378175,-6.19922441714065,-2.61604950323483,-0.004144043684201294,upper,0.1
795,phase2,upper,-15.0,2,-14.928527175475143,-21.053381343162425,-19.718264189378175,-6.19922441714065,-2.61604950323483,-0.003973493664780253,upper,0.1
796,phase2,upper,-15.0,2,-14.937112060329358,-21.053381343162425,-19.718264189378175,-6.19922441714065,-2.61604950323483,-0.0036404099814558366,upper,0.1
797,phase2,lower,-20.0,4,-14.937112060329358,-21.17314599676731,-19.650105507290565,-6.087014558494954,-2.5724741731573104,0.028347336016851146,upper,0.1
798,phase2,upper,-15.0,2,-14.916349130270232,-21.17314599676731,-19.650105507290565,-6.087014558494954,-2.5724741731573104,0.012431026970181391,upper,0.1
799,phase2,upper,-15.0,2,-14.910483442504676,-21.17314599676731,-19.650105507290565,-6.087014558494954,-2.5724741731573104,0.004060678409180406,upper,0.1
