episode,phase,route,return,steps,q_start_right,q_start_down,q_shield_right,q_d1_right,q_d2_right,mood_M,greedy_route,epsilon
0,phase1,lower,-10.0,4,0.0,-0.25,-0.25,-0.25,-0.25,nan,upper,0.1
1,phase1,upper,-15.0,2,-1.25,-0.25,-0.25,-0.25,-0.25,nan,lower,0.1
2,phase1,upper,-15.0,2,-2.4000000000000004,-0.25,-0.25,-0.25,-0.25,nan,lower,0.1
3,phase1,lower,-10.0,4,-2.4000000000000004,-0.5,-0.5,-0.5,-0.475,nan,lower,0.1
4,phase1,lower,-10.0,4,-2.4000000000000004,-0.75,-0.75,-0.7475,-0.6775,nan,lower,0.1
5,phase1,lower,-10.0,4,-2.4000000000000004,-1.0,-0.99975,-0.9905,-0.85975,nan,lower,0.1
6,phase1,lower,-10.0,4,-2.4000000000000004,-1.249975,-1.248825,-1.227425,-1.023775,nan,lower,0.1
7,phase1,lower,-10.0,4,-2.4000000000000004,-1.49986,-1.496685,-1.45706,-1.1713975,nan,lower,0.1
8,phase1,lower,-10.0,4,-2.4000000000000004,-1.7495425,-1.7427225000000002,-1.6784937500000001,-1.30425775,nan,lower,0.1
9,phase1,lower,-10.0,4,-2.4000000000000004,-1.9988605000000002,-1.9862996250000002,-1.8910701500000002,-1.4238319750000001,nan,lower,0.1
10,phase1,lower,-10.0,4,-2.4000000000000004,-2.2476044125000003,-2.2267766775,-2.0943463325000002,-1.5314487775,nan,lower,0.1
11,phase1,lower,-10.0,4,-2.4000000000000004,-2.495521639,-2.4635336430000003,-2.2880565770000003,-1.6283038997500001,nan,upper,0.1
12,phase1,upper,-15.0,2,-3.4575000000000005,-2.495521639,-2.4635336430000003,-2.2880565770000003,-1.6283038997500001,nan,lower,0.1
13,phase1,lower,-10.0,4,-3.4575000000000005,-2.7423228394,-2.6959859364000005,-2.4720813092750005,-1.715473509775,nan,lower,0.1
14,phase1,lower,-10.0,4,-3.4575000000000005,-2.9876891491,-2.9235954736875005,-2.6464205293250003,-1.7939261587975,nan,lower,0.1
15,phase1,lower,-10.0,4,-3.4575000000000005,-3.23127978155875,-3.1458779792512503,-2.81117109227225,-1.8645335429177499,nan,lower,0.1
16,phase1,lower,-10.0,4,-3.4575000000000005,-3.472739601328,-3.3624072905533504,-2.9665073373368003,-1.9280801886259749,nan,upper,0.1
17,phase1,upper,-15.0,2,-4.429500000000001,-3.472739601328,-3.3624072905533504,-2.9665073373368003,-1.9280801886259749,nan,lower,0.1
18,phase1,lower,-10.0,4,-4.429500000000001,-3.711706370250535,-3.5728172952316952,-3.1126646224657177,-1.9852721697633773,nan,lower,0.1
19,phase1,lower,-10.0,4,-4.429500000000001,-3.947817462748651,-3.7768020279550973,-3.2499253771954835,-2.0367449527870396,nan,lower,0.1
20,phase1,lower,-10.0,4,-4.429500000000001,-4.1807159192692955,-3.9741143628791358,-3.378607334754639,-2.0830704575083354,nan,lower,0.1
21,phase1,lower,-10.0,4,-4.429500000000001,-4.41005576363028,-4.164563660066686,-3.4990536470300087,-2.124763411757502,nan,lower,0.1
22,phase1,lower,-10.0,4,-4.429500000000001,-4.63550655327392,-4.348012658763018,-3.611624623502758,-2.162287070581752,nan,upper,0.1
23,phase1,upper,-15.0,2,-5.322525000000001,-4.63550655327392,-4.348012658763018,-3.611624623502758,-2.162287070581752,nan,lower,0.1
24,phase1,lower,-10.0,4,-5.322525000000001,-4.85675716382283,-4.524373855236992,-3.7166908682106574,-2.196058363523577,nan,lower,0.1
25,phase1,lower,-10.0,4,-5.322525000000001,-5.073518832964246,-4.693605556534359,-3.8146276177419494,-2.226452527171219,nan,lower,0.1
26,phase1,lower,-10.0,4,-5.322525000000001,-5.285527505321257,-4.855707762655118,-3.9058101086848764,-2.2538072744540973,nan,lower,0.1
27,phase1,lower,-10.0,4,-5.322525000000001,-5.492545531054643,-5.010717997258094,-3.9906098252617985,-2.2784265470086877,nan,upper,0.1
28,phase1,upper,-15.0,2,-6.142650000000001,-5.492545531054643,-5.010717997258094,-3.9906098252617985,-2.2784265470086877,nan,lower,0.1
29,phase1,lower,-10.0,4,-6.142650000000001,-5.694362777674987,-5.158707180058465,-4.069391497436487,-2.300583892307819,nan,lower,0.1
30,phase1,lower,-10.0,4,-6.142650000000001,-5.890797217913335,-5.299775611796267,-4.1425107369236205,-2.320525503077037,nan,lower,0.1
31,phase1,lower,-10.0,4,-6.142650000000001,-6.081695057301628,-5.434049124309003,-4.210312213538963,-2.338472952769333,nan,lower,0.1
32,phase1,lower,-10.0,4,-6.142650000000001,-6.266930464002366,-5.561675433231999,-4.273128287462,-2.3546256574923996,nan,upper,0.1
33,phase1,upper,-15.0,2,-6.895524750000001,-6.266930464002366,-5.561675433231999,-4.273128287462,-2.3546256574923996,nan,lower,0.1
34,phase1,lower,-10.0,4,-6.895524750000001,-6.446404960925329,-5.682820718654999,-4.33127802446504,-2.3691630917431596,nan,lower,0.1
35,phase1,lower,-10.0,4,-6.895524750000001,-6.620046536698296,-5.7976664492360035,-4.385066531192852,-2.382246782568844,nan,lower,0.1
36,phase1,lower,-10.0,4,-6.895524750000001,-6.787808527952067,-5.906406457431689,-4.434784556330451,-2.3940221043119596,nan,lower,0.1
37,phase1,lower,-10.0,4,-6.895524750000001,-6.949668320900029,-6.009244267321565,-4.480708311128602,-2.4046198938807635,nan,upper,0.1
38,phase1,upper,-15.0,2,-7.586398050000001,-6.949668320900029,-6.009244267321565,-4.480708311128602,-2.4046198938807635,nan,lower,0.1
39,phase1,lower,-10.0,4,-7.586398050000001,-7.105625915542182,-6.106390671702268,-4.523099469403818,-2.4141579044926873,nan,lower,0.1
40,phase1,lower,-10.0,4,-7.586398050000001,-7.255702391158191,-6.198061551472423,-4.562205312912705,-2.4227421140434187,nan,lower,0.1
41,phase1,lower,-10.0,4,-7.586398050000001,-7.399938307189614,-6.284475927616452,-4.598258993025777,-2.430467902639077,nan,lower,0.1
42,phase1,lower,-10.0,4,-7.586398050000001,-7.538392069232298,-6.365854234157384,-4.631479883987106,-2.4374211123751692,nan,lower,0.1
43,phase1,lower,-10.0,4,-7.586398050000001,-7.6711382857248065,-6.442416799140356,-4.662074006825913,-2.443679001137652,nan,upper,0.1
44,phase1,upper,-15.0,2,-8.220141442500001,-7.6711382857248065,-6.442416799140356,-4.662074006825913,-2.443679001137652,nan,lower,0.1
45,phase1,lower,-10.0,4,-8.220141442500001,-7.798266137066362,-6.514382519908912,-4.690234506257086,-2.449311101023887,nan,lower,0.1
46,phase1,lower,-10.0,4,-8.220141442500001,-7.919877775350617,-6.581967718543729,-4.716142165733766,-2.454379990921498,nan,lower,0.1
47,phase1,lower,-10.0,4,-8.220141442500001,-8.036086769669929,-6.645385163262732,-4.739965948252539,-2.4589419918293483,nan,lower,0.1
48,phase1,lower,-10.0,4,-8.220141442500001,-8.147016609029208,-6.704843241761713,-4.761863552610221,-2.4630477926464134,nan,lower,0.1
49,phase1,lower,-10.0,4,-8.220141442500001,-8.25279927230246,-6.760545272846564,-4.78198197661384,-2.4667430133817723,nan,upper,0.1
50,phase1,upper,-15.0,2,-8.801272176000001,-8.25279927230246,-6.760545272846564,-4.78198197661384,-2.4667430133817723,nan,lower,0.1
51,phase1,lower,-10.0,4,-8.801272176000001,-8.35357387235687,-6.812688943223291,-4.800458080290633,-2.470068712043595,nan,lower,0.1
52,phase1,lower,-10.0,4,-8.801272176000001,-8.449485379443512,-6.8614658569300255,-4.817419143465929,-2.4730618408392355,nan,lower,0.1
53,phase1,lower,-10.0,4,-8.801272176000001,-8.540683427192164,-6.907061185583616,-4.83298341320326,-2.475755656755312,nan,lower,0.1
54,phase1,lower,-10.0,4,-8.801272176000001,-8.62732120303131,-6.94965340834558,-4.847260637558465,-2.4781800910797807,nan,lower,0.1
55,phase1,upper,-15.0,2,-9.333975348375,-8.62732120303131,-6.94965340834558,-4.847260637558465,-2.4781800910797807,nan,lower,0.1
56,phase1,lower,-10.0,4,-9.333975348375,-8.709554423562736,-6.9894141312668685,-4.860352582910597,-2.4803620819718026,nan,lower,0.1
57,phase1,lower,-10.0,4,-9.333975348375,-8.78754039433315,-7.026507976431241,-4.872353532816717,-2.4823258737746223,nan,lower,0.1
58,phase1,lower,-10.0,4,-9.333975348375,-8.861437152542958,-7.061092532069789,-4.883350766912508,-2.48409328639716,nan,lower,0.1
59,phase1,lower,-10.0,4,-9.333975348375,-8.931402690495641,-7.093318355554061,-4.893425018860973,-2.485683957757444,nan,lower,0.1
60,phase1,lower,-10.0,4,-9.333975348375,-8.997594257001483,-7.123329021884752,-4.90265091275062,-2.4871155619816996,nan,lower,0.1
61,phase1,lower,-10.0,4,-9.333975348375,-9.06016773348981,-7.151261210971339,-4.911097377673729,-2.4884040057835297,nan,lower,0.1
62,phase1,lower,-10.0,4,-9.333975348375,-9.119277081237962,-7.177244827641578,-4.9188280404847085,-2.4895636052051766,nan,lower,0.1
63,phase1,upper,-15.0,2,-9.822125164515,-9.119277081237962,-7.177244827641578,-4.9188280404847085,-2.4895636052051766,nan,lower,0.1
64,phase1,lower,-10.0,4,-9.822125164515,-9.175073855878324,-7.201403148925891,-4.925901596956756,-2.490607244684659,nan,lower,0.1
65,phase1,lower,-10.0,4,-9.822125164515,-9.22770678518308,-7.223852993728977,-4.932372161729546,-2.4915465202161933,nan,lower,0.1
66,phase1,lower,-10.0,4,-9.822125164515,-9.27732140603767,-7.244704910529034,-4.938289597578211,-2.492391868194574,nan,lower,0.1
67,phase1,upper,-15.0,2,-10.26930526394325,-9.27732140603767,-7.244704910529034,-4.938289597578211,-2.492391868194574,nan,lower,0.1
68,phase1,lower,-10.0,4,-10.26930526394325,-9.324059756486806,-7.264063379233952,-4.943699824639848,-2.4931526813751166,nan,lower,0.1
69,phase1,lower,-10.0,4,-10.26930526394325,-9.36806011876152,-7.282027023774542,-4.948645110313374,-2.493837413237605,nan,lower,0.1
70,phase1,lower,-10.0,4,-10.26930526394325,-9.409456809262823,-7.298688832428425,-4.953164340605797,-2.4944536719138446,nan,lower,0.1
71,phase1,upper,-15.0,2,-10.6788280918407,-9.409456809262823,-7.298688832428425,-4.953164340605797,-2.4944536719138446,nan,lower,0.1
72,phase1,lower,-10.0,4,-10.6788280918407,-9.448380011579383,-7.314136383246162,-4.957293273736601,-2.49500830472246,nan,lower,0.1
73,phase1,lower,-10.0,4,-10.6788280918407,-9.48495564874606,-7.328452072295207,-4.961064776835187,-2.495507474250214,nan,lower,0.1
74,phase1,lower,-10.0,4,-10.6788280918407,-9.519305291100975,-7.3417133427492045,-4.96450904657669,-2.4959567268251925,nan,lower,0.1
75,phase1,lower,-10.0,4,-10.6788280918407,-9.551546096265799,-7.353992913131953,-4.96765381460154,-2.4963610541426733,nan,lower,0.1
76,phase1,lower,-10.0,4,-10.6788280918407,-9.581790777952415,-7.365359003278912,-4.970524538555654,-2.496724948728406,nan,lower,0.1
77,phase1,lower,-10.0,4,-10.6788280918407,-9.610147600485064,-7.375875556806586,-4.973144579572929,-2.4970524538555656,nan,lower,0.1
78,phase1,lower,-10.0,4,-10.6788280918407,-9.636720396117216,-7.385602459083221,-4.975535367001193,-2.4973472084700092,nan,lower,0.1
79,phase1,lower,-10.0,4,-10.6788280918407,-9.661608602413816,-7.394595749875018,-4.977716551148075,-2.4976124876230084,nan,lower,0.1
80,phase1,lower,-10.0,4,-10.6788280918407,-9.684907317159936,-7.402907830002324,-4.979706144795568,-2.4978512388607075,nan,lower,0.1
81,phase1,lower,-10.0,4,-10.6788280918407,-9.706707368444174,-7.410587661481648,-4.981520654202082,-2.4980661149746366,nan,lower,0.1
82,phase1,lower,-10.0,4,-10.6788280918407,-9.727095397747922,-7.417680960753691,-4.983175200279337,-2.498259503477173,nan,lower,0.1
83,phase1,lower,-10.0,4,-10.6788280918407,-9.746153954048498,-7.424230384706255,-4.984683630599121,-2.4984335531294555,nan,lower,0.1
84,phase1,lower,-10.0,4,-10.6788280918407,-9.763961597114275,-7.430275709295541,-4.986058622852155,-2.49859019781651,nan,lower,0.1
85,phase1,lower,-10.0,4,-10.6788280918407,-9.780593008332401,-7.435854000651203,-4.98731178034859,-2.498731178034859,nan,lower,0.1
86,phase1,lower,-10.0,4,-10.6788280918407,-9.796119107564282,-7.440999778620942,-4.988453720117217,-2.498858060231373,nan,lower,0.1
87,phase1,lower,-10.0,4,-10.6788280918407,-9.810607174669947,-7.445745172770569,-4.989494154128633,-2.4989722542082355,nan,lower,0.1
88,phase1,lower,-10.0,4,-10.6788280918407,-9.824120974480008,-7.450120070906375,-4.990441964136593,-2.499075028787412,nan,lower,0.1
89,phase1,lower,-10.0,4,-10.6788280918407,-9.836720884122645,-7.454152260229397,-4.991305270601675,-2.4991675259086708,nan,lower,0.1
90,phase1,lower,-10.0,4,-10.6788280918407,-9.84846402173332,-7.4578675612666245,-4.992091496132375,-2.4992507733178035,nan,lower,0.1
91,phase1,lower,-10.0,4,-10.6788280918407,-9.859404375686651,-7.4612899547532,-4.992807423850918,-2.4993256959860233,nan,lower,0.1
92,phase1,lower,-10.0,4,-10.6788280918407,-9.869592933593307,-7.464441701662972,-4.9934592510644285,-2.499393126387421,nan,lower,0.1
93,phase1,lower,-10.0,4,-10.6788280918407,-9.879077810400274,-7.467343456603118,-4.994052638596727,-2.499453813748679,nan,lower,0.1
94,phase1,lower,-10.0,4,-10.6788280918407,-9.887904375020558,-7.470014374802479,-4.994592756111922,-2.499508432373811,nan,lower,0.1
95,phase1,upper,-15.0,2,-11.053753301519228,-9.887904375020558,-7.470014374802479,-4.994592756111922,-2.499508432373811,nan,lower,0.1
96,phase1,lower,-10.0,4,-11.053753301519228,-9.89611537499875,-7.472472212933424,-4.995084323738111,-2.49955758913643,nan,lower,0.1
97,phase1,lower,-10.0,4,-11.053753301519228,-9.903751058792217,-7.474733424013892,-4.995531650277943,-2.499601830222787,nan,lower,0.1
98,phase1,lower,-10.0,4,-11.053753301519228,-9.910849295314385,-7.4768132466402975,-4.995938668272427,-2.4996416472005083,nan,lower,0.1
99,phase1,lower,-10.0,4,-11.053753301519228,-9.917445690446977,-7.47872578880351,-4.996308966165236,-2.4996774824804575,nan,lower,0.1
100,phase1,lower,-10.0,4,-11.053753301519228,-9.92357370028263,-7.4804841065396825,-4.996645817796758,-2.499709734232412,nan,lower,0.1
101,phase1,lower,-10.0,4,-11.053753301519228,-9.929264740908335,-7.48210027766539,-4.996952209440324,-2.4997387608091706,nan,lower,0.1
102,phase1,lower,-10.0,4,-11.053753301519228,-9.93454829458404,-7.4835854708428835,-4.997230864577209,-2.4997648847282536,nan,lower,0.1
103,phase1,lower,-10.0,4,-11.053753301519228,-9.939452012209925,-7.484950010216316,-4.997484266592314,-2.499788396255428,nan,lower,0.1
104,phase1,lower,-10.0,4,-11.053753301519228,-9.944001812010564,-7.486203435853916,-4.997714679558625,-2.4998095566298852,nan,lower,0.1
105,phase1,lower,-10.0,4,-11.053753301519228,-9.9482219743949,-7.487354560224387,-4.997924167265751,-2.4998286009668966,nan,lower,0.1
106,phase1,lower,-10.0,4,-11.053753301519228,-9.952135232977849,-7.488411520928523,-4.998114610635866,-2.499845740870207,nan,lower,0.1
107,phase1,lower,-10.0,4,-11.053753301519228,-9.955762861772916,-7.489381829899257,-4.9982877236593,-2.4998611667831865,nan,lower,0.1
108,phase1,lower,-10.0,4,-11.053753301519228,-9.959124758585551,-7.490272419275261,-4.998445067971689,-2.4998750501048677,nan,lower,0.1
109,phase1,lower,-10.0,4,-11.053753301519228,-9.962239524654521,-7.491089684144904,-4.998588066185007,-2.499887545094381,nan,lower,0.1
110,phase1,lower,-10.0,4,-11.053753301519228,-9.96512454060356,-7.491839522348914,-4.998718014075944,-2.499898790584943,nan,lower,0.1
111,phase1,lower,-10.0,4,-11.053753301519228,-9.967796038778095,-7.492527371521617,-4.998836091726844,-2.4999089115264486,nan,lower,0.1
112,phase1,lower,-10.0,4,-11.053753301519228,-9.970269172052447,-7.4931582435421396,-4.998943373706804,-2.4999180203738036,nan,lower,0.1
113,phase1,lower,-10.0,4,-11.053753301519228,-9.972558079201416,-7.493736756558606,-4.999040838373504,-2.499926218336423,nan,lower,0.1
114,phase1,lower,-10.0,4,-11.053753301519228,-9.974675946937136,-7.494267164740096,-4.999129376369796,-2.499933596502781,nan,lower,0.1
115,phase1,lower,-10.0,4,-11.053753301519228,-9.976635068717432,-7.494753385903066,-4.999209798383094,-2.499940236852503,nan,lower,0.1
116,phase1,lower,-10.0,4,-11.053753301519228,-9.978446900435996,-7.495199027151069,-4.999282842230035,-2.4999462131672527,nan,lower,0.1
117,phase1,upper,-15.0,2,-11.396905188343643,-9.978446900435996,-7.495199027151069,-4.999282842230035,-2.4999462131672527,nan,lower,0.1
118,phase1,lower,-10.0,4,-11.396905188343643,-9.980122113107504,-7.495607408658966,-4.999349179323756,-2.4999515918505275,nan,lower,0.1
119,phase1,upper,-15.0,2,-11.710889164787982,-9.980122113107504,-7.495607408658966,-4.999349179323756,-2.4999515918505275,nan,lower,0.1
120,phase1,lower,-10.0,4,-11.710889164787982,-9.98167064266265,-7.495981585725445,-4.999409420576433,-2.4999564326654746,nan,lower,0.1
121,phase1,lower,-10.0,4,-11.710889164787982,-9.98310173696893,-7.4963243692105435,-4.999464121785337,-2.4999607893989273,nan,lower,0.1
122,phase1,lower,-10.0,4,-11.710889164787982,-9.98442400019309,-7.496638344468023,-4.999513788546696,-2.4999647104590346,nan,lower,0.1
123,phase1,upper,-15.0,2,-11.998107294060018,-9.98442400019309,-7.496638344468023,-4.999513788546696,-2.4999647104590346,nan,lower,0.1
124,phase1,lower,-10.0,4,-11.998107294060018,-9.985645434620583,-7.49692588887589,-4.999558880737929,-2.499968239413131,nan,lower,0.1
125,phase1,lower,-10.0,4,-11.998107294060018,-9.986773480046114,-7.4971891880620944,-4.99959981660545,-2.499971415471818,nan,lower,0.1
126,phase1,lower,-10.0,4,-11.998107294060018,-9.987815050847713,-7.49743025091643,-4.999636976492087,-2.499974273924636,nan,lower,0.1
127,phase1,lower,-10.0,4,-11.998107294060018,-9.988776570854585,-7.497650923473996,-4.999670706235342,-2.499976846532172,nan,lower,0.1
128,phase1,lower,-10.0,4,-11.998107294060018,-9.989664006116525,-7.4978529017501305,-4.999701320265025,-2.499979161878955,nan,lower,0.1
129,phase1,lower,-10.0,4,-11.998107294060018,-9.990482895679886,-7.49803774360162,-4.999729104426418,-2.4999812456910595,nan,lower,0.1
130,phase1,lower,-10.0,4,-11.998107294060018,-9.99123838047206,-7.4982068796841,-4.999754318552882,-2.4999831211219536,nan,lower,0.1
131,phase1,lower,-10.0,4,-11.998107294060018,-9.991935230393263,-7.498361623570979,-4.999777198809789,-2.4999848090097583,nan,lower,0.1
132,phase1,lower,-10.0,4,-11.998107294060018,-9.992577869711035,-7.4985031810948595,-4.999797959829786,-2.4999863281087826,nan,lower,0.1
133,phase1,lower,-10.0,4,-11.998107294060018,-9.993170400849417,-7.4986326589683525,-4.999816796657686,-2.4999876952979045,nan,lower,0.1
134,phase1,upper,-15.0,2,-12.260772905829766,-9.993170400849417,-7.4986326589683525,-4.999816796657686,-2.4999876952979045,nan,lower,0.1
135,phase1,lower,-10.0,4,-12.260772905829766,-9.99371662666131,-7.498751072737286,-4.999833886521707,-2.4999889257681143,nan,lower,0.1
136,phase1,lower,-10.0,4,-12.260772905829766,-9.994220071268908,-7.498859354115728,-4.999849390446348,-2.499990033191303,nan,lower,0.1
137,phase1,lower,-10.0,4,-12.260772905829766,-9.99468399955359,-7.498958357748791,-4.999863454720844,-2.499991029872173,nan,lower,0.1
138,phase1,lower,-10.0,4,-12.260772905829766,-9.99511143537311,-7.499048867445996,-4.999876212235977,-2.4999919268849555,nan,lower,0.1
139,phase1,lower,-10.0,4,-12.260772905829766,-9.995505178580398,-7.4991316019249945,-4.999887783700875,-2.49999273419646,nan,lower,0.1
140,phase1,lower,-10.0,4,-12.260772905829766,-9.995867820914858,-7.499207220102583,-4.999898278750433,-2.499993460776814,nan,lower,0.1
141,phase1,lower,-10.0,4,-12.260772905829766,-9.996201760833632,-7.499276325967368,-4.999907796953071,-2.4999941146991325,nan,lower,0.1
142,phase1,lower,-10.0,4,-12.260772905829766,-9.996509217347006,-7.499339473065938,-4.999916428727677,-2.4999947032292194,nan,lower,0.1
143,phase1,lower,-10.0,4,-12.260772905829766,-9.996792242918898,-7.499397168632112,-4.999924256177831,-2.4999952329062975,nan,lower,0.1
144,phase1,lower,-10.0,4,-12.260772905829766,-9.99705273549022,-7.499449877386684,-4.999931353850678,-2.4999957096156677,nan,lower,0.1
145,phase1,lower,-10.0,4,-12.260772905829766,-9.997292449679867,-7.499498025033083,-4.999937789427177,-2.499996138654101,nan,lower,0.1
146,phase1,lower,-10.0,4,-12.260772905829766,-9.997513007215188,-7.499542001472492,-4.99994362434987,-2.499996524788691,nan,lower,0.1
147,phase1,lower,-10.0,4,-12.260772905829766,-9.997715906640918,-7.4995821637602305,-4.999948914393752,-2.499996872309822,nan,lower,0.1
148,phase1,lower,-10.0,4,-12.260772905829766,-9.99790253235285,-7.499618838823583,-4.999953710185359,-2.49999718507884,nan,lower,0.1
149,phase1,lower,-10.0,4,-12.260772905829766,-9.998074162999924,-7.499652325959761,-4.999958057674707,-2.4999974665709557,nan,lower,0.1
150,phase1,lower,-10.0,4,-12.260772905829766,-9.998231979295907,-7.499682899131256,-4.999961998564332,-2.49999771991386,nan,lower,0.1
151,phase1,lower,-10.0,4,-12.260772905829766,-9.998377071279442,-7.499710809074563,-4.999965570699286,-2.4999979479224743,nan,lower,0.1
152,phase1,lower,-10.0,4,-12.260772905829766,-9.998510445058955,-7.499736285237035,-4.999968808421604,-2.499998153130227,nan,lower,0.1
153,phase1,lower,-10.0,4,-12.260772905829766,-9.998633029076762,-7.499759537555493,-4.999971742892466,-2.499998337817204,nan,lower,0.1
154,phase1,lower,-10.0,4,-12.260772905829766,-9.998745679924635,-7.49978075808919,-4.9999744023849395,-2.4999985040354837,nan,lower,0.1
155,phase1,lower,-10.0,4,-12.260772905829766,-9.99884918774109,-7.499800122518765,-4.999976812549994,-2.4999986536319354,nan,lower,0.1
156,phase1,lower,-10.0,4,-12.260772905829766,-9.998944281218858,-7.499817791521888,-4.999978996658188,-2.499998788268742,nan,lower,0.1
157,phase1,lower,-10.0,4,-12.260772905829766,-9.99903163224916,-7.499833912035518,-4.999980975819243,-2.4999989094418678,nan,lower,0.1
158,phase1,lower,-10.0,4,-12.260772905829766,-9.999111860227796,-7.499848618413891,-4.999982769181505,-2.499999018497681,nan,lower,0.1
159,phase1,lower,-10.0,4,-12.260772905829766,-9.999185536046404,-7.499862033490652,-4.999984394113123,-2.499999116647913,nan,lower,0.1
160,phase1,lower,-10.0,4,-12.260772905829766,-9.99925318579083,-7.499874269552899,-4.999985866366602,-2.499999204983122,nan,lower,0.1
161,phase1,lower,-10.0,4,-12.260772905829766,-9.999315294167037,-7.499885429234269,-4.999987200228254,-2.49999928448481,nan,lower,0.1
162,phase1,lower,-10.0,4,-12.260772905829766,-9.99937230767376,-7.499895606333668,-4.99998840865391,-2.4999993560363287,nan,lower,0.1
163,phase1,lower,-10.0,4,-12.260772905829766,-9.99942463753975,-7.499904886565693,-4.999989503392152,-2.4999994204326956,nan,lower,0.1
164,phase1,lower,-10.0,4,-12.260772905829766,-9.999472662442344,-7.499913348248339,-4.999990495096206,-2.499999478389426,nan,lower,0.1
165,phase1,lower,-10.0,4,-12.260772905829766,-9.999516731022943,-7.499921062933126,-4.999991393425528,-2.4999995305504834,nan,lower,0.1
166,phase1,lower,-10.0,4,-12.260772905829766,-9.999557164213961,-7.499928095982366,-4.999992207138024,-2.499999577495435,nan,lower,0.1
167,phase1,lower,-10.0,4,-12.260772905829766,-9.999594257390802,-7.499934507097931,-4.999992944173765,-2.4999996197458914,nan,lower,0.1
168,phase1,lower,-10.0,4,-12.260772905829766,-9.999628282361515,-7.499940350805515,-4.999993611730977,-2.499999657771302,nan,lower,0.1
169,phase1,lower,-10.0,4,-12.260772905829766,-9.999659489205914,-7.4999456768980615,-4.9999942163350095,-2.499999691994172,nan,lower,0.1
170,phase1,lower,-10.0,4,-12.260772905829766,-9.999688107975128,-7.4999505308417564,-4.999994763900926,-2.499999722794755,nan,lower,0.1
171,phase1,lower,-10.0,4,-12.260772905829766,-9.99971435026179,-7.4999549541476735,-4.999995259790309,-2.4999997505152796,nan,lower,0.1
172,phase1,lower,-10.0,4,-12.260772905829766,-9.999738410650378,-7.499958984711937,-4.999995708862806,-2.4999997754637517,nan,lower,0.1
173,phase1,lower,-10.0,4,-12.260772905829766,-9.999760468056534,-7.499962657127024,-4.999996115522901,-2.4999997979173765,nan,lower,0.1
174,phase1,lower,-10.0,4,-12.260772905829766,-9.999780686963582,-7.4999660029666115,-4.999996483762349,-2.4999998181256387,nan,lower,0.1
175,phase1,lower,-10.0,4,-12.260772905829766,-9.999799218563885,-7.499969051046185,-4.999996817198678,-2.4999998363130747,nan,lower,0.1
176,phase1,lower,-10.0,4,-12.260772905829766,-9.999816201812115,-7.499971827661435,-4.999997119110118,-2.4999998526817673,nan,lower,0.1
177,phase1,lower,-10.0,4,-12.260772905829766,-9.999831764397047,-7.4999743568063035,-4.999997392467283,-2.4999998674135906,nan,lower,0.1
178,phase1,lower,-10.0,4,-12.260772905829766,-9.999846023637973,-7.499976660372401,-4.999997639961914,-2.4999998806722314,nan,lower,0.1
179,phase1,lower,-10.0,4,-12.260772905829766,-9.999859087311416,-7.499978758331353,-4.999997864032946,-2.4999998926050084,nan,lower,0.1
180,phase1,lower,-10.0,4,-12.260772905829766,-9.99987105441341,-7.499980668901512,-4.999998066890153,-2.4999999033445075,nan,lower,0.1
181,phase1,upper,-15.0,2,-12.500924322304964,-9.99987105441341,-7.499980668901512,-4.999998066890153,-2.4999999033445075,nan,lower,0.1
182,phase1,lower,-10.0,4,-12.500924322304964,-9.99988201586222,-7.499982408700376,-4.999998250535588,-2.4999999130100568,nan,lower,0.1
183,phase1,lower,-10.0,4,-12.500924322304964,-9.999892055146034,-7.499983992883897,-4.999998416783035,-2.499999921709051,nan,lower,0.1
184,phase1,lower,-10.0,4,-12.500924322304964,-9.999901248919821,-7.499985435273811,-4.999998567275637,-2.499999929538146,nan,lower,0.1
185,phase1,lower,-10.0,4,-12.500924322304964,-9.99990966755522,-7.499986748473994,-4.999998703501888,-2.4999999365843313,nan,lower,0.1
186,phase1,lower,-10.0,4,-12.500924322304964,-9.999917375647097,-7.499987943976783,-4.999998826810132,-2.499999942925898,nan,lower,0.1
187,phase1,upper,-15.0,2,-12.720437726426825,-9.999917375647097,-7.499987943976783,-4.999998826810132,-2.499999942925898,nan,lower,0.1
188,phase1,lower,-10.0,4,-12.720437726426825,-9.999924432480066,-7.4999890322601175,-4.999998938421709,-2.499999948633308,nan,lower,0.1
189,phase1,lower,-10.0,4,-12.720437726426825,-9.999930892458071,-7.499990022876276,-4.999999039442869,-2.4999999537699775,nan,lower,0.1
190,phase1,lower,-10.0,4,-12.720437726426825,-9.99993680549989,-7.499990924532936,-4.9999991308755805,-2.49999995839298,nan,lower,0.1
191,phase1,lower,-10.0,4,-12.720437726426825,-9.999942217403195,-7.4999917451672005,-4.99999921362732,-2.499999962553682,nan,lower,0.1
192,phase1,lower,-10.0,4,-12.720437726426825,-9.999947170179595,-7.499992492013212,-4.999999288519956,-2.4999999662983137,nan,lower,0.1
193,phase1,lower,-10.0,4,-12.720437726426825,-9.999951702362956,-7.499993171663887,-4.999999356297792,-2.4999999696684823,nan,lower,0.1
194,phase1,lower,-10.0,4,-12.720437726426825,-9.99995584929305,-7.499993790127277,-4.999999417634861,-2.499999972701634,nan,lower,0.1
195,phase1,lower,-10.0,4,-12.720437726426825,-9.999959643376473,-7.499994352878035,-4.999999473141538,-2.4999999754314706,nan,lower,0.1
196,phase1,lower,-10.0,4,-12.720437726426825,-9.99996311432663,-7.4999948649043855,-4.999999523370532,-2.4999999778883235,nan,lower,0.1
197,phase1,lower,-10.0,4,-12.720437726426825,-9.999966289384405,-7.499995330751,-4.999999568822311,-2.499999980099491,nan,lower,0.1
198,phase1,lower,-10.0,4,-12.720437726426825,-9.999969193521064,-7.499995754558131,-4.999999609950029,-2.499999982089542,nan,lower,0.1
199,phase1,lower,-10.0,4,-12.720437726426825,-9.999971849624771,-7.499996140097321,-4.99999964716398,-2.499999983880588,nan,lower,0.1
200,phase1,lower,-10.0,4,-12.720437726426825,-9.999974278672026,-7.499996490803987,-4.999999680835641,-2.499999985492529,nan,lower,0.1
201,phase1,lower,-10.0,4,-12.720437726426825,-9.999976499885221,-7.499996809807152,-4.99999971130133,-2.4999999869432763,nan,lower,0.1
202,phase1,lower,-10.0,4,-12.720437726426825,-9.999978530877414,-7.49999709995657,-4.999999738865524,-2.4999999882489488,nan,lower,0.1
203,phase1,lower,-10.0,4,-12.720437726426825,-9.99998038778533,-7.4999973638474655,-4.999999763803866,-2.4999999894240537,nan,lower,0.1
204,phase1,lower,-10.0,4,-12.720437726426825,-9.999982085391544,-7.499997603843106,-4.999999786365885,-2.499999990481648,nan,lower,0.1
205,phase1,lower,-10.0,4,-12.720437726426825,-9.9999836372367,-7.499997822095383,-4.999999806777462,-2.499999991433483,nan,lower,0.1
206,phase1,lower,-10.0,4,-12.720437726426825,-9.999985055722568,-7.499998020563591,-4.999999825243064,-2.499999992290135,nan,lower,0.1
207,phase1,lower,-10.0,4,-12.720437726426825,-9.99998635220667,-7.499998201031539,-4.999999841947771,-2.499999993061121,nan,lower,0.1
208,phase1,lower,-10.0,4,-12.720437726426825,-9.999987537089158,-7.499998365123162,-4.999999857059106,-2.4999999937550093,nan,lower,0.1
209,phase1,lower,-10.0,4,-12.720437726426825,-9.999988619892559,-7.499998514316756,-4.999999870728697,-2.4999999943795084,nan,lower,0.1
210,phase1,lower,-10.0,4,-12.720437726426825,-9.999989609334978,-7.49999864995795,-4.999999883093778,-2.4999999949415574,nan,lower,0.1
211,phase1,lower,-10.0,4,-12.720437726426825,-9.999990513397275,-7.499998773271533,-4.999999894278556,-2.4999999954474017,nan,lower,0.1
212,phase1,lower,-10.0,4,-12.720437726426825,-9.999991339384701,-7.499998885372235,-4.99999990439544,-2.4999999959026615,nan,lower,0.1
213,phase1,lower,-10.0,4,-12.720437726426825,-9.999992093983455,-7.499998987274555,-4.999999913546162,-2.4999999963123956,nan,lower,0.1
214,phase1,lower,-10.0,4,-12.720437726426825,-9.999992783312564,-7.499999079901716,-4.999999921822785,-2.499999996681156,nan,lower,0.1
215,phase1,lower,-10.0,4,-12.720437726426825,-9.99999341297148,-7.499999164093823,-4.999999929308622,-2.4999999970130404,nan,lower,0.1
216,phase1,lower,-10.0,4,-12.720437726426825,-9.999993988083713,-7.499999240615303,-4.999999936079064,-2.499999997311736,nan,lower,0.1
217,phase1,lower,-10.0,4,-12.720437726426825,-9.99999451333687,-7.499999310161678,-4.999999942202331,-2.4999999975805625,nan,lower,0.1
218,phase1,lower,-10.0,4,-12.720437726426825,-9.999994993019351,-7.4999993733657435,-4.999999947740155,-2.4999999978225063,nan,lower,0.1
219,phase1,lower,-10.0,4,-12.720437726426825,-9.999995431053991,-7.499999430803185,-4.999999952748389,-2.4999999980402556,nan,lower,0.1
220,phase1,lower,-10.0,4,-12.720437726426825,-9.99999583102891,-7.499999482997706,-4.999999957277576,-2.49999999823623,nan,lower,0.1
221,phase1,lower,-10.0,4,-12.720437726426825,-9.999996196225789,-7.499999530425693,-4.999999961373442,-2.499999998412607,nan,lower,0.1
222,phase1,lower,-10.0,4,-12.720437726426825,-9.99999652964578,-7.499999573520467,-4.999999965077358,-2.4999999985713464,nan,lower,0.1
223,phase1,lower,-10.0,4,-12.720437726426825,-9.999996834033247,-7.499999612676157,-4.999999968426757,-2.4999999987142116,nan,lower,0.1
224,phase1,lower,-10.0,4,-12.720437726426825,-9.999997111897539,-7.499999648251217,-4.999999971455503,-2.4999999988427906,nan,lower,0.1
225,phase1,lower,-10.0,4,-12.720437726426825,-9.999997365532906,-7.499999680571646,-4.999999974194232,-2.4999999989585113,nan,lower,0.1
226,phase1,lower,-10.0,4,-12.720437726426825,-9.99999759703678,-7.499999709933904,-4.99999997667066,-2.49999999906266,nan,lower,0.1
227,phase1,lower,-10.0,4,-12.720437726426825,-9.999997808326492,-7.49999973660758,-4.99999997890986,-2.499999999156394,nan,lower,0.1
228,phase1,lower,-10.0,4,-12.720437726426825,-9.999998001154601,-7.499999760837808,-4.999999980934513,-2.4999999992407544,nan,lower,0.1
229,phase1,lower,-10.0,4,-12.720437726426825,-9.999998177122922,-7.499999782847478,-4.999999982765138,-2.499999999316679,nan,lower,0.1
230,phase1,lower,-10.0,4,-12.720437726426825,-9.999998337695377,-7.499999802839244,-4.999999984420292,-2.499999999385011,nan,lower,0.1
231,phase1,lower,-10.0,4,-12.720437726426825,-9.999998484209764,-7.499999820997349,-4.999999985916764,-2.49999999944651,nan,lower,0.1
232,phase1,lower,-10.0,4,-12.720437726426825,-9.999998617888522,-7.49999983748929,-4.999999987269739,-2.499999999501859,nan,lower,0.1
233,phase1,lower,-10.0,4,-12.720437726426825,-9.9999987398486,-7.499999852467335,-4.9999999884929505,-2.499999999551673,nan,lower,0.1
234,phase1,lower,-10.0,4,-12.720437726426825,-9.999998851110472,-7.4999998660698965,-4.999999989598822,-2.4999999995965054,nan,lower,0.1
235,phase1,lower,-10.0,4,-12.720437726426825,-9.999998952606415,-7.4999998784227895,-4.999999990598591,-2.499999999636855,nan,lower,0.1
236,phase1,lower,-10.0,4,-12.720437726426825,-9.999999045188051,-7.499999889640369,-4.999999991502417,-2.4999999996731694,nan,lower,0.1
237,phase1,lower,-10.0,4,-12.720437726426825,-9.999999129633283,-7.499999899826574,-4.999999992319492,-2.4999999997058526,nan,lower,0.1
238,phase1,lower,-10.0,4,-12.720437726426825,-9.999999206652612,-7.499999909075866,-4.999999993058128,-2.4999999997352673,nan,lower,0.1
239,phase1,lower,-10.0,4,-12.720437726426825,-9.999999276894938,-7.499999917474092,-4.999999993725842,-2.499999999761741,nan,lower,0.1
240,phase1,lower,-10.0,4,-12.720437726426825,-9.999999340952854,-7.499999925099267,-4.999999994329432,-2.4999999997855666,nan,lower,0.1
241,phase1,lower,-10.0,4,-12.720437726426825,-9.999999399367496,-7.499999932022284,-4.999999994875045,-2.49999999980701,nan,lower,0.1
242,phase1,upper,-15.0,2,-12.921039206501264,-9.999999399367496,-7.499999932022284,-4.999999994875045,-2.49999999980701,nan,lower,0.1
243,phase1,lower,-10.0,4,-12.921039206501264,-9.999999452632975,-7.49999993830756,-4.999999995368242,-2.4999999998263087,nan,lower,0.1
244,phase1,lower,-10.0,4,-12.921039206501264,-9.999999501200435,-7.499999944013629,-4.999999995814049,-2.499999999843678,nan,lower,0.1
245,phase1,lower,-10.0,4,-12.921039206501264,-9.999999545481755,-7.499999949193671,-4.999999996217012,-2.4999999998593103,nan,lower,0.1
246,phase1,lower,-10.0,4,-12.921039206501264,-9.999999585852947,-7.499999953896005,-4.999999996581241,-2.4999999998733795,nan,lower,0.1
247,phase1,lower,-10.0,4,-12.921039206501264,-9.999999622657253,-7.499999958164528,-4.999999996910455,-2.4999999998860414,nan,lower,0.1
248,phase1,lower,-10.0,4,-12.921039206501264,-9.99999965620798,-7.499999962039121,-4.999999997208014,-2.499999999897437,nan,lower,0.1
249,phase1,lower,-10.0,4,-12.921039206501264,-9.999999686791094,-7.49999996555601,-4.999999997476956,-2.4999999999076934,nan,lower,0.1
250,phase1,lower,-10.0,4,-12.921039206501264,-9.999999714667586,-7.499999968748105,-4.99999999772003,-2.4999999999169242,nan,lower,0.1
251,phase1,lower,-10.0,4,-12.921039206501264,-9.999999740075639,-7.499999971645297,-4.999999997939719,-2.499999999925232,nan,lower,0.1
252,phase1,lower,-10.0,4,-12.921039206501264,-9.999999763232605,-7.49999997427474,-4.999999998138271,-2.4999999999327085,nan,lower,0.1
253,phase1,lower,-10.0,4,-12.921039206501264,-9.999999784336818,-7.499999976661093,-4.999999998317715,-2.499999999939438,nan,lower,0.1
254,phase1,lower,-10.0,4,-12.921039206501264,-9.999999803569246,-7.4999999788267555,-4.999999998479887,-2.499999999945494,nan,lower,0.1
255,phase1,lower,-10.0,4,-12.921039206501264,-9.999999821094997,-7.499999980792069,-4.999999998626448,-2.4999999999509446,nan,lower,0.1
256,phase1,lower,-10.0,4,-12.921039206501264,-9.999999837064705,-7.499999982575507,-4.999999998758898,-2.49999999995585,nan,lower,0.1
257,phase1,lower,-10.0,4,-12.921039206501264,-9.999999851615785,-7.499999984193846,-4.999999998878593,-2.499999999960265,nan,lower,0.1
258,phase1,lower,-10.0,4,-12.921039206501264,-9.99999986487359,-7.4999999856623205,-4.99999999898676,-2.4999999999642384,nan,lower,0.1
259,phase1,lower,-10.0,4,-12.921039206501264,-9.999999876952463,-7.499999986994764,-4.999999999084507,-2.4999999999678146,nan,lower,0.1
260,phase1,lower,-10.0,4,-12.921039206501264,-9.999999887956694,-7.499999988203738,-4.999999999172838,-2.499999999971033,nan,lower,0.1
261,phase1,lower,-10.0,4,-12.921039206501264,-9.999999897981398,-7.499999989300648,-4.999999999252657,-2.4999999999739297,nan,lower,0.1
262,phase1,lower,-10.0,4,-12.921039206501264,-9.999999907113324,-7.49999999029585,-4.999999999324785,-2.499999999976537,nan,lower,0.1
263,phase1,lower,-10.0,4,-12.921039206501264,-9.999999915431577,-7.499999991198743,-4.99999999938996,-2.499999999978883,nan,lower,0.1
264,phase1,lower,-10.0,4,-12.921039206501264,-9.999999923008293,-7.499999992017865,-4.999999999448852,-2.4999999999809948,nan,lower,0.1
265,phase1,lower,-10.0,4,-12.921039206501264,-9.99999992990925,-7.499999992760964,-4.999999999502067,-2.4999999999828955,nan,lower,0.1
266,phase1,upper,-15.0,2,-13.104316013296547,-9.99999992990925,-7.499999992760964,-4.999999999502067,-2.4999999999828955,nan,lower,0.1
267,phase1,lower,-10.0,4,-13.104316013296547,-9.999999936194422,-7.4999999934350745,-4.99999999955015,-2.499999999984606,nan,lower,0.1
268,phase1,lower,-10.0,4,-13.104316013296547,-9.999999941918487,-7.499999994046582,-4.999999999593595,-2.4999999999861453,nan,lower,0.1
269,phase1,lower,-10.0,4,-13.104316013296547,-9.999999947131297,-7.499999994601283,-4.99999999963285,-2.499999999987531,nan,lower,0.1
270,phase1,lower,-10.0,4,-13.104316013296547,-9.999999951878296,-7.49999999510444,-4.999999999668319,-2.499999999988778,nan,lower,0.1
271,phase1,lower,-10.0,4,-13.104316013296547,-9.99999995620091,-7.499999995560827,-4.999999999700364,-2.4999999999899,nan,lower,0.1
272,phase1,lower,-10.0,4,-13.104316013296547,-9.9999999601369,-7.499999995974781,-4.999999999729318,-2.49999999999091,nan,lower,0.1
273,phase1,lower,-10.0,4,-13.104316013296547,-9.999999963720688,-7.499999996350234,-4.999999999755477,-2.499999999991819,nan,lower,0.1
274,phase1,lower,-10.0,4,-13.104316013296547,-9.999999966983642,-7.499999996690758,-4.999999999779112,-2.499999999992637,nan,lower,0.1
275,phase1,lower,-10.0,4,-13.104316013296547,-9.999999969954354,-7.499999996999594,-4.9999999998004645,-2.4999999999933733,nan,lower,0.1
276,phase1,upper,-15.0,2,-13.271727066667761,-9.999999969954354,-7.499999996999594,-4.9999999998004645,-2.4999999999933733,nan,lower,0.1
277,phase1,lower,-10.0,4,-13.271727066667761,-9.999999972658879,-7.499999997279681,-4.999999999819756,-2.499999999994036,nan,lower,0.1
278,phase1,lower,-10.0,4,-13.271727066667761,-9.999999975120959,-7.499999997533688,-4.999999999837184,-2.4999999999946323,nan,lower,0.1
279,phase1,lower,-10.0,4,-13.271727066667761,-9.999999977362233,-7.4999999977640375,-4.999999999852928,-2.499999999995169,nan,lower,0.1
280,phase1,lower,-10.0,4,-13.271727066667761,-9.999999979402414,-7.499999997972926,-4.9999999998671525,-2.4999999999956524,nan,lower,0.1
281,phase1,lower,-10.0,4,-13.271727066667761,-9.999999981259466,-7.499999998162349,-4.999999999880003,-2.499999999996087,nan,lower,0.1
282,phase1,upper,-15.0,2,-13.424612749231766,-9.999999981259466,-7.499999998162349,-4.999999999880003,-2.499999999996087,nan,lower,0.1
283,phase1,lower,-10.0,4,-13.424612749231766,-9.999999982949754,-7.499999998334115,-4.999999999891611,-2.4999999999964784,nan,lower,0.1
284,phase1,lower,-10.0,4,-13.424612749231766,-9.999999984488191,-7.499999998489864,-4.999999999902098,-2.4999999999968305,nan,lower,0.1
285,phase1,lower,-10.0,4,-13.424612749231766,-9.999999985888358,-7.499999998631087,-4.999999999911571,-2.4999999999971476,nan,lower,0.1
286,phase1,lower,-10.0,4,-13.424612749231766,-9.999999987162631,-7.499999998759136,-4.999999999920129,-2.4999999999974327,nan,lower,0.1
287,phase1,lower,-10.0,4,-13.424612749231766,-9.999999988322282,-7.499999998875235,-4.9999999999278595,-2.4999999999976894,nan,lower,0.1
288,phase1,lower,-10.0,4,-13.424612749231766,-9.999999989377578,-7.499999998980497,-4.999999999934842,-2.4999999999979203,nan,lower,0.1
289,phase1,lower,-10.0,4,-13.424612749231766,-9.99999999033787,-7.499999999075932,-4.99999999994115,-2.499999999998128,nan,lower,0.1
290,phase1,lower,-10.0,4,-13.424612749231766,-9.999999991211675,-7.499999999162454,-4.999999999946848,-2.499999999998315,nan,lower,0.1
291,phase1,upper,-15.0,2,-13.564204024616293,-9.999999991211675,-7.499999999162454,-4.999999999946848,-2.499999999998315,nan,lower,0.1
292,phase1,lower,-10.0,4,-13.564204024616293,-9.999999992006753,-7.4999999992408934,-4.999999999951995,-2.4999999999984834,nan,lower,0.1
293,phase1,lower,-10.0,4,-13.564204024616293,-9.999999992730167,-7.499999999312004,-4.999999999956644,-2.499999999998635,nan,lower,0.1
294,phase1,lower,-10.0,4,-13.564204024616293,-9.99999999338835,-7.499999999376468,-4.999999999960843,-2.499999999998771,nan,lower,0.1
295,phase1,lower,-10.0,4,-13.564204024616293,-9.999999993987162,-7.499999999434905,-4.999999999964635,-2.499999999998894,nan,lower,0.1
296,phase1,lower,-10.0,4,-13.564204024616293,-9.999999994531937,-7.499999999487878,-4.999999999968061,-2.499999999999005,nan,lower,0.1
297,phase1,lower,-10.0,4,-13.564204024616293,-9.999999995027531,-7.499999999535897,-4.9999999999711555,-2.4999999999991043,nan,lower,0.1
298,phase1,lower,-10.0,4,-13.564204024616293,-9.999999995478367,-7.499999999579423,-4.999999999973951,-2.499999999999194,nan,lower,0.1
299,phase1,lower,-10.0,4,-13.564204024616293,-9.999999995888473,-7.4999999996188755,-4.999999999976475,-2.4999999999992744,nan,lower,0.1
300,phase1,lower,-10.0,4,-13.564204024616293,-9.999999996261513,-7.499999999654635,-4.999999999978755,-2.4999999999993467,nan,lower,0.1
301,phase1,lower,-10.0,4,-13.564204024616293,-9.999999996600826,-7.499999999687048,-4.999999999980814,-2.499999999999412,nan,lower,0.1
302,phase1,lower,-10.0,4,-13.564204024616293,-9.999999996909448,-7.499999999716424,-4.999999999982673,-2.4999999999994706,nan,lower,0.1
303,phase1,lower,-10.0,4,-13.564204024616293,-9.999999997190146,-7.499999999743049,-4.999999999984353,-2.4999999999995235,nan,lower,0.1
304,phase1,lower,-10.0,4,-13.564204024616293,-9.999999997445437,-7.499999999767179,-4.99999999998587,-2.499999999999571,nan,lower,0.1
305,phase1,lower,-10.0,4,-13.564204024616293,-9.999999997677612,-7.499999999789048,-4.99999999998724,-2.499999999999614,nan,lower,0.1
306,phase1,lower,-10.0,4,-13.564204024616293,-9.999999997888755,-7.499999999808868,-4.999999999988478,-2.4999999999996527,nan,lower,0.1
307,phase1,lower,-10.0,4,-13.564204024616293,-9.999999998080767,-7.499999999826828,-4.999999999989595,-2.4999999999996874,nan,lower,0.1
308,phase1,lower,-10.0,4,-13.564204024616293,-9.999999998255372,-7.499999999843105,-4.999999999990604,-2.4999999999997184,nan,lower,0.1
309,phase1,lower,-10.0,4,-13.564204024616293,-9.999999998414145,-7.499999999857855,-4.999999999991515,-2.4999999999997464,nan,lower,0.1
310,phase1,lower,-10.0,4,-13.564204024616293,-9.999999998558517,-7.499999999871221,-4.999999999992339,-2.4999999999997717,nan,lower,0.1
311,phase1,lower,-10.0,4,-13.564204024616293,-9.999999998689788,-7.499999999883333,-4.999999999993082,-2.4999999999997944,nan,lower,0.1
312,phase1,lower,-10.0,4,-13.564204024616293,-9.999999998809143,-7.4999999998943085,-4.999999999993753,-2.499999999999815,nan,lower,0.1
313,phase1,lower,-10.0,4,-13.564204024616293,-9.999999998917659,-7.499999999904253,-4.99999999999436,-2.4999999999998335,nan,lower,0.1
314,phase1,lower,-10.0,4,-13.564204024616293,-9.999999999016318,-7.499999999913263,-4.999999999994907,-2.49999999999985,nan,lower,0.1
315,phase1,lower,-10.0,4,-13.564204024616293,-9.999999999106013,-7.499999999921427,-4.999999999995401,-2.499999999999865,nan,lower,0.1
316,phase1,lower,-10.0,4,-13.564204024616293,-9.999999999187555,-7.499999999928825,-4.999999999995848,-2.4999999999998783,nan,lower,0.1
317,phase1,lower,-10.0,4,-13.564204024616293,-9.999999999261682,-7.499999999935527,-4.999999999996251,-2.4999999999998903,nan,lower,0.1
318,phase1,lower,-10.0,4,-13.564204024616293,-9.999999999329066,-7.4999999999416,-4.999999999996615,-2.4999999999999014,nan,lower,0.1
319,phase1,lower,-10.0,4,-13.564204024616293,-9.99999999939032,-7.499999999947101,-4.999999999996944,-2.499999999999911,nan,lower,0.1
320,phase1,lower,-10.0,4,-13.564204024616293,-9.999999999445999,-7.499999999952085,-4.99999999999724,-2.49999999999992,nan,lower,0.1
321,phase1,lower,-10.0,4,-13.564204024616293,-9.999999999496607,-7.499999999956601,-4.999999999997509,-2.499999999999928,nan,lower,0.1
322,phase1,lower,-10.0,4,-13.564204024616293,-9.999999999542606,-7.499999999960692,-4.99999999999775,-2.499999999999935,nan,lower,0.1
323,phase1,lower,-10.0,4,-13.564204024616293,-9.999999999584414,-7.499999999964397,-4.999999999997969,-2.499999999999942,nan,lower,0.1
324,phase1,lower,-10.0,4,-13.564204024616293,-9.999999999622412,-7.499999999967755,-4.999999999998166,-2.4999999999999476,nan,lower,0.1
325,phase1,lower,-10.0,4,-13.564204024616293,-9.999999999656946,-7.499999999970796,-4.999999999998344,-2.499999999999953,nan,lower,0.1
326,phase1,lower,-10.0,4,-13.564204024616293,-9.999999999688331,-7.499999999973551,-4.999999999998505,-2.499999999999958,nan,lower,0.1
327,phase1,lower,-10.0,4,-13.564204024616293,-9.999999999716852,-7.499999999976047,-4.99999999999865,-2.499999999999962,nan,lower,0.1
328,phase1,lower,-10.0,4,-13.564204024616293,-9.999999999742771,-7.499999999978307,-4.999999999998781,-2.499999999999966,nan,lower,0.1
329,phase1,lower,-10.0,4,-13.564204024616293,-9.999999999766324,-7.499999999980354,-4.9999999999988995,-2.4999999999999694,nan,lower,0.1
330,phase1,upper,-15.0,2,-13.691630917431597,-9.999999999766324,-7.499999999980354,-4.9999999999988995,-2.4999999999999694,nan,lower,0.1
331,phase1,upper,-15.0,2,-13.807930391437678,-9.999999999766324,-7.499999999980354,-4.9999999999988995,-2.4999999999999694,nan,lower,0.1
332,phase1,lower,-10.0,4,-13.807930391437678,-9.999999999787727,-7.499999999982209,-4.999999999999007,-2.4999999999999725,nan,lower,0.1
333,phase1,lower,-10.0,4,-13.807930391437678,-9.999999999807175,-7.499999999983888,-4.999999999999104,-2.499999999999975,nan,lower,0.1
334,phase1,lower,-10.0,4,-13.807930391437678,-9.999999999824846,-7.49999999998541,-4.999999999999191,-2.499999999999978,nan,lower,0.1
335,phase1,lower,-10.0,4,-13.807930391437678,-9.999999999840902,-7.499999999986788,-4.99999999999927,-2.49999999999998,nan,lower,0.1
336,phase1,lower,-10.0,4,-13.807930391437678,-9.999999999855492,-7.499999999988036,-4.999999999999341,-2.4999999999999822,nan,lower,0.1
337,phase1,lower,-10.0,4,-13.807930391437678,-9.999999999868747,-7.499999999989167,-4.999999999999405,-2.499999999999984,nan,lower,0.1
338,phase1,lower,-10.0,4,-13.807930391437678,-9.999999999880789,-7.499999999990191,-4.999999999999463,-2.499999999999986,nan,lower,0.1
339,phase1,lower,-10.0,4,-13.807930391437678,-9.99999999989173,-7.499999999991118,-4.999999999999515,-2.499999999999987,nan,lower,0.1
340,phase1,lower,-10.0,4,-13.807930391437678,-9.999999999901668,-7.4999999999919575,-4.999999999999562,-2.4999999999999885,nan,lower,0.1
341,phase1,upper,-15.0,2,-13.914053661468225,-9.999999999901668,-7.4999999999919575,-4.999999999999562,-2.4999999999999885,nan,lower,0.1
342,phase1,lower,-10.0,4,-13.914053661468225,-9.999999999910697,-7.499999999992718,-4.999999999999605,-2.49999999999999,nan,lower,0.1
343,phase1,lower,-10.0,4,-13.914053661468225,-9.999999999918899,-7.499999999993406,-4.999999999999643,-2.4999999999999907,nan,lower,0.1
344,phase1,lower,-10.0,4,-13.914053661468225,-9.999999999926349,-7.49999999999403,-4.999999999999678,-2.4999999999999916,nan,lower,0.1
345,phase1,lower,-10.0,4,-13.914053661468225,-9.999999999933117,-7.4999999999945945,-4.999999999999709,-2.4999999999999925,nan,lower,0.1
346,phase1,lower,-10.0,4,-13.914053661468225,-9.999999999939265,-7.499999999995106,-4.999999999999737,-2.4999999999999933,nan,lower,0.1
347,phase1,lower,-10.0,4,-13.914053661468225,-9.99999999994485,-7.499999999995569,-4.999999999999763,-2.499999999999994,nan,lower,0.1
348,phase1,lower,-10.0,4,-13.914053661468225,-9.999999999949921,-7.499999999995988,-4.999999999999786,-2.4999999999999942,nan,lower,0.1
349,phase1,lower,-10.0,4,-13.914053661468225,-9.999999999954527,-7.499999999996368,-4.999999999999806,-2.4999999999999947,nan,lower,0.1
350,phase1,lower,-10.0,4,-13.914053661468225,-9.99999999995871,-7.499999999996712,-4.999999999999825,-2.499999999999995,nan,lower,0.1
351,phase1,lower,-10.0,4,-13.914053661468225,-9.99999999996251,-7.499999999997023,-4.999999999999842,-2.4999999999999956,nan,lower,0.1
352,phase1,lower,-10.0,4,-13.914053661468225,-9.999999999965961,-7.499999999997304,-4.999999999999857,-2.499999999999996,nan,lower,0.1
353,phase1,lower,-10.0,4,-13.914053661468225,-9.999999999969095,-7.499999999997559,-4.999999999999871,-2.4999999999999964,nan,lower,0.1
354,phase1,lower,-10.0,4,-13.914053661468225,-9.99999999997194,-7.49999999999779,-4.999999999999884,-2.499999999999997,nan,lower,0.1
355,phase1,lower,-10.0,4,-13.914053661468225,-9.999999999974525,-7.499999999998,-4.999999999999895,-2.4999999999999973,nan,lower,0.1
356,phase1,lower,-10.0,4,-13.914053661468225,-9.999999999976872,-7.499999999998189,-4.999999999999906,-2.499999999999998,nan,lower,0.1
357,phase1,lower,-10.0,4,-13.914053661468225,-9.999999999979003,-7.49999999999836,-4.999999999999915,-2.4999999999999982,nan,lower,0.1
358,phase1,lower,-10.0,4,-13.914053661468225,-9.99999999998094,-7.499999999998516,-4.999999999999923,-2.4999999999999982,nan,lower,0.1
359,phase1,lower,-10.0,4,-13.914053661468225,-9.999999999982697,-7.499999999998656,-4.999999999999931,-2.4999999999999982,nan,lower,0.1
360,phase1,lower,-10.0,4,-13.914053661468225,-9.999999999984293,-7.499999999998783,-4.999999999999938,-2.4999999999999982,nan,lower,0.1
361,phase1,lower,-10.0,4,-13.914053661468225,-9.999999999985743,-7.499999999998899,-4.999999999999944,-2.4999999999999982,nan,lower,0.1
362,phase1,upper,-15.0,2,-14.010872973578287,-9.999999999985743,-7.499999999998899,-4.999999999999944,-2.4999999999999982,nan,lower,0.1
363,phase1,lower,-10.0,4,-14.010872973578287,-9.99999999998706,-7.4999999999990035,-4.999999999999949,-2.4999999999999982,nan,lower,0.1
364,phase1,lower,-10.0,4,-14.010872973578287,-9.999999999988253,-7.499999999999098,-4.999999999999954,-2.4999999999999982,nan,lower,0.1
365,phase1,upper,-15.0,2,-14.099187886651654,-9.999999999988253,-7.499999999999098,-4.999999999999954,-2.4999999999999982,nan,lower,0.1
366,phase1,lower,-10.0,4,-14.099187886651654,-9.999999999989338,-7.499999999999183,-4.999999999999958,-2.4999999999999982,nan,lower,0.1
367,phase1,lower,-10.0,4,-14.099187886651654,-9.999999999990322,-7.49999999999926,-4.999999999999963,-2.4999999999999982,nan,lower,0.1
368,phase1,lower,-10.0,4,-14.099187886651654,-9.999999999991216,-7.49999999999933,-4.999999999999966,-2.4999999999999982,nan,lower,0.1
369,phase1,lower,-10.0,4,-14.099187886651654,-9.999999999992028,-7.499999999999394,-4.99999999999997,-2.4999999999999982,nan,lower,0.1
370,phase1,lower,-10.0,4,-14.099187886651654,-9.999999999992765,-7.499999999999452,-4.9999999999999725,-2.4999999999999982,nan,lower,0.1
371,phase1,lower,-10.0,4,-14.099187886651654,-9.999999999993435,-7.499999999999504,-4.999999999999975,-2.4999999999999982,nan,lower,0.1
372,phase1,lower,-10.0,4,-14.099187886651654,-9.999999999994042,-7.4999999999995515,-4.999999999999978,-2.4999999999999982,nan,lower,0.1
373,phase1,lower,-10.0,4,-14.099187886651654,-9.999999999994593,-7.499999999999594,-4.99999999999998,-2.4999999999999982,nan,lower,0.1
374,phase1,lower,-10.0,4,-14.099187886651654,-9.999999999995094,-7.499999999999632,-4.999999999999981,-2.4999999999999982,nan,lower,0.1
375,phase1,lower,-10.0,4,-14.099187886651654,-9.999999999995548,-7.499999999999667,-4.999999999999983,-2.4999999999999982,nan,lower,0.1
376,phase1,lower,-10.0,4,-14.099187886651654,-9.99999999999596,-7.499999999999699,-4.999999999999985,-2.4999999999999982,nan,lower,0.1
377,phase1,lower,-10.0,4,-14.099187886651654,-9.999999999996334,-7.499999999999727,-4.999999999999986,-2.4999999999999982,nan,lower,0.1
378,phase1,lower,-10.0,4,-14.099187886651654,-9.999999999996673,-7.499999999999753,-4.999999999999987,-2.4999999999999982,nan,lower,0.1
379,phase1,lower,-10.0,4,-14.099187886651654,-9.99999999999698,-7.499999999999776,-4.999999999999988,-2.4999999999999982,nan,lower,0.1
380,phase1,lower,-10.0,4,-14.099187886651654,-9.999999999997259,-7.4999999999997975,-4.9999999999999885,-2.4999999999999982,nan,lower,0.1
381,phase1,lower,-10.0,4,-14.099187886651654,-9.999999999997513,-7.499999999999817,-4.999999999999989,-2.4999999999999982,nan,lower,0.1
382,phase1,upper,-15.0,2,-14.179731087374565,-9.999999999997513,-7.499999999999817,-4.999999999999989,-2.4999999999999982,nan,lower,0.1
383,phase1,lower,-10.0,4,-14.179731087374565,-9.999999999997744,-7.499999999999834,-4.99999999999999,-2.4999999999999982,nan,lower,0.1
384,phase1,lower,-10.0,4,-14.179731087374565,-9.999999999997954,-7.49999999999985,-4.999999999999991,-2.4999999999999982,nan,lower,0.1
385,phase1,lower,-10.0,4,-14.179731087374565,-9.999999999998144,-7.499999999999864,-4.999999999999992,-2.4999999999999982,nan,lower,0.1
386,phase1,lower,-10.0,4,-14.179731087374565,-9.999999999998316,-7.4999999999998765,-4.999999999999993,-2.4999999999999982,nan,lower,0.1
387,phase1,lower,-10.0,4,-14.179731087374565,-9.999999999998472,-7.499999999999888,-4.999999999999994,-2.4999999999999982,nan,lower,0.1
388,phase1,lower,-10.0,4,-14.179731087374565,-9.999999999998614,-7.499999999999899,-4.999999999999995,-2.4999999999999982,nan,lower,0.1
389,phase1,lower,-10.0,4,-14.179731087374565,-9.999999999998742,-7.4999999999999085,-4.999999999999995,-2.4999999999999982,nan,lower,0.1
390,phase1,lower,-10.0,4,-14.179731087374565,-9.99999999999886,-7.499999999999917,-4.999999999999995,-2.4999999999999982,nan,lower,0.1
391,phase1,lower,-10.0,4,-14.179731087374565,-9.999999999998966,-7.499999999999925,-4.999999999999995,-2.4999999999999982,nan,lower,0.1
392,phase1,lower,-10.0,4,-14.179731087374565,-9.999999999999062,-7.4999999999999325,-4.999999999999995,-2.4999999999999982,nan,lower,0.1
393,phase1,lower,-10.0,4,-14.179731087374565,-9.99999999999915,-7.499999999999939,-4.999999999999995,-2.4999999999999982,nan,lower,0.1
394,phase1,lower,-10.0,4,-14.179731087374565,-9.999999999999229,-7.499999999999944,-4.999999999999995,-2.4999999999999982,nan,lower,0.1
395,phase1,lower,-10.0,4,-14.179731087374565,-9.9999999999993,-7.499999999999949,-4.999999999999995,-2.4999999999999982,nan,lower,0.1
396,phase1,lower,-10.0,4,-14.179731087374565,-9.999999999999366,-7.499999999999954,-4.999999999999995,-2.4999999999999982,nan,lower,0.1
397,phase1,lower,-10.0,4,-14.179731087374565,-9.999999999999424,-7.499999999999958,-4.999999999999995,-2.4999999999999982,nan,lower,0.1
398,phase1,lower,-10.0,4,-14.179731087374565,-9.999999999999478,-7.499999999999962,-4.999999999999995,-2.4999999999999982,nan,lower,0.1
399,phase1,lower,-10.0,4,-14.179731087374565,-9.999999999999526,-7.499999999999965,-4.999999999999995,-2.4999999999999982,nan,lower,0.1
400,phase2,lower,-20.0,4,-14.179731087374565,-9.99999999999957,-8.49999999999998,-5.270000000000004,-2.6890000000000045,-0.14700000000000504,lower,0.1
401,phase2,lower,-20.0,4,-14.179731087374565,-10.232299999999615,-9.546609999999996,-5.595917000000015,-2.9017249000000116,-0.17448270000000565,lower,0.1
402,phase2,lower,-20.0,4,-14.179731087374565,-10.570765429999659,-10.560451171000013,-5.918566408700025,-3.0957572563900175,-0.17010757797000514,lower,0.1
403,phase2,lower,-20.0,4,-14.179731087374565,-10.972830824272698,-11.520651983898127,-6.220527107276604,-3.261434813303951,-0.15732427984947137,lower,0.1
404,phase2,lower,-20.0,4,-14.179731087374565,-11.419204792099764,-12.422044963851029,-6.495998333541095,-3.3978621589995233,-0.14248982106552308,lower,0.1
405,phase2,lower,-20.0,4,-14.179731087374565,-11.897729648233861,-13.2637855727286,-6.742723147404565,-3.506503168309287,-0.12739642150423786,lower,0.1
406,phase2,lower,-20.0,4,-14.179731087374565,-12.398992020037149,-14.046322585705225,-6.959782742867608,-3.5894520274035853,-0.1126042640036756,lower,0.1
407,phase2,lower,-20.0,4,-14.179731087374565,-12.915068914207264,-14.770587213016816,-7.1469561236813375,-3.6489524119977905,-0.09832967377144206,lower,0.1
408,phase2,lower,-20.0,4,-14.179731087374565,-13.439117450482517,-15.437770792627134,-7.304500395081631,-3.68725232038061,-0.08468321064875381,lower,0.1
409,phase2,lower,-20.0,4,-14.179731087374565,-13.965197674280857,-16.049257815819203,-7.433047130940435,-3.706551470655855,-0.07173472774337528,lower,0.1
410,phase2,lower,-20.0,4,-14.179731087374565,-14.48816494340373,-16.606599249631188,-7.5335336280301535,-3.708976184945309,-0.05953223693424424,upper,0.1
411,phase2,upper,-15.0,2,-14.306752782327196,-14.48816494340373,-16.606599249631188,-7.5335336280301535,-3.708976184945309,-0.04716902212247961,upper,0.1
412,phase2,upper,-15.0,2,-14.416537318742126,-14.48816494340373,-16.606599249631188,-7.5335336280301535,-3.708976184945309,-0.03785031988477624,upper,0.1
413,phase2,upper,-15.0,2,-14.511945423667232,-14.48816494340373,-16.606599249631188,-7.5335336280301535,-3.708976184945309,-0.03052968364868397,lower,0.1
414,phase2,lower,-20.0,4,-14.511945423667232,-14.977485089310292,-17.0932241144379,-7.59435711081521,-3.6876109744529657,-0.041144809564453336,upper,0.1
415,phase2,upper,-15.0,2,-14.604518930133754,-14.977485089310292,-17.0932241144379,-7.59435711081521,-3.6876109744529657,-0.029803707969299025,upper,0.1
416,phase2,upper,-15.0,2,-14.6810461113002,-14.977485089310292,-17.0932241144379,-7.59435711081521,-3.6876109744529657,-0.021994903041476943,upper,0.1
417,phase2,upper,-15.0,2,-14.745096713604122,-14.977485089310292,-17.0932241144379,-7.59435711081521,-3.6876109744529657,-0.016363152090324278,upper,0.1
418,phase2,upper,-15.0,2,-14.799018268761866,-14.977485089310292,-17.0932241144379,-7.59435711081521,-3.6876109744529657,-0.012137518471254629,upper,0.1
419,phase2,upper,-15.0,2,-14.84446329515814,-14.977485089310292,-17.0932241144379,-7.59435711081521,-3.6876109744529657,-0.008869922608565721,upper,0.1
420,phase2,upper,-15.0,2,-14.88267741165107,-14.977485089310292,-17.0932241144379,-7.59435711081521,-3.6876109744529657,-0.006291556470383066,upper,0.1
421,phase2,upper,-15.0,2,-14.914656882554501,-14.977485089310292,-17.0932241144379,-7.59435711081521,-3.6876109744529657,-0.004234004013747929,upper,0.1
422,phase2,upper,-15.0,2,-14.941235056981895,-14.977485089310292,-17.0932241144379,-7.59435711081521,-3.6876109744529657,-0.002585874116749695,upper,0.1
423,phase2,upper,-15.0,2,-14.963130237817076,-14.977485089310292,-17.0932241144379,-7.59435711081521,-3.6876109744529657,-0.0012689161360410622,upper,0.1
424,phase2,upper,-15.0,2,-14.980972741614138,-14.977485089310292,-17.0932241144379,-7.59435711081521,-3.6876109744529657,-0.0002248186374315649,lower,0.1
425,phase2,lower,-20.0,4,-14.980972741614138,-15.439261328596741,-17.518104003495658,-7.622049700675192,-3.648724773773233,-0.02649659047296076,upper,0.1
426,phase2,upper,-15.0,2,-15.018965406286075,-15.439261328596741,-17.518104003495658,-7.622049700675192,-3.648724773773233,-0.012281031091162214,upper,0.1
427,phase2,upper,-15.0,2,-15.041191720303877,-15.439261328596741,-17.518104003495658,-7.622049700675192,-3.648724773773233,-0.004443138302869283,upper,0.1
428,phase2,upper,-15.0,2,-15.053909693125705,-15.439261328596741,-17.518104003495658,-7.622049700675192,-3.648724773773233,-0.00015666280785739482,upper,0.1
429,phase2,upper,-15.0,2,-15.060729543400388,-15.439261328596741,-17.518104003495658,-7.622049700675192,-3.648724773773233,0.0021416228552060598,upper,0.1
430,phase2,upper,-15.0,2,-15.063782168052908,-15.439261328596741,-17.518104003495658,-7.622049700675192,-3.648724773773233,0.0033194891710610847,upper,0.1
431,phase2,upper,-15.0,2,-15.064363686660805,-15.439261328596741,-17.518104003495658,-7.622049700675192,-3.648724773773233,0.0038612300329737043,upper,0.1
432,phase2,upper,-15.0,2,-15.06329199583697,-15.439261328596741,-17.518104003495658,-7.622049700675192,-3.648724773773233,0.004039220774506825,upper,0.1
433,phase2,upper,-15.0,2,-15.061104938686427,-15.439261328596741,-17.518104003495658,-7.622049700675192,-3.648724773773233,0.004008319793803492,upper,0.1
434,phase2,upper,-15.0,2,-15.058171285633511,-15.439261328596741,-17.518104003495658,-7.622049700675192,-3.648724773773233,0.0038578699880921358,upper,0.1
435,phase2,upper,-15.0,2,-15.054753639239562,-15.439261328596741,-17.518104003495658,-7.622049700675192,-3.648724773773233,0.003640394156750607,upper,0.1
436,phase2,upper,-15.0,2,-15.051044753196173,-15.439261328596741,-17.518104003495658,-7.622049700675192,-3.648724773773233,0.0033874744967863353,upper,0.1
437,phase2,upper,-15.0,2,-15.047189077011886,-15.439261328596741,-17.518104003495658,-7.622049700675192,-3.648724773773233,0.0031185796769644834,upper,0.1
438,phase2,upper,-15.0,2,-15.043296022645624,-15.439261328596741,-17.518104003495658,-7.622049700675192,-3.648724773773233,0.0028460064129396897,upper,0.1
439,phase2,upper,-15.0,2,-15.039448530647803,-15.439261328596741,-17.518104003495658,-7.622049700675192,-3.648724773773233,0.0025776760613534086,upper,0.1
440,phase2,upper,-15.0,2,-15.03570891083023,-15.439261328596741,-17.518104003495658,-7.622049700675192,-3.648724773773233,0.0023187431668854207,upper,0.1
441,phase2,upper,-15.0,2,-15.032123052630546,-15.439261328596741,-17.518104003495658,-7.622049700675192,-3.648724773773233,0.0020725424352268373,upper,0.1
442,phase2,upper,-15.0,2,-15.028723617204019,-15.439261328596741,-17.518104003495658,-7.622049700675192,-3.648724773773233,0.0018411641210434417,upper,0.1
443,phase2,upper,-15.0,2,-15.025532557851328,-15.439261328596741,-17.518104003495658,-7.622049700675192,-3.648724773773233,0.001625817887494095,upper,0.1
444,phase2,upper,-15.0,2,-15.022563169382426,-15.439261328596741,-17.518104003495658,-7.622049700675192,-3.648724773773233,0.0014270737870979095,upper,0.1
445,phase2,upper,-15.0,2,-15.019821786468368,-15.439261328596741,-17.518104003495658,-7.622049700675192,-3.648724773773233,0.0012450297516404818,upper,0.1
446,phase2,lower,-20.0,4,-15.019821786468368,-15.896025069310156,-17.901342956692346,-7.6310148102439594,-3.6034808449508318,-0.019693794551741993,upper,0.1
447,phase2,upper,-15.0,2,-15.036154148213175,-15.896025069310156,-17.901342956692346,-7.6310148102439594,-3.6034808449508318,-0.00918059053796104,upper,0.1
448,phase2,upper,-15.0,2,-15.042535501257852,-15.896025069310156,-17.901342956692346,-7.6310148102439594,-3.6034808449508318,-0.003583170976759541,upper,0.1
449,phase2,upper,-15.0,2,-15.043595203140823,-15.896025069310156,-17.901342956692346,-7.6310148102439594,-3.6034808449508318,-0.0006745524205267431,upper,0.1
450,phase2,upper,-15.0,2,-15.041889618989561,-15.896025069310156,-17.901342956692346,-7.6310148102439594,-3.6034808449508318,0.0007691840884903203,upper,0.1
451,phase2,upper,-15.0,2,-15.038830600903466,-15.896025069310156,-17.901342956692346,-7.6310148102439594,-3.6034808449508318,0.0014205810564661952,upper,0.1
452,phase2,upper,-15.0,2,-15.035196645493002,-15.896025069310156,-17.901342956692346,-7.6310148102439594,-3.6034808449508318,0.0016490138234044433,upper,0.1
453,phase2,upper,-15.0,2,-15.031414640087302,-15.896025069310156,-17.901342956692346,-7.6310148102439594,-3.6034808449508318,0.0016571057714410045,upper,0.1
454,phase2,upper,-15.0,2,-15.027715444329553,-15.896025069310156,-17.901342956692346,-7.6310148102439594,-3.6034808449508318,0.00155571897991447,upper,0.1
455,phase2,upper,-15.0,2,-15.02422004163661,-15.896025069310156,-17.901342956692346,-7.6310148102439594,-3.6034808449508318,0.0014051926250529803,upper,0.1
456,phase2,upper,-15.0,2,-15.020987441852913,-15.896025069310156,-17.901342956692346,-7.6310148102439594,-3.6034808449508318,0.0012380322574707576,upper,0.1
457,phase2,upper,-15.0,2,-15.018041477455407,-15.896025069310156,-17.901342956692346,-7.6310148102439594,-3.6034808449508318,0.0010714028788277625,upper,0.1
458,phase2,upper,-15.0,2,-15.015385922169385,-15.896025069310156,-17.901342956692346,-7.6310148102439594,-3.6034808449508318,0.0009140153917307842,upper,0.1
459,phase2,upper,-15.0,2,-15.013013122361171,-15.896025069310156,-17.901342956692346,-7.6310148102439594,-3.6034808449508318,0.0007699284710206201,upper,0.1
460,phase2,upper,-15.0,2,-15.010909002145809,-15.896025069310156,-17.901342956692346,-7.6310148102439594,-3.6034808449508318,0.0006406520084052403,upper,0.1
461,phase2,upper,-15.0,2,-15.009056022526226,-15.896025069310156,-17.901342956692346,-7.6310148102439594,-3.6034808449508318,0.0005263141954111657,upper,0.1
462,phase2,upper,-15.0,2,-15.007434970477584,-15.896025069310156,-17.901342956692346,-7.6310148102439594,-3.6034808449508318,0.0004263113969888803,upper,0.1
463,phase2,upper,-15.0,2,-15.006026066089728,-15.896025069310156,-17.901342956692346,-7.6310148102439594,-3.6034808449508318,0.0003396715271010254,upper,0.1
464,phase2,upper,-15.0,2,-15.0048096620623,-15.896025069310156,-17.901342956692346,-7.6310148102439594,-3.6034808449508318,0.00026525806219808055,upper,0.1
465,phase2,upper,-15.0,2,-15.003766691663595,-15.896025069310156,-17.901342956692346,-7.6310148102439594,-3.6034808449508318,0.0002018848795006633,upper,0.1
466,phase2,upper,-15.0,2,-15.002878955675065,-15.896025069310156,-17.901342956692346,-7.6310148102439594,-3.6034808449508318,0.00014838077713511774,upper,0.1
467,phase2,upper,-15.0,2,-15.002129302204054,-15.896025069310156,-17.901342956692346,-7.6310148102439594,-3.6034808449508318,0.0001036252816049998,upper,0.1
468,phase2,upper,-15.0,2,-15.001501732566735,-15.896025069310156,-17.901342956692346,-7.6310148102439594,-3.6034808449508318,6.656783455944812e-05,upper,0.1
469,phase2,upper,-15.0,2,-15.000981454583233,-15.896025069310156,-17.901342956692346,-7.6310148102439594,-3.6034808449508318,3.6237192020133815e-05,upper,0.1
470,phase2,upper,-15.0,2,-15.000554897663186,-15.896025069310156,-17.901342956692346,-7.6310148102439594,-3.6034808449508318,1.1744951336189026e-05,upper,0.1
471,phase2,upper,-15.0,2,-15.000209699834476,-15.896025069310156,-17.901342956692346,-7.6310148102439594,-3.6034808449508318,-7.714507475305038e-06,upper,0.1
472,phase2,upper,-15.0,2,-14.999934674191197,-15.896025069310156,-17.901342956692346,-7.6310148102439594,-3.6034808449508318,-2.286629662940643e-05,upper,0.1
473,phase2,upper,-15.0,2,-14.999719760453209,-15.896025069310156,-17.901342956692346,-7.6310148102439594,-3.6034808449508318,-3.43586660583565e-05,upper,0.1
474,phase2,upper,-15.0,2,-14.999555966074842,-15.896025069310156,-17.901342956692346,-7.6310148102439594,-3.6034808449508318,-4.2767478775930284e-05,upper,0.1
475,phase2,upper,-15.0,2,-14.99943530041117,-15.896025069310156,-17.901342956692346,-7.6310148102439594,-3.6034808449508318,-4.860115786630528e-05,upper,0.1
476,phase2,upper,-15.0,2,-14.999350704732263,-15.896025069310156,-17.901342956692346,-7.6310148102439594,-3.6034808449508318,-5.2305859908099196e-05,upper,0.1
477,phase2,upper,-15.0,2,-14.999295980302552,-15.896025069310156,-17.901342956692346,-7.6310148102439594,-3.6034808449508318,-5.427070271365827e-05,upper,0.1
478,phase2,upper,-15.0,2,-14.999265716274552,-15.896025069310156,-17.901342956692346,-7.6310148102439594,-3.6034808449508318,-5.4832924692861066e-05,upper,0.1
479,phase2,upper,-15.0,2,-14.999255218759593,-15.896025069310156,-17.901342956692346,-7.6310148102439594,-3.6034808449508318,-5.428288810945542e-05,upper,0.1
480,phase2,upper,-15.0,2,-14.999260442116459,-15.896025069310156,-17.901342956692346,-7.6310148102439594,-3.6034808449508318,-5.2868864204813074e-05,upper,0.1
481,phase2,upper,-15.0,2,-14.999277923231174,-15.896025069310156,-17.901342956692346,-7.6310148102439594,-3.6034808449508318,-5.080155764267187e-05,upper,0.1
482,phase2,upper,-15.0,2,-14.999304719338799,-15.896025069310156,-17.901342956692346,-7.6310148102439594,-3.6034808449508318,-4.8258342792603586e-05,upper,0.1
483,phase2,upper,-15.0,2,-14.999338349754597,-15.896025069310156,-17.901342956692346,-7.6310148102439594,-3.6034808449508318,-4.538719614893088e-05,upper,0.1
484,phase2,upper,-15.0,2,-14.99937674173181,-15.896025069310156,-17.901342956692346,-7.6310148102439594,-3.6034808449508318,-4.2310318413909354e-05,upper,0.1
485,phase2,upper,-15.0,2,-14.999418180541602,-15.896025069310156,-17.901342956692346,-7.6310148102439594,-3.6034808449508318,-3.912744697868853e-05,upper,0.1
486,phase2,lower,-20.0,4,-14.999418180541602,-16.346592072750653,-18.245978375298424,-7.623630317036181,-3.5536475757179087,-0.01396265318871042,upper,0.1
487,phase2,upper,-15.0,2,-15.01199243694123,-16.346592072750653,-18.245978375298424,-7.623630317036181,-3.5536475757179087,-0.006858446478539146,upper,0.1
488,phase2,lower,-20.0,4,-15.01199243694123,-16.792703304836113,-18.556847820922467,-7.603501621346462,-3.5017019890400003,-0.009938816757037859,upper,0.1
489,phase2,upper,-15.0,2,-15.020572705855187,-16.792703304836113,-18.556847820922467,-7.603501621346462,-3.5017019890400003,-0.00454306705777557,upper,0.1
490,phase2,upper,-15.0,2,-15.023971614864912,-16.792703304836113,-18.556847820922467,-7.603501621346462,-3.5017019890400003,-0.0016710083034589774,upper,0.1
491,phase2,lower,-20.0,4,-15.023971614864912,-17.22062166391786,-18.827697838130376,-7.566410556743121,-3.44444542910284,-0.0033262150807860796,upper,0.1
492,phase2,upper,-15.0,2,-15.026066311508448,-17.22062166391786,-18.827697838130376,-7.566410556743121,-3.44444542910284,-0.0009915976672632497,upper,0.1
493,phase2,upper,-15.0,2,-15.02588583769273,-17.22062166391786,-18.827697838130376,-7.566410556743121,-3.44444542910284,0.00019954443383148903,upper,0.1
494,phase2,upper,-15.0,2,-15.024531513460838,-17.22062166391786,-18.827697838130376,-7.566410556743121,-3.44444542910284,0.0007686258216294051,upper,0.1
495,phase2,upper,-15.0,2,-15.022614774326485,-17.22062166391786,-18.827697838130376,-7.566410556743121,-3.44444542910284,0.0010023242258836737,upper,0.1
496,phase2,upper,-15.0,2,-15.020475065220692,-17.22062166391786,-18.827697838130376,-7.566410556743121,-3.44444542910284,0.0010581965432528294,upper,0.1
497,phase2,upper,-15.0,2,-15.018300093833435,-17.22062166391786,-18.827697838130376,-7.566410556743121,-3.44444542910284,0.001022734757964882,upper,0.1
498,phase2,upper,-15.0,2,-15.016192367555607,-17.22062166391786,-18.827697838130376,-7.566410556743121,-3.44444542910284,0.0009432889967965958,upper,0.1
499,phase2,upper,-15.0,2,-15.01420615220721,-17.22062166391786,-18.827697838130376,-7.566410556743121,-3.44444542910284,0.0008456296624834688,upper,0.1
500,phase2,upper,-15.0,2,-15.012368120545524,-17.22062166391786,-18.827697838130376,-7.566410556743121,-3.44444542910284,0.0007436162539427103,upper,0.1
501,phase2,lower,-20.0,4,-15.012368120545524,-17.630660026710565,-19.061991688455407,-7.5149550923062645,-3.3837265615752887,0.002102282019848599,upper,0.1
502,phase2,upper,-15.0,2,-15.009466187180049,-17.630660026710565,-19.061991688455407,-7.5149550923062645,-3.3837265615752887,0.0013102726468064575,upper,0.1
503,phase2,upper,-15.0,2,-15.00738485182113,-17.630660026710565,-19.061991688455407,-7.5149550923062645,-3.3837265615752887,0.000844831114425139,upper,0.1
504,phase2,upper,-15.0,2,-15.005819190897,-17.630660026710565,-19.061991688455407,-7.5149550923062645,-3.3837265615752887,0.0005630346377990721,upper,0.1
505,phase2,upper,-15.0,2,-15.004595427859073,-17.630660026710565,-19.061991688455407,-7.5149550923062645,-3.3837265615752887,0.00038592983167969167,upper,0.1
506,phase2,upper,-15.0,2,-15.003612115685359,-17.630660026710565,-19.061991688455407,-7.5149550923062645,-3.3837265615752887,0.000269730674027009,upper,0.1
507,phase2,lower,-20.0,4,-15.003612115685359,-18.023550435278423,-19.26326405338297,-7.451745468316871,-3.321249995446617,0.006370393491480997,upper,0.1
508,phase2,upper,-15.0,2,-14.997317275775949,-18.023550435278423,-19.26326405338297,-7.451745468316871,-3.321249995446617,0.003179322562349423,upper,0.1
509,phase2,upper,-15.0,2,-14.994127416207878,-18.023550435278423,-19.26326405338297,-7.451745468316871,-3.321249995446617,0.001447824095253542,upper,0.1
510,phase2,upper,-15.0,2,-14.992665399393934,-18.023550435278423,-19.26326405338297,-7.451745468316871,-3.321249995446617,0.0005189485313712187,upper,0.1
511,phase2,upper,-15.0,2,-14.99216469037316,-18.023550435278423,-19.26326405338297,-7.451745468316871,-3.321249995446617,3.121778136126887e-05,upper,0.1
512,phase2,upper,-15.0,2,-14.992196119018061,-18.023550435278423,-19.26326405338297,-7.451745468316871,-3.321249995446617,-0.00021440535760676208,upper,0.1
513,phase2,upper,-15.0,2,-14.992517506700272,-18.023550435278423,-19.26326405338297,-7.451745468316871,-3.321249995446617,-0.000327616997252527,upper,0.1
514,phase2,upper,-15.0,2,-14.992990817568487,-18.023550435278423,-19.26326405338297,-7.451745468316871,-3.321249995446617,-0.00036894612628377243,upper,0.1
515,phase2,upper,-15.0,2,-14.993536431113172,-18.023550435278423,-19.26326405338297,-7.451745468316871,-3.321249995446617,-0.00037183849203182787,upper,0.1
516,phase2,upper,-15.0,2,-14.994107831834569,-18.023550435278423,-19.26326405338297,-7.451745468316871,-3.321249995446617,-0.0003548007806294322,upper,0.1
517,phase2,upper,-15.0,2,-14.994677537593693,-18.023550435278423,-19.26326405338297,-7.451745468316871,-3.321249995446617,-0.0003280827723811524,upper,0.1
518,phase2,upper,-15.0,2,-14.995229222591187,-18.023550435278423,-19.26326405338297,-7.451745468316871,-3.321249995446617,-0.00029735748544442104,upper,0.1
519,phase2,upper,-15.0,2,-14.995753262202738,-18.023550435278423,-19.26326405338297,-7.451745468316871,-3.321249995446617,-0.0002657508814134033,upper,0.1
520,phase2,upper,-15.0,2,-14.99624417470033,-18.023550435278423,-19.26326405338297,-7.451745468316871,-3.321249995446617,-0.00023496376242169517,upper,0.1
521,phase2,upper,-15.0,2,-14.996699120445156,-18.023550435278423,-19.26326405338297,-7.451745468316871,-3.321249995446617,-0.00020589395029857615,upper,0.1
522,phase2,upper,-15.0,2,-14.997116995834435,-18.023550435278423,-19.26326405338297,-7.451745468316871,-3.321249995446617,-0.00017898304723054455,upper,0.1
523,phase2,upper,-15.0,2,-14.99749786631556,-18.023550435278423,-19.26326405338297,-7.451745468316871,-3.321249995446617,-0.00015441110163424886,upper,0.1
524,phase2,upper,-15.0,2,-14.997842596612248,-18.023550435278423,-19.26326405338297,-7.451745468316871,-3.321249995446617,-0.00013220702286436144,upper,0.1
525,phase2,upper,-15.0,2,-14.998152598942342,-18.023550435278423,-19.26326405338297,-7.451745468316871,-3.321249995446617,-0.00011231210197971316,upper,0.1
526,phase2,upper,-15.0,2,-14.998429654518253,-18.023550435278423,-19.26326405338297,-7.451745468316871,-3.321249995446617,-9.461724012814672e-05,upper,0.1
527,phase2,upper,-15.0,2,-14.998675782681966,-18.023550435278423,-19.26326405338297,-7.451745468316871,-3.321249995446617,-7.89852738313476e-05,upper,0.1
528,phase2,upper,-15.0,2,-14.998893142597312,-18.023550435278423,-19.26326405338297,-7.451745468316871,-3.321249995446617,-6.526471851756914e-05,upper,0.1
529,phase2,upper,-15.0,2,-14.999083958325444,-18.023550435278423,-19.26326405338297,-7.451745468316871,-3.321249995446617,-5.3298460822344724e-05,upper,0.1
530,phase2,upper,-15.0,2,-14.999250461443983,-18.023550435278423,-19.26326405338297,-7.451745468316871,-3.321249995446617,-4.292939069774371e-05,upper,0.1
531,phase2,upper,-15.0,2,-14.999394847288556,-18.023550435278423,-19.26326405338297,-7.451745468316871,-3.321249995446617,-3.4004112757347054e-05,upper,0.1
532,phase2,upper,-15.0,2,-14.999519242030015,-18.023550435278423,-19.26326405338297,-7.451745468316871,-3.321249995446617,-2.6375402996510583e-05,upper,0.1
533,phase2,upper,-15.0,2,-14.999625678498843,-18.023550435278423,-19.26326405338297,-7.451745468316871,-3.321249995446617,-1.9903812016065183e-05,upper,0.1
534,phase2,upper,-15.0,2,-14.999716079120747,-18.023550435278423,-19.26326405338297,-7.451745468316871,-3.321249995446617,-1.4458665724564165e-05,upper,0.1
535,phase2,upper,-15.0,2,-14.999792244639018,-18.023550435278423,-19.26326405338297,-7.451745468316871,-3.321249995446617,-9.918627862049477e-06,upper,0.1
536,phase2,upper,-15.0,2,-14.999855847527622,-18.023550435278423,-19.26326405338297,-7.451745468316871,-3.321249995446617,-6.171937364330482e-06,upper,0.1
537,phase2,upper,-15.0,2,-14.999908429176065,-18.023550435278423,-19.26326405338297,-7.451745468316871,-3.321249995446617,-3.116402046487748e-06,upper,0.1
538,phase2,upper,-15.0,2,-14.999951400070604,-18.023550435278423,-19.26326405338297,-7.451745468316871,-3.321249995446617,-6.592097780836319e-07,upper,0.1
539,phase2,upper,-15.0,2,-14.999986042316527,-18.023550435278423,-19.26326405338297,-7.451745468316871,-3.321249995446617,1.2833954680700271e-06,upper,0.1
540,phase2,upper,-15.0,2,-15.000013513948778,-18.023550435278423,-19.26326405338297,-7.451745468316871,-3.321249995446617,2.786535210657279e-06,upper,0.1
541,phase2,upper,-15.0,2,-15.000034854566719,-18.023550435278423,-19.26326405338297,-7.451745468316871,-3.321249995446617,3.9171856833503635e-06,upper,0.1
542,phase2,upper,-15.0,2,-15.000050991905763,-18.023550435278423,-19.26326405338297,-7.451745468316871,-3.321249995446617,4.7347105405908464e-06,upper,0.1
543,phase2,upper,-15.0,2,-15.000062749025316,-18.023550435278423,-19.26326405338297,-7.451745468316871,-3.321249995446617,5.2914176512486165e-06,upper,0.1
544,phase2,upper,-15.0,2,-15.000070851850483,-18.023550435278423,-19.26326405338297,-7.451745468316871,-3.321249995446617,5.633124503249092e-06,upper,0.1
545,phase2,upper,-15.0,2,-15.000075936855023,-18.023550435278423,-19.26326405338297,-7.451745468316871,-3.321249995446617,5.799720014438063e-06,upper,0.1
546,phase2,upper,-15.0,2,-15.000078558716188,-18.023550435278423,-19.26326405338297,-7.451745468316871,-3.321249995446617,5.825713283887583e-06,upper,0.1
547,phase2,upper,-15.0,2,-15.000079197808914,-18.023550435278423,-19.26326405338297,-7.451745468316871,-3.321249995446617,5.740762116103171e-06,upper,0.1
548,phase2,upper,-15.0,2,-15.000078267438187,-18.023550435278423,-19.26326405338297,-7.451745468316871,-3.321249995446617,5.570176070348909e-06,upper,0.1
549,phase2,upper,-15.0,2,-15.000076120734866,-18.023550435278423,-19.26326405338297,-7.451745468316871,-3.321249995446617,5.335390382735914e-06,upper,0.1
550,phase2,upper,-15.0,2,-15.000073057162293,-18.023550435278423,-19.26326405338297,-7.451745468316871,-3.321249995446617,5.054408423096377e-06,upper,0.1
551,phase2,upper,-15.0,2,-15.00006932859945,-18.023550435278423,-19.26326405338297,-7.451745468316871,-3.321249995446617,4.742211422472935e-06,upper,0.1
552,phase2,upper,-15.0,2,-15.000065144981292,-18.023550435278423,-19.26326405338297,-7.451745468316871,-3.321249995446617,4.411135071481497e-06,upper,0.1
553,phase2,upper,-15.0,2,-15.000060679489186,-18.023550435278423,-19.26326405338297,-7.451745468316871,-3.321249995446617,4.0712132750809646e-06,upper,0.1
554,phase2,upper,-15.0,2,-15.000056073293935,-18.023550435278423,-19.26326405338297,-7.451745468316871,-3.321249995446617,3.730489883077719e-06,upper,0.1
555,phase2,upper,-15.0,2,-15.000051439861476,-18.023550435278423,-19.26326405338297,-7.451745468316871,-3.321249995446617,3.3952996198926507e-06,upper,0.1
556,phase2,upper,-15.0,2,-15.00004686883708,-18.023550435278423,-19.26326405338297,-7.451745468316871,-3.321249995446617,3.070519731675218e-06,upper,0.1
557,phase2,upper,-15.0,2,-15.00004242952813,-18.023550435278423,-19.26326405338297,-7.451745468316871,-3.321249995446617,2.7597940735841925e-06,upper,0.1
558,phase2,upper,-15.0,2,-15.000038174008457,-18.023550435278423,-19.26326405338297,-7.451745468316871,-3.321249995446617,2.4657314895489626e-06,upper,0.1
559,phase2,upper,-15.0,2,-15.000034139869237,-18.023550435278423,-19.26326405338297,-7.451745468316871,-3.321249995446617,2.190080404399479e-06,upper,0.1
560,phase2,lower,-20.0,4,-15.000034139869237,-18.397519826016513,-19.433083082814527,-7.377964540789779,-3.257589651966412,0.010276100702154792,upper,0.1
561,phase2,upper,-15.0,2,-14.990783833082777,-18.397519826016513,-19.433083082814527,-7.377964540789779,-3.257589651966412,0.005036150086225974,upper,0.1
562,phase2,upper,-15.0,2,-14.986526909365649,-18.397519826016513,-19.433083082814527,-7.377964540789779,-3.257589651966412,0.0022160335571768707,upper,0.1
563,phase2,upper,-15.0,2,-14.984988547480803,-18.397519826016513,-19.433083082814527,-7.377964540789779,-3.257589651966412,0.0007227098724814124,upper,0.1
564,phase2,upper,-15.0,2,-14.984909840905798,-18.397519826016513,-19.433083082814527,-7.377964540789779,-3.257589651966412,-4.4759830139543216e-05,upper,0.1
565,phase2,upper,-15.0,2,-14.985592575065231,-18.397519826016513,-19.433083082814527,-7.377964540789779,-3.257589651966412,-0.00041681656148683,upper,0.1
566,phase2,upper,-15.0,2,-14.986648709454375,-18.397519826016513,-19.433083082814527,-7.377964540789779,-3.257589651966412,-0.0005751729096290698,upper,0.1
567,phase2,upper,-15.0,2,-14.987862371848335,-18.397519826016513,-19.433083082814527,-7.377964540789779,-3.257589651966412,-0.0006197328323104237,upper,0.1
568,phase2,upper,-15.0,2,-14.989113712237481,-18.397519826016513,-19.433083082814527,-7.377964540789779,-3.257589651966412,-0.0006053756567761624,upper,0.1
569,phase2,upper,-15.0,2,-14.990336785178357,-18.397519826016513,-19.433083082814527,-7.377964540789779,-3.257589651966412,-0.0005621815682158289,upper,0.1
570,phase2,upper,-15.0,2,-14.99149616654541,-18.397519826016513,-19.433083082814527,-7.377964540789779,-3.257589651966412,-0.000506557797065733,upper,0.1
571,phase2,upper,-15.0,2,-14.992573898457973,-18.397519826016513,-19.433083082814527,-7.377964540789779,-3.257589651966412,-0.0004473636336315214,upper,0.1
572,phase2,upper,-15.0,2,-14.9935621403256,-18.397519826016513,-19.433083082814527,-7.377964540789779,-3.257589651966412,-0.0003892859129778994,upper,0.1
573,phase2,upper,-15.0,2,-14.99445898311661,-18.397519826016513,-19.433083082814527,-7.377964540789779,-3.257589651966412,-0.00033470219535159957,upper,0.1
574,phase2,upper,-15.0,2,-14.995266026452654,-18.397519826016513,-19.433083082814527,-7.377964540789779,-3.257589651966412,-0.0002847115598034486,upper,0.1
575,phase2,upper,-15.0,2,-14.995986946060945,-18.397519826016513,-19.433083082814527,-7.377964540789779,-3.257589651966412,-0.00023970674232194367,upper,0.1
576,phase2,upper,-15.0,2,-14.996626624354487,-18.397519826016513,-19.433083082814527,-7.377964540789779,-3.257589651966412,-0.00019969312161854214,upper,0.1
577,phase2,upper,-15.0,2,-14.997190606841741,-18.397519826016513,-19.433083082814527,-7.377964540789779,-3.257589651966412,-0.00016446761795663303,upper,0.1
578,phase2,upper,-15.0,2,-14.997684751666613,-18.397519826016513,-19.433083082814527,-7.377964540789779,-3.257589651966412,-0.00013371977036255226,upper,0.1
579,phase2,upper,-15.0,2,-14.99811499728796,-18.397519826016513,-19.433083082814527,-7.377964540789779,-3.257589651966412,-0.00010708933295733497,upper,0.1
580,phase2,upper,-15.0,2,-14.998487205240929,-18.397519826016513,-19.433083082814527,-7.377964540789779,-3.257589651966412,-8.419937471257114e-05,upper,0.1
581,phase2,upper,-15.0,2,-14.998807052679886,-18.397519826016513,-19.433083082814527,-7.377964540789779,-3.257589651966412,-6.467541622681204e-05,upper,0.1
582,phase2,upper,-15.0,2,-14.999079959356383,-18.397519826016513,-19.433083082814527,-7.377964540789779,-3.257589651966412,-4.815648138418641e-05,upper,0.1
583,phase2,upper,-15.0,2,-14.999311039335756,-18.397519826016513,-19.433083082814527,-7.377964540789779,-3.257589651966412,-3.430137203521413e-05,upper,0.1
584,phase2,upper,-15.0,2,-14.999505071025876,-18.397519826016513,-19.433083082814527,-7.377964540789779,-3.257589651966412,-2.2792051248730216e-05,upper,0.1
585,phase2,upper,-15.0,2,-14.999666481038119,-18.397519826016513,-19.433083082814527,-7.377964540789779,-3.257589651966412,-1.3335229384820878e-05,upper,0.1
586,phase2,upper,-15.0,2,-14.999799338605305,-18.397519826016513,-19.433083082814527,-7.377964540789779,-3.257589651966412,-5.662803788511784e-06,upper,0.1
587,phase2,upper,-15.0,2,-14.999907358063972,-18.397519826016513,-19.433083082814527,-7.377964540789779,-3.257589651966412,4.6844847584353493e-07,upper,0.1
588,phase2,upper,-15.0,2,-14.999993907446045,-18.397519826016513,-19.433083082814527,-7.377964540789779,-3.257589651966412,5.27767038544116e-06,upper,0.1
589,phase2,upper,-15.0,2,-15.000062021615342,-18.397519826016513,-19.433083082814527,-7.377964540789779,-3.257589651966412,8.961048408200331e-06,upper,0.1
590,phase2,upper,-15.0,2,-15.000114418682491,-18.397519826016513,-19.433083082814527,-7.377964540789779,-3.257589651966412,1.1693143144785492e-05,upper,0.1
591,phase2,upper,-15.0,2,-15.000153518668677,-18.397519826016513,-19.433083082814527,-7.377964540789779,-3.257589651966412,1.3628343967151056e-05,upper,0.1
592,phase2,upper,-15.0,2,-15.000181463582166,-18.397519826016513,-19.433083082814527,-7.377964540789779,-3.257589651966412,1.4902386679488587e-05,upper,0.1
593,phase2,upper,-15.0,2,-15.000200138232625,-18.397519826016513,-19.433083082814527,-7.377964540789779,-3.257589651966412,1.5633888800195264e-05,upper,0.1
594,phase2,upper,-15.0,2,-15.000211191243658,-18.397519826016513,-19.433083082814527,-7.377964540789779,-3.257589651966412,1.592586847663002e-05,upper,0.1
595,phase2,upper,-15.0,2,-15.000216055838258,-18.397519826016513,-19.433083082814527,-7.377964540789779,-3.257589651966412,1.586722172394555e-05,upper,0.1
596,phase2,upper,-15.0,2,-15.000215970068362,-18.397519826016513,-19.433083082814527,-7.377964540789779,-3.257589651966412,1.553413946135539e-05,upper,0.1
597,phase2,upper,-15.0,2,-15.000211996240875,-18.397519826016513,-19.433083082814527,-7.377964540789779,-3.257589651966412,1.499145120944421e-05,upper,0.1
598,phase2,upper,-15.0,2,-15.000205039360537,-18.397519826016513,-19.433083082814527,-7.377964540789779,-3.257589651966412,1.4293886636445487e-05,upper,0.1
599,phase2,upper,-15.0,2,-15.000195864466434,-18.397519826016513,-19.433083082814527,-7.377964540789779,-3.257589651966412,1.348724961627796e-05,upper,0.1
600,phase2,upper,-15.0,2,-15.000185112785514,-18.397519826016513,-19.433083082814527,-7.377964540789779,-3.257589651966412,1.2609502241057041e-05,upper,0.1
601,phase2,upper,-15.0,2,-15.000173316664341,-18.397519826016513,-19.433083082814527,-7.377964540789779,-3.257589651966412,1.1691758439461897e-05,upper,0.1
602,phase2,upper,-15.0,2,-15.000160913270758,-18.397519826016513,-19.433083082814527,-7.377964540789779,-3.257589651966412,1.0759188576703006e-05,upper,0.1
603,phase2,upper,-15.0,2,-15.000148257081188,-18.397519826016513,-19.433083082814527,-7.377964540789779,-3.257589651966412,9.831837738654545e-06,upper,0.1
604,phase2,upper,-15.0,2,-15.00013563118789,-18.397519826016513,-19.433083082814527,-7.377964540789779,-3.257589651966412,8.92536138752313e-06,upper,0.1
605,phase2,upper,-15.0,2,-15.000123257474518,-18.397519826016513,-19.433083082814527,-7.377964540789779,-3.257589651966412,8.051682785622767e-06,upper,0.1
606,phase2,upper,-15.0,2,-15.000111305718413,-18.397519826016513,-19.433083082814527,-7.377964540789779,-3.257589651966412,7.219577056651373e-06,upper,0.1
607,phase2,upper,-15.0,2,-15.00009990168495,-18.397519826016513,-19.433083082814527,-7.377964540789779,-3.257589651966412,6.435187040097107e-06,upper,0.1
608,phase2,upper,-15.0,2,-15.00008913428354,-18.397519826016513,-19.433083082814527,-7.377964540789779,-3.257589651966412,5.702476221467463e-06,upper,0.1
609,phase2,upper,-15.0,2,-15.000079061856889,-18.397519826016513,-19.433083082814527,-7.377964540789779,-3.257589651966412,5.0236240300902876e-06,upper,0.1
610,phase2,upper,-15.0,2,-15.000069717675496,-18.397519826016513,-19.433083082814527,-7.377964540789779,-3.257589651966412,4.39936870246136e-06,upper,0.1
611,phase2,upper,-15.0,2,-15.000061114708297,-18.397519826016513,-19.433083082814527,-7.377964540789779,-3.257589651966412,3.829302746078622e-06,upper,0.1
612,phase2,upper,-15.0,2,-15.000053249738277,-18.397519826016513,-19.433083082814527,-7.377964540789779,-3.257589651966412,3.3121258151498276e-06,upper,0.1
613,phase2,upper,-15.0,2,-15.000046106888963,-18.397519826016513,-19.433083082814527,-7.377964540789779,-3.257589651966412,2.845859550434893e-06,upper,0.1
614,phase2,upper,-15.0,2,-15.000039660624243,-18.397519826016513,-19.433083082814527,-7.377964540789779,-3.257589651966412,2.4280286473563177e-06,upper,0.1
615,phase2,upper,-15.0,2,-15.000033878280117,-18.397519826016513,-19.433083082814527,-7.377964540789779,-3.257589651966412,2.055812113697678e-06,upper,0.1
616,phase2,upper,-15.0,2,-15.000028722182877,-18.397519826016513,-19.433083082814527,-7.377964540789779,-3.257589651966412,1.7261683688137586e-06,upper,0.1
617,phase2,upper,-15.0,2,-15.00002415140401,-18.397519826016513,-19.433083082814527,-7.377964540789779,-3.257589651966412,1.4359375268325771e-06,upper,0.1
618,phase2,upper,-15.0,2,-15.000020123197947,-18.397519826016513,-19.433083082814527,-7.377964540789779,-3.257589651966412,1.181923902392145e-06,upper,0.1
619,phase2,upper,-15.0,2,-15.000016594164595,-18.397519826016513,-19.433083082814527,-7.377964540789779,-3.257589651966412,9.609614849949906e-07,upper,0.1
620,phase2,upper,-15.0,2,-15.000013521174603,-18.397519826016513,-19.433083082814527,-7.377964540789779,-3.257589651966412,7.699648464740716e-07,upper,0.1
621,phase2,lower,-20.0,4,-15.000013521174603,-18.75107545872795,-19.573030951467747,-7.294760657271759,-3.1932640885265617,0.013835043748154929,upper,0.1
622,phase2,upper,-15.0,2,-14.987560015686487,-18.75107545872795,-19.573030951467747,-7.294760657271759,-3.1932640885265617,0.006779400121504119,upper,0.1
623,phase2,upper,-15.0,2,-14.981830340569667,-18.75107545872795,-19.573030951467747,-7.294760657271759,-3.1932640885265617,0.0029821671794597214,upper,0.1
624,phase2,upper,-15.0,2,-14.979761299943394,-18.75107545872795,-19.573030951467747,-7.294760657271759,-3.1932640885265617,0.0009715140201970235,upper,0.1
625,phase2,upper,-15.0,2,-14.979657682867112,-18.75107545872795,-19.573030951467747,-7.294760657271759,-3.1932640885265617,-6.175203303118834e-05,upper,0.1
626,phase2,upper,-15.0,2,-14.980579284139097,-18.75107545872795,-19.573030951467747,-7.294760657271759,-3.1932640885265617,-0.0005625858103687701,upper,0.1
627,phase2,upper,-15.0,2,-14.982003569448612,-18.75107545872795,-19.573030951467747,-7.294760657271759,-3.1932640885265617,-0.0007756722956912498,upper,0.1
628,phase2,upper,-15.0,2,-14.983639843188776,-18.75107545872795,-19.573030951467747,-7.294760657271759,-3.1932640885265617,-0.0008355371607666488,upper,0.1
629,phase2,upper,-15.0,2,-14.985326713280429,-18.75107545872795,-19.573030951467747,-7.294760657271759,-3.1932640885265617,-0.0008160781148857944,upper,0.1
630,phase2,upper,-15.0,2,-14.986975376905637,-18.75107545872795,-19.573030951467747,-7.294760657271759,-3.1932640885265617,-0.0007577994789183594,upper,0.1
631,phase2,upper,-15.0,2,-14.988538133071893,-18.75107545872795,-19.573030951467747,-7.294760657271759,-3.1932640885265617,-0.0006827941403302084,upper,0.1
632,phase2,upper,-15.0,2,-14.98999080264054,-18.75107545872795,-19.573030951467747,-7.294760657271759,-3.1932640885265617,-0.0006029912007936947,upper,0.1
633,phase2,upper,-15.0,2,-14.991322832003368,-18.75107545872795,-19.573030951467747,-7.294760657271759,-3.1932640885265617,-0.0005247012537824806,upper,0.1
634,phase2,upper,-15.0,2,-14.992531656275252,-18.75107545872795,-19.573030951467747,-7.294760657271759,-3.1932640885265617,-0.00045112527133907363,upper,0.1
635,phase2,upper,-15.0,2,-14.993619436295232,-18.75107545872795,-19.573030951467747,-7.294760657271759,-3.1932640885265617,-0.00038374263987898515,upper,0.1
636,phase2,upper,-15.0,2,-14.994591129263108,-18.75107545872795,-19.573030951467747,-7.294760657271759,-3.1932640885265617,-0.0003230815914050221,upper,0.1
637,phase2,upper,-15.0,2,-14.995453317718715,-18.75107545872795,-19.573030951467747,-7.294760657271759,-3.1932640885265617,-0.00026914874979434497,upper,0.1
638,phase2,upper,-15.0,2,-14.996213477322236,-18.75107545872795,-19.573030951467747,-7.294760657271759,-3.1932640885265617,-0.00022167004025426459,upper,0.1
639,phase2,upper,-15.0,2,-14.996879504742672,-18.75107545872795,-19.573030951467747,-7.294760657271759,-3.1932640885265617,-0.00018022680547878772,upper,0.1
640,phase2,upper,-15.0,2,-14.997459404669035,-18.75107545872795,-19.573030951467747,-7.294760657271759,-3.1932640885265617,-0.0001443333702756269,upper,0.1
641,phase2,upper,-15.0,2,-14.997961077958891,-18.75107545872795,-19.573030951467747,-7.294760657271759,-3.1932640885265617,-0.00011348161826921201,upper,0.1
642,phase2,upper,-15.0,2,-14.998392176850862,-18.75107545872795,-19.573030951467747,-7.294760657271759,-3.1932640885265617,-8.716676498769745e-05,upper,0.1
643,phase2,upper,-15.0,2,-14.998760006571251,-18.75107545872795,-19.573030951467747,-7.294760657271759,-3.1932640885265617,-6.490224244720502e-05,upper,0.1
644,phase2,upper,-15.0,2,-14.99907146027387,-18.75107545872795,-19.573030951467747,-7.294760657271759,-3.1932640885265617,-4.622815006405548e-05,upper,0.1
645,phase2,upper,-15.0,2,-14.999332978655682,-18.75107545872795,-19.573030951467747,-7.294760657271759,-3.1932640885265617,-3.0715811107381245e-05,upper,0.1
646,phase2,upper,-15.0,2,-14.999550528212554,-18.75107545872795,-19.573030951467747,-7.294760657271759,-3.1932640885265617,-1.796990835337121e-05,upper,0.1
647,phase2,upper,-15.0,2,-14.999729593721941,-18.75107545872795,-19.573030951467747,-7.294760657271759,-3.1932640885265617,-7.629075448296398e-06,upper,0.1
648,phase2,upper,-15.0,2,-14.99987518159367,-18.75107545872795,-19.573030951467747,-7.294760657271759,-3.1932640885265617,6.345180328210542e-07,upper,0.1
649,phase2,upper,-15.0,2,-14.999991831454247,-18.75107545872795,-19.573030951467747,-7.294760657271759,-3.1932640885265617,7.116245058760886e-06,upper,0.1
650,phase2,upper,-15.0,2,-15.000083633856214,-18.75107545872795,-19.573030951467747,-7.294760657271759,-3.1932640885265617,1.2080535732951253e-05,upper,0.1
651,phase2,upper,-15.0,2,-15.000154252405752,-18.75107545872795,-19.573030951467747,-7.294760657271759,-3.1932640885265617,1.5762671048354287e-05,upper,0.1
652,phase2,upper,-15.0,2,-15.000206948920924,-18.75107545872795,-19.573030951467747,-7.294760657271759,-3.1932640885265617,1.837074370675145e-05,upper,0.1
653,phase2,lower,-20.0,4,-15.000206948920924,-19.083254474332595,-19.68488514678359,-7.203374559768755,-3.1288317638778462,0.016991412719398517,upper,0.1
654,phase2,upper,-15.0,2,-14.984968872715635,-19.083254474332595,-19.68488514678359,-7.203374559768755,-3.1288317638778462,0.008336878271928314,upper,0.1
655,phase2,upper,-15.0,2,-14.97796720039039,-19.083254474332595,-19.68488514678359,-7.203374559768755,-3.1288317638778462,0.0036792731654679742,upper,0.1
656,phase2,upper,-15.0,2,-14.975446017012473,-19.083254474332595,-19.68488514678359,-7.203374559768755,-3.1288317638778462,0.0012129744851813104,upper,0.1
657,phase2,upper,-15.0,2,-14.975327472710893,-19.083254474332595,-19.68488514678359,-7.203374559768755,-3.1288317638778462,-5.468004572946729e-05,upper,0.1
658,phase2,upper,-15.0,2,-14.976459755664939,-19.083254474332595,-19.68488514678359,-7.203374559768755,-3.1288317638778462,-0.0006694926589206358,upper,0.1
659,phase2,upper,-15.0,2,-14.978203247614584,-19.083254474332595,-19.68488514678359,-7.203374559768755,-3.1288317638778462,-0.0009315733628275111,upper,0.1
660,phase2,upper,-15.0,2,-14.980202554239009,-19.083254474332595,-19.68488514678359,-7.203374559768755,-3.1288317638778462,-0.0010058933655386884,upper,0.1
661,phase2,upper,-15.0,2,-14.982260729835499,-19.083254474332595,-19.68488514678359,-7.203374559768755,-3.1288317638778462,-0.0009830526808682,upper,0.1
662,phase2,upper,-15.0,2,-14.984269717371347,-19.083254474332595,-19.68488514678359,-7.203374559768755,-3.1288317638778462,-0.0009126923074844076,upper,0.1
663,phase2,upper,-15.0,2,-14.986171737309123,-19.083254474332595,-19.68488514678359,-7.203374559768755,-3.1288317638778462,-0.0008218739920334789,upper,0.1
664,phase2,upper,-15.0,2,-14.987937737640015,-19.083254474332595,-19.68488514678359,-7.203374559768755,-3.1288317638778462,-0.0007251979003970411,upper,0.1
665,phase2,upper,-15.0,2,-14.989555269240876,-19.083254474332595,-19.68488514678359,-7.203374559768755,-3.1288317638778462,-0.0006303780278488948,upper,0.1
666,phase2,upper,-15.0,2,-14.991021585582875,-19.083254474332595,-19.68488514678359,-7.203374559768755,-3.1288317638778462,-0.0005413193058956104,upper,0.1
667,phase2,upper,-15.0,2,-14.992339653307724,-19.083254474332595,-19.68488514678359,-7.203374559768755,-3.1288317638778462,-0.0004598196609436647,upper,0.1
668,phase2,upper,-15.0,2,-14.993515797574558,-19.083254474332595,-19.68488514678359,-7.203374559768755,-3.1288317638778462,-0.00038651444315204817,upper,0.1
669,phase2,upper,-15.0,2,-14.994558276444502,-19.083254474332595,-19.68488514678359,-7.203374559768755,-3.1288317638778462,-0.0003214027215079624,upper,0.1
670,phase2,upper,-15.0,2,-14.995476392353556,-19.083254474332595,-19.68488514678359,-7.203374559768755,-3.1288317638778462,-0.00026414222883114173,upper,0.1
671,phase2,upper,-15.0,2,-14.996279921532746,-19.083254474332595,-19.68488514678359,-7.203374559768755,-3.1288317638778462,-0.0002142158159286919,upper,0.1
672,phase2,lower,-20.0,4,-14.996279921532746,-19.39361033581203,-19.770613072202316,-7.105134783214412,-3.0648860841253307,0.019691344422237345,upper,0.1
673,phase2,upper,-15.0,2,-14.979063733359292,-19.39361033581203,-19.770613072202316,-7.105134783214412,-3.0648860841253307,0.009582698375468941,upper,0.1
674,phase2,upper,-15.0,2,-14.971426651939465,-19.39361033581203,-19.770613072202316,-7.105134783214412,-3.0648860841253307,0.004156295445387226,upper,0.1
675,phase2,upper,-15.0,2,-14.968970617627829,-19.39361033581203,-19.770613072202316,-7.105134783214412,-3.0648860841253307,0.0012950011694526577,upper,0.1
676,phase2,upper,-15.0,2,-14.969265460357228,-19.39361033581203,-19.770613072202316,-7.105134783214412,-3.0648860841253307,-0.00016489995776163674,upper,0.1
677,phase2,upper,-15.0,2,-14.970966833482148,-19.39361033581203,-19.770613072202316,-7.105134783214412,-3.0648860841253307,-0.000863070483922212,upper,0.1
678,phase2,upper,-15.0,2,-14.973330790550994,-19.39361033581203,-19.770613072202316,-7.105134783214412,-3.0648860841253307,-0.0011510521056590601,upper,0.1
679,phase2,upper,-15.0,2,-14.975946375342952,-19.39361033581203,-19.770613072202316,-7.105134783214412,-3.0648860841253307,-0.0012219244045253111,upper,0.1
680,phase2,lower,-20.0,4,-14.975946375342952,-19.68241034141513,-19.832514129560913,-7.001556219883002,-3.0021231754416413,0.021826593845770292,upper,0.1
681,phase2,upper,-15.0,2,-14.957844415110102,-19.68241034141513,-19.832514129560913,-7.001556219883002,-3.0021231754416413,0.01011219992526698,upper,0.1
682,phase2,upper,-15.0,2,-14.95084850214461,-19.68241034141513,-19.832514129560913,-7.001556219883002,-3.0021231754416413,0.0038797664437360893,upper,0.1
683,phase2,upper,-15.0,2,-14.94979218797404,-19.68241034141513,-19.832514129560913,-7.001556219883002,-3.0021231754416413,0.000645733428360446,upper,0.1
684,phase2,upper,-15.0,2,-14.951821434906064,-19.68241034141513,-19.832514129560913,-7.001556219883002,-3.0021231754416413,-0.000954888349302884,upper,0.1
685,phase2,upper,-15.0,2,-14.955359153946773,-19.68241034141513,-19.832514129560913,-7.001556219883002,-3.0021231754416413,-0.0016722034866061498,upper,0.1
686,phase2,upper,-15.0,2,-14.959535110998507,-19.68241034141513,-19.832514129560913,-7.001556219883002,-3.0021231754416413,-0.0019182174377927986,upper,0.1
687,phase2,upper,-15.0,2,-14.96387166108562,-19.68241034141513,-19.832514129560913,-7.001556219883002,-3.0021231754416413,-0.0019189593191844526,upper,0.1
688,phase2,upper,-15.0,2,-14.968110179175172,-19.68241034141513,-19.832514129560913,-7.001556219883002,-3.0021231754416413,-0.0017981093106260644,upper,0.1
689,phase2,upper,-15.0,2,-14.972114922081051,-19.68241034141513,-19.832514129560913,-7.001556219883002,-3.0021231754416413,-0.0016229881795831345,upper,0.1
690,phase2,upper,-15.0,2,-14.975819550322802,-19.68241034141513,-19.832514129560913,-7.001556219883002,-3.0021231754416413,-0.0014298620463529571,upper,0.1
691,phase2,upper,-15.0,2,-14.979197193716724,-19.68241034141513,-19.832514129560913,-7.001556219883002,-3.0021231754416413,-0.0012378768133304919,upper,0.1
692,phase2,upper,-15.0,2,-14.982243545835914,-19.68241034141513,-19.832514129560913,-7.001556219883002,-3.0021231754416413,-0.0010567401581828336,upper,0.1
693,phase2,upper,-15.0,2,-14.98496719885756,-19.68241034141513,-19.832514129560913,-7.001556219883002,-3.0021231754416413,-0.000890963483296816,upper,0.1
694,phase2,upper,-15.0,2,-14.987384027899065,-19.68241034141513,-19.832514129560913,-7.001556219883002,-3.0021231754416413,-0.0007422095695004084,upper,0.1
695,phase2,upper,-15.0,2,-14.989513862005696,-19.68241034141513,-19.832514129560913,-7.001556219883002,-3.0021231754416413,-0.0006105957576160071,upper,0.1
696,phase2,upper,-15.0,2,-14.991378464473787,-19.68241034141513,-19.832514129560913,-7.001556219883002,-3.0021231754416413,-0.0004954200952996032,upper,0.1
697,phase2,upper,-15.0,2,-14.993000277672763,-19.68241034141513,-19.832514129560913,-7.001556219883002,-3.0021231754416413,-0.00039556775229467235,upper,0.1
698,phase2,upper,-15.0,2,-14.994401626001139,-19.68241034141513,-19.832514129560913,-7.001556219883002,-3.0021231754416413,-0.0003097395068236036,upper,0.1
699,phase2,upper,-15.0,2,-14.995604202440774,-19.68241034141513,-19.832514129560913,-7.001556219883002,-3.0021231754416413,-0.0002365805987949763,upper,0.1
700,phase2,upper,-15.0,2,-14.996628737353642,-19.68241034141513,-19.832514129560913,-7.001556219883002,-3.0021231754416413,-0.00017475330653046907,upper,0.1
701,phase2,upper,-15.0,2,-14.997494789062204,-19.68241034141513,-19.832514129560913,-7.001556219883002,-3.0021231754416413,-0.00012297736364904732,upper,0.1
702,phase2,upper,-15.0,2,-14.998220618853605,-19.68241034141513,-19.832514129560913,-7.001556219883002,-3.0021231754416413,-8.005172155135456e-05,upper,0.1
703,phase2,upper,-15.0,2,-14.998823126309286,-19.68241034141513,-19.832514129560913,-7.001556219883002,-3.0021231754416413,-4.486529638639977e-05,upper,0.1
704,phase2,upper,-15.0,2,-14.999317828660514,-19.68241034141513,-19.832514129560913,-7.001556219883002,-3.0021231754416413,-1.6401083347582262e-05,upper,0.1
705,phase2,upper,-15.0,2,-14.999718872613796,-19.68241034141513,-19.832514129560913,-7.001556219883002,-3.0021231754416413,6.263797019320555e-06,upper,0.1
706,phase2,lower,-20.0,4,-14.999718872613796,-19.94741508281239,-19.870967194680937,-6.892761251139032,-2.9402300006876767,0.02414880642642736,upper,0.1
707,phase2,upper,-15.0,2,-14.978310781737184,-19.94741508281239,-19.870967194680937,-6.892761251139032,-2.9402300006876767,0.011853806469008871,upper,0.1
708,phase2,upper,-15.0,2,-14.968566650430684,-19.94741508281239,-19.870967194680937,-6.892761251139032,-2.9402300006876767,0.005240875128334554,upper,0.1
709,phase2,upper,-15.0,2,-14.965151199336882,-19.94741508281239,-19.870967194680937,-6.892761251139032,-2.9402300006876767,0.0017421486127573607,upper,0.1
710,phase2,upper,-15.0,2,-14.965115308013004,-19.94741508281239,-19.870967194680937,-6.892761251139032,-2.9402300006876767,-5.392738115813874e-05,upper,0.1
711,phase2,upper,-15.0,2,-14.96682636776285,-19.94741508281239,-19.870967194680937,-6.892761251139032,-2.9402300006876767,-0.000923337916765043,upper,0.1
712,phase2,upper,-15.0,2,-14.969379671031845,-19.94741508281239,-19.870967194680937,-6.892761251139032,-2.9402300006876767,-0.0012926376233779013,upper,0.1
713,phase2,upper,-15.0,2,-14.972274192483514,-19.94741508281239,-19.870967194680937,-6.892761251139032,-2.9402300006876767,-0.0013961990213432985,upper,0.1
714,phase2,upper,-15.0,2,-14.975233732734024,-19.94741508281239,-19.870967194680937,-6.892761251139032,-2.9402300006876767,-0.0013626452441358023,upper,0.1
715,phase2,upper,-15.0,2,-14.978108023010918,-19.94741508281239,-19.870967194680937,-6.892761251139032,-2.9402300006876767,-0.0012623723274602196,upper,0.1
716,phase2,upper,-15.0,2,-14.980817850560484,-19.94741508281239,-19.870967194680937,-6.892761251139032,-2.9402300006876767,-0.001133689429191395,upper,0.1
717,phase2,upper,-15.0,2,-14.983324450423968,-19.94741508281239,-19.870967194680937,-6.892761251139032,-2.9402300006876767,-0.0009972071595402811,upper,0.1
718,phase2,upper,-15.0,2,-14.985612301792314,-19.94741508281239,-19.870967194680937,-6.892761251139032,-2.9402300006876767,-0.0008637651522272903,upper,0.1
719,phase2,upper,-15.0,2,-14.987679353124548,-19.94741508281239,-19.870967194680937,-6.892761251139032,-2.9402300006876767,-0.0007388062282513305,upper,0.1
720,phase2,upper,-15.0,2,-14.989531385101895,-19.94741508281239,-19.870967194680937,-6.892761251139032,-2.9402300006876767,-0.0006247948846337646,upper,0.1
721,phase2,upper,-15.0,2,-14.991178696168236,-19.94741508281239,-19.870967194680937,-6.892761251139032,-2.9402300006876767,-0.000522558330098313,upper,0.1
722,phase2,upper,-15.0,2,-14.992634106771652,-19.94741508281239,-19.870967194680937,-6.892761251139032,-2.9402300006876767,-0.00043203296713164945,upper,0.1
723,phase2,upper,-15.0,2,-14.993911724809408,-19.94741508281239,-19.870967194680937,-6.892761251139032,-2.9402300006876767,-0.0003526819976845724,upper,0.1
724,phase2,upper,-15.0,2,-14.995026160629283,-19.94741508281239,-19.870967194680937,-6.892761251139032,-2.9402300006876767,-0.000283730452606866,upper,0.1
725,phase2,upper,-15.0,2,-14.995992015586758,-19.94741508281239,-19.870967194680937,-6.892761251139032,-2.9402300006876767,-0.00022429832338727006,upper,0.1
726,phase2,lower,-20.0,4,-14.995992015586758,-20.189972162490296,-19.88872381529093,-6.780500616093195,-2.8800833998562307,0.025747478391602158,upper,0.1
727,phase2,upper,-15.0,2,-14.97344894417976,-20.189972162490296,-19.88872381529093,-6.780500616093195,-2.8800833998562307,0.012552694202577663,upper,0.1
728,phase2,upper,-15.0,2,-14.963407509271427,-20.189972162490296,-19.88872381529093,-6.780500616093195,-2.8800833998562307,0.005467327573314683,upper,0.1
729,phase2,upper,-15.0,2,-14.960130051382903,-20.189972162490296,-19.88872381529093,-6.780500616093195,-2.8800833998562307,0.001729098112538347,upper,0.1
730,phase2,upper,-15.0,2,-14.960446280072393,-20.189972162490296,-19.88872381529093,-6.780500616093195,-2.8800833998562307,-0.0001803228541994512,upper,0.1
731,phase2,upper,-15.0,2,-14.962602444627752,-20.189972162490296,-19.88872381529093,-6.780500616093195,-2.8800833998562307,-0.001095521137593757,upper,0.1
732,phase2,upper,-15.0,2,-14.9656280159207,-20.189972162490296,-19.88872381529093,-6.780500616093195,-2.8800833998562307,-0.0014751678143681123,upper,0.1
733,phase2,upper,-15.0,2,-14.968986814513196,-20.189972162490296,-19.88872381529093,-6.780500616093195,-2.8800833998562307,-0.0015711884710585184,upper,0.1
734,phase2,upper,-15.0,2,-14.972384533478714,-20.189972162490296,-19.88872381529093,-6.780500616093195,-2.8800833998562307,-0.0015217494746819402,upper,0.1
735,phase2,upper,-15.0,2,-14.975662295777552,-20.189972162490296,-19.88872381529093,-6.780500616093195,-2.8800833998562307,-0.0014023843387865782,upper,0.1
736,phase2,upper,-15.0,2,-14.97873758039899,-20.189972162490296,-19.88872381529093,-6.780500616093195,-2.8800833998562307,-0.0012541169681912167,upper,0.1
737,phase2,upper,-15.0,2,-14.981571264054008,-20.189972162490296,-19.88872381529093,-6.780500616093195,-2.8800833998562307,-0.001098941847915758,upper,0.1
738,phase2,upper,-15.0,2,-14.984149091878276,-20.189972162490296,-19.88872381529093,-6.780500616093195,-2.8800833998562307,-0.000948353369355447,upper,0.1
739,phase2,upper,-15.0,2,-14.986471147033528,-20.189972162490296,-19.88872381529093,-6.780500616093195,-2.8800833998562307,-0.0008080520535808867,upper,0.1
740,phase2,upper,-15.0,2,-14.98854577762258,-20.189972162490296,-19.88872381529093,-6.780500616093195,-2.8800833998562307,-0.0006805465585742732,upper,0.1
741,phase2,upper,-15.0,2,-14.99038602700318,-20.189972162490296,-19.88872381529093,-6.780500616093195,-2.8800833998562307,-0.0005665963120145595,upper,0.1
742,phase2,upper,-15.0,2,-14.992007486584894,-20.189972162490296,-19.88872381529093,-6.780500616093195,-2.8800833998562307,-0.0004660143217105961,upper,0.1
743,phase2,upper,-15.0,2,-14.993426970543025,-20.189972162490296,-19.88872381529093,-6.780500616093195,-2.8800833998562307,-0.00037811602391833027,upper,0.1
744,phase2,upper,-15.0,2,-14.99466167648574,-20.189972162490296,-19.88872381529093,-6.780500616093195,-2.8800833998562307,-0.0003019715985223128,upper,0.1
745,phase2,upper,-15.0,2,-14.995728642144355,-20.189972162490296,-19.88872381529093,-6.780500616093195,-2.8800833998562307,-0.00023654857890855857,upper,0.1
746,phase2,upper,-15.0,2,-14.996644389006251,-20.189972162490296,-19.88872381529093,-6.780500616093195,-2.8800833998562307,-0.0001807927566554582,upper,0.1
747,phase2,upper,-15.0,2,-14.997424688801672,-20.189972162490296,-19.88872381529093,-6.780500616093195,-2.8800833998562307,-0.00013367401227473306,upper,0.1
748,phase2,upper,-15.0,2,-14.998084414000262,-20.189972162490296,-19.88872381529093,-6.780500616093195,-2.8800833998562307,-9.421192908552441e-05,upper,0.1
749,phase2,upper,-15.0,2,-14.99863744782199,-20.189972162490296,-19.88872381529093,-6.780500616093195,-2.8800833998562307,-6.148954754450151e-05,upper,0.1
750,phase2,upper,-15.0,2,-14.999096637584442,-20.189972162490296,-19.88872381529093,-6.780500616093195,-2.8800833998562307,-3.4660018367498464e-05,upper,0.1
751,phase2,upper,-15.0,2,-14.99947378016828,-20.189972162490296,-19.88872381529093,-6.780500616093195,-2.8800833998562307,-1.2948910409178708e-05,upper,0.1
752,phase2,upper,-15.0,2,-14.999779631456471,-20.189972162490296,-19.88872381529093,-6.780500616093195,-2.8800833998562307,4.346193141923911e-06,upper,0.1
753,phase2,upper,-15.0,2,-15.000023933601696,-20.189972162490296,-19.88872381529093,-6.780500616093195,-2.8800833998562307,1.785781304838795e-05,upper,0.1
754,phase2,upper,-15.0,2,-15.00021545534826,-20.189972162490296,-19.88872381529093,-6.780500616093195,-2.8800833998562307,2.8151776492163776e-05,upper,0.1
755,phase2,upper,-15.0,2,-15.000362041629012,-20.189972162490296,-19.88872381529093,-6.780500616093195,-2.8800833998562307,3.573109009246609e-05,upper,0.1
756,phase2,upper,-15.0,2,-15.000470669413836,-20.189972162490296,-19.88872381529093,-6.780500616093195,-2.8800833998562307,4.104020194733465e-05,upper,0.1
757,phase2,upper,-15.0,2,-15.000547507383631,-20.189972162490296,-19.88872381529093,-6.780500616093195,-2.8800833998562307,4.4469455008601974e-05,upper,0.1
758,phase2,upper,-15.0,2,-15.000597977488768,-20.189972162490296,-19.88872381529093,-6.780500616093195,-2.8800833998562307,4.63595897811405e-05,upper,0.1
759,phase2,upper,-15.0,2,-15.000626816851724,-20.189972162490296,-19.88872381529093,-6.780500616093195,-2.8800833998562307,4.7006193094189804e-05,upper,0.1
760,phase2,upper,-15.0,2,-15.000638138807815,-20.189972162490296,-19.88872381529093,-6.780500616093195,-2.8800833998562307,4.6664017856723566e-05,upper,0.1
761,phase2,upper,-15.0,2,-15.000635492157647,-20.189972162490296,-19.88872381529093,-6.780500616093195,-2.8800833998562307,4.555111991557753e-05,upper,0.1
762,phase2,upper,-15.0,2,-15.000621917938929,-20.189972162490296,-19.88872381529093,-6.780500616093195,-2.8800833998562307,4.3852774516621465e-05,upper,0.1
763,phase2,upper,-15.0,2,-15.0006000032202,-20.189972162490296,-19.88872381529093,-6.780500616093195,-2.8800833998562307,4.172514773116359e-05,upper,0.1
764,phase2,upper,-15.0,2,-15.000571931580446,-20.189972162490296,-19.88872381529093,-6.780500616093195,-2.8800833998562307,3.929870838276254e-05,upper,0.1
765,phase2,upper,-15.0,2,-15.00053953007107,-20.189972162490296,-19.88872381529093,-6.780500616093195,-2.8800833998562307,3.668137405601703e-05,upper,0.1
766,phase2,upper,-15.0,2,-15.000504312564136,-20.189972162490296,-19.88872381529093,-6.780500616093195,-2.8800833998562307,3.396139109405036e-05,upper,0.1
767,phase2,upper,-15.0,2,-15.000467519477015,-20.189972162490296,-19.88872381529093,-6.780500616093195,-2.8800833998562307,3.1209953397966605e-05,upper,0.1
768,phase2,upper,-15.0,2,-15.00043015393122,-20.189972162490296,-19.88872381529093,-6.780500616093195,-2.8800833998562307,2.8483568578961536e-05,upper,0.1
769,phase2,upper,-15.0,2,-15.00039301445541,-20.189972162490296,-19.88872381529093,-6.780500616093195,-2.8800833998562307,2.5826182772292015e-05,upper,0.1
770,phase2,upper,-15.0,2,-15.000356724381552,-20.189972162490296,-19.88872381529093,-6.780500616093195,-2.8800833998562307,2.3271077378166216e-05,upper,0.1
771,phase2,upper,-15.0,2,-15.00032175811105,-20.189972162490296,-19.88872381529093,-6.780500616093195,-2.8800833998562307,2.0842552284335955e-05,upper,0.1
772,phase2,lower,-20.0,4,-15.00032175811105,-20.4098285694733,-19.887254659188837,-6.665584082763534,-2.8218514268380344,0.02713199435435482,upper,0.1
773,phase2,upper,-15.0,2,-14.975888427824593,-20.4098285694733,-19.887254659188837,-6.665584082763534,-2.8218514268380344,0.013303021793886899,upper,0.1
774,phase2,upper,-15.0,2,-14.964633033727598,-20.4098285694733,-19.887254659188837,-6.665584082763534,-2.8218514268380344,0.005859692810317574,upper,0.1
775,phase2,upper,-15.0,2,-14.960552835711477,-20.4098285694733,-19.887254659188837,-6.665584082763534,-2.8218514268380344,0.0019176577850682393,upper,0.1
776,phase2,upper,-15.0,2,-14.960325870672904,-20.4098285694733,-19.887254659188837,-6.665584082763534,-2.8218514268380344,-0.00010885918685327525,upper,0.1
777,phase2,upper,-15.0,2,-14.96210970494668,-20.4098285694733,-19.887254659188837,-6.665584082763534,-2.8218514268380344,-0.001091837390866214,upper,0.1
778,phase2,upper,-15.0,2,-14.964880367745325,-20.4098285694733,-19.887254659188837,-6.665584082763534,-2.8218514268380344,-0.001510788349906234,upper,0.1
779,phase2,upper,-15.0,2,-14.968068184165677,-20.4098285694733,-19.887254659188837,-6.665584082763534,-2.8218514268380344,-0.0016293456376049917,upper,0.1
780,phase2,upper,-15.0,2,-14.971356844687417,-20.4098285694733,-19.887254659188837,-6.665584082763534,-2.8218514268380344,-0.0015923313871455385,upper,0.1
781,phase2,upper,-15.0,2,-14.974572269055384,-20.4098285694733,-19.887254659188837,-6.665584082763534,-2.8218514268380344,-0.001479127688320459,upper,0.1
782,phase2,upper,-15.0,2,-14.977620906281404,-20.4098285694733,-19.887254659188837,-6.665584082763534,-2.8218514268380344,-0.0013330364880277449,upper,0.1
783,phase2,lower,-20.0,4,-14.977620906281404,-20.60877091128408,-19.86931791895608,-6.549686933794344,-2.7663187840805947,0.027814709529080172,upper,0.1
784,phase2,upper,-15.0,2,-14.954222316814594,-20.60877091128408,-19.86931791895608,-6.549686933794344,-2.7663187840805947,0.013104953277533984,upper,0.1
785,phase2,upper,-15.0,2,-14.944754501772726,-20.60877091128408,-19.86931791895608,-6.549686933794344,-2.7663187840805947,0.005257494472141692,upper,0.1
786,phase2,upper,-15.0,2,-14.942758501002992,-20.60877091128408,-19.86931791895608,-6.549686933794344,-2.7663187840805947,0.0011650243274985124,upper,0.1
787,phase2,upper,-15.0,2,-14.944666846940308,-20.60877091128408,-19.86931791895608,-6.549686933794344,-2.7663187840805947,-0.0008802649445501923,upper,0.1
788,phase2,upper,-15.0,2,-14.948508285734333,-20.60877091128408,-19.86931791895608,-6.549686933794344,-2.7663187840805947,-0.0018168963836666698,upper,0.1
789,phase2,upper,-15.0,2,-14.953194745541156,-20.60877091128408,-19.86931791895608,-6.549686933794344,-2.7663187840805947,-0.0021604178804295435,upper,0.1
790,phase2,upper,-15.0,2,-14.958128368855721,-20.60877091128408,-19.86931791895608,-6.549686933794344,-2.7663187840805947,-0.0021937301451797945,upper,0.1
791,phase2,upper,-15.0,2,-14.962984554700942,-20.60877091128408,-19.86931791895608,-6.549686933794344,-2.7663187840805947,-0.002071712121156255,upper,0.1
792,phase2,upper,-15.0,2,-14.967591853554445,-20.60877091128408,-19.86931791895608,-6.549686933794344,-2.7663187840805947,-0.0018787540833367184,upper,0.1
793,phase2,upper,-15.0,2,-14.971865211275238,-20.60877091128408,-19.86931791895608,-6.549686933794344,-2.7663187840805947,-0.0016604107800805732,upper,0.1
794,phase2,upper,-15.0,2,-14.975768646252384,-20.60877091128408,-19.86931791895608,-6.549686933794344,-2.7663187840805947,-0.0014408290692257317,upper,0.1
795,phase2,upper,-15.0,2,-14.979294206193359,-20.60877091128408,-19.86931791895608,-6.549686933794344,-2.7663187840805947,-0.0012323536162686848,upper,0.1
796,phase2,upper,-15.0,2,-14.982449964595569,-20.60877091128408,-19.86931791895608,-6.549686933794344,-2.7663187840805947,-0.0010408294728897595,upper,0.1
797,phase2,upper,-15.0,2,-14.985253066913636,-20.60877091128408,-19.86931791895608,-6.549686933794344,-2.7663187840805947,-0.0008685354825270007,upper,0.1
798,phase2,upper,-15.0,2,-14.987725623046556,-20.60877091128408,-19.86931791895608,-6.549686933794344,-2.7663187840805947,-0.0007158117011510489,upper,0.1
799,phase2,upper,-15.0,2,-14.989892225412706,-20.60877091128408,-19.86931791895608,-6.549686933794344,-2.7663187840805947,-0.0005819655770069837,upper,0.1
