episode,phase,route,return,steps,q_start_right,q_start_down,q_shield_right,q_d1_right,q_d2_right,mood_M,greedy_route,epsilon
0,phase1,upper,-15.0,2,-1.25,0.0,0.0,0.0,0.0,nan,lower,0.1
1,phase1,lower,-10.0,4,-1.25,-0.25,-0.25,-0.25,-0.25,nan,lower,0.1
2,phase1,lower,-10.0,4,-1.25,-0.5,-0.5,-0.5,-0.475,nan,lower,0.1
3,phase1,lower,-10.0,4,-1.25,-0.75,-0.75,-0.7475,-0.6775,nan,lower,0.1
4,phase1,lower,-10.0,4,-1.25,-1.0,-0.99975,-0.9905,-0.85975,nan,lower,0.1
5,phase1,lower,-10.0,4,-1.25,-1.249975,-1.248825,-1.227425,-1.023775,nan,lower,0.1
6,phase1,lower,-10.0,4,-1.25,-1.49986,-1.496685,-1.45706,-1.1713975,nan,upper,0.1
7,phase1,upper,-15.0,2,-2.4000000000000004,-1.49986,-1.496685,-1.45706,-1.1713975,nan,lower,0.1
8,phase1,lower,-10.0,4,-2.4000000000000004,-1.7495425,-1.7427225000000002,-1.6784937500000001,-1.30425775,nan,lower,0.1
9,phase1,lower,-10.0,4,-2.4000000000000004,-1.9988605000000002,-1.9862996250000002,-1.8910701500000002,-1.4238319750000001,nan,lower,0.1
10,phase1,lower,-10.0,4,-2.4000000000000004,-2.2476044125000003,-2.2267766775,-2.0943463325000002,-1.5314487775,nan,lower,0.1
11,phase1,lower,-10.0,4,-2.4000000000000004,-2.495521639,-2.4635336430000003,-2.2880565770000003,-1.6283038997500001,nan,upper,0.1
12,phase1,upper,-15.0,2,-3.4575000000000005,-2.495521639,-2.4635336430000003,-2.2880565770000003,-1.6283038997500001,nan,lower,0.1
13,phase1,upper,-15.0,2,-4.429500000000001,-2.495521639,-2.4635336430000003,-2.2880565770000003,-1.6283038997500001,nan,lower,0.1
14,phase1,lower,-10.0,4,-4.429500000000001,-2.7423228394,-2.6959859364000005,-2.4720813092750005,-1.715473509775,nan,lower,0.1
15,phase1,lower,-10.0,4,-4.429500000000001,-2.9876891491,-2.9235954736875005,-2.6464205293250003,-1.7939261587975,nan,lower,0.1
16,phase1,upper,-15.0,2,-5.322525000000001,-2.9876891491,-2.9235954736875005,-2.6464205293250003,-1.7939261587975,nan,lower,0.1
17,phase1,lower,-10.0,4,-5.322525000000001,-3.23127978155875,-3.1458779792512503,-2.81117109227225,-1.8645335429177499,nan,lower,0.1
18,phase1,lower,-10.0,4,-5.322525000000001,-3.472739601328,-3.3624072905533504,-2.9665073373368003,-1.9280801886259749,nan,lower,0.1
19,phase1,lower,-10.0,4,-5.322525000000001,-3.711706370250535,-3.5728172952316952,-3.1126646224657177,-1.9852721697633773,nan,lower,0.1
20,phase1,lower,-10.0,4,-5.322525000000001,-3.947817462748651,-3.7768020279550973,-3.2499253771954835,-2.0367449527870396,nan,lower,0.1
21,phase1,lower,-10.0,4,-5.322525000000001,-4.1807159192692955,-3.9741143628791358,-3.378607334754639,-2.0830704575083354,nan,lower,0.1
22,phase1,upper,-15.0,2,-6.142650000000001,-4.1807159192692955,-3.9741143628791358,-3.378607334754639,-2.0830704575083354,nan,lower,0.1
23,phase1,lower,-10.0,4,-6.142650000000001,-4.41005576363028,-4.164563660066686,-3.4990536470300087,-2.124763411757502,nan,lower,0.1
24,phase1,lower,-10.0,4,-6.142650000000001,-4.63550655327392,-4.348012658763018,-3.611624623502758,-2.162287070581752,nan,lower,0.1
25,phase1,lower,-10.0,4,-6.142650000000001,-4.85675716382283,-4.524373855236992,-3.7166908682106574,-2.196058363523577,nan,lower,0.1
26,phase1,lower,-10.0,4,-6.142650000000001,-5.073518832964246,-4.693605556534359,-3.8146276177419494,-2.226452527171219,nan,lower,0.1
27,phase1,lower,-10.0,4,-6.142650000000001,-5.285527505321257,-4.855707762655118,-3.9058101086848764,-2.2538072744540973,nan,lower,0.1
28,phase1,lower,-10.0,4,-6.142650000000001,-5.492545531054643,-5.010717997258094,-3.9906098252617985,-2.2784265470086877,nan,lower,0.1
29,phase1,lower,-10.0,4,-6.142650000000001,-5.694362777674987,-5.158707180058465,-4.069391497436487,-2.300583892307819,nan,lower,0.1
30,phase1,upper,-15.0,2,-6.895524750000001,-5.694362777674987,-5.158707180058465,-4.069391497436487,-2.300583892307819,nan,lower,0.1
31,phase1,lower,-10.0,4,-6.895524750000001,-5.890797217913335,-5.299775611796267,-4.1425107369236205,-2.320525503077037,nan,lower,0.1
32,phase1,lower,-10.0,4,-6.895524750000001,-6.081695057301628,-5.434049124309003,-4.210312213538963,-2.338472952769333,nan,lower,0.1
33,phase1,lower,-10.0,4,-6.895524750000001,-6.266930464002366,-5.561675433231999,-4.273128287462,-2.3546256574923996,nan,lower,0.1
34,phase1,lower,-10.0,4,-6.895524750000001,-6.446404960925329,-5.682820718654999,-4.33127802446504,-2.3691630917431596,nan,lower,0.1
35,phase1,lower,-10.0,4,-6.895524750000001,-6.620046536698296,-5.7976664492360035,-4.385066531192852,-2.382246782568844,nan,lower,0.1
36,phase1,lower,-10.0,4,-6.895524750000001,-6.787808527952067,-5.906406457431689,-4.434784556330451,-2.3940221043119596,nan,lower,0.1
37,phase1,lower,-10.0,4,-6.895524750000001,-6.949668320900029,-6.009244267321565,-4.480708311128602,-2.4046198938807635,nan,upper,0.1
38,phase1,lower,-10.0,4,-6.895524750000001,-7.105625915542182,-6.106390671702268,-4.523099469403818,-2.4141579044926873,nan,upper,0.1
39,phase1,upper,-15.0,2,-7.586398050000001,-7.105625915542182,-6.106390671702268,-4.523099469403818,-2.4141579044926873,nan,lower,0.1
40,phase1,lower,-10.0,4,-7.586398050000001,-7.255702391158191,-6.198061551472423,-4.562205312912705,-2.4227421140434187,nan,lower,0.1
41,phase1,lower,-10.0,4,-7.586398050000001,-7.399938307189614,-6.284475927616452,-4.598258993025777,-2.430467902639077,nan,lower,0.1
42,phase1,lower,-10.0,4,-7.586398050000001,-7.538392069232298,-6.365854234157384,-4.631479883987106,-2.4374211123751692,nan,lower,0.1
43,phase1,upper,-15.0,2,-8.220141442500001,-7.538392069232298,-6.365854234157384,-4.631479883987106,-2.4374211123751692,nan,lower,0.1
44,phase1,upper,-15.0,2,-8.801272176000001,-7.538392069232298,-6.365854234157384,-4.631479883987106,-2.4374211123751692,nan,lower,0.1
45,phase1,lower,-10.0,4,-8.801272176000001,-7.6711382857248065,-6.442416799140356,-4.662074006825913,-2.443679001137652,nan,lower,0.1
46,phase1,lower,-10.0,4,-8.801272176000001,-7.798266137066362,-6.514382519908912,-4.690234506257086,-2.449311101023887,nan,lower,0.1
47,phase1,lower,-10.0,4,-8.801272176000001,-7.919877775350617,-6.581967718543729,-4.716142165733766,-2.454379990921498,nan,lower,0.1
48,phase1,upper,-15.0,2,-9.333975348375,-7.919877775350617,-6.581967718543729,-4.716142165733766,-2.454379990921498,nan,lower,0.1
49,phase1,lower,-10.0,4,-9.333975348375,-8.036086769669929,-6.645385163262732,-4.739965948252539,-2.4589419918293483,nan,lower,0.1
50,phase1,lower,-10.0,4,-9.333975348375,-8.147016609029208,-6.704843241761713,-4.761863552610221,-2.4630477926464134,nan,lower,0.1
51,phase1,lower,-10.0,4,-9.333975348375,-8.25279927230246,-6.760545272846564,-4.78198197661384,-2.4667430133817723,nan,lower,0.1
52,phase1,lower,-10.0,4,-9.333975348375,-8.35357387235687,-6.812688943223291,-4.800458080290633,-2.470068712043595,nan,lower,0.1
53,phase1,lower,-10.0,4,-9.333975348375,-8.449485379443512,-6.8614658569300255,-4.817419143465929,-2.4730618408392355,nan,lower,0.1
54,phase1,lower,-10.0,4,-9.333975348375,-8.540683427192164,-6.907061185583616,-4.83298341320326,-2.475755656755312,nan,lower,0.1
55,phase1,lower,-10.0,4,-9.333975348375,-8.62732120303131,-6.94965340834558,-4.847260637558465,-2.4781800910797807,nan,lower,0.1
56,phase1,lower,-10.0,4,-9.333975348375,-8.709554423562736,-6.9894141312668685,-4.860352582910597,-2.4803620819718026,nan,lower,0.1
57,phase1,lower,-10.0,4,-9.333975348375,-8.78754039433315,-7.026507976431241,-4.872353532816717,-2.4823258737746223,nan,lower,0.1
58,phase1,lower,-10.0,4,-9.333975348375,-8.861437152542958,-7.061092532069789,-4.883350766912508,-2.48409328639716,nan,lower,0.1
59,phase1,lower,-10.0,4,-9.333975348375,-8.931402690495641,-7.093318355554061,-4.893425018860973,-2.485683957757444,nan,lower,0.1
60,phase1,lower,-10.0,4,-9.333975348375,-8.997594257001483,-7.123329021884752,-4.90265091275062,-2.4871155619816996,nan,lower,0.1
61,phase1,lower,-10.0,4,-9.333975348375,-9.06016773348981,-7.151261210971339,-4.911097377673729,-2.4884040057835297,nan,lower,0.1
62,phase1,lower,-10.0,4,-9.333975348375,-9.119277081237962,-7.177244827641578,-4.9188280404847085,-2.4895636052051766,nan,lower,0.1
63,phase1,lower,-10.0,4,-9.333975348375,-9.175073855878324,-7.201403148925891,-4.925901596956756,-2.490607244684659,nan,lower,0.1
64,phase1,lower,-10.0,4,-9.333975348375,-9.22770678518308,-7.223852993728977,-4.932372161729546,-2.4915465202161933,nan,lower,0.1
65,phase1,lower,-10.0,4,-9.333975348375,-9.27732140603767,-7.244704910529034,-4.938289597578211,-2.492391868194574,nan,lower,0.1
66,phase1,lower,-10.0,4,-9.333975348375,-9.324059756486806,-7.264063379233952,-4.943699824639848,-2.4931526813751166,nan,lower,0.1
67,phase1,lower,-10.0,4,-9.333975348375,-9.36806011876152,-7.282027023774542,-4.948645110313374,-2.493837413237605,nan,upper,0.1
68,phase1,upper,-15.0,2,-9.822125164515,-9.36806011876152,-7.282027023774542,-4.948645110313374,-2.493837413237605,nan,lower,0.1
69,phase1,lower,-10.0,4,-9.822125164515,-9.409456809262823,-7.298688832428425,-4.953164340605797,-2.4944536719138446,nan,lower,0.1
70,phase1,lower,-10.0,4,-9.822125164515,-9.448380011579383,-7.314136383246162,-4.957293273736601,-2.49500830472246,nan,lower,0.1
71,phase1,lower,-10.0,4,-9.822125164515,-9.48495564874606,-7.328452072295207,-4.961064776835187,-2.495507474250214,nan,lower,0.1
72,phase1,lower,-10.0,4,-9.822125164515,-9.519305291100975,-7.3417133427492045,-4.96450904657669,-2.4959567268251925,nan,lower,0.1
73,phase1,upper,-15.0,2,-10.26930526394325,-9.519305291100975,-7.3417133427492045,-4.96450904657669,-2.4959567268251925,nan,lower,0.1
74,phase1,lower,-10.0,4,-10.26930526394325,-9.551546096265799,-7.353992913131953,-4.96765381460154,-2.4963610541426733,nan,lower,0.1
75,phase1,lower,-10.0,4,-10.26930526394325,-9.581790777952415,-7.365359003278912,-4.970524538555654,-2.496724948728406,nan,lower,0.1
76,phase1,lower,-10.0,4,-10.26930526394325,-9.610147600485064,-7.375875556806586,-4.973144579572929,-2.4970524538555656,nan,lower,0.1
77,phase1,lower,-10.0,4,-10.26930526394325,-9.636720396117216,-7.385602459083221,-4.975535367001193,-2.4973472084700092,nan,lower,0.1
78,phase1,lower,-10.0,4,-10.26930526394325,-9.661608602413816,-7.394595749875018,-4.977716551148075,-2.4976124876230084,nan,lower,0.1
79,phase1,lower,-10.0,4,-10.26930526394325,-9.684907317159936,-7.402907830002324,-4.979706144795568,-2.4978512388607075,nan,lower,0.1
80,phase1,lower,-10.0,4,-10.26930526394325,-9.706707368444174,-7.410587661481648,-4.981520654202082,-2.4980661149746366,nan,lower,0.1
81,phase1,lower,-10.0,4,-10.26930526394325,-9.727095397747922,-7.417680960753691,-4.983175200279337,-2.498259503477173,nan,lower,0.1
82,phase1,lower,-10.0,4,-10.26930526394325,-9.746153954048498,-7.424230384706255,-4.984683630599121,-2.4984335531294555,nan,lower,0.1
83,phase1,lower,-10.0,4,-10.26930526394325,-9.763961597114275,-7.430275709295541,-4.986058622852155,-2.49859019781651,nan,lower,0.1
84,phase1,lower,-10.0,4,-10.26930526394325,-9.780593008332401,-7.435854000651203,-4.98731178034859,-2.498731178034859,nan,lower,0.1
85,phase1,lower,-10.0,4,-10.26930526394325,-9.796119107564282,-7.440999778620942,-4.988453720117217,-2.498858060231373,nan,lower,0.1
86,phase1,lower,-10.0,4,-10.26930526394325,-9.810607174669947,-7.445745172770569,-4.989494154128633,-2.4989722542082355,nan,lower,0.1
87,phase1,lower,-10.0,4,-10.26930526394325,-9.824120974480008,-7.450120070906375,-4.990441964136593,-2.499075028787412,nan,lower,0.1
88,phase1,lower,-10.0,4,-10.26930526394325,-9.836720884122645,-7.454152260229397,-4.991305270601675,-2.4991675259086708,nan,lower,0.1
89,phase1,lower,-10.0,4,-10.26930526394325,-9.84846402173332,-7.4578675612666245,-4.992091496132375,-2.4992507733178035,nan,lower,0.1
90,phase1,lower,-10.0,4,-10.26930526394325,-9.859404375686651,-7.4612899547532,-4.992807423850918,-2.4993256959860233,nan,lower,0.1
91,phase1,lower,-10.0,4,-10.26930526394325,-9.869592933593307,-7.464441701662972,-4.9934592510644285,-2.499393126387421,nan,lower,0.1
92,phase1,lower,-10.0,4,-10.26930526394325,-9.879077810400274,-7.467343456603118,-4.994052638596727,-2.499453813748679,nan,lower,0.1
93,phase1,lower,-10.0,4,-10.26930526394325,-9.887904375020558,-7.470014374802479,-4.994592756111922,-2.499508432373811,nan,lower,0.1
94,phase1,lower,-10.0,4,-10.26930526394325,-9.89611537499875,-7.472472212933424,-4.995084323738111,-2.49955758913643,nan,lower,0.1
95,phase1,lower,-10.0,4,-10.26930526394325,-9.903751058792217,-7.474733424013892,-4.995531650277943,-2.499601830222787,nan,lower,0.1
96,phase1,lower,-10.0,4,-10.26930526394325,-9.910849295314385,-7.4768132466402975,-4.995938668272427,-2.4996416472005083,nan,lower,0.1
97,phase1,lower,-10.0,4,-10.26930526394325,-9.917445690446977,-7.47872578880351,-4.996308966165236,-2.4996774824804575,nan,lower,0.1
98,phase1,lower,-10.0,4,-10.26930526394325,-9.92357370028263,-7.4804841065396825,-4.996645817796758,-2.499709734232412,nan,lower,0.1
99,phase1,lower,-10.0,4,-10.26930526394325,-9.929264740908335,-7.48210027766539,-4.996952209440324,-2.4997387608091706,nan,lower,0.1
100,phase1,upper,-15.0,2,-10.6788280918407,-9.929264740908335,-7.48210027766539,-4.996952209440324,-2.4997387608091706,nan,lower,0.1
101,phase1,lower,-10.0,4,-10.6788280918407,-9.93454829458404,-7.4835854708428835,-4.997230864577209,-2.4997648847282536,nan,lower,0.1
102,phase1,lower,-10.0,4,-10.6788280918407,-9.939452012209925,-7.484950010216316,-4.997484266592314,-2.499788396255428,nan,lower,0.1
103,phase1,lower,-10.0,4,-10.6788280918407,-9.944001812010564,-7.486203435853916,-4.997714679558625,-2.4998095566298852,nan,lower,0.1
104,phase1,lower,-10.0,4,-10.6788280918407,-9.9482219743949,-7.487354560224387,-4.997924167265751,-2.4998286009668966,nan,lower,0.1
105,phase1,lower,-10.0,4,-10.6788280918407,-9.952135232977849,-7.488411520928523,-4.998114610635866,-2.499845740870207,nan,lower,0.1
106,phase1,lower,-10.0,4,-10.6788280918407,-9.955762861772916,-7.489381829899257,-4.9982877236593,-2.4998611667831865,nan,lower,0.1
107,phase1,lower,-10.0,4,-10.6788280918407,-9.959124758585551,-7.490272419275261,-4.998445067971689,-2.4998750501048677,nan,lower,0.1
108,phase1,lower,-10.0,4,-10.6788280918407,-9.962239524654521,-7.491089684144904,-4.998588066185007,-2.499887545094381,nan,lower,0.1
109,phase1,upper,-15.0,2,-11.053753301519228,-9.962239524654521,-7.491089684144904,-4.998588066185007,-2.499887545094381,nan,lower,0.1
110,phase1,lower,-10.0,4,-11.053753301519228,-9.96512454060356,-7.491839522348914,-4.998718014075944,-2.499898790584943,nan,lower,0.1
111,phase1,lower,-10.0,4,-11.053753301519228,-9.967796038778095,-7.492527371521617,-4.998836091726844,-2.4999089115264486,nan,lower,0.1
112,phase1,lower,-10.0,4,-11.053753301519228,-9.970269172052447,-7.4931582435421396,-4.998943373706804,-2.4999180203738036,nan,lower,0.1
113,phase1,lower,-10.0,4,-11.053753301519228,-9.972558079201416,-7.493736756558606,-4.999040838373504,-2.499926218336423,nan,lower,0.1
114,phase1,lower,-10.0,4,-11.053753301519228,-9.974675946937136,-7.494267164740096,-4.999129376369796,-2.499933596502781,nan,lower,0.1
115,phase1,lower,-10.0,4,-11.053753301519228,-9.976635068717432,-7.494753385903066,-4.999209798383094,-2.499940236852503,nan,lower,0.1
116,phase1,lower,-10.0,4,-11.053753301519228,-9.978446900435996,-7.495199027151069,-4.999282842230035,-2.4999462131672527,nan,lower,0.1
117,phase1,lower,-10.0,4,-11.053753301519228,-9.980122113107504,-7.495607408658966,-4.999349179323756,-2.4999515918505275,nan,lower,0.1
118,phase1,lower,-10.0,4,-11.053753301519228,-9.98167064266265,-7.495981585725445,-4.999409420576433,-2.4999564326654746,nan,lower,0.1
119,phase1,lower,-10.0,4,-11.053753301519228,-9.98310173696893,-7.4963243692105435,-4.999464121785337,-2.4999607893989273,nan,lower,0.1
120,phase1,lower,-10.0,4,-11.053753301519228,-9.98442400019309,-7.496638344468023,-4.999513788546696,-2.4999647104590346,nan,lower,0.1
121,phase1,lower,-10.0,4,-11.053753301519228,-9.985645434620583,-7.49692588887589,-4.999558880737929,-2.499968239413131,nan,lower,0.1
122,phase1,lower,-10.0,4,-11.053753301519228,-9.986773480046114,-7.4971891880620944,-4.99959981660545,-2.499971415471818,nan,lower,0.1
123,phase1,lower,-10.0,4,-11.053753301519228,-9.987815050847713,-7.49743025091643,-4.999636976492087,-2.499974273924636,nan,lower,0.1
124,phase1,lower,-10.0,4,-11.053753301519228,-9.988776570854585,-7.497650923473996,-4.999670706235342,-2.499976846532172,nan,lower,0.1
125,phase1,lower,-10.0,4,-11.053753301519228,-9.989664006116525,-7.4978529017501305,-4.999701320265025,-2.499979161878955,nan,lower,0.1
126,phase1,lower,-10.0,4,-11.053753301519228,-9.990482895679886,-7.49803774360162,-4.999729104426418,-2.4999812456910595,nan,lower,0.1
127,phase1,lower,-10.0,4,-11.053753301519228,-9.99123838047206,-7.4982068796841,-4.999754318552882,-2.4999831211219536,nan,lower,0.1
128,phase1,lower,-10.0,4,-11.053753301519228,-9.991935230393263,-7.498361623570979,-4.999777198809789,-2.4999848090097583,nan,lower,0.1
129,phase1,lower,-10.0,4,-11.053753301519228,-9.992577869711035,-7.4985031810948595,-4.999797959829786,-2.4999863281087826,nan,lower,0.1
130,phase1,lower,-10.0,4,-11.053753301519228,-9.993170400849417,-7.4986326589683525,-4.999816796657686,-2.4999876952979045,nan,lower,0.1
131,phase1,lower,-10.0,4,-11.053753301519228,-9.99371662666131,-7.498751072737286,-4.999833886521707,-2.4999889257681143,nan,lower,0.1
132,phase1,lower,-10.0,4,-11.053753301519228,-9.994220071268908,-7.498859354115728,-4.999849390446348,-2.499990033191303,nan,lower,0.1
133,phase1,lower,-10.0,4,-11.053753301519228,-9.99468399955359,-7.498958357748791,-4.999863454720844,-2.499991029872173,nan,lower,0.1
134,phase1,lower,-10.0,4,-11.053753301519228,-9.99511143537311,-7.499048867445996,-4.999876212235977,-2.4999919268849555,nan,lower,0.1
135,phase1,lower,-10.0,4,-11.053753301519228,-9.995505178580398,-7.4991316019249945,-4.999887783700875,-2.49999273419646,nan,lower,0.1
136,phase1,lower,-10.0,4,-11.053753301519228,-9.995867820914858,-7.499207220102583,-4.999898278750433,-2.499993460776814,nan,lower,0.1
137,phase1,lower,-10.0,4,-11.053753301519228,-9.996201760833632,-7.499276325967368,-4.999907796953071,-2.4999941146991325,nan,lower,0.1
138,phase1,lower,-10.0,4,-11.053753301519228,-9.996509217347006,-7.499339473065938,-4.999916428727677,-2.4999947032292194,nan,lower,0.1
139,phase1,lower,-10.0,4,-11.053753301519228,-9.996792242918898,-7.499397168632112,-4.999924256177831,-2.4999952329062975,nan,lower,0.1
140,phase1,upper,-15.0,2,-11.396905188343643,-9.996792242918898,-7.499397168632112,-4.999924256177831,-2.4999952329062975,nan,lower,0.1
141,phase1,lower,-10.0,4,-11.396905188343643,-9.99705273549022,-7.499449877386684,-4.999931353850678,-2.4999957096156677,nan,lower,0.1
142,phase1,lower,-10.0,4,-11.396905188343643,-9.997292449679867,-7.499498025033083,-4.999937789427177,-2.499996138654101,nan,lower,0.1
143,phase1,lower,-10.0,4,-11.396905188343643,-9.997513007215188,-7.499542001472492,-4.99994362434987,-2.499996524788691,nan,lower,0.1
144,phase1,upper,-15.0,2,-11.710889164787982,-9.997513007215188,-7.499542001472492,-4.99994362434987,-2.499996524788691,nan,lower,0.1
145,phase1,lower,-10.0,4,-11.710889164787982,-9.997715906640918,-7.4995821637602305,-4.999948914393752,-2.499996872309822,nan,lower,0.1
146,phase1,lower,-10.0,4,-11.710889164787982,-9.99790253235285,-7.499618838823583,-4.999953710185359,-2.49999718507884,nan,lower,0.1
147,phase1,lower,-10.0,4,-11.710889164787982,-9.998074162999924,-7.499652325959761,-4.999958057674707,-2.4999974665709557,nan,lower,0.1
148,phase1,lower,-10.0,4,-11.710889164787982,-9.998231979295907,-7.499682899131256,-4.999961998564332,-2.49999771991386,nan,lower,0.1
149,phase1,lower,-10.0,4,-11.710889164787982,-9.998377071279442,-7.499710809074563,-4.999965570699286,-2.4999979479224743,nan,lower,0.1
150,phase1,lower,-10.0,4,-11.710889164787982,-9.998510445058955,-7.499736285237035,-4.999968808421604,-2.499998153130227,nan,lower,0.1
151,phase1,lower,-10.0,4,-11.710889164787982,-9.998633029076762,-7.499759537555493,-4.999971742892466,-2.499998337817204,nan,lower,0.1
152,phase1,lower,-10.0,4,-11.710889164787982,-9.998745679924635,-7.49978075808919,-4.9999744023849395,-2.4999985040354837,nan,lower,0.1
153,phase1,lower,-10.0,4,-11.710889164787982,-9.99884918774109,-7.499800122518765,-4.999976812549994,-2.4999986536319354,nan,lower,0.1
154,phase1,lower,-10.0,4,-11.710889164787982,-9.998944281218858,-7.499817791521888,-4.999978996658188,-2.499998788268742,nan,lower,0.1
155,phase1,lower,-10.0,4,-11.710889164787982,-9.99903163224916,-7.499833912035518,-4.999980975819243,-2.4999989094418678,nan,lower,0.1
156,phase1,lower,-10.0,4,-11.710889164787982,-9.999111860227796,-7.499848618413891,-4.999982769181505,-2.499999018497681,nan,lower,0.1
157,phase1,lower,-10.0,4,-11.710889164787982,-9.999185536046404,-7.499862033490652,-4.999984394113123,-2.499999116647913,nan,lower,0.1
158,phase1,lower,-10.0,4,-11.710889164787982,-9.99925318579083,-7.499874269552899,-4.999985866366602,-2.499999204983122,nan,lower,0.1
159,phase1,lower,-10.0,4,-11.710889164787982,-9.999315294167037,-7.499885429234269,-4.999987200228254,-2.49999928448481,nan,lower,0.1
160,phase1,lower,-10.0,4,-11.710889164787982,-9.99937230767376,-7.499895606333668,-4.99998840865391,-2.4999993560363287,nan,lower,0.1
161,phase1,lower,-10.0,4,-11.710889164787982,-9.99942463753975,-7.499904886565693,-4.999989503392152,-2.4999994204326956,nan,lower,0.1
162,phase1,lower,-10.0,4,-11.710889164787982,-9.999472662442344,-7.499913348248339,-4.999990495096206,-2.499999478389426,nan,lower,0.1
163,phase1,lower,-10.0,4,-11.710889164787982,-9.999516731022943,-7.499921062933126,-4.999991393425528,-2.4999995305504834,nan,lower,0.1
164,phase1,lower,-10.0,4,-11.710889164787982,-9.999557164213961,-7.499928095982366,-4.999992207138024,-2.499999577495435,nan,lower,0.1
165,phase1,lower,-10.0,4,-11.710889164787982,-9.999594257390802,-7.499934507097931,-4.999992944173765,-2.4999996197458914,nan,lower,0.1
166,phase1,lower,-10.0,4,-11.710889164787982,-9.999628282361515,-7.499940350805515,-4.999993611730977,-2.499999657771302,nan,lower,0.1
167,phase1,lower,-10.0,4,-11.710889164787982,-9.999659489205914,-7.4999456768980615,-4.9999942163350095,-2.499999691994172,nan,lower,0.1
168,phase1,lower,-10.0,4,-11.710889164787982,-9.999688107975128,-7.4999505308417564,-4.999994763900926,-2.499999722794755,nan,lower,0.1
169,phase1,upper,-15.0,2,-11.998107294060018,-9.999688107975128,-7.4999505308417564,-4.999994763900926,-2.499999722794755,nan,lower,0.1
170,phase1,lower,-10.0,4,-11.998107294060018,-9.99971435026179,-7.4999549541476735,-4.999995259790309,-2.4999997505152796,nan,lower,0.1
171,phase1,lower,-10.0,4,-11.998107294060018,-9.999738410650378,-7.499958984711937,-4.999995708862806,-2.4999997754637517,nan,lower,0.1
172,phase1,lower,-10.0,4,-11.998107294060018,-9.999760468056534,-7.499962657127024,-4.999996115522901,-2.4999997979173765,nan,lower,0.1
173,phase1,lower,-10.0,4,-11.998107294060018,-9.999780686963582,-7.4999660029666115,-4.999996483762349,-2.4999998181256387,nan,lower,0.1
174,phase1,lower,-10.0,4,-11.998107294060018,-9.999799218563885,-7.499969051046185,-4.999996817198678,-2.4999998363130747,nan,lower,0.1
175,phase1,lower,-10.0,4,-11.998107294060018,-9.999816201812115,-7.499971827661435,-4.999997119110118,-2.4999998526817673,nan,lower,0.1
176,phase1,lower,-10.0,4,-11.998107294060018,-9.999831764397047,-7.4999743568063035,-4.999997392467283,-2.4999998674135906,nan,lower,0.1
177,phase1,lower,-10.0,4,-11.998107294060018,-9.999846023637973,-7.499976660372401,-4.999997639961914,-2.4999998806722314,nan,lower,0.1
178,phase1,lower,-10.0,4,-11.998107294060018,-9.999859087311416,-7.499978758331353,-4.999997864032946,-2.4999998926050084,nan,lower,0.1
179,phase1,lower,-10.0,4,-11.998107294060018,-9.99987105441341,-7.499980668901512,-4.999998066890153,-2.4999999033445075,nan,lower,0.1
180,phase1,lower,-10.0,4,-11.998107294060018,-9.99988201586222,-7.499982408700376,-4.999998250535588,-2.4999999130100568,nan,lower,0.1
181,phase1,lower,-10.0,4,-11.998107294060018,-9.999892055146034,-7.499983992883897,-4.999998416783035,-2.499999921709051,nan,lower,0.1
182,phase1,lower,-10.0,4,-11.998107294060018,-9.999901248919821,-7.499985435273811,-4.999998567275637,-2.499999929538146,nan,lower,0.1
183,phase1,lower,-10.0,4,-11.998107294060018,-9.99990966755522,-7.499986748473994,-4.999998703501888,-2.4999999365843313,nan,lower,0.1
184,phase1,lower,-10.0,4,-11.998107294060018,-9.999917375647097,-7.499987943976783,-4.999998826810132,-2.499999942925898,nan,lower,0.1
185,phase1,lower,-10.0,4,-11.998107294060018,-9.999924432480066,-7.4999890322601175,-4.999998938421709,-2.499999948633308,nan,lower,0.1
186,phase1,lower,-10.0,4,-11.998107294060018,-9.999930892458071,-7.499990022876276,-4.999999039442869,-2.4999999537699775,nan,lower,0.1
187,phase1,lower,-10.0,4,-11.998107294060018,-9.99993680549989,-7.499990924532936,-4.9999991308755805,-2.49999995839298,nan,lower,0.1
188,phase1,upper,-15.0,2,-12.260772905829766,-9.99993680549989,-7.499990924532936,-4.9999991308755805,-2.49999995839298,nan,lower,0.1
189,phase1,lower,-10.0,4,-12.260772905829766,-9.999942217403195,-7.4999917451672005,-4.99999921362732,-2.499999962553682,nan,lower,0.1
190,phase1,upper,-15.0,2,-12.500924322304964,-9.999942217403195,-7.4999917451672005,-4.99999921362732,-2.499999962553682,nan,lower,0.1
191,phase1,lower,-10.0,4,-12.500924322304964,-9.999947170179595,-7.499992492013212,-4.999999288519956,-2.4999999662983137,nan,lower,0.1
192,phase1,lower,-10.0,4,-12.500924322304964,-9.999951702362956,-7.499993171663887,-4.999999356297792,-2.4999999696684823,nan,lower,0.1
193,phase1,lower,-10.0,4,-12.500924322304964,-9.99995584929305,-7.499993790127277,-4.999999417634861,-2.499999972701634,nan,lower,0.1
194,phase1,lower,-10.0,4,-12.500924322304964,-9.999959643376473,-7.499994352878035,-4.999999473141538,-2.4999999754314706,nan,lower,0.1
195,phase1,lower,-10.0,4,-12.500924322304964,-9.99996311432663,-7.4999948649043855,-4.999999523370532,-2.4999999778883235,nan,lower,0.1
196,phase1,lower,-10.0,4,-12.500924322304964,-9.999966289384405,-7.499995330751,-4.999999568822311,-2.499999980099491,nan,lower,0.1
197,phase1,lower,-10.0,4,-12.500924322304964,-9.999969193521064,-7.499995754558131,-4.999999609950029,-2.499999982089542,nan,lower,0.1
198,phase1,lower,-10.0,4,-12.500924322304964,-9.999971849624771,-7.499996140097321,-4.99999964716398,-2.499999983880588,nan,lower,0.1
199,phase1,lower,-10.0,4,-12.500924322304964,-9.999974278672026,-7.499996490803987,-4.999999680835641,-2.499999985492529,nan,lower,0.1
200,phase1,lower,-10.0,4,-12.500924322304964,-9.999976499885221,-7.499996809807152,-4.99999971130133,-2.4999999869432763,nan,lower,0.1
201,phase1,lower,-10.0,4,-12.500924322304964,-9.999978530877414,-7.49999709995657,-4.999999738865524,-2.4999999882489488,nan,lower,0.1
202,phase1,lower,-10.0,4,-12.500924322304964,-9.99998038778533,-7.4999973638474655,-4.999999763803866,-2.4999999894240537,nan,lower,0.1
203,phase1,lower,-10.0,4,-12.500924322304964,-9.999982085391544,-7.499997603843106,-4.999999786365885,-2.499999990481648,nan,lower,0.1
204,phase1,lower,-10.0,4,-12.500924322304964,-9.9999836372367,-7.499997822095383,-4.999999806777462,-2.499999991433483,nan,lower,0.1
205,phase1,lower,-10.0,4,-12.500924322304964,-9.999985055722568,-7.499998020563591,-4.999999825243064,-2.499999992290135,nan,lower,0.1
206,phase1,upper,-15.0,2,-12.720437726426825,-9.999985055722568,-7.499998020563591,-4.999999825243064,-2.499999992290135,nan,lower,0.1
207,phase1,lower,-10.0,4,-12.720437726426825,-9.99998635220667,-7.499998201031539,-4.999999841947771,-2.499999993061121,nan,lower,0.1
208,phase1,lower,-10.0,4,-12.720437726426825,-9.999987537089158,-7.499998365123162,-4.999999857059106,-2.4999999937550093,nan,lower,0.1
209,phase1,lower,-10.0,4,-12.720437726426825,-9.999988619892559,-7.499998514316756,-4.999999870728697,-2.4999999943795084,nan,lower,0.1
210,phase1,lower,-10.0,4,-12.720437726426825,-9.999989609334978,-7.49999864995795,-4.999999883093778,-2.4999999949415574,nan,lower,0.1
211,phase1,lower,-10.0,4,-12.720437726426825,-9.999990513397275,-7.499998773271533,-4.999999894278556,-2.4999999954474017,nan,lower,0.1
212,phase1,lower,-10.0,4,-12.720437726426825,-9.999991339384701,-7.499998885372235,-4.99999990439544,-2.4999999959026615,nan,lower,0.1
213,phase1,lower,-10.0,4,-12.720437726426825,-9.999992093983455,-7.499998987274555,-4.999999913546162,-2.4999999963123956,nan,lower,0.1
214,phase1,lower,-10.0,4,-12.720437726426825,-9.999992783312564,-7.499999079901716,-4.999999921822785,-2.499999996681156,nan,lower,0.1
215,phase1,lower,-10.0,4,-12.720437726426825,-9.99999341297148,-7.499999164093823,-4.999999929308622,-2.4999999970130404,nan,lower,0.1
216,phase1,lower,-10.0,4,-12.720437726426825,-9.999993988083713,-7.499999240615303,-4.999999936079064,-2.499999997311736,nan,lower,0.1
217,phase1,lower,-10.0,4,-12.720437726426825,-9.99999451333687,-7.499999310161678,-4.999999942202331,-2.4999999975805625,nan,lower,0.1
218,phase1,lower,-10.0,4,-12.720437726426825,-9.999994993019351,-7.4999993733657435,-4.999999947740155,-2.4999999978225063,nan,lower,0.1
219,phase1,lower,-10.0,4,-12.720437726426825,-9.999995431053991,-7.499999430803185,-4.999999952748389,-2.4999999980402556,nan,lower,0.1
220,phase1,lower,-10.0,4,-12.720437726426825,-9.99999583102891,-7.499999482997706,-4.999999957277576,-2.49999999823623,nan,lower,0.1
221,phase1,lower,-10.0,4,-12.720437726426825,-9.999996196225789,-7.499999530425693,-4.999999961373442,-2.499999998412607,nan,lower,0.1
222,phase1,lower,-10.0,4,-12.720437726426825,-9.99999652964578,-7.499999573520467,-4.999999965077358,-2.4999999985713464,nan,lower,0.1
223,phase1,lower,-10.0,4,-12.720437726426825,-9.999996834033247,-7.499999612676157,-4.999999968426757,-2.4999999987142116,nan,lower,0.1
224,phase1,lower,-10.0,4,-12.720437726426825,-9.999997111897539,-7.499999648251217,-4.999999971455503,-2.4999999988427906,nan,lower,0.1
225,phase1,lower,-10.0,4,-12.720437726426825,-9.999997365532906,-7.499999680571646,-4.999999974194232,-2.4999999989585113,nan,lower,0.1
226,phase1,lower,-10.0,4,-12.720437726426825,-9.99999759703678,-7.499999709933904,-4.99999997667066,-2.49999999906266,nan,lower,0.1
227,phase1,lower,-10.0,4,-12.720437726426825,-9.999997808326492,-7.49999973660758,-4.99999997890986,-2.499999999156394,nan,lower,0.1
228,phase1,lower,-10.0,4,-12.720437726426825,-9.999998001154601,-7.499999760837808,-4.999999980934513,-2.4999999992407544,nan,lower,0.1
229,phase1,lower,-10.0,4,-12.720437726426825,-9.999998177122922,-7.499999782847478,-4.999999982765138,-2.499999999316679,nan,lower,0.1
230,phase1,lower,-10.0,4,-12.720437726426825,-9.999998337695377,-7.499999802839244,-4.999999984420292,-2.499999999385011,nan,lower,0.1
231,phase1,upper,-15.0,2,-12.921039206501264,-9.999998337695377,-7.499999802839244,-4.999999984420292,-2.499999999385011,nan,lower,0.1
232,phase1,lower,-10.0,4,-12.921039206501264,-9.999998484209764,-7.499999820997349,-4.999999985916764,-2.49999999944651,nan,lower,0.1
233,phase1,lower,-10.0,4,-12.921039206501264,-9.999998617888522,-7.49999983748929,-4.999999987269739,-2.499999999501859,nan,lower,0.1
234,phase1,lower,-10.0,4,-12.921039206501264,-9.9999987398486,-7.499999852467335,-4.9999999884929505,-2.499999999551673,nan,lower,0.1
235,phase1,lower,-10.0,4,-12.921039206501264,-9.999998851110472,-7.4999998660698965,-4.999999989598822,-2.4999999995965054,nan,lower,0.1
236,phase1,lower,-10.0,4,-12.921039206501264,-9.999998952606415,-7.4999998784227895,-4.999999990598591,-2.499999999636855,nan,lower,0.1
237,phase1,lower,-10.0,4,-12.921039206501264,-9.999999045188051,-7.499999889640369,-4.999999991502417,-2.4999999996731694,nan,lower,0.1
238,phase1,lower,-10.0,4,-12.921039206501264,-9.999999129633283,-7.499999899826574,-4.999999992319492,-2.4999999997058526,nan,lower,0.1
239,phase1,lower,-10.0,4,-12.921039206501264,-9.999999206652612,-7.499999909075866,-4.999999993058128,-2.4999999997352673,nan,lower,0.1
240,phase1,lower,-10.0,4,-12.921039206501264,-9.999999276894938,-7.499999917474092,-4.999999993725842,-2.499999999761741,nan,lower,0.1
241,phase1,lower,-10.0,4,-12.921039206501264,-9.999999340952854,-7.499999925099267,-4.999999994329432,-2.4999999997855666,nan,lower,0.1
242,phase1,lower,-10.0,4,-12.921039206501264,-9.999999399367496,-7.499999932022284,-4.999999994875045,-2.49999999980701,nan,lower,0.1
243,phase1,lower,-10.0,4,-12.921039206501264,-9.999999452632975,-7.49999993830756,-4.999999995368242,-2.4999999998263087,nan,lower,0.1
244,phase1,lower,-10.0,4,-12.921039206501264,-9.999999501200435,-7.499999944013629,-4.999999995814049,-2.499999999843678,nan,lower,0.1
245,phase1,lower,-10.0,4,-12.921039206501264,-9.999999545481755,-7.499999949193671,-4.999999996217012,-2.4999999998593103,nan,lower,0.1
246,phase1,lower,-10.0,4,-12.921039206501264,-9.999999585852947,-7.499999953896005,-4.999999996581241,-2.4999999998733795,nan,lower,0.1
247,phase1,lower,-10.0,4,-12.921039206501264,-9.999999622657253,-7.499999958164528,-4.999999996910455,-2.4999999998860414,nan,lower,0.1
248,phase1,upper,-15.0,2,-13.104316013296547,-9.999999622657253,-7.499999958164528,-4.999999996910455,-2.4999999998860414,nan,lower,0.1
249,phase1,lower,-10.0,4,-13.104316013296547,-9.99999965620798,-7.499999962039121,-4.999999997208014,-2.499999999897437,nan,lower,0.1
250,phase1,lower,-10.0,4,-13.104316013296547,-9.999999686791094,-7.49999996555601,-4.999999997476956,-2.4999999999076934,nan,lower,0.1
251,phase1,upper,-15.0,2,-13.271727066667761,-9.999999686791094,-7.49999996555601,-4.999999997476956,-2.4999999999076934,nan,lower,0.1
252,phase1,lower,-10.0,4,-13.271727066667761,-9.999999714667586,-7.499999968748105,-4.99999999772003,-2.4999999999169242,nan,lower,0.1
253,phase1,lower,-10.0,4,-13.271727066667761,-9.999999740075639,-7.499999971645297,-4.999999997939719,-2.499999999925232,nan,lower,0.1
254,phase1,lower,-10.0,4,-13.271727066667761,-9.999999763232605,-7.49999997427474,-4.999999998138271,-2.4999999999327085,nan,lower,0.1
255,phase1,lower,-10.0,4,-13.271727066667761,-9.999999784336818,-7.499999976661093,-4.999999998317715,-2.499999999939438,nan,lower,0.1
256,phase1,lower,-10.0,4,-13.271727066667761,-9.999999803569246,-7.4999999788267555,-4.999999998479887,-2.499999999945494,nan,lower,0.1
257,phase1,lower,-10.0,4,-13.271727066667761,-9.999999821094997,-7.499999980792069,-4.999999998626448,-2.4999999999509446,nan,lower,0.1
258,phase1,lower,-10.0,4,-13.271727066667761,-9.999999837064705,-7.499999982575507,-4.999999998758898,-2.49999999995585,nan,lower,0.1
259,phase1,lower,-10.0,4,-13.271727066667761,-9.999999851615785,-7.499999984193846,-4.999999998878593,-2.499999999960265,nan,lower,0.1
260,phase1,lower,-10.0,4,-13.271727066667761,-9.99999986487359,-7.4999999856623205,-4.99999999898676,-2.4999999999642384,nan,lower,0.1
261,phase1,lower,-10.0,4,-13.271727066667761,-9.999999876952463,-7.499999986994764,-4.999999999084507,-2.4999999999678146,nan,lower,0.1
262,phase1,lower,-10.0,4,-13.271727066667761,-9.999999887956694,-7.499999988203738,-4.999999999172838,-2.499999999971033,nan,lower,0.1
263,phase1,lower,-10.0,4,-13.271727066667761,-9.999999897981398,-7.499999989300648,-4.999999999252657,-2.4999999999739297,nan,lower,0.1
264,phase1,lower,-10.0,4,-13.271727066667761,-9.999999907113324,-7.49999999029585,-4.999999999324785,-2.499999999976537,nan,lower,0.1
265,phase1,lower,-10.0,4,-13.271727066667761,-9.999999915431577,-7.499999991198743,-4.99999999938996,-2.499999999978883,nan,lower,0.1
266,phase1,lower,-10.0,4,-13.271727066667761,-9.999999923008293,-7.499999992017865,-4.999999999448852,-2.4999999999809948,nan,lower,0.1
267,phase1,lower,-10.0,4,-13.271727066667761,-9.99999992990925,-7.499999992760964,-4.999999999502067,-2.4999999999828955,nan,lower,0.1
268,phase1,lower,-10.0,4,-13.271727066667761,-9.999999936194422,-7.4999999934350745,-4.99999999955015,-2.499999999984606,nan,lower,0.1
269,phase1,lower,-10.0,4,-13.271727066667761,-9.999999941918487,-7.499999994046582,-4.999999999593595,-2.4999999999861453,nan,lower,0.1
270,phase1,lower,-10.0,4,-13.271727066667761,-9.999999947131297,-7.499999994601283,-4.99999999963285,-2.499999999987531,nan,lower,0.1
271,phase1,lower,-10.0,4,-13.271727066667761,-9.999999951878296,-7.49999999510444,-4.999999999668319,-2.499999999988778,nan,lower,0.1
272,phase1,lower,-10.0,4,-13.271727066667761,-9.99999995620091,-7.499999995560827,-4.999999999700364,-2.4999999999899,nan,lower,0.1
273,phase1,lower,-10.0,4,-13.271727066667761,-9.9999999601369,-7.499999995974781,-4.999999999729318,-2.49999999999091,nan,lower,0.1
274,phase1,lower,-10.0,4,-13.271727066667761,-9.999999963720688,-7.499999996350234,-4.999999999755477,-2.499999999991819,nan,lower,0.1
275,phase1,lower,-10.0,4,-13.271727066667761,-9.999999966983642,-7.499999996690758,-4.999999999779112,-2.499999999992637,nan,lower,0.1
276,phase1,lower,-10.0,4,-13.271727066667761,-9.999999969954354,-7.499999996999594,-4.9999999998004645,-2.4999999999933733,nan,lower,0.1
277,phase1,lower,-10.0,4,-13.271727066667761,-9.999999972658879,-7.499999997279681,-4.999999999819756,-2.499999999994036,nan,lower,0.1
278,phase1,lower,-10.0,4,-13.271727066667761,-9.999999975120959,-7.499999997533688,-4.999999999837184,-2.4999999999946323,nan,lower,0.1
279,phase1,lower,-10.0,4,-13.271727066667761,-9.999999977362233,-7.4999999977640375,-4.999999999852928,-2.499999999995169,nan,lower,0.1
280,phase1,lower,-10.0,4,-13.271727066667761,-9.999999979402414,-7.499999997972926,-4.9999999998671525,-2.4999999999956524,nan,lower,0.1
281,phase1,lower,-10.0,4,-13.271727066667761,-9.999999981259466,-7.499999998162349,-4.999999999880003,-2.499999999996087,nan,lower,0.1
282,phase1,upper,-15.0,2,-13.424612749231766,-9.999999981259466,-7.499999998162349,-4.999999999880003,-2.499999999996087,nan,lower,0.1
283,phase1,lower,-10.0,4,-13.424612749231766,-9.999999982949754,-7.499999998334115,-4.999999999891611,-2.4999999999964784,nan,lower,0.1
284,phase1,lower,-10.0,4,-13.424612749231766,-9.999999984488191,-7.499999998489864,-4.999999999902098,-2.4999999999968305,nan,lower,0.1
285,phase1,lower,-10.0,4,-13.424612749231766,-9.999999985888358,-7.499999998631087,-4.999999999911571,-2.4999999999971476,nan,lower,0.1
286,phase1,upper,-15.0,2,-13.564204024616293,-9.999999985888358,-7.499999998631087,-4.999999999911571,-2.4999999999971476,nan,lower,0.1
287,phase1,lower,-10.0,4,-13.564204024616293,-9.999999987162631,-7.499999998759136,-4.999999999920129,-2.4999999999974327,nan,lower,0.1
288,phase1,lower,-10.0,4,-13.564204024616293,-9.999999988322282,-7.499999998875235,-4.9999999999278595,-2.4999999999976894,nan,lower,0.1
289,phase1,lower,-10.0,4,-13.564204024616293,-9.999999989377578,-7.499999998980497,-4.999999999934842,-2.4999999999979203,nan,lower,0.1
290,phase1,lower,-10.0,4,-13.564204024616293,-9.99999999033787,-7.499999999075932,-4.99999999994115,-2.499999999998128,nan,lower,0.1
291,phase1,lower,-10.0,4,-13.564204024616293,-9.999999991211675,-7.499999999162454,-4.999999999946848,-2.499999999998315,nan,lower,0.1
292,phase1,lower,-10.0,4,-13.564204024616293,-9.999999992006753,-7.4999999992408934,-4.999999999951995,-2.4999999999984834,nan,lower,0.1
293,phase1,lower,-10.0,4,-13.564204024616293,-9.999999992730167,-7.499999999312004,-4.999999999956644,-2.499999999998635,nan,lower,0.1
294,phase1,lower,-10.0,4,-13.564204024616293,-9.99999999338835,-7.499999999376468,-4.999999999960843,-2.499999999998771,nan,lower,0.1
295,phase1,lower,-10.0,4,-13.564204024616293,-9.999999993987162,-7.499999999434905,-4.999999999964635,-2.499999999998894,nan,lower,0.1
296,phase1,lower,-10.0,4,-13.564204024616293,-9.999999994531937,-7.499999999487878,-4.999999999968061,-2.499999999999005,nan,lower,0.1
297,phase1,lower,-10.0,4,-13.564204024616293,-9.999999995027531,-7.499999999535897,-4.9999999999711555,-2.4999999999991043,nan,lower,0.1
298,phase1,upper,-15.0,2,-13.691630917431597,-9.999999995027531,-7.499999999535897,-4.9999999999711555,-2.4999999999991043,nan,lower,0.1
299,phase1,lower,-10.0,4,-13.691630917431597,-9.999999995478367,-7.499999999579423,-4.999999999973951,-2.499999999999194,nan,lower,0.1
300,phase1,lower,-10.0,4,-13.691630917431597,-9.999999995888473,-7.4999999996188755,-4.999999999976475,-2.4999999999992744,nan,lower,0.1
301,phase1,lower,-10.0,4,-13.691630917431597,-9.999999996261513,-7.499999999654635,-4.999999999978755,-2.4999999999993467,nan,lower,0.1
302,phase1,lower,-10.0,4,-13.691630917431597,-9.999999996600826,-7.499999999687048,-4.999999999980814,-2.499999999999412,nan,lower,0.1
303,phase1,lower,-10.0,4,-13.691630917431597,-9.999999996909448,-7.499999999716424,-4.999999999982673,-2.4999999999994706,nan,lower,0.1
304,phase1,lower,-10.0,4,-13.691630917431597,-9.999999997190146,-7.499999999743049,-4.999999999984353,-2.4999999999995235,nan,lower,0.1
305,phase1,lower,-10.0,4,-13.691630917431597,-9.999999997445437,-7.499999999767179,-4.99999999998587,-2.499999999999571,nan,lower,0.1
306,phase1,lower,-10.0,4,-13.691630917431597,-9.999999997677612,-7.499999999789048,-4.99999999998724,-2.499999999999614,nan,lower,0.1
307,phase1,lower,-10.0,4,-13.691630917431597,-9.999999997888755,-7.499999999808868,-4.999999999988478,-2.4999999999996527,nan,lower,0.1
308,phase1,upper,-15.0,2,-13.807930391437678,-9.999999997888755,-7.499999999808868,-4.999999999988478,-2.4999999999996527,nan,lower,0.1
309,phase1,lower,-10.0,4,-13.807930391437678,-9.999999998080767,-7.499999999826828,-4.999999999989595,-2.4999999999996874,nan,lower,0.1
310,phase1,upper,-15.0,2,-13.914053661468225,-9.999999998080767,-7.499999999826828,-4.999999999989595,-2.4999999999996874,nan,lower,0.1
311,phase1,upper,-15.0,2,-14.010872973578287,-9.999999998080767,-7.499999999826828,-4.999999999989595,-2.4999999999996874,nan,lower,0.1
312,phase1,lower,-10.0,4,-14.010872973578287,-9.999999998255372,-7.499999999843105,-4.999999999990604,-2.4999999999997184,nan,lower,0.1
313,phase1,lower,-10.0,4,-14.010872973578287,-9.999999998414145,-7.499999999857855,-4.999999999991515,-2.4999999999997464,nan,lower,0.1
314,phase1,lower,-10.0,4,-14.010872973578287,-9.999999998558517,-7.499999999871221,-4.999999999992339,-2.4999999999997717,nan,lower,0.1
315,phase1,lower,-10.0,4,-14.010872973578287,-9.999999998689788,-7.499999999883333,-4.999999999993082,-2.4999999999997944,nan,lower,0.1
316,phase1,lower,-10.0,4,-14.010872973578287,-9.999999998809143,-7.4999999998943085,-4.999999999993753,-2.499999999999815,nan,lower,0.1
317,phase1,lower,-10.0,4,-14.010872973578287,-9.999999998917659,-7.499999999904253,-4.99999999999436,-2.4999999999998335,nan,lower,0.1
318,phase1,lower,-10.0,4,-14.010872973578287,-9.999999999016318,-7.499999999913263,-4.999999999994907,-2.49999999999985,nan,lower,0.1
319,phase1,lower,-10.0,4,-14.010872973578287,-9.999999999106013,-7.499999999921427,-4.999999999995401,-2.499999999999865,nan,lower,0.1
320,phase1,lower,-10.0,4,-14.010872973578287,-9.999999999187555,-7.499999999928825,-4.999999999995848,-2.4999999999998783,nan,lower,0.1
321,phase1,lower,-10.0,4,-14.010872973578287,-9.999999999261682,-7.499999999935527,-4.999999999996251,-2.4999999999998903,nan,lower,0.1
322,phase1,lower,-10.0,4,-14.010872973578287,-9.999999999329066,-7.4999999999416,-4.999999999996615,-2.4999999999999014,nan,lower,0.1
323,phase1,lower,-10.0,4,-14.010872973578287,-9.99999999939032,-7.499999999947101,-4.999999999996944,-2.499999999999911,nan,lower,0.1
324,phase1,lower,-10.0,4,-14.010872973578287,-9.999999999445999,-7.499999999952085,-4.99999999999724,-2.49999999999992,nan,lower,0.1
325,phase1,lower,-10.0,4,-14.010872973578287,-9.999999999496607,-7.499999999956601,-4.999999999997509,-2.499999999999928,nan,lower,0.1
326,phase1,lower,-10.0,4,-14.010872973578287,-9.999999999542606,-7.499999999960692,-4.99999999999775,-2.499999999999935,nan,lower,0.1
327,phase1,upper,-15.0,2,-14.099187886651654,-9.999999999542606,-7.499999999960692,-4.99999999999775,-2.499999999999935,nan,lower,0.1
328,phase1,lower,-10.0,4,-14.099187886651654,-9.999999999584414,-7.499999999964397,-4.999999999997969,-2.499999999999942,nan,lower,0.1
329,phase1,lower,-10.0,4,-14.099187886651654,-9.999999999622412,-7.499999999967755,-4.999999999998166,-2.4999999999999476,nan,lower,0.1
330,phase1,lower,-10.0,4,-14.099187886651654,-9.999999999656946,-7.499999999970796,-4.999999999998344,-2.499999999999953,nan,lower,0.1
331,phase1,lower,-10.0,4,-14.099187886651654,-9.999999999688331,-7.499999999973551,-4.999999999998505,-2.499999999999958,nan,lower,0.1
332,phase1,lower,-10.0,4,-14.099187886651654,-9.999999999716852,-7.499999999976047,-4.99999999999865,-2.499999999999962,nan,lower,0.1
333,phase1,lower,-10.0,4,-14.099187886651654,-9.999999999742771,-7.499999999978307,-4.999999999998781,-2.499999999999966,nan,lower,0.1
334,phase1,lower,-10.0,4,-14.099187886651654,-9.999999999766324,-7.499999999980354,-4.9999999999988995,-2.4999999999999694,nan,lower,0.1
335,phase1,lower,-10.0,4,-14.099187886651654,-9.999999999787727,-7.499999999982209,-4.999999999999007,-2.4999999999999725,nan,lower,0.1
336,phase1,lower,-10.0,4,-14.099187886651654,-9.999999999807175,-7.499999999983888,-4.999999999999104,-2.499999999999975,nan,lower,0.1
337,phase1,lower,-10.0,4,-14.099187886651654,-9.999999999824846,-7.49999999998541,-4.999999999999191,-2.499999999999978,nan,lower,0.1
338,phase1,lower,-10.0,4,-14.099187886651654,-9.999999999840902,-7.499999999986788,-4.99999999999927,-2.49999999999998,nan,lower,0.1
339,phase1,lower,-10.0,4,-14.099187886651654,-9.999999999855492,-7.499999999988036,-4.999999999999341,-2.4999999999999822,nan,lower,0.1
340,phase1,lower,-10.0,4,-14.099187886651654,-9.999999999868747,-7.499999999989167,-4.999999999999405,-2.499999999999984,nan,lower,0.1
341,phase1,lower,-10.0,4,-14.099187886651654,-9.999999999880789,-7.499999999990191,-4.999999999999463,-2.499999999999986,nan,lower,0.1
342,phase1,lower,-10.0,4,-14.099187886651654,-9.99999999989173,-7.499999999991118,-4.999999999999515,-2.499999999999987,nan,lower,0.1
343,phase1,lower,-10.0,4,-14.099187886651654,-9.999999999901668,-7.4999999999919575,-4.999999999999562,-2.4999999999999885,nan,lower,0.1
344,phase1,lower,-10.0,4,-14.099187886651654,-9.999999999910697,-7.499999999992718,-4.999999999999605,-2.49999999999999,nan,lower,0.1
345,phase1,lower,-10.0,4,-14.099187886651654,-9.999999999918899,-7.499999999993406,-4.999999999999643,-2.4999999999999907,nan,lower,0.1
346,phase1,lower,-10.0,4,-14.099187886651654,-9.999999999926349,-7.49999999999403,-4.999999999999678,-2.4999999999999916,nan,lower,0.1
347,phase1,lower,-10.0,4,-14.099187886651654,-9.999999999933117,-7.4999999999945945,-4.999999999999709,-2.4999999999999925,nan,lower,0.1
348,phase1,lower,-10.0,4,-14.099187886651654,-9.999999999939265,-7.499999999995106,-4.999999999999737,-2.4999999999999933,nan,lower,0.1
349,phase1,lower,-10.0,4,-14.099187886651654,-9.99999999994485,-7.499999999995569,-4.999999999999763,-2.499999999999994,nan,lower,0.1
350,phase1,lower,-10.0,4,-14.099187886651654,-9.999999999949921,-7.499999999995988,-4.999999999999786,-2.4999999999999942,nan,lower,0.1
351,phase1,upper,-15.0,2,-14.179731087374565,-9.999999999949921,-7.499999999995988,-4.999999999999786,-2.4999999999999942,nan,lower,0.1
352,phase1,lower,-10.0,4,-14.179731087374565,-9.999999999954527,-7.499999999996368,-4.999999999999806,-2.4999999999999947,nan,lower,0.1
353,phase1,lower,-10.0,4,-14.179731087374565,-9.99999999995871,-7.499999999996712,-4.999999999999825,-2.499999999999995,nan,lower,0.1
354,phase1,lower,-10.0,4,-14.179731087374565,-9.99999999996251,-7.499999999997023,-4.999999999999842,-2.4999999999999956,nan,lower,0.1
355,phase1,lower,-10.0,4,-14.179731087374565,-9.999999999965961,-7.499999999997304,-4.999999999999857,-2.499999999999996,nan,lower,0.1
356,phase1,lower,-10.0,4,-14.179731087374565,-9.999999999969095,-7.499999999997559,-4.999999999999871,-2.4999999999999964,nan,lower,0.1
357,phase1,lower,-10.0,4,-14.179731087374565,-9.99999999997194,-7.49999999999779,-4.999999999999884,-2.499999999999997,nan,lower,0.1
358,phase1,lower,-10.0,4,-14.179731087374565,-9.999999999974525,-7.499999999998,-4.999999999999895,-2.4999999999999973,nan,lower,0.1
359,phase1,lower,-10.0,4,-14.179731087374565,-9.999999999976872,-7.499999999998189,-4.999999999999906,-2.499999999999998,nan,lower,0.1
360,phase1,lower,-10.0,4,-14.179731087374565,-9.999999999979003,-7.49999999999836,-4.999999999999915,-2.4999999999999982,nan,lower,0.1
361,phase1,lower,-10.0,4,-14.179731087374565,-9.99999999998094,-7.499999999998516,-4.999999999999923,-2.4999999999999982,nan,lower,0.1
362,phase1,lower,-10.0,4,-14.179731087374565,-9.999999999982697,-7.499999999998656,-4.999999999999931,-2.4999999999999982,nan,lower,0.1
363,phase1,lower,-10.0,4,-14.179731087374565,-9.999999999984293,-7.499999999998783,-4.999999999999938,-2.4999999999999982,nan,lower,0.1
364,phase1,lower,-10.0,4,-14.179731087374565,-9.999999999985743,-7.499999999998899,-4.999999999999944,-2.4999999999999982,nan,lower,0.1
365,phase1,lower,-10.0,4,-14.179731087374565,-9.99999999998706,-7.4999999999990035,-4.999999999999949,-2.4999999999999982,nan,lower,0.1
366,phase1,upper,-15.0,2,-14.253173769086377,-9.99999999998706,-7.4999999999990035,-4.999999999999949,-2.4999999999999982,nan,lower,0.1
367,phase1,lower,-10.0,4,-14.253173769086377,-9.999999999988253,-7.499999999999098,-4.999999999999954,-2.4999999999999982,nan,lower,0.1
368,phase1,lower,-10.0,4,-14.253173769086377,-9.999999999989338,-7.499999999999183,-4.999999999999958,-2.4999999999999982,nan,lower,0.1
369,phase1,lower,-10.0,4,-14.253173769086377,-9.999999999990322,-7.49999999999926,-4.999999999999963,-2.4999999999999982,nan,lower,0.1
370,phase1,lower,-10.0,4,-14.253173769086377,-9.999999999991216,-7.49999999999933,-4.999999999999966,-2.4999999999999982,nan,lower,0.1
371,phase1,lower,-10.0,4,-14.253173769086377,-9.999999999992028,-7.499999999999394,-4.99999999999997,-2.4999999999999982,nan,lower,0.1
372,phase1,lower,-10.0,4,-14.253173769086377,-9.999999999992765,-7.499999999999452,-4.9999999999999725,-2.4999999999999982,nan,lower,0.1
373,phase1,lower,-10.0,4,-14.253173769086377,-9.999999999993435,-7.499999999999504,-4.999999999999975,-2.4999999999999982,nan,lower,0.1
374,phase1,lower,-10.0,4,-14.253173769086377,-9.999999999994042,-7.4999999999995515,-4.999999999999978,-2.4999999999999982,nan,lower,0.1
375,phase1,lower,-10.0,4,-14.253173769086377,-9.999999999994593,-7.499999999999594,-4.99999999999998,-2.4999999999999982,nan,lower,0.1
376,phase1,lower,-10.0,4,-14.253173769086377,-9.999999999995094,-7.499999999999632,-4.999999999999981,-2.4999999999999982,nan,lower,0.1
377,phase1,lower,-10.0,4,-14.253173769086377,-9.999999999995548,-7.499999999999667,-4.999999999999983,-2.4999999999999982,nan,lower,0.1
378,phase1,lower,-10.0,4,-14.253173769086377,-9.99999999999596,-7.499999999999699,-4.999999999999985,-2.4999999999999982,nan,lower,0.1
379,phase1,lower,-10.0,4,-14.253173769086377,-9.999999999996334,-7.499999999999727,-4.999999999999986,-2.4999999999999982,nan,lower,0.1
380,phase1,lower,-10.0,4,-14.253173769086377,-9.999999999996673,-7.499999999999753,-4.999999999999987,-2.4999999999999982,nan,lower,0.1
381,phase1,lower,-10.0,4,-14.253173769086377,-9.99999999999698,-7.499999999999776,-4.999999999999988,-2.4999999999999982,nan,lower,0.1
382,phase1,lower,-10.0,4,-14.253173769086377,-9.999999999997259,-7.4999999999997975,-4.9999999999999885,-2.4999999999999982,nan,lower,0.1
383,phase1,lower,-10.0,4,-14.253173769086377,-9.999999999997513,-7.499999999999817,-4.999999999999989,-2.4999999999999982,nan,lower,0.1
384,phase1,lower,-10.0,4,-14.253173769086377,-9.999999999997744,-7.499999999999834,-4.99999999999999,-2.4999999999999982,nan,lower,0.1
385,phase1,lower,-10.0,4,-14.253173769086377,-9.999999999997954,-7.49999999999985,-4.999999999999991,-2.4999999999999982,nan,lower,0.1
386,phase1,lower,-10.0,4,-14.253173769086377,-9.999999999998144,-7.499999999999864,-4.999999999999992,-2.4999999999999982,nan,lower,0.1
387,phase1,lower,-10.0,4,-14.253173769086377,-9.999999999998316,-7.4999999999998765,-4.999999999999993,-2.4999999999999982,nan,lower,0.1
388,phase1,lower,-10.0,4,-14.253173769086377,-9.999999999998472,-7.499999999999888,-4.999999999999994,-2.4999999999999982,nan,lower,0.1
389,phase1,lower,-10.0,4,-14.253173769086377,-9.999999999998614,-7.499999999999899,-4.999999999999995,-2.4999999999999982,nan,lower,0.1
390,phase1,lower,-10.0,4,-14.253173769086377,-9.999999999998742,-7.4999999999999085,-4.999999999999995,-2.4999999999999982,nan,lower,0.1
391,phase1,lower,-10.0,4,-14.253173769086377,-9.99999999999886,-7.499999999999917,-4.999999999999995,-2.4999999999999982,nan,lower,0.1
392,phase1,lower,-10.0,4,-14.253173769086377,-9.999999999998966,-7.499999999999925,-4.999999999999995,-2.4999999999999982,nan,lower,0.1
393,phase1,lower,-10.0,4,-14.253173769086377,-9.999999999999062,-7.4999999999999325,-4.999999999999995,-2.4999999999999982,nan,lower,0.1
394,phase1,lower,-10.0,4,-14.253173769086377,-9.99999999999915,-7.499999999999939,-4.999999999999995,-2.4999999999999982,nan,lower,0.1
395,phase1,lower,-10.0,4,-14.253173769086377,-9.999999999999229,-7.499999999999944,-4.999999999999995,-2.4999999999999982,nan,lower,0.1
396,phase1,lower,-10.0,4,-14.253173769086377,-9.9999999999993,-7.499999999999949,-4.999999999999995,-2.4999999999999982,nan,lower,0.1
397,phase1,lower,-10.0,4,-14.253173769086377,-9.999999999999366,-7.499999999999954,-4.999999999999995,-2.4999999999999982,nan,lower,0.1
398,phase1,lower,-10.0,4,-14.253173769086377,-9.999999999999424,-7.499999999999958,-4.999999999999995,-2.4999999999999982,nan,lower,0.1
399,phase1,lower,-10.0,4,-14.253173769086377,-9.999999999999478,-7.499999999999962,-4.999999999999995,-2.4999999999999982,nan,lower,0.1
400,phase2,lower,-20.0,4,-14.253173769086377,-9.999999999999526,-8.499999999999977,-5.270000000000005,-2.6890000000000054,-0.14700000000000557,lower,0.1
401,phase2,lower,-20.0,4,-14.253173769086377,-10.232299999999576,-9.546609999999996,-5.595917000000017,-2.9017249000000134,-0.17448270000000626,lower,0.1
402,phase2,lower,-20.0,4,-14.253173769086377,-10.570765429999623,-10.560451171000013,-5.918566408700028,-3.09575725639002,-0.1701075779700057,lower,0.1
403,phase2,lower,-20.0,4,-14.253173769086377,-10.972830824272666,-11.52065198389813,-6.220527107276608,-3.2614348133039543,-0.15732427984947184,lower,0.1
404,phase2,lower,-20.0,4,-14.253173769086377,-11.419204792099736,-12.422044963851032,-6.4959983335411,-3.3978621589995273,-0.14248982106552352,lower,0.1
405,phase2,lower,-20.0,4,-14.253173769086377,-11.897729648233836,-13.263785572728604,-6.74272314740457,-3.5065031683092913,-0.1273964215042382,lower,0.1
406,phase2,lower,-20.0,4,-14.253173769086377,-12.398992020037127,-14.04632258570523,-6.959782742867613,-3.5894520274035897,-0.1126042640036758,lower,0.1
407,phase2,lower,-20.0,4,-14.253173769086377,-12.915068914207245,-14.770587213016823,-7.146956123681344,-3.648952411997795,-0.0983296737714422,lower,0.1
408,phase2,lower,-20.0,4,-14.253173769086377,-13.439117450482502,-15.437770792627143,-7.304500395081638,-3.687252320380614,-0.08468321064875388,lower,0.1
409,phase2,lower,-20.0,4,-14.253173769086377,-13.965197674280844,-16.049257815819214,-7.433047130940441,-3.7065514706558584,-0.07173472774337533,lower,0.1
410,phase2,lower,-20.0,4,-14.253173769086377,-14.488164943403719,-16.6065992496312,-7.53353362803016,-3.7089761849453127,-0.05953223693424428,upper,0.1
411,phase2,upper,-15.0,2,-14.3737096168229,-14.488164943403719,-16.6065992496312,-7.53353362803016,-3.7089761849453127,-0.04554946792057503,upper,0.1
412,phase2,upper,-15.0,2,-14.475938331991276,-14.488164943403719,-16.6065992496312,-7.53353362803016,-3.7089761849453127,-0.03559687331280743,upper,0.1
413,phase2,upper,-15.0,2,-14.56364926464168,-14.488164943403719,-16.6065992496312,-7.53353362803016,-3.7089761849453127,-0.028153680763338254,lower,0.1
414,phase2,lower,-20.0,4,-14.56364926464168,-14.975346686713472,-17.091727232620137,-7.593309293542779,-3.686877502362263,-0.04057433127168182,upper,0.1
415,phase2,upper,-15.0,2,-14.650487852382,-14.975346686713472,-17.091727232620137,-7.593309293542779,-3.686877502362263,-0.028442992320251284,upper,0.1
416,phase2,upper,-15.0,2,-14.720970583175204,-14.975346686713472,-17.091727232620137,-7.593309293542779,-3.686877502362263,-0.020382867272015128,upper,0.1
417,phase2,upper,-15.0,2,-14.779161423585567,-14.975346686713472,-17.091727232620137,-7.593309293542779,-3.686877502362263,-0.014772324080131814,upper,0.1
418,phase2,upper,-15.0,2,-14.8276493289184,-14.975346686713472,-17.091727232620137,-7.593309293542779,-3.686877502362263,-0.010696242862233377,upper,0.1
419,phase2,upper,-15.0,2,-14.8681899374058,-14.975346686713472,-17.091727232620137,-7.593309293542779,-3.686877502362263,-0.007629420042917187,upper,0.1
420,phase2,upper,-15.0,2,-14.902056993254682,-14.975346686713472,-17.091727232620137,-7.593309293542779,-3.686877502362263,-0.005262665695932405,upper,0.1
421,phase2,upper,-15.0,2,-14.930234976514885,-14.975346686713472,-17.091727232620137,-7.593309293542779,-3.686877502362263,-0.003407253821318605,upper,0.1
422,phase2,upper,-15.0,2,-14.953525033126441,-14.975346686713472,-17.091727232620137,-7.593309293542779,-3.686877502362263,-0.0019423875414863049,upper,0.1
423,phase2,upper,-15.0,2,-14.972603694094003,-14.975346686713472,-17.091727232620137,-7.593309293542779,-3.686877502362263,-0.0007862728053148133,upper,0.1
424,phase2,upper,-15.0,2,-14.988055978396948,-14.975346686713472,-17.091727232620137,-7.593309293542779,-3.686877502362263,0.00011985463825037092,lower,0.1
425,phase2,lower,-20.0,4,-14.988055978396948,-15.436876872129714,-17.516452205029783,-7.620905566491806,-3.647983710211118,-0.026455642328639804,upper,0.1
426,phase2,upper,-15.0,2,-15.024312606455581,-15.436876872129714,-17.516452205029783,-7.620905566491806,-3.647983710211118,-0.012201395892468013,upper,0.1
427,phase2,upper,-15.0,2,-15.044992297451241,-15.436876872129714,-17.516452205029783,-7.620905566491806,-3.647983710211118,-0.0043764466713223805,upper,0.1
428,phase2,lower,-20.0,4,-15.044992297451241,-15.898773207423911,-17.90330323656722,-7.632417608397076,-3.6045794083437652,-0.021089209146589988,upper,0.1
429,phase2,upper,-15.0,2,-15.071420627420167,-15.898773207423911,-17.90330323656722,-7.632417608397076,-3.6045794083437652,-0.008313619801962331,upper,0.1
430,phase2,upper,-15.0,2,-15.084043084136956,-15.898773207423911,-17.90330323656722,-7.632417608397076,-3.6045794083437652,-0.0014684369798043662,upper,0.1
431,phase2,upper,-15.0,2,-15.088676947896111,-15.898773207423911,-17.90330323656722,-7.632417608397076,-3.6045794083437652,0.0020998627469642856,upper,0.1
432,phase2,upper,-15.0,2,-15.088646240468773,-15.898773207423911,-17.90330323656722,-7.632417608397076,-3.6045794083437652,0.0038565663969393404,upper,0.1
433,phase2,upper,-15.0,2,-15.08588279032689,-15.898773207423911,-17.90330323656722,-7.632417608397076,-3.6045794083437652,0.004612776113946081,upper,0.1
434,phase2,upper,-15.0,2,-15.081534025814273,-15.898773207423911,-17.90330323656722,-7.632417608397076,-3.6045794083437652,0.0048189900647343615,upper,0.1
435,phase2,upper,-15.0,2,-15.076299512817496,-15.898773207423911,-17.90330323656722,-7.632417608397076,-3.6045794083437652,0.0047265579316815125,upper,0.1
436,phase2,upper,-15.0,2,-15.070618215209434,-15.898773207423911,-17.90330323656722,-7.632417608397076,-3.6045794083437652,0.004476533178789439,upper,0.1
437,phase2,lower,-20.0,4,-15.070618215209434,-16.34519733047733,-18.245016768634436,-7.622981342850113,-3.553213124228807,-0.01282279519812373,upper,0.1
438,phase2,upper,-15.0,2,-15.080342896770409,-16.34519733047733,-18.245016768634436,-7.622981342850113,-3.553213124228807,-0.004328048261357872,upper,0.1
439,phase2,upper,-15.0,2,-15.081684047768151,-16.34519733047733,-18.245016768634436,-7.622981342850113,-3.553213124228807,5.967493567366313e-05,upper,0.1
440,phase2,upper,-15.0,2,-15.078597819609488,-16.34519733047733,-18.245016768634436,-7.622981342850113,-3.553213124228807,0.0022068352870345037,upper,0.1
441,phase2,upper,-15.0,2,-15.073288543964146,-16.34519733047733,-18.245016768634436,-7.622981342850113,-3.553213124228807,0.003140202729100542,upper,0.1
442,phase2,upper,-15.0,2,-15.066987744410051,-16.34519733047733,-18.245016768634436,-7.622981342850113,-3.553213124228807,0.0034246401173723567,upper,0.1
443,phase2,upper,-15.0,2,-15.060383959998493,-16.34519733047733,-18.245016768634436,-7.622981342850113,-3.553213124228807,0.0033707612422810645,upper,0.1
444,phase2,upper,-15.0,2,-15.05386049265051,-16.34519733047733,-18.245016768634436,-7.622981342850113,-3.553213124228807,0.0031491114079789688,upper,0.1
445,phase2,upper,-15.0,2,-15.047627413432735,-16.34519733047733,-18.245016768634436,-7.622981342850113,-3.553213124228807,0.0028529802638715424,upper,0.1
446,phase2,upper,-15.0,2,-15.041795279384619,-16.34519733047733,-18.245016768634436,-7.622981342850113,-3.553213124228807,0.0025329820693223227,upper,0.1
447,phase2,lower,-20.0,4,-15.041795279384619,-16.78289959043065,-18.550012572182574,-7.598749106780404,-3.498429279957846,-0.00771052594685117,upper,0.1
448,phase2,upper,-15.0,2,-15.04563580742219,-16.78289959043065,-18.550012572182574,-7.598749106780404,-3.498429279957846,-0.002803204410731999,upper,0.1
449,phase2,upper,-15.0,2,-15.044969726622268,-16.78289959043065,-18.550012572182574,-7.598749106780404,-3.498429279957846,-0.0002915027678552525,upper,0.1
450,phase2,upper,-15.0,2,-15.042062760655583,-16.78289959043065,-18.550012572182574,-7.598749106780404,-3.498429279957846,0.0009210167812210452,upper,0.1
451,phase2,upper,-15.0,2,-15.038155251346964,-16.78289959043065,-18.550012572182574,-7.598749106780404,-3.498429279957846,0.0014361075639691525,upper,0.1
452,phase2,upper,-15.0,2,-15.033920996977965,-16.78289959043065,-18.550012572182574,-7.598749106780404,-3.498429279957846,0.0015835920662254643,upper,0.1
453,phase2,upper,-15.0,2,-15.02972015300582,-16.78289959043065,-18.550012572182574,-7.598749106780404,-3.498429279957846,0.0015437850216606568,upper,0.1
454,phase2,upper,-15.0,2,-15.025738863112261,-16.78289959043065,-18.550012572182574,-7.598749106780404,-3.498429279957846,0.0014147897471226002,upper,0.1
455,phase2,upper,-15.0,2,-15.022066545455028,-16.78289959043065,-18.550012572182574,-7.598749106780404,-3.498429279957846,0.001249502249823775,upper,0.1
456,phase2,lower,-20.0,4,-15.022066545455028,-17.208486336581,-18.81931108973227,-7.560630415395229,-3.440717020545809,-0.002815419388623605,upper,0.1
457,phase2,upper,-15.0,2,-15.022397254903089,-17.208486336581,-18.81931108973227,-7.560630415395229,-3.440717020545809,-0.0009158442569277319,upper,0.1
458,phase2,upper,-15.0,2,-15.021102813018874,-17.208486336581,-18.81931108973227,-7.560630415395229,-3.440717020545809,3.24708068076849e-05,upper,0.1
459,phase2,upper,-15.0,2,-15.019072722630103,-17.208486336581,-18.81931108973227,-7.560630415395229,-3.440717020545809,0.0004689170862640236,upper,0.1
460,phase2,upper,-15.0,2,-15.016785829104053,-17.208486336581,-18.81931108973227,-7.560630415395229,-3.440717020545809,0.0006341129178154394,upper,0.1
461,phase2,upper,-15.0,2,-15.014494815054311,-17.208486336581,-18.81931108973227,-7.560630415395229,-3.440717020545809,0.0006594620847174236,upper,0.1
462,phase2,upper,-15.0,2,-15.0123278635614,-17.208486336581,-18.81931108973227,-7.560630415395229,-3.440717020545809,0.0006163716676409124,upper,0.1
463,phase2,upper,-15.0,2,-15.010344755131284,-17.208486336581,-18.81931108973227,-7.560630415395229,-3.440717020545809,0.0005433043703545618,upper,0.1
464,phase2,upper,-15.0,2,-15.008567879357898,-17.208486336581,-18.81931108973227,-7.560630415395229,-3.440717020545809,0.00046065062980613807,upper,0.1
465,phase2,upper,-15.0,2,-15.006999420636022,-17.208486336581,-18.81931108973227,-7.560630415395229,-3.440717020545809,0.00037890660538748757,upper,0.1
466,phase2,upper,-15.0,2,-15.005630910365372,-17.208486336581,-18.81931108973227,-7.560630415395229,-3.440717020545809,0.0003031723663985349,upper,0.1
467,phase2,upper,-15.0,2,-15.004448553700163,-17.208486336581,-18.81931108973227,-7.560630415395229,-3.440717020545809,0.00023562663230582576,upper,0.1
468,phase2,upper,-15.0,2,-15.00343620851151,-17.208486336581,-18.81931108973227,-7.560630415395229,-3.440717020545809,0.00017688835107258563,upper,0.1
469,phase2,lower,-20.0,4,-15.00343620851151,-17.61940961238016,-19.054323850972477,-7.509771277774923,-3.380700198135539,0.0017343820041325342,upper,0.1
470,phase2,upper,-15.0,2,-15.001175308521269,-17.61940961238016,-19.054323850972477,-7.509771277774923,-3.380700198135539,0.000889937380583285,upper,0.1
471,phase2,upper,-15.0,2,-14.999807967341486,-17.61940961238016,-19.054323850972477,-7.509771277774923,-3.380700198135539,0.00042035279377074524,upper,0.1
472,phase2,upper,-15.0,2,-14.998973514287844,-17.61940961238016,-19.054323850972477,-7.509771277774923,-3.380700198135539,0.00015915969065988125,upper,0.1
473,phase2,upper,-15.0,2,-14.998466316327308,-17.61940961238016,-19.054323850972477,-7.509771277774923,-3.380700198135539,1.4437795553923151e-05,upper,0.1
474,phase2,upper,-15.0,2,-14.998166894324475,-17.61940961238016,-19.054323850972477,-7.509771277774923,-3.380700198135539,-6.471450917451119e-05,upper,0.1
475,phase2,upper,-15.0,2,-14.998003988094826,-17.61940961238016,-19.054323850972477,-7.509771277774923,-3.380700198135539,-0.00010660671567278406,upper,0.1
476,phase2,upper,-15.0,2,-14.99793362744284,-17.61940961238016,-19.054323850972477,-7.509771277774923,-3.380700198135539,-0.00012708525048303796,upper,0.1
477,phase2,upper,-15.0,2,-14.997927550268336,-17.61940961238016,-19.054323850972477,-7.509771277774923,-3.380700198135539,-0.0001351038004459333,upper,0.1
478,phase2,upper,-15.0,2,-14.997966760737297,-17.61940961238016,-19.054323850972477,-7.509771277774923,-3.380700198135539,-0.00013578881979806282,upper,0.1
479,phase2,upper,-15.0,2,-14.998037916668977,-17.61940961238016,-19.054323850972477,-7.509771277774923,-3.380700198135539,-0.00013212856013444823,upper,0.1
480,phase2,upper,-15.0,2,-14.998131276804516,-17.61940961238016,-19.054323850972477,-7.509771277774923,-3.380700198135539,-0.0001259054955689626,upper,0.1
481,phase2,upper,-15.0,2,-14.998239510657497,-17.61940961238016,-19.054323850972477,-7.509771277774923,-3.380700198135539,-0.00011821268706612109,upper,0.1
482,phase2,upper,-15.0,2,-14.998356987795495,-17.61940961238016,-19.054323850972477,-7.509771277774923,-3.380700198135539,-0.00010974118217010298,upper,0.1
483,phase2,upper,-15.0,2,-14.998479335900463,-17.61940961238016,-19.054323850972477,-7.509771277774923,-3.380700198135539,-0.00010094125170721037,upper,0.1
484,phase2,upper,-15.0,2,-14.998603151658045,-17.61940961238016,-19.054323850972477,-7.509771277774923,-3.380700198135539,-9.211395952855983e-05,upper,0.1
485,phase2,upper,-15.0,2,-14.998725800506694,-17.61940961238016,-19.054323850972477,-7.509771277774923,-3.380700198135539,-8.346412477095934e-05,upper,0.1
486,phase2,upper,-15.0,2,-14.998845269803256,-17.61940961238016,-19.054323850972477,-7.509771277774923,-3.380700198135539,-7.513176335277007e-05,upper,0.1
487,phase2,upper,-15.0,2,-14.998960055614027,-17.61940961238016,-19.054323850972477,-7.509771277774923,-3.380700198135539,-6.721141980727808e-05,upper,0.1
488,phase2,upper,-15.0,2,-14.999069071930256,-17.61940961238016,-19.054323850972477,-7.509771277774923,-3.380700198135539,-5.976458382858292e-05,upper,0.1
489,phase2,upper,-15.0,2,-14.999171575824985,-17.61940961238016,-19.054323850972477,-7.509771277774923,-3.380700198135539,-5.282806893285925e-05,upper,0.1
490,phase2,upper,-15.0,2,-14.999267104665156,-17.61940961238016,-19.054323850972477,-7.509771277774923,-3.380700198135539,-4.64199569957461e-05,upper,0.1
491,phase2,upper,-15.0,2,-14.999355422929456,-17.61940961238016,-19.054323850972477,-7.509771277774923,-3.380700198135539,-4.054401170290597e-05,upper,0.1
492,phase2,upper,-15.0,2,-14.999436476985084,-17.61940961238016,-19.054323850972477,-7.509771277774923,-3.380700198135539,-3.519307779233728e-05,upper,0.1
493,phase2,upper,-15.0,2,-14.999510356633579,-17.61940961238016,-19.054323850972477,-7.509771277774923,-3.380700198135539,-3.0351769502395514e-05,upper,0.1
494,phase2,upper,-15.0,2,-14.999577262504683,-17.61940961238016,-19.054323850972477,-7.509771277774923,-3.380700198135539,-2.599863297905926e-05,upper,0.1
495,phase2,upper,-15.0,2,-14.999637478543615,-17.61940961238016,-19.054323850972477,-7.509771277774923,-3.380700198135539,-2.21079007866699e-05,upper,0.1
496,phase2,upper,-15.0,2,-14.999691348947856,-17.61940961238016,-19.054323850972477,-7.509771277774923,-3.380700198135539,-1.8650918659029638e-05,upper,0.1
497,phase2,upper,-15.0,2,-14.999739258989644,-17.61940961238016,-19.054323850972477,-7.509771277774923,-3.380700198135539,-1.5597302357730585e-05,upper,0.1
498,phase2,lower,-20.0,4,-14.999739258989644,-18.012915073811513,-19.2561211043952,-7.447038007854386,-3.318766945802102,0.006092409015086238,upper,0.1
499,phase2,upper,-15.0,2,-14.994284413537585,-18.012915073811513,-19.2561211043952,-7.447038007854386,-3.318766945802102,0.0029800072266182205,upper,0.1
500,phase2,upper,-15.0,2,-14.991792932328215,-18.012915073811513,-19.2561211043952,-7.447038007854386,-3.318766945802102,0.0013058832236832816,upper,0.1
501,phase2,upper,-15.0,2,-14.990912817905265,-18.012915073811513,-19.2561211043952,-7.447038007854386,-3.318766945802102,0.00042023699250417714,upper,0.1
502,phase2,upper,-15.0,2,-14.990896048391376,-18.012915073811513,-19.2561211043952,-7.447038007854386,-3.318766945802102,-3.416939637206274e-05,upper,0.1
503,phase2,upper,-15.0,2,-14.991327933073391,-18.012915073811513,-19.2561211043952,-7.447038007854386,-3.318766945802102,-0.0002537596522057604,upper,0.1
504,phase2,upper,-15.0,2,-14.991978170053066,-18.012915073811513,-19.2561211043952,-7.447038007854386,-3.318766945802102,-0.0003465374410368701,upper,0.1
505,phase2,upper,-15.0,2,-14.99271879558171,-18.012915073811513,-19.2561211043952,-7.447038007854386,-3.318766945802102,-0.0003718714796619549,upper,0.1
506,phase2,upper,-15.0,2,-14.993478911196794,-18.012915073811513,-19.2561211043952,-7.447038007854386,-3.318766945802102,-0.0003623643420781525,upper,0.1
507,phase2,upper,-15.0,2,-14.994219642290258,-18.012915073811513,-19.2561211043952,-7.447038007854386,-3.318766945802102,-0.00033587690501103886,upper,0.1
508,phase2,upper,-15.0,2,-14.99492023539005,-18.012915073811513,-19.2561211043952,-7.447038007854386,-3.318766945802102,-0.0003021430650722921,upper,0.1
509,phase2,upper,-15.0,2,-14.995570296362404,-18.012915073811513,-19.2561211043952,-7.447038007854386,-3.318766945802102,-0.00026641114094282326,upper,0.1
510,phase2,upper,-15.0,2,-14.9961654215134,-18.012915073811513,-19.2561211043952,-7.447038007854386,-3.318766945802102,-0.00023145060701660675,upper,0.1
511,phase2,upper,-15.0,2,-14.996704709682954,-18.012915073811513,-19.2561211043952,-7.447038007854386,-3.318766945802102,-0.0001986597159445309,upper,0.1
512,phase2,upper,-15.0,2,-14.9971893226752,-18.012915073811513,-19.2561211043952,-7.447038007854386,-3.318766945802102,-0.00016867823801354072,upper,0.1
513,phase2,upper,-15.0,2,-14.997621634698264,-18.012915073811513,-19.2561211043952,-7.447038007854386,-3.318766945802102,-0.00014172751157409414,upper,0.1
514,phase2,upper,-15.0,2,-14.998004716750021,-18.012915073811513,-19.2561211043952,-7.447038007854386,-3.318766945802102,-0.00011779998350273204,upper,0.1
515,phase2,upper,-15.0,2,-14.998342014815316,-18.012915073811513,-19.2561211043952,-7.447038007854386,-3.318766945802102,-9.67654622027862e-05,upper,0.1
516,phase2,upper,-15.0,2,-14.998637142936524,-18.012915073811513,-19.2561211043952,-7.447038007854386,-3.318766945802102,-7.843110354972735e-05,upper,0.1
517,phase2,upper,-15.0,2,-14.998893746536806,-18.012915073811513,-19.2561211043952,-7.447038007854386,-3.318766945802102,-6.257554800579085e-05,upper,0.1
518,phase2,upper,-15.0,2,-14.999115410367912,-18.012915073811513,-19.2561211043952,-7.447038007854386,-3.318766945802102,-4.896849700760482e-05,upper,0.1
519,phase2,upper,-15.0,2,-14.999305596017999,-18.012915073811513,-19.2561211043952,-7.447038007854386,-3.318766945802102,-3.738199224624855e-05,upper,0.1
520,phase2,upper,-15.0,2,-14.99946759983822,-18.012915073811513,-19.2561211043952,-7.447038007854386,-3.318766945802102,-2.7596893212689574e-05,upper,0.1
521,phase2,upper,-15.0,2,-14.999604525510636,-18.012915073811513,-19.2561211043952,-7.447038007854386,-3.318766945802102,-1.9406520360476866e-05,upper,0.1
522,phase2,upper,-15.0,2,-14.999719267427931,-18.012915073811513,-19.2561211043952,-7.447038007854386,-3.318766945802102,-1.2618585250231351e-05,upper,0.1
523,phase2,upper,-15.0,2,-14.999814502216,-18.012915073811513,-19.2561211043952,-7.447038007854386,-3.318766945802102,-7.056058413887796e-06,upper,0.1
524,phase2,upper,-15.0,2,-14.99989268644922,-18.012915073811513,-19.2561211043952,-7.447038007854386,-3.318766945802102,-2.5573618844129926e-06,upper,0.1
525,phase2,upper,-15.0,2,-14.999956059075775,-18.012915073811513,-19.2561211043952,-7.447038007854386,-3.318766945802102,1.023876230578316e-06,upper,0.1
526,phase2,upper,-15.0,2,-15.000006647391615,-18.012915073811513,-19.2561211043952,-7.447038007854386,-3.318766945802102,3.819354026544085e-06,upper,0.1
527,phase2,upper,-15.0,2,-15.000046275635171,-18.012915073811513,-19.2561211043952,-7.447038007854386,-3.318766945802102,5.94681481755778e-06,upper,0.1
528,phase2,upper,-15.0,2,-15.0000765754531,-18.012915073811513,-19.2561211043952,-7.447038007854386,-3.318766945802102,7.510883929527998e-06,upper,0.1
529,phase2,upper,-15.0,2,-15.000098997628909,-18.012915073811513,-19.2561211043952,-7.447038007854386,-3.318766945802102,8.60397413941532e-06,upper,0.1
530,phase2,upper,-15.0,2,-15.00011482458182,-18.012915073811513,-19.2561211043952,-7.447038007854386,-3.318766945802102,9.307223862860948e-06,upper,0.1
531,phase2,upper,-15.0,2,-15.000125183239366,-18.012915073811513,-19.2561211043952,-7.447038007854386,-3.318766945802102,9.691441459386238e-06,upper,0.1
532,phase2,upper,-15.0,2,-15.00013105796779,-18.012915073811513,-19.2561211043952,-7.447038007854386,-3.318766945802102,9.818035812434827e-06,upper,0.1
533,phase2,upper,-15.0,2,-15.000133303312369,-18.012915073811513,-19.2561211043952,-7.447038007854386,-3.318766945802102,9.7399184947413e-06,upper,0.1
534,phase2,upper,-15.0,2,-15.000132656357033,-18.012915073811513,-19.2561211043952,-7.447038007854386,-3.318766945802102,9.502366851504318e-06,upper,0.1
535,phase2,upper,-15.0,2,-15.000129748560816,-18.012915073811513,-19.2561211043952,-7.447038007854386,-3.318766945802102,9.14384052375063e-06,upper,0.1
536,phase2,upper,-15.0,2,-15.000125116968857,-18.012915073811513,-19.2561211043952,-7.447038007854386,-3.318766945802102,8.696746487179731e-06,upper,0.1
537,phase2,upper,-15.0,2,-15.000119214729056,-18.012915073811513,-19.2561211043952,-7.447038007854386,-3.318766945802102,8.188149727761644e-06,upper,0.1
538,phase2,upper,-15.0,2,-15.000112420872862,-18.012915073811513,-19.2561211043952,-7.447038007854386,-3.318766945802102,7.640428308789765e-06,upper,0.1
539,phase2,upper,-15.0,2,-15.000105049340906,-18.012915073811513,-19.2561211043952,-7.447038007854386,-3.318766945802102,7.0718728741541436e-06,upper,0.1
540,phase2,upper,-15.0,2,-15.000097357252017,-18.012915073811513,-19.2561211043952,-7.447038007854386,-3.318766945802102,6.49723163839012e-06,upper,0.1
541,phase2,upper,-15.0,2,-15.000089552428172,-18.012915073811513,-19.2561211043952,-7.447038007854386,-3.318766945802102,5.928202679875668e-06,upper,0.1
542,phase2,upper,-15.0,2,-15.000081800198682,-18.012915073811513,-19.2561211043952,-7.447038007854386,-3.318766945802102,5.373875921234676e-06,upper,0.1
543,phase2,upper,-15.0,2,-15.00007422951501,-18.012915073811513,-19.2561211043952,-7.447038007854386,-3.318766945802102,4.84112758096962e-06,upper,0.1
544,phase2,upper,-15.0,2,-15.0000669384133,-18.012915073811513,-19.2561211043952,-7.447038007854386,-3.318766945802102,4.334970145246159e-06,upper,0.1
545,phase2,upper,-15.0,2,-15.00005999886561,-18.012915073811513,-19.2561211043952,-7.447038007854386,-3.318766945802102,3.858861059762405e-06,upper,0.1
546,phase2,upper,-15.0,2,-15.000053461063056,-18.012915073811513,-19.2561211043952,-7.447038007854386,-3.318766945802102,3.4149734035522436e-06,upper,0.1
547,phase2,upper,-15.0,2,-15.00004735717516,-18.012915073811513,-19.2561211043952,-7.447038007854386,-3.318766945802102,3.0044317944599363e-06,upper,0.1
548,phase2,upper,-15.0,2,-15.00004170462961,-18.012915073811513,-19.2561211043952,-7.447038007854386,-3.318766945802102,2.6275167099629784e-06,upper,0.1
549,phase2,upper,-15.0,2,-15.000036508955892,-18.012915073811513,-19.2561211043952,-7.447038007854386,-3.318766945802102,2.283840295159605e-06,upper,0.1
550,phase2,upper,-15.0,2,-15.000031766234805,-18.012915073811513,-19.2561211043952,-7.447038007854386,-3.318766945802102,1.9724965874862644e-06,upper,0.1
551,phase2,upper,-15.0,2,-15.000027465193998,-18.012915073811513,-19.2561211043952,-7.447038007854386,-3.318766945802102,1.6921889229727218e-06,upper,0.1
552,phase2,upper,-15.0,2,-15.00002358898749,-18.012915073811513,-19.2561211043952,-7.447038007854386,-3.318766945802102,1.4413371092276275e-06,upper,0.1
553,phase2,upper,-15.0,2,-15.000020116694685,-18.012915073811513,-19.2561211043952,-7.447038007854386,-3.318766945802102,1.2181667616939678e-06,upper,0.1
554,phase2,upper,-15.0,2,-15.000017024571887,-18.012915073811513,-19.2561211043952,-7.447038007854386,-3.318766945802102,1.0207830097196696e-06,upper,0.1
555,phase2,upper,-15.0,2,-15.000014287086701,-18.012915073811513,-19.2561211043952,-7.447038007854386,-3.318766945802102,8.4723058849741e-07,upper,0.1
556,phase2,upper,-15.0,2,-15.000011877763141,-18.012915073811513,-19.2561211043952,-7.447038007854386,-3.318766945802102,6.955421465387462e-07,upper,0.1
557,phase2,upper,-15.0,2,-15.000009769862709,-18.012915073811513,-19.2561211043952,-7.447038007854386,-3.318766945802102,5.637764210751821e-07,upper,0.1
558,phase2,upper,-15.0,2,-15.0000079369243,-18.012915073811513,-19.2561211043952,-7.447038007854386,-3.318766945802102,4.500477608720935e-07,upper,0.1
559,phase2,upper,-15.0,2,-15.000006353183378,-18.012915073811513,-19.2561211043952,-7.447038007854386,-3.318766945802102,3.525483173908702e-07,upper,0.1
560,phase2,upper,-15.0,2,-15.000004993888744,-18.012915073811513,-19.2561211043952,-7.447038007854386,-3.318766945802102,2.6956407351341594e-07,upper,0.1
561,phase2,upper,-15.0,2,-15.0000038355331,-18.012915073811513,-19.2561211043952,-7.447038007854386,-3.318766945802102,1.9948574023131358e-07,upper,0.1
562,phase2,upper,-15.0,2,-15.0000028560117,-18.012915073811513,-19.2561211043952,-7.447038007854386,-3.318766945802102,1.4081542445687955e-07,upper,0.1
563,phase2,upper,-15.0,2,-15.000002034721637,-18.012915073811513,-19.2561211043952,-7.447038007854386,-3.318766945802102,9.216985280266828e-08,upper,0.1
564,phase2,upper,-15.0,2,-15.000001352612708,-18.012915073811513,-19.2561211043952,-7.447038007854386,-3.318766945802102,5.2280831497125926e-08,upper,0.1
565,phase2,upper,-15.0,2,-15.000000792199268,-18.012915073811513,-19.2561211043952,-7.447038007854386,-3.318766945802102,1.999352635008106e-08,upper,0.1
566,phase2,upper,-15.0,2,-15.000000337541257,-18.012915073811513,-19.2561211043952,-7.447038007854386,-3.318766945802102,-5.73693944087616e-09,upper,0.1
567,phase2,upper,-15.0,2,-14.999999974201343,-18.012915073811513,-19.2561211043952,-7.447038007854386,-3.318766945802102,-2.5850147127039325e-08,upper,0.1
568,phase2,upper,-15.0,2,-14.999999689184051,-18.012915073811513,-19.2561211043952,-7.447038007854386,-3.318766945802102,-4.118595001550216e-08,upper,0.1
569,phase2,upper,-15.0,2,-14.999999470861875,-18.012915073811513,-19.2561211043952,-7.447038007854386,-3.318766945802102,-5.2490651871279895e-08,upper,0.1
570,phase2,upper,-15.0,2,-14.999999308892457,-18.012915073811513,-19.2561211043952,-7.447038007854386,-3.318766945802102,-6.042355356458938e-08,upper,0.1
571,phase2,upper,-15.0,2,-14.999999194130288,-18.012915073811513,-19.2561211043952,-7.447038007854386,-3.318766945802102,-6.55636705526073e-08,upper,0.1
572,phase2,upper,-15.0,2,-14.999999118535667,-18.012915073811513,-19.2561211043952,-7.447038007854386,-3.318766945802102,-6.841646317749739e-08,upper,0.1
573,phase2,upper,-15.0,2,-14.999999075083169,-18.012915073811513,-19.2561211043952,-7.447038007854386,-3.318766945802102,-6.94204552081624e-08,upper,0.1
574,phase2,upper,-15.0,2,-14.999999057671388,-18.012915073811513,-19.2561211043952,-7.447038007854386,-3.318766945802102,-6.895364506611912e-08,upper,0.1
575,phase2,upper,-15.0,2,-14.999999061035298,-18.012915073811513,-19.2561211043952,-7.447038007854386,-3.318766945802102,-6.733963783002165e-08,upper,0.1
576,phase2,upper,-15.0,2,-14.999999080662265,-18.012915073811513,-19.2561211043952,-7.447038007854386,-3.318766945802102,-6.485344722959348e-08,upper,0.1
577,phase2,upper,-15.0,2,-14.999999112712453,-18.012915073811513,-19.2561211043952,-7.447038007854386,-3.318766945802102,-6.172693344034824e-08,upper,0.1
578,phase2,upper,-15.0,2,-14.999999153944113,-18.012915073811513,-19.2561211043952,-7.447038007854386,-3.318766945802102,-5.8153856025795726e-08,upper,0.1
579,phase2,upper,-15.0,2,-14.999999201644057,-18.012915073811513,-19.2561211043952,-7.447038007854386,-3.318766945802102,-5.429453338050255e-08,upper,0.1
580,phase2,lower,-20.0,4,-14.999999201644057,-18.38723572573496,-19.426279391772432,-7.373612275964476,-3.2555078945672036,0.010082619105487411,upper,0.1
581,phase2,lower,-20.0,4,-14.999999201644057,-18.732065735143767,-19.56021480913819,-7.286321315960522,-3.1884319215077985,0.01607371297243772,upper,0.1
582,phase2,upper,-15.0,2,-14.985532863023208,-18.732065735143767,-19.56021480913819,-7.286321315960522,-3.1884319215077985,0.007876095680707157,upper,0.1
583,phase2,upper,-15.0,2,-14.978878377670329,-18.732065735143767,-19.56021480913819,-7.286321315960522,-3.1884319215077985,0.003464332842620924,upper,0.1
584,phase2,upper,-15.0,2,-14.976476722693437,-18.732065735143767,-19.56021480913819,-7.286321315960522,-3.1884319215077985,0.0011283364353260827,upper,0.1
585,phase2,upper,-15.0,2,-14.976358307380565,-18.732065735143767,-19.56021480913819,-7.286321315960522,-3.1884319215077985,-7.207559278428683e-05,upper,0.1
586,phase2,upper,-15.0,2,-14.977430764615958,-18.732065735143767,-19.56021480913819,-7.286321315960522,-3.1884319215077985,-0.0006538847908775874,upper,0.1
587,phase2,upper,-15.0,2,-14.979087008082898,-18.732065735143767,-19.56021480913819,-7.286321315960522,-3.1884319215077985,-0.0009013833650878323,upper,0.1
588,phase2,upper,-15.0,2,-14.980989317473272,-18.732065735143767,-19.56021480913819,-7.286321315960522,-3.1884319215077985,-0.0009708718138445372,upper,0.1
589,phase2,upper,-15.0,2,-14.98295020490125,-18.732065735143767,-19.56021480913819,-7.286321315960522,-3.1884319215077985,-0.0009482084129890395,upper,0.1
590,phase2,upper,-15.0,2,-14.984866519771128,-18.732065735143767,-19.56021480913819,-7.286321315960522,-3.1884319215077985,-0.000880452518490316,upper,0.1
591,phase2,upper,-15.0,2,-14.986682864237206,-18.732065735143767,-19.56021480913819,-7.286321315960522,-3.1884319215077985,-0.000793271792977076,upper,0.1
592,phase2,upper,-15.0,2,-14.988371167499109,-18.732065735143767,-19.56021480913819,-7.286321315960522,-3.1884319215077985,-0.0007005249731023974,upper,0.1
593,phase2,upper,-15.0,2,-14.9899191875962,-18.732065735143767,-19.56021480913819,-7.286321315960522,-3.1884319215077985,-0.0006095429259300051,upper,0.1
594,phase2,upper,-15.0,2,-14.991323962263088,-18.732065735143767,-19.56021480913819,-7.286321315960522,-3.1884319215077985,-0.0005240436628002481,upper,0.1
595,phase2,upper,-15.0,2,-14.992588017874391,-18.732065735143767,-19.56021480913819,-7.286321315960522,-3.1884319215077985,-0.0004457450585489864,upper,0.1
596,phase2,upper,-15.0,2,-14.993717127917884,-18.732065735143767,-19.56021480913819,-7.286321315960522,-3.1884319215077985,-0.00037525998828532914,upper,0.1
597,phase2,upper,-15.0,2,-14.994718952570906,-18.732065735143767,-19.56021480913819,-7.286321315960522,-3.1884319215077985,-0.0003125953970023092,upper,0.1
598,phase2,upper,-15.0,2,-14.995602188108116,-18.732065735143767,-19.56021480913819,-7.286321315960522,-3.1884319215077985,-0.0002574321962123075,upper,0.1
599,phase2,upper,-15.0,2,-14.99637601851856,-18.732065735143767,-19.56021480913819,-7.286321315960522,-3.1884319215077985,-0.00020928340385363353,upper,0.1
600,phase2,upper,-15.0,2,-14.997049751997448,-18.732065735143767,-19.56021480913819,-7.286321315960522,-3.1884319215077985,-0.00016758425494374184,upper,0.1
601,phase2,upper,-15.0,2,-14.99763257493936,-18.732065735143767,-19.56021480913819,-7.286321315960522,-3.1884319215077985,-0.00013174398487741912,upper,0.1
602,phase2,upper,-15.0,2,-14.998133383842896,-18.732065735143767,-19.56021480913819,-7.286321315960522,-3.1884319215077985,-0.00010117576586582323,upper,0.1
603,phase2,upper,-15.0,2,-14.998560671110472,-18.732065735143767,-19.56021480913819,-7.286321315960522,-3.1884319215077985,-7.531399294070975e-05,upper,0.1
604,phase2,upper,-15.0,2,-14.998922449567761,-18.732065735143767,-19.56021480913819,-7.286321315960522,-3.1884319215077985,-5.3624095498865516e-05,upper,0.1
605,phase2,lower,-20.0,4,-14.998922449567761,-19.06492890422916,-19.67271926799844,-7.195562917924062,-3.124767094692964,0.016625340161721004,upper,0.1
606,phase2,upper,-15.0,2,-14.984215137812532,-19.06492890422916,-19.67271926799844,-7.195562917924062,-3.124767094692964,0.008137084661404854,upper,0.1
607,phase2,lower,-20.0,4,-14.984215137812532,-19.368384564410825,-19.753787609476085,-7.094248897688503,-3.058914791457714,0.021368474658752752,upper,0.1
608,phase2,upper,-15.0,2,-14.965654464169138,-19.368384564410825,-19.753787609476085,-7.094248897688503,-3.058914791457714,0.010057392536618255,upper,0.1
609,phase2,upper,-15.0,2,-14.957892486909264,-19.368384564410825,-19.753787609476085,-7.094248897688503,-3.058914791457714,0.0040138271100945665,upper,0.1
610,phase2,upper,-15.0,2,-14.955961609538067,-19.368384564410825,-19.753787609476085,-7.094248897688503,-3.058914791457714,0.0008548909237341118,upper,0.1
611,phase2,upper,-15.0,2,-14.957112312101648,-19.368384564410825,-19.753787609476085,-7.094248897688503,-3.058914791457714,-0.0007294457656834652,upper,0.1
612,phase2,lower,-20.0,4,-14.957112312101648,-19.657581370106467,-19.81619917134647,-6.991263744981559,-2.996953071985006,0.021488741775793352,upper,0.1
613,phase2,upper,-15.0,2,-14.939823836797611,-19.657581370106467,-19.81619917134647,-6.991263744981559,-2.996953071985006,0.009427478139664169,upper,0.1
614,phase2,upper,-15.0,2,-14.934044680806128,-19.657581370106467,-19.81619917134647,-6.991263744981559,-2.996953071985006,0.003057681082443128,upper,0.1
615,phase2,upper,-15.0,2,-14.93438658134812,-19.657581370106467,-19.81619917134647,-6.991263744981559,-2.996953071985006,-0.00020195262896186114,upper,0.1
616,phase2,upper,-15.0,2,-14.937869033073241,-19.657581370106467,-19.81619917134647,-6.991263744981559,-2.996953071985006,-0.0017702968554328294,upper,0.1
617,phase2,upper,-15.0,2,-14.942842655943606,-19.657581370106467,-19.81619917134647,-6.991263744981559,-2.996953071985006,-0.002427142453922117,upper,0.1
618,phase2,upper,-15.0,2,-14.948396149970598,-19.657581370106467,-19.81619917134647,-6.991263744981559,-2.996953071985006,-0.0026008042004519306,upper,0.1
619,phase2,upper,-15.0,2,-14.954029131777183,-19.657581370106467,-19.81619917134647,-6.991263744981559,-2.996953071985006,-0.002526206336747516,upper,0.1
620,phase2,upper,-15.0,2,-14.959471231654787,-19.657581370106467,-19.81619917134647,-6.991263744981559,-2.996953071985006,-0.0023318008759830445,upper,0.1
621,phase2,upper,-15.0,2,-14.964581714776644,-19.657581370106467,-19.81619917134647,-6.991263744981559,-2.996953071985006,-0.0020873778695755696,upper,0.1
622,phase2,upper,-15.0,2,-14.969293494068845,-19.657581370106467,-19.81619917134647,-6.991263744981559,-2.996953071985006,-0.001830381183930291,upper,0.1
623,phase2,upper,-15.0,2,-14.973581666910462,-19.657581370106467,-19.81619917134647,-6.991263744981559,-2.996953071985006,-0.0015804072782133194,upper,0.1
624,phase2,upper,-15.0,2,-14.977445644453017,-19.657581370106467,-19.81619917134647,-6.991263744981559,-2.996953071985006,-0.0013472045697159618,upper,0.1
625,phase2,upper,-15.0,2,-14.980898853190665,-19.657581370106467,-19.81619917134647,-6.991263744981559,-2.996953071985006,-0.0011350956893290732,upper,0.1
626,phase2,upper,-15.0,2,-14.983962687607944,-19.657581370106467,-19.81619917134647,-6.991263744981559,-2.996953071985006,-0.000945428945331937,upper,0.1
627,phase2,upper,-15.0,2,-14.986662876884745,-19.657581370106467,-19.81619917134647,-6.991263744981559,-2.996953071985006,-0.0007779422646340623,upper,0.1
628,phase2,upper,-15.0,2,-14.989027245233217,-19.657581370106467,-19.81619917134647,-6.991263744981559,-2.996953071985006,-0.0006315255752012527,upper,0.1
629,phase2,upper,-15.0,2,-14.991084295237526,-19.657581370106467,-19.81619917134647,-6.991263744981559,-2.996953071985006,-0.000504649246055734,upper,0.1
630,phase2,lower,-20.0,4,-14.991084295237526,-19.92389733455192,-19.855806238368473,-6.883529847930998,-2.936099395789964,0.02358732360130438,upper,0.1
631,phase2,upper,-15.0,2,-14.97117951622143,-19.92389733455192,-19.855806238368473,-6.883529847930998,-2.936099395789964,0.011409460522021884,upper,0.1
632,phase2,upper,-15.0,2,-14.962731809246609,-19.92389733455192,-19.855806238368473,-6.883529847930998,-2.936099395789964,0.004889893816983487,upper,0.1
633,phase2,upper,-15.0,2,-14.960432972881568,-19.92389733455192,-19.855806238368473,-6.883529847930998,-2.936099395789964,0.001467188374042158,upper,0.1
634,phase2,upper,-15.0,2,-14.961355622679614,-19.92389733455192,-19.855806238368473,-6.883529847930998,-2.936099395789964,-0.00026620777015071736,upper,0.1
635,phase2,upper,-15.0,2,-14.963885553719816,-19.92389733455192,-19.855806238368473,-6.883529847930998,-2.936099395789964,-0.0010836421627493636,upper,0.1
636,phase2,upper,-15.0,2,-14.967134202356625,-19.92389733455192,-19.855806238368473,-6.883529847930998,-2.936099395789964,-0.0014098146860225922,upper,0.1
637,phase2,upper,-15.0,2,-14.97061499925936,-19.92389733455192,-19.855806238368473,-6.883529847930998,-2.936099395789964,-0.001477706393773995,upper,0.1
638,phase2,upper,-15.0,2,-14.974064821961422,-19.92389733455192,-19.855806238368473,-6.883529847930998,-2.936099395789964,-0.0014148363298785154,upper,0.1
639,phase2,upper,-15.0,2,-14.977345273098807,-19.92389733455192,-19.855806238368473,-6.883529847930998,-2.936099395789964,-0.0012906862831533067,upper,0.1
640,phase2,upper,-15.0,2,-14.980387912363412,-19.92389733455192,-19.855806238368473,-6.883529847930998,-2.936099395789964,-0.001142786140901779,upper,0.1
641,phase2,upper,-15.0,2,-14.98316372350087,-19.92389733455192,-19.855806238368473,-6.883529847930998,-2.936099395789964,-0.0009910705131814764,upper,0.1
642,phase2,upper,-15.0,2,-14.985665972699296,-19.92389733455192,-19.855806238368473,-6.883529847930998,-2.936099395789964,-0.0008457871301419813,upper,0.1
643,phase2,upper,-15.0,2,-14.9879004912817,-19.92389733455192,-19.855806238368473,-6.883529847930998,-2.936099395789964,-0.0007118585979159642,upper,0.1
644,phase2,upper,-15.0,2,-14.989880095546999,-19.92389733455192,-19.855806238368473,-6.883529847930998,-2.936099395789964,-0.000591292137082053,upper,0.1
645,phase2,upper,-15.0,2,-14.991621329748387,-19.92389733455192,-19.855806238368473,-6.883529847930998,-2.936099395789964,-0.00048451386573902886,upper,0.1
646,phase2,upper,-15.0,2,-14.993142528331298,-19.92389733455192,-19.855806238368473,-6.883529847930998,-2.936099395789964,-0.0003911096524234015,upper,0.1
647,phase2,upper,-15.0,2,-14.994462639404418,-19.92389733455192,-19.855806238368473,-6.883529847930998,-2.936099395789964,-0.00031023776501403844,upper,0.1
648,phase2,upper,-15.0,2,-14.995600497092173,-19.92389733455192,-19.855806238368473,-6.883529847930998,-2.936099395789964,-0.00024085938979247974,upper,0.1
649,phase2,upper,-15.0,2,-14.996574366068561,-19.92389733455192,-19.855806238368473,-6.883529847930998,-2.936099395789964,-0.0001818675909313939,upper,0.1
650,phase2,lower,-20.0,4,-14.996574366068561,-20.167251905765415,-19.87435471631006,-6.772078622064816,-2.876713107546705,0.02535347527923657,upper,0.1
651,phase2,upper,-15.0,2,-14.974419848142452,-20.167251905765415,-19.87435471631006,-6.772078622064816,-2.876713107546705,0.01238015875315111,upper,0.1
652,phase2,upper,-15.0,2,-14.964545310761913,-20.167251905765415,-19.87435471631006,-6.772078622064816,-2.876713107546705,0.0054129577280743486,upper,0.1
653,phase2,upper,-15.0,2,-14.961312024357822,-20.167251905765415,-19.87435471631006,-6.772078622064816,-2.876713107546705,0.0017361624092196435,upper,0.1
654,phase2,upper,-15.0,2,-14.961605111521385,-20.167251905765415,-19.87435471631006,-6.772078622064816,-2.876713107546705,-0.00014291268888021126,upper,0.1
655,phase2,upper,-15.0,2,-14.963702097848298,-20.167251905765415,-19.87435471631006,-6.772078622064816,-2.876713107546705,-0.0010447210302869745,upper,0.1
656,phase2,upper,-15.0,2,-14.966650274795764,-20.167251905765415,-19.87435471631006,-6.772078622064816,-2.876713107546705,-0.0014201368475728693,upper,0.1
657,phase2,upper,-15.0,2,-14.969923725984993,-20.167251905765415,-19.87435471631006,-6.772078622064816,-2.876713107546705,-0.0015167792890606745,upper,0.1
658,phase2,upper,-15.0,2,-14.973234117180148,-20.167251905765415,-19.87435471631006,-6.772078622064816,-2.876713107546705,-0.001470433986939874,upper,0.1
659,phase2,upper,-15.0,2,-14.976426072161285,-20.167251905765415,-19.87435471631006,-6.772078622064816,-2.876713107546705,-0.0013553183428358978,upper,0.1
660,phase2,upper,-15.0,2,-14.979419118533308,-20.167251905765415,-19.87435471631006,-6.772078622064816,-2.876713107546705,-0.0012117304354385414,upper,0.1
661,phase2,upper,-15.0,2,-14.982175307515424,-20.167251905765415,-19.87435471631006,-6.772078622064816,-2.876713107546705,-0.0010612675142456663,upper,0.1
662,phase2,upper,-15.0,2,-14.98468101769627,-20.167251905765415,-19.87435471631006,-6.772078622064816,-2.876713107546705,-0.0009152106088955148,upper,0.1
663,phase2,upper,-15.0,2,-14.986936620854943,-20.167251905765415,-19.87435471631006,-6.772078622064816,-2.876713107546705,-0.0007791504425107088,upper,0.1
664,phase2,upper,-15.0,2,-14.988950527945821,-20.167251905765415,-19.87435471631006,-6.772078622064816,-2.876713107546705,-0.0006555446388463245,upper,0.1
665,phase2,upper,-15.0,2,-14.990735694340081,-20.167251905765415,-19.87435471631006,-6.772078622064816,-2.876713107546705,-0.0005451351749232197,upper,0.1
666,phase2,upper,-15.0,2,-14.992307521746165,-20.167251905765415,-19.87435471631006,-6.772078622064816,-2.876713107546705,-0.00044773688813120883,upper,0.1
667,phase2,upper,-15.0,2,-14.993682566506495,-20.167251905765415,-19.87435471631006,-6.772078622064816,-2.876713107546705,-0.0003626780823082861,upper,0.1
668,phase2,upper,-15.0,2,-14.994877724118087,-20.167251905765415,-19.87435471631006,-6.772078622064816,-2.876713107546705,-0.00028904800475979876,upper,0.1
669,phase2,lower,-20.0,4,-14.994877724118087,-20.388222330024163,-19.87390098301324,-6.658122329357776,-2.8192731090213856,0.02667703927023933,upper,0.1
670,phase2,upper,-15.0,2,-14.97164022484971,-20.388222330024163,-19.87390098301324,-6.658122329357776,-2.8192731090213856,0.012987546212695315,upper,0.1
671,phase2,upper,-15.0,2,-14.96136124451129,-20.388222330024163,-19.87390098301324,-6.658122329357776,-2.8192731090213856,0.005639987402482583,upper,0.1
672,phase2,upper,-15.0,2,-14.958085431254538,-20.388222330024163,-19.87390098301324,-6.658122329357776,-2.8192731090213856,0.0017664469490485802,upper,0.1
673,phase2,upper,-15.0,2,-14.958523041275484,-20.388222330024163,-19.87390098301324,-6.658122329357776,-2.8192731090213856,-0.00020941095257212224,upper,0.1
674,phase2,upper,-15.0,2,-14.960855020839375,-20.388222330024163,-19.87390098301324,-6.658122329357776,-2.8192731090213856,-0.001154004254903919,upper,0.1
675,phase2,upper,-15.0,2,-14.964075422687653,-20.388222330024163,-19.87390098301324,-6.658122329357776,-2.8192731090213856,-0.0015434496380238453,upper,0.1
676,phase2,upper,-15.0,2,-14.967629166000199,-20.388222330024163,-19.87390098301324,-6.658122329357776,-2.8192731090213856,-0.0016392101645528723,upper,0.1
677,phase2,upper,-15.0,2,-14.971212183935089,-20.388222330024163,-19.87390098301324,-6.658122329357776,-2.8192731090213856,-0.0015846424098137188,upper,0.1
678,phase2,upper,-15.0,2,-14.974660903476154,-20.388222330024163,-19.87390098301324,-6.658122329357776,-2.8192731090213856,-0.0014580805392552174,upper,0.1
679,phase2,upper,-15.0,2,-14.977890910491903,-20.388222330024163,-19.87390098301324,-6.658122329357776,-2.8192731090213856,-0.0013020362522126556,upper,0.1
680,phase2,upper,-15.0,2,-14.98086273236623,-20.388222330024163,-19.87390098301324,-6.658122329357776,-2.8192731090213856,-0.0011392714165669334,upper,0.1
681,phase2,upper,-15.0,2,-14.983562603664959,-20.388222330024163,-19.87390098301324,-6.658122329357776,-2.8192731090213856,-0.0009816535909873152,upper,0.1
682,phase2,upper,-15.0,2,-14.985991538093636,-20.388222330024163,-19.87390098301324,-6.658122329357776,-2.8192731090213856,-0.0008350419919241222,upper,0.1
683,phase2,upper,-15.0,2,-14.988159029207505,-20.388222330024163,-19.87390098301324,-6.658122329357776,-2.8192731090213856,-0.000701988634331396,upper,0.1
684,phase2,upper,-15.0,2,-14.990079350860265,-20.388222330024163,-19.87390098301324,-6.658122329357776,-2.8192731090213856,-0.000583235685229632,upper,0.1
685,phase2,upper,-15.0,2,-14.99176933485807,-20.388222330024163,-19.87390098301324,-6.658122329357776,-2.8192731090213856,-0.0004785484906557524,upper,0.1
686,phase2,upper,-15.0,2,-14.993247002073224,-20.388222330024163,-19.87390098301324,-6.658122329357776,-2.8192731090213856,-0.00038718109305844984,upper,0.1
687,phase2,upper,-15.0,2,-14.994530698044485,-20.388222330024163,-19.87390098301324,-6.658122329357776,-2.8192731090213856,-0.0003081377045261041,upper,0.1
688,phase2,upper,-15.0,2,-14.995638535748984,-20.388222330024163,-19.87390098301324,-6.658122329357776,-2.8192731090213856,-0.00024032029454494977,upper,0.1
689,phase2,upper,-15.0,2,-14.996588032203748,-20.388222330024163,-19.87390098301324,-6.658122329357776,-2.8192731090213856,-0.0001826121347867752,upper,0.1
690,phase2,upper,-15.0,2,-14.997395872292474,-20.388222330024163,-19.87390098301324,-6.658122329357776,-2.8192731090213856,-0.00013392495486540737,upper,0.1
691,phase2,upper,-15.0,2,-14.99807775944363,-20.388222330024163,-19.87390098301324,-6.658122329357776,-2.8192731090213856,-9.322513684977606e-05,upper,0.1
692,phase2,upper,-15.0,2,-14.99864832770019,-20.388222330024163,-19.87390098301324,-6.658122329357776,-2.8192731090213856,-5.95476267419513e-05,upper,0.1
693,phase2,upper,-15.0,2,-14.999121098369944,-20.388222330024163,-19.87390098301324,-6.658122329357776,-2.8192731090213856,-3.200250358610161e-05,upper,0.1
694,phase2,upper,-15.0,2,-14.99950846960555,-20.388222330024163,-19.87390098301324,-6.658122329357776,-2.8192731090213856,-9.777067244795247e-06,upper,0.1
695,phase2,upper,-15.0,2,-14.9998217304632,-20.388222330024163,-19.87390098301324,-6.658122329357776,-2.8192731090213856,7.86485995830295e-06,upper,0.1
696,phase2,upper,-15.0,2,-15.000071093070495,-20.388222330024163,-19.87390098301324,-6.658122329357776,-2.8192731090213856,2.1585383588614137e-05,upper,0.1
697,phase2,upper,-15.0,2,-15.000265737963351,-20.388222330024163,-19.87390098301324,-6.658122329357776,-2.8192731090213856,3.1976086500974305e-05,upper,0.1
698,phase2,upper,-15.0,2,-15.000413868687549,-20.388222330024163,-19.87390098301324,-6.658122329357776,-2.8192731090213856,3.956224947040261e-05,upper,0.1
699,phase2,upper,-15.0,2,-15.000522772547821,-20.388222330024163,-19.87390098301324,-6.658122329357776,-2.8192731090213856,4.480745249862162e-05,upper,0.1
700,phase2,lower,-20.0,4,-15.000522772547821,-20.586749868615822,-19.855908212583323,-6.542420950130381,-2.763925349134535,0.0277940980365284,upper,0.1
701,phase2,upper,-15.0,2,-14.975624523483532,-20.586749868615822,-19.855908212583323,-6.542420950130381,-2.763925349134535,0.013645270739506346,upper,0.1
702,phase2,upper,-15.0,2,-14.964185287931905,-20.586749868615822,-19.855908212583323,-6.542420950130381,-2.763925349134535,0.00603065409711771,upper,0.1
703,phase2,upper,-15.0,2,-14.96006580352985,-20.586749868615822,-19.855908212583323,-6.542420950130381,-2.763925349134535,0.001998308531226398,upper,0.1
704,phase2,upper,-15.0,2,-14.959870102877035,-20.586749868615822,-19.855908212583323,-6.542420950130381,-2.763925349134535,-7.460478152757988e-05,upper,0.1
705,phase2,upper,-15.0,2,-14.961716040075368,-20.586749868615822,-19.855908212583323,-6.542420950130381,-2.763925349134535,-0.0010803618960912287,upper,0.1
706,phase2,upper,-15.0,2,-14.964558712148108,-20.586749868615822,-19.855908212583323,-6.542420950130381,-2.763925349134535,-0.0015095649538603875,upper,0.1
707,phase2,upper,-15.0,2,-14.96781776687953,-20.586749868615822,-19.855908212583323,-6.542420950130381,-2.763925349134535,-0.0016318852983830585,upper,0.1
708,phase2,upper,-15.0,2,-14.971171787340568,-20.586749868615822,-19.855908212583323,-6.542420950130381,-2.763925349134535,-0.0015954116574974446,upper,0.1
709,phase2,upper,-15.0,2,-14.974444581954154,-20.586749868615822,-19.855908212583323,-6.542420950130381,-2.763925349134535,-0.0014812749209911435,upper,0.1
710,phase2,upper,-15.0,2,-14.97754207164365,-20.586749868615822,-19.855908212583323,-6.542420950130381,-2.763925349134535,-0.0013336964492067288,upper,0.1
711,phase2,upper,-15.0,2,-14.980417069255047,-20.586749868615822,-19.855908212583323,-6.542420950130381,-2.763925349134535,-0.001176528738161813,upper,0.1
712,phase2,upper,-15.0,2,-14.983049467356308,-20.586749868615822,-19.855908212583323,-6.542420950130381,-2.763925349134535,-0.0010223700027254898,upper,0.1
713,phase2,upper,-15.0,2,-14.98543496628021,-20.586749868615822,-19.855908212583323,-6.542420950130381,-2.763925349134535,-0.0008775943477158979,upper,0.1
714,phase2,upper,-15.0,2,-14.987578560146556,-20.586749868615822,-19.855908212583323,-6.542420950130381,-2.763925349134535,-0.0007451339361684033,upper,0.1
715,phase2,upper,-15.0,2,-14.98949069463338,-20.586749868615822,-19.855908212583323,-6.542420950130381,-2.763925349134535,-0.0006260225693413372,upper,0.1
716,phase2,upper,-15.0,2,-14.991184942759958,-20.586749868615822,-19.855908212583323,-6.542420950130381,-2.763925349134535,-0.0005202557167004861,upper,0.1
717,phase2,upper,-15.0,2,-14.9926765579516,-20.586749868615822,-19.855908212583323,-6.542420950130381,-2.763925349134535,-0.0004272723641893108,upper,0.1
718,phase2,upper,-15.0,2,-14.99398154618097,-20.586749868615822,-19.855908212583323,-6.542420950130381,-2.763925349134535,-0.00034622684076082125,upper,0.1
719,phase2,upper,-15.0,2,-14.99511605484933,-20.586749868615822,-19.855908212583323,-6.542420950130381,-2.763925349134535,-0.0002761433604931166,upper,0.1
720,phase2,upper,-15.0,2,-14.996095962318416,-20.586749868615822,-19.855908212583323,-6.542420950130381,-2.763925349134535,-0.00021600454114384737,upper,0.1
721,phase2,upper,-15.0,2,-14.996936599959938,-20.586749868615822,-19.855908212583323,-6.542420950130381,-2.763925349134535,-0.0001648023357036038,upper,0.1
722,phase2,upper,-15.0,2,-14.997652565465842,-20.586749868615822,-19.855908212583323,-6.542420950130381,-2.763925349134535,-0.0001215672393572332,upper,0.1
723,phase2,upper,-15.0,2,-14.998257601413519,-20.586749868615822,-19.855908212583323,-6.542420950130381,-2.763925349134535,-8.538469440680678e-05,upper,0.1
724,phase2,upper,-15.0,2,-14.998764521900839,-20.586749868615822,-19.855908212583323,-6.542420950130381,-2.763925349134535,-5.540377424190953e-05,upper,0.1
725,phase2,upper,-15.0,2,-14.99918517531174,-20.586749868615822,-19.855908212583323,-6.542420950130381,-2.763925349134535,-3.0841091085927725e-05,upper,0.1
726,phase2,upper,-15.0,2,-14.99953043451445,-20.586749868615822,-19.855908212583323,-6.542420950130381,-2.763925349134535,-1.0981675413914029e-05,upper,0.1
727,phase2,lower,-20.0,4,-14.99953043451445,-20.763675586520442,-19.82233368008066,-6.42604916956441,-2.7110478786677232,0.02851715479331461,upper,0.1
728,phase2,upper,-15.0,2,-14.974134885074436,-20.763675586520442,-19.82233368008066,-6.42604916956441,-2.7110478786677232,0.013983608972814927,upper,0.1
729,phase2,upper,-15.0,2,-14.962547494758951,-20.763675586520442,-19.82233368008066,-6.42604916956441,-2.7110478786677232,0.006165822147316748,upper,0.1
730,phase2,upper,-15.0,2,-14.958459691785448,-20.763675586520442,-19.82233368008066,-6.42604916956441,-2.7110478786677232,0.0020292070212710673,upper,0.1
731,phase2,upper,-15.0,2,-14.958383016081852,-20.763675586520442,-19.82233368008066,-6.42604916956441,-2.7110478786677232,-9.443285061438251e-05,upper,0.1
732,phase2,upper,-15.0,2,-14.960385125298183,-20.763675586520442,-19.82233368008066,-6.42604916956441,-2.7110478786677232,-0.0011222408457754339,upper,0.1
733,phase2,upper,-15.0,2,-14.963394220162789,-20.763675586520442,-19.82233368008066,-6.42604916956441,-2.7110478786677232,-0.001558427226177689,upper,0.1
734,phase2,upper,-15.0,2,-14.966815890502051,-20.763675586520442,-19.82233368008066,-6.42604916956441,-2.7110478786677232,-0.0016800850107302778,upper,0.1
735,phase2,upper,-15.0,2,-14.970321731261098,-20.763675586520442,-19.82233368008066,-6.42604916956441,-2.7110478786677232,-0.001639326157751181,upper,0.1
736,phase2,upper,-15.0,2,-14.97373244663701,-20.763675586520442,-19.82233368008066,-6.42604916956441,-2.7110478786677232,-0.00151943891441092,upper,0.1
737,phase2,upper,-15.0,2,-14.976952973697776,-20.763675586520442,-19.82233368008066,-6.42604916956441,-2.7110478786677232,-0.0013657787855495345,upper,0.1
738,phase2,upper,-15.0,2,-14.979936282782967,-20.763675586520442,-19.82233368008066,-6.42604916956441,-2.7110478786677232,-0.0012027726579482874,upper,0.1
739,phase2,upper,-15.0,2,-14.982663019874302,-20.763675586520442,-19.82233368008066,-6.42604916956441,-2.7110478786677232,-0.0010432883659793456,upper,0.1
740,phase2,upper,-15.0,2,-14.985129929599312,-20.763675586520442,-19.82233368008066,-6.42604916956441,-2.7110478786677232,-0.0008938051854942806,upper,0.1
741,phase2,upper,-15.0,2,-14.987343170093418,-20.763675586520442,-19.82233368008066,-6.42604916956441,-2.7110478786677232,-0.000757273228468416,upper,0.1
742,phase2,upper,-15.0,2,-14.989314374652098,-20.763675586520442,-19.82233368008066,-6.42604916956441,-2.7110478786677232,-0.0006346995003715866,upper,0.1
743,phase2,upper,-15.0,2,-14.991058273830411,-20.763675586520442,-19.82233368008066,-6.42604916956441,-2.7110478786677232,-0.0005260312491011327,upper,0.1
744,phase2,upper,-15.0,2,-14.99259121910391,-20.763675586520442,-19.82233368008066,-6.42604916956441,-2.7110478786677232,-0.00043065055370962256,upper,0.1
745,phase2,upper,-15.0,2,-14.993930239702696,-20.763675586520442,-19.82233368008066,-6.42604916956441,-2.7110478786677232,-0.0003476530391602569,upper,0.1
746,phase2,upper,-15.0,2,-14.99509242451002,-20.763675586520442,-19.82233368008066,-6.42604916956441,-2.7110478786677232,-0.0002760060616204412,upper,0.1
747,phase2,upper,-15.0,2,-14.996094509615004,-20.763675586520442,-19.82233368008066,-6.42604916956441,-2.7110478786677232,-0.0002146390664360812,upper,0.1
748,phase2,upper,-15.0,2,-14.99695260143619,-20.763675586520442,-19.82233368008066,-6.42604916956441,-2.7110478786677232,-0.0001624953545780939,upper,0.1
749,phase2,upper,-15.0,2,-14.99768199298334,-20.763675586520442,-19.82233368008066,-6.42604916956441,-2.7110478786677232,-0.00011856156513494935,upper,0.1
750,phase2,upper,-15.0,2,-14.998297046520106,-20.763675586520442,-19.82233368008066,-6.42604916956441,-2.7110478786677232,-8.188404588291488e-05,upper,0.1
751,phase2,upper,-15.0,2,-14.998811124971283,-20.763675586520442,-19.82233368008066,-6.42604916956441,-2.7110478786677232,-5.1577333989930626e-05,upper,0.1
752,phase2,upper,-15.0,2,-14.999236559821208,-20.763675586520442,-19.82233368008066,-6.42604916956441,-2.7110478786677232,-2.6827772076525643e-05,upper,0.1
753,phase2,upper,-15.0,2,-14.999584646589545,-20.763675586520442,-19.82233368008066,-6.42604916956441,-2.7110478786677232,-6.894054069111918e-06,upper,0.1
754,phase2,upper,-15.0,2,-14.999865661136807,-20.763675586520442,-19.82233368008066,-6.42604916956441,-2.7110478786677232,8.894202066518154e-06,upper,0.1
755,phase2,upper,-15.0,2,-15.000088891535734,-20.763675586520442,-19.82233368008066,-6.42604916956441,-2.7110478786677232,2.1139159387644063e-05,upper,0.1
756,phase2,upper,-15.0,2,-15.000262681318885,-20.763675586520442,-19.82233368008066,-6.42604916956441,-2.7110478786677232,3.0378286565840284e-05,upper,0.1
757,phase2,upper,-15.0,2,-15.000394480729918,-20.763675586520442,-19.82233368008066,-6.42604916956441,-2.7110478786677232,3.708838818870752e-05,upper,0.1
758,phase2,upper,-15.0,2,-15.000490903252713,-20.763675586520442,-19.82233368008066,-6.42604916956441,-2.7110478786677232,4.168991860480218e-05,upper,0.1
759,phase2,upper,-15.0,2,-15.000557785218831,-20.763675586520442,-19.82233368008066,-6.42604916956441,-2.7110478786677232,4.455141805529946e-05,upper,0.1
760,phase2,upper,-15.0,2,-15.000600246730253,-20.763675586520442,-19.82233368008066,-6.42604916956441,-2.7110478786677232,4.599395230250329e-05,upper,0.1
761,phase2,upper,-15.0,2,-15.000622752499684,-20.763675586520442,-19.82233368008066,-6.42604916956441,-2.7110478786677232,4.629546792115948e-05,upper,0.1
762,phase2,upper,-15.0,2,-15.000629171517984,-20.763675586520442,-19.82233368008066,-6.42604916956441,-2.7110478786677232,4.5694998820440595e-05,upper,0.1
763,phase2,upper,-15.0,2,-15.000622834716589,-20.763675586520442,-19.82233368008066,-6.42604916956441,-2.7110478786677232,4.439667774053545e-05,upper,0.1
764,phase2,upper,-15.0,2,-15.000606590009282,-20.763675586520442,-19.82233368008066,-6.42604916956441,-2.7110478786677232,4.2573520829728237e-05,upper,0.1
765,phase2,upper,-15.0,2,-15.000582854277967,-20.763675586520442,-19.82233368008066,-6.42604916956441,-2.7110478786677232,4.037096485377333e-05,upper,0.1
766,phase2,upper,-15.0,2,-15.000553662016323,-20.763675586520442,-19.82233368008066,-6.42604916956441,-2.7110478786677232,3.791014572258169e-05,upper,0.1
767,phase2,upper,-15.0,2,-15.000520710467205,-20.763675586520442,-19.82233368008066,-6.42604916956441,-2.7110478786677232,3.52909142766738e-05,upper,0.1
768,phase2,upper,-15.0,2,-15.000485401188469,-20.763675586520442,-19.82233368008066,-6.42604916956441,-2.7110478786677232,3.259459098183197e-05,upper,0.1
769,phase2,upper,-15.0,2,-15.000448878060578,-20.763675586520442,-19.82233368008066,-6.42604916956441,-2.7110478786677232,2.9886465594653663e-05,upper,0.1
770,phase2,upper,-15.0,2,-15.000412061810918,-20.763675586520442,-19.82233368008066,-6.42604916956441,-2.7110478786677232,2.7218051202496134e-05,upper,0.1
771,phase2,upper,-15.0,2,-15.000375681176674,-20.763675586520442,-19.82233368008066,-6.42604916956441,-2.7110478786677232,2.462910448225113e-05,upper,0.1
772,phase2,upper,-15.0,2,-15.000340300862904,-20.763675586520442,-19.82233368008066,-6.42604916956441,-2.7110478786677232,2.2149425720283723e-05,upper,0.1
773,phase2,upper,-15.0,2,-15.000306346476787,-20.763675586520442,-19.82233368008066,-6.42604916956441,-2.7110478786677232,1.9800453222972685e-05,upper,0.1
774,phase2,upper,-15.0,2,-15.000274126634997,-20.763675586520442,-19.82233368008066,-6.42604916956441,-2.7110478786677232,1.7596667332901526e-05,upper,0.1
775,phase2,lower,-20.0,4,-15.000274126634997,-20.919525558875865,-19.77477791165474,-6.3098002365287975,-2.6608138931845793,0.028987478950542985,upper,0.1
776,phase2,upper,-15.0,2,-14.974170958395153,-20.919525558875865,-19.77477791165474,-6.3098002365287975,-2.6608138931845793,0.014210789138223868,upper,0.1
777,phase2,upper,-15.0,2,-14.962149229284602,-20.919525558875865,-19.77477791165474,-6.3098002365287975,-2.6608138931845793,0.0062575337298309275,upper,0.1
778,phase2,upper,-15.0,2,-14.95779455103169,-20.919525558875865,-19.77477791165474,-6.3098002365287975,-2.6608138931845793,0.0020456075955094253,upper,0.1
779,phase2,upper,-15.0,2,-14.957557128753546,-20.919525558875865,-19.77477791165474,-6.3098002365287975,-2.6608138931845793,-0.00011948953704638801,upper,0.1
780,phase2,upper,-15.0,2,-14.959468152740962,-20.919525558875865,-19.77477791165474,-6.3098002365287975,-2.6608138931845793,-0.0011695225041796653,upper,0.1
781,phase2,upper,-15.0,2,-14.962433406264857,-20.919525558875865,-19.77477791165474,-6.3098002365287975,-2.6608138931845793,-0.0016168799505071189,upper,0.1
782,phase2,upper,-15.0,2,-14.96584412864969,-20.919525558875865,-19.77477791165474,-6.3098002365287975,-2.6608138931845793,-0.001743271249158724,upper,0.1
783,phase2,upper,-15.0,2,-14.969362306617716,-20.919525558875865,-19.77477791165474,-6.3098002365287975,-2.6608138931845793,-0.001703448006656547,upper,0.1
784,phase2,upper,-15.0,2,-14.972801916602293,-20.919525558875865,-19.77477791165474,-6.3098002365287975,-2.6608138931845793,-0.001582234714657573,upper,0.1
785,phase2,upper,-15.0,2,-14.976062992789018,-20.919525558875865,-19.77477791165474,-6.3098002365287975,-2.6608138931845793,-0.0014259016671954784,upper,0.1
786,phase2,upper,-15.0,2,-14.979094817494477,-20.919525558875865,-19.77477791165474,-6.3098002365287975,-2.6608138931845793,-0.0012594358448067963,upper,0.1
787,phase2,upper,-15.0,2,-14.98187520090242,-20.919525558875865,-19.77477791165474,-6.3098002365287975,-2.6608138931845793,-0.0010960588358355373,upper,0.1
788,phase2,upper,-15.0,2,-14.984398679890997,-20.919525558875865,-19.77477791165474,-6.3098002365287975,-2.6608138931845793,-0.0009424804592176278,upper,0.1
789,phase2,upper,-15.0,2,-14.986669687238741,-20.919525558875865,-19.77477791165474,-6.3098002365287975,-2.6608138931845793,-0.0008018052841863686,upper,0.1
790,phase2,upper,-15.0,2,-14.988698513093988,-20.919525558875865,-19.77477791165474,-6.3098002365287975,-2.6608138931845793,-0.000675145873135874,upper,0.1
791,phase2,upper,-15.0,2,-14.99049885407402,-20.919525558875865,-19.77477791165474,-6.3098002365287975,-2.6608138931845793,-0.0005625222125380689,upper,0.1
792,phase2,upper,-15.0,2,-14.9920862809129,-20.919525558875865,-19.77477791165474,-6.3098002365287975,-2.6608138931845793,-0.000463366145639375,upper,0.1
793,phase2,upper,-15.0,2,-14.99347725051646,-20.919525558875865,-19.77477791165474,-6.3098002365287975,-2.6608138931845793,-0.00037680637745272623,upper,0.1
794,phase2,upper,-15.0,2,-14.99468845100105,-20.919525558875865,-19.77477791165474,-6.3098002365287975,-2.6608138931845793,-0.0003018308824185836,upper,0.1
795,phase2,upper,-15.0,2,-14.99573635833189,-20.919525558875865,-19.77477791165474,-6.3098002365287975,-2.6608138931845793,-0.0002373802440539912,upper,0.1
796,phase2,upper,-15.0,2,-14.996636933244522,-20.919525558875865,-19.77477791165474,-6.3098002365287975,-2.6608138931845793,-0.00018240162726123127,upper,0.1
797,phase2,upper,-15.0,2,-14.997405415196248,-20.919525558875865,-19.77477791165474,-6.3098002365287975,-2.6608138931845793,-0.00013587995617531058,upper,0.1
798,phase2,upper,-15.0,2,-14.99805618602333,-20.919525558875865,-19.77477791165474,-6.3098002365287975,-2.6608138931845793,-9.685562465131382e-05,upper,0.1
799,phase2,upper,-15.0,2,-14.998602685197351,-20.919525558875865,-19.77477791165474,-6.3098002365287975,-2.6608138931845793,-6.443405531397526e-05,upper,0.1
