episode,phase,route,return,steps,q_start_right,q_start_down,q_shield_right,q_d1_right,q_d2_right,mood_M,greedy_route,epsilon
0,phase1,upper,-15.0,2,-1.25,0.0,0.0,0.0,0.0,nan,lower,0.1
1,phase1,lower,-10.0,4,-1.25,-0.25,-0.25,-0.25,-0.25,nan,lower,0.1
2,phase1,lower,-10.0,4,-1.25,-0.5,-0.5,-0.5,-0.475,nan,lower,0.1
3,phase1,lower,-10.0,4,-1.25,-0.75,-0.75,-0.7475,-0.6775,nan,lower,0.1
4,phase1,lower,-10.0,4,-1.25,-1.0,-0.99975,-0.9905,-0.85975,nan,lower,0.1
5,phase1,lower,-10.0,4,-1.25,-1.249975,-1.248825,-1.227425,-1.023775,nan,lower,0.1
6,phase1,lower,-10.0,4,-1.25,-1.49986,-1.496685,-1.45706,-1.1713975,nan,upper,0.1
7,phase1,lower,-10.0,4,-1.25,-1.7495425,-1.7427225000000002,-1.6784937500000001,-1.30425775,nan,upper,0.1
8,phase1,upper,-15.0,2,-2.4000000000000004,-1.7495425,-1.7427225000000002,-1.6784937500000001,-1.30425775,nan,lower,0.1
9,phase1,lower,-10.0,4,-2.4000000000000004,-1.9988605000000002,-1.9862996250000002,-1.8910701500000002,-1.4238319750000001,nan,lower,0.1
10,phase1,lower,-10.0,4,-2.4000000000000004,-2.2476044125000003,-2.2267766775,-2.0943463325000002,-1.5314487775,nan,lower,0.1
11,phase1,lower,-10.0,4,-2.4000000000000004,-2.495521639,-2.4635336430000003,-2.2880565770000003,-1.6283038997500001,nan,upper,0.1
12,phase1,upper,-15.0,2,-3.4575000000000005,-2.495521639,-2.4635336430000003,-2.2880565770000003,-1.6283038997500001,nan,lower,0.1
13,phase1,lower,-10.0,4,-3.4575000000000005,-2.7423228394,-2.6959859364000005,-2.4720813092750005,-1.715473509775,nan,lower,0.1
14,phase1,lower,-10.0,4,-3.4575000000000005,-2.9876891491,-2.9235954736875005,-2.6464205293250003,-1.7939261587975,nan,lower,0.1
15,phase1,lower,-10.0,4,-3.4575000000000005,-3.23127978155875,-3.1458779792512503,-2.81117109227225,-1.8645335429177499,nan,lower,0.1
16,phase1,lower,-10.0,4,-3.4575000000000005,-3.472739601328,-3.3624072905533504,-2.9665073373368003,-1.9280801886259749,nan,upper,0.1
17,phase1,upper,-15.0,2,-4.429500000000001,-3.472739601328,-3.3624072905533504,-2.9665073373368003,-1.9280801886259749,nan,lower,0.1
18,phase1,lower,-10.0,4,-4.429500000000001,-3.711706370250535,-3.5728172952316952,-3.1126646224657177,-1.9852721697633773,nan,lower,0.1
19,phase1,upper,-15.0,2,-5.322525000000001,-3.711706370250535,-3.5728172952316952,-3.1126646224657177,-1.9852721697633773,nan,lower,0.1
20,phase1,lower,-10.0,4,-5.322525000000001,-3.947817462748651,-3.7768020279550973,-3.2499253771954835,-2.0367449527870396,nan,lower,0.1
21,phase1,lower,-10.0,4,-5.322525000000001,-4.1807159192692955,-3.9741143628791358,-3.378607334754639,-2.0830704575083354,nan,lower,0.1
22,phase1,lower,-10.0,4,-5.322525000000001,-4.41005576363028,-4.164563660066686,-3.4990536470300087,-2.124763411757502,nan,lower,0.1
23,phase1,lower,-10.0,4,-5.322525000000001,-4.63550655327392,-4.348012658763018,-3.611624623502758,-2.162287070581752,nan,lower,0.1
24,phase1,lower,-10.0,4,-5.322525000000001,-4.85675716382283,-4.524373855236992,-3.7166908682106574,-2.196058363523577,nan,lower,0.1
25,phase1,lower,-10.0,4,-5.322525000000001,-5.073518832964246,-4.693605556534359,-3.8146276177419494,-2.226452527171219,nan,lower,0.1
26,phase1,lower,-10.0,4,-5.322525000000001,-5.285527505321257,-4.855707762655118,-3.9058101086848764,-2.2538072744540973,nan,lower,0.1
27,phase1,lower,-10.0,4,-5.322525000000001,-5.492545531054643,-5.010717997258094,-3.9906098252617985,-2.2784265470086877,nan,upper,0.1
28,phase1,lower,-10.0,4,-5.322525000000001,-5.694362777674987,-5.158707180058465,-4.069391497436487,-2.300583892307819,nan,upper,0.1
29,phase1,upper,-15.0,2,-6.142650000000001,-5.694362777674987,-5.158707180058465,-4.069391497436487,-2.300583892307819,nan,lower,0.1
30,phase1,lower,-10.0,4,-6.142650000000001,-5.890797217913335,-5.299775611796267,-4.1425107369236205,-2.320525503077037,nan,lower,0.1
31,phase1,lower,-10.0,4,-6.142650000000001,-6.081695057301628,-5.434049124309003,-4.210312213538963,-2.338472952769333,nan,lower,0.1
32,phase1,lower,-10.0,4,-6.142650000000001,-6.266930464002366,-5.561675433231999,-4.273128287462,-2.3546256574923996,nan,upper,0.1
33,phase1,upper,-15.0,2,-6.895524750000001,-6.266930464002366,-5.561675433231999,-4.273128287462,-2.3546256574923996,nan,lower,0.1
34,phase1,lower,-10.0,4,-6.895524750000001,-6.446404960925329,-5.682820718654999,-4.33127802446504,-2.3691630917431596,nan,lower,0.1
35,phase1,lower,-10.0,4,-6.895524750000001,-6.620046536698296,-5.7976664492360035,-4.385066531192852,-2.382246782568844,nan,lower,0.1
36,phase1,lower,-10.0,4,-6.895524750000001,-6.787808527952067,-5.906406457431689,-4.434784556330451,-2.3940221043119596,nan,lower,0.1
37,phase1,lower,-10.0,4,-6.895524750000001,-6.949668320900029,-6.009244267321565,-4.480708311128602,-2.4046198938807635,nan,upper,0.1
38,phase1,upper,-15.0,2,-7.586398050000001,-6.949668320900029,-6.009244267321565,-4.480708311128602,-2.4046198938807635,nan,lower,0.1
39,phase1,lower,-10.0,4,-7.586398050000001,-7.105625915542182,-6.106390671702268,-4.523099469403818,-2.4141579044926873,nan,lower,0.1
40,phase1,upper,-15.0,2,-8.220141442500001,-7.105625915542182,-6.106390671702268,-4.523099469403818,-2.4141579044926873,nan,lower,0.1
41,phase1,lower,-10.0,4,-8.220141442500001,-7.255702391158191,-6.198061551472423,-4.562205312912705,-2.4227421140434187,nan,lower,0.1
42,phase1,lower,-10.0,4,-8.220141442500001,-7.399938307189614,-6.284475927616452,-4.598258993025777,-2.430467902639077,nan,lower,0.1
43,phase1,lower,-10.0,4,-8.220141442500001,-7.538392069232298,-6.365854234157384,-4.631479883987106,-2.4374211123751692,nan,lower,0.1
44,phase1,lower,-10.0,4,-8.220141442500001,-7.6711382857248065,-6.442416799140356,-4.662074006825913,-2.443679001137652,nan,lower,0.1
45,phase1,lower,-10.0,4,-8.220141442500001,-7.798266137066362,-6.514382519908912,-4.690234506257086,-2.449311101023887,nan,lower,0.1
46,phase1,lower,-10.0,4,-8.220141442500001,-7.919877775350617,-6.581967718543729,-4.716142165733766,-2.454379990921498,nan,lower,0.1
47,phase1,lower,-10.0,4,-8.220141442500001,-8.036086769669929,-6.645385163262732,-4.739965948252539,-2.4589419918293483,nan,lower,0.1
48,phase1,lower,-10.0,4,-8.220141442500001,-8.147016609029208,-6.704843241761713,-4.761863552610221,-2.4630477926464134,nan,lower,0.1
49,phase1,lower,-10.0,4,-8.220141442500001,-8.25279927230246,-6.760545272846564,-4.78198197661384,-2.4667430133817723,nan,upper,0.1
50,phase1,upper,-15.0,2,-8.801272176000001,-8.25279927230246,-6.760545272846564,-4.78198197661384,-2.4667430133817723,nan,lower,0.1
51,phase1,lower,-10.0,4,-8.801272176000001,-8.35357387235687,-6.812688943223291,-4.800458080290633,-2.470068712043595,nan,lower,0.1
52,phase1,lower,-10.0,4,-8.801272176000001,-8.449485379443512,-6.8614658569300255,-4.817419143465929,-2.4730618408392355,nan,lower,0.1
53,phase1,lower,-10.0,4,-8.801272176000001,-8.540683427192164,-6.907061185583616,-4.83298341320326,-2.475755656755312,nan,lower,0.1
54,phase1,lower,-10.0,4,-8.801272176000001,-8.62732120303131,-6.94965340834558,-4.847260637558465,-2.4781800910797807,nan,lower,0.1
55,phase1,lower,-10.0,4,-8.801272176000001,-8.709554423562736,-6.9894141312668685,-4.860352582910597,-2.4803620819718026,nan,lower,0.1
56,phase1,lower,-10.0,4,-8.801272176000001,-8.78754039433315,-7.026507976431241,-4.872353532816717,-2.4823258737746223,nan,lower,0.1
57,phase1,lower,-10.0,4,-8.801272176000001,-8.861437152542958,-7.061092532069789,-4.883350766912508,-2.48409328639716,nan,upper,0.1
58,phase1,upper,-15.0,2,-9.333975348375,-8.861437152542958,-7.061092532069789,-4.883350766912508,-2.48409328639716,nan,lower,0.1
59,phase1,lower,-10.0,4,-9.333975348375,-8.931402690495641,-7.093318355554061,-4.893425018860973,-2.485683957757444,nan,lower,0.1
60,phase1,lower,-10.0,4,-9.333975348375,-8.997594257001483,-7.123329021884752,-4.90265091275062,-2.4871155619816996,nan,lower,0.1
61,phase1,lower,-10.0,4,-9.333975348375,-9.06016773348981,-7.151261210971339,-4.911097377673729,-2.4884040057835297,nan,lower,0.1
62,phase1,lower,-10.0,4,-9.333975348375,-9.119277081237962,-7.177244827641578,-4.9188280404847085,-2.4895636052051766,nan,lower,0.1
63,phase1,lower,-10.0,4,-9.333975348375,-9.175073855878324,-7.201403148925891,-4.925901596956756,-2.490607244684659,nan,lower,0.1
64,phase1,lower,-10.0,4,-9.333975348375,-9.22770678518308,-7.223852993728977,-4.932372161729546,-2.4915465202161933,nan,lower,0.1
65,phase1,lower,-10.0,4,-9.333975348375,-9.27732140603767,-7.244704910529034,-4.938289597578211,-2.492391868194574,nan,lower,0.1
66,phase1,lower,-10.0,4,-9.333975348375,-9.324059756486806,-7.264063379233952,-4.943699824639848,-2.4931526813751166,nan,lower,0.1
67,phase1,lower,-10.0,4,-9.333975348375,-9.36806011876152,-7.282027023774542,-4.948645110313374,-2.493837413237605,nan,upper,0.1
68,phase1,upper,-15.0,2,-9.822125164515,-9.36806011876152,-7.282027023774542,-4.948645110313374,-2.493837413237605,nan,lower,0.1
69,phase1,lower,-10.0,4,-9.822125164515,-9.409456809262823,-7.298688832428425,-4.953164340605797,-2.4944536719138446,nan,lower,0.1
70,phase1,lower,-10.0,4,-9.822125164515,-9.448380011579383,-7.314136383246162,-4.957293273736601,-2.49500830472246,nan,lower,0.1
71,phase1,lower,-10.0,4,-9.822125164515,-9.48495564874606,-7.328452072295207,-4.961064776835187,-2.495507474250214,nan,lower,0.1
72,phase1,lower,-10.0,4,-9.822125164515,-9.519305291100975,-7.3417133427492045,-4.96450904657669,-2.4959567268251925,nan,lower,0.1
73,phase1,lower,-10.0,4,-9.822125164515,-9.551546096265799,-7.353992913131953,-4.96765381460154,-2.4963610541426733,nan,lower,0.1
74,phase1,lower,-10.0,4,-9.822125164515,-9.581790777952415,-7.365359003278912,-4.970524538555654,-2.496724948728406,nan,lower,0.1
75,phase1,lower,-10.0,4,-9.822125164515,-9.610147600485064,-7.375875556806586,-4.973144579572929,-2.4970524538555656,nan,lower,0.1
76,phase1,lower,-10.0,4,-9.822125164515,-9.636720396117216,-7.385602459083221,-4.975535367001193,-2.4973472084700092,nan,lower,0.1
77,phase1,lower,-10.0,4,-9.822125164515,-9.661608602413816,-7.394595749875018,-4.977716551148075,-2.4976124876230084,nan,lower,0.1
78,phase1,lower,-10.0,4,-9.822125164515,-9.684907317159936,-7.402907830002324,-4.979706144795568,-2.4978512388607075,nan,lower,0.1
79,phase1,lower,-10.0,4,-9.822125164515,-9.706707368444174,-7.410587661481648,-4.981520654202082,-2.4980661149746366,nan,lower,0.1
80,phase1,lower,-10.0,4,-9.822125164515,-9.727095397747922,-7.417680960753691,-4.983175200279337,-2.498259503477173,nan,lower,0.1
81,phase1,lower,-10.0,4,-9.822125164515,-9.746153954048498,-7.424230384706255,-4.984683630599121,-2.4984335531294555,nan,lower,0.1
82,phase1,lower,-10.0,4,-9.822125164515,-9.763961597114275,-7.430275709295541,-4.986058622852155,-2.49859019781651,nan,lower,0.1
83,phase1,lower,-10.0,4,-9.822125164515,-9.780593008332401,-7.435854000651203,-4.98731178034859,-2.498731178034859,nan,lower,0.1
84,phase1,lower,-10.0,4,-9.822125164515,-9.796119107564282,-7.440999778620942,-4.988453720117217,-2.498858060231373,nan,lower,0.1
85,phase1,lower,-10.0,4,-9.822125164515,-9.810607174669947,-7.445745172770569,-4.989494154128633,-2.4989722542082355,nan,lower,0.1
86,phase1,lower,-10.0,4,-9.822125164515,-9.824120974480008,-7.450120070906375,-4.990441964136593,-2.499075028787412,nan,upper,0.1
87,phase1,upper,-15.0,2,-10.26930526394325,-9.824120974480008,-7.450120070906375,-4.990441964136593,-2.499075028787412,nan,lower,0.1
88,phase1,lower,-10.0,4,-10.26930526394325,-9.836720884122645,-7.454152260229397,-4.991305270601675,-2.4991675259086708,nan,lower,0.1
89,phase1,lower,-10.0,4,-10.26930526394325,-9.84846402173332,-7.4578675612666245,-4.992091496132375,-2.4992507733178035,nan,lower,0.1
90,phase1,lower,-10.0,4,-10.26930526394325,-9.859404375686651,-7.4612899547532,-4.992807423850918,-2.4993256959860233,nan,lower,0.1
91,phase1,lower,-10.0,4,-10.26930526394325,-9.869592933593307,-7.464441701662972,-4.9934592510644285,-2.499393126387421,nan,lower,0.1
92,phase1,lower,-10.0,4,-10.26930526394325,-9.879077810400274,-7.467343456603118,-4.994052638596727,-2.499453813748679,nan,lower,0.1
93,phase1,lower,-10.0,4,-10.26930526394325,-9.887904375020558,-7.470014374802479,-4.994592756111922,-2.499508432373811,nan,lower,0.1
94,phase1,lower,-10.0,4,-10.26930526394325,-9.89611537499875,-7.472472212933424,-4.995084323738111,-2.49955758913643,nan,lower,0.1
95,phase1,lower,-10.0,4,-10.26930526394325,-9.903751058792217,-7.474733424013892,-4.995531650277943,-2.499601830222787,nan,lower,0.1
96,phase1,lower,-10.0,4,-10.26930526394325,-9.910849295314385,-7.4768132466402975,-4.995938668272427,-2.4996416472005083,nan,lower,0.1
97,phase1,lower,-10.0,4,-10.26930526394325,-9.917445690446977,-7.47872578880351,-4.996308966165236,-2.4996774824804575,nan,lower,0.1
98,phase1,lower,-10.0,4,-10.26930526394325,-9.92357370028263,-7.4804841065396825,-4.996645817796758,-2.499709734232412,nan,lower,0.1
99,phase1,lower,-10.0,4,-10.26930526394325,-9.929264740908335,-7.48210027766539,-4.996952209440324,-2.4997387608091706,nan,lower,0.1
100,phase1,lower,-10.0,4,-10.26930526394325,-9.93454829458404,-7.4835854708428835,-4.997230864577209,-2.4997648847282536,nan,lower,0.1
101,phase1,lower,-10.0,4,-10.26930526394325,-9.939452012209925,-7.484950010216316,-4.997484266592314,-2.499788396255428,nan,lower,0.1
102,phase1,lower,-10.0,4,-10.26930526394325,-9.944001812010564,-7.486203435853916,-4.997714679558625,-2.4998095566298852,nan,lower,0.1
103,phase1,lower,-10.0,4,-10.26930526394325,-9.9482219743949,-7.487354560224387,-4.997924167265751,-2.4998286009668966,nan,lower,0.1
104,phase1,upper,-15.0,2,-10.6788280918407,-9.9482219743949,-7.487354560224387,-4.997924167265751,-2.4998286009668966,nan,lower,0.1
105,phase1,lower,-10.0,4,-10.6788280918407,-9.952135232977849,-7.488411520928523,-4.998114610635866,-2.499845740870207,nan,lower,0.1
106,phase1,lower,-10.0,4,-10.6788280918407,-9.955762861772916,-7.489381829899257,-4.9982877236593,-2.4998611667831865,nan,lower,0.1
107,phase1,lower,-10.0,4,-10.6788280918407,-9.959124758585551,-7.490272419275261,-4.998445067971689,-2.4998750501048677,nan,lower,0.1
108,phase1,lower,-10.0,4,-10.6788280918407,-9.962239524654521,-7.491089684144904,-4.998588066185007,-2.499887545094381,nan,lower,0.1
109,phase1,lower,-10.0,4,-10.6788280918407,-9.96512454060356,-7.491839522348914,-4.998718014075944,-2.499898790584943,nan,lower,0.1
110,phase1,lower,-10.0,4,-10.6788280918407,-9.967796038778095,-7.492527371521617,-4.998836091726844,-2.4999089115264486,nan,lower,0.1
111,phase1,lower,-10.0,4,-10.6788280918407,-9.970269172052447,-7.4931582435421396,-4.998943373706804,-2.4999180203738036,nan,lower,0.1
112,phase1,lower,-10.0,4,-10.6788280918407,-9.972558079201416,-7.493736756558606,-4.999040838373504,-2.499926218336423,nan,lower,0.1
113,phase1,lower,-10.0,4,-10.6788280918407,-9.974675946937136,-7.494267164740096,-4.999129376369796,-2.499933596502781,nan,lower,0.1
114,phase1,lower,-10.0,4,-10.6788280918407,-9.976635068717432,-7.494753385903066,-4.999209798383094,-2.499940236852503,nan,lower,0.1
115,phase1,lower,-10.0,4,-10.6788280918407,-9.978446900435996,-7.495199027151069,-4.999282842230035,-2.4999462131672527,nan,lower,0.1
116,phase1,lower,-10.0,4,-10.6788280918407,-9.980122113107504,-7.495607408658966,-4.999349179323756,-2.4999515918505275,nan,lower,0.1
117,phase1,lower,-10.0,4,-10.6788280918407,-9.98167064266265,-7.495981585725445,-4.999409420576433,-2.4999564326654746,nan,lower,0.1
118,phase1,lower,-10.0,4,-10.6788280918407,-9.98310173696893,-7.4963243692105435,-4.999464121785337,-2.4999607893989273,nan,lower,0.1
119,phase1,lower,-10.0,4,-10.6788280918407,-9.98442400019309,-7.496638344468023,-4.999513788546696,-2.4999647104590346,nan,lower,0.1
120,phase1,lower,-10.0,4,-10.6788280918407,-9.985645434620583,-7.49692588887589,-4.999558880737929,-2.499968239413131,nan,lower,0.1
121,phase1,lower,-10.0,4,-10.6788280918407,-9.986773480046114,-7.4971891880620944,-4.99959981660545,-2.499971415471818,nan,lower,0.1
122,phase1,lower,-10.0,4,-10.6788280918407,-9.987815050847713,-7.49743025091643,-4.999636976492087,-2.499974273924636,nan,lower,0.1
123,phase1,lower,-10.0,4,-10.6788280918407,-9.988776570854585,-7.497650923473996,-4.999670706235342,-2.499976846532172,nan,lower,0.1
124,phase1,lower,-10.0,4,-10.6788280918407,-9.989664006116525,-7.4978529017501305,-4.999701320265025,-2.499979161878955,nan,lower,0.1
125,phase1,lower,-10.0,4,-10.6788280918407,-9.990482895679886,-7.49803774360162,-4.999729104426418,-2.4999812456910595,nan,lower,0.1
126,phase1,lower,-10.0,4,-10.6788280918407,-9.99123838047206,-7.4982068796841,-4.999754318552882,-2.4999831211219536,nan,lower,0.1
127,phase1,lower,-10.0,4,-10.6788280918407,-9.991935230393263,-7.498361623570979,-4.999777198809789,-2.4999848090097583,nan,lower,0.1
128,phase1,lower,-10.0,4,-10.6788280918407,-9.992577869711035,-7.4985031810948595,-4.999797959829786,-2.4999863281087826,nan,lower,0.1
129,phase1,lower,-10.0,4,-10.6788280918407,-9.993170400849417,-7.4986326589683525,-4.999816796657686,-2.4999876952979045,nan,lower,0.1
130,phase1,lower,-10.0,4,-10.6788280918407,-9.99371662666131,-7.498751072737286,-4.999833886521707,-2.4999889257681143,nan,lower,0.1
131,phase1,lower,-10.0,4,-10.6788280918407,-9.994220071268908,-7.498859354115728,-4.999849390446348,-2.499990033191303,nan,lower,0.1
132,phase1,lower,-10.0,4,-10.6788280918407,-9.99468399955359,-7.498958357748791,-4.999863454720844,-2.499991029872173,nan,lower,0.1
133,phase1,lower,-10.0,4,-10.6788280918407,-9.99511143537311,-7.499048867445996,-4.999876212235977,-2.4999919268849555,nan,lower,0.1
134,phase1,upper,-15.0,2,-11.053753301519228,-9.99511143537311,-7.499048867445996,-4.999876212235977,-2.4999919268849555,nan,lower,0.1
135,phase1,lower,-10.0,4,-11.053753301519228,-9.995505178580398,-7.4991316019249945,-4.999887783700875,-2.49999273419646,nan,lower,0.1
136,phase1,lower,-10.0,4,-11.053753301519228,-9.995867820914858,-7.499207220102583,-4.999898278750433,-2.499993460776814,nan,lower,0.1
137,phase1,lower,-10.0,4,-11.053753301519228,-9.996201760833632,-7.499276325967368,-4.999907796953071,-2.4999941146991325,nan,lower,0.1
138,phase1,lower,-10.0,4,-11.053753301519228,-9.996509217347006,-7.499339473065938,-4.999916428727677,-2.4999947032292194,nan,lower,0.1
139,phase1,lower,-10.0,4,-11.053753301519228,-9.996792242918898,-7.499397168632112,-4.999924256177831,-2.4999952329062975,nan,lower,0.1
140,phase1,lower,-10.0,4,-11.053753301519228,-9.99705273549022,-7.499449877386684,-4.999931353850678,-2.4999957096156677,nan,lower,0.1
141,phase1,lower,-10.0,4,-11.053753301519228,-9.997292449679867,-7.499498025033083,-4.999937789427177,-2.499996138654101,nan,lower,0.1
142,phase1,lower,-10.0,4,-11.053753301519228,-9.997513007215188,-7.499542001472492,-4.99994362434987,-2.499996524788691,nan,lower,0.1
143,phase1,lower,-10.0,4,-11.053753301519228,-9.997715906640918,-7.4995821637602305,-4.999948914393752,-2.499996872309822,nan,lower,0.1
144,phase1,lower,-10.0,4,-11.053753301519228,-9.99790253235285,-7.499618838823583,-4.999953710185359,-2.49999718507884,nan,lower,0.1
145,phase1,upper,-15.0,2,-11.396905188343643,-9.99790253235285,-7.499618838823583,-4.999953710185359,-2.49999718507884,nan,lower,0.1
146,phase1,lower,-10.0,4,-11.396905188343643,-9.998074162999924,-7.499652325959761,-4.999958057674707,-2.4999974665709557,nan,lower,0.1
147,phase1,lower,-10.0,4,-11.396905188343643,-9.998231979295907,-7.499682899131256,-4.999961998564332,-2.49999771991386,nan,lower,0.1
148,phase1,lower,-10.0,4,-11.396905188343643,-9.998377071279442,-7.499710809074563,-4.999965570699286,-2.4999979479224743,nan,lower,0.1
149,phase1,lower,-10.0,4,-11.396905188343643,-9.998510445058955,-7.499736285237035,-4.999968808421604,-2.499998153130227,nan,lower,0.1
150,phase1,lower,-10.0,4,-11.396905188343643,-9.998633029076762,-7.499759537555493,-4.999971742892466,-2.499998337817204,nan,lower,0.1
151,phase1,lower,-10.0,4,-11.396905188343643,-9.998745679924635,-7.49978075808919,-4.9999744023849395,-2.4999985040354837,nan,lower,0.1
152,phase1,lower,-10.0,4,-11.396905188343643,-9.99884918774109,-7.499800122518765,-4.999976812549994,-2.4999986536319354,nan,lower,0.1
153,phase1,lower,-10.0,4,-11.396905188343643,-9.998944281218858,-7.499817791521888,-4.999978996658188,-2.499998788268742,nan,lower,0.1
154,phase1,lower,-10.0,4,-11.396905188343643,-9.99903163224916,-7.499833912035518,-4.999980975819243,-2.4999989094418678,nan,lower,0.1
155,phase1,lower,-10.0,4,-11.396905188343643,-9.999111860227796,-7.499848618413891,-4.999982769181505,-2.499999018497681,nan,lower,0.1
156,phase1,lower,-10.0,4,-11.396905188343643,-9.999185536046404,-7.499862033490652,-4.999984394113123,-2.499999116647913,nan,lower,0.1
157,phase1,lower,-10.0,4,-11.396905188343643,-9.99925318579083,-7.499874269552899,-4.999985866366602,-2.499999204983122,nan,lower,0.1
158,phase1,lower,-10.0,4,-11.396905188343643,-9.999315294167037,-7.499885429234269,-4.999987200228254,-2.49999928448481,nan,lower,0.1
159,phase1,lower,-10.0,4,-11.396905188343643,-9.99937230767376,-7.499895606333668,-4.99998840865391,-2.4999993560363287,nan,lower,0.1
160,phase1,lower,-10.0,4,-11.396905188343643,-9.99942463753975,-7.499904886565693,-4.999989503392152,-2.4999994204326956,nan,lower,0.1
161,phase1,lower,-10.0,4,-11.396905188343643,-9.999472662442344,-7.499913348248339,-4.999990495096206,-2.499999478389426,nan,lower,0.1
162,phase1,lower,-10.0,4,-11.396905188343643,-9.999516731022943,-7.499921062933126,-4.999991393425528,-2.4999995305504834,nan,lower,0.1
163,phase1,lower,-10.0,4,-11.396905188343643,-9.999557164213961,-7.499928095982366,-4.999992207138024,-2.499999577495435,nan,lower,0.1
164,phase1,lower,-10.0,4,-11.396905188343643,-9.999594257390802,-7.499934507097931,-4.999992944173765,-2.4999996197458914,nan,lower,0.1
165,phase1,lower,-10.0,4,-11.396905188343643,-9.999628282361515,-7.499940350805515,-4.999993611730977,-2.499999657771302,nan,lower,0.1
166,phase1,upper,-15.0,2,-11.710889164787982,-9.999628282361515,-7.499940350805515,-4.999993611730977,-2.499999657771302,nan,lower,0.1
167,phase1,upper,-15.0,2,-11.998107294060018,-9.999628282361515,-7.499940350805515,-4.999993611730977,-2.499999657771302,nan,lower,0.1
168,phase1,lower,-10.0,4,-11.998107294060018,-9.999659489205914,-7.4999456768980615,-4.9999942163350095,-2.499999691994172,nan,lower,0.1
169,phase1,lower,-10.0,4,-11.998107294060018,-9.999688107975128,-7.4999505308417564,-4.999994763900926,-2.499999722794755,nan,lower,0.1
170,phase1,lower,-10.0,4,-11.998107294060018,-9.99971435026179,-7.4999549541476735,-4.999995259790309,-2.4999997505152796,nan,lower,0.1
171,phase1,lower,-10.0,4,-11.998107294060018,-9.999738410650378,-7.499958984711937,-4.999995708862806,-2.4999997754637517,nan,lower,0.1
172,phase1,lower,-10.0,4,-11.998107294060018,-9.999760468056534,-7.499962657127024,-4.999996115522901,-2.4999997979173765,nan,lower,0.1
173,phase1,upper,-15.0,2,-12.260772905829766,-9.999760468056534,-7.499962657127024,-4.999996115522901,-2.4999997979173765,nan,lower,0.1
174,phase1,lower,-10.0,4,-12.260772905829766,-9.999780686963582,-7.4999660029666115,-4.999996483762349,-2.4999998181256387,nan,lower,0.1
175,phase1,lower,-10.0,4,-12.260772905829766,-9.999799218563885,-7.499969051046185,-4.999996817198678,-2.4999998363130747,nan,lower,0.1
176,phase1,lower,-10.0,4,-12.260772905829766,-9.999816201812115,-7.499971827661435,-4.999997119110118,-2.4999998526817673,nan,lower,0.1
177,phase1,lower,-10.0,4,-12.260772905829766,-9.999831764397047,-7.4999743568063035,-4.999997392467283,-2.4999998674135906,nan,lower,0.1
178,phase1,lower,-10.0,4,-12.260772905829766,-9.999846023637973,-7.499976660372401,-4.999997639961914,-2.4999998806722314,nan,lower,0.1
179,phase1,lower,-10.0,4,-12.260772905829766,-9.999859087311416,-7.499978758331353,-4.999997864032946,-2.4999998926050084,nan,lower,0.1
180,phase1,lower,-10.0,4,-12.260772905829766,-9.99987105441341,-7.499980668901512,-4.999998066890153,-2.4999999033445075,nan,lower,0.1
181,phase1,lower,-10.0,4,-12.260772905829766,-9.99988201586222,-7.499982408700376,-4.999998250535588,-2.4999999130100568,nan,lower,0.1
182,phase1,lower,-10.0,4,-12.260772905829766,-9.999892055146034,-7.499983992883897,-4.999998416783035,-2.499999921709051,nan,lower,0.1
183,phase1,lower,-10.0,4,-12.260772905829766,-9.999901248919821,-7.499985435273811,-4.999998567275637,-2.499999929538146,nan,lower,0.1
184,phase1,lower,-10.0,4,-12.260772905829766,-9.99990966755522,-7.499986748473994,-4.999998703501888,-2.4999999365843313,nan,lower,0.1
185,phase1,upper,-15.0,2,-12.500924322304964,-9.99990966755522,-7.499986748473994,-4.999998703501888,-2.4999999365843313,nan,lower,0.1
186,phase1,lower,-10.0,4,-12.500924322304964,-9.999917375647097,-7.499987943976783,-4.999998826810132,-2.499999942925898,nan,lower,0.1
187,phase1,upper,-15.0,2,-12.720437726426825,-9.999917375647097,-7.499987943976783,-4.999998826810132,-2.499999942925898,nan,lower,0.1
188,phase1,lower,-10.0,4,-12.720437726426825,-9.999924432480066,-7.4999890322601175,-4.999998938421709,-2.499999948633308,nan,lower,0.1
189,phase1,lower,-10.0,4,-12.720437726426825,-9.999930892458071,-7.499990022876276,-4.999999039442869,-2.4999999537699775,nan,lower,0.1
190,phase1,lower,-10.0,4,-12.720437726426825,-9.99993680549989,-7.499990924532936,-4.9999991308755805,-2.49999995839298,nan,lower,0.1
191,phase1,lower,-10.0,4,-12.720437726426825,-9.999942217403195,-7.4999917451672005,-4.99999921362732,-2.499999962553682,nan,lower,0.1
192,phase1,lower,-10.0,4,-12.720437726426825,-9.999947170179595,-7.499992492013212,-4.999999288519956,-2.4999999662983137,nan,lower,0.1
193,phase1,lower,-10.0,4,-12.720437726426825,-9.999951702362956,-7.499993171663887,-4.999999356297792,-2.4999999696684823,nan,lower,0.1
194,phase1,lower,-10.0,4,-12.720437726426825,-9.99995584929305,-7.499993790127277,-4.999999417634861,-2.499999972701634,nan,lower,0.1
195,phase1,lower,-10.0,4,-12.720437726426825,-9.999959643376473,-7.499994352878035,-4.999999473141538,-2.4999999754314706,nan,lower,0.1
196,phase1,lower,-10.0,4,-12.720437726426825,-9.99996311432663,-7.4999948649043855,-4.999999523370532,-2.4999999778883235,nan,lower,0.1
197,phase1,lower,-10.0,4,-12.720437726426825,-9.999966289384405,-7.499995330751,-4.999999568822311,-2.499999980099491,nan,lower,0.1
198,phase1,lower,-10.0,4,-12.720437726426825,-9.999969193521064,-7.499995754558131,-4.999999609950029,-2.499999982089542,nan,lower,0.1
199,phase1,lower,-10.0,4,-12.720437726426825,-9.999971849624771,-7.499996140097321,-4.99999964716398,-2.499999983880588,nan,lower,0.1
200,phase1,lower,-10.0,4,-12.720437726426825,-9.999974278672026,-7.499996490803987,-4.999999680835641,-2.499999985492529,nan,lower,0.1
201,phase1,lower,-10.0,4,-12.720437726426825,-9.999976499885221,-7.499996809807152,-4.99999971130133,-2.4999999869432763,nan,lower,0.1
202,phase1,lower,-10.0,4,-12.720437726426825,-9.999978530877414,-7.49999709995657,-4.999999738865524,-2.4999999882489488,nan,lower,0.1
203,phase1,lower,-10.0,4,-12.720437726426825,-9.99998038778533,-7.4999973638474655,-4.999999763803866,-2.4999999894240537,nan,lower,0.1
204,phase1,lower,-10.0,4,-12.720437726426825,-9.999982085391544,-7.499997603843106,-4.999999786365885,-2.499999990481648,nan,lower,0.1
205,phase1,lower,-10.0,4,-12.720437726426825,-9.9999836372367,-7.499997822095383,-4.999999806777462,-2.499999991433483,nan,lower,0.1
206,phase1,lower,-10.0,4,-12.720437726426825,-9.999985055722568,-7.499998020563591,-4.999999825243064,-2.499999992290135,nan,lower,0.1
207,phase1,lower,-10.0,4,-12.720437726426825,-9.99998635220667,-7.499998201031539,-4.999999841947771,-2.499999993061121,nan,lower,0.1
208,phase1,lower,-10.0,4,-12.720437726426825,-9.999987537089158,-7.499998365123162,-4.999999857059106,-2.4999999937550093,nan,lower,0.1
209,phase1,lower,-10.0,4,-12.720437726426825,-9.999988619892559,-7.499998514316756,-4.999999870728697,-2.4999999943795084,nan,lower,0.1
210,phase1,lower,-10.0,4,-12.720437726426825,-9.999989609334978,-7.49999864995795,-4.999999883093778,-2.4999999949415574,nan,lower,0.1
211,phase1,lower,-10.0,4,-12.720437726426825,-9.999990513397275,-7.499998773271533,-4.999999894278556,-2.4999999954474017,nan,lower,0.1
212,phase1,lower,-10.0,4,-12.720437726426825,-9.999991339384701,-7.499998885372235,-4.99999990439544,-2.4999999959026615,nan,lower,0.1
213,phase1,lower,-10.0,4,-12.720437726426825,-9.999992093983455,-7.499998987274555,-4.999999913546162,-2.4999999963123956,nan,lower,0.1
214,phase1,lower,-10.0,4,-12.720437726426825,-9.999992783312564,-7.499999079901716,-4.999999921822785,-2.499999996681156,nan,lower,0.1
215,phase1,lower,-10.0,4,-12.720437726426825,-9.99999341297148,-7.499999164093823,-4.999999929308622,-2.4999999970130404,nan,lower,0.1
216,phase1,lower,-10.0,4,-12.720437726426825,-9.999993988083713,-7.499999240615303,-4.999999936079064,-2.499999997311736,nan,lower,0.1
217,phase1,lower,-10.0,4,-12.720437726426825,-9.99999451333687,-7.499999310161678,-4.999999942202331,-2.4999999975805625,nan,lower,0.1
218,phase1,lower,-10.0,4,-12.720437726426825,-9.999994993019351,-7.4999993733657435,-4.999999947740155,-2.4999999978225063,nan,lower,0.1
219,phase1,lower,-10.0,4,-12.720437726426825,-9.999995431053991,-7.499999430803185,-4.999999952748389,-2.4999999980402556,nan,lower,0.1
220,phase1,upper,-15.0,2,-12.921039206501264,-9.999995431053991,-7.499999430803185,-4.999999952748389,-2.4999999980402556,nan,lower,0.1
221,phase1,lower,-10.0,4,-12.921039206501264,-9.99999583102891,-7.499999482997706,-4.999999957277576,-2.49999999823623,nan,lower,0.1
222,phase1,lower,-10.0,4,-12.921039206501264,-9.999996196225789,-7.499999530425693,-4.999999961373442,-2.499999998412607,nan,lower,0.1
223,phase1,lower,-10.0,4,-12.921039206501264,-9.99999652964578,-7.499999573520467,-4.999999965077358,-2.4999999985713464,nan,lower,0.1
224,phase1,lower,-10.0,4,-12.921039206501264,-9.999996834033247,-7.499999612676157,-4.999999968426757,-2.4999999987142116,nan,lower,0.1
225,phase1,lower,-10.0,4,-12.921039206501264,-9.999997111897539,-7.499999648251217,-4.999999971455503,-2.4999999988427906,nan,lower,0.1
226,phase1,lower,-10.0,4,-12.921039206501264,-9.999997365532906,-7.499999680571646,-4.999999974194232,-2.4999999989585113,nan,lower,0.1
227,phase1,lower,-10.0,4,-12.921039206501264,-9.99999759703678,-7.499999709933904,-4.99999997667066,-2.49999999906266,nan,lower,0.1
228,phase1,lower,-10.0,4,-12.921039206501264,-9.999997808326492,-7.49999973660758,-4.99999997890986,-2.499999999156394,nan,lower,0.1
229,phase1,lower,-10.0,4,-12.921039206501264,-9.999998001154601,-7.499999760837808,-4.999999980934513,-2.4999999992407544,nan,lower,0.1
230,phase1,lower,-10.0,4,-12.921039206501264,-9.999998177122922,-7.499999782847478,-4.999999982765138,-2.499999999316679,nan,lower,0.1
231,phase1,upper,-15.0,2,-13.104316013296547,-9.999998177122922,-7.499999782847478,-4.999999982765138,-2.499999999316679,nan,lower,0.1
232,phase1,lower,-10.0,4,-13.104316013296547,-9.999998337695377,-7.499999802839244,-4.999999984420292,-2.499999999385011,nan,lower,0.1
233,phase1,lower,-10.0,4,-13.104316013296547,-9.999998484209764,-7.499999820997349,-4.999999985916764,-2.49999999944651,nan,lower,0.1
234,phase1,lower,-10.0,4,-13.104316013296547,-9.999998617888522,-7.49999983748929,-4.999999987269739,-2.499999999501859,nan,lower,0.1
235,phase1,lower,-10.0,4,-13.104316013296547,-9.9999987398486,-7.499999852467335,-4.9999999884929505,-2.499999999551673,nan,lower,0.1
236,phase1,lower,-10.0,4,-13.104316013296547,-9.999998851110472,-7.4999998660698965,-4.999999989598822,-2.4999999995965054,nan,lower,0.1
237,phase1,upper,-15.0,2,-13.271727066667761,-9.999998851110472,-7.4999998660698965,-4.999999989598822,-2.4999999995965054,nan,lower,0.1
238,phase1,lower,-10.0,4,-13.271727066667761,-9.999998952606415,-7.4999998784227895,-4.999999990598591,-2.499999999636855,nan,lower,0.1
239,phase1,lower,-10.0,4,-13.271727066667761,-9.999999045188051,-7.499999889640369,-4.999999991502417,-2.4999999996731694,nan,lower,0.1
240,phase1,lower,-10.0,4,-13.271727066667761,-9.999999129633283,-7.499999899826574,-4.999999992319492,-2.4999999997058526,nan,lower,0.1
241,phase1,lower,-10.0,4,-13.271727066667761,-9.999999206652612,-7.499999909075866,-4.999999993058128,-2.4999999997352673,nan,lower,0.1
242,phase1,lower,-10.0,4,-13.271727066667761,-9.999999276894938,-7.499999917474092,-4.999999993725842,-2.499999999761741,nan,lower,0.1
243,phase1,lower,-10.0,4,-13.271727066667761,-9.999999340952854,-7.499999925099267,-4.999999994329432,-2.4999999997855666,nan,lower,0.1
244,phase1,lower,-10.0,4,-13.271727066667761,-9.999999399367496,-7.499999932022284,-4.999999994875045,-2.49999999980701,nan,lower,0.1
245,phase1,lower,-10.0,4,-13.271727066667761,-9.999999452632975,-7.49999993830756,-4.999999995368242,-2.4999999998263087,nan,lower,0.1
246,phase1,upper,-15.0,2,-13.424612749231766,-9.999999452632975,-7.49999993830756,-4.999999995368242,-2.4999999998263087,nan,lower,0.1
247,phase1,lower,-10.0,4,-13.424612749231766,-9.999999501200435,-7.499999944013629,-4.999999995814049,-2.499999999843678,nan,lower,0.1
248,phase1,lower,-10.0,4,-13.424612749231766,-9.999999545481755,-7.499999949193671,-4.999999996217012,-2.4999999998593103,nan,lower,0.1
249,phase1,lower,-10.0,4,-13.424612749231766,-9.999999585852947,-7.499999953896005,-4.999999996581241,-2.4999999998733795,nan,lower,0.1
250,phase1,lower,-10.0,4,-13.424612749231766,-9.999999622657253,-7.499999958164528,-4.999999996910455,-2.4999999998860414,nan,lower,0.1
251,phase1,lower,-10.0,4,-13.424612749231766,-9.99999965620798,-7.499999962039121,-4.999999997208014,-2.499999999897437,nan,lower,0.1
252,phase1,lower,-10.0,4,-13.424612749231766,-9.999999686791094,-7.49999996555601,-4.999999997476956,-2.4999999999076934,nan,lower,0.1
253,phase1,upper,-15.0,2,-13.564204024616293,-9.999999686791094,-7.49999996555601,-4.999999997476956,-2.4999999999076934,nan,lower,0.1
254,phase1,lower,-10.0,4,-13.564204024616293,-9.999999714667586,-7.499999968748105,-4.99999999772003,-2.4999999999169242,nan,lower,0.1
255,phase1,lower,-10.0,4,-13.564204024616293,-9.999999740075639,-7.499999971645297,-4.999999997939719,-2.499999999925232,nan,lower,0.1
256,phase1,lower,-10.0,4,-13.564204024616293,-9.999999763232605,-7.49999997427474,-4.999999998138271,-2.4999999999327085,nan,lower,0.1
257,phase1,lower,-10.0,4,-13.564204024616293,-9.999999784336818,-7.499999976661093,-4.999999998317715,-2.499999999939438,nan,lower,0.1
258,phase1,upper,-15.0,2,-13.691630917431597,-9.999999784336818,-7.499999976661093,-4.999999998317715,-2.499999999939438,nan,lower,0.1
259,phase1,lower,-10.0,4,-13.691630917431597,-9.999999803569246,-7.4999999788267555,-4.999999998479887,-2.499999999945494,nan,lower,0.1
260,phase1,lower,-10.0,4,-13.691630917431597,-9.999999821094997,-7.499999980792069,-4.999999998626448,-2.4999999999509446,nan,lower,0.1
261,phase1,lower,-10.0,4,-13.691630917431597,-9.999999837064705,-7.499999982575507,-4.999999998758898,-2.49999999995585,nan,lower,0.1
262,phase1,lower,-10.0,4,-13.691630917431597,-9.999999851615785,-7.499999984193846,-4.999999998878593,-2.499999999960265,nan,lower,0.1
263,phase1,lower,-10.0,4,-13.691630917431597,-9.99999986487359,-7.4999999856623205,-4.99999999898676,-2.4999999999642384,nan,lower,0.1
264,phase1,lower,-10.0,4,-13.691630917431597,-9.999999876952463,-7.499999986994764,-4.999999999084507,-2.4999999999678146,nan,lower,0.1
265,phase1,lower,-10.0,4,-13.691630917431597,-9.999999887956694,-7.499999988203738,-4.999999999172838,-2.499999999971033,nan,lower,0.1
266,phase1,lower,-10.0,4,-13.691630917431597,-9.999999897981398,-7.499999989300648,-4.999999999252657,-2.4999999999739297,nan,lower,0.1
267,phase1,lower,-10.0,4,-13.691630917431597,-9.999999907113324,-7.49999999029585,-4.999999999324785,-2.499999999976537,nan,lower,0.1
268,phase1,lower,-10.0,4,-13.691630917431597,-9.999999915431577,-7.499999991198743,-4.99999999938996,-2.499999999978883,nan,lower,0.1
269,phase1,lower,-10.0,4,-13.691630917431597,-9.999999923008293,-7.499999992017865,-4.999999999448852,-2.4999999999809948,nan,lower,0.1
270,phase1,lower,-10.0,4,-13.691630917431597,-9.99999992990925,-7.499999992760964,-4.999999999502067,-2.4999999999828955,nan,lower,0.1
271,phase1,lower,-10.0,4,-13.691630917431597,-9.999999936194422,-7.4999999934350745,-4.99999999955015,-2.499999999984606,nan,lower,0.1
272,phase1,lower,-10.0,4,-13.691630917431597,-9.999999941918487,-7.499999994046582,-4.999999999593595,-2.4999999999861453,nan,lower,0.1
273,phase1,lower,-10.0,4,-13.691630917431597,-9.999999947131297,-7.499999994601283,-4.99999999963285,-2.499999999987531,nan,lower,0.1
274,phase1,lower,-10.0,4,-13.691630917431597,-9.999999951878296,-7.49999999510444,-4.999999999668319,-2.499999999988778,nan,lower,0.1
275,phase1,lower,-10.0,4,-13.691630917431597,-9.99999995620091,-7.499999995560827,-4.999999999700364,-2.4999999999899,nan,lower,0.1
276,phase1,lower,-10.0,4,-13.691630917431597,-9.9999999601369,-7.499999995974781,-4.999999999729318,-2.49999999999091,nan,lower,0.1
277,phase1,lower,-10.0,4,-13.691630917431597,-9.999999963720688,-7.499999996350234,-4.999999999755477,-2.499999999991819,nan,lower,0.1
278,phase1,upper,-15.0,2,-13.807930391437678,-9.999999963720688,-7.499999996350234,-4.999999999755477,-2.499999999991819,nan,lower,0.1
279,phase1,lower,-10.0,4,-13.807930391437678,-9.999999966983642,-7.499999996690758,-4.999999999779112,-2.499999999992637,nan,lower,0.1
280,phase1,lower,-10.0,4,-13.807930391437678,-9.999999969954354,-7.499999996999594,-4.9999999998004645,-2.4999999999933733,nan,lower,0.1
281,phase1,lower,-10.0,4,-13.807930391437678,-9.999999972658879,-7.499999997279681,-4.999999999819756,-2.499999999994036,nan,lower,0.1
282,phase1,lower,-10.0,4,-13.807930391437678,-9.999999975120959,-7.499999997533688,-4.999999999837184,-2.4999999999946323,nan,lower,0.1
283,phase1,lower,-10.0,4,-13.807930391437678,-9.999999977362233,-7.4999999977640375,-4.999999999852928,-2.499999999995169,nan,lower,0.1
284,phase1,lower,-10.0,4,-13.807930391437678,-9.999999979402414,-7.499999997972926,-4.9999999998671525,-2.4999999999956524,nan,lower,0.1
285,phase1,lower,-10.0,4,-13.807930391437678,-9.999999981259466,-7.499999998162349,-4.999999999880003,-2.499999999996087,nan,lower,0.1
286,phase1,lower,-10.0,4,-13.807930391437678,-9.999999982949754,-7.499999998334115,-4.999999999891611,-2.4999999999964784,nan,lower,0.1
287,phase1,lower,-10.0,4,-13.807930391437678,-9.999999984488191,-7.499999998489864,-4.999999999902098,-2.4999999999968305,nan,lower,0.1
288,phase1,lower,-10.0,4,-13.807930391437678,-9.999999985888358,-7.499999998631087,-4.999999999911571,-2.4999999999971476,nan,lower,0.1
289,phase1,lower,-10.0,4,-13.807930391437678,-9.999999987162631,-7.499999998759136,-4.999999999920129,-2.4999999999974327,nan,lower,0.1
290,phase1,lower,-10.0,4,-13.807930391437678,-9.999999988322282,-7.499999998875235,-4.9999999999278595,-2.4999999999976894,nan,lower,0.1
291,phase1,lower,-10.0,4,-13.807930391437678,-9.999999989377578,-7.499999998980497,-4.999999999934842,-2.4999999999979203,nan,lower,0.1
292,phase1,lower,-10.0,4,-13.807930391437678,-9.99999999033787,-7.499999999075932,-4.99999999994115,-2.499999999998128,nan,lower,0.1
293,phase1,lower,-10.0,4,-13.807930391437678,-9.999999991211675,-7.499999999162454,-4.999999999946848,-2.499999999998315,nan,lower,0.1
294,phase1,lower,-10.0,4,-13.807930391437678,-9.999999992006753,-7.4999999992408934,-4.999999999951995,-2.4999999999984834,nan,lower,0.1
295,phase1,lower,-10.0,4,-13.807930391437678,-9.999999992730167,-7.499999999312004,-4.999999999956644,-2.499999999998635,nan,lower,0.1
296,phase1,lower,-10.0,4,-13.807930391437678,-9.99999999338835,-7.499999999376468,-4.999999999960843,-2.499999999998771,nan,lower,0.1
297,phase1,lower,-10.0,4,-13.807930391437678,-9.999999993987162,-7.499999999434905,-4.999999999964635,-2.499999999998894,nan,lower,0.1
298,phase1,lower,-10.0,4,-13.807930391437678,-9.999999994531937,-7.499999999487878,-4.999999999968061,-2.499999999999005,nan,lower,0.1
299,phase1,lower,-10.0,4,-13.807930391437678,-9.999999995027531,-7.499999999535897,-4.9999999999711555,-2.4999999999991043,nan,lower,0.1
300,phase1,lower,-10.0,4,-13.807930391437678,-9.999999995478367,-7.499999999579423,-4.999999999973951,-2.499999999999194,nan,lower,0.1
301,phase1,lower,-10.0,4,-13.807930391437678,-9.999999995888473,-7.4999999996188755,-4.999999999976475,-2.4999999999992744,nan,lower,0.1
302,phase1,lower,-10.0,4,-13.807930391437678,-9.999999996261513,-7.499999999654635,-4.999999999978755,-2.4999999999993467,nan,lower,0.1
303,phase1,lower,-10.0,4,-13.807930391437678,-9.999999996600826,-7.499999999687048,-4.999999999980814,-2.499999999999412,nan,lower,0.1
304,phase1,lower,-10.0,4,-13.807930391437678,-9.999999996909448,-7.499999999716424,-4.999999999982673,-2.4999999999994706,nan,lower,0.1
305,phase1,lower,-10.0,4,-13.807930391437678,-9.999999997190146,-7.499999999743049,-4.999999999984353,-2.4999999999995235,nan,lower,0.1
306,phase1,upper,-15.0,2,-13.914053661468225,-9.999999997190146,-7.499999999743049,-4.999999999984353,-2.4999999999995235,nan,lower,0.1
307,phase1,lower,-10.0,4,-13.914053661468225,-9.999999997445437,-7.499999999767179,-4.99999999998587,-2.499999999999571,nan,lower,0.1
308,phase1,lower,-10.0,4,-13.914053661468225,-9.999999997677612,-7.499999999789048,-4.99999999998724,-2.499999999999614,nan,lower,0.1
309,phase1,lower,-10.0,4,-13.914053661468225,-9.999999997888755,-7.499999999808868,-4.999999999988478,-2.4999999999996527,nan,lower,0.1
310,phase1,lower,-10.0,4,-13.914053661468225,-9.999999998080767,-7.499999999826828,-4.999999999989595,-2.4999999999996874,nan,lower,0.1
311,phase1,lower,-10.0,4,-13.914053661468225,-9.999999998255372,-7.499999999843105,-4.999999999990604,-2.4999999999997184,nan,lower,0.1
312,phase1,lower,-10.0,4,-13.914053661468225,-9.999999998414145,-7.499999999857855,-4.999999999991515,-2.4999999999997464,nan,lower,0.1
313,phase1,lower,-10.0,4,-13.914053661468225,-9.999999998558517,-7.499999999871221,-4.999999999992339,-2.4999999999997717,nan,lower,0.1
314,phase1,lower,-10.0,4,-13.914053661468225,-9.999999998689788,-7.499999999883333,-4.999999999993082,-2.4999999999997944,nan,lower,0.1
315,phase1,lower,-10.0,4,-13.914053661468225,-9.999999998809143,-7.4999999998943085,-4.999999999993753,-2.499999999999815,nan,lower,0.1
316,phase1,lower,-10.0,4,-13.914053661468225,-9.999999998917659,-7.499999999904253,-4.99999999999436,-2.4999999999998335,nan,lower,0.1
317,phase1,lower,-10.0,4,-13.914053661468225,-9.999999999016318,-7.499999999913263,-4.999999999994907,-2.49999999999985,nan,lower,0.1
318,phase1,lower,-10.0,4,-13.914053661468225,-9.999999999106013,-7.499999999921427,-4.999999999995401,-2.499999999999865,nan,lower,0.1
319,phase1,lower,-10.0,4,-13.914053661468225,-9.999999999187555,-7.499999999928825,-4.999999999995848,-2.4999999999998783,nan,lower,0.1
320,phase1,lower,-10.0,4,-13.914053661468225,-9.999999999261682,-7.499999999935527,-4.999999999996251,-2.4999999999998903,nan,lower,0.1
321,phase1,lower,-10.0,4,-13.914053661468225,-9.999999999329066,-7.4999999999416,-4.999999999996615,-2.4999999999999014,nan,lower,0.1
322,phase1,lower,-10.0,4,-13.914053661468225,-9.99999999939032,-7.499999999947101,-4.999999999996944,-2.499999999999911,nan,lower,0.1
323,phase1,lower,-10.0,4,-13.914053661468225,-9.999999999445999,-7.499999999952085,-4.99999999999724,-2.49999999999992,nan,lower,0.1
324,phase1,lower,-10.0,4,-13.914053661468225,-9.999999999496607,-7.499999999956601,-4.999999999997509,-2.499999999999928,nan,lower,0.1
325,phase1,lower,-10.0,4,-13.914053661468225,-9.999999999542606,-7.499999999960692,-4.99999999999775,-2.499999999999935,nan,lower,0.1
326,phase1,lower,-10.0,4,-13.914053661468225,-9.999999999584414,-7.499999999964397,-4.999999999997969,-2.499999999999942,nan,lower,0.1
327,phase1,lower,-10.0,4,-13.914053661468225,-9.999999999622412,-7.499999999967755,-4.999999999998166,-2.4999999999999476,nan,lower,0.1
328,phase1,lower,-10.0,4,-13.914053661468225,-9.999999999656946,-7.499999999970796,-4.999999999998344,-2.499999999999953,nan,lower,0.1
329,phase1,lower,-10.0,4,-13.914053661468225,-9.999999999688331,-7.499999999973551,-4.999999999998505,-2.499999999999958,nan,lower,0.1
330,phase1,lower,-10.0,4,-13.914053661468225,-9.999999999716852,-7.499999999976047,-4.99999999999865,-2.499999999999962,nan,lower,0.1
331,phase1,lower,-10.0,4,-13.914053661468225,-9.999999999742771,-7.499999999978307,-4.999999999998781,-2.499999999999966,nan,lower,0.1
332,phase1,lower,-10.0,4,-13.914053661468225,-9.999999999766324,-7.499999999980354,-4.9999999999988995,-2.4999999999999694,nan,lower,0.1
333,phase1,lower,-10.0,4,-13.914053661468225,-9.999999999787727,-7.499999999982209,-4.999999999999007,-2.4999999999999725,nan,lower,0.1
334,phase1,lower,-10.0,4,-13.914053661468225,-9.999999999807175,-7.499999999983888,-4.999999999999104,-2.499999999999975,nan,lower,0.1
335,phase1,lower,-10.0,4,-13.914053661468225,-9.999999999824846,-7.49999999998541,-4.999999999999191,-2.499999999999978,nan,lower,0.1
336,phase1,lower,-10.0,4,-13.914053661468225,-9.999999999840902,-7.499999999986788,-4.99999999999927,-2.49999999999998,nan,lower,0.1
337,phase1,lower,-10.0,4,-13.914053661468225,-9.999999999855492,-7.499999999988036,-4.999999999999341,-2.4999999999999822,nan,lower,0.1
338,phase1,lower,-10.0,4,-13.914053661468225,-9.999999999868747,-7.499999999989167,-4.999999999999405,-2.499999999999984,nan,lower,0.1
339,phase1,lower,-10.0,4,-13.914053661468225,-9.999999999880789,-7.499999999990191,-4.999999999999463,-2.499999999999986,nan,lower,0.1
340,phase1,lower,-10.0,4,-13.914053661468225,-9.99999999989173,-7.499999999991118,-4.999999999999515,-2.499999999999987,nan,lower,0.1
341,phase1,lower,-10.0,4,-13.914053661468225,-9.999999999901668,-7.4999999999919575,-4.999999999999562,-2.4999999999999885,nan,lower,0.1
342,phase1,lower,-10.0,4,-13.914053661468225,-9.999999999910697,-7.499999999992718,-4.999999999999605,-2.49999999999999,nan,lower,0.1
343,phase1,lower,-10.0,4,-13.914053661468225,-9.999999999918899,-7.499999999993406,-4.999999999999643,-2.4999999999999907,nan,lower,0.1
344,phase1,lower,-10.0,4,-13.914053661468225,-9.999999999926349,-7.49999999999403,-4.999999999999678,-2.4999999999999916,nan,lower,0.1
345,phase1,lower,-10.0,4,-13.914053661468225,-9.999999999933117,-7.4999999999945945,-4.999999999999709,-2.4999999999999925,nan,lower,0.1
346,phase1,lower,-10.0,4,-13.914053661468225,-9.999999999939265,-7.499999999995106,-4.999999999999737,-2.4999999999999933,nan,lower,0.1
347,phase1,lower,-10.0,4,-13.914053661468225,-9.99999999994485,-7.499999999995569,-4.999999999999763,-2.499999999999994,nan,lower,0.1
348,phase1,lower,-10.0,4,-13.914053661468225,-9.999999999949921,-7.499999999995988,-4.999999999999786,-2.4999999999999942,nan,lower,0.1
349,phase1,lower,-10.0,4,-13.914053661468225,-9.999999999954527,-7.499999999996368,-4.999999999999806,-2.4999999999999947,nan,lower,0.1
350,phase1,upper,-15.0,2,-14.010872973578287,-9.999999999954527,-7.499999999996368,-4.999999999999806,-2.4999999999999947,nan,lower,0.1
351,phase1,lower,-10.0,4,-14.010872973578287,-9.99999999995871,-7.499999999996712,-4.999999999999825,-2.499999999999995,nan,lower,0.1
352,phase1,lower,-10.0,4,-14.010872973578287,-9.99999999996251,-7.499999999997023,-4.999999999999842,-2.4999999999999956,nan,lower,0.1
353,phase1,lower,-10.0,4,-14.010872973578287,-9.999999999965961,-7.499999999997304,-4.999999999999857,-2.499999999999996,nan,lower,0.1
354,phase1,lower,-10.0,4,-14.010872973578287,-9.999999999969095,-7.499999999997559,-4.999999999999871,-2.4999999999999964,nan,lower,0.1
355,phase1,lower,-10.0,4,-14.010872973578287,-9.99999999997194,-7.49999999999779,-4.999999999999884,-2.499999999999997,nan,lower,0.1
356,phase1,upper,-15.0,2,-14.099187886651654,-9.99999999997194,-7.49999999999779,-4.999999999999884,-2.499999999999997,nan,lower,0.1
357,phase1,lower,-10.0,4,-14.099187886651654,-9.999999999974525,-7.499999999998,-4.999999999999895,-2.4999999999999973,nan,lower,0.1
358,phase1,lower,-10.0,4,-14.099187886651654,-9.999999999976872,-7.499999999998189,-4.999999999999906,-2.499999999999998,nan,lower,0.1
359,phase1,lower,-10.0,4,-14.099187886651654,-9.999999999979003,-7.49999999999836,-4.999999999999915,-2.4999999999999982,nan,lower,0.1
360,phase1,lower,-10.0,4,-14.099187886651654,-9.99999999998094,-7.499999999998516,-4.999999999999923,-2.4999999999999982,nan,lower,0.1
361,phase1,lower,-10.0,4,-14.099187886651654,-9.999999999982697,-7.499999999998656,-4.999999999999931,-2.4999999999999982,nan,lower,0.1
362,phase1,lower,-10.0,4,-14.099187886651654,-9.999999999984293,-7.499999999998783,-4.999999999999938,-2.4999999999999982,nan,lower,0.1
363,phase1,lower,-10.0,4,-14.099187886651654,-9.999999999985743,-7.499999999998899,-4.999999999999944,-2.4999999999999982,nan,lower,0.1
364,phase1,lower,-10.0,4,-14.099187886651654,-9.99999999998706,-7.4999999999990035,-4.999999999999949,-2.4999999999999982,nan,lower,0.1
365,phase1,lower,-10.0,4,-14.099187886651654,-9.999999999988253,-7.499999999999098,-4.999999999999954,-2.4999999999999982,nan,lower,0.1
366,phase1,lower,-10.0,4,-14.099187886651654,-9.999999999989338,-7.499999999999183,-4.999999999999958,-2.4999999999999982,nan,lower,0.1
367,phase1,lower,-10.0,4,-14.099187886651654,-9.999999999990322,-7.49999999999926,-4.999999999999963,-2.4999999999999982,nan,lower,0.1
368,phase1,upper,-15.0,2,-14.179731087374565,-9.999999999990322,-7.49999999999926,-4.999999999999963,-2.4999999999999982,nan,lower,0.1
369,phase1,upper,-15.0,2,-14.253173769086377,-9.999999999990322,-7.49999999999926,-4.999999999999963,-2.4999999999999982,nan,lower,0.1
370,phase1,lower,-10.0,4,-14.253173769086377,-9.999999999991216,-7.49999999999933,-4.999999999999966,-2.4999999999999982,nan,lower,0.1
371,phase1,lower,-10.0,4,-14.253173769086377,-9.999999999992028,-7.499999999999394,-4.99999999999997,-2.4999999999999982,nan,lower,0.1
372,phase1,lower,-10.0,4,-14.253173769086377,-9.999999999992765,-7.499999999999452,-4.9999999999999725,-2.4999999999999982,nan,lower,0.1
373,phase1,lower,-10.0,4,-14.253173769086377,-9.999999999993435,-7.499999999999504,-4.999999999999975,-2.4999999999999982,nan,lower,0.1
374,phase1,lower,-10.0,4,-14.253173769086377,-9.999999999994042,-7.4999999999995515,-4.999999999999978,-2.4999999999999982,nan,lower,0.1
375,phase1,lower,-10.0,4,-14.253173769086377,-9.999999999994593,-7.499999999999594,-4.99999999999998,-2.4999999999999982,nan,lower,0.1
376,phase1,lower,-10.0,4,-14.253173769086377,-9.999999999995094,-7.499999999999632,-4.999999999999981,-2.4999999999999982,nan,lower,0.1
377,phase1,lower,-10.0,4,-14.253173769086377,-9.999999999995548,-7.499999999999667,-4.999999999999983,-2.4999999999999982,nan,lower,0.1
378,phase1,lower,-10.0,4,-14.253173769086377,-9.99999999999596,-7.499999999999699,-4.999999999999985,-2.4999999999999982,nan,lower,0.1
379,phase1,lower,-10.0,4,-14.253173769086377,-9.999999999996334,-7.499999999999727,-4.999999999999986,-2.4999999999999982,nan,lower,0.1
380,phase1,lower,-10.0,4,-14.253173769086377,-9.999999999996673,-7.499999999999753,-4.999999999999987,-2.4999999999999982,nan,lower,0.1
381,phase1,lower,-10.0,4,-14.253173769086377,-9.99999999999698,-7.499999999999776,-4.999999999999988,-2.4999999999999982,nan,lower,0.1
382,phase1,lower,-10.0,4,-14.253173769086377,-9.999999999997259,-7.4999999999997975,-4.9999999999999885,-2.4999999999999982,nan,lower,0.1
383,phase1,lower,-10.0,4,-14.253173769086377,-9.999999999997513,-7.499999999999817,-4.999999999999989,-2.4999999999999982,nan,lower,0.1
384,phase1,upper,-15.0,2,-14.320130603582081,-9.999999999997513,-7.499999999999817,-4.999999999999989,-2.4999999999999982,nan,lower,0.1
385,phase1,lower,-10.0,4,-14.320130603582081,-9.999999999997744,-7.499999999999834,-4.99999999999999,-2.4999999999999982,nan,lower,0.1
386,phase1,lower,-10.0,4,-14.320130603582081,-9.999999999997954,-7.49999999999985,-4.999999999999991,-2.4999999999999982,nan,lower,0.1
387,phase1,lower,-10.0,4,-14.320130603582081,-9.999999999998144,-7.499999999999864,-4.999999999999992,-2.4999999999999982,nan,lower,0.1
388,phase1,lower,-10.0,4,-14.320130603582081,-9.999999999998316,-7.4999999999998765,-4.999999999999993,-2.4999999999999982,nan,lower,0.1
389,phase1,lower,-10.0,4,-14.320130603582081,-9.999999999998472,-7.499999999999888,-4.999999999999994,-2.4999999999999982,nan,lower,0.1
390,phase1,lower,-10.0,4,-14.320130603582081,-9.999999999998614,-7.499999999999899,-4.999999999999995,-2.4999999999999982,nan,lower,0.1
391,phase1,lower,-10.0,4,-14.320130603582081,-9.999999999998742,-7.4999999999999085,-4.999999999999995,-2.4999999999999982,nan,lower,0.1
392,phase1,lower,-10.0,4,-14.320130603582081,-9.99999999999886,-7.499999999999917,-4.999999999999995,-2.4999999999999982,nan,lower,0.1
393,phase1,upper,-15.0,2,-14.381164333487781,-9.99999999999886,-7.499999999999917,-4.999999999999995,-2.4999999999999982,nan,lower,0.1
394,phase1,lower,-10.0,4,-14.381164333487781,-9.999999999998966,-7.499999999999925,-4.999999999999995,-2.4999999999999982,nan,lower,0.1
395,phase1,lower,-10.0,4,-14.381164333487781,-9.999999999999062,-7.4999999999999325,-4.999999999999995,-2.4999999999999982,nan,lower,0.1
396,phase1,lower,-10.0,4,-14.381164333487781,-9.99999999999915,-7.499999999999939,-4.999999999999995,-2.4999999999999982,nan,lower,0.1
397,phase1,lower,-10.0,4,-14.381164333487781,-9.999999999999229,-7.499999999999944,-4.999999999999995,-2.4999999999999982,nan,lower,0.1
398,phase1,lower,-10.0,4,-14.381164333487781,-9.9999999999993,-7.499999999999949,-4.999999999999995,-2.4999999999999982,nan,lower,0.1
399,phase1,lower,-10.0,4,-14.381164333487781,-9.999999999999366,-7.499999999999954,-4.999999999999995,-2.4999999999999982,nan,lower,0.1
400,phase2,lower,-20.0,4,-14.381164333487781,-9.999999999999424,-8.499999999999973,-5.270000000000007,-2.6890000000000067,-0.14700000000000676,lower,0.1
401,phase2,lower,-20.0,4,-14.381164333487781,-10.232299999999485,-9.546609999999996,-5.595917000000021,-2.901724900000016,-0.1744827000000075,lower,0.1
402,phase2,lower,-20.0,4,-14.381164333487781,-10.570765429999543,-10.560451171000016,-5.918566408700034,-3.0957572563900237,-0.17010757797000683,lower,0.1
403,phase2,lower,-20.0,4,-14.381164333487781,-10.972830824272597,-11.520651983898135,-6.220527107276615,-3.261434813303959,-0.15732427984947284,lower,0.1
404,phase2,lower,-20.0,4,-14.381164333487781,-11.419204792099677,-12.422044963851041,-6.495998333541109,-3.3978621589995326,-0.14248982106552432,lower,0.1
405,phase2,lower,-20.0,4,-14.381164333487781,-11.897729648233785,-13.263785572728615,-6.742723147404581,-3.506503168309297,-0.12739642150423885,lower,0.1
406,phase2,lower,-20.0,4,-14.381164333487781,-12.398992020037083,-14.046322585705243,-6.959782742867625,-3.5894520274035955,-0.11260426400367639,lower,0.1
407,phase2,lower,-20.0,4,-14.381164333487781,-12.915068914207207,-14.770587213016837,-7.146956123681355,-3.6489524119978007,-0.09832967377144257,lower,0.1
408,phase2,lower,-20.0,4,-14.381164333487781,-13.439117450482469,-15.437770792627159,-7.30450039508165,-3.6872523203806202,-0.08468321064875423,lower,0.1
409,phase2,lower,-20.0,4,-14.381164333487781,-13.965197674280816,-16.04925781581923,-7.433047130940453,-3.706551470655865,-0.07173472774337553,lower,0.1
410,phase2,lower,-20.0,4,-14.381164333487781,-14.488164943403694,-16.606599249631216,-7.533533628030172,-3.708976184945319,-0.05953223693424439,upper,0.1
411,phase2,upper,-15.0,2,-14.490369024617339,-14.488164943403694,-16.606599249631216,-7.533533628030172,-3.708976184945319,-0.042729555083159815,lower,0.1
412,phase2,lower,-20.0,4,-14.490369024617339,-14.988464973601289,-17.100910033441643,-7.599737254117832,-3.691377074764798,-0.04407399869587102,upper,0.1
413,phase2,upper,-15.0,2,-14.580619045325506,-14.988464973601289,-17.100910033441643,-7.599737254117832,-3.691377074764798,-0.032332680653087,upper,0.1
414,phase2,upper,-15.0,2,-14.65545725959864,-14.988464973601289,-17.100910033441643,-7.599737254117832,-3.691377074764798,-0.024307950008565338,upper,0.1
415,phase2,upper,-15.0,2,-14.71848123076925,-14.988464973601289,-17.100910033441643,-7.599737254117832,-3.691377074764798,-0.018543964261576656,upper,0.1
416,phase2,upper,-15.0,2,-14.77198832832517,-14.988464973601289,-17.100910033441643,-7.599737254117832,-3.691377074764798,-0.014218527890249858,upper,0.1
417,phase2,upper,-15.0,2,-14.817547601162495,-14.988464973601289,-17.100910033441643,-7.599737254117832,-3.691377074764798,-0.010858795020218292,upper,0.1
418,phase2,upper,-15.0,2,-14.856311401472158,-14.988464973601289,-17.100910033441643,-7.599737254117832,-3.691377074764798,-0.008185201893800132,upper,0.1
419,phase2,upper,-15.0,2,-14.88918488142195,-14.988464973601289,-17.100910033441643,-7.599737254117832,-3.691377074764798,-0.006025795041713838,upper,0.1
420,phase2,upper,-15.0,2,-14.91691810464256,-14.988464973601289,-17.100910033441643,-7.599737254117832,-3.691377074764798,-0.004269192436305096,upper,0.1
421,phase2,upper,-15.0,2,-14.940156208908787,-14.988464973601289,-17.100910033441643,-7.599737254117832,-3.691377074764798,-0.0028387363578930005,upper,0.1
422,phase2,upper,-15.0,2,-14.959466974686512,-14.988464973601289,-17.100910033441643,-7.599737254117832,-3.691377074764798,-0.0016782632730980114,upper,0.1
423,phase2,upper,-15.0,2,-14.975356335488547,-14.988464973601289,-17.100910033441643,-7.599737254117832,-3.691377074764798,-0.0007442366161603455,upper,0.1
424,phase2,upper,-15.0,2,-14.98827753561697,-14.988464973601289,-17.100910033441643,-7.599737254117832,-3.691377074764798,-1.36103161309329e-06,upper,0.1
425,phase2,upper,-15.0,2,-14.998636999994698,-14.988464973601289,-17.100910033441643,-7.599737254117832,-3.691377074764798,0.0005799007134535037,lower,0.1
426,phase2,lower,-20.0,4,-14.998636999994698,-15.449187568943216,-17.524963434675474,-7.6267890465571355,-3.651735109708011,-0.026088709639039392,upper,0.1
427,phase2,upper,-15.0,2,-15.03080029059036,-15.449187568943216,-17.524963434675474,-7.6267890465571355,-3.651735109708011,-0.012042847050440864,upper,0.1
428,phase2,upper,-15.0,2,-15.048129302513832,-15.449187568943216,-17.524963434675474,-7.6267890465571355,-3.651735109708011,-0.004392845874978425,upper,0.1
429,phase2,upper,-15.0,2,-15.056817305826115,-15.449187568943216,-17.524963434675474,-7.6267890465571355,-3.651735109708011,-0.00028251562109221466,upper,0.1
430,phase2,upper,-15.0,2,-15.060387053575846,-15.449187568943216,-17.524963434675474,-7.6267890465571355,-3.651735109708011,0.0018644800526157056,upper,0.1
431,phase2,upper,-15.0,2,-15.060875125560711,-15.449187568943216,-17.524963434675474,-7.6267890465571355,-3.651735109708011,0.0029201561959568273,upper,0.1
432,phase2,upper,-15.0,2,-15.059484823444658,-15.449187568943216,-17.524963434675474,-7.6267890465571355,-3.651735109708011,0.0033685357642678597,upper,0.1
433,phase2,upper,-15.0,2,-15.056946926625175,-15.449187568943216,-17.524963434675474,-7.6267890465571355,-3.651735109708011,0.0034795679109831945,upper,0.1
434,phase2,upper,-15.0,2,-15.05371977823611,-15.449187568943216,-17.524963434675474,-7.6267890465571355,-3.651735109708011,0.003404797720910882,upper,0.1
435,phase2,upper,-15.0,2,-15.050100930033024,-15.449187568943216,-17.524963434675474,-7.6267890465571355,-3.651735109708011,0.0032300365074456245,upper,0.1
436,phase2,upper,-15.0,2,-15.046290032412148,-15.449187568943216,-17.524963434675474,-7.6267890465571355,-3.651735109708011,0.0030043979608633375,upper,0.1
437,phase2,upper,-15.0,2,-15.04242477977277,-15.449187568943216,-17.524963434675474,-7.6267890465571355,-3.651735109708011,0.0027563394704733396,upper,0.1
438,phase2,upper,-15.0,2,-15.03860190213967,-15.449187568943216,-17.524963434675474,-7.6267890465571355,-3.651735109708011,0.0025025542438443576,upper,0.1
439,phase2,upper,-15.0,2,-15.034889800353485,-15.449187568943216,-17.524963434675474,-7.6267890465571355,-3.651735109708011,0.002252926376668557,upper,0.1
440,phase2,upper,-15.0,2,-15.031336459504189,-15.449187568943216,-17.524963434675474,-7.6267890465571355,-3.651735109708011,0.00201331429524559,upper,0.1
441,phase2,upper,-15.0,2,-15.02797464786689,-15.449187568943216,-17.524963434675474,-7.6267890465571355,-3.651735109708011,0.0017871332003539576,upper,0.1
442,phase2,upper,-15.0,2,-15.024825514483405,-15.449187568943216,-17.524963434675474,-7.6267890465571355,-3.651735109708011,0.001576270488895198,upper,0.1
443,phase2,upper,-15.0,2,-15.021901207094022,-15.449187568943216,-17.524963434675474,-7.6267890465571355,-3.651735109708011,0.0013816282186168293,upper,0.1
444,phase2,upper,-15.0,2,-15.019206861769499,-15.449187568943216,-17.524963434675474,-7.6267890465571355,-3.651735109708011,0.0012034548464436847,upper,0.1
445,phase2,upper,-15.0,2,-15.016742166598398,-15.449187568943216,-17.524963434675474,-7.6267890465571355,-3.651735109708011,0.0010415560050051331,upper,0.1
446,phase2,upper,-15.0,2,-15.01450261939276,-15.449187568943216,-17.524963434675474,-7.6267890465571355,-3.651735109708011,0.0008954342283023759,upper,0.1
447,phase2,upper,-15.0,2,-15.012480553528901,-15.449187568943216,-17.524963434675474,-7.6267890465571355,-3.651735109708011,0.0007643855983961241,upper,0.1
448,phase2,upper,-15.0,2,-15.010665980247294,-15.449187568943216,-17.524963434675474,-7.6267890465571355,-3.651735109708011,0.0006475691872066557,upper,0.1
449,phase2,upper,-15.0,2,-15.009047280951673,-15.449187568943216,-17.524963434675474,-7.6267890465571355,-3.651735109708011,0.0005440584767079941,upper,0.1
450,phase2,upper,-15.0,2,-15.007611774316779,-15.449187568943216,-17.524963434675474,-7.6267890465571355,-3.651735109708011,0.00045288022160988063,upper,0.1
451,phase2,upper,-15.0,2,-15.006346177623838,-15.449187568943216,-17.524963434675474,-7.6267890465571355,-3.651735109708011,0.000373044133678071,upper,0.1
452,phase2,upper,-15.0,2,-15.005236978210228,-15.449187568943216,-17.524963434675474,-7.6267890465571355,-3.651735109708011,0.0003035655818203291,upper,0.1
453,phase2,upper,-15.0,2,-15.004270728435602,-15.449187568943216,-17.524963434675474,-7.6267890465571355,-3.651735109708011,0.00024348281380979432,upper,0.1
454,phase2,upper,-15.0,2,-15.003434275690712,-15.449187568943216,-17.524963434675474,-7.6267890465571355,-3.651735109708011,0.00019186979271336248,upper,0.1
455,phase2,upper,-15.0,2,-15.00271493746718,-15.449187568943216,-17.524963434675474,-7.6267890465571355,-3.651735109708011,0.00014784548224293319,upper,0.1
456,phase2,upper,-15.0,2,-15.002100630236514,-15.449187568943216,-17.524963434675474,-7.6267890465571355,-3.651735109708011,0.00011058024361623479,upper,0.1
457,phase2,upper,-15.0,2,-15.001579959783282,-15.449187568943216,-17.524963434675474,-7.6267890465571355,-3.651735109708011,7.9299885409352e-05,upper,0.1
458,phase2,upper,-15.0,2,-15.001142279661126,-15.449187568943216,-17.524963434675474,-7.6267890465571355,-3.651735109708011,5.3287817073177976e-05,upper,0.1
459,phase2,upper,-15.0,2,-15.000777723568522,-15.449187568943216,-17.524963434675474,-7.6267890465571355,-3.651735109708011,3.188568504806936e-05,upper,0.1
460,phase2,upper,-15.0,2,-15.000477216660093,-15.449187568943216,-17.524963434675474,-7.6267890465571355,-3.651735109708011,1.4492811459323383e-05,upper,0.1
461,phase2,upper,-15.0,2,-15.0002324701097,-15.449187568943216,-17.524963434675474,-7.6267890465571355,-3.651735109708011,5.64705610635083e-07,upper,0.1
462,phase2,upper,-15.0,2,-15.000035962616353,-15.449187568943216,-17.524963434675474,-7.6267890465571355,-3.651735109708011,-1.0389124206606146e-05,upper,0.1
463,phase2,upper,-15.0,2,-14.99988091198748,-15.449187568943216,-17.524963434675474,-7.6267890465571355,-3.651735109708011,-1.880786802983733e-05,upper,0.1
464,phase2,upper,-15.0,2,-14.999761239440966,-15.449187568943216,-17.524963434675474,-7.6267890465571355,-3.651735109708011,-2.5082462206906885e-05,upper,0.1
465,phase2,upper,-15.0,2,-14.999671528832499,-15.449187568943216,-17.524963434675474,-7.6267890465571355,-3.651735109708011,-2.9558857453214535e-05,upper,0.1
466,phase2,upper,-15.0,2,-14.999606982633495,-15.449187568943216,-17.524963434675474,-7.6267890465571355,-3.651735109708011,-3.2541400541192227e-05,upper,0.1
467,phase2,upper,-15.0,2,-14.999563376152325,-15.449187568943216,-17.524963434675474,-7.6267890465571355,-3.651735109708011,-3.429624400930452e-05,upper,0.1
468,phase2,upper,-15.0,2,-14.999537011203437,-15.449187568943216,-17.524963434675474,-7.6267890465571355,-3.651735109708011,-3.5054716159650076e-05,upper,0.1
469,phase2,upper,-15.0,2,-14.999524670180719,-15.449187568943216,-17.524963434675474,-7.6267890465571355,-3.651735109708011,-3.501659886849573e-05,upper,0.1
470,phase2,upper,-15.0,2,-14.999523571279306,-15.449187568943216,-17.524963434675474,-7.6267890465571355,-3.651735109708011,-3.435327365949945e-05,upper,0.1
471,phase2,upper,-15.0,2,-14.999531325429617,-15.449187568943216,-17.524963434675474,-7.6267890465571355,-3.651735109708011,-3.321070735241625e-05,upper,0.1
472,phase2,upper,-15.0,2,-14.999545895355773,-15.449187568943216,-17.524963434675474,-7.6267890465571355,-3.651735109708011,-3.1712257655538354e-05,upper,0.1
473,phase2,upper,-15.0,2,-14.999565557043718,-15.449187568943216,-17.524963434675474,-7.6267890465571355,-3.651735109708011,-2.9961286533037036e-05,upper,0.1
474,phase2,upper,-15.0,2,-14.99958886379964,-15.449187568943216,-17.524963434675474,-7.6267890465571355,-3.651735109708011,-2.8043575265738835e-05,upper,0.1
475,phase2,upper,-15.0,2,-14.999614612993788,-15.449187568943216,-17.524963434675474,-7.6267890465571355,-3.651735109708011,-2.6029540014226028e-05,upper,0.1
476,phase2,upper,-15.0,2,-14.999641815515762,-15.449187568943216,-17.524963434675474,-7.6267890465571355,-3.651735109708011,-2.3976250556810172e-05,upper,0.1
477,phase2,upper,-15.0,2,-14.999669667912785,-15.449187568943216,-17.524963434675474,-7.6267890465571355,-3.651735109708011,-2.192925786303902e-05,upper,0.1
478,phase2,upper,-15.0,2,-14.999697527139988,-15.449187568943216,-17.524963434675474,-7.6267890465571355,-3.651735109708011,-1.9924238408032944e-05,upper,0.1
479,phase2,upper,-15.0,2,-14.999724887819733,-15.449187568943216,-17.524963434675474,-7.6267890465571355,-3.651735109708011,-1.7988464754196012e-05,upper,0.1
480,phase2,upper,-15.0,2,-14.999751361883678,-15.449187568943216,-17.524963434675474,-7.6267890465571355,-3.651735109708011,-1.6142113027632595e-05,upper,0.1
481,phase2,upper,-15.0,2,-14.999776660455224,-15.449187568943216,-17.524963434675474,-7.6267890465571355,-3.651735109708011,-1.4399418589371905e-05,upper,0.1
482,phase2,upper,-15.0,2,-14.999800577820007,-15.449187568943216,-17.524963434675474,-7.6267890465571355,-3.651735109708011,-1.2769691527337442e-05,upper,0.1
483,phase2,upper,-15.0,2,-14.999822977326946,-15.449187568943216,-17.524963434675474,-7.6267890465571355,-3.651735109708011,-1.1258203637297683e-05,upper,0.1
484,phase2,upper,-15.0,2,-14.999843779061184,-15.449187568943216,-17.524963434675474,-7.6267890465571355,-3.651735109708011,-9.866958387119496e-06,upper,0.1
485,phase2,upper,-15.0,2,-14.999862949132211,-15.449187568943216,-17.524963434675474,-7.6267890465571355,-3.651735109708011,-8.595355010981334e-06,upper,0.1
486,phase2,upper,-15.0,2,-14.999880490424847,-15.449187568943216,-17.524963434675474,-7.6267890465571355,-3.651735109708011,-7.440757407849353e-06,upper,0.1
487,phase2,upper,-15.0,2,-14.999896434666882,-15.449187568943216,-17.524963434675474,-7.6267890465571355,-3.651735109708011,-6.398977951459907e-06,upper,0.1
488,phase2,upper,-15.0,2,-14.999910835674763,-15.449187568943216,-17.524963434675474,-7.6267890465571355,-3.651735109708011,-5.464685694568585e-06,upper,0.1
489,phase2,upper,-15.0,2,-14.999923763647041,-15.449187568943216,-17.524963434675474,-7.6267890465571355,-3.651735109708011,-4.6317477835336835e-06,upper,0.1
490,phase2,upper,-15.0,2,-14.999935300384298,-15.449187568943216,-17.524963434675474,-7.6267890465571355,-3.651735109708011,-3.893512220059457e-06,upper,0.1
491,phase2,upper,-15.0,2,-14.999945535323471,-15.449187568943216,-17.524963434675474,-7.6267890465571355,-3.651735109708011,-3.243039423075111e-06,upper,0.1
492,phase2,upper,-15.0,2,-14.99995456228383,-15.449187568943216,-17.524963434675474,-7.6267890465571355,-3.651735109708011,-2.6732893741015754e-06,upper,0.1
493,phase2,upper,-15.0,2,-14.999962476830943,-15.449187568943216,-17.524963434675474,-7.6267890465571355,-3.651735109708011,-2.1772704776066537e-06,upper,0.1
494,phase2,upper,-15.0,2,-14.999969374173903,-15.449187568943216,-17.524963434675474,-7.6267890465571355,-3.651735109708011,-1.7481556481301812e-06,upper,0.1
495,phase2,upper,-15.0,2,-14.999975347519586,-15.449187568943216,-17.524963434675474,-7.6267890465571355,-3.651735109708011,-1.3793705467029649e-06,upper,0.1
496,phase2,upper,-15.0,2,-14.999980486815767,-15.449187568943216,-17.524963434675474,-7.6267890465571355,-3.651735109708011,-1.0646583384177971e-06,upper,0.1
497,phase2,upper,-15.0,2,-14.999984877822515,-15.449187568943216,-17.524963434675474,-7.6267890465571355,-3.651735109708011,-7.981248310344499e-07,upper,0.1
498,phase2,upper,-15.0,2,-14.999988601458307,-15.449187568943216,-17.524963434675474,-7.6267890465571355,-3.651735109708011,-5.74267381684318e-07,upper,0.1
499,phase2,upper,-15.0,2,-14.999991733373845,-15.449187568943216,-17.524963434675474,-7.6267890465571355,-3.651735109708011,-3.8799052737484117e-07,upper,0.1
500,phase2,upper,-15.0,2,-14.999994343712453,-15.449187568943216,-17.524963434675474,-7.6267890465571355,-3.651735109708011,-2.3461090092818314e-07,upper,0.1
501,phase2,upper,-15.0,2,-14.999996497021462,-15.449187568943216,-17.524963434675474,-7.6267890465571355,-3.651735109708011,-1.0985364004914873e-07,upper,0.1
502,phase2,upper,-15.0,2,-14.999998252283774,-15.449187568943216,-17.524963434675474,-7.6267890465571355,-3.651735109708011,-9.842176376875868e-09,upper,0.1
503,phase2,upper,-15.0,2,-14.999999663043338,-15.449187568943216,-17.524963434675474,-7.6267890465571355,-3.651735109708011,6.891699139520207e-08,upper,0.1
504,phase2,upper,-15.0,2,-15.000000777602098,-15.449187568943216,-17.524963434675474,-7.6267890465571355,-3.651735109708011,1.295531906313029e-07,upper,0.1
505,phase2,upper,-15.0,2,-15.000001639269565,-15.449187568943216,-17.524963434675474,-7.6267890465571355,-3.651735109708011,1.7485300662642518e-07,upper,0.1
506,phase2,upper,-15.0,2,-15.000002286649206,-15.449187568943216,-17.524963434675474,-7.6267890465571355,-3.651735109708011,2.0728332153670333e-07,upper,0.1
507,phase2,upper,-15.0,2,-15.000002753948609,-15.449187568943216,-17.524963434675474,-7.6267890465571355,-3.651735109708011,2.29015199059841e-07,upper,0.1
508,phase2,upper,-15.0,2,-15.00000307130267,-15.449187568943216,-17.524963434675474,-7.6267890465571355,-3.651735109708011,2.419480024272856e-07,upper,0.1
509,phase2,upper,-15.0,2,-15.000003265101213,-15.449187568943216,-17.524963434675474,-7.6267890465571355,-3.651735109708011,2.4773325838978934e-07,upper,0.1
510,phase2,upper,-15.0,2,-15.000003358314142,-15.449187568943216,-17.524963434675474,-7.6267890465571355,-3.651735109708011,2.4779789066987675e-07,upper,0.1
511,phase2,upper,-15.0,2,-15.000003370808784,-15.449187568943216,-17.524963434675474,-7.6267890465571355,-3.651735109708011,2.4336653761851354e-07,upper,0.1
512,phase2,upper,-15.0,2,-15.00000331965534,-15.449187568943216,-17.524963434675474,-7.6267890465571355,-3.651735109708011,2.3548274663404386e-07,upper,0.1
513,phase2,upper,-15.0,2,-15.000003219417493,-15.449187568943216,-17.524963434675474,-7.6267890465571355,-3.651735109708011,2.2502890233526648e-07,upper,0.1
514,phase2,upper,-15.0,2,-15.00000308242607,-15.449187568943216,-17.524963434675474,-7.6267890465571355,-3.651735109708011,2.1274480002138094e-07,upper,0.1
515,phase2,upper,-15.0,2,-15.000002919034461,-15.449187568943216,-17.524963434675474,-7.6267890465571355,-3.651735109708011,1.992448181361879e-07,upper,0.1
516,phase2,upper,-15.0,2,-15.000002737855068,-15.449187568943216,-17.524963434675474,-7.6267890465571355,-3.651735109708011,1.850336796160163e-07,upper,0.1
517,phase2,upper,-15.0,2,-15.000002545976582,-15.449187568943216,-17.524963434675474,-7.6267890465571355,-3.651735109708011,1.7052081935256968e-07,upper,0.1
518,phase2,upper,-15.0,2,-15.000002349162262,-15.449187568943216,-17.524963434675474,-7.6267890465571355,-3.651735109708011,1.560333965896767e-07,upper,0.1
519,phase2,upper,-15.0,2,-15.000002152029705,-15.449187568943216,-17.524963434675474,-7.6267890465571355,-3.651735109708011,1.4182800722515858e-07,upper,0.1
520,phase2,upper,-15.0,2,-15.00000195821281,-15.449187568943216,-17.524963434675474,-7.6267890465571355,-3.651735109708011,1.2810116274321336e-07,upper,0.1
521,phase2,upper,-15.0,2,-15.000001770506836,-15.449187568943216,-17.524963434675474,-7.6267890465571355,-3.651735109708011,1.1499861061771606e-07,upper,0.1
522,phase2,upper,-15.0,2,-15.000001590997545,-15.449187568943216,-17.524963434675474,-7.6267890465571355,-3.651735109708011,1.0262357557339612e-07,upper,0.1
523,phase2,upper,-15.0,2,-15.000001421175504,-15.449187568943216,-17.524963434675474,-7.6267890465571355,-3.651735109708011,9.104400429755123e-08,upper,0.1
524,phase2,upper,-15.0,2,-15.00000126203666,-15.449187568943216,-17.524963434675474,-7.6267890465571355,-3.651735109708011,8.029889565810347e-08,upper,0.1
525,phase2,upper,-15.0,2,-15.000001114170315,-15.449187568943216,-17.524963434675474,-7.6267890465571355,-3.651735109708011,7.040379822340794e-08,upper,0.1
526,phase2,upper,-15.0,2,-15.000000977835603,-15.449187568943216,-17.524963434675474,-7.6267890465571355,-3.651735109708011,6.13555540071608e-08,upper,0.1
527,phase2,upper,-15.0,2,-15.000000853027542,-15.449187568943216,-17.524963434675474,-7.6267890465571355,-3.651735109708011,5.313636398801386e-08,upper,0.1
528,phase2,upper,-15.0,2,-15.000000739533732,-15.449187568943216,-17.524963434675474,-7.6267890465571355,-3.651735109708011,4.5717247115452934e-08,upper,0.1
529,phase2,upper,-15.0,2,-15.00000063698263,-15.449187568943216,-17.524963434675474,-7.6267890465571355,-3.651735109708011,3.906096089557471e-08,upper,0.1
530,phase2,upper,-15.0,2,-15.00000054488438,-15.449187568943216,-17.524963434675474,-7.6267890465571355,-3.651735109708011,3.3124445006844965e-08,upper,0.1
531,phase2,upper,-15.0,2,-15.00000046266502,-15.449187568943216,-17.524963434675474,-7.6267890465571355,-3.651735109708011,2.7860846985237924e-08,upper,0.1
532,phase2,upper,-15.0,2,-15.000000389694886,-15.449187568943216,-17.524963434675474,-7.6267890465571355,-3.651735109708011,2.322118223073988e-08,upper,0.1
533,phase2,upper,-15.0,2,-15.000000325311943,-15.449187568943216,-17.524963434675474,-7.6267890465571355,-3.651735109708011,1.9155676747110524e-08,upper,0.1
534,phase2,upper,-15.0,2,-15.000000268840688,-15.449187568943216,-17.524963434675474,-7.6267890465571355,-3.651735109708011,1.561483684565771e-08,upper,0.1
535,phase2,upper,-15.0,2,-15.000000219607262,-15.449187568943216,-17.524963434675474,-7.6267890465571355,-3.651735109708011,1.255028413144777e-08,upper,0.1
536,phase2,upper,-15.0,2,-15.000000176951279,-15.449187568943216,-17.524963434675474,-7.6267890465571355,-3.651735109708011,9.91539170492066e-09,upper,0.1
537,phase2,upper,-15.0,2,-15.00000014023489,-15.449187568943216,-17.524963434675474,-7.6267890465571355,-3.651735109708011,7.665752087744663e-09,upper,0.1
538,phase2,upper,-15.0,2,-15.00000010884949,-15.449187568943216,-17.524963434675474,-7.6267890465571355,-3.651735109708011,5.759505051657214e-09,upper,0.1
539,phase2,upper,-15.0,2,-15.000000082220453,-15.449187568943216,-17.524963434675474,-7.6267890465571355,-3.651735109708011,4.157548870108694e-09,upper,0.1
540,phase2,upper,-15.0,2,-15.000000059810256,-15.449187568943216,-17.524963434675474,-7.6267890465571355,-3.651735109708011,2.823656445477797e-09,upper,0.1
541,phase2,upper,-15.0,2,-15.000000041120247,-15.449187568943216,-17.524963434675474,-7.6267890465571355,-3.651735109708011,1.7245146920877392e-09,upper,0.1
542,phase2,upper,-15.0,2,-15.00000002569133,-15.449187568943216,-17.524963434675474,-7.6267890465571355,-3.651735109708011,8.297027494150354e-10,upper,0.1
543,phase2,upper,-15.0,2,-15.000000013103799,-15.449187568943216,-17.524963434675474,-7.6267890465571355,-3.651735109708011,1.1162236171279806e-10,upper,0.1
544,phase2,upper,-15.0,2,-15.000000002976487,-15.449187568943216,-17.524963434675474,-7.6267890465571355,-3.651735109708011,-4.5460775476472995e-10,upper,0.1
545,phase2,upper,-15.0,2,-14.999999994965403,-15.449187568943216,-17.524963434675474,-7.6267890465571355,-3.651735109708011,-8.912839516049838e-10,upper,0.1
546,phase2,upper,-15.0,2,-14.999999988761989,-15.449187568943216,-17.524963434675474,-7.6267890465571355,-3.651735109708011,-1.218268337641928e-09,upper,0.1
547,phase2,upper,-15.0,2,-14.999999984091106,-15.449187568943216,-17.524963434675474,-7.6267890465571355,-3.651735109708011,-1.4531510740059684e-09,upper,0.1
548,phase2,upper,-15.0,2,-14.99999998070885,-15.449187568943216,-17.524963434675474,-7.6267890465571355,-3.651735109708011,-1.611419054048179e-09,upper,0.1
549,phase2,upper,-15.0,2,-14.999999978400275,-15.449187568943216,-17.524963434675474,-7.6267890465571355,-3.651735109708011,-1.706626446198691e-09,upper,0.1
550,phase2,upper,-15.0,2,-14.999999976977072,-15.449187568943216,-17.524963434675474,-7.6267890465571355,-3.651735109708011,-1.7505637222712076e-09,upper,0.1
551,phase2,upper,-15.0,2,-14.999999976275268,-15.449187568943216,-17.524963434675474,-7.6267890465571355,-3.651735109708011,-1.7534222079576824e-09,upper,0.1
552,phase2,upper,-15.0,2,-14.999999976152974,-15.449187568943216,-17.524963434675474,-7.6267890465571355,-3.651735109708011,-1.7239524717031765e-09,upper,0.1
553,phase2,upper,-15.0,2,-14.999999976488228,-15.449187568943216,-17.524963434675474,-7.6267890465571355,-3.651735109708011,-1.6696148316101594e-09,upper,0.1
554,phase2,upper,-15.0,2,-14.999999977176921,-15.449187568943216,-17.524963434675474,-7.6267890465571355,-3.651735109708011,-1.5967208096625479e-09,upper,0.1
555,phase2,upper,-15.0,2,-14.999999978130864,-15.449187568943216,-17.524963434675474,-7.6267890465571355,-3.651735109708011,-1.5105651567973443e-09,upper,0.1
556,phase2,upper,-15.0,2,-14.999999979275962,-15.449187568943216,-17.524963434675474,-7.6267890465571355,-3.651735109708011,-1.4155479019757276e-09,upper,0.1
557,phase2,lower,-20.0,4,-14.999999979275962,-15.906765156790435,-17.908691945130208,-7.636015108879624,-3.6064471616474645,-0.019803384527846454,upper,0.1
558,phase2,upper,-15.0,2,-15.017823025351614,-15.906765156790435,-17.908691945130208,-7.636015108879624,-3.6064471616474645,-0.009703659040312862,upper,0.1
559,phase2,upper,-15.0,2,-15.026021627313371,-15.906765156790435,-17.908691945130208,-7.636015108879624,-3.6064471616474645,-0.0042682243749120625,upper,0.1
560,phase2,upper,-15.0,2,-15.028980610601856,-15.906765156790435,-17.908691945130208,-7.636015108879624,-3.6064471616474645,-0.001390198802710057,upper,0.1
561,phase2,upper,-15.0,2,-15.02912657097037,-15.906765156790435,-17.908691945130208,-7.636015108879624,-3.6064471616474645,8.875123487436256e-05,upper,0.1
562,phase2,upper,-15.0,2,-15.027805337641192,-15.906765156790435,-17.908691945130208,-7.636015108879624,-3.6064471616474645,0.0008055630845984853,upper,0.1
563,phase2,upper,-15.0,2,-15.025764859019581,-15.906765156790435,-17.908691945130208,-7.636015108879624,-3.6064471616474645,0.001110493574596388,upper,0.1
564,phase2,upper,-15.0,2,-15.02342121641311,-15.906765156790435,-17.908691945130208,-7.636015108879624,-3.6064471616474645,0.0011961097670995595,upper,0.1
565,phase2,upper,-15.0,2,-15.02100540029106,-15.906765156790435,-17.908691945130208,-7.636015108879624,-3.6064471616474645,0.001168191718422552,upper,0.1
566,phase2,upper,-15.0,2,-15.018644495110776,-15.906765156790435,-17.908691945130208,-7.636015108879624,-3.6064471616474645,0.001084718013725521,upper,0.1
567,phase2,upper,-15.0,2,-15.016406752583837,-15.906765156790435,-17.908691945130208,-7.636015108879624,-3.6064471616474645,0.0009773120117360537,upper,0.1
568,phase2,upper,-15.0,2,-15.014326756756375,-15.906765156790435,-17.908691945130208,-7.636015108879624,-3.6064471616474645,0.0008630481117447932,upper,0.1
569,phase2,upper,-15.0,2,-15.012419590135309,-15.906765156790435,-17.908691945130208,-7.636015108879624,-3.6064471616474645,0.0007509581786014249,upper,0.1
570,phase2,upper,-15.0,2,-15.010688902419968,-15.906765156790435,-17.908691945130208,-7.636015108879624,-3.6064471616474645,0.0006456229296601376,upper,0.1
571,phase2,upper,-15.0,2,-15.00913158118449,-15.906765156790435,-17.908691945130208,-7.636015108879624,-3.6064471616474645,0.0005491588542419986,upper,0.1
572,phase2,upper,-15.0,2,-15.00774051349538,-15.906765156790435,-17.908691945130208,-7.636015108879624,-3.6064471616474645,0.0004623210492869494,upper,0.1
573,phase2,upper,-15.0,2,-15.006506261984558,-15.906765156790435,-17.908691945130208,-7.636015108879624,-3.6064471616474645,0.00038511808803037053,upper,0.1
574,phase2,upper,-15.0,2,-15.005418112796242,-15.906765156790435,-17.908691945130208,-7.636015108879624,-3.6064471616474645,0.00031715686085377094,upper,0.1
575,phase2,upper,-15.0,2,-15.00446475120419,-15.906765156790435,-17.908691945130208,-7.636015108879624,-3.6064471616474645,0.0002578374081500379,upper,0.1
576,phase2,upper,-15.0,2,-15.003634709459043,-15.906765156790435,-17.908691945130208,-7.636015108879624,-3.6064471616474645,0.0002064639391160207,upper,0.1
577,phase2,upper,-15.0,2,-15.002916669871464,-15.906765156790435,-17.908691945130208,-7.636015108879624,-3.6064471616474645,0.0001623086301245045,upper,0.1
578,phase2,upper,-15.0,2,-15.002299671907075,-15.906765156790435,-17.908691945130208,-7.636015108879624,-3.6064471616474645,0.00012464850714999847,upper,0.1
579,phase2,upper,-15.0,2,-15.00177325288179,-15.906765156790435,-17.908691945130208,-7.636015108879624,-3.6064471616474645,9.27867425192829e-05,upper,0.1
580,phase2,upper,-15.0,2,-15.001327540954108,-15.906765156790435,-17.908691945130208,-7.636015108879624,-3.6064471616474645,6.606474294069167e-05,upper,0.1
581,phase2,upper,-15.0,2,-15.000953312806955,-15.906765156790435,-17.908691945130208,-7.636015108879624,-3.6064471616474645,4.3868663598525476e-05,upper,0.1
582,phase2,upper,-15.0,2,-15.000642024658708,-15.906765156790435,-17.908691945130208,-7.636015108879624,-3.6064471616474645,2.5632457781242304e-05,upper,0.1
583,phase2,upper,-15.0,2,-15.000385822920268,-15.906765156790435,-17.908691945130208,-7.636015108879624,-3.6064471616474645,1.0838716694852127e-05,upper,0.1
584,phase2,upper,-15.0,2,-15.000177539305653,-15.906765156790435,-17.908691945130208,-7.636015108879624,-3.6064471616474645,-9.819304744866815e-07,upper,0.1
585,phase2,upper,-15.0,2,-15.000010674166777,-15.906765156790435,-17.908691945130208,-7.636015108879624,-3.6064471616474645,-1.0252365630064151e-05,upper,0.1
586,phase2,upper,-15.0,2,-14.999879371069964,-15.906765156790435,-17.908691945130208,-7.636015108879624,-3.6064471616474645,-1.7351154484692112e-05,upper,0.1
587,phase2,upper,-15.0,2,-14.999778385056658,-15.906765156790435,-17.908691945130208,-7.636015108879624,-3.6064471616474645,-2.2615118309462853e-05,upper,0.1
588,phase2,upper,-15.0,2,-14.999703046573977,-15.906765156790435,-17.908691945130208,-7.636015108879624,-3.6064471616474645,-2.634214429617819e-05,upper,0.1
589,phase2,lower,-20.0,4,-14.999703046573977,-16.35698154355428,-18.25299288034123,-7.628294072762899,-3.5561691419319934,-0.01375846016667892,upper,0.1
590,phase2,lower,-20.0,4,-14.999703046573977,-16.808965291382986,-18.56788313558165,-7.610866807073973,-3.5059545137822745,-0.011405592664747027,upper,0.1
591,phase2,upper,-15.0,2,-15.009890548155754,-16.808965291382986,-18.56788313558165,-7.610866807073973,-3.5059545137822745,-0.0056046268719912975,upper,0.1
592,phase2,upper,-15.0,2,-15.014565612060617,-16.808965291382986,-18.56788313558165,-7.610866807073973,-3.5059545137822745,-0.0024827697477967405,upper,0.1
593,phase2,upper,-15.0,2,-15.01624462849503,-16.808965291382986,-18.56788313558165,-7.610866807073973,-3.5059545137822745,-0.000829581685076186,upper,0.1
594,phase2,upper,-15.0,2,-15.01631918217578,-16.808965291382986,-18.56788313558165,-7.610866807073973,-3.5059545137822745,2.0357543939654747e-05,upper,0.1
595,phase2,upper,-15.0,2,-15.015560213641562,-16.808965291382986,-18.56788313558165,-7.610866807073973,-3.5059545137822745,0.0004328924547833611,upper,0.1
596,phase2,upper,-15.0,2,-15.014395453406342,-16.808965291382986,-18.56788313558165,-7.610866807073973,-3.5059545137822745,0.0006091595797583524,upper,0.1
597,phase2,upper,-15.0,2,-15.013062240883992,-16.808965291382986,-18.56788313558165,-7.610866807073973,-3.5059545137822745,0.0006597045952207143,upper,0.1
598,phase2,upper,-15.0,2,-15.011691830242114,-16.808965291382986,-18.56788313558165,-7.610866807073973,-3.5059545137822745,0.0006452215926216952,upper,0.1
599,phase2,upper,-15.0,2,-15.010356008953375,-16.808965291382986,-18.56788313558165,-7.610866807073973,-3.5059545137822745,0.0005989525206638556,upper,0.1
600,phase2,upper,-15.0,2,-15.00909296859096,-16.808965291382986,-18.56788313558165,-7.610866807073973,-3.5059545137822745,0.0005390085252828039,upper,0.1
601,phase2,upper,-15.0,2,-15.007921738528141,-16.808965291382986,-18.56788313558165,-7.610866807073973,-3.5059545137822745,0.0004751522200115505,upper,0.1
602,phase2,upper,-15.0,2,-15.00685030185782,-16.808965291382986,-18.56788313558165,-7.610866807073973,-3.5059545137822745,0.00041253477314197497,upper,0.1
603,phase2,upper,-15.0,2,-15.005880209957652,-16.808965291382986,-18.56788313558165,-7.610866807073973,-3.5059545137822745,0.00035375814018339595,upper,0.1
604,phase2,upper,-15.0,2,-15.005009246681993,-16.808965291382986,-18.56788313558165,-7.610866807073973,-3.5059545137822745,0.0003000155019649548,upper,0.1
605,phase2,upper,-15.0,2,-15.004232997655201,-16.808965291382986,-18.56788313558165,-7.610866807073973,-3.5059545137822745,0.00025172383967051723,upper,0.1
606,phase2,upper,-15.0,2,-15.003545797744186,-16.808965291382986,-18.56788313558165,-7.610866807073973,-3.5059545137822745,0.00020887625011658568,upper,0.1
607,phase2,upper,-15.0,2,-15.002941319413658,-16.808965291382986,-18.56788313558165,-7.610866807073973,-3.5059545137822745,0.0001712392213946183,upper,0.1
608,phase2,upper,-15.0,2,-15.00241294880933,-16.808965291382986,-18.56788313558165,-7.610866807073973,-3.5059545137822745,0.0001384638234364744,upper,0.1
609,phase2,upper,-15.0,2,-15.001954032495782,-16.808965291382986,-18.56788313558165,-7.610866807073973,-3.5059545137822745,0.00011014883924282429,upper,0.1
610,phase2,upper,-15.0,2,-15.001558042408082,-16.808965291382986,-18.56788313558165,-7.610866807073973,-3.5059545137822745,8.587685418818786e-05,upper,0.1
611,phase2,upper,-15.0,2,-15.001218686911535,-16.808965291382986,-18.56788313558165,-7.610866807073973,-3.5059545137822745,6.523496129473823e-05,upper,0.1
612,phase2,upper,-15.0,2,-15.00092998484428,-16.808965291382986,-18.56788313558165,-7.610866807073973,-3.5059545137822745,4.782658419245828e-05,upper,0.1
613,phase2,upper,-15.0,2,-15.000686313165419,-16.808965291382986,-18.56788313558165,-7.610866807073973,-3.5059545137822745,3.32780738047464e-05,upper,0.1
614,phase2,upper,-15.0,2,-15.000482435216522,-16.808965291382986,-18.56788313558165,-7.610866807073973,-3.5059545137822745,2.1242159704266966e-05,upper,0.1
615,phase2,upper,-15.0,2,-15.000313514455723,-16.808965291382986,-18.56788313558165,-7.610866807073973,-3.5059545137822745,1.13994612147041e-05,upper,0.1
616,phase2,upper,-15.0,2,-15.000175117197061,-16.808965291382986,-18.56788313558165,-7.610866807073973,-3.5059545137822745,3.45877274576872e-06,upper,0.1
617,phase2,upper,-15.0,2,-15.000063207028555,-16.808965291382986,-18.56788313558165,-7.610866807073973,-3.5059545137822745,-2.8434400158935263e-06,upper,0.1
618,phase2,upper,-15.0,2,-14.999974132994662,-16.808965291382986,-18.56788313558165,-7.610866807073973,-3.5059545137822745,-7.744056442743995e-06,upper,0.1
619,phase2,upper,-15.0,2,-14.999904613203862,-16.808965291382986,-18.56788313558165,-7.610866807073973,-3.5059545137822745,-1.1454647560943208e-05,upper,0.1
620,phase2,upper,-15.0,2,-14.999851715198995,-16.808965291382986,-18.56788313558165,-7.610866807073973,-3.5059545137822745,-1.416302807953126e-05,upper,0.1
621,phase2,upper,-15.0,2,-14.999812834172538,-16.808965291382986,-18.56788313558165,-7.610866807073973,-3.5059545137822745,-1.6034925444670843e-05,upper,0.1
622,phase2,upper,-15.0,2,-14.99978566990101,-16.808965291382986,-18.56788313558165,-7.610866807073973,-3.5059545137822745,-1.7215701690191337e-05,upper,0.1
623,phase2,upper,-15.0,2,-14.999768203100258,-16.808965291382986,-18.56788313558165,-7.610866807073973,-3.5059545137822745,-1.783208070251274e-05,upper,0.1
624,phase2,upper,-15.0,2,-14.999758671758945,-16.808965291382986,-18.56788313558165,-7.610866807073973,-3.5059545137822745,-1.799384579161861e-05,upper,0.1
625,phase2,upper,-15.0,2,-14.999755547886043,-16.808965291382986,-18.56788313558165,-7.610866807073973,-3.5059545137822745,-1.779548173986865e-05,upper,0.1
626,phase2,upper,-15.0,2,-14.99975751500587,-16.808965291382986,-18.56788313558165,-7.610866807073973,-3.5059545137822745,-1.731774270776264e-05,upper,0.1
627,phase2,upper,-15.0,2,-14.999763446648478,-16.808965291382986,-18.56788313558165,-7.610866807073973,-3.5059545137822745,-1.662913307536167e-05,upper,0.1
628,phase2,upper,-15.0,2,-14.999772386011673,-16.808965291382986,-18.56788313558165,-7.610866807073973,-3.5059545137822745,-1.578729284416218e-05,upper,0.1
629,phase2,upper,-15.0,2,-14.999783526911768,-16.808965291382986,-18.56788313558165,-7.610866807073973,-3.5059545137822745,-1.4840282855180857e-05,upper,0.1
630,phase2,upper,-15.0,2,-14.99979619609163,-16.808965291382986,-18.56788313558165,-7.610866807073973,-3.5059545137822745,-1.3827767969685652e-05,upper,0.1
631,phase2,upper,-15.0,2,-14.999809836915265,-16.808965291382986,-18.56788313558165,-7.610866807073973,-3.5059545137822745,-1.278209863468062e-05,upper,0.1
632,phase2,upper,-15.0,2,-14.999823994446832,-16.808965291382986,-18.56788313558165,-7.610866807073973,-3.5059545137822745,-1.1729293021533733e-05,upper,0.1
633,phase2,upper,-15.0,2,-14.999838301887326,-16.808965291382986,-18.56788313558165,-7.610866807073973,-3.5059545137822745,-1.068992326583248e-05,upper,0.1
634,phase2,upper,-15.0,2,-14.999852468323379,-16.808965291382986,-18.56788313558165,-7.610866807073973,-3.5059545137822745,-9.679910320290687e-06,upper,0.1
635,phase2,upper,-15.0,2,-14.999866267728596,-16.808965291382986,-18.56788313558165,-7.610866807073973,-3.5059545137822745,-8.711232622147695e-06,upper,0.1
636,phase2,upper,-15.0,2,-14.999879529148005,-16.808965291382986,-18.56788313558165,-7.610866807073973,-3.5059545137822745,-7.792554222554007e-06,upper,0.1
637,phase2,upper,-15.0,2,-14.99989212798965,-16.808965291382986,-18.56788313558165,-7.610866807073973,-3.5059545137822745,-6.929778272929559e-06,upper,0.1
638,phase2,upper,-15.0,2,-14.999903978343582,-16.808965291382986,-18.56788313558165,-7.610866807073973,-3.5059545137822745,-6.12653185032066e-06,upper,0.1
639,phase2,upper,-15.0,2,-14.999915026247072,-16.808965291382986,-18.56788313558165,-7.610866807073973,-3.5059545137822745,-5.3845880649656734e-06,upper,0.1
640,phase2,upper,-15.0,2,-14.999925243815063,-16.808965291382986,-18.56788313558165,-7.610866807073973,-3.5059545137822745,-4.704231253606813e-06,upper,0.1
641,phase2,upper,-15.0,2,-14.999934624156678,-16.808965291382986,-18.56788313558165,-7.610866807073973,-3.5059545137822745,-4.084570848727167e-06,upper,0.1
642,phase2,upper,-15.0,2,-14.999943177001239,-16.808965291382986,-18.56788313558165,-7.610866807073973,-3.5059545137822745,-3.523809243766844e-06,upper,0.1
643,phase2,upper,-15.0,2,-14.999950924960949,-16.808965291382986,-18.56788313558165,-7.610866807073973,-3.5059545137822745,-3.019468667198711e-06,upper,0.1
644,phase2,upper,-15.0,2,-14.999957900361347,-16.808965291382986,-18.56788313558165,-7.610866807073973,-3.5059545137822745,-2.5685817447356144e-06,upper,0.1
645,phase2,upper,-15.0,2,-14.999964142575253,-16.808965291382986,-18.56788313558165,-7.610866807073973,-3.5059545137822745,-2.167850084236448e-06,upper,0.1
646,phase2,upper,-15.0,2,-14.999969695800518,-16.808965291382986,-18.56788313558165,-7.610866807073973,-3.5059545137822745,-1.8137748667989138e-06,upper,0.1
647,phase2,upper,-15.0,2,-14.999974607226667,-16.808965291382986,-18.56788313558165,-7.610866807073973,-3.5059545137822745,-1.5027630798996678e-06,upper,0.1
648,phase2,upper,-15.0,2,-14.999978925540304,-16.808965291382986,-18.56788313558165,-7.610866807073973,-3.5059545137822745,-1.2312126911481246e-06,upper,0.1
649,phase2,upper,-15.0,2,-14.999982699723674,-16.808965291382986,-18.56788313558165,-7.610866807073973,-3.5059545137822745,-9.955797341233585e-07,upper,0.1
650,phase2,upper,-15.0,2,-14.99998597810533,-16.808965291382986,-18.56788313558165,-7.610866807073973,-3.5059545137822745,-7.924299688610041e-07,upper,0.1
651,phase2,upper,-15.0,2,-14.999988807626048,-16.808965291382986,-18.56788313558165,-7.610866807073973,-3.5059545137822745,-6.184774877897636e-07,upper,0.1
652,phase2,upper,-15.0,2,-14.999991233287131,-16.808965291382986,-18.56788313558165,-7.610866807073973,-3.5059545137822745,-4.7061236659518883e-07,upper,0.1
653,phase2,upper,-15.0,2,-14.999993297752031,-16.808965291382986,-18.56788313558165,-7.610866807073973,-3.5059545137822745,-3.4591920649266856e-07,upper,0.1
654,phase2,upper,-15.0,2,-14.999995041075598,-16.808965291382986,-18.56788313558165,-7.610866807073973,-3.5059545137822745,-2.416881848973891e-07,upper,0.1
655,phase2,upper,-15.0,2,-14.99999650053855,-16.808965291382986,-18.56788313558165,-7.610866807073973,-3.5059545137822745,-1.55420019884873e-07,upper,0.1
656,phase2,upper,-15.0,2,-14.999997710567579,-16.808965291382986,-18.56788313558165,-7.610866807073973,-3.5059545137822745,-8.482606245670434e-08,upper,0.1
657,phase2,upper,-15.0,2,-14.999998702724193,-16.808965291382986,-18.56788313558165,-7.610866807073973,-3.5059545137822745,-2.7824559016608583e-08,upper,0.1
658,phase2,upper,-15.0,2,-14.9999995057478,-16.808965291382986,-18.56788313558165,-7.610866807073973,-3.5059545137822745,1.7466027061700313e-08,upper,0.1
659,phase2,upper,-15.0,2,-15.000000145640573,-16.808965291382986,-18.56788313558165,-7.610866807073973,-3.5059545137822745,5.273588499703304e-08,upper,0.1
660,phase2,upper,-15.0,2,-15.000000645783668,-16.808965291382986,-18.56788313558165,-7.610866807073973,-3.5059545137822745,7.949428611078806e-08,upper,0.1
661,phase2,upper,-15.0,2,-15.000001027075934,-16.808965291382986,-18.56788313558165,-7.610866807073973,-3.5059545137822745,9.908105126049626e-08,upper,0.1
662,phase2,upper,-15.0,2,-15.000001308087796,-16.808965291382986,-18.56788313558165,-7.610866807073973,-3.5059545137822745,1.1267862593928014e-07,upper,0.1
663,phase2,upper,-15.0,2,-15.000001505224299,-16.808965291382986,-18.56788313558165,-7.610866807073973,-3.5059545137822745,1.2132441453048885e-07,upper,0.1
664,phase2,upper,-15.0,2,-15.00000163289236,-16.808965291382986,-18.56788313558165,-7.610866807073973,-3.5059545137822745,1.2592309516146694e-07,upper,0.1
665,phase2,upper,-15.0,2,-15.000001703668337,-16.808965291382986,-18.56788313558165,-7.610866807073973,-3.5059545137822745,1.2725869621794578e-07,upper,0.1
666,phase2,upper,-15.0,2,-15.000001728462806,-16.808965291382986,-18.56788313558165,-7.610866807073973,-3.5059545137822745,1.2600626774011525e-07,upper,0.1
667,phase2,upper,-15.0,2,-15.000001716680138,-16.808965291382986,-18.56788313558165,-7.610866807073973,-3.5059545137822745,1.2274302298375288e-07,upper,0.1
668,phase2,upper,-15.0,2,-15.00000167637116,-16.808965291382986,-18.56788313558165,-7.610866807073973,-3.5059545137822745,1.1795886204085876e-07,upper,0.1
669,phase2,upper,-15.0,2,-15.000001614377549,-16.808965291382986,-18.56788313558165,-7.610866807073973,-3.5059545137822745,1.1206622006350187e-07,upper,0.1
670,phase2,upper,-15.0,2,-15.000001536467193,-16.808965291382986,-18.56788313558165,-7.610866807073973,-3.5059545137822745,1.0540920615791715e-07,upper,0.1
671,phase2,upper,-15.0,2,-15.000001447459944,-16.808965291382986,-18.56788313558165,-7.610866807073973,-3.5059545137822745,9.827202010001326e-08,upper,0.1
672,phase2,upper,-15.0,2,-15.00000135134358,-16.808965291382986,-18.56788313558165,-7.610866807073973,-3.5059545137822745,9.088664897763924e-08,upper,0.1
673,phase2,upper,-15.0,2,-15.000001251379972,-16.808965291382986,-18.56788313558165,-7.610866807073973,-3.5059545137822745,8.34398592330117e-08,upper,0.1
674,phase2,upper,-15.0,2,-15.000001150201632,-16.808965291382986,-18.56788313558165,-7.610866807073973,-3.5059545137822745,7.607950815143265e-08,upper,0.1
675,phase2,upper,-15.0,2,-15.00000104989895,-16.808965291382986,-18.56788313558165,-7.610866807073973,-3.5059545137822745,6.892020679739555e-08,upper,0.1
676,phase2,upper,-15.0,2,-15.000000952098556,-16.808965291382986,-18.56788313558165,-7.610866807073973,-3.5059545137822745,6.204837103252228e-08,upper,0.1
677,phase2,upper,-15.0,2,-15.000000858033262,-16.808965291382986,-18.56788313558165,-7.610866807073973,-3.5059545137822745,5.5526700007723453e-08,upper,0.1
678,phase2,upper,-15.0,2,-15.000000768604156,-16.808965291382986,-18.56788313558165,-7.610866807073973,-3.5059545137822745,4.939812403244245e-08,upper,0.1
679,phase2,upper,-15.0,2,-15.000000684435387,-16.808965291382986,-18.56788313558165,-7.610866807073973,-3.5059545137822745,4.368926411464393e-08,upper,0.1
680,phase2,upper,-15.0,2,-15.000000605922207,-16.808965291382986,-18.56788313558165,-7.610866807073973,-3.5059545137822745,3.8413445187742207e-08,upper,0.1
681,phase2,upper,-15.0,2,-15.000000533272882,-16.808965291382986,-18.56788313558165,-7.610866807073973,-3.5059545137822745,3.3573304158636364e-08,upper,0.1
682,phase2,upper,-15.0,2,-15.000000466544984,-16.808965291382986,-18.56788313558165,-7.610866807073973,-3.5059545137822745,2.9163032367714166e-08,upper,0.1
683,phase2,upper,-15.0,2,-15.000000405676644,-16.808965291382986,-18.56788313558165,-7.610866807073973,-3.5059545137822745,2.517029042682879e-08,upper,0.1
684,phase2,upper,-15.0,2,-15.000000350513265,-16.808965291382986,-18.56788313558165,-7.610866807073973,-3.5059545137822745,2.157783087312424e-08,upper,0.1
685,phase2,upper,-15.0,2,-15.000000300830179,-16.808965291382986,-18.56788313558165,-7.610866807073973,-3.5059545137822745,1.836486166807123e-08,upper,0.1
686,phase2,upper,-15.0,2,-15.00000025635174,-16.808965291382986,-18.56788313558165,-7.610866807073973,-3.5059545137822745,1.5508181865990296e-08,upper,0.1
687,phase2,upper,-15.0,2,-15.000000216767223,-16.808965291382986,-18.56788313558165,-7.610866807073973,-3.5059545137822745,1.2983117550758918e-08,upper,0.1
688,phase2,upper,-15.0,2,-15.000000181743966,-16.808965291382986,-18.56788313558165,-7.610866807073973,-3.5059545137822745,1.0764283588974421e-08,upper,0.1
689,phase2,upper,-15.0,2,-15.000000150938082,-16.808965291382986,-18.56788313558165,-7.610866807073973,-3.5059545137822745,8.82619542086474e-09,upper,0.1
690,phase2,upper,-15.0,2,-15.000000124003092,-16.808965291382986,-18.56788313558165,-7.610866807073973,-3.5059545137822745,7.143751017439416e-09,upper,0.1
691,phase2,upper,-15.0,2,-15.000000100596743,-16.808965291382986,-18.56788313558165,-7.610866807073973,-3.5059545137822745,5.692603285175002e-09,upper,0.1
692,phase2,upper,-15.0,2,-15.000000080386295,-16.808965291382986,-18.56788313558165,-7.610866807073973,-3.5059545137822745,4.449438422283131e-09,upper,0.1
693,phase2,upper,-15.0,2,-15.000000063052497,-16.808965291382986,-18.56788313558165,-7.610866807073973,-3.5059545137822745,3.392176374038572e-09,upper,0.1
694,phase2,upper,-15.0,2,-15.000000048292476,-16.808965291382986,-18.56788313558165,-7.610866807073973,-3.5059545137822745,2.5001057545341e-09,upper,0.1
695,phase2,upper,-15.0,2,-15.000000035821705,-16.808965291382986,-18.56788313558165,-7.610866807073973,-3.5059545137822745,1.7539652048111335e-09,upper,0.1
696,phase2,upper,-15.0,2,-15.000000025375215,-16.808965291382986,-18.56788313558165,-7.610866807073973,-3.5059545137822745,1.1359811720126422e-09,upper,0.1
697,phase2,upper,-15.0,2,-15.000000016708201,-16.808965291382986,-18.56788313558165,-7.610866807073973,-3.5059545137822745,6.298704259629099e-10,upper,0.1
698,phase2,upper,-15.0,2,-15.000000009596127,-16.808965291382986,-18.56788313558165,-7.610866807073973,-3.5059545137822745,2.2081540633157485e-10,upper,0.1
699,phase2,upper,-15.0,2,-15.000000003834446,-16.808965291382986,-18.56788313558165,-7.610866807073973,-3.5059545137822745,-1.0458197130091062e-10,upper,0.1
700,phase2,upper,-15.0,2,-14.999999999238012,-16.808965291382986,-18.56788313558165,-7.610866807073973,-3.5059545137822745,-3.583619512737938e-10,upper,0.1
701,phase2,upper,-15.0,2,-14.999999995640279,-16.808965291382986,-18.56788313558165,-7.610866807073973,-3.5059545137822745,-5.512803102032409e-10,upper,0.1
702,phase2,upper,-15.0,2,-14.99999999289232,-16.808965291382986,-18.56788313558165,-7.610866807073973,-3.5059545137822745,-6.928889004349346e-10,upper,0.1
703,phase2,upper,-15.0,2,-14.999999990861754,-16.808965291382986,-18.56788313558165,-7.610866807073973,-3.5059545137822745,-7.916209223614875e-10,upper,0.1
704,phase2,upper,-15.0,2,-14.999999989431586,-16.808965291382986,-18.56788313558165,-7.610866807073973,-3.5059545137822745,-8.548780156155197e-10,upper,0.1
705,phase2,upper,-15.0,2,-14.999999988499033,-16.808965291382986,-18.56788313558165,-7.610866807073973,-3.5059545137822745,-8.891175673843919e-10,upper,0.1
706,phase2,upper,-15.0,2,-14.999999987974334,-16.808965291382986,-18.56788313558165,-7.610866807073973,-3.5059545137822745,-8.999380620997246e-10,upper,0.1
707,phase2,lower,-20.0,4,-14.999999987974334,-17.234857076612798,-18.837172285091206,-7.572529684527322,-3.4475343052329355,-0.002624331231222618,upper,0.1
708,phase2,upper,-15.0,2,-15.002361885077741,-17.234857076612798,-18.837172285091206,-7.572529684527322,-3.4475343052329355,-0.0012859227544914408,upper,0.1
709,phase2,upper,-15.0,2,-15.003448357902917,-17.234857076612798,-18.837172285091206,-7.572529684527322,-3.4475343052329355,-0.0005656227862166179,upper,0.1
710,phase2,lower,-20.0,4,-15.003448357902917,-17.645597657968235,-19.071826878019053,-7.521167993471622,-3.3867024922803104,0.002042548824245878,upper,0.1
711,phase2,upper,-15.0,2,-15.001493125916198,-17.645597657968235,-19.071826878019053,-7.521167993471622,-3.3867024922803104,0.0010937752369272575,upper,0.1
712,phase2,upper,-15.0,2,-15.00043268567906,-17.645597657968235,-19.071826878019053,-7.521167993471622,-3.3867024922803104,0.0005738998164288999,upper,0.1
713,phase2,upper,-15.0,2,-14.999867889349241,-17.645597657968235,-19.071826878019053,-7.521167993471622,-3.3867024922803104,0.0002898456958689281,upper,0.1
714,phase2,upper,-15.0,2,-14.99957826372982,-17.645597657968235,-19.071826878019053,-7.521167993471622,-3.3867024922803104,0.00013547226707040687,upper,0.1
715,phase2,upper,-15.0,2,-14.999441697393927,-17.645597657968235,-19.071826878019053,-7.521167993471622,-3.3867024922803104,5.241160616130515e-05,upper,0.1
716,phase2,upper,-15.0,2,-14.999390293710888,-17.645597657968235,-19.071826878019053,-7.521167993471622,-3.3867024922803104,8.551617462597267e-06,upper,0.1
717,phase2,upper,-15.0,2,-14.999386094507194,-17.645597657968235,-19.071826878019053,-7.521167993471622,-3.3867024922803104,-1.378614343472232e-05,upper,0.1
718,phase2,upper,-15.0,2,-14.99940772222027,-17.645597657968235,-19.071826878019053,-7.521167993471622,-3.3867024922803104,-2.4342558508578563e-05,upper,0.1
719,phase2,upper,-15.0,2,-14.99944302244414,-17.645597657968235,-19.071826878019053,-7.521167993471622,-3.3867024922803104,-2.849091415213116e-05,upper,0.1
720,phase2,upper,-15.0,2,-14.999485004914435,-17.645597657968235,-19.071826878019053,-7.521167993471622,-3.3867024922803104,-2.919921633007883e-05,upper,0.1
721,phase2,upper,-15.0,2,-14.999529598445541,-17.645597657968235,-19.071826878019053,-7.521167993471622,-3.3867024922803104,-2.8109187292020327e-05,upper,0.1
722,phase2,upper,-15.0,2,-14.999574404159628,-17.645597657968235,-19.071826878019053,-7.521167993471622,-3.3867024922803104,-2.612987830973497e-05,upper,0.1
723,phase2,lower,-20.0,4,-14.999574404159628,-18.038244096863796,-19.272785640329015,-7.457570909005005,-3.323796300476874,0.00656236343816901,upper,0.1
724,phase2,upper,-15.0,2,-14.99368835479021,-18.038244096863796,-19.272785640329015,-7.457570909005005,-3.323796300476874,0.0032045972047358433,upper,0.1
725,phase2,upper,-15.0,2,-14.991002261355703,-18.038244096863796,-19.272785640329015,-7.457570909005005,-3.323796300476874,0.0013987272385049352,upper,0.1
726,phase2,upper,-15.0,2,-14.990056829846823,-18.038244096863796,-19.272785640329015,-7.457570909005005,-3.323796300476874,0.00044365225805818485,upper,0.1
727,phase2,upper,-15.0,2,-14.99004448666223,-18.038244096863796,-19.272785640329015,-7.457570909005005,-3.323796300476874,-4.6080551857591816e-05,upper,0.1
728,phase2,upper,-15.0,2,-14.990517372033414,-18.038244096863796,-19.272785640329015,-7.457570909005005,-3.323796300476874,-0.0002824177118372284,upper,0.1
729,phase2,upper,-15.0,2,-14.991226637379768,-18.038244096863796,-19.272785640329015,-7.457570909005005,-3.323796300476874,-0.0003819054712848845,upper,0.1
730,phase2,upper,-15.0,2,-14.992033912243883,-18.038244096863796,-19.272785640329015,-7.457570909005005,-3.323796300476874,-0.0004086141649402318,upper,0.1
731,phase2,upper,-15.0,2,-14.992862451241153,-18.038244096863796,-19.272785640329015,-7.457570909005005,-3.323796300476874,-0.0003977328111100373,upper,0.1
732,phase2,upper,-15.0,2,-14.993670109294039,-18.038244096863796,-19.272785640329015,-7.457570909005005,-3.323796300476874,-0.00036854267314965263,upper,0.1
733,phase2,upper,-15.0,2,-14.994434335079989,-18.038244096863796,-19.272785640329015,-7.457570909005005,-3.323796300476874,-0.0003315542668118847,upper,0.1
734,phase2,upper,-15.0,2,-14.99514379058836,-18.038244096863796,-19.272785640329015,-7.457570909005005,-3.323796300476874,-0.0002924364381966447,upper,0.1
735,phase2,upper,-15.0,2,-14.995793631931367,-18.038244096863796,-19.272785640329015,-7.457570909005005,-3.323796300476874,-0.00025418176768886145,upper,0.1
736,phase2,upper,-15.0,2,-14.996382820182289,-18.038244096863796,-19.272785640329015,-7.457570909005005,-3.323796300476874,-0.00021830188882635012,upper,0.1
737,phase2,upper,-15.0,2,-14.996912563849014,-18.038244096863796,-19.272785640329015,-7.457570909005005,-3.323796300476874,-0.00018548884304602945,upper,0.1
738,phase2,upper,-15.0,2,-14.997385397371461,-18.038244096863796,-19.272785640329015,-7.457570909005005,-3.323796300476874,-0.00015598219688858496,upper,0.1
739,phase2,upper,-15.0,2,-14.997804621488594,-18.038244096863796,-19.272785640329015,-7.457570909005005,-3.323796300476874,-0.00012977374273762278,upper,0.1
740,phase2,upper,-15.0,2,-14.998173953159753,-18.038244096863796,-19.272785640329015,-7.457570909005005,-3.323796300476874,-0.00010672231204119595,upper,0.1
741,phase2,upper,-15.0,2,-14.998497299829978,-18.038244096863796,-19.272785640329015,-7.457570909005005,-3.323796300476874,-8.661864506272454e-05,upper,0.1
742,phase2,upper,-15.0,2,-14.998778609855934,-18.038244096863796,-19.272785640329015,-7.457570909005005,-3.323796300476874,-6.922234909531111e-05,upper,0.1
743,phase2,upper,-15.0,2,-14.99902177140235,-18.038244096863796,-19.272785640329015,-7.457570909005005,-3.323796300476874,-5.428312647796735e-05,upper,0.1
744,phase2,upper,-15.0,2,-14.99923054351865,-18.038244096863796,-19.272785640329015,-7.457570909005005,-3.323796300476874,-4.1553032681435025e-05,upper,0.1
745,phase2,upper,-15.0,2,-14.999408509498766,-18.038244096863796,-19.272785640329015,-7.457570909005005,-3.323796300476874,-3.079353789105313e-05,upper,0.1
746,phase2,upper,-15.0,2,-14.999559046259131,-18.038244096863796,-19.272785640329015,-7.457570909005005,-3.323796300476874,-2.177951673994979e-05,upper,0.1
747,phase2,upper,-15.0,2,-14.999685305574257,-18.038244096863796,-19.272785640329015,-7.457570909005005,-3.323796300476874,-1.4301377923319467e-05,upper,0.1
748,phase2,upper,-15.0,2,-14.999790204264142,-18.038244096863796,-19.272785640329015,-7.457570909005005,-3.323796300476874,-8.16603747674308e-06,upper,0.1
749,phase2,upper,-15.0,2,-14.999876421205872,-18.038244096863796,-19.272785640329015,-7.457570909005005,-3.323796300476874,-3.1971547192116213e-06,upper,0.1
750,phase2,upper,-15.0,2,-14.999946399548584,-18.038244096863796,-19.272785640329015,-7.457570909005005,-3.323796300476874,7.651116755041343e-07,upper,0.1
751,phase2,upper,-15.0,2,-15.000002352860005,-18.038244096863796,-19.272785640329015,-7.457570909005005,-3.323796300476874,3.864663252075049e-06,upper,0.1
752,phase2,upper,-15.0,2,-15.000046274186772,-18.038244096863796,-19.272785640329015,-7.457570909005005,-3.323796300476874,6.23022792613953e-06,upper,0.1
753,phase2,upper,-15.0,2,-15.000079947205041,-18.038244096863796,-19.272785640329015,-7.457570909005005,-3.323796300476874,7.976257393227755e-06,upper,0.1
754,phase2,upper,-15.0,2,-15.000104958792427,-18.038244096863796,-19.272785640329015,-7.457570909005005,-3.323796300476874,9.203901987572113e-06,upper,0.1
755,phase2,lower,-20.0,4,-15.000104958792427,-18.41168996769853,-19.44209099041192,-7.3832614266571595,-3.2596523409524045,0.010530589718470033,upper,0.1
756,phase2,lower,-20.0,4,-15.000104958792427,-18.755252539223246,-19.57489459012707,-7.294892709128743,-3.191644195272577,0.016600723683250804,upper,0.1
757,phase2,upper,-15.0,2,-14.985190344675548,-18.755252539223246,-19.57489459012707,-7.294892709128743,-3.191644195272577,0.008139846716389815,upper,0.1
758,phase2,upper,-15.0,2,-14.978333185345106,-18.755252539223246,-19.57489459012707,-7.294892709128743,-3.191644195272577,0.0035864184755851096,upper,0.1
759,phase2,upper,-15.0,2,-14.975860898276398,-18.755252539223246,-19.57489459012707,-7.294892709128743,-3.191644195272577,0.001175334673728592,upper,0.1
760,phase2,upper,-15.0,2,-14.975741388380989,-18.755252539223246,-19.57489459012707,-7.294892709128743,-3.191644195272577,-6.381284359585474e-05,upper,0.1
761,phase2,upper,-15.0,2,-14.976847911907806,-18.755252539223246,-19.57489459012707,-7.294892709128743,-3.191644195272577,-0.0006646083648501528,upper,0.1
762,phase2,upper,-15.0,2,-14.978554521662772,-18.755252539223246,-19.57489459012707,-7.294892709128743,-3.191644195272577,-0.000920459141148317,upper,0.1
763,phase2,upper,-15.0,2,-14.980513209606276,-18.755252539223246,-19.57489459012707,-7.294892709128743,-3.191644195272577,-0.0009926646047972078,upper,0.1
764,phase2,lower,-20.0,4,-14.980513209606276,-19.088110142457946,-19.68715011610266,-7.20368680680897,-3.127575330217293,0.016786116824420067,upper,0.1
765,phase2,lower,-20.0,4,-14.980513209606276,-19.38290663468044,-19.761902610862315,-7.097691327781189,-3.0583937553695586,0.0238237368823004,upper,0.1
766,phase2,upper,-15.0,2,-14.960196185989288,-19.38290663468044,-19.761902610862315,-7.097691327781189,-3.0583937553695586,0.011190217922452853,upper,0.1
767,phase2,upper,-15.0,2,-14.951892927489087,-19.38290663468044,-19.761902610862315,-7.097691327781189,-3.0583937553695586,0.004448206748381079,upper,0.1
768,phase2,upper,-15.0,2,-14.950051799859573,-19.38290663468044,-19.761902610862315,-7.097691327781189,-3.0583937553695586,0.0009310123913419115,upper,0.1
769,phase2,upper,-15.0,2,-14.95160324874789,-19.38290663468044,-19.761902610862315,-7.097691327781189,-3.0583937553695586,-0.0008272075288078734,upper,0.1
770,phase2,upper,-15.0,2,-14.954848355613304,-19.38290663468044,-19.761902610862315,-7.097691327781189,-3.0583937553695586,-0.0016321784186253822,upper,0.1
771,phase2,upper,-15.0,2,-14.958846961913315,-19.38290663468044,-19.761902610862315,-7.097691327781189,-3.0583937553695586,-0.001926648641634965,upper,0.1
772,phase2,upper,-15.0,2,-14.963080410330477,-19.38290663468044,-19.761902610862315,-7.097691327781189,-3.0583937553695586,-0.0019536971594295433,upper,0.1
773,phase2,upper,-15.0,2,-14.96726530589853,-19.38290663468044,-19.761902610862315,-7.097691327781189,-3.0583937553695586,-0.001846508166995159,upper,0.1
774,phase2,upper,-15.0,2,-14.971250381161234,-19.38290663468044,-19.761902610862315,-7.097691327781189,-3.0583937553695586,-0.001677740212755026,upper,0.1
775,phase2,upper,-15.0,2,-14.97495913978678,-19.38290663468044,-19.761902610862315,-7.097691327781189,-3.0583937553695586,-0.0014866899503469212,upper,0.1
776,phase2,upper,-15.0,2,-14.978357759287709,-19.38290663468044,-19.761902610862315,-7.097691327781189,-3.0583937553695586,-0.0012942500129611203,upper,0.1
777,phase2,upper,-15.0,2,-14.981436967270072,-19.38290663468044,-19.761902610862315,-7.097691327781189,-3.0583937553695586,-0.0011111552603568875,upper,0.1
778,phase2,upper,-15.0,2,-14.984201679377934,-19.38290663468044,-19.761902610862315,-7.097691327781189,-3.0583937553695586,-0.0009425365458540934,upper,0.1
779,phase2,upper,-15.0,2,-14.98666497545739,-19.38290663468044,-19.761902610862315,-7.097691327781189,-3.0583937553695586,-0.0007904413391936383,upper,0.1
780,phase2,upper,-15.0,2,-14.988844523288778,-19.38290663468044,-19.761902610862315,-7.097691327781189,-3.0583937553695586,-0.0006552334361329621,upper,0.1
781,phase2,upper,-15.0,2,-14.990760402278362,-19.38290663468044,-19.761902610862315,-7.097691327781189,-3.0583937553695586,-0.0005363734843060839,upper,0.1
782,phase2,upper,-15.0,2,-14.992433743556445,-19.38290663468044,-19.761902610862315,-7.097691327781189,-3.0583937553695586,-0.0004328564761603815,upper,0.1
783,phase2,upper,-15.0,2,-14.993885858730735,-19.38290663468044,-19.761902610862315,-7.097691327781189,-3.0583937553695586,-0.00034345837550805314,upper,0.1
784,phase2,upper,-15.0,2,-14.995137670882205,-19.38290663468044,-19.761902610862315,-7.097691327781189,-3.0583937553695586,-0.00026687587686088286,upper,0.1
785,phase2,upper,-15.0,2,-14.996209339788306,-19.38290663468044,-19.761902610862315,-7.097691327781189,-3.0583937553695586,-0.00020180579767218335,upper,0.1
786,phase2,upper,-15.0,2,-14.997120017118913,-19.38290663468044,-19.761902610862315,-7.097691327781189,-3.0583937553695586,-0.0001469899570669748,upper,0.1
787,phase2,upper,-15.0,2,-14.997887692023058,-19.38290663468044,-19.761902610862315,-7.097691327781189,-3.0583937553695586,-0.00010124001054484123,upper,0.1
788,phase2,upper,-15.0,2,-14.998529101653203,-19.38290663468044,-19.761902610862315,-7.097691327781189,-3.0583937553695586,-6.345041861647495e-05,upper,0.1
789,phase2,upper,-15.0,2,-14.999059689453722,-19.38290663468044,-19.761902610862315,-7.097691327781189,-3.0583937553695586,-3.260423738720434e-05,upper,0.1
790,phase2,upper,-15.0,2,-14.99949359905399,-19.38290663468044,-19.761902610862315,-7.097691327781189,-3.0583937553695586,-7.774471912397367e-06,upper,0.1
791,phase2,upper,-15.0,2,-14.999843694775297,-19.38290663468044,-19.761902610862315,-7.097691327781189,-3.0583937553695586,1.1877363075433672e-05,upper,0.1
792,phase2,upper,-15.0,2,-15.000121601869326,-19.38290663468044,-19.761902610862315,-7.097691327781189,-3.0583937553695586,2.710445603750488e-05,upper,0.1
793,phase2,upper,-15.0,2,-15.00033776108804,-19.38290663468044,-19.761902610862315,-7.097691327781189,-3.0583937553695586,3.8579030161463846e-05,upper,0.1
794,phase2,upper,-15.0,2,-15.000501493283021,-19.38290663468044,-19.761902610862315,-7.097691327781189,-3.0583937553695586,4.689735641159289e-05,upper,0.1
795,phase2,upper,-15.0,2,-15.000621070582582,-19.38290663468044,-19.761902610862315,-7.097691327781189,-3.0583937553695586,5.258514596215679e-05,upper,0.1
796,phase2,upper,-15.0,2,-15.000703791376123,-19.38290663468044,-19.761902610862315,-7.097691327781189,-3.0583937553695586,5.610310724055719e-05,upper,0.1
797,phase2,upper,-15.0,2,-15.00075605689312,-19.38290663468044,-19.761902610862315,-7.097691327781189,-3.0583937553695586,5.7852512047762245e-05,upper,0.1
798,phase2,lower,-20.0,4,-15.00075605689312,-19.67075416503779,-19.82317792682852,-6.9937153768888605,-2.9959610098216722,0.021879989336254763,upper,0.1
799,phase2,upper,-15.0,2,-14.981143524485901,-19.67075416503779,-19.82317792682852,-6.9937153768888605,-2.9959610098216722,0.010751027701145326,upper,0.1
