episode,phase,route,return,steps,q_start_right,q_start_down,q_shield_right,q_d1_right,q_d2_right,mood_M,greedy_route,epsilon
0,phase1,lower,-10.0,4,0.0,-0.375,-0.375,-0.375,-0.375,nan,upper,0.1
1,phase1,upper,-15.0,2,-1.875,-0.375,-0.375,-0.375,-0.375,nan,lower,0.1
2,phase1,lower,-10.0,4,-1.875,-0.75,-0.75,-0.75,-0.69375,nan,lower,0.1
3,phase1,lower,-10.0,4,-1.875,-1.125,-1.125,-1.1165625000000001,-0.9646874999999999,nan,lower,0.1
4,phase1,lower,-10.0,4,-1.875,-1.5,-1.498734375,-1.4687812500000001,-1.194984375,nan,lower,0.1
5,phase1,lower,-10.0,4,-1.875,-1.87481015625,-1.86924140625,-1.8027117187500001,-1.39073671875,nan,lower,0.1
6,phase1,lower,-10.0,4,-1.875,-2.24897484375,-2.234261953125,-2.11591546875,-1.5571262109375,nan,upper,0.1
7,phase1,lower,-10.0,4,-1.875,-2.62176791015625,-2.59150998046875,-2.407097080078125,-1.6985572792968748,nan,upper,0.1
8,phase1,lower,-10.0,4,-1.875,-2.992229220703125,-2.938848045410156,-2.6758161099609374,-1.8187736874023437,nan,upper,0.1
9,phase1,upper,-15.0,2,-3.525,-2.992229220703125,-2.938848045410156,-2.6758161099609374,-1.8187736874023437,nan,lower,0.1
10,phase1,lower,-10.0,4,-3.525,-3.35922204440918,-3.2743932550927735,-2.9222597465771485,-1.920957634291992,nan,lower,0.1
11,phase1,upper,-15.0,2,-4.975312499999999,-3.35922204440918,-3.2743932550927735,-2.9222597465771485,-1.920957634291992,nan,lower,0.1
12,phase1,lower,-10.0,4,-4.975312499999999,-3.721497726011719,-3.59657322881543,-3.147064429734375,-2.007813989148193,nan,lower,0.1
13,phase1,lower,-10.0,4,-4.975312499999999,-4.077759051432276,-3.9041469089532717,-3.351176863646448,-2.0816418907759644,nan,lower,0.1
14,phase1,lower,-10.0,4,-4.975312499999999,-4.426717230060425,-4.196201402157248,-3.5357466177158754,-2.1443956071595696,nan,lower,0.1
15,phase1,lower,-10.0,4,-4.975312499999999,-4.767139855874948,-4.472133184491042,-3.70204396613243,-2.1977362660856343,nan,lower,0.1
16,phase1,lower,-10.0,4,-4.975312499999999,-5.097888855167362,-4.73161980173725,-3.8513978111254104,-2.243075826172789,nan,upper,0.1
17,phase1,lower,-10.0,4,-4.975312499999999,-5.417948497152845,-4.974586503145474,-3.985149513382517,-2.2816144522468704,nan,upper,0.1
18,phase1,upper,-15.0,2,-6.248718749999999,-5.417948497152845,-4.974586503145474,-3.985149513382517,-2.2816144522468704,nan,lower,0.1
19,phase1,lower,-10.0,4,-6.248718749999999,-5.726444198051739,-5.2011709546810305,-4.10461925421217,-2.3143722844098398,nan,lower,0.1
20,phase1,lower,-10.0,4,-6.248718749999999,-6.022653211546133,-5.411688199610701,-4.2110822087418205,-2.3422164417483637,nan,lower,0.1
21,phase1,lower,-10.0,4,-6.248718749999999,-6.306008459755818,-5.606597300980369,-4.305752343692802,-2.365883975486109,nan,upper,0.1
22,phase1,upper,-15.0,2,-7.365658593749999,-6.306008459755818,-5.606597300980369,-4.305752343692802,-2.365883975486109,nan,lower,0.1
23,phase1,lower,-10.0,4,-7.365658593749999,-6.5760967859395,-5.786470557387235,-4.389772088461799,-2.3860013791631927,nan,lower,0.1
24,phase1,lower,-10.0,4,-7.365658593749999,-6.83265285165666,-5.951965787048419,-4.4642064820670075,-2.403101172288714,nan,lower,0.1
25,phase1,lower,-10.0,4,-7.365658593749999,-7.075549791965424,-6.103801891301207,-4.530040685600263,-2.417635996445407,nan,lower,0.1
26,phase1,lower,-10.0,4,-7.365658593749999,-7.3047876068657915,-6.2427377104460655,-4.588179982227035,-2.429990596978596,nan,lower,0.1
27,phase1,lower,-10.0,4,-7.365658593749999,-7.520480122402833,-6.3695540512132105,-4.639451574439769,-2.4404920074318066,nan,upper,0.1
28,phase1,lower,-10.0,4,-7.365658593749999,-7.72284121172439,-6.485038679697194,-4.684607639388575,-2.4494182063170356,nan,upper,0.1
29,phase1,upper,-15.0,2,-8.344420312499999,-7.72284121172439,-6.485038679697194,-4.684607639388575,-2.4494182063170356,nan,lower,0.1
30,phase1,lower,-10.0,4,-8.344420312499999,-7.91217083192031,-6.5899740236509015,-4.724329224427844,-2.4570054753694803,nan,lower,0.1
31,phase1,lower,-10.0,4,-8.344420312499999,-8.088841310679898,-6.685127303767443,-4.75923066206909,-2.4634546540640585,nan,lower,0.1
32,phase1,lower,-10.0,4,-8.344420312499999,-8.25328420964303,-6.77124280751269,-4.7898642608683355,-2.4689364559544495,nan,lower,0.1
33,phase1,lower,-10.0,4,-8.344420312499999,-8.405977999323479,-6.849036025516036,-4.816725090131253,-2.473595987561282,nan,upper,0.1
34,phase1,upper,-15.0,2,-9.201326197265624,-8.405977999323479,-6.849036025516036,-4.816725090131253,-2.473595987561282,nan,lower,0.1
35,phase1,lower,-10.0,4,-9.201326197265624,-8.547436703252362,-6.919189385208319,-4.840255724745757,-2.4775565894270897,nan,lower,0.1
36,phase1,lower,-10.0,4,-9.201326197265624,-8.678199605545757,-6.982349336138935,-4.860850854447957,-2.480923101013026,nan,lower,0.1
37,phase1,lower,-10.0,4,-9.201326197265624,-8.798822065134733,-7.039124563885288,-4.878861691432717,-2.4837846358610722,nan,lower,0.1
38,phase1,lower,-10.0,4,-9.201326197265624,-8.909867439947316,-7.090085133017403,-4.89460013309697,-2.486216940481911,nan,lower,0.1
39,phase1,lower,-10.0,4,-9.201326197265624,-9.01190009390783,-7.135762383029338,-4.908342654204712,-2.4882843994096246,nan,lower,0.1
40,phase1,lower,-10.0,4,-9.201326197265624,-9.105479437276056,-7.176649423705644,-4.920333915985449,-2.490041739498181,nan,lower,0.1
41,phase1,lower,-10.0,4,-9.201326197265624,-9.191154935240494,-7.213202097547615,-4.930790089512358,-2.491535478573454,nan,lower,0.1
42,phase1,lower,-10.0,4,-9.201326197265624,-9.269462009586562,-7.245840296342327,-4.939901897871523,-2.492805156787436,nan,upper,0.1
43,phase1,upper,-15.0,2,-9.950910859570312,-9.269462009586562,-7.245840296342327,-4.939901897871523,-2.492805156787436,nan,lower,0.1
44,phase1,lower,-10.0,4,-9.950910859570312,-9.340918752599926,-7.2749495365717065,-4.94783738670891,-2.4938843832693207,nan,lower,0.1
45,phase1,lower,-10.0,4,-9.950910859570312,-9.406023370195694,-7.300882714092287,-4.954744436192971,-2.4948017257789226,nan,lower,0.1
46,phase1,lower,-10.0,4,-9.950910859570312,-9.465252271780184,-7.32396197240739,-4.9607530296308635,-2.495581466912084,nan,lower,0.1
47,phase1,lower,-10.0,4,-9.950910859570312,-9.519058726874265,-7.344480630990911,-4.9659772952230465,-2.4962442468752717,nan,lower,0.1
48,phase1,lower,-10.0,4,-9.950910859570312,-9.567872012491762,-7.362705130625732,-4.970517337970881,-2.496807609843981,nan,lower,0.1
49,phase1,lower,-10.0,4,-9.950910859570312,-9.612096980211858,-7.378876961727504,-4.974460878751846,-2.497286468367384,nan,lower,0.1
50,phase1,lower,-10.0,4,-9.950910859570312,-9.652113977439205,-7.393214549281155,-4.9778847171941765,-2.4976934981122763,nan,lower,0.1
51,phase1,lower,-10.0,4,-9.950910859570312,-9.688279063215498,-7.405915074468108,-4.980856034331891,-2.4980394733954348,nan,lower,0.1
52,phase1,lower,-10.0,4,-9.950910859570312,-9.72092446490339,-7.417156218447676,-4.983433550191423,-2.4983335523861196,nan,lower,0.1
53,phase1,lower,-10.0,4,-9.950910859570312,-9.750359227935034,-7.427097818209238,-4.985668550520628,-2.498583519528202,nan,lower,0.1
54,phase1,lower,-10.0,4,-9.950910859570312,-9.776870016476165,-7.435883428055947,-4.9876057958717634,-2.4987959915989717,nan,lower,0.1
55,phase1,lower,-10.0,4,-9.950910859570312,-9.800722028213132,-7.443641783228319,-4.9892843252308445,-2.498976592859126,nan,lower,0.1
56,phase1,lower,-10.0,4,-9.950910859570312,-9.82215999146541,-7.450488164528698,-4.990738165375086,-2.4991301039302574,nan,lower,0.1
57,phase1,upper,-15.0,2,-10.606090283745116,-9.82215999146541,-7.450488164528698,-4.990738165375086,-2.4991301039302574,nan,lower,0.1
58,phase1,lower,-10.0,4,-10.606090283745116,-9.841409217424903,-7.456525664655657,-4.991996956158362,-2.499260588340719,nan,lower,0.1
59,phase1,lower,-10.0,4,-10.606090283745116,-9.858676684509517,-7.461846358381062,-4.993086500985715,-2.499371500089611,nan,lower,0.1
60,phase1,lower,-10.0,4,-10.606090283745116,-9.874152135590249,-7.46653237977176,-4.994029250851299,-2.4994657750761693,nan,lower,0.1
61,phase1,lower,-10.0,4,-10.606090283745116,-9.888009172217476,-7.470656910433691,-4.994844729485029,-2.499545908814744,nan,lower,0.1
62,phase1,lower,-10.0,4,-10.606090283745116,-9.900406332949908,-7.474285083291392,-4.995549906384486,-2.499614022492532,nan,lower,0.1
63,phase1,lower,-10.0,4,-10.606090283745116,-9.91148814550113,-7.477474806755356,-4.996159523800693,-2.499671919118652,nan,lower,0.1
64,phase1,lower,-10.0,4,-10.606090283745116,-9.921386144689263,-7.4802775143121565,-4.996686383098387,-2.4997211312508543,nan,lower,0.1
65,phase1,upper,-15.0,2,-11.178320386327147,-9.921386144689263,-7.4802775143121565,-4.996686383098387,-2.4997211312508543,nan,lower,0.1
66,phase1,lower,-10.0,4,-11.178320386327147,-9.930219850132698,-7.4827388446300915,-4.997141595321257,-2.499762961563226,nan,lower,0.1
67,phase1,upper,-15.0,2,-11.677744426750305,-9.930219850132698,-7.4827388446300915,-4.997141595321257,-2.499762961563226,nan,lower,0.1
68,phase1,lower,-10.0,4,-11.677744426750305,-9.938097699307306,-7.484899257233766,-4.997534800257553,-2.4997985173287423,nan,lower,0.1
69,phase1,lower,-10.0,4,-11.677744426750305,-9.945117932996276,-7.486794588687334,-4.997874357818231,-2.499828739729431,nan,lower,0.1
70,phase1,lower,-10.0,4,-11.677744426750305,-9.951369431349935,-7.4884565540569685,-4.998167515104911,-2.4998544287700164,nan,lower,0.1
71,phase1,lower,-10.0,4,-11.677744426750305,-9.95693249975599,-7.48991319821416,-4.998420552154677,-2.499876264454514,nan,lower,0.1
72,phase1,lower,-10.0,4,-11.677744426750305,-9.961879604524714,-7.491189301305238,-4.998638908999652,-2.499894824786337,nan,lower,0.1
73,phase1,lower,-10.0,4,-11.677744426750305,-9.966276059041792,-7.4923067424594,-4.998827296367654,-2.4999106010683865,nan,lower,0.1
74,phase1,lower,-10.0,4,-11.677744426750305,-9.970180661554433,-7.493284825545638,-4.998989792072764,-2.4999240109081287,nan,lower,0.1
75,phase1,lower,-10.0,4,-11.677744426750305,-9.973646286153114,-7.494140570524707,-4.999129924898068,-2.4999354092719095,nan,lower,0.1
76,phase1,lower,-10.0,4,-11.677744426750305,-9.976720428808854,-7.494888973680712,-4.999250747554145,-2.499945097881123,nan,lower,0.1
77,phase1,lower,-10.0,4,-11.677744426750305,-9.979445710539633,-7.4955432397617265,-4.999354900103191,-2.4999533331989547,nan,lower,0.1
78,phase1,lower,-10.0,4,-11.677744426750305,-9.981860339922946,-7.496114988812947,-4.999444665067556,-2.4999603332191116,nan,lower,0.1
79,phase1,lower,-10.0,4,-11.677744426750305,-9.983998537256445,-7.496614440251138,-4.99952201529029,-2.499966283236245,nan,lower,0.1
80,phase1,lower,-10.0,4,-11.677744426750305,-9.98589092270565,-7.497050576507011,-4.999588655482183,-2.499971340750808,nan,lower,0.1
81,phase1,lower,-10.0,4,-11.677744426750305,-9.987564870775854,-7.497431288353287,-4.999646058272477,-2.499975639638187,nan,lower,0.1
82,phase1,lower,-10.0,4,-11.677744426750305,-9.98904483341247,-7.497763503841165,-4.999695495477333,-2.499979293692459,nan,lower,0.1
83,phase1,lower,-10.0,4,-11.677744426750305,-9.990352633976773,-7.49805330258659,-4.999738065209602,-2.49998239963859,nan,lower,0.1
84,phase1,lower,-10.0,4,-11.677744426750305,-9.991507734268247,-7.498306016980042,-4.99977471537395,-2.4999850396928016,nan,lower,0.1
85,phase1,lower,-10.0,4,-11.677744426750305,-9.992527476675015,-7.498526321739128,-4.999806264021777,-2.4999872837388812,nan,lower,0.1
86,phase1,lower,-10.0,4,-11.677744426750305,-9.993427303434633,-7.498718313081525,-4.999833416979343,-2.499989191178049,nan,lower,0.1
87,phase1,lower,-10.0,4,-11.677744426750305,-9.994220954881666,-7.498885578666198,-4.999856783109149,-2.4999908125013417,nan,lower,0.1
88,phase1,lower,-10.0,4,-11.677744426750305,-9.994920648449344,-7.499031259332641,-4.999876887517978,-2.4999921906261404,nan,lower,0.1
89,phase1,lower,-10.0,4,-11.677744426750305,-9.99553724008184,-7.4991581035604415,-4.999894182984202,-2.4999933620322192,nan,lower,0.1
90,phase1,lower,-10.0,4,-11.677744426750305,-9.99608036960363,-7.4992685154740055,-4.999909059841404,-2.4999943577273864,nan,lower,0.1
91,phase1,lower,-10.0,4,-11.677744426750305,-9.996558591484186,-7.499364597129115,-4.999921854524302,-2.4999952040682785,nan,lower,0.1
92,phase1,lower,-10.0,4,-11.677744426750305,-9.996979492330926,-7.499448185738393,-4.9999328569558985,-2.499995923458037,nan,lower,0.1
93,phase1,lower,-10.0,4,-11.677744426750305,-9.997349796342046,-7.499520886421019,-4.999942316931219,-2.4999965349393314,nan,lower,0.1
94,phase1,lower,-10.0,4,-11.677744426750305,-9.997675459853893,-7.499584100997549,-4.999950449632435,-2.4999970546984316,nan,lower,0.1
95,phase1,lower,-10.0,4,-11.677744426750305,-9.997961756025441,-7.499639053292782,-4.999957440392334,-2.4999974964936666,nan,lower,0.1
96,phase1,lower,-10.0,4,-11.677744426750305,-9.998213350615542,-7.499686811357715,-4.999963448807534,-2.4999978720196165,nan,lower,0.1
97,phase1,lower,-10.0,4,-11.677744426750305,-9.998434369726867,-7.499728306975188,-4.999968612289346,-2.499998191216674,nan,lower,0.1
98,phase1,lower,-10.0,4,-11.677744426750305,-9.998628460314116,-7.499764352772312,-4.999973049128445,-2.499998462534173,nan,lower,0.1
99,phase1,lower,-10.0,4,-11.677744426750305,-9.998798844182845,-7.499795657225731,-4.999976861139304,-2.4999986931540468,nan,lower,0.1
100,phase1,lower,-10.0,4,-11.677744426750305,-9.998948366139278,-7.499822837812768,-4.999980135941516,-2.4999988891809397,nan,lower,0.1
101,phase1,lower,-10.0,4,-11.677744426750305,-9.999079536890301,-7.49984643253208,-4.999982948927429,-2.4999990558037988,nan,lower,0.1
102,phase1,lower,-10.0,4,-11.677744426750305,-9.999194571236568,-7.499866909991383,-4.999985364958885,-2.4999991974332287,nan,lower,0.1
103,phase1,lower,-10.0,4,-11.677744426750305,-9.99929542204979,-7.499884678236508,-4.999987439830036,-2.4999993178182445,nan,lower,0.1
104,phase1,lower,-10.0,4,-11.677744426750305,-9.999383810477799,-7.499900092475537,-4.999989221528268,-2.4999994201455076,nan,lower,0.1
105,phase1,lower,-10.0,4,-11.677744426750305,-9.99946125277746,-7.499913461833446,-4.999990751320854,-2.4999995071236816,nan,lower,0.1
106,phase1,lower,-10.0,4,-11.677744426750305,-9.999529084135858,-7.499925055256558,-4.999992064691278,-2.499999581055129,nan,lower,0.1
107,phase1,lower,-10.0,4,-11.677744426750305,-9.999588479803963,-7.499935106671765,-4.999993192145856,-2.4999996438968597,nan,lower,0.1
108,phase1,lower,-10.0,4,-11.677744426750305,-9.999640473834134,-7.499943819492879,-4.999994159908506,-2.499999697312331,nan,lower,0.1
109,phase1,lower,-10.0,4,-11.677744426750305,-9.999685975682945,-7.499951370555223,-4.99999499051908,-2.4999997427154814,nan,lower,0.1
110,phase1,lower,-10.0,4,-11.677744426750305,-9.999725784913787,-7.499957913549801,-4.9999957033485405,-2.4999997813081594,nan,lower,0.1
111,phase1,lower,-10.0,4,-11.677744426750305,-9.99976060420919,-7.499963582019612,-4.999996315042483,-2.4999998141119355,nan,lower,0.1
112,phase1,lower,-10.0,4,-11.677744426750305,-9.999791050880752,-7.499968491973043,-4.999996839902901,-2.499999841995145,nan,lower,0.1
113,phase1,lower,-10.0,4,-11.677744426750305,-9.999817667044596,-7.4999727441625215,-4.999997290216738,-2.499999865695873,nan,lower,0.1
114,phase1,lower,-10.0,4,-11.677744426750305,-9.999840928612285,-7.499976426070654,-4.999997676538609,-2.499999885841492,nan,lower,0.1
115,phase1,lower,-10.0,4,-11.677744426750305,-9.99986125323104,-7.499979613640847,-4.999998007934041,-2.499999902965268,nan,lower,0.1
116,phase1,lower,-10.0,4,-11.677744426750305,-9.999879007292511,-7.499982372784826,-4.9999982921887245,-2.499999917520478,nan,lower,0.1
117,phase1,lower,-10.0,4,-11.677744426750305,-9.99989451211636,-7.499984760695411,-4.999998535988487,-2.4999999298924065,nan,lower,0.1
118,phase1,lower,-10.0,4,-11.677744426750305,-9.999908049403217,-7.499986826989373,-4.999998745074075,-2.4999999404085456,nan,lower,0.1
119,phase1,lower,-10.0,4,-11.677744426750305,-9.999919866041141,-7.499988614702078,-4.999998924374245,-2.4999999493472638,nan,lower,0.1
120,phase1,lower,-10.0,4,-11.677744426750305,-9.999930178340282,-7.499990161152903,-4.999999078120198,-2.499999956945174,nan,lower,0.1
121,phase1,lower,-10.0,4,-11.677744426750305,-9.999939175762176,-7.499991498697997,-4.999999209943945,-2.499999963403398,nan,lower,0.1
122,phase1,lower,-10.0,4,-11.677744426750305,-9.99994702420255,-7.499992655384889,-4.9999993229628625,-2.499999968892888,nan,lower,0.1
123,phase1,lower,-10.0,4,-11.677744426750305,-9.999953868879901,-7.499993655521585,-4.999999419852366,-2.4999999735589546,nan,lower,0.1
124,phase1,lower,-10.0,4,-11.677744426750305,-9.999959836876153,-7.499994520171202,-4.999999502908355,-2.4999999775251114,nan,lower,0.1
125,phase1,lower,-10.0,4,-11.677744426750305,-9.99996503937041,-7.499995267581775,-4.999999574100868,-2.4999999808963445,nan,lower,0.1
126,phase1,lower,-10.0,4,-11.677744426750305,-9.999969573602115,-7.499995913559639,-4.999999635120189,-2.4999999837618927,nan,lower,0.1
127,phase1,lower,-10.0,4,-11.677744426750305,-9.999973524595744,-7.499996471793722,-4.9999996874164445,-2.4999999861976088,nan,lower,0.1
128,phase1,lower,-10.0,4,-11.677744426750305,-9.99997696667544,-7.4999969541371305,-4.999999732233619,-2.4999999882679673,nan,lower,0.1
129,phase1,lower,-10.0,4,-11.677744426750305,-9.999979964794694,-7.499997370851604,-4.999999770638771,-2.499999990027772,nan,lower,0.1
130,phase1,lower,-10.0,4,-11.677744426750305,-9.99998257570323,-7.499997730819679,-4.999999803547121,-2.499999991523606,nan,lower,0.1
131,phase1,lower,-10.0,4,-11.677744426750305,-9.999984848970698,-7.499998041728795,-4.999999831743594,-2.499999992795065,nan,lower,0.1
132,phase1,lower,-10.0,4,-11.677744426750305,-9.999986827884412,-7.499998310231015,-4.999999855901314,-2.4999999938758055,nan,lower,0.1
133,phase1,lower,-10.0,4,-11.677744426750305,-9.999988550236402,-7.49999854208156,-4.999999876597488,-2.4999999947944347,nan,lower,0.1
134,phase1,lower,-10.0,4,-11.677744426750305,-9.999990049013176,-7.499998742258949,-4.99999989432703,-2.4999999955752696,nan,lower,0.1
135,phase1,lower,-10.0,4,-11.677744426750305,-9.999991353000041,-7.4999989150691615,-4.9999999095142655,-2.499999996238979,nan,lower,0.1
136,phase1,lower,-10.0,4,-11.677744426750305,-9.99999248731041,-7.4999990642359275,-4.9999999225229725,-2.4999999968031323,nan,lower,0.1
137,phase1,lower,-10.0,4,-11.677744426750305,-9.999993473849237,-7.499999192978985,-4.999999933664997,-2.4999999972826625,nan,lower,0.1
138,phase1,lower,-10.0,4,-11.677744426750305,-9.9999943317187,-7.499999304081887,-4.999999943207647,-2.499999997690263,nan,lower,0.1
139,phase1,lower,-10.0,4,-11.677744426750305,-9.999995077573178,-7.499999399950751,-4.9999999513800395,-2.499999998036724,nan,lower,0.1
140,phase1,lower,-10.0,4,-11.677744426750305,-9.999995725929814,-7.499999482665144,-4.999999958378543,-2.4999999983312153,nan,lower,0.1
141,phase1,lower,-10.0,4,-11.677744426750305,-9.999996289440114,-7.499999554022154,-4.999999964371444,-2.499999998581533,nan,lower,0.1
142,phase1,lower,-10.0,4,-11.677744426750305,-9.99999677912742,-7.499999615574548,-4.999999969502957,-2.499999998794303,nan,lower,0.1
143,phase1,lower,-10.0,4,-11.677744426750305,-9.99999720459449,-7.499999668663809,-4.999999973896659,-2.4999999989751576,nan,lower,0.1
144,phase1,lower,-10.0,4,-11.677744426750305,-9.999997574204887,-7.4999997144487365,-4.999999977658434,-2.499999999128884,nan,lower,0.1
145,phase1,upper,-15.0,2,-12.113329046354155,-9.999997574204887,-7.4999997144487365,-4.999999977658434,-2.499999999128884,nan,lower,0.1
146,phase1,lower,-10.0,4,-12.113329046354155,-9.999997895241464,-7.499999753930191,-4.999999980879002,-2.4999999992595514,nan,lower,0.1
147,phase1,lower,-10.0,4,-12.113329046354155,-9.999998174044773,-7.499999787972513,-4.999999983636084,-2.4999999993706186,nan,lower,0.1
148,phase1,lower,-10.0,4,-12.113329046354155,-9.999998416133934,-7.499999817322049,-4.999999985996265,-2.4999999994650257,nan,lower,0.1
149,phase1,lower,-10.0,4,-12.113329046354155,-9.999998626312152,-7.499999842623182,-4.999999988016579,-2.4999999995452717,nan,lower,0.1
150,phase1,lower,-10.0,4,-12.113329046354155,-9.999998808758807,-7.4999998644321915,-4.9999999897458824,-2.499999999613481,nan,lower,0.1
151,phase1,lower,-10.0,4,-12.113329046354155,-9.999998967109814,-7.499999883229245,-4.999999991226022,-2.499999999671459,nan,lower,0.1
152,phase1,lower,-10.0,4,-12.113329046354155,-9.99999910452773,-7.4999998994287616,-4.999999992492838,-2.49999999972074,nan,lower,0.1
153,phase1,upper,-15.0,2,-12.492989030474966,-9.99999910452773,-7.4999998994287616,-4.999999992492838,-2.49999999972074,nan,lower,0.1
154,phase1,lower,-10.0,4,-12.492989030474966,-9.999999223762885,-7.499999913388373,-4.999999993577023,-2.499999999762629,nan,lower,0.1
155,phase1,lower,-10.0,4,-12.492989030474966,-9.999999327206707,-7.49999992541667,-4.999999994504864,-2.4999999997982347,nan,lower,0.1
156,phase1,lower,-10.0,4,-12.492989030474966,-9.999999416938202,-7.4999999357799,-4.99999999529887,-2.4999999998284994,nan,lower,0.1
157,phase1,lower,-10.0,4,-12.492989030474966,-9.999999494764456,-7.499999944707745,-4.999999995978314,-2.4999999998542246,nan,lower,0.1
158,phase1,lower,-10.0,4,-12.492989030474966,-9.99999956225595,-7.49999995239833,-4.9999999965597,-2.499999999876091,nan,lower,0.1
159,phase1,lower,-10.0,4,-12.492989030474966,-9.999999620777306,-7.499999959022535,-4.999999997057159,-2.4999999998946776,nan,lower,0.1
160,phase1,lower,-10.0,4,-12.492989030474966,-9.99999967151409,-7.499999964727729,-4.999999997482787,-2.499999999910476,nan,lower,0.1
161,phase1,lower,-10.0,4,-12.492989030474966,-9.999999715496136,-7.499999969640988,-4.99999999784694,-2.4999999999239044,nan,lower,0.1
162,phase1,lower,-10.0,4,-12.492989030474966,-9.999999753617864,-7.499999973871881,-4.999999998158485,-2.499999999935319,nan,lower,0.1
163,phase1,lower,-10.0,4,-12.492989030474966,-9.999999786655966,-7.499999977514872,-4.99999999842501,-2.499999999945021,nan,lower,0.1
164,phase1,lower,-10.0,4,-12.492989030474966,-9.999999815284802,-7.499999980651392,-4.999999998653012,-2.4999999999532676,nan,lower,0.1
165,phase1,lower,-10.0,4,-12.492989030474966,-9.99999984008979,-7.499999983351635,-4.99999999884805,-2.4999999999602776,nan,lower,0.1
166,phase1,lower,-10.0,4,-12.492989030474966,-9.999999861579067,-7.499999985676097,-4.999999999014884,-2.499999999966236,nan,lower,0.1
167,phase1,lower,-10.0,4,-12.492989030474966,-9.999999880193622,-7.499999987676915,-4.999999999157587,-2.4999999999713003,nan,lower,0.1
168,phase1,lower,-10.0,4,-12.492989030474966,-9.999999896316115,-7.499999989399016,-4.999999999279644,-2.4999999999756053,nan,lower,0.1
169,phase1,lower,-10.0,4,-12.492989030474966,-9.99999991027855,-7.49999999088111,-4.999999999384038,-2.4999999999792646,nan,lower,0.1
170,phase1,lower,-10.0,4,-12.492989030474966,-9.999999922368934,-7.49999999215655,-4.999999999473322,-2.499999999982375,nan,lower,0.1
171,phase1,upper,-15.0,2,-12.823701115816567,-9.999999922368934,-7.49999999215655,-4.999999999473322,-2.499999999982375,nan,lower,0.1
172,phase1,lower,-10.0,4,-12.823701115816567,-9.999999932837076,-7.4999999932540655,-4.999999999549679,-2.4999999999850187,nan,lower,0.1
173,phase1,lower,-10.0,4,-12.823701115816567,-9.999999941899624,-7.499999994198408,-4.99999999961498,-2.4999999999872657,nan,lower,0.1
174,phase1,lower,-10.0,4,-12.823701115816567,-9.999999949744442,-7.499999995010894,-4.999999999670822,-2.4999999999891758,nan,lower,0.1
175,phase1,lower,-10.0,4,-12.823701115816567,-9.99999995653441,-7.499999995709883,-4.999999999718575,-2.4999999999907994,nan,lower,0.1
176,phase1,lower,-10.0,4,-12.823701115816567,-9.999999962410731,-7.499999996311187,-4.999999999759409,-2.4999999999921796,nan,lower,0.1
177,phase1,lower,-10.0,4,-12.823701115816567,-9.9999999674958,-7.499999996828421,-4.9999999997943245,-2.499999999993353,nan,lower,0.1
178,phase1,lower,-10.0,4,-12.823701115816567,-9.999999971895694,-7.4999999972733065,-4.999999999824179,-2.49999999999435,nan,lower,0.1
179,phase1,lower,-10.0,4,-12.823701115816567,-9.999999975702336,-7.499999997655937,-4.999999999849704,-2.499999999995197,nan,lower,0.1
180,phase1,lower,-10.0,4,-12.823701115816567,-9.999999978995376,-7.499999997985002,-4.9999999998715285,-2.4999999999959175,nan,lower,0.1
181,phase1,lower,-10.0,4,-12.823701115816567,-9.99999998184382,-7.499999998267981,-4.999999999890187,-2.49999999999653,nan,lower,0.1
182,phase1,lower,-10.0,4,-12.823701115816567,-9.999999984307443,-7.499999998511312,-4.999999999906139,-2.4999999999970504,nan,lower,0.1
183,phase1,lower,-10.0,4,-12.823701115816567,-9.999999986438024,-7.4999999987205355,-4.999999999919776,-2.4999999999974927,nan,lower,0.1
184,phase1,lower,-10.0,4,-12.823701115816567,-9.9999999882804,-7.499999998900422,-4.9999999999314335,-2.499999999997869,nan,lower,0.1
185,phase1,lower,-10.0,4,-12.823701115816567,-9.999999989873404,-7.499999999055073,-4.999999999941399,-2.4999999999981886,nan,lower,0.1
186,phase1,lower,-10.0,4,-12.823701115816567,-9.999999991250654,-7.499999999188022,-4.999999999949917,-2.4999999999984603,nan,lower,0.1
187,phase1,lower,-10.0,4,-12.823701115816567,-9.999999992441259,-7.4999999993023065,-4.999999999957199,-2.4999999999986913,nan,lower,0.1
188,phase1,lower,-10.0,4,-12.823701115816567,-9.999999993470416,-7.49999999940054,-4.999999999963422,-2.4999999999988876,nan,lower,0.1
189,phase1,lower,-10.0,4,-12.823701115816567,-9.999999994359934,-7.499999999484972,-4.999999999968742,-2.4999999999990545,nan,lower,0.1
190,phase1,lower,-10.0,4,-12.823701115816567,-9.99999999512869,-7.499999999557538,-4.999999999973289,-2.499999999999196,nan,lower,0.1
191,phase1,lower,-10.0,4,-12.823701115816567,-9.999999995793017,-7.4999999996199005,-4.999999999977175,-2.499999999999317,nan,lower,0.1
192,phase1,lower,-10.0,4,-12.823701115816567,-9.99999999636705,-7.499999999673491,-4.999999999980496,-2.4999999999994196,nan,lower,0.1
193,phase1,lower,-10.0,4,-12.823701115816567,-9.999999996863016,-7.499999999719542,-4.999999999983334,-2.4999999999995066,nan,lower,0.1
194,phase1,lower,-10.0,4,-12.823701115816567,-9.999999997291495,-7.499999999759111,-4.99999999998576,-2.499999999999581,nan,lower,0.1
195,phase1,lower,-10.0,4,-12.823701115816567,-9.999999997661638,-7.499999999793109,-4.999999999987833,-2.499999999999644,nan,lower,0.1
196,phase1,lower,-10.0,4,-12.823701115816567,-9.999999997981359,-7.499999999822317,-4.999999999989605,-2.499999999999697,nan,lower,0.1
197,phase1,lower,-10.0,4,-12.823701115816567,-9.999999998257502,-7.49999999984741,-4.999999999991118,-2.4999999999997424,nan,lower,0.1
198,phase1,lower,-10.0,4,-12.823701115816567,-9.999999998495989,-7.499999999868966,-4.999999999992411,-2.499999999999781,nan,lower,0.1
199,phase1,lower,-10.0,4,-12.823701115816567,-9.999999998701936,-7.499999999887483,-4.999999999993517,-2.499999999999814,nan,lower,0.1
200,phase1,lower,-10.0,4,-12.823701115816567,-9.999999998879767,-7.499999999903388,-4.999999999994461,-2.499999999999842,nan,lower,0.1
201,phase1,lower,-10.0,4,-12.823701115816567,-9.99999999903331,-7.4999999999170495,-4.999999999995269,-2.4999999999998654,nan,lower,0.1
202,phase1,lower,-10.0,4,-12.823701115816567,-9.99999999916587,-7.499999999928782,-4.999999999995958,-2.4999999999998854,nan,lower,0.1
203,phase1,lower,-10.0,4,-12.823701115816567,-9.999999999280307,-7.499999999938859,-4.999999999996547,-2.4999999999999027,nan,lower,0.1
204,phase1,lower,-10.0,4,-12.823701115816567,-9.99999999937909,-7.499999999947512,-4.99999999999705,-2.4999999999999174,nan,lower,0.1
205,phase1,lower,-10.0,4,-12.823701115816567,-9.999999999464354,-7.499999999954943,-4.99999999999748,-2.49999999999993,nan,lower,0.1
206,phase1,lower,-10.0,4,-12.823701115816567,-9.999999999537943,-7.499999999961323,-4.999999999997848,-2.4999999999999405,nan,lower,0.1
207,phase1,lower,-10.0,4,-12.823701115816567,-9.99999999960145,-7.499999999966802,-4.9999999999981615,-2.4999999999999494,nan,lower,0.1
208,phase1,lower,-10.0,4,-12.823701115816567,-9.999999999656252,-7.4999999999715055,-4.99999999999843,-2.499999999999957,nan,lower,0.1
209,phase1,lower,-10.0,4,-12.823701115816567,-9.99999999970354,-7.499999999975544,-4.999999999998659,-2.4999999999999636,nan,lower,0.1
210,phase1,lower,-10.0,4,-12.823701115816567,-9.999999999744341,-7.4999999999790115,-4.999999999998854,-2.499999999999969,nan,lower,0.1
211,phase1,lower,-10.0,4,-12.823701115816567,-9.999999999779542,-7.499999999981988,-4.999999999999021,-2.4999999999999734,nan,lower,0.1
212,phase1,lower,-10.0,4,-12.823701115816567,-9.999999999809909,-7.499999999984543,-4.999999999999164,-2.4999999999999774,nan,lower,0.1
213,phase1,lower,-10.0,4,-12.823701115816567,-9.999999999836103,-7.499999999986736,-4.999999999999286,-2.499999999999981,nan,lower,0.1
214,phase1,lower,-10.0,4,-12.823701115816567,-9.999999999858698,-7.499999999988619,-4.99999999999939,-2.4999999999999836,nan,lower,0.1
215,phase1,lower,-10.0,4,-12.823701115816567,-9.999999999878186,-7.4999999999902345,-4.999999999999479,-2.4999999999999862,nan,lower,0.1
216,phase1,lower,-10.0,4,-12.823701115816567,-9.999999999894994,-7.499999999991621,-4.999999999999555,-2.4999999999999885,nan,lower,0.1
217,phase1,lower,-10.0,4,-12.823701115816567,-9.999999999909488,-7.499999999992811,-4.99999999999962,-2.4999999999999902,nan,lower,0.1
218,phase1,lower,-10.0,4,-12.823701115816567,-9.999999999921986,-7.4999999999938325,-4.999999999999676,-2.4999999999999916,nan,lower,0.1
219,phase1,lower,-10.0,4,-12.823701115816567,-9.999999999932763,-7.499999999994709,-4.999999999999723,-2.499999999999993,nan,lower,0.1
220,phase1,lower,-10.0,4,-12.823701115816567,-9.999999999942055,-7.499999999995461,-4.999999999999764,-2.499999999999994,nan,lower,0.1
221,phase1,lower,-10.0,4,-12.823701115816567,-9.999999999950067,-7.499999999996107,-4.999999999999798,-2.4999999999999947,nan,lower,0.1
222,phase1,lower,-10.0,4,-12.823701115816567,-9.999999999956973,-7.4999999999966604,-4.999999999999828,-2.4999999999999956,nan,lower,0.1
223,phase1,lower,-10.0,4,-12.823701115816567,-9.999999999962926,-7.499999999997136,-4.999999999999853,-2.4999999999999964,nan,lower,0.1
224,phase1,lower,-10.0,4,-12.823701115816567,-9.999999999968058,-7.499999999997543,-4.999999999999874,-2.499999999999997,nan,lower,0.1
225,phase1,lower,-10.0,4,-12.823701115816567,-9.99999999997248,-7.499999999997893,-4.9999999999998925,-2.4999999999999973,nan,lower,0.1
226,phase1,lower,-10.0,4,-12.823701115816567,-9.999999999976293,-7.4999999999981934,-4.9999999999999085,-2.499999999999998,nan,lower,0.1
227,phase1,lower,-10.0,4,-12.823701115816567,-9.999999999979577,-7.499999999998451,-4.999999999999922,-2.4999999999999982,nan,lower,0.1
228,phase1,lower,-10.0,4,-12.823701115816567,-9.999999999982409,-7.499999999998671,-4.999999999999933,-2.4999999999999987,nan,lower,0.1
229,phase1,upper,-15.0,2,-13.11160732237,-9.999999999982409,-7.499999999998671,-4.999999999999933,-2.4999999999999987,nan,lower,0.1
230,phase1,lower,-10.0,4,-13.11160732237,-9.999999999984848,-7.4999999999988605,-4.999999999999943,-2.4999999999999987,nan,lower,0.1
231,phase1,lower,-10.0,4,-13.11160732237,-9.999999999986949,-7.499999999999023,-4.999999999999951,-2.4999999999999987,nan,lower,0.1
232,phase1,lower,-10.0,4,-13.11160732237,-9.999999999988761,-7.4999999999991624,-4.999999999999958,-2.4999999999999987,nan,lower,0.1
233,phase1,lower,-10.0,4,-13.11160732237,-9.99999999999032,-7.4999999999992815,-4.9999999999999645,-2.4999999999999987,nan,lower,0.1
234,phase1,upper,-15.0,2,-13.36210839185153,-9.99999999999032,-7.4999999999992815,-4.9999999999999645,-2.4999999999999987,nan,lower,0.1
235,phase1,lower,-10.0,4,-13.36210839185153,-9.999999999991665,-7.499999999999384,-4.99999999999997,-2.4999999999999987,nan,lower,0.1
236,phase1,lower,-10.0,4,-13.36210839185153,-9.999999999992824,-7.4999999999994715,-4.999999999999974,-2.4999999999999987,nan,lower,0.1
237,phase1,lower,-10.0,4,-13.36210839185153,-9.99999999999382,-7.499999999999547,-4.999999999999978,-2.4999999999999987,nan,lower,0.1
238,phase1,lower,-10.0,4,-13.36210839185153,-9.99999999999468,-7.499999999999612,-4.9999999999999805,-2.4999999999999987,nan,lower,0.1
239,phase1,lower,-10.0,4,-13.36210839185153,-9.99999999999542,-7.499999999999667,-4.999999999999983,-2.4999999999999987,nan,lower,0.1
240,phase1,lower,-10.0,4,-13.36210839185153,-9.999999999996056,-7.499999999999714,-4.999999999999986,-2.4999999999999987,nan,lower,0.1
241,phase1,lower,-10.0,4,-13.36210839185153,-9.999999999996605,-7.499999999999755,-4.999999999999988,-2.4999999999999987,nan,lower,0.1
242,phase1,lower,-10.0,4,-13.36210839185153,-9.999999999997078,-7.4999999999997895,-4.999999999999989,-2.4999999999999987,nan,lower,0.1
243,phase1,lower,-10.0,4,-13.36210839185153,-9.999999999997485,-7.49999999999982,-4.999999999999991,-2.4999999999999987,nan,lower,0.1
244,phase1,lower,-10.0,4,-13.36210839185153,-9.999999999997835,-7.4999999999998455,-4.999999999999992,-2.4999999999999987,nan,lower,0.1
245,phase1,lower,-10.0,4,-13.36210839185153,-9.999999999998137,-7.499999999999868,-4.999999999999993,-2.4999999999999987,nan,lower,0.1
246,phase1,lower,-10.0,4,-13.36210839185153,-9.999999999998396,-7.499999999999886,-4.999999999999994,-2.4999999999999987,nan,lower,0.1
247,phase1,lower,-10.0,4,-13.36210839185153,-9.99999999999862,-7.499999999999902,-4.999999999999995,-2.4999999999999987,nan,lower,0.1
248,phase1,lower,-10.0,4,-13.36210839185153,-9.999999999998812,-7.4999999999999165,-4.999999999999996,-2.4999999999999987,nan,lower,0.1
249,phase1,lower,-10.0,4,-13.36210839185153,-9.999999999998977,-7.499999999999928,-4.999999999999996,-2.4999999999999987,nan,lower,0.1
250,phase1,lower,-10.0,4,-13.36210839185153,-9.999999999999119,-7.499999999999938,-4.999999999999996,-2.4999999999999987,nan,lower,0.1
251,phase1,lower,-10.0,4,-13.36210839185153,-9.999999999999241,-7.499999999999947,-4.999999999999996,-2.4999999999999987,nan,lower,0.1
252,phase1,lower,-10.0,4,-13.36210839185153,-9.999999999999348,-7.499999999999954,-4.999999999999996,-2.4999999999999987,nan,lower,0.1
253,phase1,lower,-10.0,4,-13.36210839185153,-9.999999999999439,-7.49999999999996,-4.999999999999996,-2.4999999999999987,nan,lower,0.1
254,phase1,upper,-15.0,2,-13.579947975735276,-9.999999999999439,-7.49999999999996,-4.999999999999996,-2.4999999999999987,nan,lower,0.1
255,phase1,lower,-10.0,4,-13.579947975735276,-9.999999999999517,-7.499999999999965,-4.999999999999996,-2.4999999999999987,nan,lower,0.1
256,phase1,lower,-10.0,4,-13.579947975735276,-9.999999999999584,-7.49999999999997,-4.999999999999996,-2.4999999999999987,nan,lower,0.1
257,phase1,lower,-10.0,4,-13.579947975735276,-9.999999999999643,-7.499999999999973,-4.999999999999996,-2.4999999999999987,nan,lower,0.1
258,phase1,lower,-10.0,4,-13.579947975735276,-9.999999999999693,-7.499999999999977,-4.999999999999996,-2.4999999999999987,nan,lower,0.1
259,phase1,lower,-10.0,4,-13.579947975735276,-9.999999999999735,-7.49999999999998,-4.999999999999996,-2.4999999999999987,nan,lower,0.1
260,phase1,lower,-10.0,4,-13.579947975735276,-9.999999999999773,-7.499999999999982,-4.999999999999996,-2.4999999999999987,nan,lower,0.1
261,phase1,lower,-10.0,4,-13.579947975735276,-9.999999999999805,-7.499999999999984,-4.999999999999996,-2.4999999999999987,nan,lower,0.1
262,phase1,lower,-10.0,4,-13.579947975735276,-9.999999999999831,-7.499999999999986,-4.999999999999996,-2.4999999999999987,nan,lower,0.1
263,phase1,lower,-10.0,4,-13.579947975735276,-9.999999999999854,-7.499999999999988,-4.999999999999996,-2.4999999999999987,nan,lower,0.1
264,phase1,lower,-10.0,4,-13.579947975735276,-9.999999999999874,-7.4999999999999885,-4.999999999999996,-2.4999999999999987,nan,lower,0.1
265,phase1,lower,-10.0,4,-13.579947975735276,-9.999999999999892,-7.499999999999989,-4.999999999999996,-2.4999999999999987,nan,lower,0.1
266,phase1,lower,-10.0,4,-13.579947975735276,-9.999999999999906,-7.49999999999999,-4.999999999999996,-2.4999999999999987,nan,lower,0.1
267,phase1,lower,-10.0,4,-13.579947975735276,-9.999999999999918,-7.499999999999991,-4.999999999999996,-2.4999999999999987,nan,lower,0.1
268,phase1,lower,-10.0,4,-13.579947975735276,-9.999999999999929,-7.499999999999992,-4.999999999999996,-2.4999999999999987,nan,lower,0.1
269,phase1,lower,-10.0,4,-13.579947975735276,-9.999999999999938,-7.499999999999993,-4.999999999999996,-2.4999999999999987,nan,lower,0.1
270,phase1,lower,-10.0,4,-13.579947975735276,-9.999999999999947,-7.499999999999993,-4.999999999999996,-2.4999999999999987,nan,lower,0.1
271,phase1,lower,-10.0,4,-13.579947975735276,-9.999999999999954,-7.499999999999993,-4.999999999999996,-2.4999999999999987,nan,lower,0.1
272,phase1,lower,-10.0,4,-13.579947975735276,-9.99999999999996,-7.499999999999993,-4.999999999999996,-2.4999999999999987,nan,lower,0.1
273,phase1,lower,-10.0,4,-13.579947975735276,-9.999999999999964,-7.499999999999993,-4.999999999999996,-2.4999999999999987,nan,lower,0.1
274,phase1,lower,-10.0,4,-13.579947975735276,-9.999999999999968,-7.499999999999993,-4.999999999999996,-2.4999999999999987,nan,lower,0.1
275,phase1,lower,-10.0,4,-13.579947975735276,-9.999999999999972,-7.499999999999993,-4.999999999999996,-2.4999999999999987,nan,lower,0.1
276,phase1,lower,-10.0,4,-13.579947975735276,-9.999999999999975,-7.499999999999993,-4.999999999999996,-2.4999999999999987,nan,lower,0.1
277,phase1,lower,-10.0,4,-13.579947975735276,-9.999999999999979,-7.499999999999993,-4.999999999999996,-2.4999999999999987,nan,lower,0.1
278,phase1,lower,-10.0,4,-13.579947975735276,-9.99999999999998,-7.499999999999993,-4.999999999999996,-2.4999999999999987,nan,lower,0.1
279,phase1,lower,-10.0,4,-13.579947975735276,-9.999999999999982,-7.499999999999993,-4.999999999999996,-2.4999999999999987,nan,lower,0.1
280,phase1,lower,-10.0,4,-13.579947975735276,-9.999999999999984,-7.499999999999993,-4.999999999999996,-2.4999999999999987,nan,lower,0.1
281,phase1,lower,-10.0,4,-13.579947975735276,-9.999999999999986,-7.499999999999993,-4.999999999999996,-2.4999999999999987,nan,lower,0.1
282,phase1,lower,-10.0,4,-13.579947975735276,-9.999999999999988,-7.499999999999993,-4.999999999999996,-2.4999999999999987,nan,lower,0.1
283,phase1,lower,-10.0,4,-13.579947975735276,-9.999999999999988,-7.499999999999993,-4.999999999999996,-2.4999999999999987,nan,lower,0.1
284,phase1,lower,-10.0,4,-13.579947975735276,-9.999999999999988,-7.499999999999993,-4.999999999999996,-2.4999999999999987,nan,lower,0.1
285,phase1,lower,-10.0,4,-13.579947975735276,-9.999999999999988,-7.499999999999993,-4.999999999999996,-2.4999999999999987,nan,lower,0.1
286,phase1,lower,-10.0,4,-13.579947975735276,-9.999999999999988,-7.499999999999993,-4.999999999999996,-2.4999999999999987,nan,lower,0.1
287,phase1,lower,-10.0,4,-13.579947975735276,-9.999999999999988,-7.499999999999993,-4.999999999999996,-2.4999999999999987,nan,lower,0.1
288,phase1,upper,-15.0,2,-13.76928824563724,-9.999999999999988,-7.499999999999993,-4.999999999999996,-2.4999999999999987,nan,lower,0.1
289,phase1,lower,-10.0,4,-13.76928824563724,-9.999999999999988,-7.499999999999993,-4.999999999999996,-2.4999999999999987,nan,lower,0.1
290,phase1,lower,-10.0,4,-13.76928824563724,-9.999999999999988,-7.499999999999993,-4.999999999999996,-2.4999999999999987,nan,lower,0.1
291,phase1,lower,-10.0,4,-13.76928824563724,-9.999999999999988,-7.499999999999993,-4.999999999999996,-2.4999999999999987,nan,lower,0.1
292,phase1,lower,-10.0,4,-13.76928824563724,-9.999999999999988,-7.499999999999993,-4.999999999999996,-2.4999999999999987,nan,lower,0.1
293,phase1,lower,-10.0,4,-13.76928824563724,-9.999999999999988,-7.499999999999993,-4.999999999999996,-2.4999999999999987,nan,lower,0.1
294,phase1,lower,-10.0,4,-13.76928824563724,-9.999999999999988,-7.499999999999993,-4.999999999999996,-2.4999999999999987,nan,lower,0.1
295,phase1,lower,-10.0,4,-13.76928824563724,-9.999999999999988,-7.499999999999993,-4.999999999999996,-2.4999999999999987,nan,lower,0.1
296,phase1,lower,-10.0,4,-13.76928824563724,-9.999999999999988,-7.499999999999993,-4.999999999999996,-2.4999999999999987,nan,lower,0.1
297,phase1,lower,-10.0,4,-13.76928824563724,-9.999999999999988,-7.499999999999993,-4.999999999999996,-2.4999999999999987,nan,lower,0.1
298,phase1,lower,-10.0,4,-13.76928824563724,-9.999999999999988,-7.499999999999993,-4.999999999999996,-2.4999999999999987,nan,lower,0.1
299,phase1,lower,-10.0,4,-13.76928824563724,-9.999999999999988,-7.499999999999993,-4.999999999999996,-2.4999999999999987,nan,lower,0.1
300,phase1,lower,-10.0,4,-13.76928824563724,-9.999999999999988,-7.499999999999993,-4.999999999999996,-2.4999999999999987,nan,lower,0.1
301,phase1,upper,-15.0,2,-13.933777605114571,-9.999999999999988,-7.499999999999993,-4.999999999999996,-2.4999999999999987,nan,lower,0.1
302,phase1,lower,-10.0,4,-13.933777605114571,-9.999999999999988,-7.499999999999993,-4.999999999999996,-2.4999999999999987,nan,lower,0.1
303,phase1,lower,-10.0,4,-13.933777605114571,-9.999999999999988,-7.499999999999993,-4.999999999999996,-2.4999999999999987,nan,lower,0.1
304,phase1,lower,-10.0,4,-13.933777605114571,-9.999999999999988,-7.499999999999993,-4.999999999999996,-2.4999999999999987,nan,lower,0.1
305,phase1,lower,-10.0,4,-13.933777605114571,-9.999999999999988,-7.499999999999993,-4.999999999999996,-2.4999999999999987,nan,lower,0.1
306,phase1,lower,-10.0,4,-13.933777605114571,-9.999999999999988,-7.499999999999993,-4.999999999999996,-2.4999999999999987,nan,lower,0.1
307,phase1,lower,-10.0,4,-13.933777605114571,-9.999999999999988,-7.499999999999993,-4.999999999999996,-2.4999999999999987,nan,lower,0.1
308,phase1,lower,-10.0,4,-13.933777605114571,-9.999999999999988,-7.499999999999993,-4.999999999999996,-2.4999999999999987,nan,lower,0.1
309,phase1,lower,-10.0,4,-13.933777605114571,-9.999999999999988,-7.499999999999993,-4.999999999999996,-2.4999999999999987,nan,lower,0.1
310,phase1,lower,-10.0,4,-13.933777605114571,-9.999999999999988,-7.499999999999993,-4.999999999999996,-2.4999999999999987,nan,lower,0.1
311,phase1,lower,-10.0,4,-13.933777605114571,-9.999999999999988,-7.499999999999993,-4.999999999999996,-2.4999999999999987,nan,lower,0.1
312,phase1,lower,-10.0,4,-13.933777605114571,-9.999999999999988,-7.499999999999993,-4.999999999999996,-2.4999999999999987,nan,lower,0.1
313,phase1,lower,-10.0,4,-13.933777605114571,-9.999999999999988,-7.499999999999993,-4.999999999999996,-2.4999999999999987,nan,lower,0.1
314,phase1,lower,-10.0,4,-13.933777605114571,-9.999999999999988,-7.499999999999993,-4.999999999999996,-2.4999999999999987,nan,lower,0.1
315,phase1,lower,-10.0,4,-13.933777605114571,-9.999999999999988,-7.499999999999993,-4.999999999999996,-2.4999999999999987,nan,lower,0.1
316,phase1,lower,-10.0,4,-13.933777605114571,-9.999999999999988,-7.499999999999993,-4.999999999999996,-2.4999999999999987,nan,lower,0.1
317,phase1,lower,-10.0,4,-13.933777605114571,-9.999999999999988,-7.499999999999993,-4.999999999999996,-2.4999999999999987,nan,lower,0.1
318,phase1,lower,-10.0,4,-13.933777605114571,-9.999999999999988,-7.499999999999993,-4.999999999999996,-2.4999999999999987,nan,lower,0.1
319,phase1,lower,-10.0,4,-13.933777605114571,-9.999999999999988,-7.499999999999993,-4.999999999999996,-2.4999999999999987,nan,lower,0.1
320,phase1,lower,-10.0,4,-13.933777605114571,-9.999999999999988,-7.499999999999993,-4.999999999999996,-2.4999999999999987,nan,lower,0.1
321,phase1,lower,-10.0,4,-13.933777605114571,-9.999999999999988,-7.499999999999993,-4.999999999999996,-2.4999999999999987,nan,lower,0.1
322,phase1,lower,-10.0,4,-13.933777605114571,-9.999999999999988,-7.499999999999993,-4.999999999999996,-2.4999999999999987,nan,lower,0.1
323,phase1,lower,-10.0,4,-13.933777605114571,-9.999999999999988,-7.499999999999993,-4.999999999999996,-2.4999999999999987,nan,lower,0.1
324,phase1,lower,-10.0,4,-13.933777605114571,-9.999999999999988,-7.499999999999993,-4.999999999999996,-2.4999999999999987,nan,lower,0.1
325,phase1,lower,-10.0,4,-13.933777605114571,-9.999999999999988,-7.499999999999993,-4.999999999999996,-2.4999999999999987,nan,lower,0.1
326,phase1,lower,-10.0,4,-13.933777605114571,-9.999999999999988,-7.499999999999993,-4.999999999999996,-2.4999999999999987,nan,lower,0.1
327,phase1,lower,-10.0,4,-13.933777605114571,-9.999999999999988,-7.499999999999993,-4.999999999999996,-2.4999999999999987,nan,lower,0.1
328,phase1,lower,-10.0,4,-13.933777605114571,-9.999999999999988,-7.499999999999993,-4.999999999999996,-2.4999999999999987,nan,lower,0.1
329,phase1,lower,-10.0,4,-13.933777605114571,-9.999999999999988,-7.499999999999993,-4.999999999999996,-2.4999999999999987,nan,lower,0.1
330,phase1,lower,-10.0,4,-13.933777605114571,-9.999999999999988,-7.499999999999993,-4.999999999999996,-2.4999999999999987,nan,lower,0.1
331,phase1,lower,-10.0,4,-13.933777605114571,-9.999999999999988,-7.499999999999993,-4.999999999999996,-2.4999999999999987,nan,lower,0.1
332,phase1,lower,-10.0,4,-13.933777605114571,-9.999999999999988,-7.499999999999993,-4.999999999999996,-2.4999999999999987,nan,lower,0.1
333,phase1,lower,-10.0,4,-13.933777605114571,-9.999999999999988,-7.499999999999993,-4.999999999999996,-2.4999999999999987,nan,lower,0.1
334,phase1,lower,-10.0,4,-13.933777605114571,-9.999999999999988,-7.499999999999993,-4.999999999999996,-2.4999999999999987,nan,lower,0.1
335,phase1,lower,-10.0,4,-13.933777605114571,-9.999999999999988,-7.499999999999993,-4.999999999999996,-2.4999999999999987,nan,lower,0.1
336,phase1,lower,-10.0,4,-13.933777605114571,-9.999999999999988,-7.499999999999993,-4.999999999999996,-2.4999999999999987,nan,lower,0.1
337,phase1,lower,-10.0,4,-13.933777605114571,-9.999999999999988,-7.499999999999993,-4.999999999999996,-2.4999999999999987,nan,lower,0.1
338,phase1,lower,-10.0,4,-13.933777605114571,-9.999999999999988,-7.499999999999993,-4.999999999999996,-2.4999999999999987,nan,lower,0.1
339,phase1,lower,-10.0,4,-13.933777605114571,-9.999999999999988,-7.499999999999993,-4.999999999999996,-2.4999999999999987,nan,lower,0.1
340,phase1,lower,-10.0,4,-13.933777605114571,-9.999999999999988,-7.499999999999993,-4.999999999999996,-2.4999999999999987,nan,lower,0.1
341,phase1,lower,-10.0,4,-13.933777605114571,-9.999999999999988,-7.499999999999993,-4.999999999999996,-2.4999999999999987,nan,lower,0.1
342,phase1,lower,-10.0,4,-13.933777605114571,-9.999999999999988,-7.499999999999993,-4.999999999999996,-2.4999999999999987,nan,lower,0.1
343,phase1,lower,-10.0,4,-13.933777605114571,-9.999999999999988,-7.499999999999993,-4.999999999999996,-2.4999999999999987,nan,lower,0.1
344,phase1,lower,-10.0,4,-13.933777605114571,-9.999999999999988,-7.499999999999993,-4.999999999999996,-2.4999999999999987,nan,lower,0.1
345,phase1,lower,-10.0,4,-13.933777605114571,-9.999999999999988,-7.499999999999993,-4.999999999999996,-2.4999999999999987,nan,lower,0.1
346,phase1,lower,-10.0,4,-13.933777605114571,-9.999999999999988,-7.499999999999993,-4.999999999999996,-2.4999999999999987,nan,lower,0.1
347,phase1,lower,-10.0,4,-13.933777605114571,-9.999999999999988,-7.499999999999993,-4.999999999999996,-2.4999999999999987,nan,lower,0.1
348,phase1,lower,-10.0,4,-13.933777605114571,-9.999999999999988,-7.499999999999993,-4.999999999999996,-2.4999999999999987,nan,lower,0.1
349,phase1,lower,-10.0,4,-13.933777605114571,-9.999999999999988,-7.499999999999993,-4.999999999999996,-2.4999999999999987,nan,lower,0.1
350,phase1,lower,-10.0,4,-13.933777605114571,-9.999999999999988,-7.499999999999993,-4.999999999999996,-2.4999999999999987,nan,lower,0.1
351,phase1,lower,-10.0,4,-13.933777605114571,-9.999999999999988,-7.499999999999993,-4.999999999999996,-2.4999999999999987,nan,lower,0.1
352,phase1,lower,-10.0,4,-13.933777605114571,-9.999999999999988,-7.499999999999993,-4.999999999999996,-2.4999999999999987,nan,lower,0.1
353,phase1,lower,-10.0,4,-13.933777605114571,-9.999999999999988,-7.499999999999993,-4.999999999999996,-2.4999999999999987,nan,lower,0.1
354,phase1,lower,-10.0,4,-13.933777605114571,-9.999999999999988,-7.499999999999993,-4.999999999999996,-2.4999999999999987,nan,lower,0.1
355,phase1,lower,-10.0,4,-13.933777605114571,-9.999999999999988,-7.499999999999993,-4.999999999999996,-2.4999999999999987,nan,lower,0.1
356,phase1,lower,-10.0,4,-13.933777605114571,-9.999999999999988,-7.499999999999993,-4.999999999999996,-2.4999999999999987,nan,lower,0.1
357,phase1,lower,-10.0,4,-13.933777605114571,-9.999999999999988,-7.499999999999993,-4.999999999999996,-2.4999999999999987,nan,lower,0.1
358,phase1,lower,-10.0,4,-13.933777605114571,-9.999999999999988,-7.499999999999993,-4.999999999999996,-2.4999999999999987,nan,lower,0.1
359,phase1,lower,-10.0,4,-13.933777605114571,-9.999999999999988,-7.499999999999993,-4.999999999999996,-2.4999999999999987,nan,lower,0.1
360,phase1,lower,-10.0,4,-13.933777605114571,-9.999999999999988,-7.499999999999993,-4.999999999999996,-2.4999999999999987,nan,lower,0.1
361,phase1,lower,-10.0,4,-13.933777605114571,-9.999999999999988,-7.499999999999993,-4.999999999999996,-2.4999999999999987,nan,lower,0.1
362,phase1,upper,-15.0,2,-14.076611171221865,-9.999999999999988,-7.499999999999993,-4.999999999999996,-2.4999999999999987,nan,lower,0.1
363,phase1,upper,-15.0,2,-14.200584671381892,-9.999999999999988,-7.499999999999993,-4.999999999999996,-2.4999999999999987,nan,lower,0.1
364,phase1,lower,-10.0,4,-14.200584671381892,-9.999999999999988,-7.499999999999993,-4.999999999999996,-2.4999999999999987,nan,lower,0.1
365,phase1,lower,-10.0,4,-14.200584671381892,-9.999999999999988,-7.499999999999993,-4.999999999999996,-2.4999999999999987,nan,lower,0.1
366,phase1,lower,-10.0,4,-14.200584671381892,-9.999999999999988,-7.499999999999993,-4.999999999999996,-2.4999999999999987,nan,lower,0.1
367,phase1,lower,-10.0,4,-14.200584671381892,-9.999999999999988,-7.499999999999993,-4.999999999999996,-2.4999999999999987,nan,lower,0.1
368,phase1,lower,-10.0,4,-14.200584671381892,-9.999999999999988,-7.499999999999993,-4.999999999999996,-2.4999999999999987,nan,lower,0.1
369,phase1,lower,-10.0,4,-14.200584671381892,-9.999999999999988,-7.499999999999993,-4.999999999999996,-2.4999999999999987,nan,lower,0.1
370,phase1,lower,-10.0,4,-14.200584671381892,-9.999999999999988,-7.499999999999993,-4.999999999999996,-2.4999999999999987,nan,lower,0.1
371,phase1,lower,-10.0,4,-14.200584671381892,-9.999999999999988,-7.499999999999993,-4.999999999999996,-2.4999999999999987,nan,lower,0.1
372,phase1,upper,-15.0,2,-14.308142370141418,-9.999999999999988,-7.499999999999993,-4.999999999999996,-2.4999999999999987,nan,lower,0.1
373,phase1,lower,-10.0,4,-14.308142370141418,-9.999999999999988,-7.499999999999993,-4.999999999999996,-2.4999999999999987,nan,lower,0.1
374,phase1,lower,-10.0,4,-14.308142370141418,-9.999999999999988,-7.499999999999993,-4.999999999999996,-2.4999999999999987,nan,lower,0.1
375,phase1,lower,-10.0,4,-14.308142370141418,-9.999999999999988,-7.499999999999993,-4.999999999999996,-2.4999999999999987,nan,lower,0.1
376,phase1,lower,-10.0,4,-14.308142370141418,-9.999999999999988,-7.499999999999993,-4.999999999999996,-2.4999999999999987,nan,lower,0.1
377,phase1,lower,-10.0,4,-14.308142370141418,-9.999999999999988,-7.499999999999993,-4.999999999999996,-2.4999999999999987,nan,lower,0.1
378,phase1,lower,-10.0,4,-14.308142370141418,-9.999999999999988,-7.499999999999993,-4.999999999999996,-2.4999999999999987,nan,lower,0.1
379,phase1,lower,-10.0,4,-14.308142370141418,-9.999999999999988,-7.499999999999993,-4.999999999999996,-2.4999999999999987,nan,lower,0.1
380,phase1,lower,-10.0,4,-14.308142370141418,-9.999999999999988,-7.499999999999993,-4.999999999999996,-2.4999999999999987,nan,lower,0.1
381,phase1,lower,-10.0,4,-14.308142370141418,-9.999999999999988,-7.499999999999993,-4.999999999999996,-2.4999999999999987,nan,lower,0.1
382,phase1,lower,-10.0,4,-14.308142370141418,-9.999999999999988,-7.499999999999993,-4.999999999999996,-2.4999999999999987,nan,lower,0.1
383,phase1,lower,-10.0,4,-14.308142370141418,-9.999999999999988,-7.499999999999993,-4.999999999999996,-2.4999999999999987,nan,lower,0.1
384,phase1,lower,-10.0,4,-14.308142370141418,-9.999999999999988,-7.499999999999993,-4.999999999999996,-2.4999999999999987,nan,lower,0.1
385,phase1,lower,-10.0,4,-14.308142370141418,-9.999999999999988,-7.499999999999993,-4.999999999999996,-2.4999999999999987,nan,lower,0.1
386,phase1,lower,-10.0,4,-14.308142370141418,-9.999999999999988,-7.499999999999993,-4.999999999999996,-2.4999999999999987,nan,lower,0.1
387,phase1,lower,-10.0,4,-14.308142370141418,-9.999999999999988,-7.499999999999993,-4.999999999999996,-2.4999999999999987,nan,lower,0.1
388,phase1,lower,-10.0,4,-14.308142370141418,-9.999999999999988,-7.499999999999993,-4.999999999999996,-2.4999999999999987,nan,lower,0.1
389,phase1,lower,-10.0,4,-14.308142370141418,-9.999999999999988,-7.499999999999993,-4.999999999999996,-2.4999999999999987,nan,lower,0.1
390,phase1,lower,-10.0,4,-14.308142370141418,-9.999999999999988,-7.499999999999993,-4.999999999999996,-2.4999999999999987,nan,lower,0.1
391,phase1,lower,-10.0,4,-14.308142370141418,-9.999999999999988,-7.499999999999993,-4.999999999999996,-2.4999999999999987,nan,lower,0.1
392,phase1,lower,-10.0,4,-14.308142370141418,-9.999999999999988,-7.499999999999993,-4.999999999999996,-2.4999999999999987,nan,lower,0.1
393,phase1,lower,-10.0,4,-14.308142370141418,-9.999999999999988,-7.499999999999993,-4.999999999999996,-2.4999999999999987,nan,lower,0.1
394,phase1,lower,-10.0,4,-14.308142370141418,-9.999999999999988,-7.499999999999993,-4.999999999999996,-2.4999999999999987,nan,lower,0.1
395,phase1,lower,-10.0,4,-14.308142370141418,-9.999999999999988,-7.499999999999993,-4.999999999999996,-2.4999999999999987,nan,lower,0.1
396,phase1,lower,-10.0,4,-14.308142370141418,-9.999999999999988,-7.499999999999993,-4.999999999999996,-2.4999999999999987,nan,lower,0.1
397,phase1,lower,-10.0,4,-14.308142370141418,-9.999999999999988,-7.499999999999993,-4.999999999999996,-2.4999999999999987,nan,lower,0.1
398,phase1,lower,-10.0,4,-14.308142370141418,-9.999999999999988,-7.499999999999993,-4.999999999999996,-2.4999999999999987,nan,lower,0.1
399,phase1,lower,-10.0,4,-14.308142370141418,-9.999999999999988,-7.499999999999993,-4.999999999999996,-2.4999999999999987,nan,lower,0.1
400,phase2,lower,-20.0,4,-14.308142370141418,-9.999999999999988,-8.499999999999993,-5.269999999999996,-2.6889999999999987,-0.14700000000000019,lower,0.1
401,phase2,lower,-20.0,4,-14.308142370141418,-10.232299999999988,-9.546609999999992,-5.5959169999999965,-2.901724899999999,-0.1744827000000002,lower,0.1
402,phase2,lower,-20.0,4,-14.308142370141418,-10.570765429999987,-10.560451170999993,-5.918566408699997,-3.0957572563899998,-0.17010757797000026,lower,0.1
403,phase2,lower,-20.0,4,-14.308142370141418,-10.972830824272988,-11.520651983898095,-6.220527107276568,-3.261434813303929,-0.15732427984946723,lower,0.1
404,phase2,lower,-20.0,4,-14.308142370141418,-11.419204792100018,-12.422044963850983,-6.495998333541053,-3.397862158999499,-0.14248982106551966,lower,0.1
405,phase2,lower,-20.0,4,-14.308142370141418,-11.897729648234083,-13.263785572728542,-6.742723147404517,-3.5065031683092602,-0.12739642150423514,lower,0.1
406,phase2,lower,-20.0,4,-14.308142370141418,-12.39899202003734,-14.046322585705157,-6.959782742867556,-3.5894520274035573,-0.11260426400367347,lower,0.1
407,phase2,lower,-20.0,4,-14.308142370141418,-12.915068914207428,-14.770587213016743,-7.146956123681282,-3.648952411997762,-0.09832967377144039,lower,0.1
408,phase2,lower,-20.0,4,-14.308142370141418,-13.439117450482657,-15.437770792627056,-7.304500395081574,-3.6872523203805816,-0.0846832106487526,lower,0.1
409,phase2,lower,-20.0,4,-14.308142370141418,-13.965197674280974,-16.04925781581912,-7.433047130940375,-3.7065514706558274,-0.0717347277433745,lower,0.1
410,phase2,lower,-20.0,4,-14.308142370141418,-14.488164943403826,-16.606599249631103,-7.533533628030093,-3.708976184945283,-0.05953223693424381,upper,0.1
411,phase2,upper,-15.0,2,-14.423906206065956,-14.488164943403826,-16.606599249631103,-7.533533628030093,-3.708976184945283,-0.04432989095200233,upper,0.1
412,phase2,upper,-15.0,2,-14.520541162183553,-14.488164943403826,-16.606599249631103,-7.533533628030093,-3.708976184945283,-0.03389803550103086,lower,0.1
413,phase2,lower,-20.0,4,-14.520541162183553,-14.98051660597748,-17.095346176104787,-7.595842553982035,-3.6886507846697607,-0.041953550844201826,upper,0.1
414,phase2,upper,-15.0,2,-14.60978575970065,-14.98051660597748,-17.095346176104787,-7.595842553982035,-3.6886507846697607,-0.030307228889993966,upper,0.1
415,phase2,upper,-15.0,2,-14.683303362460315,-14.98051660597748,-17.095346176104787,-7.595842553982035,-3.6886507846697607,-0.02239527065679725,upper,0.1
416,phase2,upper,-15.0,2,-14.744784340293817,-14.98051660597748,-17.095346176104787,-7.595842553982035,-3.6886507846697607,-0.01675531066620669,upper,0.1
417,phase2,upper,-15.0,2,-14.796602382679518,-14.98051660597748,-17.095346176104787,-7.595842553982035,-3.6886507846697607,-0.01256012836687644,upper,0.1
418,phase2,upper,-15.0,2,-14.840388804742899,-14.98051660597748,-17.095346176104787,-7.595842553982035,-3.6886507846697607,-0.00933298383139671,upper,0.1
419,phase2,upper,-15.0,2,-14.877346210401404,-14.98051660597748,-17.095346176104787,-7.595842553982035,-3.6886507846697607,-0.006791303116175108,upper,0.1
420,phase2,lower,-20.0,4,-14.877346210401404,-15.448111735794768,-17.52427473324914,-7.626352022803132,-3.651651580457981,-0.028013934213948613,upper,0.1
421,phase2,upper,-15.0,2,-14.927520107196957,-15.448111735794768,-17.52427473324914,-7.626352022803132,-3.651651580457981,-0.015159919412522834,upper,0.1
422,phase2,upper,-15.0,2,-14.962277237754916,-15.448111735794768,-17.52427473324914,-7.626352022803132,-3.651651580457981,-0.007702569018425504,upper,0.1
423,phase2,lower,-20.0,4,-14.962277237754916,-15.912660347656788,-17.912891481617415,-7.639024378975588,-3.6087691907537436,-0.021670383518585558,upper,0.1
424,phase2,upper,-15.0,2,-14.999556682978229,-15.912660347656788,-17.912891481617415,-7.639024378975588,-3.6087691907537436,-0.010150321786366873,upper,0.1
425,phase2,upper,-15.0,2,-15.023184934600202,-15.912660347656788,-17.912891481617415,-7.639024378975588,-3.6087691907537436,-0.003682590604690972,upper,0.1
426,phase2,upper,-15.0,2,-15.038215320212188,-15.912660347656788,-17.912891481617415,-7.639024378975588,-3.6087691907537436,-5.447649219360827e-05,upper,0.1
427,phase2,upper,-15.0,2,-15.047622246476877,-15.912660347656788,-17.912891481617415,-7.639024378975588,-3.6087691907537436,0.001961976893144998,upper,0.1
428,phase2,upper,-15.0,2,-15.053211824373392,-15.912660347656788,-17.912891481617415,-7.639024378975588,-3.6087691907537436,0.0030520182109784787,upper,0.1
429,phase2,upper,-15.0,2,-15.056124639216844,-15.912660347656788,-17.912891481617415,-7.639024378975588,-3.6087691907537436,0.003601210465581115,upper,0.1
430,phase2,upper,-15.0,2,-15.05711435107575,-15.912660347656788,-17.912891481617415,-7.639024378975588,-3.6087691907537436,0.0038291044196535917,upper,0.1
431,phase2,upper,-15.0,2,-15.056703016045311,-15.912660347656788,-17.912891481617415,-7.639024378975588,-3.6087691907537436,0.0038628290031551622,upper,0.1
432,phase2,upper,-15.0,2,-15.05526854060042,-15.912660347656788,-17.912891481617415,-7.639024378975588,-3.6087691907537436,0.0037776630521206716,upper,0.1
433,phase2,upper,-15.0,2,-15.053094702510267,-15.912660347656788,-17.912891481617415,-7.639024378975588,-3.6087691907537436,0.0036194563926596713,upper,0.1
434,phase2,upper,-15.0,2,-15.050400453762412,-15.912660347656788,-17.912891481617415,-7.639024378975588,-3.6087691907537436,0.00341706828820977,upper,0.1
435,phase2,upper,-15.0,2,-15.047357688279103,-15.912660347656788,-17.912891481617415,-7.639024378975588,-3.6087691907537436,0.0031893107119423526,upper,0.1
436,phase2,upper,-15.0,2,-15.04410252181673,-15.912660347656788,-17.912891481617415,-7.639024378975588,-3.6087691907537436,0.002948862083278675,upper,0.1
437,phase2,upper,-15.0,2,-15.040742861746727,-15.912660347656788,-17.912891481617415,-7.639024378975588,-3.6087691907537436,0.0027045064977538236,upper,0.1
438,phase2,upper,-15.0,2,-15.037363799127522,-15.912660347656788,-17.912891481617415,-7.639024378975588,-3.6087691907537436,0.0024624434268908026,upper,0.1
439,phase2,upper,-15.0,2,-15.034031672501488,-15.912660347656788,-17.912891481617415,-7.639024378975588,-3.6087691907537436,0.0022270777742372937,upper,0.1
440,phase2,upper,-15.0,2,-15.03079727840883,-15.912660347656788,-17.912891481617415,-7.639024378975588,-3.6087691907537436,0.0020015161157949193,upper,0.1
441,phase2,upper,-15.0,2,-15.02769849835224,-15.912660347656788,-17.912891481617415,-7.639024378975588,-3.6087691907537436,0.0017878938492907723,upper,0.1
442,phase2,upper,-15.0,2,-15.024762499377104,-15.912660347656788,-17.912891481617415,-7.639024378975588,-3.6087691907537436,0.0015876024307499416,upper,0.1
443,phase2,upper,-15.0,2,-15.022007603579427,-15.912660347656788,-17.912891481617415,-7.639024378975588,-3.6087691907537436,0.0014014553474804062,upper,0.1
444,phase2,upper,-15.0,2,-15.01944488770308,-15.912660347656788,-17.912891481617415,-7.639024378975588,-3.6087691907537436,0.0012298146819230697,upper,0.1
445,phase2,upper,-15.0,2,-15.01707955493333,-15.912660347656788,-17.912891481617415,-7.639024378975588,-3.6087691907537436,0.0010726908651929562,upper,0.1
446,phase2,upper,-15.0,2,-15.01491211014121,-15.912660347656788,-17.912891481617415,-7.639024378975588,-3.6087691907537436,0.0009298231007341859,upper,0.1
447,phase2,upper,-15.0,2,-15.012939363422454,-15.912660347656788,-17.912891481617415,-7.639024378975588,-3.6087691907537436,0.0008007450900675822,upper,0.1
448,phase2,upper,-15.0,2,-15.011155282761168,-15.912660347656788,-17.912891481617415,-7.639024378975588,-3.6087691907537436,0.000684839089586397,upper,0.1
449,phase2,upper,-15.0,2,-15.0095517139274,-15.912660347656788,-17.912891481617415,-7.639024378975588,-3.6087691907537436,0.0005813804079498065,upper,0.1
450,phase2,upper,-15.0,2,-15.008118983696907,-15.912660347656788,-17.912891481617415,-7.639024378975588,-3.6087691907537436,0.0004895739100168919,upper,0.1
451,phase2,upper,-15.0,2,-15.006846400846651,-15.912660347656788,-17.912891481617415,-7.639024378975588,-3.6087691907537436,0.0004085837570037877,upper,0.1
452,phase2,upper,-15.0,2,-15.005722667968012,-15.912660347656788,-17.912891481617415,-7.639024378975588,-3.6087691907537436,0.0003375573915712568,upper,0.1
453,phase2,upper,-15.0,2,-15.004736215868274,-15.912660347656788,-17.912891481617415,-7.639024378975588,-3.6087691907537436,0.0002756446206511751,upper,0.1
454,phase2,upper,-15.0,2,-15.003875471159644,-15.912660347656788,-17.912891481617415,-7.639024378975588,-3.6087691907537436,0.00022201253066330914,upper,0.1
455,phase2,upper,-15.0,2,-15.003129066545235,-15.912660347656788,-17.912891481617415,-7.639024378975588,-3.6087691907537436,0.00017585687450128368,upper,0.1
456,phase2,upper,-15.0,2,-15.002486002295372,-15.912660347656788,-17.912891481617415,-7.639024378975588,-3.6087691907537436,0.00013641048920960393,upper,0.1
457,phase2,upper,-15.0,2,-15.001935766462298,-15.912660347656788,-17.912891481617415,-7.639024378975588,-3.6087691907537436,0.00010294923322310848,upper,0.1
458,phase2,upper,-15.0,2,-15.001468420505818,-15.912660347656788,-17.912891481617415,-7.639024378975588,-3.6087691907537436,7.479586995612709e-05,upper,0.1
459,phase2,upper,-15.0,2,-15.00107465619581,-15.912660347656788,-17.912891481617415,-7.639024378975588,-3.6087691907537436,5.132226901879209e-05,upper,0.1
460,phase2,upper,-15.0,2,-15.000745828918756,-15.912660347656788,-17.912891481617415,-7.639024378975588,-3.6087691907537436,3.1950246549168726e-05,upper,0.1
461,phase2,upper,-15.0,2,-15.000473971842874,-15.912660347656788,-17.912891481617415,-7.639024378975588,-3.6087691907537436,1.61513215128969e-05,upper,0.1
462,phase2,upper,-15.0,2,-15.000251794787735,-15.912660347656788,-17.912891481617415,-7.639024378975588,-3.6087691907537436,3.4456249074862362e-06,upper,0.1
463,phase2,upper,-15.0,2,-15.000072671096571,-15.912660347656788,-17.912891481617415,-7.639024378975588,-3.6087691907537436,-6.599836750500332e-06,upper,0.1
464,phase2,upper,-15.0,2,-14.999930615319668,-15.912660347656788,-17.912891481617415,-7.639024378975588,-3.6087691907537436,-1.4373393808669891e-05,upper,0.1
465,phase2,upper,-15.0,2,-14.999820254081547,-15.912660347656788,-17.912891481617415,-7.639024378975588,-3.6087691907537436,-2.02212597056954e-05,upper,0.1
466,phase2,upper,-15.0,2,-14.999736792119512,-15.912660347656788,-17.912891481617415,-7.639024378975588,-3.6087691907537436,-2.445029342854057e-05,upper,0.1
467,phase2,upper,-15.0,2,-14.99967597514257,-15.912660347656788,-17.912891481617415,-7.639024378975588,-3.6087691907537436,-2.7330881887156838e-05,upper,0.1
468,phase2,upper,-15.0,2,-14.99963405086382,-15.912660347656788,-17.912891481617415,-7.639024378975588,-3.6087691907537436,-2.9099864367908842e-05,upper,0.1
469,phase2,upper,-15.0,2,-14.9996077293026,-15.912660347656788,-17.912891481617415,-7.639024378975588,-3.6087691907537436,-2.9963437149266677e-05,upper,0.1
470,phase2,upper,-15.0,2,-14.999594143230881,-15.912660347656788,-17.912891481617415,-7.639024378975588,-3.6087691907537436,-3.0099989989002333e-05,upper,0.1
471,phase2,upper,-15.0,2,-14.99959080944846,-15.912660347656788,-17.912891481617415,-7.639024378975588,-3.6087691907537436,-2.9662837775201295e-05,upper,0.1
472,phase2,upper,-15.0,2,-14.99959559140981,-15.912660347656788,-17.912891481617415,-7.639024378975588,-3.6087691907537436,-2.8782820394555163e-05,upper,0.1
473,phase2,upper,-15.0,2,-14.999606663588938,-15.912660347656788,-17.912891481617415,-7.639024378975588,-3.6087691907537436,-2.7570752029379838e-05,upper,0.1
474,phase2,upper,-15.0,2,-14.999622477854437,-15.912660347656788,-17.912891481617415,-7.639024378975588,-3.6087691907537436,-2.611970784583691e-05,upper,0.1
475,phase2,upper,-15.0,2,-14.999641732032137,-15.912660347656788,-17.912891481617415,-7.639024378975588,-3.6087691907537436,-2.450714155400242e-05,upper,0.1
476,phase2,upper,-15.0,2,-14.999663340755285,-15.912660347656788,-17.912891481617415,-7.639024378975588,-3.6087691907537436,-2.279683177983115e-05,upper,0.1
477,phase2,upper,-15.0,2,-14.99968640863933,-15.912660347656788,-17.912891481617415,-7.639024378975588,-3.6087691907537436,-2.104065872377014e-05,upper,0.1
478,phase2,upper,-15.0,2,-14.99971020576838,-15.912660347656788,-17.912891481617415,-7.639024378975588,-3.6087691907537436,-1.9280215336788692e-05,upper,0.1
479,phase2,upper,-15.0,2,-14.999734145441442,-15.912660347656788,-17.912891481617415,-7.639024378975588,-3.6087691907537436,-1.7548259330354285e-05,upper,0.1
480,phase2,upper,-15.0,2,-14.999757764096687,-15.912660347656788,-17.912891481617415,-7.639024378975588,-3.6087691907537436,-1.5870013862216837e-05,upper,0.1
481,phase2,upper,-15.0,2,-14.999780703310215,-15.912660347656788,-17.912891481617415,-7.639024378975588,-3.6087691907537436,-1.4264325797146368e-05,upper,0.1
482,phase2,upper,-15.0,2,-14.999802693750363,-15.912660347656788,-17.912891481617415,-7.639024378975588,-3.6087691907537436,-1.2744691110506394e-05,upper,0.1
483,phase2,upper,-15.0,2,-14.999823540958774,-15.912660347656788,-17.912891481617415,-7.639024378975588,-3.6087691907537436,-1.1320157356205851e-05,upper,0.1
484,phase2,upper,-15.0,2,-14.999843112823994,-15.912660347656788,-17.912891481617415,-7.639024378975588,-3.6087691907537436,-9.996113217420486e-06,upper,0.1
485,phase2,lower,-20.0,4,-14.999843112823994,-16.362692457554747,-18.257017309521498,-7.631163225099859,-3.558190437058898,-0.013635497351132453,upper,0.1
486,phase2,upper,-15.0,2,-15.012124279725594,-16.362692457554747,-18.257017309521498,-7.631163225099859,-3.558190437058898,-0.006685270581632886,upper,0.1
487,phase2,upper,-15.0,2,-15.017782058041517,-16.362692457554747,-18.257017309521498,-7.631163225099859,-3.558190437058898,-0.0029443610619114243,upper,0.1
488,phase2,upper,-15.0,2,-15.019833373667637,-16.362692457554747,-18.257017309521498,-7.631163225099859,-3.558190437058898,-0.0009631500187551256,upper,0.1
489,phase2,upper,-15.0,2,-15.01994784043985,-16.362692457554747,-18.257017309521498,-7.631163225099859,-3.558190437058898,5.5344558819141166e-05,upper,0.1
490,phase2,upper,-15.0,2,-15.019051483011392,-16.362692457554747,-18.257017309521498,-7.631163225099859,-3.558190437058898,0.0005493647877199188,upper,0.1
491,phase2,upper,-15.0,2,-15.017658975962927,-16.362692457554747,-18.257017309521498,-7.631163225099859,-3.558190437058898,0.0007599061497680092,upper,0.1
492,phase2,upper,-15.0,2,-15.01605666732971,-16.362692457554747,-18.257017309521498,-7.631163225099859,-3.558190437058898,0.0008194679134157994,upper,0.1
493,phase2,upper,-15.0,2,-15.014403562821652,-16.362692457554747,-18.257017309521498,-7.631163225099859,-3.558190437058898,0.0008008367927265117,upper,0.1
494,phase2,upper,-15.0,2,-15.012787181208354,-16.362692457554747,-18.257017309521498,-7.631163225099859,-3.558190437058898,0.0007439103480996256,upper,0.1
495,phase2,upper,-15.0,2,-15.011254564090882,-16.362692457554747,-18.257017309521498,-7.631163225099859,-3.558190437058898,0.0006704527044429272,upper,0.1
496,phase2,upper,-15.0,2,-15.009829588540137,-16.362692457554747,-18.257017309521498,-7.631163225099859,-3.558190437058898,0.000592217617396458,upper,0.1
497,phase2,lower,-20.0,4,-15.009829588540137,-16.801591946895766,-18.562705574983475,-7.6072594577492785,-3.5032765860933632,-0.007847214575175739,upper,0.1
498,phase2,upper,-15.0,2,-15.016118201407359,-16.801591946895766,-18.562705574983475,-7.6072594577492785,-3.5032765860933632,-0.003619896708171288,upper,0.1
499,phase2,upper,-15.0,2,-15.01842593879867,-16.801591946895766,-18.562705574983475,-7.6072594577492785,-3.5032765860933632,-0.0013757186129269498,upper,0.1
500,phase2,upper,-15.0,2,-15.018619376027832,-16.801591946895766,-18.562705574983475,-7.6072594577492785,-3.5032765860933632,-0.00021534781339651237,upper,0.1
501,phase2,upper,-15.0,2,-15.01772781049427,-16.801591946895766,-18.562705574983475,-7.6072594577492785,-3.5032765860933632,0.0003553767813649618,upper,0.1
502,phase2,upper,-15.0,2,-15.016318355166034,-16.801591946895766,-18.562705574983475,-7.6072594577492785,-3.5032765860933632,0.0006079034774462799,upper,0.1
503,phase2,upper,-15.0,2,-15.014702446486405,-16.801591946895766,-18.562705574983475,-7.6072594577492785,-3.5032765860933632,0.0006912317594362999,upper,0.1
504,phase2,upper,-15.0,2,-15.013049673825353,-16.801591946895766,-18.562705574983475,-7.6072594577492785,-3.5032765860933632,0.0006870171897356668,upper,0.1
505,phase2,upper,-15.0,2,-15.011450637955091,-16.801591946895766,-18.562705574983475,-7.6072594577492785,-3.5032765860933632,0.0006398638017760817,upper,0.1
506,phase2,upper,-15.0,2,-15.009951757488976,-16.801591946895766,-18.562705574983475,-7.6072594577492785,-3.5032765860933632,0.0005739821275164686,upper,0.1
507,phase2,upper,-15.0,2,-15.008574619999491,-16.801591946895766,-18.562705574983475,-7.6072594577492785,-3.5032765860933632,0.000502354145427644,upper,0.1
508,phase2,upper,-15.0,2,-15.007326803404867,-16.801591946895766,-18.562705574983475,-7.6072594577492785,-3.5032765860933632,0.00043177932350774227,upper,0.1
509,phase2,upper,-15.0,2,-15.00620797724233,-16.801591946895766,-18.562705574983475,-7.6072594577492785,-3.5032765860933632,0.00036565574124056046,upper,0.1
510,phase2,upper,-15.0,2,-15.005213381196967,-16.801591946895766,-18.562705574983475,-7.6072594577492785,-3.5032765860933632,0.0003055151014356505,upper,0.1
511,phase2,upper,-15.0,2,-15.004335837176956,-16.801591946895766,-18.562705574983475,-7.6072594577492785,-3.5032765860933632,0.00025187159702776867,upper,0.1
512,phase2,upper,-15.0,2,-15.003566933820851,-16.801591946895766,-18.562705574983475,-7.6072594577492785,-3.5032765860933632,0.00020469249516196097,upper,0.1
513,phase2,upper,-15.0,2,-15.002897737690724,-16.801591946895766,-18.562705574983475,-7.6072594577492785,-3.5032765860933632,0.00016365977765146032,upper,0.1
514,phase2,upper,-15.0,2,-15.002319228674532,-16.801591946895766,-18.562705574983475,-7.6072594577492785,-3.5032765860933632,0.00012831605230338304,upper,0.1
515,phase2,upper,-15.0,2,-15.001822570680662,-16.801591946895766,-18.562705574983475,-7.6072594577492785,-3.5032765860933632,9.814610665298955e-05,upper,0.1
516,phase2,upper,-15.0,2,-15.001399280908142,-16.801591946895766,-18.562705574983475,-7.6072594577492785,-3.5032765860933632,7.262246779184336e-05,upper,0.1
517,phase2,upper,-15.0,2,-15.001041334430509,-16.801591946895766,-18.562705574983475,-7.6072594577492785,-3.5032765860933632,5.123067336646137e-05,upper,0.1
518,phase2,upper,-15.0,2,-15.000741225987802,-16.801591946895766,-18.562705574983475,-7.6072594577492785,-3.5032765860933632,3.348298756400062e-05,upper,0.1
519,phase2,upper,-15.0,2,-15.000492002490939,-16.801591946895766,-18.562705574983475,-7.6072594577492785,-3.5032765860933632,1.892545081547974e-05,upper,0.1
520,phase2,upper,-15.0,2,-15.000287274921728,-16.801591946895766,-18.562705574983475,-7.6072594577492785,-3.5032765860933632,7.141025914984329e-06,upper,0.1
521,phase2,upper,-15.0,2,-15.000121215473973,-16.801591946895766,-18.562705574983475,-7.6072594577492785,-3.5032765860933632,-2.2495768486111465e-06,upper,0.1
522,phase2,upper,-15.0,2,-14.999988544053915,-16.801591946895766,-18.562705574983475,-7.6072594577492785,-3.5032765860933632,-9.58847196663143e-06,upper,0.1
523,phase2,upper,-15.0,2,-14.999884507160933,-16.801591946895766,-18.562705574983475,-7.6072594577492785,-3.5032765860933632,-1.5182016243816132e-05,upper,0.1
524,phase2,upper,-15.0,2,-14.99980485143609,-16.801591946895766,-18.562705574983475,-7.6072594577492785,-3.5032765860933632,-1.9302731683091542e-05,upper,0.1
525,phase2,upper,-15.0,2,-14.999745793649423,-16.801591946895766,-18.562705574983475,-7.6072594577492785,-3.5032765860933632,-2.219151750849454e-05,upper,0.1
526,phase2,upper,-15.0,2,-14.999703988514296,-16.801591946895766,-18.562705574983475,-7.6072594577492785,-3.5032765860933632,-2.406000917597784e-05,upper,0.1
527,phase2,upper,-15.0,2,-14.999676495421857,-16.801591946895766,-18.562705574983475,-7.6072594577492785,-3.5032765860933632,-2.5092988130113984e-05,upper,0.1
528,phase2,upper,-15.0,2,-14.999660744953507,-16.801591946895766,-18.562705574983475,-7.6072594577492785,-3.5032765860933632,-2.545077571810081e-05,upper,0.1
529,phase2,upper,-15.0,2,-14.999654505838366,-16.801591946895766,-18.562705574983475,-7.6072594577492785,-3.5032765860933632,-2.5271564692684024e-05,upper,0.1
530,phase2,upper,-15.0,2,-14.99965585286552,-16.801591946895766,-18.562705574983475,-7.6072594577492785,-3.5032765860933632,-2.467365584469365e-05,upper,0.1
531,phase2,upper,-15.0,2,-14.999663136131005,-16.801591946895766,-18.562705574983475,-7.6072594577492785,-3.5032765860933632,-2.3757577628070246e-05,upper,0.1
532,phase2,upper,-15.0,2,-14.999674951892018,-16.801591946895766,-18.562705574983475,-7.6072594577492785,-3.5032765860933632,-2.26080744042719e-05,upper,0.1
533,phase2,upper,-15.0,2,-14.999690115212406,-16.801591946895766,-18.562705574983475,-7.6072594577492785,-3.5032765860933632,-2.1295954889433426e-05,upper,0.1
534,phase2,upper,-15.0,2,-14.99970763451106,-16.801591946895766,-18.562705574983475,-7.6072594577492785,-3.5032765860933632,-1.9879796990939916e-05,upper,0.1
535,phase2,upper,-15.0,2,-14.999726688066206,-16.801591946895766,-18.562705574983475,-7.6072594577492785,-3.5032765860933632,-1.8407508786800324e-05,upper,0.1
536,phase2,upper,-15.0,2,-14.999746602481691,-16.801591946895766,-18.562705574983475,-7.6072594577492785,-3.5032765860933632,-1.6917748137449175e-05,upper,0.1
537,phase2,upper,-15.0,2,-14.999766833084431,-16.801591946895766,-18.562705574983475,-7.6072594577492785,-3.5032765860933632,-1.5441205489097858e-05,upper,0.1
538,phase2,upper,-15.0,2,-14.999786946193883,-16.801591946895766,-18.562705574983475,-7.6072594577492785,-3.5032765860933632,-1.4001755950716103e-05,upper,0.1
539,phase2,upper,-15.0,2,-14.999806603183115,-16.801591946895766,-18.562705574983475,-7.6072594577492785,-3.5032765860933632,-1.2617487800328466e-05,upper,0.1
540,phase2,upper,-15.0,2,-14.999825546235929,-16.801591946895766,-18.562705574983475,-7.6072594577492785,-3.5032765860933632,-1.1301615287351389e-05,upper,0.1
541,phase2,upper,-15.0,2,-14.999843585694194,-16.801591946895766,-18.562705574983475,-7.6072594577492785,-3.5032765860933632,-1.0063284007513264e-05,upper,0.1
542,phase2,upper,-15.0,2,-14.999860588883553,-16.801591946895766,-18.562705574983475,-7.6072594577492785,-3.5032765860933632,-8.908277300054946e-06,upper,0.1
543,phase2,upper,-15.0,2,-14.999876470302828,-16.801591946895766,-18.562705574983475,-7.6072594577492785,-3.5032765860933632,-7.839632097085901e-06,upper,0.1
544,phase2,upper,-15.0,2,-14.999891183062338,-16.801591946895766,-18.562705574983475,-7.6072594577492785,-3.5032765860933632,-6.858172486710356e-06,upper,0.1
545,phase2,upper,-15.0,2,-14.999904711458427,-16.801591946895766,-18.562705574983475,-7.6072594577492785,-3.5032765860933632,-5.962968971845175e-06,upper,0.1
546,phase2,upper,-15.0,2,-14.999917064575003,-16.801591946895766,-18.562705574983475,-7.6072594577492785,-3.5032765860933632,-5.1517310381762645e-06,upper,0.1
547,phase2,upper,-15.0,2,-14.999928270807795,-16.801591946895766,-18.562705574983475,-7.6072594577492785,-3.5032765860933632,-4.421140221490956e-06,upper,0.1
548,phase2,lower,-20.0,4,-14.999928270807795,-17.227707288730738,-18.832213816536765,-7.569101122712059,-3.4452093564391775,-0.002770924937871913,upper,0.1
549,phase2,upper,-15.0,2,-15.002428226630498,-17.227707288730738,-18.832213816536765,-7.569101122712059,-3.4452093564391775,-0.0013593539912477165,upper,0.1
550,phase2,upper,-15.0,2,-15.003582611575338,-17.227707288730738,-18.832213816536765,-7.569101122712059,-3.4452093564391775,-0.0005994496850519127,upper,0.1
551,phase2,upper,-15.0,2,-15.004004040641513,-17.227707288730738,-18.832213816536765,-7.569101122712059,-3.4452093564391775,-0.0001968788069487401,upper,0.1
552,phase2,upper,-15.0,2,-15.00403157174766,-17.227707288730738,-18.832213816536765,-7.569101122712059,-3.4452093564391775,1.0181220030858675e-05,upper,0.1
553,phase2,upper,-15.0,2,-15.003853283844201,-17.227707288730738,-18.832213816536765,-7.569101122712059,-3.4452093564391775,0.00011071471775612732,upper,0.1
554,phase2,lower,-20.0,4,-15.003853283844201,-17.63805829826536,-19.06665447313287,-7.517634251536507,-3.3844889569221075,0.0020669748167382526,upper,0.1
555,phase2,upper,-15.0,2,-15.001813099470509,-17.63805829826536,-19.06665447313287,-7.517634251536507,-3.3844889569221075,0.0011122245420513122,upper,0.1
556,phase2,upper,-15.0,2,-15.000680589743327,-17.63805829826536,-19.06665447313287,-7.517634251536507,-3.3844889569221075,0.00058754732218025,upper,0.1
557,phase2,upper,-15.0,2,-15.000054939403565,-17.63805829826536,-19.06665447313287,-7.517634251536507,-3.3844889569221075,0.00029959868268616724,upper,0.1
558,phase2,upper,-15.0,2,-14.999714257110329,-17.63805829826536,-19.06665447313287,-7.517634251536507,-3.3844889569221075,0.00014205762352950297,upper,0.1
559,phase2,upper,-15.0,2,-14.999535192062567,-17.63805829826536,-19.06665447313287,-7.517634251536507,-3.3844889569221075,5.6426762046575654e-05,upper,0.1
560,phase2,upper,-15.0,2,-14.99944874765615,-17.63805829826536,-19.06665447313287,-7.517634251536507,-3.3844889569221075,1.0495446428083093e-05,upper,0.1
561,phase2,upper,-15.0,2,-14.999415982271199,-17.63805829826536,-19.06665447313287,-7.517634251536507,-3.3844889569221075,-1.349355505066208e-05,upper,0.1
562,phase2,upper,-15.0,2,-14.99941463715866,-17.63805829826536,-19.06665447313287,-7.517634251536507,-3.3844889569221075,-2.534641192662154e-05,upper,0.1
563,phase2,upper,-15.0,2,-14.9994317691196,-17.63805829826536,-19.06665447313287,-7.517634251536507,-3.3844889569221075,-3.0491809965667653e-05,upper,0.1
564,phase2,upper,-15.0,2,-14.999459683821161,-17.63805829826536,-19.06665447313287,-7.517634251536507,-3.3844889569221075,-3.194542676189462e-05,upper,0.1
565,phase2,upper,-15.0,2,-14.999493684139216,-17.63805829826536,-19.06665447313287,-7.517634251536507,-3.3844889569221075,-3.1390295421329085e-05,upper,0.1
566,phase2,upper,-15.0,2,-14.999530817322253,-17.63805829826536,-19.06665447313287,-7.517634251536507,-3.3844889569221075,-2.9771348035788015e-05,upper,0.1
567,phase2,upper,-15.0,2,-14.999569172501605,-17.63805829826536,-19.06665447313287,-7.517634251536507,-3.3844889569221075,-2.7622953919059155e-05,upper,0.1
568,phase2,upper,-15.0,2,-14.999607482079496,-17.63805829826536,-19.06665447313287,-7.517634251536507,-3.3844889569221075,-2.5249669629567902e-05,upper,0.1
569,phase2,upper,-15.0,2,-14.999644891493704,-17.63805829826536,-19.06665447313287,-7.517634251536507,-3.3844889569221075,-2.2826251694933035e-05,upper,0.1
570,phase2,upper,-15.0,2,-14.999680822814799,-17.63805829826536,-19.06665447313287,-7.517634251536507,-3.3844889569221075,-2.0453226008160272e-05,upper,0.1
571,phase2,lower,-20.0,4,-14.999680822814799,-18.03093632365552,-19.267837433227044,-7.454255663669631,-3.3219002973915024,0.006421151693080961,upper,0.1
572,phase2,upper,-15.0,2,-14.993917446690702,-18.03093632365552,-19.267837433227044,-7.454255663669631,-3.3219002973915024,0.003138198450024475,upper,0.1
573,phase2,lower,-20.0,4,-14.993917446690702,-18.40180205600765,-19.43539852120622,-7.378796904718209,-3.2570804171363164,0.01114689265643964,upper,0.1
574,phase2,upper,-15.0,2,-14.984074757318004,-18.40180205600765,-19.43539852120622,-7.378796904718209,-3.2570804171363164,0.005296557064005218,upper,0.1
575,phase2,upper,-15.0,2,-14.979826375688182,-18.40180205600765,-19.43539852120622,-7.378796904718209,-3.2570804171363164,0.002164222456403142,upper,0.1
576,phase2,upper,-15.0,2,-14.978609650759845,-18.40180205600765,-19.43539852120622,-7.378796904718209,-3.2570804171363164,0.0005210570497012448,upper,0.1
577,phase2,upper,-15.0,2,-14.97900546892312,-18.40180205600765,-19.43539852120622,-7.378796904718209,-3.2570804171363164,-0.0003085632671304811,upper,0.1
578,phase2,upper,-15.0,2,-14.980226312279402,-18.40180205600765,-19.43539852120622,-7.378796904718209,-3.2570804171363164,-0.0006961496557724885,upper,0.1
579,phase2,upper,-15.0,2,-14.981834434888073,-18.40180205600765,-19.43539852120622,-7.378796904718209,-3.2570804171363164,-0.0008459810502835473,upper,0.1
580,phase2,upper,-15.0,2,-14.983586531878409,-18.40180205600765,-19.43539852120622,-7.378796904718209,-3.2570804171363164,-0.0008703334039395035,upper,0.1
581,phase2,upper,-15.0,2,-14.985347966619997,-18.40180205600765,-19.43539852120622,-7.378796904718209,-3.2570804171363164,-0.0008308352905542241,upper,0.1
582,phase2,upper,-15.0,2,-14.987045271439547,-18.40180205600765,-19.43539852120622,-7.378796904718209,-3.2570804171363164,-0.0007612105185470552,upper,0.1
583,phase2,lower,-20.0,4,-14.987045271439547,-18.7558467919942,-19.575625026744465,-7.295717679345776,-3.1929507266280024,0.013707028243286599,upper,0.1
584,phase2,upper,-15.0,2,-14.97561831418055,-18.7558467919942,-19.575625026744465,-7.295717679345776,-3.1929507266280024,0.00640964511679352,upper,0.1
585,phase2,upper,-15.0,2,-14.9711013180919,-18.7558467919942,-19.575625026744465,-7.295717679345776,-3.1929507266280024,0.0025219271391270165,upper,0.1
586,phase2,upper,-15.0,2,-14.97028360403815,-18.7558467919942,-19.575625026744465,-7.295717679345776,-3.1929507266280024,0.0004994656743609041,upper,0.1
587,phase2,upper,-15.0,2,-14.971391984630262,-18.7558467919942,-19.575625026744465,-7.295717679345776,-3.1929507266280024,-0.0005065427255053455,upper,0.1
588,phase2,upper,-15.0,2,-14.973446905667146,-18.7558467919942,-19.575625026744465,-7.295717679345776,-3.1929507266280024,-0.0009625334640360448,upper,0.1
589,phase2,upper,-15.0,2,-14.975907989231796,-18.7558467919942,-19.575625026744465,-7.295717679345776,-3.1929507266280024,-0.0011247019171315678,upper,0.1
590,phase2,upper,-15.0,2,-14.9784786659477,-18.7558467919942,-19.575625026744465,-7.295717679345776,-3.1929507266280024,-0.0011336042132969932,upper,0.1
591,phase2,upper,-15.0,2,-14.980998296902715,-18.7558467919942,-19.575625026744465,-7.295717679345776,-3.1929507266280024,-0.0010661612414100668,upper,0.1
592,phase2,upper,-15.0,2,-14.98338244123059,-18.7558467919942,-19.575625026744465,-7.295717679345776,-3.1929507266280024,-0.0009642561722548983,upper,0.1
593,phase2,upper,-15.0,2,-14.985589646010245,-18.7558467919942,-19.575625026744465,-7.295717679345776,-3.1929507266280024,-0.000850468607270829,upper,0.1
594,phase2,upper,-15.0,2,-14.987602870911598,-18.7558467919942,-19.575625026744465,-7.295717679345776,-3.1929507266280024,-0.0007367379533225053,upper,0.1
595,phase2,upper,-15.0,2,-14.989419009166117,-18.7558467919942,-19.575625026744465,-7.295717679345776,-3.1929507266280024,-0.0006291388010925078,upper,0.1
596,phase2,upper,-15.0,2,-14.991042905731074,-18.7558467919942,-19.575625026744465,-7.295717679345776,-3.1929507266280024,-0.0005305172895942096,upper,0.1
597,phase2,upper,-15.0,2,-14.992483888901985,-18.7558467919942,-19.575625026744465,-7.295717679345776,-3.1929507266280024,-0.0004419497150441571,upper,0.1
598,phase2,upper,-15.0,2,-14.993753719685094,-18.7558467919942,-19.575625026744465,-7.295717679345776,-3.1929507266280024,-0.00036355184975099325,upper,0.1
599,phase2,upper,-15.0,2,-14.994865351703266,-18.7558467919942,-19.575625026744465,-7.295717679345776,-3.1929507266280024,-0.0002949296340194939,upper,0.1
600,phase2,upper,-15.0,2,-14.995832163314347,-18.7558467919942,-19.575625026744465,-7.295717679345776,-3.1929507266280024,-0.00023543122492974958,upper,0.1
601,phase2,upper,-15.0,2,-14.996667471875396,-18.7558467919942,-19.575625026744465,-7.295717679345776,-3.1929507266280024,-0.00018428855950999206,upper,0.1
602,phase2,upper,-15.0,2,-14.997384222022012,-18.7558467919942,-19.575625026744465,-7.295717679345776,-3.1929507266280024,-0.00014069709802292705,upper,0.1
603,phase2,upper,-15.0,2,-14.99799478529678,-18.7558467919942,-19.575625026744465,-7.295717679345776,-3.1929507266280024,-0.00010386068758164247,upper,0.1
604,phase2,upper,-15.0,2,-14.998510833851912,-18.7558467919942,-19.575625026744465,-7.295717679345776,-3.1929507266280024,-7.301652374388845e-05,upper,0.1
605,phase2,upper,-15.0,2,-14.998943265277076,-18.7558467919942,-19.575625026744465,-7.295717679345776,-3.1929507266280024,-4.74485912357085e-05,upper,0.1
606,phase2,upper,-15.0,2,-14.999302163814514,-18.7558467919942,-19.575625026744465,-7.295717679345776,-3.1929507266280024,-2.649431891378116e-05,upper,0.1
607,phase2,upper,-15.0,2,-14.999596788040808,-18.7558467919942,-19.575625026744465,-7.295717679345776,-3.1929507266280024,-9.547161297872921e-06,upper,0.1
608,phase2,upper,-15.0,2,-14.999835578014798,-18.7558467919942,-19.575625026744465,-7.295717679345776,-3.1929507266280024,3.943309782231062e-06,upper,0.1
609,phase2,upper,-15.0,2,-15.000026176738567,-18.7558467919942,-19.575625026744465,-7.295717679345776,-3.1929507266280024,1.4472855468748885e-05,upper,0.1
610,phase2,upper,-15.0,2,-15.000175462007888,-18.7558467919942,-19.575625026744465,-7.295717679345776,-3.1929507266280024,2.2484976868637444e-05,upper,0.1
611,phase2,upper,-15.0,2,-15.000289585592473,-18.7558467919942,-19.575625026744465,-7.295717679345776,-3.1929507266280024,2.8373904641264467e-05,upper,0.1
612,phase2,upper,-15.0,2,-15.000374017325326,-18.7558467919942,-19.575625026744465,-7.295717679345776,-3.1929507266280024,3.2487923281221824e-05,upper,0.1
613,phase2,upper,-15.0,2,-15.000433592174168,-18.7558467919942,-19.575625026744465,-7.295717679345776,-3.1929507266280024,3.5132860349208354e-05,upper,0.1
614,phase2,upper,-15.0,2,-15.000472558761821,-18.7558467919942,-19.575625026744465,-7.295717679345776,-3.1929507266280024,3.6575621373120466e-05,upper,0.1
615,phase2,upper,-15.0,2,-15.000494628124018,-18.7558467919942,-19.575625026744465,-7.295717679345776,-3.1929507266280024,3.7047685256503044e-05,upper,0.1
616,phase2,upper,-15.0,2,-15.000503021758972,-18.7558467919942,-19.575625026744465,-7.295717679345776,-3.1929507266280024,3.6748499147878366e-05,upper,0.1
617,phase2,upper,-15.0,2,-15.000500518244245,-18.7558467919942,-19.575625026744465,-7.295717679345776,-3.1929507266280024,3.584872945707771e-05,upper,0.1
618,phase2,upper,-15.0,2,-15.000489497880857,-18.7558467919942,-19.575625026744465,-7.295717679345776,-3.1929507266280024,3.4493339142386154e-05,upper,0.1
619,phase2,upper,-15.0,2,-15.000471984977695,-18.7558467919942,-19.575625026744465,-7.295717679345776,-3.1929507266280024,3.2804471791357385e-05,upper,0.1
620,phase2,upper,-15.0,2,-15.00044968751584,-18.7558467919942,-19.575625026744465,-7.295717679345776,-3.1929507266280024,3.088413115667812e-05,upper,0.1
621,phase2,upper,-15.0,2,-15.000424034036161,-18.7558467919942,-19.575625026744465,-7.295717679345776,-3.1929507266280024,2.881665119442762e-05,upper,0.1
622,phase2,upper,-15.0,2,-15.000396207677593,-18.7558467919942,-19.575625026744465,-7.295717679345776,-3.1929507266280024,2.6670956645754804e-05,upper,0.1
623,phase2,upper,-15.0,2,-15.000367177360781,-18.7558467919942,-19.575625026744465,-7.295717679345776,-3.1929507266280024,2.4502618059431132e-05,upper,0.1
624,phase2,upper,-15.0,2,-15.000337726164608,-18.7558467919942,-19.575625026744465,-7.295717679345776,-3.1929507266280024,2.235570807986759e-05,upper,0.1
625,phase2,upper,-15.0,2,-15.000308476983802,-18.7558467919942,-19.575625026744465,-7.295717679345776,-3.1929507266280024,2.0264467979406106e-05,upper,0.1
626,phase2,upper,-15.0,2,-15.00027991558609,-18.7558467919942,-19.575625026744465,-7.295717679345776,-3.1929507266280024,1.8254794936336126e-05,upper,0.1
627,phase2,lower,-20.0,4,-15.00027991558609,-19.08780818615378,-19.68725680382204,-7.2041192439664465,-3.128455728166536,0.01705513075335801,upper,0.1
628,phase2,upper,-15.0,2,-14.984919222846475,-19.08780818615378,-19.68725680382204,-7.2041192439664465,-3.128455728166536,0.008364414781184793,upper,0.1
629,phase2,upper,-15.0,2,-14.977839779841952,-19.08780818615378,-19.68725680382204,-7.2041192439664465,-3.128455728166536,0.003686507655043667,upper,0.1
630,phase2,upper,-15.0,2,-14.975269504479934,-19.08780818615378,-19.68725680382204,-7.2041192439664465,-3.128455728166536,0.0012088644837069426,upper,0.1
631,phase2,upper,-15.0,2,-14.975120914276125,-19.08780818615378,-19.68725680382204,-7.2041192439664465,-3.128455728166536,-6.502636374807608e-05,upper,0.1
632,phase2,upper,-15.0,2,-14.976236256036433,-19.08780818615378,-19.68725680382204,-7.2041192439664465,-3.128455728166536,-0.0006831218669887304,upper,0.1
633,phase2,upper,-15.0,2,-14.977972089375378,-19.08780818615378,-19.68725680382204,-7.2041192439664465,-3.128455728166536,-0.0009467499044526199,upper,0.1
634,phase2,upper,-15.0,2,-14.97997044400432,-19.08780818615378,-19.68725680382204,-7.2041192439664465,-3.128455728166536,-0.0010215795975764231,upper,0.1
635,phase2,upper,-15.0,2,-14.982032555825215,-19.08780818615378,-19.68725680382204,-7.2041192439664465,-3.128455728166536,-0.0009986185662060265,upper,0.1
636,phase2,upper,-15.0,2,-14.984049030227027,-19.08780818615378,-19.68725680382204,-7.2041192439664465,-3.128455728166536,-0.0009277518303841346,upper,0.1
637,phase2,upper,-15.0,2,-14.985961071146304,-19.08780818615378,-19.68725680382204,-7.2041192439664465,-3.128455728166536,-0.0008361917056036015,upper,0.1
638,phase2,upper,-15.0,2,-14.987738836232545,-19.08780818615378,-19.68725680382204,-7.2041192439664465,-3.128455728166536,-0.0007386344717489257,upper,0.1
639,phase2,upper,-15.0,2,-14.989369253609444,-19.08780818615378,-19.68725680382204,-7.2041192439664465,-3.128455728166536,-0.0006428576324713808,upper,0.1
640,phase2,upper,-15.0,2,-14.99084908351898,-19.08780818615378,-19.68725680382204,-7.2041192439664465,-3.128455728166536,-0.0005528094079997385,upper,0.1
641,phase2,upper,-15.0,2,-14.992180902693345,-19.08780818615378,-19.68725680382204,-7.2041192439664465,-3.128455728166536,-0.00047031794070561306,upper,0.1
642,phase2,upper,-15.0,2,-14.9933707305656,-19.08780818615378,-19.68725680382204,-7.2041192439664465,-3.128455728166536,-0.0003960399548396311,upper,0.1
643,phase2,upper,-15.0,2,-14.99442658892071,-19.08780818615378,-19.68725680382204,-7.2041192439664465,-3.128455728166536,-0.0003299896452854768,upper,0.1
644,phase2,upper,-15.0,2,-14.99535760153832,-19.08780818615378,-19.68725680382204,-7.2041192439664465,-3.128455728166536,-0.00027183528425180715,upper,0.1
645,phase2,upper,-15.0,2,-14.996173413826295,-19.08780818615378,-19.68725680382204,-7.2041192439664465,-3.128455728166536,-0.00022106679524052937,upper,0.1
646,phase2,upper,-15.0,2,-14.996883808134038,-19.08780818615378,-19.68725680382204,-7.2041192439664465,-3.128455728166536,-0.00017709123759650114,upper,0.1
647,phase2,upper,-15.0,2,-14.997498443382948,-19.08780818615378,-19.68725680382204,-7.2041192439664465,-3.128455728166536,-0.00013928768024459024,upper,0.1
648,phase2,upper,-15.0,2,-14.998026677093117,-19.08780818615378,-19.68725680382204,-7.2041192439664465,-3.128455728166536,-0.00010703893001593964,upper,0.1
649,phase2,upper,-15.0,2,-14.99847744438684,-19.08780818615378,-19.68725680382204,-7.2041192439664465,-3.128455728166536,-7.974985981054549e-05,upper,0.1
650,phase2,upper,-15.0,2,-14.998859177914925,-19.08780818615378,-19.68725680382204,-7.2041192439664465,-3.128455728166536,-5.685782081891471e-05,upper,0.1
651,phase2,upper,-15.0,2,-14.999179758070648,-19.08780818615378,-19.68725680382204,-7.2041192439664465,-3.128455728166536,-3.7838264224714305e-05,upper,0.1
652,phase2,upper,-15.0,2,-14.999446486080888,-19.08780818615378,-19.68725680382204,-7.2041192439664465,-3.128455728166536,-2.2207385831359862e-05,upper,0.1
653,phase2,upper,-15.0,2,-14.9996660745587,-19.08780818615378,-19.68725680382204,-7.2041192439664465,-3.128455728166536,-9.522871879912446e-06,upper,0.1
654,phase2,upper,-15.0,2,-14.999844651397042,-19.08780818615378,-19.68725680382204,-7.2041192439664465,-3.128455728166536,6.165923684056996e-07,upper,0.1
655,phase2,upper,-15.0,2,-14.99998777377255,-19.08780818615378,-19.68725680382204,-7.2041192439664465,-3.128455728166536,8.572629949520525e-06,upper,0.1
656,phase2,upper,-15.0,2,-15.000100449673866,-19.08780818615378,-19.68725680382204,-7.2041192439664465,-3.128455728166536,1.466901599610014e-05,upper,0.1
657,phase2,upper,-15.0,2,-15.000187164861611,-19.08780818615378,-19.68725680382204,-7.2041192439664465,-3.128455728166536,1.9193865246877487e-05,upper,0.1
658,phase2,upper,-15.0,2,-15.000251913558454,-19.08780818615378,-19.68725680382204,-7.2041192439664465,-3.128455728166536,2.2402025620178037e-05,upper,0.1
659,phase2,upper,-15.0,2,-15.000298231487335,-19.08780818615378,-19.68725680382204,-7.2041192439664465,-3.128455728166536,2.451757698191132e-05,upper,0.1
660,phase2,upper,-15.0,2,-15.000329230142011,-19.08780818615378,-19.68725680382204,-7.2041192439664465,-3.128455728166536,2.5736359997566187e-05,upper,0.1
661,phase2,upper,-15.0,2,-15.000347631397682,-19.08780818615378,-19.68725680382204,-7.2041192439664465,-3.128455728166536,2.6228478829430665e-05,upper,0.1
662,phase2,upper,-15.0,2,-15.000355801758221,-19.08780818615378,-19.68725680382204,-7.2041192439664465,-3.128455728166536,2.61407357907118e-05,upper,0.1
663,phase2,upper,-15.0,2,-15.000355785695922,-19.08780818615378,-19.68725680382204,-7.2041192439664465,-3.128455728166536,2.5598967276100946e-05,upper,0.1
664,phase2,upper,-15.0,2,-15.000349337673784,-19.08780818615378,-19.68725680382204,-7.2041192439664465,-3.128455728166536,2.471025919988572e-05,upper,0.1
665,phase2,upper,-15.0,2,-15.000337952552696,-19.08780818615378,-19.68725680382204,-7.2041192439664465,-3.128455728166536,2.356502731881005e-05,upper,0.1
666,phase2,upper,-15.0,2,-15.000322894179154,-19.08780818615378,-19.68725680382204,-7.2041192439664465,-3.128455728166536,2.2238953561062884e-05,upper,0.1
667,phase2,upper,-15.0,2,-15.000305222026075,-19.08780818615378,-19.68725680382204,-7.2041192439664465,-3.128455728166536,2.0794774080712213e-05,upper,0.1
668,phase2,upper,-15.0,2,-15.000285815821895,-19.08780818615378,-19.68725680382204,-7.2041192439664465,-3.128455728166536,1.9283918406082255e-05,upper,0.1
669,phase2,upper,-15.0,2,-15.00026539815346,-19.08780818615378,-19.68725680382204,-7.2041192439664465,-3.128455728166536,1.7748001907553946e-05,upper,0.1
670,phase2,upper,-15.0,2,-15.000244555067995,-19.08780818615378,-19.68725680382204,-7.2041192439664465,-3.128455728166536,1.6220176001157567e-05,upper,0.1
671,phase2,upper,-15.0,2,-15.000223754730252,-19.08780818615378,-19.68725680382204,-7.2041192439664465,-3.128455728166536,1.472634213956993e-05,upper,0.1
672,phase2,upper,-15.0,2,-15.000203364214082,-19.08780818615378,-19.68725680382204,-7.2041192439664465,-3.128455728166536,1.3286236813925226e-05,upper,0.1
673,phase2,upper,-15.0,2,-15.000183664524467,-19.08780818615378,-19.68725680382204,-7.2041192439664465,-3.128455728166536,1.1914395577810357e-05,upper,0.1
674,phase2,upper,-15.0,2,-15.00016486395745,-19.08780818615378,-19.68725680382204,-7.2041192439664465,-3.128455728166536,1.0621004577290092e-05,upper,0.1
675,phase2,upper,-15.0,2,-15.00014710991247,-19.08780818615378,-19.68725680382204,-7.2041192439664465,-3.128455728166536,9.412648288973404e-06,upper,0.1
676,phase2,upper,-15.0,2,-15.00013049927507,-19.08780818615378,-19.68725680382204,-7.2041192439664465,-3.128455728166536,8.292962180919611e-06,upper,0.1
677,phase2,upper,-15.0,2,-15.000115087488476,-19.08780818615378,-19.68725680382204,-7.2041192439664465,-3.128455728166536,7.263198863926172e-06,upper,0.1
678,phase2,lower,-20.0,4,-15.000115087488476,-19.39774651104163,-19.77262358469824,-7.105584554073586,-3.064389403604276,0.019803145424912304,upper,0.1
679,phase2,lower,-20.0,4,-15.000115087488476,-19.66741138752487,-19.821065381006807,-6.992556974759513,-2.9951025491941774,0.026924504146761105,upper,0.1
680,phase2,upper,-15.0,2,-14.975875379577857,-19.66741138752487,-19.821065381006807,-6.992556974759513,-2.9951025491941774,0.013195770780499202,upper,0.1
681,phase2,upper,-15.0,2,-14.964718666606839,-19.66741138752487,-19.821065381006807,-6.992556974759513,-2.9951025491941774,0.005806942335609081,upper,0.1
682,phase2,upper,-15.0,2,-14.96068496108498,-19.66741138752487,-19.821065381006807,-6.992556974759513,-2.9951025491941774,0.001894290574870527,upper,0.1
683,phase2,upper,-15.0,2,-14.960475933058405,-19.66741138752487,-19.821065381006807,-6.992556974759513,-2.9951025491941774,-0.00011662377159133959,upper,0.1
684,phase2,upper,-15.0,2,-14.962262244984407,-19.66741138752487,-19.821065381006807,-6.992556974759513,-2.9951025491941774,-0.0010915461084863233,upper,0.1
685,phase2,upper,-15.0,2,-14.965027205199236,-19.66741138752487,-19.821065381006807,-6.992556974759513,-2.9951025491941774,-0.0015065590590788624,upper,0.1
686,phase2,upper,-15.0,2,-14.96820519848675,-19.66741138752487,-19.821065381006807,-6.992556974759513,-2.9951025491941774,-0.0016234096708805767,upper,0.1
687,phase2,upper,-15.0,2,-14.971482186585057,-19.66741138752487,-19.821065381006807,-6.992556974759513,-2.9951025491941774,-0.001585882038622629,upper,0.1
688,phase2,upper,-15.0,2,-14.9746853617131,-19.66741138752487,-19.821065381006807,-6.992556974759513,-2.9951025491941774,-0.0014727872849779377,upper,0.1
689,phase2,upper,-15.0,2,-14.977721883418232,-19.66741138752487,-19.821065381006807,-6.992556974759513,-2.9951025491941774,-0.0013271137348675691,upper,0.1
690,phase2,upper,-15.0,2,-14.980544674779722,-19.66741138752487,-19.821065381006807,-6.992556974759513,-2.9951025491941774,-0.0011720742175283048,upper,0.1
691,phase2,upper,-15.0,2,-14.983133168373563,-19.66741138752487,-19.821065381006807,-6.992556974759513,-2.9951025491941774,-0.001019949711371209,upper,0.1
692,phase2,upper,-15.0,2,-14.985482339724129,-19.66741138752487,-19.821065381006807,-6.992556974759513,-2.9951025491941774,-0.0008769708124352423,upper,0.1
693,phase2,upper,-15.0,2,-14.98759635926612,-19.66741138752487,-19.821065381006807,-6.992556974759513,-2.9951025491941774,-0.000746018383397311,upper,0.1
694,phase2,upper,-15.0,2,-14.989484838987533,-19.66741138752487,-19.821065381006807,-6.992556974759513,-2.9951025491941774,-0.0006281225440090705,upper,0.1
695,phase2,upper,-15.0,2,-14.991160554434975,-19.66741138752487,-19.821065381006807,-6.992556974759513,-2.9951025491941774,-0.000523298412733499,upper,0.1
696,phase2,upper,-15.0,2,-14.992638020373398,-19.66741138752487,-19.821065381006807,-6.992556974759513,-2.9951025491941774,-0.00043101482616339254,upper,0.1
697,phase2,upper,-15.0,2,-14.99393257243793,-19.66741138752487,-19.821065381006807,-6.992556974759513,-2.9951025491941774,-0.0003504591687293736,upper,0.1
698,phase2,upper,-15.0,2,-14.995059758308003,-19.66741138752487,-19.821065381006807,-6.992556974759513,-2.9951025491941774,-0.0002806882839001191,upper,0.1
699,phase2,upper,-15.0,2,-14.996034925596842,-19.66741138752487,-19.821065381006807,-6.992556974759513,-2.9951025491941774,-0.000220715204871404,upper,0.1
700,phase2,upper,-15.0,2,-14.996872940172643,-19.66741138752487,-19.821065381006807,-6.992556974759513,-2.9951025491941774,-0.00016955930225416308,upper,0.1
701,phase2,upper,-15.0,2,-14.997587994705375,-19.66741138752487,-19.821065381006807,-6.992556974759513,-2.9951025491941774,-0.00012627524846202897,upper,0.1
702,phase2,upper,-15.0,2,-14.998193482036005,-19.66741138752487,-19.821065381006807,-6.992556974759513,-2.9951025491941774,-8.996946595391143e-05,upper,0.1
703,phase2,upper,-15.0,2,-14.9987019165316,-19.66741138752487,-19.821065381006807,-6.992556974759513,-2.9951025491941774,-5.98089993758569e-05,upper,0.1
704,phase2,upper,-15.0,2,-14.999124891689448,-19.66741138752487,-19.821065381006807,-6.992556974759513,-2.9951025491941774,-3.502567848947325e-05,upper,0.1
705,phase2,lower,-20.0,4,-14.999124891689448,-19.932808309983702,-19.85988526438354,-6.884111312035325,-2.9340708706671377,0.023814183726198132,upper,0.1
706,phase2,upper,-15.0,2,-14.978008776944874,-19.932808309983702,-19.85988526438354,-6.884111312035325,-2.9340708706671377,0.011671195331330899,upper,0.1
707,phase2,lower,-20.0,4,-14.978008776944874,-20.165011929625486,-19.870486093858776,-6.766986128482144,-2.8710278940920295,0.028294484626543076,upper,0.1
708,phase2,upper,-15.0,2,-14.953457344878345,-20.165011929625486,-19.870486093858776,-6.766986128482144,-2.8710278940920295,0.013286785144114677,upper,0.1
709,phase2,upper,-15.0,2,-14.943238652152624,-20.165011929625486,-19.870486093858776,-6.766986128482144,-2.8710278940920295,0.005270792318325098,upper,0.1
710,phase2,upper,-15.0,2,-14.940757604114834,-20.165011929625486,-19.870486093858776,-6.766986128482144,-2.8710278940920295,0.0010834876549412793,upper,0.1
711,phase2,upper,-15.0,2,-14.942363614091732,-20.165011929625486,-19.870486093858776,-6.766986128482144,-2.8710278940920295,-0.001014059527662634,upper,0.1
712,phase2,upper,-15.0,2,-14.946032555904631,-20.165011929625486,-19.870486093858776,-6.766986128482144,-2.8710278940920295,-0.0019779148043824507,upper,0.1
713,phase2,upper,-15.0,2,-14.95064111385324,-20.165011929625486,-19.870486093858776,-6.766986128482144,-2.8710278940920295,-0.002333642460788673,upper,0.1
714,phase2,upper,-15.0,2,-14.955566778243783,-20.165011929625486,-19.870486093858776,-6.766986128482144,-2.8710278940920295,-0.0023699666343643187,upper,0.1
715,phase2,upper,-15.0,2,-14.960466923097151,-20.165011929625486,-19.870486093858776,-6.766986128482144,-2.8710278940920295,-0.0022452345641054356,upper,0.1
716,phase2,upper,-15.0,2,-14.965156430951058,-20.165011929625486,-19.870486093858776,-6.766986128482144,-2.8710278940920295,-0.0020459655363380532,upper,0.1
717,phase2,upper,-15.0,2,-14.969539604278678,-20.165011929625486,-19.870486093858776,-6.766986128482144,-2.8710278940920295,-0.0018190677932315717,upper,0.1
718,phase2,upper,-15.0,2,-14.973572032106839,-20.165011929625486,-19.870486093858776,-6.766986128482144,-2.8710278940920295,-0.0015895810770403692,upper,0.1
719,phase2,upper,-15.0,2,-14.977239029858358,-20.165011929625486,-19.870486093858776,-6.766986128482144,-2.8710278940920295,-0.0013704600341481188,upper,0.1
720,phase2,upper,-15.0,2,-14.98054328682381,-20.165011929625486,-19.870486093858776,-6.766986128482144,-2.8710278940920295,-0.001167978656857307,upper,0.1
721,phase2,upper,-15.0,2,-14.983497662002486,-20.165011929625486,-19.870486093858776,-6.766986128482144,-2.8710278940920295,-0.0009847234422703192,upper,0.1
722,phase2,upper,-15.0,2,-14.986120886567024,-20.165011929625486,-19.870486093858776,-6.766986128482144,-2.8710278940920295,-0.0008212570146534299,upper,0.1
723,phase2,upper,-15.0,2,-14.988434930784035,-20.165011929625486,-19.870486093858776,-6.766986128482144,-2.8710278940920295,-0.000677047178825284,upper,0.1
724,phase2,upper,-15.0,2,-14.990463343411374,-20.165011929625486,-19.870486093858776,-6.766986128482144,-2.8710278940920295,-0.000550988879127649,upper,0.1
725,phase2,upper,-15.0,2,-14.992230174848531,-20.165011929625486,-19.870486093858776,-6.766986128482144,-2.8710278940920295,-0.00044169951829661395,upper,0.1
726,phase2,upper,-15.0,2,-14.99375926285694,-20.165011929625486,-19.870486093858776,-6.766986128482144,-2.8710278940920295,-0.00034768725873451147,upper,0.1
727,phase2,upper,-15.0,2,-14.99507375258581,-20.165011929625486,-19.870486093858776,-6.766986128482144,-2.8710278940920295,-0.00026744746343098074,upper,0.1
728,phase2,upper,-15.0,2,-14.99619577449744,-20.165011929625486,-19.870486093858776,-6.766986128482144,-2.8710278940920295,-0.00019951795199795998,upper,0.1
729,phase2,upper,-15.0,2,-14.997146233020755,-20.165011929625486,-19.870486093858776,-6.766986128482144,-2.8710278940920295,-0.00014251024856929708,upper,0.1
730,phase2,upper,-15.0,2,-14.9979446755019,-20.165011929625486,-19.870486093858776,-6.766986128482144,-2.8710278940920295,-9.51265380075194e-05,upper,0.1
731,phase2,upper,-15.0,2,-14.998609220833082,-20.165011929625486,-19.870486093858776,-6.766986128482144,-2.8710278940920295,-5.616790833883062e-05,upper,0.1
732,phase2,upper,-15.0,2,-14.99915653308569,-20.165011929625486,-19.870486093858776,-6.766986128482144,-2.8710278940920295,-2.4537147934173713e-05,upper,0.1
733,phase2,lower,-20.0,4,-14.99915653308569,-20.385581429481956,-19.86969935815861,-6.652790088564212,-2.814014080819049,0.026617188716810222,upper,0.1
734,phase2,upper,-15.0,2,-14.975624275957436,-20.385581429481956,-19.86969935815861,-6.652790088564212,-2.814014080819049,0.013055207608326503,upper,0.1
735,phase2,upper,-15.0,2,-14.964951684791295,-20.385581429481956,-19.86969935815861,-6.652790088564212,-2.814014080819049,0.005762718618124846,upper,0.1
736,phase2,upper,-15.0,2,-14.961252244009312,-20.385581429481956,-19.86969935815861,-6.652790088564212,-2.814014080819049,0.0019061132043096721,upper,0.1
737,phase2,upper,-15.0,2,-14.96127257262098,-20.385581429481956,-19.86969935815861,-6.652790088564212,-2.814014080819049,-7.221246500970055e-05,upper,0.1
738,phase2,upper,-15.0,2,-14.963212038275728,-20.385581429481956,-19.86969935815861,-6.652790088564212,-2.814014080819049,-0.0010285042299637477,upper,0.1
739,phase2,upper,-15.0,2,-14.966073206978702,-20.385581429481956,-19.86969935815861,-6.652790088564212,-2.814014080819049,-0.0014334095837698654,upper,0.1
740,phase2,upper,-15.0,2,-14.969304056426125,-20.385581429481956,-19.86969935815861,-6.652790088564212,-2.814014080819049,-0.0015455042127034122,upper,0.1
741,phase2,upper,-15.0,2,-14.972600601828828,-20.385581429481956,-19.86969935815861,-6.652790088564212,-2.814014080819049,-0.0015066721264265668,upper,0.1
742,phase2,upper,-15.0,2,-14.97579776182713,-20.385581429481956,-19.86969935815861,-6.652790088564212,-2.814014080819049,-0.0013945473294776777,upper,0.1
743,phase2,upper,-15.0,2,-14.978808803512852,-20.385581429481956,-19.86969935815861,-6.652790088564212,-2.814014080819049,-0.001251359918602793,upper,0.1
744,phase2,upper,-15.0,2,-14.98159156694019,-20.385581429481956,-19.86969935815861,-6.652790088564212,-2.814014080819049,-0.0010998136996762061,upper,0.1
745,phase2,upper,-15.0,2,-14.98412948268396,-20.385581429481956,-19.86969935815861,-6.652790088564212,-2.814014080819049,-0.0009518341973700715,upper,0.1
746,phase2,upper,-15.0,2,-14.986420787805729,-20.385581429481956,-19.86969935815861,-6.652790088564212,-2.814014080819049,-0.0008133953852203079,upper,0.1
747,phase2,upper,-15.0,2,-14.98847230844486,-20.385581429481956,-19.86969935815861,-6.652790088564212,-2.814014080819049,-0.000687188273267198,upper,0.1
748,phase2,upper,-15.0,2,-14.990295805720685,-20.385581429481956,-19.86969935815861,-6.652790088564212,-2.814014080819049,-0.0005741004958656328,upper,0.1
749,phase2,upper,-15.0,2,-14.99190577701445,-20.385581429481956,-19.86969935815861,-6.652790088564212,-2.814014080819049,-0.00047403979507986083,upper,0.1
750,phase2,upper,-15.0,2,-14.993318097320298,-20.385581429481956,-19.86969935815861,-6.652790088564212,-2.814014080819049,-0.0003863945850307873,upper,0.1
751,phase2,upper,-15.0,2,-14.994549156675673,-20.385581429481956,-19.86969935815861,-6.652790088564212,-2.814014080819049,-0.00031029304645997276,upper,0.1
752,phase2,upper,-15.0,2,-14.995615299387744,-20.385581429481956,-19.86969935815861,-6.652790088564212,-2.814014080819049,-0.00024474978517206186,upper,0.1
753,phase2,upper,-15.0,2,-14.99653245362379,-20.385581429481956,-19.86969935815861,-6.652790088564212,-2.814014080819049,-0.00018874926445673577,upper,0.1
754,phase2,upper,-15.0,2,-14.997315886011831,-20.385581429481956,-19.86969935815861,-6.652790088564212,-2.814014080819049,-0.00014129330636745486,upper,0.1
755,phase2,upper,-15.0,2,-14.997980041728557,-20.385581429481956,-19.86969935815861,-6.652790088564212,-2.814014080819049,-0.00010142788307544297,upper,0.1
756,phase2,upper,-15.0,2,-14.99853844521374,-20.385581429481956,-19.86969935815861,-6.652790088564212,-2.814014080819049,-6.825775571303263e-05,upper,0.1
757,phase2,upper,-15.0,2,-14.999003645132625,-20.385581429481956,-19.86969935815861,-6.652790088564212,-2.814014080819049,-4.09538294002659e-05,upper,0.1
758,phase2,upper,-15.0,2,-14.999387192252884,-20.385581429481956,-19.86969935815861,-6.652790088564212,-2.814014080819049,-1.875604178543974e-05,upper,0.1
759,phase2,upper,-15.0,2,-14.999699642019005,-20.385581429481956,-19.86969935815861,-6.652790088564212,-2.814014080819049,-9.73453322256163e-07,upper,0.1
760,phase2,upper,-15.0,2,-14.999950575626016,-20.385581429481956,-19.86969935815861,-6.652790088564212,-2.814014080819049,1.3017443354248497e-05,upper,0.1
761,phase2,upper,-15.0,2,-15.00014863477526,-20.385581429481956,-19.86969935815861,-6.652790088564212,-2.814014080819049,2.3775552367612623e-05,upper,0.1
762,phase2,lower,-20.0,4,-15.00014863477526,-20.583971824352492,-19.851564636675445,-6.537045281344042,-2.759158676016067,0.027662419874298225,upper,0.1
763,phase2,upper,-15.0,2,-14.975426786402615,-20.583971824352492,-19.851564636675445,-6.537045281344042,-2.759158676016067,0.01357473443794395,upper,0.1
764,phase2,upper,-15.0,2,-14.96409909490558,-20.583971824352492,-19.851564636675445,-6.537045281344042,-2.759158676016067,0.005994484721411399,upper,0.1
765,phase2,upper,-15.0,2,-14.960051982596221,-20.583971824352492,-19.851564636675445,-6.537045281344042,-2.759158676016067,0.001981583515251152,upper,0.1
766,phase2,upper,-15.0,2,-14.959904150669226,-20.583971824352492,-19.851564636675445,-6.537045281344042,-2.759158676016067,-8.026120833457126e-05,upper,0.1
767,phase2,upper,-15.0,2,-14.961782004292452,-20.583971824352492,-19.851564636675445,-6.537045281344042,-2.759158676016067,-0.0010796978037918446,upper,0.1
768,phase2,upper,-15.0,2,-14.964645770285593,-20.583971824352492,-19.851564636675445,-6.537045281344042,-2.759158676016067,-0.0015053083778089396,upper,0.1
769,phase2,upper,-15.0,2,-14.96791829134296,-20.583971824352492,-19.851564636675445,-6.537045281344042,-2.759158676016067,-0.0016256310799981873,upper,0.1
770,phase2,upper,-15.0,2,-14.97128023217474,-20.583971824352492,-19.851564636675445,-6.537045281344042,-2.759158676016067,-0.0015881119315299713,upper,0.1
771,phase2,upper,-15.0,2,-14.974556825815567,-20.583971824352492,-19.851564636675445,-6.537045281344042,-2.759158676016067,-0.0014735115199870062,upper,0.1
772,phase2,upper,-15.0,2,-14.977655016069981,-20.583971824352492,-19.851564636675445,-6.537045281344042,-2.759158676016067,-0.0013258331805481862,upper,0.1
773,phase2,upper,-15.0,2,-14.980528381579356,-20.583971824352492,-19.851564636675445,-6.537045281344042,-2.759158676016067,-0.001168797368149932,upper,0.1
774,phase2,upper,-15.0,2,-14.983157407194087,-20.583971824352492,-19.851564636675445,-6.537045281344042,-2.759158676016067,-0.0010149195445072012,upper,0.1
775,phase2,upper,-15.0,2,-14.985538261741677,-20.583971824352492,-19.851564636675445,-6.537045281344042,-2.759158676016067,-0.000870519934807855,upper,0.1
776,phase2,upper,-15.0,2,-14.987676314877243,-20.583971824352492,-19.851564636675445,-6.537045281344042,-2.759158676016067,-0.0007384942483240793,upper,0.1
777,phase2,upper,-15.0,2,-14.989582315000712,-20.583971824352492,-19.851564636675445,-6.537045281344042,-2.759158676016067,-0.000619850758363434,upper,0.1
778,phase2,upper,-15.0,2,-14.991270079022843,-20.583971824352492,-19.851564636675445,-6.537045281344042,-2.759158676016067,-0.0005145665710122741,upper,0.1
779,phase2,upper,-15.0,2,-14.992755055743125,-20.583971824352492,-19.851564636675445,-6.537045281344042,-2.759158676016067,-0.0004220672365373716,upper,0.1
780,phase2,upper,-15.0,2,-14.99405340601723,-20.583971824352492,-19.851564636675445,-6.537045281344042,-2.759158676016067,-0.000341497195099526,upper,0.1
781,phase2,upper,-15.0,2,-14.995181398152532,-20.583971824352492,-19.851564636675445,-6.537045281344042,-2.759158676016067,-0.0002718734257076428,upper,0.1
782,phase2,upper,-15.0,2,-14.996155002884812,-20.583971824352492,-19.851564636675445,-6.537045281344042,-2.759158676016067,-0.00021217335559788427,upper,0.1
783,phase2,upper,-15.0,2,-14.996989620063673,-20.583971824352492,-19.851564636675445,-6.537045281344042,-2.759158676016067,-0.00016138535340462027,upper,0.1
784,phase2,upper,-15.0,2,-14.997699895950634,-20.583971824352492,-19.851564636675445,-6.537045281344042,-2.759158676016067,-0.00011853760505739849,upper,0.1
785,phase2,upper,-15.0,2,-14.998299605229983,-20.583971824352492,-19.851564636675445,-6.537045281344042,-2.759158676016067,-8.271425882724036e-05,upper,0.1
786,phase2,upper,-15.0,2,-14.998801580622663,-20.583971824352492,-19.851564636675445,-6.537045281344042,-2.759158676016067,-5.306389954962384e-05,upper,0.1
787,phase2,upper,-15.0,2,-14.999217678221871,-20.583971824352492,-19.851564636675445,-6.537045281344042,-2.759158676016067,-2.8803284034213496e-05,upper,0.1
788,phase2,upper,-15.0,2,-14.999558769900098,-20.583971824352492,-19.851564636675445,-6.537045281344042,-2.759158676016067,-9.218077487011618e-06,upper,0.1
789,phase2,upper,-15.0,2,-14.999834756232536,-20.583971824352492,-19.851564636675445,-6.537045281344042,-2.759158676016067,6.338344677190929e-06,upper,0.1
790,phase2,upper,-15.0,2,-15.000054594817085,-20.583971824352492,-19.851564636675445,-6.537045281344042,-2.759158676016067,1.8447354396202266e-05,upper,0.1
791,phase2,upper,-15.0,2,-15.000226339910476,-20.583971824352492,-19.851564636675445,-6.537045281344042,-2.759158676016067,2.762834227787602e-05,upper,0.1
792,phase2,upper,-15.0,2,-15.000357190090934,-20.583971824352492,-19.851564636675445,-6.537045281344042,-2.759158676016067,3.434249699620527e-05,upper,0.1
793,phase2,upper,-15.0,2,-15.000453541284172,-20.583971824352492,-19.851564636675445,-6.537045281344042,-2.759158676016067,3.899687590413202e-05,upper,0.1
794,phase2,upper,-15.0,2,-15.000521042999688,-20.583971824352492,-19.851564636675445,-6.537045281344042,-2.759158676016067,4.194860906290612e-05,upper,0.1
795,phase2,upper,-15.0,2,-15.000564656047807,-20.583971824352492,-19.851564636675445,-6.537045281344042,-2.759158676016067,4.3509120096260986e-05,upper,0.1
796,phase2,upper,-15.0,2,-15.000588710362688,-20.583971824352492,-19.851564636675445,-6.537045281344042,-2.759158676016067,4.394827734845523e-05,upper,0.1
797,phase2,upper,-15.0,2,-15.000596961855333,-20.583971824352492,-19.851564636675445,-6.537045281344042,-2.759158676016067,4.349841158466957e-05,upper,0.1
798,phase2,lower,-20.0,4,-15.000596961855333,-20.760691957014362,-19.817810303075724,-6.420652919570692,-2.706717279202218,0.0284057274455594,upper,0.1
799,phase2,upper,-15.0,2,-14.975066641341439,-20.760691957014362,-19.817810303075724,-6.420652919570692,-2.706717279202218,0.013939850380823952,upper,0.1
