episode,phase,route,return,steps,q_start_right,q_start_down,q_shield_right,q_d1_right,q_d2_right,mood_M,greedy_route,epsilon
0,phase1,lower,-10.0,4,0.0,-0.375,-0.375,-0.375,-0.375,nan,upper,0.1
1,phase1,upper,-15.0,2,-1.875,-0.375,-0.375,-0.375,-0.375,nan,lower,0.1
2,phase1,lower,-10.0,4,-1.875,-0.75,-0.75,-0.75,-0.69375,nan,lower,0.1
3,phase1,lower,-10.0,4,-1.875,-1.125,-1.125,-1.1165625000000001,-0.9646874999999999,nan,lower,0.1
4,phase1,lower,-10.0,4,-1.875,-1.5,-1.498734375,-1.4687812500000001,-1.194984375,nan,lower,0.1
5,phase1,lower,-10.0,4,-1.875,-1.87481015625,-1.86924140625,-1.8027117187500001,-1.39073671875,nan,lower,0.1
6,phase1,lower,-10.0,4,-1.875,-2.24897484375,-2.234261953125,-2.11591546875,-1.5571262109375,nan,upper,0.1
7,phase1,upper,-15.0,2,-3.525,-2.24897484375,-2.234261953125,-2.11591546875,-1.5571262109375,nan,lower,0.1
8,phase1,lower,-10.0,4,-3.525,-2.62176791015625,-2.59150998046875,-2.407097080078125,-1.6985572792968748,nan,lower,0.1
9,phase1,lower,-10.0,4,-3.525,-2.992229220703125,-2.938848045410156,-2.6758161099609374,-1.8187736874023437,nan,lower,0.1
10,phase1,lower,-10.0,4,-3.525,-3.35922204440918,-3.2743932550927735,-2.9222597465771485,-1.920957634291992,nan,lower,0.1
11,phase1,lower,-10.0,4,-3.525,-3.721497726011719,-3.59657322881543,-3.147064429734375,-2.007813989148193,nan,upper,0.1
12,phase1,upper,-15.0,2,-4.975312499999999,-3.721497726011719,-3.59657322881543,-3.147064429734375,-2.007813989148193,nan,lower,0.1
13,phase1,lower,-10.0,4,-4.975312499999999,-4.077759051432276,-3.9041469089532717,-3.351176863646448,-2.0816418907759644,nan,lower,0.1
14,phase1,lower,-10.0,4,-4.975312499999999,-4.426717230060425,-4.196201402157248,-3.5357466177158754,-2.1443956071595696,nan,lower,0.1
15,phase1,lower,-10.0,4,-4.975312499999999,-4.767139855874948,-4.472133184491042,-3.70204396613243,-2.1977362660856343,nan,lower,0.1
16,phase1,lower,-10.0,4,-4.975312499999999,-5.097888855167362,-4.73161980173725,-3.8513978111254104,-2.243075826172789,nan,upper,0.1
17,phase1,upper,-15.0,2,-6.248718749999999,-5.097888855167362,-4.73161980173725,-3.8513978111254104,-2.243075826172789,nan,lower,0.1
18,phase1,lower,-10.0,4,-6.248718749999999,-5.417948497152845,-4.974586503145474,-3.985149513382517,-2.2816144522468704,nan,lower,0.1
19,phase1,lower,-10.0,4,-6.248718749999999,-5.726444198051739,-5.2011709546810305,-4.10461925421217,-2.3143722844098398,nan,lower,0.1
20,phase1,lower,-10.0,4,-6.248718749999999,-6.022653211546133,-5.411688199610701,-4.2110822087418205,-2.3422164417483637,nan,lower,0.1
21,phase1,lower,-10.0,4,-6.248718749999999,-6.306008459755818,-5.606597300980369,-4.305752343692802,-2.365883975486109,nan,upper,0.1
22,phase1,upper,-15.0,2,-7.365658593749999,-6.306008459755818,-5.606597300980369,-4.305752343692802,-2.365883975486109,nan,lower,0.1
23,phase1,lower,-10.0,4,-7.365658593749999,-6.5760967859395,-5.786470557387235,-4.389772088461799,-2.3860013791631927,nan,lower,0.1
24,phase1,lower,-10.0,4,-7.365658593749999,-6.83265285165666,-5.951965787048419,-4.4642064820670075,-2.403101172288714,nan,lower,0.1
25,phase1,lower,-10.0,4,-7.365658593749999,-7.075549791965424,-6.103801891301207,-4.530040685600263,-2.417635996445407,nan,lower,0.1
26,phase1,upper,-15.0,2,-8.344420312499999,-7.075549791965424,-6.103801891301207,-4.530040685600263,-2.417635996445407,nan,lower,0.1
27,phase1,lower,-10.0,4,-8.344420312499999,-7.3047876068657915,-6.2427377104460655,-4.588179982227035,-2.429990596978596,nan,lower,0.1
28,phase1,lower,-10.0,4,-8.344420312499999,-7.520480122402833,-6.3695540512132105,-4.639451574439769,-2.4404920074318066,nan,lower,0.1
29,phase1,lower,-10.0,4,-8.344420312499999,-7.72284121172439,-6.485038679697194,-4.684607639388575,-2.4494182063170356,nan,lower,0.1
30,phase1,lower,-10.0,4,-8.344420312499999,-7.91217083192031,-6.5899740236509015,-4.724329224427844,-2.4570054753694803,nan,lower,0.1
31,phase1,lower,-10.0,4,-8.344420312499999,-8.088841310679898,-6.685127303767443,-4.75923066206909,-2.4634546540640585,nan,lower,0.1
32,phase1,lower,-10.0,4,-8.344420312499999,-8.25328420964303,-6.77124280751269,-4.7898642608683355,-2.4689364559544495,nan,lower,0.1
33,phase1,lower,-10.0,4,-8.344420312499999,-8.405977999323479,-6.849036025516036,-4.816725090131253,-2.473595987561282,nan,upper,0.1
34,phase1,upper,-15.0,2,-9.201326197265624,-8.405977999323479,-6.849036025516036,-4.816725090131253,-2.473595987561282,nan,lower,0.1
35,phase1,lower,-10.0,4,-9.201326197265624,-8.547436703252362,-6.919189385208319,-4.840255724745757,-2.4775565894270897,nan,lower,0.1
36,phase1,lower,-10.0,4,-9.201326197265624,-8.678199605545757,-6.982349336138935,-4.860850854447957,-2.480923101013026,nan,lower,0.1
37,phase1,upper,-15.0,2,-9.950910859570312,-8.678199605545757,-6.982349336138935,-4.860850854447957,-2.480923101013026,nan,lower,0.1
38,phase1,lower,-10.0,4,-9.950910859570312,-8.798822065134733,-7.039124563885288,-4.878861691432717,-2.4837846358610722,nan,lower,0.1
39,phase1,lower,-10.0,4,-9.950910859570312,-8.909867439947316,-7.090085133017403,-4.89460013309697,-2.486216940481911,nan,lower,0.1
40,phase1,lower,-10.0,4,-9.950910859570312,-9.01190009390783,-7.135762383029338,-4.908342654204712,-2.4882843994096246,nan,lower,0.1
41,phase1,lower,-10.0,4,-9.950910859570312,-9.105479437276056,-7.176649423705644,-4.920333915985449,-2.490041739498181,nan,lower,0.1
42,phase1,lower,-10.0,4,-9.950910859570312,-9.191154935240494,-7.213202097547615,-4.930790089512358,-2.491535478573454,nan,lower,0.1
43,phase1,lower,-10.0,4,-9.950910859570312,-9.269462009586562,-7.245840296342327,-4.939901897871523,-2.492805156787436,nan,lower,0.1
44,phase1,lower,-10.0,4,-9.950910859570312,-9.340918752599926,-7.2749495365717065,-4.94783738670891,-2.4938843832693207,nan,lower,0.1
45,phase1,lower,-10.0,4,-9.950910859570312,-9.406023370195694,-7.300882714092287,-4.954744436192971,-2.4948017257789226,nan,lower,0.1
46,phase1,lower,-10.0,4,-9.950910859570312,-9.465252271780184,-7.32396197240739,-4.9607530296308635,-2.495581466912084,nan,lower,0.1
47,phase1,lower,-10.0,4,-9.950910859570312,-9.519058726874265,-7.344480630990911,-4.9659772952230465,-2.4962442468752717,nan,lower,0.1
48,phase1,lower,-10.0,4,-9.950910859570312,-9.567872012491762,-7.362705130625732,-4.970517337970881,-2.496807609843981,nan,lower,0.1
49,phase1,lower,-10.0,4,-9.950910859570312,-9.612096980211858,-7.378876961727504,-4.974460878751846,-2.497286468367384,nan,lower,0.1
50,phase1,lower,-10.0,4,-9.950910859570312,-9.652113977439205,-7.393214549281155,-4.9778847171941765,-2.4976934981122763,nan,lower,0.1
51,phase1,lower,-10.0,4,-9.950910859570312,-9.688279063215498,-7.405915074468108,-4.980856034331891,-2.4980394733954348,nan,lower,0.1
52,phase1,lower,-10.0,4,-9.950910859570312,-9.72092446490339,-7.417156218447676,-4.983433550191423,-2.4983335523861196,nan,lower,0.1
53,phase1,lower,-10.0,4,-9.950910859570312,-9.750359227935034,-7.427097818209238,-4.985668550520628,-2.498583519528202,nan,lower,0.1
54,phase1,lower,-10.0,4,-9.950910859570312,-9.776870016476165,-7.435883428055947,-4.9876057958717634,-2.4987959915989717,nan,lower,0.1
55,phase1,lower,-10.0,4,-9.950910859570312,-9.800722028213132,-7.443641783228319,-4.9892843252308445,-2.498976592859126,nan,lower,0.1
56,phase1,lower,-10.0,4,-9.950910859570312,-9.82215999146541,-7.450488164528698,-4.990738165375086,-2.4991301039302574,nan,lower,0.1
57,phase1,lower,-10.0,4,-9.950910859570312,-9.841409217424903,-7.456525664655657,-4.991996956158362,-2.499260588340719,nan,lower,0.1
58,phase1,lower,-10.0,4,-9.950910859570312,-9.858676684509517,-7.461846358381062,-4.993086500985715,-2.499371500089611,nan,lower,0.1
59,phase1,lower,-10.0,4,-9.950910859570312,-9.874152135590249,-7.46653237977176,-4.994029250851299,-2.4994657750761693,nan,lower,0.1
60,phase1,lower,-10.0,4,-9.950910859570312,-9.888009172217476,-7.470656910433691,-4.994844729485029,-2.499545908814744,nan,lower,0.1
61,phase1,lower,-10.0,4,-9.950910859570312,-9.900406332949908,-7.474285083291392,-4.995549906384486,-2.499614022492532,nan,lower,0.1
62,phase1,lower,-10.0,4,-9.950910859570312,-9.91148814550113,-7.477474806755356,-4.996159523800693,-2.499671919118652,nan,lower,0.1
63,phase1,lower,-10.0,4,-9.950910859570312,-9.921386144689263,-7.4802775143121565,-4.996686383098387,-2.4997211312508543,nan,lower,0.1
64,phase1,lower,-10.0,4,-9.950910859570312,-9.930219850132698,-7.4827388446300915,-4.997141595321257,-2.499762961563226,nan,lower,0.1
65,phase1,lower,-10.0,4,-9.950910859570312,-9.938097699307306,-7.484899257233766,-4.997534800257553,-2.4997985173287423,nan,lower,0.1
66,phase1,lower,-10.0,4,-9.950910859570312,-9.945117932996276,-7.486794588687334,-4.997874357818231,-2.499828739729431,nan,lower,0.1
67,phase1,lower,-10.0,4,-9.950910859570312,-9.951369431349935,-7.4884565540569685,-4.998167515104911,-2.4998544287700164,nan,upper,0.1
68,phase1,upper,-15.0,2,-10.606090283745116,-9.951369431349935,-7.4884565540569685,-4.998167515104911,-2.4998544287700164,nan,lower,0.1
69,phase1,lower,-10.0,4,-10.606090283745116,-9.95693249975599,-7.48991319821416,-4.998420552154677,-2.499876264454514,nan,lower,0.1
70,phase1,lower,-10.0,4,-10.606090283745116,-9.961879604524714,-7.491189301305238,-4.998638908999652,-2.499894824786337,nan,lower,0.1
71,phase1,lower,-10.0,4,-10.606090283745116,-9.966276059041792,-7.4923067424594,-4.998827296367654,-2.4999106010683865,nan,lower,0.1
72,phase1,lower,-10.0,4,-10.606090283745116,-9.970180661554433,-7.493284825545638,-4.998989792072764,-2.4999240109081287,nan,lower,0.1
73,phase1,lower,-10.0,4,-10.606090283745116,-9.973646286153114,-7.494140570524707,-4.999129924898068,-2.4999354092719095,nan,lower,0.1
74,phase1,upper,-15.0,2,-11.178320386327147,-9.973646286153114,-7.494140570524707,-4.999129924898068,-2.4999354092719095,nan,lower,0.1
75,phase1,upper,-15.0,2,-11.677744426750305,-9.973646286153114,-7.494140570524707,-4.999129924898068,-2.4999354092719095,nan,lower,0.1
76,phase1,lower,-10.0,4,-11.677744426750305,-9.976720428808854,-7.494888973680712,-4.999250747554145,-2.499945097881123,nan,lower,0.1
77,phase1,lower,-10.0,4,-11.677744426750305,-9.979445710539633,-7.4955432397617265,-4.999354900103191,-2.4999533331989547,nan,lower,0.1
78,phase1,lower,-10.0,4,-11.677744426750305,-9.981860339922946,-7.496114988812947,-4.999444665067556,-2.4999603332191116,nan,lower,0.1
79,phase1,lower,-10.0,4,-11.677744426750305,-9.983998537256445,-7.496614440251138,-4.99952201529029,-2.499966283236245,nan,lower,0.1
80,phase1,lower,-10.0,4,-11.677744426750305,-9.98589092270565,-7.497050576507011,-4.999588655482183,-2.499971340750808,nan,lower,0.1
81,phase1,lower,-10.0,4,-11.677744426750305,-9.987564870775854,-7.497431288353287,-4.999646058272477,-2.499975639638187,nan,lower,0.1
82,phase1,lower,-10.0,4,-11.677744426750305,-9.98904483341247,-7.497763503841165,-4.999695495477333,-2.499979293692459,nan,lower,0.1
83,phase1,lower,-10.0,4,-11.677744426750305,-9.990352633976773,-7.49805330258659,-4.999738065209602,-2.49998239963859,nan,lower,0.1
84,phase1,lower,-10.0,4,-11.677744426750305,-9.991507734268247,-7.498306016980042,-4.99977471537395,-2.4999850396928016,nan,lower,0.1
85,phase1,lower,-10.0,4,-11.677744426750305,-9.992527476675015,-7.498526321739128,-4.999806264021777,-2.4999872837388812,nan,lower,0.1
86,phase1,lower,-10.0,4,-11.677744426750305,-9.993427303434633,-7.498718313081525,-4.999833416979343,-2.499989191178049,nan,lower,0.1
87,phase1,lower,-10.0,4,-11.677744426750305,-9.994220954881666,-7.498885578666198,-4.999856783109149,-2.4999908125013417,nan,lower,0.1
88,phase1,lower,-10.0,4,-11.677744426750305,-9.994920648449344,-7.499031259332641,-4.999876887517978,-2.4999921906261404,nan,lower,0.1
89,phase1,lower,-10.0,4,-11.677744426750305,-9.99553724008184,-7.4991581035604415,-4.999894182984202,-2.4999933620322192,nan,lower,0.1
90,phase1,lower,-10.0,4,-11.677744426750305,-9.99608036960363,-7.4992685154740055,-4.999909059841404,-2.4999943577273864,nan,lower,0.1
91,phase1,lower,-10.0,4,-11.677744426750305,-9.996558591484186,-7.499364597129115,-4.999921854524302,-2.4999952040682785,nan,lower,0.1
92,phase1,lower,-10.0,4,-11.677744426750305,-9.996979492330926,-7.499448185738393,-4.9999328569558985,-2.499995923458037,nan,lower,0.1
93,phase1,lower,-10.0,4,-11.677744426750305,-9.997349796342046,-7.499520886421019,-4.999942316931219,-2.4999965349393314,nan,lower,0.1
94,phase1,lower,-10.0,4,-11.677744426750305,-9.997675459853893,-7.499584100997549,-4.999950449632435,-2.4999970546984316,nan,lower,0.1
95,phase1,lower,-10.0,4,-11.677744426750305,-9.997961756025441,-7.499639053292782,-4.999957440392334,-2.4999974964936666,nan,lower,0.1
96,phase1,lower,-10.0,4,-11.677744426750305,-9.998213350615542,-7.499686811357715,-4.999963448807534,-2.4999978720196165,nan,lower,0.1
97,phase1,lower,-10.0,4,-11.677744426750305,-9.998434369726867,-7.499728306975188,-4.999968612289346,-2.499998191216674,nan,lower,0.1
98,phase1,lower,-10.0,4,-11.677744426750305,-9.998628460314116,-7.499764352772312,-4.999973049128445,-2.499998462534173,nan,lower,0.1
99,phase1,lower,-10.0,4,-11.677744426750305,-9.998798844182845,-7.499795657225731,-4.999976861139304,-2.4999986931540468,nan,lower,0.1
100,phase1,lower,-10.0,4,-11.677744426750305,-9.998948366139278,-7.499822837812768,-4.999980135941516,-2.4999988891809397,nan,lower,0.1
101,phase1,lower,-10.0,4,-11.677744426750305,-9.999079536890301,-7.49984643253208,-4.999982948927429,-2.4999990558037988,nan,lower,0.1
102,phase1,lower,-10.0,4,-11.677744426750305,-9.999194571236568,-7.499866909991383,-4.999985364958885,-2.4999991974332287,nan,lower,0.1
103,phase1,lower,-10.0,4,-11.677744426750305,-9.99929542204979,-7.499884678236508,-4.999987439830036,-2.4999993178182445,nan,lower,0.1
104,phase1,lower,-10.0,4,-11.677744426750305,-9.999383810477799,-7.499900092475537,-4.999989221528268,-2.4999994201455076,nan,lower,0.1
105,phase1,lower,-10.0,4,-11.677744426750305,-9.99946125277746,-7.499913461833446,-4.999990751320854,-2.4999995071236816,nan,lower,0.1
106,phase1,lower,-10.0,4,-11.677744426750305,-9.999529084135858,-7.499925055256558,-4.999992064691278,-2.499999581055129,nan,lower,0.1
107,phase1,lower,-10.0,4,-11.677744426750305,-9.999588479803963,-7.499935106671765,-4.999993192145856,-2.4999996438968597,nan,lower,0.1
108,phase1,lower,-10.0,4,-11.677744426750305,-9.999640473834134,-7.499943819492879,-4.999994159908506,-2.499999697312331,nan,lower,0.1
109,phase1,lower,-10.0,4,-11.677744426750305,-9.999685975682945,-7.499951370555223,-4.99999499051908,-2.4999997427154814,nan,lower,0.1
110,phase1,lower,-10.0,4,-11.677744426750305,-9.999725784913787,-7.499957913549801,-4.9999957033485405,-2.4999997813081594,nan,lower,0.1
111,phase1,lower,-10.0,4,-11.677744426750305,-9.99976060420919,-7.499963582019612,-4.999996315042483,-2.4999998141119355,nan,lower,0.1
112,phase1,lower,-10.0,4,-11.677744426750305,-9.999791050880752,-7.499968491973043,-4.999996839902901,-2.499999841995145,nan,lower,0.1
113,phase1,lower,-10.0,4,-11.677744426750305,-9.999817667044596,-7.4999727441625215,-4.999997290216738,-2.499999865695873,nan,lower,0.1
114,phase1,lower,-10.0,4,-11.677744426750305,-9.999840928612285,-7.499976426070654,-4.999997676538609,-2.499999885841492,nan,lower,0.1
115,phase1,lower,-10.0,4,-11.677744426750305,-9.99986125323104,-7.499979613640847,-4.999998007934041,-2.499999902965268,nan,lower,0.1
116,phase1,lower,-10.0,4,-11.677744426750305,-9.999879007292511,-7.499982372784826,-4.9999982921887245,-2.499999917520478,nan,lower,0.1
117,phase1,lower,-10.0,4,-11.677744426750305,-9.99989451211636,-7.499984760695411,-4.999998535988487,-2.4999999298924065,nan,lower,0.1
118,phase1,lower,-10.0,4,-11.677744426750305,-9.999908049403217,-7.499986826989373,-4.999998745074075,-2.4999999404085456,nan,lower,0.1
119,phase1,lower,-10.0,4,-11.677744426750305,-9.999919866041141,-7.499988614702078,-4.999998924374245,-2.4999999493472638,nan,lower,0.1
120,phase1,lower,-10.0,4,-11.677744426750305,-9.999930178340282,-7.499990161152903,-4.999999078120198,-2.499999956945174,nan,lower,0.1
121,phase1,lower,-10.0,4,-11.677744426750305,-9.999939175762176,-7.499991498697997,-4.999999209943945,-2.499999963403398,nan,lower,0.1
122,phase1,lower,-10.0,4,-11.677744426750305,-9.99994702420255,-7.499992655384889,-4.9999993229628625,-2.499999968892888,nan,lower,0.1
123,phase1,lower,-10.0,4,-11.677744426750305,-9.999953868879901,-7.499993655521585,-4.999999419852366,-2.4999999735589546,nan,lower,0.1
124,phase1,lower,-10.0,4,-11.677744426750305,-9.999959836876153,-7.499994520171202,-4.999999502908355,-2.4999999775251114,nan,lower,0.1
125,phase1,lower,-10.0,4,-11.677744426750305,-9.99996503937041,-7.499995267581775,-4.999999574100868,-2.4999999808963445,nan,lower,0.1
126,phase1,lower,-10.0,4,-11.677744426750305,-9.999969573602115,-7.499995913559639,-4.999999635120189,-2.4999999837618927,nan,lower,0.1
127,phase1,lower,-10.0,4,-11.677744426750305,-9.999973524595744,-7.499996471793722,-4.9999996874164445,-2.4999999861976088,nan,lower,0.1
128,phase1,lower,-10.0,4,-11.677744426750305,-9.99997696667544,-7.4999969541371305,-4.999999732233619,-2.4999999882679673,nan,lower,0.1
129,phase1,lower,-10.0,4,-11.677744426750305,-9.999979964794694,-7.499997370851604,-4.999999770638771,-2.499999990027772,nan,lower,0.1
130,phase1,lower,-10.0,4,-11.677744426750305,-9.99998257570323,-7.499997730819679,-4.999999803547121,-2.499999991523606,nan,lower,0.1
131,phase1,lower,-10.0,4,-11.677744426750305,-9.999984848970698,-7.499998041728795,-4.999999831743594,-2.499999992795065,nan,lower,0.1
132,phase1,lower,-10.0,4,-11.677744426750305,-9.999986827884412,-7.499998310231015,-4.999999855901314,-2.4999999938758055,nan,lower,0.1
133,phase1,lower,-10.0,4,-11.677744426750305,-9.999988550236402,-7.49999854208156,-4.999999876597488,-2.4999999947944347,nan,lower,0.1
134,phase1,lower,-10.0,4,-11.677744426750305,-9.999990049013176,-7.499998742258949,-4.99999989432703,-2.4999999955752696,nan,lower,0.1
135,phase1,lower,-10.0,4,-11.677744426750305,-9.999991353000041,-7.4999989150691615,-4.9999999095142655,-2.499999996238979,nan,lower,0.1
136,phase1,lower,-10.0,4,-11.677744426750305,-9.99999248731041,-7.4999990642359275,-4.9999999225229725,-2.4999999968031323,nan,lower,0.1
137,phase1,lower,-10.0,4,-11.677744426750305,-9.999993473849237,-7.499999192978985,-4.999999933664997,-2.4999999972826625,nan,lower,0.1
138,phase1,lower,-10.0,4,-11.677744426750305,-9.9999943317187,-7.499999304081887,-4.999999943207647,-2.499999997690263,nan,lower,0.1
139,phase1,lower,-10.0,4,-11.677744426750305,-9.999995077573178,-7.499999399950751,-4.9999999513800395,-2.499999998036724,nan,lower,0.1
140,phase1,lower,-10.0,4,-11.677744426750305,-9.999995725929814,-7.499999482665144,-4.999999958378543,-2.4999999983312153,nan,lower,0.1
141,phase1,lower,-10.0,4,-11.677744426750305,-9.999996289440114,-7.499999554022154,-4.999999964371444,-2.499999998581533,nan,lower,0.1
142,phase1,lower,-10.0,4,-11.677744426750305,-9.99999677912742,-7.499999615574548,-4.999999969502957,-2.499999998794303,nan,lower,0.1
143,phase1,lower,-10.0,4,-11.677744426750305,-9.99999720459449,-7.499999668663809,-4.999999973896659,-2.4999999989751576,nan,lower,0.1
144,phase1,lower,-10.0,4,-11.677744426750305,-9.999997574204887,-7.4999997144487365,-4.999999977658434,-2.499999999128884,nan,lower,0.1
145,phase1,lower,-10.0,4,-11.677744426750305,-9.999997895241464,-7.499999753930191,-4.999999980879002,-2.4999999992595514,nan,lower,0.1
146,phase1,lower,-10.0,4,-11.677744426750305,-9.999998174044773,-7.499999787972513,-4.999999983636084,-2.4999999993706186,nan,lower,0.1
147,phase1,lower,-10.0,4,-11.677744426750305,-9.999998416133934,-7.499999817322049,-4.999999985996265,-2.4999999994650257,nan,lower,0.1
148,phase1,lower,-10.0,4,-11.677744426750305,-9.999998626312152,-7.499999842623182,-4.999999988016579,-2.4999999995452717,nan,lower,0.1
149,phase1,lower,-10.0,4,-11.677744426750305,-9.999998808758807,-7.4999998644321915,-4.9999999897458824,-2.499999999613481,nan,lower,0.1
150,phase1,lower,-10.0,4,-11.677744426750305,-9.999998967109814,-7.499999883229245,-4.999999991226022,-2.499999999671459,nan,lower,0.1
151,phase1,lower,-10.0,4,-11.677744426750305,-9.99999910452773,-7.4999998994287616,-4.999999992492838,-2.49999999972074,nan,lower,0.1
152,phase1,lower,-10.0,4,-11.677744426750305,-9.999999223762885,-7.499999913388373,-4.999999993577023,-2.499999999762629,nan,lower,0.1
153,phase1,lower,-10.0,4,-11.677744426750305,-9.999999327206707,-7.49999992541667,-4.999999994504864,-2.4999999997982347,nan,lower,0.1
154,phase1,lower,-10.0,4,-11.677744426750305,-9.999999416938202,-7.4999999357799,-4.99999999529887,-2.4999999998284994,nan,lower,0.1
155,phase1,lower,-10.0,4,-11.677744426750305,-9.999999494764456,-7.499999944707745,-4.999999995978314,-2.4999999998542246,nan,lower,0.1
156,phase1,lower,-10.0,4,-11.677744426750305,-9.99999956225595,-7.49999995239833,-4.9999999965597,-2.499999999876091,nan,lower,0.1
157,phase1,lower,-10.0,4,-11.677744426750305,-9.999999620777306,-7.499999959022535,-4.999999997057159,-2.4999999998946776,nan,lower,0.1
158,phase1,lower,-10.0,4,-11.677744426750305,-9.99999967151409,-7.499999964727729,-4.999999997482787,-2.499999999910476,nan,lower,0.1
159,phase1,lower,-10.0,4,-11.677744426750305,-9.999999715496136,-7.499999969640988,-4.99999999784694,-2.4999999999239044,nan,lower,0.1
160,phase1,lower,-10.0,4,-11.677744426750305,-9.999999753617864,-7.499999973871881,-4.999999998158485,-2.499999999935319,nan,lower,0.1
161,phase1,lower,-10.0,4,-11.677744426750305,-9.999999786655966,-7.499999977514872,-4.99999999842501,-2.499999999945021,nan,lower,0.1
162,phase1,lower,-10.0,4,-11.677744426750305,-9.999999815284802,-7.499999980651392,-4.999999998653012,-2.4999999999532676,nan,lower,0.1
163,phase1,lower,-10.0,4,-11.677744426750305,-9.99999984008979,-7.499999983351635,-4.99999999884805,-2.4999999999602776,nan,lower,0.1
164,phase1,lower,-10.0,4,-11.677744426750305,-9.999999861579067,-7.499999985676097,-4.999999999014884,-2.499999999966236,nan,lower,0.1
165,phase1,lower,-10.0,4,-11.677744426750305,-9.999999880193622,-7.499999987676915,-4.999999999157587,-2.4999999999713003,nan,lower,0.1
166,phase1,upper,-15.0,2,-12.113329046354155,-9.999999880193622,-7.499999987676915,-4.999999999157587,-2.4999999999713003,nan,lower,0.1
167,phase1,lower,-10.0,4,-12.113329046354155,-9.999999896316115,-7.499999989399016,-4.999999999279644,-2.4999999999756053,nan,lower,0.1
168,phase1,lower,-10.0,4,-12.113329046354155,-9.99999991027855,-7.49999999088111,-4.999999999384038,-2.4999999999792646,nan,lower,0.1
169,phase1,lower,-10.0,4,-12.113329046354155,-9.999999922368934,-7.49999999215655,-4.999999999473322,-2.499999999982375,nan,lower,0.1
170,phase1,lower,-10.0,4,-12.113329046354155,-9.999999932837076,-7.4999999932540655,-4.999999999549679,-2.4999999999850187,nan,lower,0.1
171,phase1,lower,-10.0,4,-12.113329046354155,-9.999999941899624,-7.499999994198408,-4.99999999961498,-2.4999999999872657,nan,lower,0.1
172,phase1,lower,-10.0,4,-12.113329046354155,-9.999999949744442,-7.499999995010894,-4.999999999670822,-2.4999999999891758,nan,lower,0.1
173,phase1,lower,-10.0,4,-12.113329046354155,-9.99999995653441,-7.499999995709883,-4.999999999718575,-2.4999999999907994,nan,lower,0.1
174,phase1,upper,-15.0,2,-12.492989030474966,-9.99999995653441,-7.499999995709883,-4.999999999718575,-2.4999999999907994,nan,lower,0.1
175,phase1,lower,-10.0,4,-12.492989030474966,-9.999999962410731,-7.499999996311187,-4.999999999759409,-2.4999999999921796,nan,lower,0.1
176,phase1,lower,-10.0,4,-12.492989030474966,-9.9999999674958,-7.499999996828421,-4.9999999997943245,-2.499999999993353,nan,lower,0.1
177,phase1,lower,-10.0,4,-12.492989030474966,-9.999999971895694,-7.4999999972733065,-4.999999999824179,-2.49999999999435,nan,lower,0.1
178,phase1,lower,-10.0,4,-12.492989030474966,-9.999999975702336,-7.499999997655937,-4.999999999849704,-2.499999999995197,nan,lower,0.1
179,phase1,lower,-10.0,4,-12.492989030474966,-9.999999978995376,-7.499999997985002,-4.9999999998715285,-2.4999999999959175,nan,lower,0.1
180,phase1,lower,-10.0,4,-12.492989030474966,-9.99999998184382,-7.499999998267981,-4.999999999890187,-2.49999999999653,nan,lower,0.1
181,phase1,lower,-10.0,4,-12.492989030474966,-9.999999984307443,-7.499999998511312,-4.999999999906139,-2.4999999999970504,nan,lower,0.1
182,phase1,lower,-10.0,4,-12.492989030474966,-9.999999986438024,-7.4999999987205355,-4.999999999919776,-2.4999999999974927,nan,lower,0.1
183,phase1,lower,-10.0,4,-12.492989030474966,-9.9999999882804,-7.499999998900422,-4.9999999999314335,-2.499999999997869,nan,lower,0.1
184,phase1,lower,-10.0,4,-12.492989030474966,-9.999999989873404,-7.499999999055073,-4.999999999941399,-2.4999999999981886,nan,lower,0.1
185,phase1,lower,-10.0,4,-12.492989030474966,-9.999999991250654,-7.499999999188022,-4.999999999949917,-2.4999999999984603,nan,lower,0.1
186,phase1,lower,-10.0,4,-12.492989030474966,-9.999999992441259,-7.4999999993023065,-4.999999999957199,-2.4999999999986913,nan,lower,0.1
187,phase1,lower,-10.0,4,-12.492989030474966,-9.999999993470416,-7.49999999940054,-4.999999999963422,-2.4999999999988876,nan,lower,0.1
188,phase1,lower,-10.0,4,-12.492989030474966,-9.999999994359934,-7.499999999484972,-4.999999999968742,-2.4999999999990545,nan,lower,0.1
189,phase1,lower,-10.0,4,-12.492989030474966,-9.99999999512869,-7.499999999557538,-4.999999999973289,-2.499999999999196,nan,lower,0.1
190,phase1,lower,-10.0,4,-12.492989030474966,-9.999999995793017,-7.4999999996199005,-4.999999999977175,-2.499999999999317,nan,lower,0.1
191,phase1,lower,-10.0,4,-12.492989030474966,-9.99999999636705,-7.499999999673491,-4.999999999980496,-2.4999999999994196,nan,lower,0.1
192,phase1,lower,-10.0,4,-12.492989030474966,-9.999999996863016,-7.499999999719542,-4.999999999983334,-2.4999999999995066,nan,lower,0.1
193,phase1,lower,-10.0,4,-12.492989030474966,-9.999999997291495,-7.499999999759111,-4.99999999998576,-2.499999999999581,nan,lower,0.1
194,phase1,lower,-10.0,4,-12.492989030474966,-9.999999997661638,-7.499999999793109,-4.999999999987833,-2.499999999999644,nan,lower,0.1
195,phase1,lower,-10.0,4,-12.492989030474966,-9.999999997981359,-7.499999999822317,-4.999999999989605,-2.499999999999697,nan,lower,0.1
196,phase1,lower,-10.0,4,-12.492989030474966,-9.999999998257502,-7.49999999984741,-4.999999999991118,-2.4999999999997424,nan,lower,0.1
197,phase1,lower,-10.0,4,-12.492989030474966,-9.999999998495989,-7.499999999868966,-4.999999999992411,-2.499999999999781,nan,lower,0.1
198,phase1,lower,-10.0,4,-12.492989030474966,-9.999999998701936,-7.499999999887483,-4.999999999993517,-2.499999999999814,nan,lower,0.1
199,phase1,lower,-10.0,4,-12.492989030474966,-9.999999998879767,-7.499999999903388,-4.999999999994461,-2.499999999999842,nan,lower,0.1
200,phase1,lower,-10.0,4,-12.492989030474966,-9.99999999903331,-7.4999999999170495,-4.999999999995269,-2.4999999999998654,nan,lower,0.1
201,phase1,lower,-10.0,4,-12.492989030474966,-9.99999999916587,-7.499999999928782,-4.999999999995958,-2.4999999999998854,nan,lower,0.1
202,phase1,lower,-10.0,4,-12.492989030474966,-9.999999999280307,-7.499999999938859,-4.999999999996547,-2.4999999999999027,nan,lower,0.1
203,phase1,lower,-10.0,4,-12.492989030474966,-9.99999999937909,-7.499999999947512,-4.99999999999705,-2.4999999999999174,nan,lower,0.1
204,phase1,lower,-10.0,4,-12.492989030474966,-9.999999999464354,-7.499999999954943,-4.99999999999748,-2.49999999999993,nan,lower,0.1
205,phase1,upper,-15.0,2,-12.823701115816567,-9.999999999464354,-7.499999999954943,-4.99999999999748,-2.49999999999993,nan,lower,0.1
206,phase1,lower,-10.0,4,-12.823701115816567,-9.999999999537943,-7.499999999961323,-4.999999999997848,-2.4999999999999405,nan,lower,0.1
207,phase1,lower,-10.0,4,-12.823701115816567,-9.99999999960145,-7.499999999966802,-4.9999999999981615,-2.4999999999999494,nan,lower,0.1
208,phase1,lower,-10.0,4,-12.823701115816567,-9.999999999656252,-7.4999999999715055,-4.99999999999843,-2.499999999999957,nan,lower,0.1
209,phase1,lower,-10.0,4,-12.823701115816567,-9.99999999970354,-7.499999999975544,-4.999999999998659,-2.4999999999999636,nan,lower,0.1
210,phase1,lower,-10.0,4,-12.823701115816567,-9.999999999744341,-7.4999999999790115,-4.999999999998854,-2.499999999999969,nan,lower,0.1
211,phase1,lower,-10.0,4,-12.823701115816567,-9.999999999779542,-7.499999999981988,-4.999999999999021,-2.4999999999999734,nan,lower,0.1
212,phase1,lower,-10.0,4,-12.823701115816567,-9.999999999809909,-7.499999999984543,-4.999999999999164,-2.4999999999999774,nan,lower,0.1
213,phase1,lower,-10.0,4,-12.823701115816567,-9.999999999836103,-7.499999999986736,-4.999999999999286,-2.499999999999981,nan,lower,0.1
214,phase1,lower,-10.0,4,-12.823701115816567,-9.999999999858698,-7.499999999988619,-4.99999999999939,-2.4999999999999836,nan,lower,0.1
215,phase1,lower,-10.0,4,-12.823701115816567,-9.999999999878186,-7.4999999999902345,-4.999999999999479,-2.4999999999999862,nan,lower,0.1
216,phase1,lower,-10.0,4,-12.823701115816567,-9.999999999894994,-7.499999999991621,-4.999999999999555,-2.4999999999999885,nan,lower,0.1
217,phase1,lower,-10.0,4,-12.823701115816567,-9.999999999909488,-7.499999999992811,-4.99999999999962,-2.4999999999999902,nan,lower,0.1
218,phase1,lower,-10.0,4,-12.823701115816567,-9.999999999921986,-7.4999999999938325,-4.999999999999676,-2.4999999999999916,nan,lower,0.1
219,phase1,upper,-15.0,2,-13.11160732237,-9.999999999921986,-7.4999999999938325,-4.999999999999676,-2.4999999999999916,nan,lower,0.1
220,phase1,lower,-10.0,4,-13.11160732237,-9.999999999932763,-7.499999999994709,-4.999999999999723,-2.499999999999993,nan,lower,0.1
221,phase1,lower,-10.0,4,-13.11160732237,-9.999999999942055,-7.499999999995461,-4.999999999999764,-2.499999999999994,nan,lower,0.1
222,phase1,lower,-10.0,4,-13.11160732237,-9.999999999950067,-7.499999999996107,-4.999999999999798,-2.4999999999999947,nan,lower,0.1
223,phase1,lower,-10.0,4,-13.11160732237,-9.999999999956973,-7.4999999999966604,-4.999999999999828,-2.4999999999999956,nan,lower,0.1
224,phase1,lower,-10.0,4,-13.11160732237,-9.999999999962926,-7.499999999997136,-4.999999999999853,-2.4999999999999964,nan,lower,0.1
225,phase1,lower,-10.0,4,-13.11160732237,-9.999999999968058,-7.499999999997543,-4.999999999999874,-2.499999999999997,nan,lower,0.1
226,phase1,lower,-10.0,4,-13.11160732237,-9.99999999997248,-7.499999999997893,-4.9999999999998925,-2.4999999999999973,nan,lower,0.1
227,phase1,lower,-10.0,4,-13.11160732237,-9.999999999976293,-7.4999999999981934,-4.9999999999999085,-2.499999999999998,nan,lower,0.1
228,phase1,lower,-10.0,4,-13.11160732237,-9.999999999979577,-7.499999999998451,-4.999999999999922,-2.4999999999999982,nan,lower,0.1
229,phase1,lower,-10.0,4,-13.11160732237,-9.999999999982409,-7.499999999998671,-4.999999999999933,-2.4999999999999987,nan,lower,0.1
230,phase1,lower,-10.0,4,-13.11160732237,-9.999999999984848,-7.4999999999988605,-4.999999999999943,-2.4999999999999987,nan,lower,0.1
231,phase1,lower,-10.0,4,-13.11160732237,-9.999999999986949,-7.499999999999023,-4.999999999999951,-2.4999999999999987,nan,lower,0.1
232,phase1,lower,-10.0,4,-13.11160732237,-9.999999999988761,-7.4999999999991624,-4.999999999999958,-2.4999999999999987,nan,lower,0.1
233,phase1,lower,-10.0,4,-13.11160732237,-9.99999999999032,-7.4999999999992815,-4.9999999999999645,-2.4999999999999987,nan,lower,0.1
234,phase1,lower,-10.0,4,-13.11160732237,-9.999999999991665,-7.499999999999384,-4.99999999999997,-2.4999999999999987,nan,lower,0.1
235,phase1,lower,-10.0,4,-13.11160732237,-9.999999999992824,-7.4999999999994715,-4.999999999999974,-2.4999999999999987,nan,lower,0.1
236,phase1,lower,-10.0,4,-13.11160732237,-9.99999999999382,-7.499999999999547,-4.999999999999978,-2.4999999999999987,nan,lower,0.1
237,phase1,lower,-10.0,4,-13.11160732237,-9.99999999999468,-7.499999999999612,-4.9999999999999805,-2.4999999999999987,nan,lower,0.1
238,phase1,lower,-10.0,4,-13.11160732237,-9.99999999999542,-7.499999999999667,-4.999999999999983,-2.4999999999999987,nan,lower,0.1
239,phase1,lower,-10.0,4,-13.11160732237,-9.999999999996056,-7.499999999999714,-4.999999999999986,-2.4999999999999987,nan,lower,0.1
240,phase1,lower,-10.0,4,-13.11160732237,-9.999999999996605,-7.499999999999755,-4.999999999999988,-2.4999999999999987,nan,lower,0.1
241,phase1,upper,-15.0,2,-13.36210839185153,-9.999999999996605,-7.499999999999755,-4.999999999999988,-2.4999999999999987,nan,lower,0.1
242,phase1,lower,-10.0,4,-13.36210839185153,-9.999999999997078,-7.4999999999997895,-4.999999999999989,-2.4999999999999987,nan,lower,0.1
243,phase1,lower,-10.0,4,-13.36210839185153,-9.999999999997485,-7.49999999999982,-4.999999999999991,-2.4999999999999987,nan,lower,0.1
244,phase1,upper,-15.0,2,-13.579947975735276,-9.999999999997485,-7.49999999999982,-4.999999999999991,-2.4999999999999987,nan,lower,0.1
245,phase1,lower,-10.0,4,-13.579947975735276,-9.999999999997835,-7.4999999999998455,-4.999999999999992,-2.4999999999999987,nan,lower,0.1
246,phase1,lower,-10.0,4,-13.579947975735276,-9.999999999998137,-7.499999999999868,-4.999999999999993,-2.4999999999999987,nan,lower,0.1
247,phase1,lower,-10.0,4,-13.579947975735276,-9.999999999998396,-7.499999999999886,-4.999999999999994,-2.4999999999999987,nan,lower,0.1
248,phase1,lower,-10.0,4,-13.579947975735276,-9.99999999999862,-7.499999999999902,-4.999999999999995,-2.4999999999999987,nan,lower,0.1
249,phase1,lower,-10.0,4,-13.579947975735276,-9.999999999998812,-7.4999999999999165,-4.999999999999996,-2.4999999999999987,nan,lower,0.1
250,phase1,lower,-10.0,4,-13.579947975735276,-9.999999999998977,-7.499999999999928,-4.999999999999996,-2.4999999999999987,nan,lower,0.1
251,phase1,lower,-10.0,4,-13.579947975735276,-9.999999999999119,-7.499999999999938,-4.999999999999996,-2.4999999999999987,nan,lower,0.1
252,phase1,lower,-10.0,4,-13.579947975735276,-9.999999999999241,-7.499999999999947,-4.999999999999996,-2.4999999999999987,nan,lower,0.1
253,phase1,lower,-10.0,4,-13.579947975735276,-9.999999999999348,-7.499999999999954,-4.999999999999996,-2.4999999999999987,nan,lower,0.1
254,phase1,lower,-10.0,4,-13.579947975735276,-9.999999999999439,-7.49999999999996,-4.999999999999996,-2.4999999999999987,nan,lower,0.1
255,phase1,lower,-10.0,4,-13.579947975735276,-9.999999999999517,-7.499999999999965,-4.999999999999996,-2.4999999999999987,nan,lower,0.1
256,phase1,upper,-15.0,2,-13.76928824563724,-9.999999999999517,-7.499999999999965,-4.999999999999996,-2.4999999999999987,nan,lower,0.1
257,phase1,lower,-10.0,4,-13.76928824563724,-9.999999999999584,-7.49999999999997,-4.999999999999996,-2.4999999999999987,nan,lower,0.1
258,phase1,lower,-10.0,4,-13.76928824563724,-9.999999999999643,-7.499999999999973,-4.999999999999996,-2.4999999999999987,nan,lower,0.1
259,phase1,lower,-10.0,4,-13.76928824563724,-9.999999999999693,-7.499999999999977,-4.999999999999996,-2.4999999999999987,nan,lower,0.1
260,phase1,lower,-10.0,4,-13.76928824563724,-9.999999999999735,-7.49999999999998,-4.999999999999996,-2.4999999999999987,nan,lower,0.1
261,phase1,lower,-10.0,4,-13.76928824563724,-9.999999999999773,-7.499999999999982,-4.999999999999996,-2.4999999999999987,nan,lower,0.1
262,phase1,lower,-10.0,4,-13.76928824563724,-9.999999999999805,-7.499999999999984,-4.999999999999996,-2.4999999999999987,nan,lower,0.1
263,phase1,upper,-15.0,2,-13.933777605114571,-9.999999999999805,-7.499999999999984,-4.999999999999996,-2.4999999999999987,nan,lower,0.1
264,phase1,lower,-10.0,4,-13.933777605114571,-9.999999999999831,-7.499999999999986,-4.999999999999996,-2.4999999999999987,nan,lower,0.1
265,phase1,lower,-10.0,4,-13.933777605114571,-9.999999999999854,-7.499999999999988,-4.999999999999996,-2.4999999999999987,nan,lower,0.1
266,phase1,lower,-10.0,4,-13.933777605114571,-9.999999999999874,-7.4999999999999885,-4.999999999999996,-2.4999999999999987,nan,lower,0.1
267,phase1,lower,-10.0,4,-13.933777605114571,-9.999999999999892,-7.499999999999989,-4.999999999999996,-2.4999999999999987,nan,lower,0.1
268,phase1,lower,-10.0,4,-13.933777605114571,-9.999999999999906,-7.49999999999999,-4.999999999999996,-2.4999999999999987,nan,lower,0.1
269,phase1,lower,-10.0,4,-13.933777605114571,-9.999999999999918,-7.499999999999991,-4.999999999999996,-2.4999999999999987,nan,lower,0.1
270,phase1,upper,-15.0,2,-14.076611171221865,-9.999999999999918,-7.499999999999991,-4.999999999999996,-2.4999999999999987,nan,lower,0.1
271,phase1,lower,-10.0,4,-14.076611171221865,-9.999999999999929,-7.499999999999992,-4.999999999999996,-2.4999999999999987,nan,lower,0.1
272,phase1,lower,-10.0,4,-14.076611171221865,-9.999999999999938,-7.499999999999993,-4.999999999999996,-2.4999999999999987,nan,lower,0.1
273,phase1,lower,-10.0,4,-14.076611171221865,-9.999999999999947,-7.499999999999993,-4.999999999999996,-2.4999999999999987,nan,lower,0.1
274,phase1,lower,-10.0,4,-14.076611171221865,-9.999999999999954,-7.499999999999993,-4.999999999999996,-2.4999999999999987,nan,lower,0.1
275,phase1,lower,-10.0,4,-14.076611171221865,-9.99999999999996,-7.499999999999993,-4.999999999999996,-2.4999999999999987,nan,lower,0.1
276,phase1,lower,-10.0,4,-14.076611171221865,-9.999999999999964,-7.499999999999993,-4.999999999999996,-2.4999999999999987,nan,lower,0.1
277,phase1,lower,-10.0,4,-14.076611171221865,-9.999999999999968,-7.499999999999993,-4.999999999999996,-2.4999999999999987,nan,lower,0.1
278,phase1,lower,-10.0,4,-14.076611171221865,-9.999999999999972,-7.499999999999993,-4.999999999999996,-2.4999999999999987,nan,lower,0.1
279,phase1,upper,-15.0,2,-14.200584671381892,-9.999999999999972,-7.499999999999993,-4.999999999999996,-2.4999999999999987,nan,lower,0.1
280,phase1,lower,-10.0,4,-14.200584671381892,-9.999999999999975,-7.499999999999993,-4.999999999999996,-2.4999999999999987,nan,lower,0.1
281,phase1,lower,-10.0,4,-14.200584671381892,-9.999999999999979,-7.499999999999993,-4.999999999999996,-2.4999999999999987,nan,lower,0.1
282,phase1,lower,-10.0,4,-14.200584671381892,-9.99999999999998,-7.499999999999993,-4.999999999999996,-2.4999999999999987,nan,lower,0.1
283,phase1,lower,-10.0,4,-14.200584671381892,-9.999999999999982,-7.499999999999993,-4.999999999999996,-2.4999999999999987,nan,lower,0.1
284,phase1,lower,-10.0,4,-14.200584671381892,-9.999999999999984,-7.499999999999993,-4.999999999999996,-2.4999999999999987,nan,lower,0.1
285,phase1,lower,-10.0,4,-14.200584671381892,-9.999999999999986,-7.499999999999993,-4.999999999999996,-2.4999999999999987,nan,lower,0.1
286,phase1,lower,-10.0,4,-14.200584671381892,-9.999999999999988,-7.499999999999993,-4.999999999999996,-2.4999999999999987,nan,lower,0.1
287,phase1,lower,-10.0,4,-14.200584671381892,-9.999999999999988,-7.499999999999993,-4.999999999999996,-2.4999999999999987,nan,lower,0.1
288,phase1,lower,-10.0,4,-14.200584671381892,-9.999999999999988,-7.499999999999993,-4.999999999999996,-2.4999999999999987,nan,lower,0.1
289,phase1,lower,-10.0,4,-14.200584671381892,-9.999999999999988,-7.499999999999993,-4.999999999999996,-2.4999999999999987,nan,lower,0.1
290,phase1,lower,-10.0,4,-14.200584671381892,-9.999999999999988,-7.499999999999993,-4.999999999999996,-2.4999999999999987,nan,lower,0.1
291,phase1,lower,-10.0,4,-14.200584671381892,-9.999999999999988,-7.499999999999993,-4.999999999999996,-2.4999999999999987,nan,lower,0.1
292,phase1,lower,-10.0,4,-14.200584671381892,-9.999999999999988,-7.499999999999993,-4.999999999999996,-2.4999999999999987,nan,lower,0.1
293,phase1,lower,-10.0,4,-14.200584671381892,-9.999999999999988,-7.499999999999993,-4.999999999999996,-2.4999999999999987,nan,lower,0.1
294,phase1,lower,-10.0,4,-14.200584671381892,-9.999999999999988,-7.499999999999993,-4.999999999999996,-2.4999999999999987,nan,lower,0.1
295,phase1,lower,-10.0,4,-14.200584671381892,-9.999999999999988,-7.499999999999993,-4.999999999999996,-2.4999999999999987,nan,lower,0.1
296,phase1,lower,-10.0,4,-14.200584671381892,-9.999999999999988,-7.499999999999993,-4.999999999999996,-2.4999999999999987,nan,lower,0.1
297,phase1,lower,-10.0,4,-14.200584671381892,-9.999999999999988,-7.499999999999993,-4.999999999999996,-2.4999999999999987,nan,lower,0.1
298,phase1,lower,-10.0,4,-14.200584671381892,-9.999999999999988,-7.499999999999993,-4.999999999999996,-2.4999999999999987,nan,lower,0.1
299,phase1,lower,-10.0,4,-14.200584671381892,-9.999999999999988,-7.499999999999993,-4.999999999999996,-2.4999999999999987,nan,lower,0.1
300,phase1,lower,-10.0,4,-14.200584671381892,-9.999999999999988,-7.499999999999993,-4.999999999999996,-2.4999999999999987,nan,lower,0.1
301,phase1,lower,-10.0,4,-14.200584671381892,-9.999999999999988,-7.499999999999993,-4.999999999999996,-2.4999999999999987,nan,lower,0.1
302,phase1,lower,-10.0,4,-14.200584671381892,-9.999999999999988,-7.499999999999993,-4.999999999999996,-2.4999999999999987,nan,lower,0.1
303,phase1,lower,-10.0,4,-14.200584671381892,-9.999999999999988,-7.499999999999993,-4.999999999999996,-2.4999999999999987,nan,lower,0.1
304,phase1,lower,-10.0,4,-14.200584671381892,-9.999999999999988,-7.499999999999993,-4.999999999999996,-2.4999999999999987,nan,lower,0.1
305,phase1,lower,-10.0,4,-14.200584671381892,-9.999999999999988,-7.499999999999993,-4.999999999999996,-2.4999999999999987,nan,lower,0.1
306,phase1,lower,-10.0,4,-14.200584671381892,-9.999999999999988,-7.499999999999993,-4.999999999999996,-2.4999999999999987,nan,lower,0.1
307,phase1,lower,-10.0,4,-14.200584671381892,-9.999999999999988,-7.499999999999993,-4.999999999999996,-2.4999999999999987,nan,lower,0.1
308,phase1,lower,-10.0,4,-14.200584671381892,-9.999999999999988,-7.499999999999993,-4.999999999999996,-2.4999999999999987,nan,lower,0.1
309,phase1,lower,-10.0,4,-14.200584671381892,-9.999999999999988,-7.499999999999993,-4.999999999999996,-2.4999999999999987,nan,lower,0.1
310,phase1,lower,-10.0,4,-14.200584671381892,-9.999999999999988,-7.499999999999993,-4.999999999999996,-2.4999999999999987,nan,lower,0.1
311,phase1,lower,-10.0,4,-14.200584671381892,-9.999999999999988,-7.499999999999993,-4.999999999999996,-2.4999999999999987,nan,lower,0.1
312,phase1,lower,-10.0,4,-14.200584671381892,-9.999999999999988,-7.499999999999993,-4.999999999999996,-2.4999999999999987,nan,lower,0.1
313,phase1,lower,-10.0,4,-14.200584671381892,-9.999999999999988,-7.499999999999993,-4.999999999999996,-2.4999999999999987,nan,lower,0.1
314,phase1,lower,-10.0,4,-14.200584671381892,-9.999999999999988,-7.499999999999993,-4.999999999999996,-2.4999999999999987,nan,lower,0.1
315,phase1,lower,-10.0,4,-14.200584671381892,-9.999999999999988,-7.499999999999993,-4.999999999999996,-2.4999999999999987,nan,lower,0.1
316,phase1,lower,-10.0,4,-14.200584671381892,-9.999999999999988,-7.499999999999993,-4.999999999999996,-2.4999999999999987,nan,lower,0.1
317,phase1,lower,-10.0,4,-14.200584671381892,-9.999999999999988,-7.499999999999993,-4.999999999999996,-2.4999999999999987,nan,lower,0.1
318,phase1,lower,-10.0,4,-14.200584671381892,-9.999999999999988,-7.499999999999993,-4.999999999999996,-2.4999999999999987,nan,lower,0.1
319,phase1,lower,-10.0,4,-14.200584671381892,-9.999999999999988,-7.499999999999993,-4.999999999999996,-2.4999999999999987,nan,lower,0.1
320,phase1,lower,-10.0,4,-14.200584671381892,-9.999999999999988,-7.499999999999993,-4.999999999999996,-2.4999999999999987,nan,lower,0.1
321,phase1,lower,-10.0,4,-14.200584671381892,-9.999999999999988,-7.499999999999993,-4.999999999999996,-2.4999999999999987,nan,lower,0.1
322,phase1,lower,-10.0,4,-14.200584671381892,-9.999999999999988,-7.499999999999993,-4.999999999999996,-2.4999999999999987,nan,lower,0.1
323,phase1,lower,-10.0,4,-14.200584671381892,-9.999999999999988,-7.499999999999993,-4.999999999999996,-2.4999999999999987,nan,lower,0.1
324,phase1,lower,-10.0,4,-14.200584671381892,-9.999999999999988,-7.499999999999993,-4.999999999999996,-2.4999999999999987,nan,lower,0.1
325,phase1,lower,-10.0,4,-14.200584671381892,-9.999999999999988,-7.499999999999993,-4.999999999999996,-2.4999999999999987,nan,lower,0.1
326,phase1,lower,-10.0,4,-14.200584671381892,-9.999999999999988,-7.499999999999993,-4.999999999999996,-2.4999999999999987,nan,lower,0.1
327,phase1,lower,-10.0,4,-14.200584671381892,-9.999999999999988,-7.499999999999993,-4.999999999999996,-2.4999999999999987,nan,lower,0.1
328,phase1,lower,-10.0,4,-14.200584671381892,-9.999999999999988,-7.499999999999993,-4.999999999999996,-2.4999999999999987,nan,lower,0.1
329,phase1,lower,-10.0,4,-14.200584671381892,-9.999999999999988,-7.499999999999993,-4.999999999999996,-2.4999999999999987,nan,lower,0.1
330,phase1,lower,-10.0,4,-14.200584671381892,-9.999999999999988,-7.499999999999993,-4.999999999999996,-2.4999999999999987,nan,lower,0.1
331,phase1,lower,-10.0,4,-14.200584671381892,-9.999999999999988,-7.499999999999993,-4.999999999999996,-2.4999999999999987,nan,lower,0.1
332,phase1,lower,-10.0,4,-14.200584671381892,-9.999999999999988,-7.499999999999993,-4.999999999999996,-2.4999999999999987,nan,lower,0.1
333,phase1,lower,-10.0,4,-14.200584671381892,-9.999999999999988,-7.499999999999993,-4.999999999999996,-2.4999999999999987,nan,lower,0.1
334,phase1,lower,-10.0,4,-14.200584671381892,-9.999999999999988,-7.499999999999993,-4.999999999999996,-2.4999999999999987,nan,lower,0.1
335,phase1,lower,-10.0,4,-14.200584671381892,-9.999999999999988,-7.499999999999993,-4.999999999999996,-2.4999999999999987,nan,lower,0.1
336,phase1,lower,-10.0,4,-14.200584671381892,-9.999999999999988,-7.499999999999993,-4.999999999999996,-2.4999999999999987,nan,lower,0.1
337,phase1,lower,-10.0,4,-14.200584671381892,-9.999999999999988,-7.499999999999993,-4.999999999999996,-2.4999999999999987,nan,lower,0.1
338,phase1,lower,-10.0,4,-14.200584671381892,-9.999999999999988,-7.499999999999993,-4.999999999999996,-2.4999999999999987,nan,lower,0.1
339,phase1,lower,-10.0,4,-14.200584671381892,-9.999999999999988,-7.499999999999993,-4.999999999999996,-2.4999999999999987,nan,lower,0.1
340,phase1,lower,-10.0,4,-14.200584671381892,-9.999999999999988,-7.499999999999993,-4.999999999999996,-2.4999999999999987,nan,lower,0.1
341,phase1,lower,-10.0,4,-14.200584671381892,-9.999999999999988,-7.499999999999993,-4.999999999999996,-2.4999999999999987,nan,lower,0.1
342,phase1,lower,-10.0,4,-14.200584671381892,-9.999999999999988,-7.499999999999993,-4.999999999999996,-2.4999999999999987,nan,lower,0.1
343,phase1,lower,-10.0,4,-14.200584671381892,-9.999999999999988,-7.499999999999993,-4.999999999999996,-2.4999999999999987,nan,lower,0.1
344,phase1,lower,-10.0,4,-14.200584671381892,-9.999999999999988,-7.499999999999993,-4.999999999999996,-2.4999999999999987,nan,lower,0.1
345,phase1,lower,-10.0,4,-14.200584671381892,-9.999999999999988,-7.499999999999993,-4.999999999999996,-2.4999999999999987,nan,lower,0.1
346,phase1,lower,-10.0,4,-14.200584671381892,-9.999999999999988,-7.499999999999993,-4.999999999999996,-2.4999999999999987,nan,lower,0.1
347,phase1,lower,-10.0,4,-14.200584671381892,-9.999999999999988,-7.499999999999993,-4.999999999999996,-2.4999999999999987,nan,lower,0.1
348,phase1,lower,-10.0,4,-14.200584671381892,-9.999999999999988,-7.499999999999993,-4.999999999999996,-2.4999999999999987,nan,lower,0.1
349,phase1,lower,-10.0,4,-14.200584671381892,-9.999999999999988,-7.499999999999993,-4.999999999999996,-2.4999999999999987,nan,lower,0.1
350,phase1,lower,-10.0,4,-14.200584671381892,-9.999999999999988,-7.499999999999993,-4.999999999999996,-2.4999999999999987,nan,lower,0.1
351,phase1,lower,-10.0,4,-14.200584671381892,-9.999999999999988,-7.499999999999993,-4.999999999999996,-2.4999999999999987,nan,lower,0.1
352,phase1,lower,-10.0,4,-14.200584671381892,-9.999999999999988,-7.499999999999993,-4.999999999999996,-2.4999999999999987,nan,lower,0.1
353,phase1,lower,-10.0,4,-14.200584671381892,-9.999999999999988,-7.499999999999993,-4.999999999999996,-2.4999999999999987,nan,lower,0.1
354,phase1,lower,-10.0,4,-14.200584671381892,-9.999999999999988,-7.499999999999993,-4.999999999999996,-2.4999999999999987,nan,lower,0.1
355,phase1,lower,-10.0,4,-14.200584671381892,-9.999999999999988,-7.499999999999993,-4.999999999999996,-2.4999999999999987,nan,lower,0.1
356,phase1,lower,-10.0,4,-14.200584671381892,-9.999999999999988,-7.499999999999993,-4.999999999999996,-2.4999999999999987,nan,lower,0.1
357,phase1,lower,-10.0,4,-14.200584671381892,-9.999999999999988,-7.499999999999993,-4.999999999999996,-2.4999999999999987,nan,lower,0.1
358,phase1,lower,-10.0,4,-14.200584671381892,-9.999999999999988,-7.499999999999993,-4.999999999999996,-2.4999999999999987,nan,lower,0.1
359,phase1,lower,-10.0,4,-14.200584671381892,-9.999999999999988,-7.499999999999993,-4.999999999999996,-2.4999999999999987,nan,lower,0.1
360,phase1,lower,-10.0,4,-14.200584671381892,-9.999999999999988,-7.499999999999993,-4.999999999999996,-2.4999999999999987,nan,lower,0.1
361,phase1,lower,-10.0,4,-14.200584671381892,-9.999999999999988,-7.499999999999993,-4.999999999999996,-2.4999999999999987,nan,lower,0.1
362,phase1,upper,-15.0,2,-14.308142370141418,-9.999999999999988,-7.499999999999993,-4.999999999999996,-2.4999999999999987,nan,lower,0.1
363,phase1,upper,-15.0,2,-14.401419604166994,-9.999999999999988,-7.499999999999993,-4.999999999999996,-2.4999999999999987,nan,lower,0.1
364,phase1,lower,-10.0,4,-14.401419604166994,-9.999999999999988,-7.499999999999993,-4.999999999999996,-2.4999999999999987,nan,lower,0.1
365,phase1,lower,-10.0,4,-14.401419604166994,-9.999999999999988,-7.499999999999993,-4.999999999999996,-2.4999999999999987,nan,lower,0.1
366,phase1,lower,-10.0,4,-14.401419604166994,-9.999999999999988,-7.499999999999993,-4.999999999999996,-2.4999999999999987,nan,lower,0.1
367,phase1,lower,-10.0,4,-14.401419604166994,-9.999999999999988,-7.499999999999993,-4.999999999999996,-2.4999999999999987,nan,lower,0.1
368,phase1,lower,-10.0,4,-14.401419604166994,-9.999999999999988,-7.499999999999993,-4.999999999999996,-2.4999999999999987,nan,lower,0.1
369,phase1,lower,-10.0,4,-14.401419604166994,-9.999999999999988,-7.499999999999993,-4.999999999999996,-2.4999999999999987,nan,lower,0.1
370,phase1,lower,-10.0,4,-14.401419604166994,-9.999999999999988,-7.499999999999993,-4.999999999999996,-2.4999999999999987,nan,lower,0.1
371,phase1,lower,-10.0,4,-14.401419604166994,-9.999999999999988,-7.499999999999993,-4.999999999999996,-2.4999999999999987,nan,lower,0.1
372,phase1,lower,-10.0,4,-14.401419604166994,-9.999999999999988,-7.499999999999993,-4.999999999999996,-2.4999999999999987,nan,lower,0.1
373,phase1,lower,-10.0,4,-14.401419604166994,-9.999999999999988,-7.499999999999993,-4.999999999999996,-2.4999999999999987,nan,lower,0.1
374,phase1,lower,-10.0,4,-14.401419604166994,-9.999999999999988,-7.499999999999993,-4.999999999999996,-2.4999999999999987,nan,lower,0.1
375,phase1,lower,-10.0,4,-14.401419604166994,-9.999999999999988,-7.499999999999993,-4.999999999999996,-2.4999999999999987,nan,lower,0.1
376,phase1,lower,-10.0,4,-14.401419604166994,-9.999999999999988,-7.499999999999993,-4.999999999999996,-2.4999999999999987,nan,lower,0.1
377,phase1,lower,-10.0,4,-14.401419604166994,-9.999999999999988,-7.499999999999993,-4.999999999999996,-2.4999999999999987,nan,lower,0.1
378,phase1,lower,-10.0,4,-14.401419604166994,-9.999999999999988,-7.499999999999993,-4.999999999999996,-2.4999999999999987,nan,lower,0.1
379,phase1,lower,-10.0,4,-14.401419604166994,-9.999999999999988,-7.499999999999993,-4.999999999999996,-2.4999999999999987,nan,lower,0.1
380,phase1,lower,-10.0,4,-14.401419604166994,-9.999999999999988,-7.499999999999993,-4.999999999999996,-2.4999999999999987,nan,lower,0.1
381,phase1,lower,-10.0,4,-14.401419604166994,-9.999999999999988,-7.499999999999993,-4.999999999999996,-2.4999999999999987,nan,lower,0.1
382,phase1,lower,-10.0,4,-14.401419604166994,-9.999999999999988,-7.499999999999993,-4.999999999999996,-2.4999999999999987,nan,lower,0.1
383,phase1,lower,-10.0,4,-14.401419604166994,-9.999999999999988,-7.499999999999993,-4.999999999999996,-2.4999999999999987,nan,lower,0.1
384,phase1,lower,-10.0,4,-14.401419604166994,-9.999999999999988,-7.499999999999993,-4.999999999999996,-2.4999999999999987,nan,lower,0.1
385,phase1,lower,-10.0,4,-14.401419604166994,-9.999999999999988,-7.499999999999993,-4.999999999999996,-2.4999999999999987,nan,lower,0.1
386,phase1,lower,-10.0,4,-14.401419604166994,-9.999999999999988,-7.499999999999993,-4.999999999999996,-2.4999999999999987,nan,lower,0.1
387,phase1,lower,-10.0,4,-14.401419604166994,-9.999999999999988,-7.499999999999993,-4.999999999999996,-2.4999999999999987,nan,lower,0.1
388,phase1,lower,-10.0,4,-14.401419604166994,-9.999999999999988,-7.499999999999993,-4.999999999999996,-2.4999999999999987,nan,lower,0.1
389,phase1,lower,-10.0,4,-14.401419604166994,-9.999999999999988,-7.499999999999993,-4.999999999999996,-2.4999999999999987,nan,lower,0.1
390,phase1,lower,-10.0,4,-14.401419604166994,-9.999999999999988,-7.499999999999993,-4.999999999999996,-2.4999999999999987,nan,lower,0.1
391,phase1,lower,-10.0,4,-14.401419604166994,-9.999999999999988,-7.499999999999993,-4.999999999999996,-2.4999999999999987,nan,lower,0.1
392,phase1,lower,-10.0,4,-14.401419604166994,-9.999999999999988,-7.499999999999993,-4.999999999999996,-2.4999999999999987,nan,lower,0.1
393,phase1,upper,-15.0,2,-14.482280464656716,-9.999999999999988,-7.499999999999993,-4.999999999999996,-2.4999999999999987,nan,lower,0.1
394,phase1,lower,-10.0,4,-14.482280464656716,-9.999999999999988,-7.499999999999993,-4.999999999999996,-2.4999999999999987,nan,lower,0.1
395,phase1,lower,-10.0,4,-14.482280464656716,-9.999999999999988,-7.499999999999993,-4.999999999999996,-2.4999999999999987,nan,lower,0.1
396,phase1,lower,-10.0,4,-14.482280464656716,-9.999999999999988,-7.499999999999993,-4.999999999999996,-2.4999999999999987,nan,lower,0.1
397,phase1,lower,-10.0,4,-14.482280464656716,-9.999999999999988,-7.499999999999993,-4.999999999999996,-2.4999999999999987,nan,lower,0.1
398,phase1,lower,-10.0,4,-14.482280464656716,-9.999999999999988,-7.499999999999993,-4.999999999999996,-2.4999999999999987,nan,lower,0.1
399,phase1,lower,-10.0,4,-14.482280464656716,-9.999999999999988,-7.499999999999993,-4.999999999999996,-2.4999999999999987,nan,lower,0.1
400,phase2,lower,-20.0,4,-14.482280464656716,-9.999999999999988,-8.499999999999993,-5.269999999999996,-2.6889999999999987,-0.14700000000000019,lower,0.1
401,phase2,lower,-20.0,4,-14.482280464656716,-10.232299999999988,-9.546609999999992,-5.5959169999999965,-2.901724899999999,-0.1744827000000002,lower,0.1
402,phase2,lower,-20.0,4,-14.482280464656716,-10.570765429999987,-10.560451170999993,-5.918566408699997,-3.0957572563899998,-0.17010757797000026,lower,0.1
403,phase2,lower,-20.0,4,-14.482280464656716,-10.972830824272988,-11.520651983898095,-6.220527107276568,-3.261434813303929,-0.15732427984946723,lower,0.1
404,phase2,lower,-20.0,4,-14.482280464656716,-11.419204792100018,-12.422044963850983,-6.495998333541053,-3.397862158999499,-0.14248982106551966,lower,0.1
405,phase2,lower,-20.0,4,-14.482280464656716,-11.897729648234083,-13.263785572728542,-6.742723147404517,-3.5065031683092602,-0.12739642150423514,lower,0.1
406,phase2,lower,-20.0,4,-14.482280464656716,-12.39899202003734,-14.046322585705157,-6.959782742867556,-3.5894520274035573,-0.11260426400367347,lower,0.1
407,phase2,lower,-20.0,4,-14.482280464656716,-12.915068914207428,-14.770587213016743,-7.146956123681282,-3.648952411997762,-0.09832967377144039,lower,0.1
408,phase2,lower,-20.0,4,-14.482280464656716,-13.439117450482657,-15.437770792627056,-7.304500395081574,-3.6872523203805816,-0.0846832106487526,lower,0.1
409,phase2,lower,-20.0,4,-14.482280464656716,-13.965197674280974,-16.04925781581912,-7.433047130940375,-3.7065514706558274,-0.0717347277433745,lower,0.1
410,phase2,lower,-20.0,4,-14.482280464656716,-14.488164943403826,-16.606599249631103,-7.533533628030093,-3.708976184945283,-0.05953223693424381,upper,0.1
411,phase2,upper,-15.0,2,-14.582573252063566,-14.488164943403826,-16.606599249631103,-7.533533628030093,-3.708976184945283,-0.040498142483135116,lower,0.1
412,phase2,lower,-20.0,4,-14.582573252063566,-14.986456702261375,-17.099504243503514,-7.598753201161143,-3.690688237695136,-0.04353823653060507,upper,0.1
413,phase2,upper,-15.0,2,-14.663959781132627,-14.986456702261375,-17.099504243503514,-7.598753201161143,-3.690688237695136,-0.030058347880852987,upper,0.1
414,phase2,lower,-20.0,4,-14.663959781132627,-15.474813969478356,-17.542918182047753,-7.639368756616231,-3.660597096173223,-0.033484216839501355,upper,0.1
415,phase2,upper,-15.0,2,-14.731995461471602,-15.474813969478356,-17.542918182047753,-7.639368756616231,-3.660597096173223,-0.02307748315086882,upper,0.1
416,phase2,upper,-15.0,2,-14.78656472968808,-15.474813969478356,-17.542918182047753,-7.639368756616231,-3.660597096173223,-0.016306144895514896,upper,0.1
417,phase2,upper,-15.0,2,-14.831249427540092,-15.474813969478356,-17.542918182047753,-7.639368756616231,-3.660597096173223,-0.011692244038015614,upper,0.1
418,phase2,upper,-15.0,2,-14.868284115443126,-15.474813969478356,-17.542918182047753,-7.639368756616231,-3.660597096173223,-0.008405666608230979,upper,0.1
419,phase2,upper,-15.0,2,-14.899146180184422,-15.474813969478356,-17.542918182047753,-7.639368756616231,-3.660597096173223,-0.005973526343289458,upper,0.1
420,phase2,lower,-20.0,4,-14.899146180184422,-15.937000564444256,-17.929665374840248,-7.650567250820232,-3.6159635138977504,-0.020735741714019672,upper,0.1
421,phase2,upper,-15.0,2,-14.93816514345873,-15.937000564444256,-17.929665374840248,-7.650567250820232,-3.6159635138977504,-0.01135401641848468,upper,0.1
422,phase2,upper,-15.0,2,-14.965667501477354,-15.937000564444256,-17.929665374840248,-7.650567250820232,-3.6159635138977504,-0.005862976849516784,upper,0.1
423,phase2,upper,-15.0,2,-14.985549626425156,-15.937000564444256,-17.929665374840248,-7.650567250820232,-3.6159635138977504,-0.002588343491451325,upper,0.1
424,phase2,upper,-15.0,2,-15.00014286384049,-15.937000564444256,-17.929665374840248,-7.650567250820232,-3.6159635138977504,-0.0005980639734841182,upper,0.1
425,phase2,upper,-15.0,2,-15.010897843159896,-15.937000564444256,-17.929665374840248,-7.650567250820232,-3.6159635138977504,0.0006307395251019111,upper,0.1
426,phase2,upper,-15.0,2,-15.018761830103301,-15.937000564444256,-17.929665374840248,-7.650567250820232,-3.6159635138977504,0.0013948463885365189,upper,0.1
427,phase2,upper,-15.0,2,-15.024387496519926,-15.937000564444256,-17.929665374840248,-7.650567250820232,-3.6159635138977504,0.00186562216844965,upper,0.1
428,phase2,upper,-15.0,2,-15.028249089413316,-15.937000564444256,-17.929665374840248,-7.650567250820232,-3.6159635138977504,0.002144438514187609,upper,0.1
429,phase2,upper,-15.0,2,-15.030707711486707,-15.937000564444256,-17.929665374840248,-7.650567250820232,-3.6159635138977504,0.00229322306060576,upper,0.1
430,phase2,upper,-15.0,2,-15.032048605718716,-15.937000564444256,-17.929665374840248,-7.650567250820232,-3.6159635138977504,0.0023513421930878436,upper,0.1
431,phase2,upper,-15.0,2,-15.032503003106585,-15.937000564444256,-17.929665374840248,-7.650567250820232,-3.6159635138977504,0.0023449703287229144,upper,0.1
432,phase2,upper,-15.0,2,-15.032261420626845,-15.937000564444256,-17.929665374840248,-7.650567250820232,-3.6159635138977504,0.0022923257277216963,upper,0.1
433,phase2,upper,-15.0,2,-15.031482184344627,-15.937000564444256,-17.929665374840248,-7.650567250820232,-3.6159635138977504,0.002206629343934921,upper,0.1
434,phase2,upper,-15.0,2,-15.030297246157215,-15.937000564444256,-17.929665374840248,-7.650567250820232,-3.6159635138977504,0.0020978064488586185,upper,0.1
435,phase2,upper,-15.0,2,-15.028816427841782,-15.937000564444256,-17.929665374840248,-7.650567250820232,-3.6159635138977504,0.0019734912186258925,upper,0.1
436,phase2,upper,-15.0,2,-15.027130714650589,-15.937000564444256,-17.929665374840248,-7.650567250820232,-3.6159635138977504,0.0018396421338815333,upper,0.1
437,phase2,upper,-15.0,2,-15.025314941419488,-15.937000564444256,-17.929665374840248,-7.650567250820232,-3.6159635138977504,0.0017009375071649281,upper,0.1
438,phase2,upper,-15.0,2,-15.023430062032276,-15.937000564444256,-17.929665374840248,-7.650567250820232,-3.6159635138977504,0.0015610444143267254,upper,0.1
439,phase2,upper,-15.0,2,-15.02152511049124,-15.937000564444256,-17.929665374840248,-7.650567250820232,-3.6159635138977504,0.0014228125828554992,upper,0.1
440,phase2,upper,-15.0,2,-15.01963891717868,-15.937000564444256,-17.929665374840248,-7.650567250820232,-3.6159635138977504,0.001288421901417262,upper,0.1
441,phase2,upper,-15.0,2,-15.017801619838162,-15.937000564444256,-17.929665374840248,-7.650567250820232,-3.6159635138977504,0.0011594996604229822,upper,0.1
442,phase2,upper,-15.0,2,-15.01603599588395,-15.937000564444256,-17.929665374840248,-7.650567250820232,-3.6159635138977504,0.0010372167453671483,upper,0.1
443,phase2,upper,-15.0,2,-15.014358635692687,-15.937000564444256,-17.929665374840248,-7.650567250820232,-3.6159635138977504,0.0009223682209095384,upper,0.1
444,phase2,upper,-15.0,2,-15.012780972732557,-15.937000564444256,-17.929665374840248,-7.650567250820232,-3.6159635138977504,0.0008154416585082394,upper,0.1
445,phase2,upper,-15.0,2,-15.011310184223731,-15.937000564444256,-17.929665374840248,-7.650567250820232,-3.6159635138977504,0.0007166754031906862,upper,0.1
446,phase2,upper,-15.0,2,-15.009949974687943,-15.937000564444256,-17.929665374840248,-7.650567250820232,-3.6159635138977504,0.0006261083237129233,upper,0.1
447,phase2,upper,-15.0,2,-15.008701253806748,-15.937000564444256,-17.929665374840248,-7.650567250820232,-3.6159635138977504,0.0005436222141709017,upper,0.1
448,phase2,upper,-15.0,2,-15.007562719248448,-15.937000564444256,-17.929665374840248,-7.650567250820232,-3.6159635138977504,0.000468977788246948,upper,0.1
449,phase2,upper,-15.0,2,-15.006531354435033,-15.937000564444256,-17.929665374840248,-7.650567250820232,-3.6159635138977504,0.00040184506133510416,upper,0.1
450,phase2,upper,-15.0,2,-15.005602850554729,-15.937000564444256,-17.929665374840248,-7.650567250820232,-3.6159635138977504,0.00034182881384587786,upper,0.1
451,phase2,upper,-15.0,2,-15.004771961464712,-15.937000564444256,-17.929665374840248,-7.650567250820232,-3.6159635138977504,0.000288489751246398,upper,0.1
452,phase2,upper,-15.0,2,-15.00403279946972,-15.937000564444256,-17.929665374840248,-7.650567250820232,-3.6159635138977504,0.0002413619123536445,upper,0.1
453,phase2,upper,-15.0,2,-15.003379079309232,-15.937000564444256,-17.929665374840248,-7.650567250820232,-3.6159635138977504,0.0001999668216015615,upper,0.1
454,phase2,upper,-15.0,2,-15.002804317045367,-15.937000564444256,-17.929665374840248,-7.650567250820232,-3.6159635138977504,0.00016382483066365578,upper,0.1
455,phase2,upper,-15.0,2,-15.002301989921964,-15.937000564444256,-17.929665374840248,-7.650567250820232,-3.6159635138977504,0.00013246404856358764,upper,0.1
456,phase2,upper,-15.0,2,-15.001865662668639,-15.937000564444256,-17.929665374840248,-7.650567250820232,-3.6159635138977504,0.00010542721658945779,upper,0.1
457,phase2,upper,-15.0,2,-15.001489085156646,-15.937000564444256,-17.929665374840248,-7.650567250820232,-3.6159635138977504,8.227684465234595e-05,upper,0.1
458,phase2,upper,-15.0,2,-15.00116626577951,-15.937000564444256,-17.929665374840248,-7.650567250820232,-3.6159635138977504,6.259888905356968e-05,upper,0.1
459,phase2,upper,-15.0,2,-15.000891524433184,-15.937000564444256,-17.929665374840248,-7.650567250820232,-3.6159635138977504,4.6005217865516146e-05,upper,0.1
460,phase2,upper,-15.0,2,-15.000659528509026,-15.937000564444256,-17.929665374840248,-7.650567250820232,-3.6159635138977504,3.213507922242268e-05,upper,0.1
461,phase2,upper,-15.0,2,-15.000465314888654,-15.937000564444256,-17.929665374840248,-7.650567250820232,-3.6159635138977504,2.0655759673320294e-05,upper,0.1
462,phase2,upper,-15.0,2,-15.000304300542416,-15.937000564444256,-17.929665374840248,-7.650567250820232,-3.6159635138977504,1.12625942715318e-05,upper,0.1
463,phase2,upper,-15.0,2,-15.00017228398178,-15.937000564444256,-17.929665374840248,-7.650567250820232,-3.6159635138977504,3.678467144353908e-06,upper,0.1
464,phase2,upper,-15.0,2,-15.000065439499242,-15.937000564444256,-17.929665374840248,-7.650567250820232,-3.6159635138977504,-2.3470792355523605e-06,upper,0.1
465,phase2,upper,-15.0,2,-14.999980305845387,-15.937000564444256,-17.929665374840248,-7.650567250820232,-3.6159635138977504,-7.039026113271984e-06,upper,0.1
466,phase2,upper,-15.0,2,-14.999913770739942,-15.937000564444256,-17.929665374840248,-7.650567250820232,-3.6159635138977504,-1.0598268038979263e-05,upper,0.1
467,phase2,upper,-15.0,2,-14.99986305238968,-15.937000564444256,-17.929665374840248,-7.650567250820232,-3.6159635138977504,-1.3203140375536965e-05,upper,0.1
468,phase2,upper,-15.0,2,-14.999825678988813,-15.937000564444256,-17.929665374840248,-7.650567250820232,-3.6159635138977504,-1.5011027542001993e-05,upper,0.1
469,phase2,upper,-15.0,2,-14.999799467005015,-15.937000564444256,-17.929665374840248,-7.650567250820232,-3.6159635138977504,-1.6160005603842485e-05,upper,0.1
470,phase2,upper,-15.0,2,-14.999782498904027,-15.937000564444256,-17.929665374840248,-7.650567250820232,-3.6159635138977504,-1.677048213823515e-05,upper,0.1
471,phase2,upper,-15.0,2,-14.999773100836062,-15.937000564444256,-17.929665374840248,-7.650567250820232,-3.6159635138977504,-1.694680429697113e-05,upper,0.1
472,phase2,upper,-15.0,2,-14.99976982069581,-15.937000564444256,-17.929665374840248,-7.650567250820232,-3.6159635138977504,-1.6778812794497527e-05,upper,0.1
473,phase2,lower,-20.0,4,-14.99976982069581,-16.386282146415372,-18.273068082970997,-7.64198999215237,-3.5643510421281386,-0.013175223176527827,upper,0.1
474,phase2,upper,-15.0,2,-15.011614006800182,-16.386282146415372,-18.273068082970997,-7.64198999215237,-3.5643510421281386,-0.006463981063529695,upper,0.1
475,phase2,upper,-15.0,2,-15.017066983822659,-16.386282146415372,-18.273068082970997,-7.64198999215237,-3.5643510421281386,-0.0028517450512470692,upper,0.1
476,phase2,upper,-15.0,2,-15.019041357704067,-16.386282146415372,-18.273068082970997,-7.64198999215237,-3.5643510421281386,-0.0009386432602555169,upper,0.1
477,phase2,upper,-15.0,2,-15.019148723041969,-16.386282146415372,-18.273068082970997,-7.64198999215237,-3.5643510421281386,4.493830992726355e-05,upper,0.1
478,phase2,upper,-15.0,2,-15.018282680573805,-16.386282146415372,-18.273068082970997,-7.64198999215237,-3.5643510421281386,0.0005221776440926236,upper,0.1
479,phase2,lower,-20.0,4,-15.018282680573805,-16.82449078019125,-18.57807452226036,-7.6173669625577,-3.508518292050098,-0.007426855285423882,upper,0.1
480,phase2,upper,-15.0,2,-15.024093806897541,-16.82449078019125,-18.57807452226036,-7.6173669625577,-3.508518292050098,-0.0031692525816267012,upper,0.1
481,phase2,upper,-15.0,2,-15.02584077540335,-16.82449078019125,-18.57807452226036,-7.6173669625577,-3.508518292050098,-0.0009296018516599039,upper,0.1
482,phase2,upper,-15.0,2,-15.025436777438962,-16.82449078019125,-18.57807452226036,-7.6173669625577,-3.508518292050098,0.00020806078800782857,upper,0.1
483,phase2,upper,-15.0,2,-15.023940006750989,-16.82449078019125,-18.57807452226036,-7.6173669625577,-3.508518292050098,0.0007471966712036741,upper,0.1
484,phase2,upper,-15.0,2,-15.02193580989935,-16.82449078019125,-18.57807452226036,-7.6173669625577,-3.508518292050098,0.0009644717851396386,upper,0.1
485,phase2,upper,-15.0,2,-15.019747227221412,-16.82449078019125,-18.57807452226036,-7.6173669625577,-3.508518292050098,0.0010118152452806616,upper,0.1
486,phase2,upper,-15.0,2,-15.017551174614887,-16.82449078019125,-18.57807452226036,-7.6173669625577,-3.508518292050098,0.0009725185871104398,upper,0.1
487,phase2,upper,-15.0,2,-15.015442713207362,-16.82449078019125,-18.57807452226036,-7.6173669625577,-3.508518292050098,0.0008920818250094881,upper,0.1
488,phase2,upper,-15.0,2,-15.01347073382092,-16.82449078019125,-18.57807452226036,-7.6173669625577,-3.508518292050098,0.0007951819735215443,upper,0.1
489,phase2,upper,-15.0,2,-15.01165787867172,-16.82449078019125,-18.57807452226036,-7.6173669625577,-3.508518292050098,0.000695013958080401,upper,0.1
490,phase2,upper,-15.0,2,-15.010011751419027,-16.82449078019125,-18.57807452226036,-7.6173669625577,-3.508518292050098,0.0005984378774731489,upper,0.1
491,phase2,upper,-15.0,2,-15.008531295570474,-16.82449078019125,-18.57807452226036,-7.6173669625577,-3.508518292050098,0.0005088195442382346,upper,0.1
492,phase2,upper,-15.0,2,-15.007210478614612,-16.82449078019125,-18.57807452226036,-7.6173669625577,-3.508518292050098,0.00042760130084661975,upper,0.1
493,phase2,lower,-20.0,4,-15.007210478614612,-17.2494643132274,-18.846581138506423,-7.5782471519464005,-3.4494630882490056,-0.0022529376637661844,upper,0.1
494,phase2,upper,-15.0,2,-15.008452946448267,-17.2494643132274,-18.846581138506423,-7.5782471519464005,-3.4494630882490056,-0.000958290942542983,upper,0.1
495,phase2,upper,-15.0,2,-15.008533133588783,-17.2494643132274,-18.846581138506423,-7.5782471519464005,-3.4494630882490056,-0.00028637889209771005,upper,0.1
496,phase2,upper,-15.0,2,-15.00803353008841,-17.2494643132274,-18.846581138506423,-7.5782471519464005,-3.4494630882490056,4.75073452421369e-05,upper,0.1
497,phase2,upper,-15.0,2,-15.00727138600752,-17.2494643132274,-18.846581138506423,-7.5782471519464005,-3.4494630882490056,0.00019953962950555455,upper,0.1
498,phase2,upper,-15.0,2,-15.006417814300573,-17.2494643132274,-18.846581138506423,-7.5782471519464005,-3.4494630882490056,0.0002552572550478637,upper,0.1
499,phase2,upper,-15.0,2,-15.005563370025545,-17.2494643132274,-18.846581138506423,-7.5782471519464005,-3.4494630882490056,0.00026138633689702737,upper,0.1
500,phase2,upper,-15.0,2,-15.004754198684703,-17.2494643132274,-18.846581138506423,-7.5782471519464005,-3.4494630882490056,0.00024332727845873854,upper,0.1
501,phase2,upper,-15.0,2,-15.004011993016606,-17.2494643132274,-18.846581138506423,-7.5782471519464005,-3.4494630882490056,0.0002147673264123638,upper,0.1
502,phase2,upper,-15.0,2,-15.003345034678349,-17.2494643132274,-18.846581138506423,-7.5782471519464005,-3.4494630882490056,0.00018296568343636706,upper,0.1
503,phase2,lower,-20.0,4,-15.003345034678349,-17.659011326640208,-19.08025462575239,-7.525978548070919,-3.3879664714502558,0.002467465516019715,upper,0.1
504,phase2,upper,-15.0,2,-15.000698271276887,-17.659011326640208,-19.08025462575239,-7.525978548070919,-3.3879664714502558,0.0012710651438661326,upper,0.1
505,phase2,upper,-15.0,2,-14.999235145120123,-17.659011326640208,-19.08025462575239,-7.525978548070919,-3.3879664714502558,0.0006150449813452093,upper,0.1
506,phase2,upper,-15.0,2,-14.998444989137962,-17.659011326640208,-19.08025462575239,-7.525978548070919,-3.3879664714502558,0.00025713099955727907,upper,0.1
507,phase2,upper,-15.0,2,-14.998042144984023,-17.659011326640208,-19.08025462575239,-7.525978548070919,-3.3879664714502558,6.391550103159078e-05,upper,0.1
508,phase2,upper,-15.0,2,-14.997865344166366,-17.659011326640208,-19.08025462575239,-7.525978548070919,-3.3879664714502558,-3.815197297936455e-05,upper,0.1
509,phase2,upper,-15.0,2,-14.99782234324195,-17.659011326640208,-19.08025462575239,-7.525978548070919,-3.3879664714502558,-8.969453477762825e-05,upper,0.1
510,phase2,upper,-15.0,2,-14.997859426500336,-17.659011326640208,-19.08025462575239,-7.525978548070919,-3.3879664714502558,-0.00011320778884480983,upper,0.1
511,phase2,lower,-20.0,4,-14.997859426500336,-18.05123754356139,-19.280771907967242,-7.461873309299553,-3.3247306764599633,0.006758331356493272,upper,0.1
512,phase2,upper,-15.0,2,-14.991760191307083,-18.05123754356139,-19.280771907967242,-7.461873309299553,-3.3247306764599633,0.00324585883217503,upper,0.1
513,phase2,upper,-15.0,2,-14.989028957563566,-18.05123754356139,-19.280771907967242,-7.461873309299553,-3.3247306764599633,0.0013603800954678962,upper,0.1
514,phase2,upper,-15.0,2,-14.988131814175942,-18.05123754356139,-19.280771907967242,-7.461873309299553,-3.3247306764599633,0.00036690285653297785,upper,0.1
515,phase2,upper,-15.0,2,-14.988218635615496,-18.05123754356139,-19.280771907967242,-7.461873309299553,-3.3247306764599633,-0.00013873011408157385,upper,0.1
516,phase2,upper,-15.0,2,-14.988816968080165,-18.05123754356139,-19.280771907967242,-7.461873309299553,-3.3247306764599633,-0.0003788059048554955,upper,0.1
517,phase2,upper,-15.0,2,-14.989663525449672,-18.05123754356139,-19.280771907967242,-7.461873309299553,-3.3247306764599633,-0.00047559896601207966,upper,0.1
518,phase2,upper,-15.0,2,-14.990611324788446,-18.05123754356139,-19.280771907967242,-7.461873309299553,-3.3247306764599633,-0.0004963593056130183,upper,0.1
519,phase2,upper,-15.0,2,-14.991578413479683,-18.05123754356139,-19.280771907967242,-7.461873309299553,-3.3247306764599633,-0.0004780434376403455,upper,0.1
520,phase2,upper,-15.0,2,-14.992519479740908,-18.05123754356139,-19.280771907967242,-7.461873309299553,-3.3247306764599633,-0.0004409144349919054,upper,0.1
521,phase2,lower,-20.0,4,-14.992519479740908,-18.424587802993468,-19.44985725203348,-7.387231426604669,-3.2604054241396505,0.01062695281826755,upper,0.1
522,phase2,upper,-15.0,2,-14.983448984964252,-18.424587802993468,-19.44985725203348,-7.387231426604669,-3.2604054241396505,0.0050272299215589214,upper,0.1
523,phase2,upper,-15.0,2,-14.979694552765874,-18.424587802993468,-19.44985725203348,-7.387231426604669,-3.2604054241396505,0.0020361189362837406,upper,0.1
524,phase2,upper,-15.0,2,-14.978800142884017,-18.424587802993468,-19.44985725203348,-7.387231426604669,-3.2604054241396505,0.00047296360622709095,upper,0.1
525,phase2,upper,-15.0,2,-14.979408311674014,-18.424587802993468,-19.44985725203348,-7.387231426604669,-3.2604054241396505,-0.000311198303224132,upper,0.1
526,phase2,upper,-15.0,2,-14.980768141136885,-18.424587802993468,-19.44985725203348,-7.387231426604669,-3.2604054241396505,-0.0006730602292621387,upper,0.1
527,phase2,lower,-20.0,4,-14.980768141136885,-18.777720502103804,-19.589200972559112,-7.30328234121955,-3.195554040062098,0.014109484018090878,upper,0.1
528,phase2,upper,-15.0,2,-14.96916007411838,-18.777720502103804,-19.589200972559112,-7.30328234121955,-3.195554040062098,0.006434833576771096,upper,0.1
529,phase2,upper,-15.0,2,-14.964843816086768,-18.777720502103804,-19.589200972559112,-7.30328234121955,-3.195554040062098,0.0023606289730426218,upper,0.1
530,phase2,upper,-15.0,2,-14.964421291015467,-18.777720502103804,-19.589200972559112,-7.30328234121955,-3.195554040062098,0.00025520636979323933,upper,0.1
531,phase2,upper,-15.0,2,-14.966014492014727,-18.777720502103804,-19.589200972559112,-7.30328234121955,-3.195554040062098,-0.000778250342450701,upper,0.1
532,phase2,upper,-15.0,2,-14.968585122312186,-18.777720502103804,-19.589200972559112,-7.30328234121955,-3.195554040062098,-0.0012325894583261295,upper,0.1
533,phase2,lower,-20.0,4,-14.968585122312186,-19.10997787966183,-19.700795613486193,-7.211420260900364,-3.1308274967822287,0.017110840636931784,upper,0.1
534,phase2,upper,-15.0,2,-14.955050867585669,-19.10997787966183,-19.700795613486193,-7.211420260900364,-3.1308274967822287,0.007609760747666948,upper,0.1
535,phase2,upper,-15.0,2,-14.950520994414081,-19.10997787966183,-19.700795613486193,-7.211420260900364,-3.1308274967822287,0.0025890108290450263,upper,0.1
536,phase2,upper,-15.0,2,-14.950763579343857,-19.10997787966183,-19.700795613486193,-7.211420260900364,-3.1308274967822287,1.578765948690732e-05,upper,0.1
537,phase2,upper,-15.0,2,-14.953441682295544,-19.10997787966183,-19.700795613486193,-7.211420260900364,-3.1308274967822287,-0.0012270486004654054,upper,0.1
538,phase2,upper,-15.0,2,-14.957265358405333,-19.10997787966183,-19.700795613486193,-7.211420260900364,-3.1308274967822287,-0.0017532634321184965,upper,0.1
539,phase2,upper,-15.0,2,-14.96152463622854,-19.10997787966183,-19.700795613486193,-7.211420260900364,-3.1308274967822287,-0.0018998176634910096,upper,0.1
540,phase2,upper,-15.0,2,-14.965831949216229,-19.10997787966183,-19.700795613486193,-7.211420260900364,-3.1308274967822287,-0.0018513986301052598,upper,0.1
541,phase2,upper,-15.0,2,-14.969979780098006,-19.10997787966183,-19.700795613486193,-7.211420260900364,-3.1308274967822287,-0.001708885361943371,upper,0.1
542,phase2,upper,-15.0,2,-14.973861729807423,-19.10997787966183,-19.700795613486193,-7.211420260900364,-3.1308274967822287,-0.001527004664882071,upper,0.1
543,phase2,upper,-15.0,2,-14.977428545334858,-19.10997787966183,-19.700795613486193,-7.211420260900364,-3.1308274967822287,-0.00133505437195596,upper,0.1
544,phase2,upper,-15.0,2,-14.980663454714708,-19.10997787966183,-19.700795613486193,-7.211420260900364,-3.1308274967822287,-0.001148317842154637,upper,0.1
545,phase2,upper,-15.0,2,-14.983568197939345,-19.10997787966183,-19.700795613486193,-7.211420260900364,-3.1308274967822287,-0.000974358956211738,upper,0.1
546,phase2,upper,-15.0,2,-14.98615501154791,-19.10997787966183,-19.700795613486193,-7.211420260900364,-3.1308274967822287,-0.0008164998010457636,upper,0.1
547,phase2,upper,-15.0,2,-14.988441951180814,-19.10997787966183,-19.700795613486193,-7.211420260900364,-3.1308274967822287,-0.0006757464729984794,upper,0.1
548,phase2,lower,-20.0,4,-14.988441951180814,-19.419667824869965,-19.785735877318857,-7.112362309332606,-3.066369669863655,0.019994329423739764,upper,0.1
549,phase2,upper,-15.0,2,-14.971847037363835,-19.419667824869965,-19.785735877318857,-7.112362309332606,-3.066369669863655,0.00957647839285164,upper,0.1
550,phase2,upper,-15.0,2,-14.96504141985635,-19.419667824869965,-19.785735877318857,-7.112362309332606,-3.066369669863655,0.004011074707559548,upper,0.1
551,phase2,upper,-15.0,2,-14.963471074351624,-19.419667824869965,-19.785735877318857,-7.112362309332606,-3.066369669863655,0.0011002351582815703,upper,0.1
552,phase2,upper,-15.0,2,-14.964625514700138,-19.419667824869965,-19.785735877318857,-7.112362309332606,-3.066369669863655,-0.0003637338627062196,upper,0.1
553,phase2,upper,-15.0,2,-14.96712149797886,-19.419667824869965,-19.785735877318857,-7.112362309332606,-3.066369669863655,-0.0010442880995160078,upper,0.1
554,phase2,upper,-15.0,2,-14.970198732364622,-19.419667824869965,-19.785735877318857,-7.112362309332606,-3.066369669863655,-0.001305692470739231,upper,0.1
555,phase2,upper,-15.0,2,-14.973442054034368,-19.419667824869965,-19.785735877318857,-7.112362309332606,-3.066369669863655,-0.0013476894795763526,upper,0.1
556,phase2,upper,-15.0,2,-14.97662813366054,-19.419667824869965,-19.785735877318857,-7.112362309332606,-3.066369669863655,-0.0012795219054516664,upper,0.1
557,phase2,upper,-15.0,2,-14.979640697790348,-19.419667824869965,-19.785735877318857,-7.112362309332606,-3.066369669863655,-0.001160632226513903,upper,0.1
558,phase2,lower,-20.0,4,-14.979640697790348,-19.707319199118718,-19.846513556239056,-7.007762484053259,-3.0029905086789115,0.022235018916870415,upper,0.1
559,phase2,upper,-15.0,2,-14.961367394718236,-19.707319199118718,-19.846513556239056,-7.007762484053259,-3.0029905086789115,0.010440819458753369,upper,0.1
560,phase2,upper,-15.0,2,-14.9542120986774,-19.707319199118718,-19.846513556239056,-7.007762484053259,-3.0029905086789115,0.004158753108820031,upper,0.1
561,phase2,upper,-15.0,2,-14.952991121155046,-19.707319199118718,-19.846513556239056,-7.007762484053259,-3.0029905086789115,0.0008911230084462914,upper,0.1
562,phase2,upper,-15.0,2,-14.954844887322515,-19.707319199118718,-19.846513556239056,-7.007762484053259,-3.0029905086789115,-0.0007345961724535634,upper,0.1
563,phase2,upper,-15.0,2,-14.958196500463085,-19.707319199118718,-19.846513556239056,-7.007762484053259,-3.0029905086789115,-0.0014724626121442735,upper,0.1
564,phase2,upper,-15.0,2,-14.962178457980228,-19.707319199118718,-19.846513556239056,-7.007762484053259,-3.0029905086789115,-0.0017365049610990398,upper,0.1
565,phase2,upper,-15.0,2,-14.966316715894516,-19.707319199118718,-19.846513556239056,-7.007762484053259,-3.0029905086789115,-0.0017537473810947974,upper,0.1
566,phase2,upper,-15.0,2,-14.97035627697632,-19.707319199118718,-19.846513556239056,-7.007762484053259,-3.0029905086789115,-0.001648327780407327,upper,0.1
567,phase2,upper,-15.0,2,-14.974164656479354,-19.707319199118718,-19.846513556239056,-7.007762484053259,-3.0029905086789115,-0.0014877526980498735,upper,0.1
568,phase2,upper,-15.0,2,-14.977678245769818,-19.707319199118718,-19.846513556239056,-7.007762484053259,-3.0029905086789115,-0.0013083440600641638,upper,0.1
569,phase2,upper,-15.0,2,-14.98087234354629,-19.707319199118718,-19.846513556239056,-7.007762484053259,-3.0029905086789115,-0.001129248285319684,upper,0.1
570,phase2,upper,-15.0,2,-14.983744277632994,-19.707319199118718,-19.846513556239056,-7.007762484053259,-3.0029905086789115,-0.0009601563967255243,upper,0.1
571,phase2,upper,-15.0,2,-14.98630379524182,-19.707319199118718,-19.846513556239056,-7.007762484053259,-3.0029905086789115,-0.0008055643887460307,upper,0.1
572,phase2,upper,-15.0,2,-14.988567512849066,-19.707319199118718,-19.846513556239056,-7.007762484053259,-3.0029905086789115,-0.000667128824067144,upper,0.1
573,phase2,upper,-15.0,2,-14.990555653486462,-19.707319199118718,-19.846513556239056,-7.007762484053259,-3.0029905086789115,-0.0005449725157047264,upper,0.1
574,phase2,upper,-15.0,2,-14.992290089467229,-19.707319199118718,-19.846513556239056,-7.007762484053259,-3.0029905086789115,-0.000438410463604519,upper,0.1
575,phase2,upper,-15.0,2,-14.99379314360434,-19.707319199118718,-19.846513556239056,-7.007762484053259,-3.0029905086789115,-0.00034635481836134754,upper,0.1
576,phase2,upper,-15.0,2,-14.995086841827003,-19.707319199118718,-19.846513556239056,-7.007762484053259,-3.0029905086789115,-0.00026754145311428453,upper,0.1
577,phase2,lower,-20.0,4,-14.995086841827003,-19.971479422138554,-19.884065247778185,-6.8981377666972055,-2.9406593506028798,0.024448020866698866,upper,0.1
578,phase2,upper,-15.0,2,-14.973948436569673,-19.971479422138554,-19.884065247778185,-6.8981377666972055,-2.9406593506028798,0.011909968696535447,upper,0.1
579,phase2,upper,-15.0,2,-14.964653893671192,-19.971479422138554,-19.884065247778185,-6.8981377666972055,-2.9406593506028798,0.005182536361948816,upper,0.1
580,phase2,upper,-15.0,2,-14.961749698458338,-19.971479422138554,-19.884065247778185,-6.8981377666972055,-2.9406593506028798,0.0016374675036516099,upper,0.1
581,phase2,upper,-15.0,2,-14.96222495962328,-19.971479422138554,-19.884065247778185,-6.8981377666972055,-2.9406593506028798,-0.00016974159682004006,upper,0.1
582,phase2,upper,-15.0,2,-14.964416249744808,-19.971479422138554,-19.884065247778185,-6.8981377666972055,-2.9406593506028798,-0.001032957552148355,upper,0.1
583,phase2,upper,-15.0,2,-14.967404937182385,-19.971479422138554,-19.884065247778185,-6.8981377666972055,-2.9406593506028798,-0.0013883494005505364,upper,0.1
584,phase2,upper,-15.0,2,-14.970685213496337,-19.971479422138554,-19.884065247778185,-6.8981377666972055,-2.9406593506028798,-0.0014753745239871833,upper,0.1
585,phase2,upper,-15.0,2,-14.973980955815096,-19.971479422138554,-19.884065247778185,-6.8981377666972055,-2.9406593506028798,-0.0014252656396183834,upper,0.1
586,phase2,upper,-15.0,2,-14.97714446528305,-19.971479422138554,-19.884065247778185,-6.8981377666972055,-2.9406593506028798,-0.0013096821536533135,upper,0.1
587,phase2,upper,-15.0,2,-14.980100284605347,-19.971479422138554,-19.884065247778185,-6.8981377666972055,-2.9406593506028798,-0.001167470812237718,upper,0.1
588,phase2,upper,-15.0,2,-14.982813868417958,-19.971479422138554,-19.884065247778185,-6.8981377666972055,-2.9406593506028798,-0.0010193947524923391,upper,0.1
589,phase2,upper,-15.0,2,-14.985273984424698,-19.971479422138554,-19.884065247778185,-6.8981377666972055,-2.9406593506028798,-0.0008762479105277782,upper,0.1
590,phase2,upper,-15.0,2,-14.98748272562497,-19.971479422138554,-19.884065247778185,-6.8981377666972055,-2.9406593506028798,-0.000743331316145956,upper,0.1
591,phase2,upper,-15.0,2,-14.989449762924488,-19.971479422138554,-19.884065247778185,-6.8981377666972055,-2.9406593506028798,-0.0006229270558135083,upper,0.1
592,phase2,upper,-15.0,2,-14.99118897842103,-19.971479422138554,-19.884065247778185,-6.8981377666972055,-2.9406593506028798,-0.0005156690664460937,upper,0.1
593,phase2,upper,-15.0,2,-14.992716450529079,-19.971479422138554,-19.884065247778185,-6.8981377666972055,-2.9406593506028798,-0.00042130519458551607,upper,0.1
594,phase2,upper,-15.0,2,-14.9940492193024,-19.971479422138554,-19.884065247778185,-6.8981377666972055,-2.9406593506028798,-0.000339122560636969,upper,0.1
595,phase2,upper,-15.0,2,-14.995204512180637,-19.971479422138554,-19.884065247778185,-6.8981377666972055,-2.9406593506028798,-0.00026818604401045024,upper,0.1
596,phase2,upper,-15.0,2,-14.996199249406505,-19.971479422138554,-19.884065247778185,-6.8981377666972055,-2.9406593506028798,-0.00020747251538280793,upper,0.1
597,phase2,upper,-15.0,2,-14.99704972533859,-19.971479422138554,-19.884065247778185,-6.8981377666972055,-2.9406593506028798,-0.00015594649020078506,upper,0.1
598,phase2,upper,-15.0,2,-14.997771404730424,-19.971479422138554,-19.884065247778185,-6.8981377666972055,-2.9406593506028798,-0.00011260254048177124,upper,0.1
599,phase2,upper,-15.0,2,-14.998378797092627,-19.971479422138554,-19.884065247778185,-6.8981377666972055,-2.9406593506028798,-7.648859610406673e-05,upper,0.1
600,phase2,upper,-15.0,2,-14.998885385925886,-19.971479422138554,-19.884065247778185,-6.8981377666972055,-2.9406593506028798,-4.6718080603354485e-05,upper,0.1
601,phase2,upper,-15.0,2,-14.999303597538432,-19.971479422138554,-19.884065247778185,-6.8981377666972055,-2.9406593506028798,-2.2475401118753058e-05,upper,0.1
602,phase2,upper,-15.0,2,-14.999644798888188,-19.971479422138554,-19.884065247778185,-6.8981377666972055,-2.9406593506028798,-3.017406407940709e-06,upper,0.1
603,phase2,upper,-15.0,2,-14.999919316817934,-19.971479422138554,-19.884065247778185,-6.8981377666972055,-2.9406593506028798,1.2327641263910102e-05,upper,0.1
604,phase2,upper,-15.0,2,-15.000136472954253,-19.971479422138554,-19.884065247778185,-6.8981377666972055,-2.9406593506028798,2.4162639968387708e-05,upper,0.1
605,phase2,upper,-15.0,2,-15.000304629844544,-19.971479422138554,-19.884065247778185,-6.8981377666972055,-2.9406593506028798,3.302517617575785e-05,upper,0.1
606,phase2,upper,-15.0,2,-15.000431244848922,-19.971479422138554,-19.884065247778185,-6.8981377666972055,-2.9406593506028798,3.939162132671917e-05,upper,0.1
607,phase2,upper,-15.0,2,-15.000522929018288,-19.971479422138554,-19.884065247778185,-6.8981377666972055,-2.9406593506028798,4.368153648812818e-05,upper,0.1
608,phase2,upper,-15.0,2,-15.000585508752554,-19.971479422138554,-19.884065247778185,-6.8981377666972055,-2.9406593506028798,4.626220396728251e-05,upper,0.1
609,phase2,upper,-15.0,2,-15.00062408848813,-19.971479422138554,-19.884065247778185,-6.8981377666972055,-2.9406593506028798,4.745315724394756e-05,upper,0.1
610,phase2,upper,-15.0,2,-15.000643113038329,-19.971479422138554,-19.884065247778185,-6.8981377666972055,-2.9406593506028798,4.753061694801097e-05,upper,0.1
611,phase2,upper,-15.0,2,-15.00064642852139,-19.971479422138554,-19.884065247778185,-6.8981377666972055,-2.9406593506028798,4.673176690270397e-05,upper,0.1
612,phase2,upper,-15.0,2,-15.000637341070139,-19.971479422138554,-19.884065247778185,-6.8981377666972055,-2.9406593506028798,4.525882393047574e-05,upper,0.1
613,phase2,upper,-15.0,2,-15.000618672733014,-19.971479422138554,-19.884065247778185,-6.8981377666972055,-2.9406593506028798,4.328287022722178e-05,upper,0.1
614,phase2,upper,-15.0,2,-15.000592814155203,-19.971479422138554,-19.884065247778185,-6.8981377666972055,-2.9406593506028798,4.0947428887197905e-05,upper,0.1
615,phase2,upper,-15.0,2,-15.000561773775832,-19.971479422138554,-19.884065247778185,-6.8981377666972055,-2.9406593506028798,3.837177240722601e-05,upper,0.1
616,phase2,upper,-15.0,2,-15.000527223397274,-19.971479422138554,-19.884065247778185,-6.8981377666972055,-2.9406593506028798,3.565396124924125e-05,upper,0.1
617,phase2,lower,-20.0,4,-15.000527223397274,-20.21270591613739,-19.900589854966768,-6.784852031806264,-2.879964973010989,0.02615301359822179,upper,0.1
618,phase2,upper,-15.0,2,-14.976984916406106,-20.21270591613739,-19.900589854966768,-6.784852031806264,-2.879964973010989,0.012830379837297748,upper,0.1
619,phase2,upper,-15.0,2,-14.966134633825178,-20.21270591613739,-19.900589854966768,-6.784852031806264,-2.879964973010989,0.005659168946996661,upper,0.1
620,phase2,upper,-15.0,2,-14.962194420882899,-20.21270591613739,-19.900589854966768,-6.784852031806264,-2.879964973010989,0.0018608053186854334,upper,0.1
621,phase2,upper,-15.0,2,-14.961964710663384,-20.21270591613739,-19.900589854966768,-6.784852031806264,-2.879964973010989,-9.232145629990273e-05,upper,0.1
622,phase2,upper,-15.0,2,-14.963671124555988,-20.21270591613739,-19.900589854966768,-6.784852031806264,-2.879964973010989,-0.0010401969813112445,upper,0.1
623,phase2,upper,-15.0,2,-14.966327651482475,-20.21270591613739,-19.900589854966768,-6.784852031806264,-2.879964973010989,-0.0014447313162652552,upper,0.1
624,phase2,upper,-15.0,2,-14.969385842258072,-20.21270591613739,-19.900589854966768,-6.784852031806264,-2.879964973010989,-0.0015598748673093749,upper,0.1
625,phase2,upper,-15.0,2,-14.97254125563101,-20.21270591613739,-19.900589854966768,-6.784852031806264,-2.879964973010989,-0.0015251260779270749,upper,0.1
626,phase2,upper,-15.0,2,-14.975626406052827,-20.21270591613739,-19.900589854966768,-6.784852031806264,-2.879964973010989,-0.0014169457836025008,upper,0.1
627,phase2,upper,-15.0,2,-14.978551334356698,-20.21270591613739,-19.900589854966768,-6.784852031806264,-2.879964973010989,-0.001277040313503901,upper,0.1
628,phase2,upper,-15.0,2,-14.981270432002733,-20.21270591613739,-19.900589854966768,-6.784852031806264,-2.879964973010989,-0.0011279312001667853,upper,0.1
629,phase2,upper,-15.0,2,-14.98376376929878,-20.21270591613739,-19.900589854966768,-6.784852031806264,-2.879964973010989,-0.0009815353985690397,upper,0.1
630,phase2,upper,-15.0,2,-14.986026463446608,-20.21270591613739,-19.900589854966768,-6.784852031806264,-2.879964973010989,-0.000843901160315078,upper,0.1
631,phase2,upper,-15.0,2,-14.988062526605239,-20.21270591613739,-19.900589854966768,-6.784852031806264,-2.879964973010989,-0.0007178279748647762,upper,0.1
632,phase2,upper,-15.0,2,-14.989881230415389,-20.21270591613739,-19.900589854966768,-6.784852031806264,-2.879964973010989,-0.0006043206325771135,upper,0.1
633,phase2,upper,-15.0,2,-14.991494901052636,-20.21270591613739,-19.900589854966768,-6.784852031806264,-2.879964973010989,-0.0005033998113875618,upper,0.1
634,phase2,upper,-15.0,2,-14.99291754169183,-20.21270591613739,-19.900589854966768,-6.784852031806264,-2.879964973010989,-0.0004145566031959028,upper,0.1
635,phase2,upper,-15.0,2,-14.994163945158268,-20.21270591613739,-19.900589854966768,-6.784852031806264,-2.879964973010989,-0.00033700925769050125,upper,0.1
636,phase2,upper,-15.0,2,-14.99524910623197,-20.21270591613739,-19.900589854966768,-6.784852031806264,-2.879964973010989,-0.00026984943475994713,upper,0.1
637,phase2,upper,-15.0,2,-14.996187824239167,-20.21270591613739,-19.900589854966768,-6.784852031806264,-2.879964973010989,-0.00021212621964110666,upper,0.1
638,phase2,upper,-15.0,2,-14.996994431697447,-20.21270591613739,-19.900589854966768,-6.784852031806264,-2.879964973010989,-0.00016289467299497403,upper,0.1
639,phase2,upper,-15.0,2,-14.997682610075538,-20.21270591613739,-19.900589854966768,-6.784852031806264,-2.879964973010989,-0.00012124385332851114,upper,0.1
640,phase2,upper,-15.0,2,-14.99826526808396,-20.21270591613739,-19.900589854966768,-6.784852031806264,-2.879964973010989,-8.63127172264978e-05,upper,0.1
641,phase2,upper,-15.0,2,-14.998754466217601,-20.21270591613739,-19.900589854966768,-6.784852031806264,-2.879964973010989,-5.7298686989846906e-05,upper,0.1
642,phase2,upper,-15.0,2,-14.999161376212777,-20.21270591613739,-19.900589854966768,-6.784852031806264,-2.879964973010989,-3.346166417736722e-05,upper,0.1
643,phase2,upper,-15.0,2,-14.999496267137095,-20.21270591613739,-19.900589854966768,-6.784852031806264,-2.879964973010989,-1.412514067331694e-05,upper,0.1
644,phase2,upper,-15.0,2,-14.999768511814406,-20.21270591613739,-19.900589854966768,-6.784852031806264,-2.879964973010989,1.32457974623892e-06,upper,0.1
645,phase2,upper,-15.0,2,-14.999986608648396,-20.21270591613739,-19.900589854966768,-6.784852031806264,-2.879964973010989,1.344040452643563e-05,upper,0.1
646,phase2,upper,-15.0,2,-15.000158214896246,-20.21270591613739,-19.900589854966768,-6.784852031806264,-2.879964973010989,2.2717292743046912e-05,upper,0.1
647,phase2,upper,-15.0,2,-15.000290188197278,-20.21270591613739,-19.900589854966768,-6.784852031806264,-2.879964973010989,2.959561813648864e-05,upper,0.1
648,phase2,upper,-15.0,2,-15.000388633759838,-20.21270591613739,-19.900589854966768,-6.784852031806264,-2.879964973010989,3.4464844504721085e-05,upper,0.1
649,phase2,upper,-15.0,2,-15.000458955098317,-20.21270591613739,-19.900589854966768,-6.784852031806264,-2.879964973010989,3.766735947046874e-05,upper,0.1
650,phase2,upper,-15.0,2,-15.000505906618685,-20.21270591613739,-19.900589854966768,-6.784852031806264,-2.879964973010989,3.950235204018259e-05,upper,0.1
651,phase2,upper,-15.0,2,-15.000533646692569,-20.21270591613739,-19.900589854966768,-6.784852031806264,-2.879964973010989,4.0229648225000855e-05,upper,0.1
652,phase2,lower,-20.0,4,-15.000533646692569,-20.43145810333693,-19.89806359432073,-6.6690716698704104,-2.821332365882989,0.02744925683347442,upper,0.1
653,phase2,upper,-15.0,2,-14.975877665681484,-20.43145810333693,-19.89806359432073,-6.6690716698704104,-2.821332365882989,0.013470496761693432,upper,0.1
654,phase2,upper,-15.0,2,-14.964529997628526,-20.43145810333693,-19.89806359432073,-6.6690716698704104,-2.821332365882989,0.005946693496605338,upper,0.1
655,phase2,upper,-15.0,2,-14.960424469497266,-20.43145810333693,-19.89806359432073,-6.6690716698704104,-2.821332365882989,0.0019619643836039785,upper,0.1
656,phase2,upper,-15.0,2,-14.960204814505115,-20.43145810333693,-19.89806359432073,-6.6690716698704104,-2.821332365882989,-8.675320133765853e-05,upper,0.1
657,phase2,upper,-15.0,2,-14.962010256141912,-20.43145810333693,-19.89806359432073,-6.6690716698704104,-2.821332365882989,-0.0010809018954986219,upper,0.1
658,phase2,upper,-15.0,2,-14.96480720719225,-20.43145810333693,-19.89806359432073,-6.6690716698704104,-2.821332365882989,-0.0015051617035420027,upper,0.1
659,phase2,upper,-15.0,2,-14.968021129050648,-20.43145810333693,-19.89806359432073,-6.6690716698704104,-2.821332365882989,-0.0016259781496990539,upper,0.1
660,phase2,upper,-15.0,2,-14.971333419468408,-20.43145810333693,-19.89806359432073,-6.6690716698704104,-2.821332365882989,-0.0015896935143602069,upper,0.1
661,phase2,upper,-15.0,2,-14.974569079569452,-20.43145810333693,-19.89806359432073,-6.6690716698704104,-2.821332365882989,-0.0014765030035535287,upper,0.1
662,phase2,upper,-15.0,2,-14.977634358373903,-20.43145810333693,-19.89806359432073,-6.6690716698704104,-2.821332365882989,-0.0013301357355449172,upper,0.1
663,phase2,upper,-15.0,2,-14.980481948544838,-20.43145810333693,-19.89806359432073,-6.6690716698704104,-2.821332365882989,-0.0011741936383948266,upper,0.1
664,phase2,upper,-15.0,2,-14.983091402614193,-20.43145810333693,-19.89806359432073,-6.6690716698704104,-2.821332365882989,-0.0010211552449363756,upper,0.1
665,phase2,upper,-15.0,2,-14.98545798581125,-20.43145810333693,-19.89806359432073,-6.6690716698704104,-2.821332365882989,-0.0008773450786977851,upper,0.1
666,phase2,upper,-15.0,2,-14.987586229619483,-20.43145810333693,-19.89806359432073,-6.6690716698704104,-2.821332365882989,-0.0007456825228580405,upper,0.1
667,phase2,upper,-15.0,2,-14.98948612540215,-20.43145810333693,-19.89806359432073,-6.6690716698704104,-2.821332365882989,-0.0006272072115273274,upper,0.1
668,phase2,upper,-15.0,2,-14.991170818478716,-20.43145810333693,-19.89806359432073,-6.6690716698704104,-2.821332365882989,-0.0005219291788266518,upper,0.1
669,phase2,upper,-15.0,2,-14.992655169737708,-20.43145810333693,-19.89806359432073,-6.6690716698704104,-2.821332365882989,-0.0004293053934392685,upper,0.1
670,phase2,upper,-15.0,2,-14.993954830922572,-20.43145810333693,-19.89806359432073,-6.6690716698704104,-2.821332365882989,-0.00034850878088471505,upper,0.1
671,phase2,upper,-15.0,2,-14.995085633677915,-20.43145810333693,-19.89806359432073,-6.6690716698704104,-2.821332365882989,-0.0002785813382271309,upper,0.1
672,phase2,upper,-15.0,2,-14.996063177629066,-20.43145810333693,-19.89806359432073,-6.6690716698704104,-2.821332365882989,-0.00021852197818662667,upper,0.1
673,phase2,upper,-15.0,2,-14.996902550134084,-20.43145810333693,-19.89806359432073,-6.6690716698704104,-2.821332365882989,-0.0001673371952211205,upper,0.1
674,phase2,upper,-15.0,2,-14.997618136893365,-20.43145810333693,-19.89806359432073,-6.6690716698704104,-2.821332365882989,-0.00012407022611340688,upper,0.1
675,phase2,upper,-15.0,2,-14.998223497666777,-20.43145810333693,-19.89806359432073,-6.6690716698704104,-2.821332365882989,-8.781752270263057e-05,upper,0.1
676,phase2,upper,-15.0,2,-14.998731290062487,-20.43145810333693,-19.89806359432073,-6.6690716698704104,-2.821332365882989,-5.773755984600943e-05,upper,0.1
677,phase2,upper,-15.0,2,-14.999153229545671,-20.43145810333693,-19.89806359432073,-6.6690716698704104,-2.821332365882989,-3.3054891310782246e-05,upper,0.1
678,phase2,upper,-15.0,2,-14.99950007701991,-20.43145810333693,-19.89806359432073,-6.6690716698704104,-2.821332365882989,-1.3061183886755462e-05,upper,0.1
679,phase2,upper,-15.0,2,-14.99978164741348,-20.43145810333693,-19.89806359432073,-6.6690716698704104,-2.821332365882989,2.885710019224198e-06,upper,0.1
680,phase2,upper,-15.0,2,-15.000006834128614,-20.43145810333693,-19.89806359432073,-6.6690716698704104,-2.821332365882989,1.5363967187429032e-05,upper,0.1
681,phase2,upper,-15.0,2,-15.000183645245565,-20.43145810333693,-19.89806359432073,-6.6690716698704104,-2.821332365882989,2.48908496479673e-05,upper,0.1
682,phase2,upper,-15.0,2,-15.000319248161205,-20.43145810333693,-19.89806359432073,-6.6690716698704104,-2.821332365882989,3.192629492353684e-05,upper,0.1
683,phase2,upper,-15.0,2,-15.000420019966885,-20.43145810333693,-19.89806359432073,-6.6690716698704104,-2.821332365882989,3.687682174876782e-05,upper,0.1
684,phase2,upper,-15.0,2,-15.000491601380272,-20.43145810333693,-19.89806359432073,-6.6690716698704104,-2.821332365882989,4.009959142989403e-05,upper,0.1
685,phase2,upper,-15.0,2,-15.000538952469801,-20.43145810333693,-19.89806359432073,-6.6690716698704104,-2.821332365882989,4.1906506172346735e-05,upper,0.1
686,phase2,upper,-15.0,2,-15.000566408766355,-20.43145810333693,-19.89806359432073,-6.6690716698704104,-2.821332365882989,4.256825580823882e-05,upper,0.1
687,phase2,upper,-15.0,2,-15.00057773665689,-20.43145810333693,-19.89806359432073,-6.6690716698704104,-2.821332365882989,4.231824720530857e-05,upper,0.1
688,phase2,upper,-15.0,2,-15.000576187207919,-20.43145810333693,-19.89806359432073,-6.6690716698704104,-2.821332365882989,4.135636845353477e-05,upper,0.1
689,phase2,upper,-15.0,2,-15.000564547779513,-20.43145810333693,-19.89806359432073,-6.6690716698704104,-2.821332365882989,3.985255406794612e-05,upper,0.1
690,phase2,upper,-15.0,2,-15.000545190968468,-20.43145810333693,-19.89806359432073,-6.6690716698704104,-2.821332365882989,3.795012876418918e-05,upper,0.1
691,phase2,upper,-15.0,2,-15.000520120567005,-20.43145810333693,-19.89806359432073,-6.6690716698704104,-2.821332365882989,3.576891644661589e-05,upper,0.1
692,phase2,upper,-15.0,2,-15.000491014344822,-20.43145810333693,-19.89806359432073,-6.6690716698704104,-2.821332365882989,3.340810830482535e-05,upper,0.1
693,phase2,upper,-15.0,2,-15.000459263561188,-20.43145810333693,-19.89806359432073,-6.6690716698704104,-2.821332365882989,3.094888965974067e-05,upper,0.1
694,phase2,upper,-15.0,2,-15.000426009192918,-20.43145810333693,-19.89806359432073,-6.6690716698704104,-2.821332365882989,2.845682968693496e-05,upper,0.1
695,phase2,lower,-20.0,4,-15.000426009192918,-20.62809304128859,-19.878244822329556,-6.551771251829211,-2.7650416267373106,0.0284291396322297,upper,0.1
696,phase2,upper,-15.0,2,-14.974831560404333,-20.62809304128859,-19.878244822329556,-6.551771251829211,-2.7650416267373106,0.013942318614818094,upper,0.1
697,phase2,upper,-15.0,2,-14.963039999809247,-20.62809304128859,-19.878244822329556,-6.551771251829211,-2.7650416267373106,0.006144770287633399,upper,0.1
698,phase2,upper,-15.0,2,-14.958763480681807,-20.62809304128859,-19.878244822329556,-6.551771251829211,-2.7650416267373106,0.0020149771070464796,upper,0.1
699,phase2,upper,-15.0,2,-14.95852238129183,-20.62809304128859,-19.878244822329556,-6.551771251829211,-2.7650416267373106,-0.00010824259652009107,upper,0.1
700,phase2,upper,-15.0,2,-14.960386927469035,-20.62809304128859,-19.878244822329556,-6.551771251829211,-2.7650416267373106,-0.001138325927909605,upper,0.1
701,phase2,upper,-15.0,2,-14.963284689165087,-20.62809304128859,-19.878244822329556,-6.551771251829211,-2.7650416267373106,-0.0015775777281205505,upper,0.1
702,phase2,upper,-15.0,2,-14.966619097980146,-20.62809304128859,-19.878244822329556,-6.551771251829211,-2.7650416267373106,-0.0017021594144490458,upper,0.1
703,phase2,upper,-15.0,2,-14.970058964949853,-20.62809304128859,-19.878244822329556,-6.551771251829211,-2.7650416267373106,-0.0016637720589724385,upper,0.1
704,phase2,upper,-15.0,2,-14.973422063250709,-20.62809304128859,-19.878244822329556,-6.551771251829211,-2.7650416267373106,-0.0015455660501006209,upper,0.1
705,phase2,upper,-15.0,2,-14.976610497952024,-20.62809304128859,-19.878244822329556,-6.551771251829211,-2.7650416267373106,-0.001392897193967849,upper,0.1
706,phase2,upper,-15.0,2,-14.979574625197632,-20.62809304128859,-19.878244822329556,-6.551771251829211,-2.7650416267373106,-0.001230257907090149,upper,0.1
707,phase2,upper,-15.0,2,-14.982292743960903,-20.62809304128859,-19.878244822329556,-6.551771251829211,-2.7650416267373106,-0.001070607820325071,upper,0.1
708,phase2,upper,-15.0,2,-14.984759531040707,-20.62809304128859,-19.878244822329556,-6.551771251829211,-2.7650416267373106,-0.0009205239093962316,upper,0.1
709,phase2,upper,-15.0,2,-14.986979348222736,-20.62809304128859,-19.878244822329556,-6.551771251829211,-2.7650416267373106,-0.0007830496746615092,upper,0.1
710,phase2,upper,-15.0,2,-14.988962286337745,-20.62809304128859,-19.878244822329556,-6.551771251829211,-2.7650416267373106,-0.0006592764871989016,upper,0.1
711,phase2,upper,-15.0,2,-14.990721765301043,-20.62809304128859,-19.878244822329556,-6.551771251829211,-2.7650416267373106,-0.0005492251773614766,upper,0.1
712,phase2,upper,-15.0,2,-14.992273034245361,-20.62809304128859,-19.878244822329556,-6.551771251829211,-2.7650416267373106,-0.0004523404122534806,upper,0.1
713,phase2,upper,-15.0,2,-14.993632205001031,-20.62809304128859,-19.878244822329556,-6.551771251829211,-2.7650416267373106,-0.00036776998002563627,upper,0.1
714,phase2,upper,-15.0,2,-14.99481561169557,-20.62809304128859,-19.878244822329556,-6.551771251829211,-2.7650416267373106,-0.0002945239060553462,upper,0.1
715,phase2,upper,-15.0,2,-14.995839377511798,-20.62809304128859,-19.878244822329556,-6.551771251829211,-2.7650416267373106,-0.0002315658760300053,upper,0.1
716,phase2,upper,-15.0,2,-14.99671911872455,-20.62809304128859,-19.878244822329556,-6.551771251829211,-2.7650416267373106,-0.00017786608071156674,upper,0.1
717,phase2,upper,-15.0,2,-14.997469743644837,-20.62809304128859,-19.878244822329556,-6.551771251829211,-2.7650416267373106,-0.00013243172752406865,upper,0.1
718,phase2,upper,-15.0,2,-14.998105319713387,-20.62809304128859,-19.878244822329556,-6.551771251829211,-2.7650416267373106,-9.432436090166504e-05,upper,0.1
719,phase2,upper,-15.0,2,-14.998638991019,-20.62809304128859,-19.878244822329556,-6.551771251829211,-2.7650416267373106,-6.266920116796334e-05,upper,0.1
720,phase2,upper,-15.0,2,-14.999082933893098,-20.62809304128859,-19.878244822329556,-6.551771251829211,-2.7650416267373106,-3.665952462819679e-05,upper,0.1
721,phase2,upper,-15.0,2,-14.999448341557091,-20.62809304128859,-19.878244822329556,-6.551771251829211,-2.7650416267373106,-1.555788201043031e-05,upper,0.1
722,phase2,upper,-15.0,2,-14.999745430958747,-20.62809304128859,-19.878244822329556,-6.551771251829211,-2.7650416267373106,1.3047422336623897e-06,upper,0.1
723,phase2,upper,-15.0,2,-14.999983466415939,-20.62809304128859,-19.878244822329556,-6.551771251829211,-2.7650416267373106,1.4531127725141173e-05,upper,0.1
724,phase2,upper,-15.0,2,-15.000170795762182,-20.62809304128859,-19.878244822329556,-6.551771251829211,-2.7650416267373106,2.4660907571083808e-05,upper,0.1
725,phase2,upper,-15.0,2,-15.000314895509366,-20.62809304128859,-19.878244822329556,-6.551771251829211,-2.7650416267373106,3.217422833511167e-05,upper,0.1
726,phase2,upper,-15.0,2,-15.000422422195173,-20.62809304128859,-19.878244822329556,-6.551771251829211,-2.7650416267373106,3.749575138298359e-05,upper,0.1
727,phase2,upper,-15.0,2,-15.000499267615313,-20.62809304128859,-19.878244822329556,-6.551771251829211,-2.7650416267373106,4.099882770739851e-05,upper,0.1
728,phase2,upper,-15.0,2,-15.000550616083922,-20.62809304128859,-19.878244822329556,-6.551771251829211,-2.7650416267373106,4.300972125502531e-05,upper,0.1
729,phase2,upper,-15.0,2,-15.00058100223799,-20.62809304128859,-19.878244822329556,-6.551771251829211,-2.7650416267373106,4.3811787220308774e-05,upper,0.1
730,phase2,upper,-15.0,2,-15.00059436821607,-20.62809304128859,-19.878244822329556,-6.551771251829211,-2.7650416267373106,4.364953566967841e-05,upper,0.1
731,phase2,upper,-15.0,2,-15.000594119306943,-20.62809304128859,-19.878244822329556,-6.551771251829211,-2.7650416267373106,4.273252952802694e-05,upper,0.1
732,phase2,upper,-15.0,2,-15.000583177387218,-20.62809304128859,-19.878244822329556,-6.551771251829211,-2.7650416267373106,4.123908079376464e-05,upper,0.1
733,phase2,upper,-15.0,2,-15.000564031653848,-20.62809304128859,-19.878244822329556,-6.551771251829211,-2.7650416267373106,3.931972074656878e-05,upper,0.1
734,phase2,upper,-15.0,2,-15.000538786312823,-20.62809304128859,-19.878244822329556,-6.551771251829211,-2.7650416267373106,3.7100429469555155e-05,upper,0.1
735,phase2,upper,-15.0,2,-15.000509205013346,-20.62809304128859,-19.878244822329556,-6.551771251829211,-2.7650416267373106,3.468561765898298e-05,upper,0.1
736,phase2,upper,-15.0,2,-15.000476751920909,-20.62809304128859,-19.878244822329556,-6.551771251829211,-2.7650416267373106,3.2160859764235667e-05,upper,0.1
737,phase2,lower,-20.0,4,-15.000476751920909,-20.8030792746189,-19.842831302025974,-6.433847188639031,-2.7113199937094046,0.02912039241092213,upper,0.1
738,phase2,upper,-15.0,2,-14.9742632210104,-20.8030792746189,-19.842831302025974,-6.433847188639031,-2.7113199937094046,0.014282828842317966,upper,0.1
739,phase2,upper,-15.0,2,-14.962185876136656,-20.8030792746189,-19.842831302025974,-6.433847188639031,-2.7113199937094046,0.006296430860638752,upper,0.1
740,phase2,upper,-15.0,2,-14.957804837827473,-20.8030792746189,-19.842831302025974,-6.433847188639031,-2.7113199937094046,0.0020665448576978793,upper,0.1
741,phase2,upper,-15.0,2,-14.957556407135293,-20.8030792746189,-19.842831302025974,-6.433847188639031,-2.7113199937094046,-0.00010821651372643873,upper,0.1
742,phase2,upper,-15.0,2,-14.959464227485682,-20.8030792746189,-19.842831302025974,-6.433847188639031,-2.7113199937094046,-0.0011633955837439614,upper,0.1
743,phase2,upper,-15.0,2,-14.962430019472434,-20.8030792746189,-19.842831302025974,-6.433847188639031,-2.7113199937094046,-0.0016134507749396886,upper,0.1
744,phase2,upper,-15.0,2,-14.965842865854325,-20.8030792746189,-19.842831302025974,-6.433847188639031,-2.7113199937094046,-0.0017412236339473814,upper,0.1
745,phase2,upper,-15.0,2,-14.969363636305266,-20.8030792746189,-19.842831302025974,-6.433847188639031,-2.7113199937094046,-0.0017020833787695009,upper,0.1
746,phase2,upper,-15.0,2,-14.97280575406168,-20.8030792746189,-19.842831302025974,-6.433847188639031,-2.7113199937094046,-0.0015811899220421542,upper,0.1
747,phase2,upper,-15.0,2,-14.976069003102973,-20.8030792746189,-19.842831302025974,-6.433847188639031,-2.7113199937094046,-0.0014249944099191767,upper,0.1
748,phase2,upper,-15.0,2,-14.979102575701564,-20.8030792746189,-19.842831302025974,-6.433847188639031,-2.7113199937094046,-0.0012585801811015418,upper,0.1
749,phase2,upper,-15.0,2,-14.981884274184189,-20.8030792746189,-19.842831302025974,-6.433847188639031,-2.7113199937094046,-0.0010952191489258384,upper,0.1
750,phase2,upper,-15.0,2,-14.984408667412655,-20.8030792746189,-19.842831302025974,-6.433847188639031,-2.7113199937094046,-0.0009416465179491481,upper,0.1
751,phase2,upper,-15.0,2,-14.986680237207342,-20.8030792746189,-19.842831302025974,-6.433847188639031,-2.7113199937094046,-0.0008009788578475698,upper,0.1
752,phase2,upper,-15.0,2,-14.98870932776619,-20.8030792746189,-19.842831302025974,-6.433847188639031,-2.7113199937094046,-0.0006743336613144362,upper,0.1
753,phase2,upper,-15.0,2,-14.990509688588409,-20.8030792746189,-19.842831302025974,-6.433847188639031,-2.7113199937094046,-0.0005617322136252101,upper,0.1
754,phase2,upper,-15.0,2,-14.992096939150013,-20.8030792746189,-19.842831302025974,-6.433847188639031,-2.7113199937094046,-0.00046260588578340506,upper,0.1
755,phase2,upper,-15.0,2,-14.993487579719412,-20.8030792746189,-19.842831302025974,-6.433847188639031,-2.7113199937094046,-0.00037608213503610504,upper,0.1
756,phase2,upper,-15.0,2,-14.994698336080631,-20.8030792746189,-19.842831302025974,-6.433847188639031,-2.7113199937094046,-0.00030114743501347504,upper,0.1
757,phase2,upper,-15.0,2,-14.995745716334923,-20.8030792746189,-19.842831302025974,-6.433847188639031,-2.7113199937094046,-0.00023674088008734332,upper,0.1
758,phase2,upper,-15.0,2,-14.99664570821987,-20.8030792746189,-19.842831302025974,-6.433847188639031,-2.7113199937094046,-0.00018180828283694117,upper,0.1
759,phase2,upper,-15.0,2,-14.997413573559113,-20.8030792746189,-19.842831302025974,-6.433847188639031,-2.7113199937094046,-0.0001353334023718564,upper,0.1
760,phase2,upper,-15.0,2,-14.99806371244605,-20.8030792746189,-19.842831302025974,-6.433847188639031,-2.7113199937094046,-9.635566615645759e-05,upper,0.1
761,phase2,upper,-15.0,2,-14.998609579016248,-20.8030792746189,-19.842831302025974,-6.433847188639031,-2.7113199937094046,-6.397972067593484e-05,upper,0.1
762,phase2,upper,-15.0,2,-14.999063636168644,-20.8030792746189,-19.842831302025974,-6.433847188639031,-2.7113199937094046,-3.737990630287995e-05,upper,0.1
763,phase2,upper,-15.0,2,-14.999437340000629,-20.8030792746189,-19.842831302025974,-6.433847188639031,-2.7113199937094046,-1.580149656105892e-05,upper,0.1
764,phase2,upper,-15.0,2,-14.999741146933168,-20.8030792746189,-19.842831302025974,-6.433847188639031,-2.7113199937094046,1.440169410905036e-06,upper,0.1
765,phase2,upper,-15.0,2,-14.999984538019602,-20.8030792746189,-19.842831302025974,-6.433847188639031,-2.7113199937094046,1.4961942507836704e-05,upper,0.1
766,phase2,upper,-15.0,2,-15.000176056033162,-20.8030792746189,-19.842831302025974,-6.433847188639031,-2.7113199937094046,2.531603098040543e-05,upper,0.1
767,phase2,upper,-15.0,2,-15.000323351768554,-20.8030792746189,-19.842831302025974,-6.433847188639031,-2.7113199937094046,3.29937508699186e-05,upper,0.1
768,phase2,upper,-15.0,2,-15.000433236660303,-20.8030792746189,-19.842831302025974,-6.433847188639031,-2.7113199937094046,3.842962506082227e-05,upper,0.1
769,phase2,upper,-15.0,2,-15.000511739365585,-20.8030792746189,-19.842831302025974,-6.433847188639031,-2.7113199937094046,4.2005659194271795e-05,upper,0.1
770,phase2,upper,-15.0,2,-15.000564164412786,-20.8030792746189,-19.842831302025974,-6.433847188639031,-2.7113199937094046,4.4055666615526414e-05,upper,0.1
771,phase2,upper,-15.0,2,-15.000595151398148,-20.8030792746189,-19.842831302025974,-6.433847188639031,-2.7113199937094046,4.486954670356566e-05,upper,0.1
772,phase2,upper,-15.0,2,-15.000608733534541,-20.8030792746189,-19.842831302025974,-6.433847188639031,-2.7113199937094046,4.469744538757105e-05,upper,0.1
773,phase2,upper,-15.0,2,-15.00060839462788,-20.8030792746189,-19.842831302025974,-6.433847188639031,-2.7113199937094046,4.375374575308927e-05,upper,0.1
774,phase2,upper,-15.0,2,-15.000597123785177,-20.8030792746189,-19.842831302025974,-6.433847188639031,-2.7113199937094046,4.222085181804966e-05,upper,0.1
775,phase2,lower,-20.0,4,-15.000597123785177,-20.95701647859297,-19.793479596290624,-6.3161345920069625,-2.66035784607799,0.029540826236095066,upper,0.1
776,phase2,upper,-15.0,2,-14.974028722503595,-20.95701647859297,-19.793479596290624,-6.3161345920069625,-2.66035784607799,0.01449456937902327,upper,0.1
777,phase2,upper,-15.0,2,-14.961790410240654,-20.95701647859297,-19.793479596290624,-6.3161345920069625,-2.66035784607799,0.0063958126868655174,upper,0.1
778,phase2,upper,-15.0,2,-14.957352468718028,-20.95701647859297,-19.793479596290624,-6.3161345920069625,-2.66035784607799,0.0021063066143835294,upper,0.1
779,phase2,upper,-15.0,2,-14.957101801348845,-20.95701647859297,-19.793479596290624,-6.3161345920069625,-2.66035784607799,-9.928492487270668e-05,upper,0.1
780,phase2,upper,-15.0,2,-14.959034925471409,-20.95701647859297,-19.793479596290624,-6.3161345920069625,-2.66035784607799,-0.001169656480606202,upper,0.1
781,phase2,upper,-15.0,2,-14.962038713477273,-20.95701647859297,-19.793479596290624,-6.3161345920069625,-2.66035784607799,-0.0016264851657561883,upper,0.1
782,phase2,upper,-15.0,2,-14.965494177509099,-20.95701647859297,-19.793479596290624,-6.3161345920069625,-2.66035784607799,-0.0017565698624644414,upper,0.1
783,phase2,upper,-15.0,2,-14.969057863996515,-20.95701647859297,-19.793479596290624,-6.3161345920069625,-2.66035784607799,-0.0017174442823268334,upper,0.1
784,phase2,upper,-15.0,2,-14.972540948465692,-20.95701647859297,-19.793479596290624,-6.3161345920069625,-2.66035784607799,-0.0015954471630872358,upper,0.1
785,phase2,upper,-15.0,2,-14.975842118353556,-20.95701647859297,-19.793479596290624,-6.3161345920069625,-2.66035784607799,-0.0014376665862443079,upper,0.1
786,phase2,upper,-15.0,2,-14.978910107896892,-20.95701647859297,-19.793479596290624,-6.3161345920069625,-2.66035784607799,-0.0012695250112384469,upper,0.1
787,phase2,upper,-15.0,2,-14.98172261433784,-20.95701647859297,-19.793479596290624,-6.3161345920069625,-2.66035784607799,-0.0011044699648249902,upper,0.1
788,phase2,upper,-15.0,2,-14.98427429441271,-20.95701647859297,-19.793479596290624,-6.3161345920069625,-2.66035784607799,-0.0009493227130415419,upper,0.1
789,phase2,upper,-15.0,2,-14.986569820449118,-20.95701647859297,-19.793479596290624,-6.3161345920069625,-2.66035784607799,-0.0008072370934887738,upper,0.1
790,phase2,upper,-15.0,2,-14.988619778312671,-20.95701647859297,-19.793479596290624,-6.3161345920069625,-2.66035784607799,-0.0006793415591888341,upper,0.1
791,phase2,upper,-15.0,2,-14.9904381806944,-20.95701647859297,-19.793479596290624,-6.3161345920069625,-2.66035784607799,-0.0005656544665610961,upper,0.1
792,phase2,upper,-15.0,2,-14.992040914556265,-20.95701647859297,-19.793479596290624,-6.3161345920069625,-2.66035784607799,-0.0004655972320064917,upper,0.1
793,phase2,upper,-15.0,2,-14.99344474187183,-20.95701647859297,-19.793479596290624,-6.3161345920069625,-2.66035784607799,-0.0003782841243868103,upper,0.1
794,phase2,upper,-15.0,2,-14.994666638483142,-20.95701647859297,-19.793479596290624,-6.3161345920069625,-2.66035784607799,-0.0003026872838518654,upper,0.1
795,phase2,upper,-15.0,2,-14.995723347572307,-20.95701647859297,-19.793479596290624,-6.3161345920069625,-2.66035784607799,-0.0002377314665603935,upper,0.1
796,phase2,lower,-20.0,4,-14.995723347572307,-21.09087674868264,-19.73197937086403,-6.199532594799646,-2.6123990635000145,0.029639733803587958,upper,0.1
797,phase2,upper,-15.0,2,-14.96974135647895,-21.09087674868264,-19.73197937086403,-6.199532594799646,-2.6123990635000145,0.0144576092306158,upper,0.1
798,phase2,upper,-15.0,2,-14.958146294744173,-21.09087674868264,-19.73197937086403,-6.199532594799646,-2.6123990635000145,0.0063039800089202715,upper,0.1
799,phase2,upper,-15.0,2,-14.95433733711627,-21.09087674868264,-19.73197937086403,-6.199532594799646,-2.6123990635000145,0.002001155240907335,upper,0.1
