episode,phase,route,return,steps,q_start_right,q_start_down,q_shield_right,q_d1_right,q_d2_right,mood_M,greedy_route,epsilon
0,phase1,upper,-15.0,2,-1.25,0.0,0.0,0.0,0.0,nan,lower,0.1
1,phase1,lower,-10.0,4,-1.25,-0.25,-0.25,-0.25,-0.25,nan,lower,0.1
2,phase1,lower,-10.0,4,-1.25,-0.5,-0.5,-0.5,-0.475,nan,lower,0.1
3,phase1,lower,-10.0,4,-1.25,-0.75,-0.75,-0.7475,-0.6775,nan,lower,0.1
4,phase1,lower,-10.0,4,-1.25,-1.0,-0.99975,-0.9905,-0.85975,nan,lower,0.1
5,phase1,lower,-10.0,4,-1.25,-1.249975,-1.248825,-1.227425,-1.023775,nan,lower,0.1
6,phase1,lower,-10.0,4,-1.25,-1.49986,-1.496685,-1.45706,-1.1713975,nan,upper,0.1
7,phase1,upper,-15.0,2,-2.4000000000000004,-1.49986,-1.496685,-1.45706,-1.1713975,nan,lower,0.1
8,phase1,lower,-10.0,4,-2.4000000000000004,-1.7495425,-1.7427225000000002,-1.6784937500000001,-1.30425775,nan,lower,0.1
9,phase1,lower,-10.0,4,-2.4000000000000004,-1.9988605000000002,-1.9862996250000002,-1.8910701500000002,-1.4238319750000001,nan,lower,0.1
10,phase1,lower,-10.0,4,-2.4000000000000004,-2.2476044125000003,-2.2267766775,-2.0943463325000002,-1.5314487775,nan,lower,0.1
11,phase1,lower,-10.0,4,-2.4000000000000004,-2.495521639,-2.4635336430000003,-2.2880565770000003,-1.6283038997500001,nan,upper,0.1
12,phase1,upper,-15.0,2,-3.4575000000000005,-2.495521639,-2.4635336430000003,-2.2880565770000003,-1.6283038997500001,nan,lower,0.1
13,phase1,lower,-10.0,4,-3.4575000000000005,-2.7423228394,-2.6959859364000005,-2.4720813092750005,-1.715473509775,nan,lower,0.1
14,phase1,lower,-10.0,4,-3.4575000000000005,-2.9876891491,-2.9235954736875005,-2.6464205293250003,-1.7939261587975,nan,lower,0.1
15,phase1,lower,-10.0,4,-3.4575000000000005,-3.23127978155875,-3.1458779792512503,-2.81117109227225,-1.8645335429177499,nan,lower,0.1
16,phase1,lower,-10.0,4,-3.4575000000000005,-3.472739601328,-3.3624072905533504,-2.9665073373368003,-1.9280801886259749,nan,upper,0.1
17,phase1,upper,-15.0,2,-4.429500000000001,-3.472739601328,-3.3624072905533504,-2.9665073373368003,-1.9280801886259749,nan,lower,0.1
18,phase1,lower,-10.0,4,-4.429500000000001,-3.711706370250535,-3.5728172952316952,-3.1126646224657177,-1.9852721697633773,nan,lower,0.1
19,phase1,lower,-10.0,4,-4.429500000000001,-3.947817462748651,-3.7768020279550973,-3.2499253771954835,-2.0367449527870396,nan,lower,0.1
20,phase1,lower,-10.0,4,-4.429500000000001,-4.1807159192692955,-3.9741143628791358,-3.378607334754639,-2.0830704575083354,nan,lower,0.1
21,phase1,lower,-10.0,4,-4.429500000000001,-4.41005576363028,-4.164563660066686,-3.4990536470300087,-2.124763411757502,nan,lower,0.1
22,phase1,lower,-10.0,4,-4.429500000000001,-4.63550655327392,-4.348012658763018,-3.611624623502758,-2.162287070581752,nan,upper,0.1
23,phase1,upper,-15.0,2,-5.322525000000001,-4.63550655327392,-4.348012658763018,-3.611624623502758,-2.162287070581752,nan,lower,0.1
24,phase1,lower,-10.0,4,-5.322525000000001,-4.85675716382283,-4.524373855236992,-3.7166908682106574,-2.196058363523577,nan,lower,0.1
25,phase1,lower,-10.0,4,-5.322525000000001,-5.073518832964246,-4.693605556534359,-3.8146276177419494,-2.226452527171219,nan,lower,0.1
26,phase1,lower,-10.0,4,-5.322525000000001,-5.285527505321257,-4.855707762655118,-3.9058101086848764,-2.2538072744540973,nan,lower,0.1
27,phase1,lower,-10.0,4,-5.322525000000001,-5.492545531054643,-5.010717997258094,-3.9906098252617985,-2.2784265470086877,nan,upper,0.1
28,phase1,upper,-15.0,2,-6.142650000000001,-5.492545531054643,-5.010717997258094,-3.9906098252617985,-2.2784265470086877,nan,lower,0.1
29,phase1,lower,-10.0,4,-6.142650000000001,-5.694362777674987,-5.158707180058465,-4.069391497436487,-2.300583892307819,nan,lower,0.1
30,phase1,lower,-10.0,4,-6.142650000000001,-5.890797217913335,-5.299775611796267,-4.1425107369236205,-2.320525503077037,nan,lower,0.1
31,phase1,lower,-10.0,4,-6.142650000000001,-6.081695057301628,-5.434049124309003,-4.210312213538963,-2.338472952769333,nan,lower,0.1
32,phase1,lower,-10.0,4,-6.142650000000001,-6.266930464002366,-5.561675433231999,-4.273128287462,-2.3546256574923996,nan,upper,0.1
33,phase1,upper,-15.0,2,-6.895524750000001,-6.266930464002366,-5.561675433231999,-4.273128287462,-2.3546256574923996,nan,lower,0.1
34,phase1,lower,-10.0,4,-6.895524750000001,-6.446404960925329,-5.682820718654999,-4.33127802446504,-2.3691630917431596,nan,lower,0.1
35,phase1,lower,-10.0,4,-6.895524750000001,-6.620046536698296,-5.7976664492360035,-4.385066531192852,-2.382246782568844,nan,lower,0.1
36,phase1,lower,-10.0,4,-6.895524750000001,-6.787808527952067,-5.906406457431689,-4.434784556330451,-2.3940221043119596,nan,lower,0.1
37,phase1,lower,-10.0,4,-6.895524750000001,-6.949668320900029,-6.009244267321565,-4.480708311128602,-2.4046198938807635,nan,upper,0.1
38,phase1,upper,-15.0,2,-7.586398050000001,-6.949668320900029,-6.009244267321565,-4.480708311128602,-2.4046198938807635,nan,lower,0.1
39,phase1,lower,-10.0,4,-7.586398050000001,-7.105625915542182,-6.106390671702268,-4.523099469403818,-2.4141579044926873,nan,lower,0.1
40,phase1,lower,-10.0,4,-7.586398050000001,-7.255702391158191,-6.198061551472423,-4.562205312912705,-2.4227421140434187,nan,lower,0.1
41,phase1,lower,-10.0,4,-7.586398050000001,-7.399938307189614,-6.284475927616452,-4.598258993025777,-2.430467902639077,nan,lower,0.1
42,phase1,lower,-10.0,4,-7.586398050000001,-7.538392069232298,-6.365854234157384,-4.631479883987106,-2.4374211123751692,nan,lower,0.1
43,phase1,lower,-10.0,4,-7.586398050000001,-7.6711382857248065,-6.442416799140356,-4.662074006825913,-2.443679001137652,nan,upper,0.1
44,phase1,upper,-15.0,2,-8.220141442500001,-7.6711382857248065,-6.442416799140356,-4.662074006825913,-2.443679001137652,nan,lower,0.1
45,phase1,lower,-10.0,4,-8.220141442500001,-7.798266137066362,-6.514382519908912,-4.690234506257086,-2.449311101023887,nan,lower,0.1
46,phase1,lower,-10.0,4,-8.220141442500001,-7.919877775350617,-6.581967718543729,-4.716142165733766,-2.454379990921498,nan,lower,0.1
47,phase1,lower,-10.0,4,-8.220141442500001,-8.036086769669929,-6.645385163262732,-4.739965948252539,-2.4589419918293483,nan,lower,0.1
48,phase1,lower,-10.0,4,-8.220141442500001,-8.147016609029208,-6.704843241761713,-4.761863552610221,-2.4630477926464134,nan,lower,0.1
49,phase1,lower,-10.0,4,-8.220141442500001,-8.25279927230246,-6.760545272846564,-4.78198197661384,-2.4667430133817723,nan,upper,0.1
50,phase1,upper,-15.0,2,-8.801272176000001,-8.25279927230246,-6.760545272846564,-4.78198197661384,-2.4667430133817723,nan,lower,0.1
51,phase1,upper,-15.0,2,-9.333975348375,-8.25279927230246,-6.760545272846564,-4.78198197661384,-2.4667430133817723,nan,lower,0.1
52,phase1,lower,-10.0,4,-9.333975348375,-8.35357387235687,-6.812688943223291,-4.800458080290633,-2.470068712043595,nan,lower,0.1
53,phase1,lower,-10.0,4,-9.333975348375,-8.449485379443512,-6.8614658569300255,-4.817419143465929,-2.4730618408392355,nan,lower,0.1
54,phase1,lower,-10.0,4,-9.333975348375,-8.540683427192164,-6.907061185583616,-4.83298341320326,-2.475755656755312,nan,lower,0.1
55,phase1,lower,-10.0,4,-9.333975348375,-8.62732120303131,-6.94965340834558,-4.847260637558465,-2.4781800910797807,nan,lower,0.1
56,phase1,lower,-10.0,4,-9.333975348375,-8.709554423562736,-6.9894141312668685,-4.860352582910597,-2.4803620819718026,nan,lower,0.1
57,phase1,lower,-10.0,4,-9.333975348375,-8.78754039433315,-7.026507976431241,-4.872353532816717,-2.4823258737746223,nan,lower,0.1
58,phase1,lower,-10.0,4,-9.333975348375,-8.861437152542958,-7.061092532069789,-4.883350766912508,-2.48409328639716,nan,lower,0.1
59,phase1,lower,-10.0,4,-9.333975348375,-8.931402690495641,-7.093318355554061,-4.893425018860973,-2.485683957757444,nan,lower,0.1
60,phase1,lower,-10.0,4,-9.333975348375,-8.997594257001483,-7.123329021884752,-4.90265091275062,-2.4871155619816996,nan,lower,0.1
61,phase1,lower,-10.0,4,-9.333975348375,-9.06016773348981,-7.151261210971339,-4.911097377673729,-2.4884040057835297,nan,lower,0.1
62,phase1,lower,-10.0,4,-9.333975348375,-9.119277081237962,-7.177244827641578,-4.9188280404847085,-2.4895636052051766,nan,lower,0.1
63,phase1,lower,-10.0,4,-9.333975348375,-9.175073855878324,-7.201403148925891,-4.925901596956756,-2.490607244684659,nan,lower,0.1
64,phase1,lower,-10.0,4,-9.333975348375,-9.22770678518308,-7.223852993728977,-4.932372161729546,-2.4915465202161933,nan,lower,0.1
65,phase1,lower,-10.0,4,-9.333975348375,-9.27732140603767,-7.244704910529034,-4.938289597578211,-2.492391868194574,nan,lower,0.1
66,phase1,lower,-10.0,4,-9.333975348375,-9.324059756486806,-7.264063379233952,-4.943699824639848,-2.4931526813751166,nan,lower,0.1
67,phase1,lower,-10.0,4,-9.333975348375,-9.36806011876152,-7.282027023774542,-4.948645110313374,-2.493837413237605,nan,upper,0.1
68,phase1,upper,-15.0,2,-9.822125164515,-9.36806011876152,-7.282027023774542,-4.948645110313374,-2.493837413237605,nan,lower,0.1
69,phase1,lower,-10.0,4,-9.822125164515,-9.409456809262823,-7.298688832428425,-4.953164340605797,-2.4944536719138446,nan,lower,0.1
70,phase1,lower,-10.0,4,-9.822125164515,-9.448380011579383,-7.314136383246162,-4.957293273736601,-2.49500830472246,nan,lower,0.1
71,phase1,lower,-10.0,4,-9.822125164515,-9.48495564874606,-7.328452072295207,-4.961064776835187,-2.495507474250214,nan,lower,0.1
72,phase1,lower,-10.0,4,-9.822125164515,-9.519305291100975,-7.3417133427492045,-4.96450904657669,-2.4959567268251925,nan,lower,0.1
73,phase1,lower,-10.0,4,-9.822125164515,-9.551546096265799,-7.353992913131953,-4.96765381460154,-2.4963610541426733,nan,lower,0.1
74,phase1,lower,-10.0,4,-9.822125164515,-9.581790777952415,-7.365359003278912,-4.970524538555654,-2.496724948728406,nan,lower,0.1
75,phase1,lower,-10.0,4,-9.822125164515,-9.610147600485064,-7.375875556806586,-4.973144579572929,-2.4970524538555656,nan,lower,0.1
76,phase1,lower,-10.0,4,-9.822125164515,-9.636720396117216,-7.385602459083221,-4.975535367001193,-2.4973472084700092,nan,lower,0.1
77,phase1,lower,-10.0,4,-9.822125164515,-9.661608602413816,-7.394595749875018,-4.977716551148075,-2.4976124876230084,nan,lower,0.1
78,phase1,lower,-10.0,4,-9.822125164515,-9.684907317159936,-7.402907830002324,-4.979706144795568,-2.4978512388607075,nan,lower,0.1
79,phase1,lower,-10.0,4,-9.822125164515,-9.706707368444174,-7.410587661481648,-4.981520654202082,-2.4980661149746366,nan,lower,0.1
80,phase1,lower,-10.0,4,-9.822125164515,-9.727095397747922,-7.417680960753691,-4.983175200279337,-2.498259503477173,nan,lower,0.1
81,phase1,lower,-10.0,4,-9.822125164515,-9.746153954048498,-7.424230384706255,-4.984683630599121,-2.4984335531294555,nan,lower,0.1
82,phase1,upper,-15.0,2,-10.26930526394325,-9.746153954048498,-7.424230384706255,-4.984683630599121,-2.4984335531294555,nan,lower,0.1
83,phase1,lower,-10.0,4,-10.26930526394325,-9.763961597114275,-7.430275709295541,-4.986058622852155,-2.49859019781651,nan,lower,0.1
84,phase1,lower,-10.0,4,-10.26930526394325,-9.780593008332401,-7.435854000651203,-4.98731178034859,-2.498731178034859,nan,lower,0.1
85,phase1,lower,-10.0,4,-10.26930526394325,-9.796119107564282,-7.440999778620942,-4.988453720117217,-2.498858060231373,nan,lower,0.1
86,phase1,lower,-10.0,4,-10.26930526394325,-9.810607174669947,-7.445745172770569,-4.989494154128633,-2.4989722542082355,nan,lower,0.1
87,phase1,lower,-10.0,4,-10.26930526394325,-9.824120974480008,-7.450120070906375,-4.990441964136593,-2.499075028787412,nan,lower,0.1
88,phase1,lower,-10.0,4,-10.26930526394325,-9.836720884122645,-7.454152260229397,-4.991305270601675,-2.4991675259086708,nan,lower,0.1
89,phase1,lower,-10.0,4,-10.26930526394325,-9.84846402173332,-7.4578675612666245,-4.992091496132375,-2.4992507733178035,nan,lower,0.1
90,phase1,lower,-10.0,4,-10.26930526394325,-9.859404375686651,-7.4612899547532,-4.992807423850918,-2.4993256959860233,nan,lower,0.1
91,phase1,lower,-10.0,4,-10.26930526394325,-9.869592933593307,-7.464441701662972,-4.9934592510644285,-2.499393126387421,nan,lower,0.1
92,phase1,lower,-10.0,4,-10.26930526394325,-9.879077810400274,-7.467343456603118,-4.994052638596727,-2.499453813748679,nan,lower,0.1
93,phase1,lower,-10.0,4,-10.26930526394325,-9.887904375020558,-7.470014374802479,-4.994592756111922,-2.499508432373811,nan,lower,0.1
94,phase1,upper,-15.0,2,-10.6788280918407,-9.887904375020558,-7.470014374802479,-4.994592756111922,-2.499508432373811,nan,lower,0.1
95,phase1,lower,-10.0,4,-10.6788280918407,-9.89611537499875,-7.472472212933424,-4.995084323738111,-2.49955758913643,nan,lower,0.1
96,phase1,lower,-10.0,4,-10.6788280918407,-9.903751058792217,-7.474733424013892,-4.995531650277943,-2.499601830222787,nan,lower,0.1
97,phase1,lower,-10.0,4,-10.6788280918407,-9.910849295314385,-7.4768132466402975,-4.995938668272427,-2.4996416472005083,nan,lower,0.1
98,phase1,lower,-10.0,4,-10.6788280918407,-9.917445690446977,-7.47872578880351,-4.996308966165236,-2.4996774824804575,nan,lower,0.1
99,phase1,lower,-10.0,4,-10.6788280918407,-9.92357370028263,-7.4804841065396825,-4.996645817796758,-2.499709734232412,nan,lower,0.1
100,phase1,lower,-10.0,4,-10.6788280918407,-9.929264740908335,-7.48210027766539,-4.996952209440324,-2.4997387608091706,nan,lower,0.1
101,phase1,lower,-10.0,4,-10.6788280918407,-9.93454829458404,-7.4835854708428835,-4.997230864577209,-2.4997648847282536,nan,lower,0.1
102,phase1,lower,-10.0,4,-10.6788280918407,-9.939452012209925,-7.484950010216316,-4.997484266592314,-2.499788396255428,nan,lower,0.1
103,phase1,lower,-10.0,4,-10.6788280918407,-9.944001812010564,-7.486203435853916,-4.997714679558625,-2.4998095566298852,nan,lower,0.1
104,phase1,lower,-10.0,4,-10.6788280918407,-9.9482219743949,-7.487354560224387,-4.997924167265751,-2.4998286009668966,nan,lower,0.1
105,phase1,lower,-10.0,4,-10.6788280918407,-9.952135232977849,-7.488411520928523,-4.998114610635866,-2.499845740870207,nan,lower,0.1
106,phase1,lower,-10.0,4,-10.6788280918407,-9.955762861772916,-7.489381829899257,-4.9982877236593,-2.4998611667831865,nan,lower,0.1
107,phase1,lower,-10.0,4,-10.6788280918407,-9.959124758585551,-7.490272419275261,-4.998445067971689,-2.4998750501048677,nan,lower,0.1
108,phase1,lower,-10.0,4,-10.6788280918407,-9.962239524654521,-7.491089684144904,-4.998588066185007,-2.499887545094381,nan,lower,0.1
109,phase1,lower,-10.0,4,-10.6788280918407,-9.96512454060356,-7.491839522348914,-4.998718014075944,-2.499898790584943,nan,lower,0.1
110,phase1,lower,-10.0,4,-10.6788280918407,-9.967796038778095,-7.492527371521617,-4.998836091726844,-2.4999089115264486,nan,lower,0.1
111,phase1,lower,-10.0,4,-10.6788280918407,-9.970269172052447,-7.4931582435421396,-4.998943373706804,-2.4999180203738036,nan,lower,0.1
112,phase1,lower,-10.0,4,-10.6788280918407,-9.972558079201416,-7.493736756558606,-4.999040838373504,-2.499926218336423,nan,lower,0.1
113,phase1,lower,-10.0,4,-10.6788280918407,-9.974675946937136,-7.494267164740096,-4.999129376369796,-2.499933596502781,nan,lower,0.1
114,phase1,lower,-10.0,4,-10.6788280918407,-9.976635068717432,-7.494753385903066,-4.999209798383094,-2.499940236852503,nan,lower,0.1
115,phase1,lower,-10.0,4,-10.6788280918407,-9.978446900435996,-7.495199027151069,-4.999282842230035,-2.4999462131672527,nan,lower,0.1
116,phase1,lower,-10.0,4,-10.6788280918407,-9.980122113107504,-7.495607408658966,-4.999349179323756,-2.4999515918505275,nan,lower,0.1
117,phase1,lower,-10.0,4,-10.6788280918407,-9.98167064266265,-7.495981585725445,-4.999409420576433,-2.4999564326654746,nan,lower,0.1
118,phase1,lower,-10.0,4,-10.6788280918407,-9.98310173696893,-7.4963243692105435,-4.999464121785337,-2.4999607893989273,nan,lower,0.1
119,phase1,lower,-10.0,4,-10.6788280918407,-9.98442400019309,-7.496638344468023,-4.999513788546696,-2.4999647104590346,nan,lower,0.1
120,phase1,lower,-10.0,4,-10.6788280918407,-9.985645434620583,-7.49692588887589,-4.999558880737929,-2.499968239413131,nan,lower,0.1
121,phase1,upper,-15.0,2,-11.053753301519228,-9.985645434620583,-7.49692588887589,-4.999558880737929,-2.499968239413131,nan,lower,0.1
122,phase1,lower,-10.0,4,-11.053753301519228,-9.986773480046114,-7.4971891880620944,-4.99959981660545,-2.499971415471818,nan,lower,0.1
123,phase1,lower,-10.0,4,-11.053753301519228,-9.987815050847713,-7.49743025091643,-4.999636976492087,-2.499974273924636,nan,lower,0.1
124,phase1,lower,-10.0,4,-11.053753301519228,-9.988776570854585,-7.497650923473996,-4.999670706235342,-2.499976846532172,nan,lower,0.1
125,phase1,lower,-10.0,4,-11.053753301519228,-9.989664006116525,-7.4978529017501305,-4.999701320265025,-2.499979161878955,nan,lower,0.1
126,phase1,lower,-10.0,4,-11.053753301519228,-9.990482895679886,-7.49803774360162,-4.999729104426418,-2.4999812456910595,nan,lower,0.1
127,phase1,upper,-15.0,2,-11.396905188343643,-9.990482895679886,-7.49803774360162,-4.999729104426418,-2.4999812456910595,nan,lower,0.1
128,phase1,lower,-10.0,4,-11.396905188343643,-9.99123838047206,-7.4982068796841,-4.999754318552882,-2.4999831211219536,nan,lower,0.1
129,phase1,lower,-10.0,4,-11.396905188343643,-9.991935230393263,-7.498361623570979,-4.999777198809789,-2.4999848090097583,nan,lower,0.1
130,phase1,lower,-10.0,4,-11.396905188343643,-9.992577869711035,-7.4985031810948595,-4.999797959829786,-2.4999863281087826,nan,lower,0.1
131,phase1,lower,-10.0,4,-11.396905188343643,-9.993170400849417,-7.4986326589683525,-4.999816796657686,-2.4999876952979045,nan,lower,0.1
132,phase1,lower,-10.0,4,-11.396905188343643,-9.99371662666131,-7.498751072737286,-4.999833886521707,-2.4999889257681143,nan,lower,0.1
133,phase1,lower,-10.0,4,-11.396905188343643,-9.994220071268908,-7.498859354115728,-4.999849390446348,-2.499990033191303,nan,lower,0.1
134,phase1,lower,-10.0,4,-11.396905188343643,-9.99468399955359,-7.498958357748791,-4.999863454720844,-2.499991029872173,nan,lower,0.1
135,phase1,lower,-10.0,4,-11.396905188343643,-9.99511143537311,-7.499048867445996,-4.999876212235977,-2.4999919268849555,nan,lower,0.1
136,phase1,lower,-10.0,4,-11.396905188343643,-9.995505178580398,-7.4991316019249945,-4.999887783700875,-2.49999273419646,nan,lower,0.1
137,phase1,lower,-10.0,4,-11.396905188343643,-9.995867820914858,-7.499207220102583,-4.999898278750433,-2.499993460776814,nan,lower,0.1
138,phase1,lower,-10.0,4,-11.396905188343643,-9.996201760833632,-7.499276325967368,-4.999907796953071,-2.4999941146991325,nan,lower,0.1
139,phase1,lower,-10.0,4,-11.396905188343643,-9.996509217347006,-7.499339473065938,-4.999916428727677,-2.4999947032292194,nan,lower,0.1
140,phase1,lower,-10.0,4,-11.396905188343643,-9.996792242918898,-7.499397168632112,-4.999924256177831,-2.4999952329062975,nan,lower,0.1
141,phase1,lower,-10.0,4,-11.396905188343643,-9.99705273549022,-7.499449877386684,-4.999931353850678,-2.4999957096156677,nan,lower,0.1
142,phase1,lower,-10.0,4,-11.396905188343643,-9.997292449679867,-7.499498025033083,-4.999937789427177,-2.499996138654101,nan,lower,0.1
143,phase1,lower,-10.0,4,-11.396905188343643,-9.997513007215188,-7.499542001472492,-4.99994362434987,-2.499996524788691,nan,lower,0.1
144,phase1,lower,-10.0,4,-11.396905188343643,-9.997715906640918,-7.4995821637602305,-4.999948914393752,-2.499996872309822,nan,lower,0.1
145,phase1,lower,-10.0,4,-11.396905188343643,-9.99790253235285,-7.499618838823583,-4.999953710185359,-2.49999718507884,nan,lower,0.1
146,phase1,lower,-10.0,4,-11.396905188343643,-9.998074162999924,-7.499652325959761,-4.999958057674707,-2.4999974665709557,nan,lower,0.1
147,phase1,lower,-10.0,4,-11.396905188343643,-9.998231979295907,-7.499682899131256,-4.999961998564332,-2.49999771991386,nan,lower,0.1
148,phase1,lower,-10.0,4,-11.396905188343643,-9.998377071279442,-7.499710809074563,-4.999965570699286,-2.4999979479224743,nan,lower,0.1
149,phase1,lower,-10.0,4,-11.396905188343643,-9.998510445058955,-7.499736285237035,-4.999968808421604,-2.499998153130227,nan,lower,0.1
150,phase1,lower,-10.0,4,-11.396905188343643,-9.998633029076762,-7.499759537555493,-4.999971742892466,-2.499998337817204,nan,lower,0.1
151,phase1,lower,-10.0,4,-11.396905188343643,-9.998745679924635,-7.49978075808919,-4.9999744023849395,-2.4999985040354837,nan,lower,0.1
152,phase1,lower,-10.0,4,-11.396905188343643,-9.99884918774109,-7.499800122518765,-4.999976812549994,-2.4999986536319354,nan,lower,0.1
153,phase1,upper,-15.0,2,-11.710889164787982,-9.99884918774109,-7.499800122518765,-4.999976812549994,-2.4999986536319354,nan,lower,0.1
154,phase1,lower,-10.0,4,-11.710889164787982,-9.998944281218858,-7.499817791521888,-4.999978996658188,-2.499998788268742,nan,lower,0.1
155,phase1,lower,-10.0,4,-11.710889164787982,-9.99903163224916,-7.499833912035518,-4.999980975819243,-2.4999989094418678,nan,lower,0.1
156,phase1,lower,-10.0,4,-11.710889164787982,-9.999111860227796,-7.499848618413891,-4.999982769181505,-2.499999018497681,nan,lower,0.1
157,phase1,lower,-10.0,4,-11.710889164787982,-9.999185536046404,-7.499862033490652,-4.999984394113123,-2.499999116647913,nan,lower,0.1
158,phase1,lower,-10.0,4,-11.710889164787982,-9.99925318579083,-7.499874269552899,-4.999985866366602,-2.499999204983122,nan,lower,0.1
159,phase1,lower,-10.0,4,-11.710889164787982,-9.999315294167037,-7.499885429234269,-4.999987200228254,-2.49999928448481,nan,lower,0.1
160,phase1,lower,-10.0,4,-11.710889164787982,-9.99937230767376,-7.499895606333668,-4.99998840865391,-2.4999993560363287,nan,lower,0.1
161,phase1,lower,-10.0,4,-11.710889164787982,-9.99942463753975,-7.499904886565693,-4.999989503392152,-2.4999994204326956,nan,lower,0.1
162,phase1,lower,-10.0,4,-11.710889164787982,-9.999472662442344,-7.499913348248339,-4.999990495096206,-2.499999478389426,nan,lower,0.1
163,phase1,lower,-10.0,4,-11.710889164787982,-9.999516731022943,-7.499921062933126,-4.999991393425528,-2.4999995305504834,nan,lower,0.1
164,phase1,lower,-10.0,4,-11.710889164787982,-9.999557164213961,-7.499928095982366,-4.999992207138024,-2.499999577495435,nan,lower,0.1
165,phase1,lower,-10.0,4,-11.710889164787982,-9.999594257390802,-7.499934507097931,-4.999992944173765,-2.4999996197458914,nan,lower,0.1
166,phase1,lower,-10.0,4,-11.710889164787982,-9.999628282361515,-7.499940350805515,-4.999993611730977,-2.499999657771302,nan,lower,0.1
167,phase1,lower,-10.0,4,-11.710889164787982,-9.999659489205914,-7.4999456768980615,-4.9999942163350095,-2.499999691994172,nan,lower,0.1
168,phase1,lower,-10.0,4,-11.710889164787982,-9.999688107975128,-7.4999505308417564,-4.999994763900926,-2.499999722794755,nan,lower,0.1
169,phase1,lower,-10.0,4,-11.710889164787982,-9.99971435026179,-7.4999549541476735,-4.999995259790309,-2.4999997505152796,nan,lower,0.1
170,phase1,lower,-10.0,4,-11.710889164787982,-9.999738410650378,-7.499958984711937,-4.999995708862806,-2.4999997754637517,nan,lower,0.1
171,phase1,lower,-10.0,4,-11.710889164787982,-9.999760468056534,-7.499962657127024,-4.999996115522901,-2.4999997979173765,nan,lower,0.1
172,phase1,lower,-10.0,4,-11.710889164787982,-9.999780686963582,-7.4999660029666115,-4.999996483762349,-2.4999998181256387,nan,lower,0.1
173,phase1,lower,-10.0,4,-11.710889164787982,-9.999799218563885,-7.499969051046185,-4.999996817198678,-2.4999998363130747,nan,lower,0.1
174,phase1,upper,-15.0,2,-11.998107294060018,-9.999799218563885,-7.499969051046185,-4.999996817198678,-2.4999998363130747,nan,lower,0.1
175,phase1,lower,-10.0,4,-11.998107294060018,-9.999816201812115,-7.499971827661435,-4.999997119110118,-2.4999998526817673,nan,lower,0.1
176,phase1,lower,-10.0,4,-11.998107294060018,-9.999831764397047,-7.4999743568063035,-4.999997392467283,-2.4999998674135906,nan,lower,0.1
177,phase1,lower,-10.0,4,-11.998107294060018,-9.999846023637973,-7.499976660372401,-4.999997639961914,-2.4999998806722314,nan,lower,0.1
178,phase1,lower,-10.0,4,-11.998107294060018,-9.999859087311416,-7.499978758331353,-4.999997864032946,-2.4999998926050084,nan,lower,0.1
179,phase1,lower,-10.0,4,-11.998107294060018,-9.99987105441341,-7.499980668901512,-4.999998066890153,-2.4999999033445075,nan,lower,0.1
180,phase1,lower,-10.0,4,-11.998107294060018,-9.99988201586222,-7.499982408700376,-4.999998250535588,-2.4999999130100568,nan,lower,0.1
181,phase1,lower,-10.0,4,-11.998107294060018,-9.999892055146034,-7.499983992883897,-4.999998416783035,-2.499999921709051,nan,lower,0.1
182,phase1,lower,-10.0,4,-11.998107294060018,-9.999901248919821,-7.499985435273811,-4.999998567275637,-2.499999929538146,nan,lower,0.1
183,phase1,lower,-10.0,4,-11.998107294060018,-9.99990966755522,-7.499986748473994,-4.999998703501888,-2.4999999365843313,nan,lower,0.1
184,phase1,lower,-10.0,4,-11.998107294060018,-9.999917375647097,-7.499987943976783,-4.999998826810132,-2.499999942925898,nan,lower,0.1
185,phase1,lower,-10.0,4,-11.998107294060018,-9.999924432480066,-7.4999890322601175,-4.999998938421709,-2.499999948633308,nan,lower,0.1
186,phase1,lower,-10.0,4,-11.998107294060018,-9.999930892458071,-7.499990022876276,-4.999999039442869,-2.4999999537699775,nan,lower,0.1
187,phase1,lower,-10.0,4,-11.998107294060018,-9.99993680549989,-7.499990924532936,-4.9999991308755805,-2.49999995839298,nan,lower,0.1
188,phase1,lower,-10.0,4,-11.998107294060018,-9.999942217403195,-7.4999917451672005,-4.99999921362732,-2.499999962553682,nan,lower,0.1
189,phase1,lower,-10.0,4,-11.998107294060018,-9.999947170179595,-7.499992492013212,-4.999999288519956,-2.4999999662983137,nan,lower,0.1
190,phase1,lower,-10.0,4,-11.998107294060018,-9.999951702362956,-7.499993171663887,-4.999999356297792,-2.4999999696684823,nan,lower,0.1
191,phase1,upper,-15.0,2,-12.260772905829766,-9.999951702362956,-7.499993171663887,-4.999999356297792,-2.4999999696684823,nan,lower,0.1
192,phase1,lower,-10.0,4,-12.260772905829766,-9.99995584929305,-7.499993790127277,-4.999999417634861,-2.499999972701634,nan,lower,0.1
193,phase1,lower,-10.0,4,-12.260772905829766,-9.999959643376473,-7.499994352878035,-4.999999473141538,-2.4999999754314706,nan,lower,0.1
194,phase1,lower,-10.0,4,-12.260772905829766,-9.99996311432663,-7.4999948649043855,-4.999999523370532,-2.4999999778883235,nan,lower,0.1
195,phase1,lower,-10.0,4,-12.260772905829766,-9.999966289384405,-7.499995330751,-4.999999568822311,-2.499999980099491,nan,lower,0.1
196,phase1,lower,-10.0,4,-12.260772905829766,-9.999969193521064,-7.499995754558131,-4.999999609950029,-2.499999982089542,nan,lower,0.1
197,phase1,lower,-10.0,4,-12.260772905829766,-9.999971849624771,-7.499996140097321,-4.99999964716398,-2.499999983880588,nan,lower,0.1
198,phase1,lower,-10.0,4,-12.260772905829766,-9.999974278672026,-7.499996490803987,-4.999999680835641,-2.499999985492529,nan,lower,0.1
199,phase1,lower,-10.0,4,-12.260772905829766,-9.999976499885221,-7.499996809807152,-4.99999971130133,-2.4999999869432763,nan,lower,0.1
200,phase1,lower,-10.0,4,-12.260772905829766,-9.999978530877414,-7.49999709995657,-4.999999738865524,-2.4999999882489488,nan,lower,0.1
201,phase1,lower,-10.0,4,-12.260772905829766,-9.99998038778533,-7.4999973638474655,-4.999999763803866,-2.4999999894240537,nan,lower,0.1
202,phase1,lower,-10.0,4,-12.260772905829766,-9.999982085391544,-7.499997603843106,-4.999999786365885,-2.499999990481648,nan,lower,0.1
203,phase1,lower,-10.0,4,-12.260772905829766,-9.9999836372367,-7.499997822095383,-4.999999806777462,-2.499999991433483,nan,lower,0.1
204,phase1,lower,-10.0,4,-12.260772905829766,-9.999985055722568,-7.499998020563591,-4.999999825243064,-2.499999992290135,nan,lower,0.1
205,phase1,lower,-10.0,4,-12.260772905829766,-9.99998635220667,-7.499998201031539,-4.999999841947771,-2.499999993061121,nan,lower,0.1
206,phase1,lower,-10.0,4,-12.260772905829766,-9.999987537089158,-7.499998365123162,-4.999999857059106,-2.4999999937550093,nan,lower,0.1
207,phase1,lower,-10.0,4,-12.260772905829766,-9.999988619892559,-7.499998514316756,-4.999999870728697,-2.4999999943795084,nan,lower,0.1
208,phase1,lower,-10.0,4,-12.260772905829766,-9.999989609334978,-7.49999864995795,-4.999999883093778,-2.4999999949415574,nan,lower,0.1
209,phase1,lower,-10.0,4,-12.260772905829766,-9.999990513397275,-7.499998773271533,-4.999999894278556,-2.4999999954474017,nan,lower,0.1
210,phase1,upper,-15.0,2,-12.500924322304964,-9.999990513397275,-7.499998773271533,-4.999999894278556,-2.4999999954474017,nan,lower,0.1
211,phase1,lower,-10.0,4,-12.500924322304964,-9.999991339384701,-7.499998885372235,-4.99999990439544,-2.4999999959026615,nan,lower,0.1
212,phase1,lower,-10.0,4,-12.500924322304964,-9.999992093983455,-7.499998987274555,-4.999999913546162,-2.4999999963123956,nan,lower,0.1
213,phase1,lower,-10.0,4,-12.500924322304964,-9.999992783312564,-7.499999079901716,-4.999999921822785,-2.499999996681156,nan,lower,0.1
214,phase1,lower,-10.0,4,-12.500924322304964,-9.99999341297148,-7.499999164093823,-4.999999929308622,-2.4999999970130404,nan,lower,0.1
215,phase1,upper,-15.0,2,-12.720437726426825,-9.99999341297148,-7.499999164093823,-4.999999929308622,-2.4999999970130404,nan,lower,0.1
216,phase1,lower,-10.0,4,-12.720437726426825,-9.999993988083713,-7.499999240615303,-4.999999936079064,-2.499999997311736,nan,lower,0.1
217,phase1,lower,-10.0,4,-12.720437726426825,-9.99999451333687,-7.499999310161678,-4.999999942202331,-2.4999999975805625,nan,lower,0.1
218,phase1,lower,-10.0,4,-12.720437726426825,-9.999994993019351,-7.4999993733657435,-4.999999947740155,-2.4999999978225063,nan,lower,0.1
219,phase1,upper,-15.0,2,-12.921039206501264,-9.999994993019351,-7.4999993733657435,-4.999999947740155,-2.4999999978225063,nan,lower,0.1
220,phase1,lower,-10.0,4,-12.921039206501264,-9.999995431053991,-7.499999430803185,-4.999999952748389,-2.4999999980402556,nan,lower,0.1
221,phase1,lower,-10.0,4,-12.921039206501264,-9.99999583102891,-7.499999482997706,-4.999999957277576,-2.49999999823623,nan,lower,0.1
222,phase1,lower,-10.0,4,-12.921039206501264,-9.999996196225789,-7.499999530425693,-4.999999961373442,-2.499999998412607,nan,lower,0.1
223,phase1,lower,-10.0,4,-12.921039206501264,-9.99999652964578,-7.499999573520467,-4.999999965077358,-2.4999999985713464,nan,lower,0.1
224,phase1,lower,-10.0,4,-12.921039206501264,-9.999996834033247,-7.499999612676157,-4.999999968426757,-2.4999999987142116,nan,lower,0.1
225,phase1,lower,-10.0,4,-12.921039206501264,-9.999997111897539,-7.499999648251217,-4.999999971455503,-2.4999999988427906,nan,lower,0.1
226,phase1,lower,-10.0,4,-12.921039206501264,-9.999997365532906,-7.499999680571646,-4.999999974194232,-2.4999999989585113,nan,lower,0.1
227,phase1,lower,-10.0,4,-12.921039206501264,-9.99999759703678,-7.499999709933904,-4.99999997667066,-2.49999999906266,nan,lower,0.1
228,phase1,upper,-15.0,2,-13.104316013296547,-9.99999759703678,-7.499999709933904,-4.99999997667066,-2.49999999906266,nan,lower,0.1
229,phase1,lower,-10.0,4,-13.104316013296547,-9.999997808326492,-7.49999973660758,-4.99999997890986,-2.499999999156394,nan,lower,0.1
230,phase1,lower,-10.0,4,-13.104316013296547,-9.999998001154601,-7.499999760837808,-4.999999980934513,-2.4999999992407544,nan,lower,0.1
231,phase1,lower,-10.0,4,-13.104316013296547,-9.999998177122922,-7.499999782847478,-4.999999982765138,-2.499999999316679,nan,lower,0.1
232,phase1,lower,-10.0,4,-13.104316013296547,-9.999998337695377,-7.499999802839244,-4.999999984420292,-2.499999999385011,nan,lower,0.1
233,phase1,lower,-10.0,4,-13.104316013296547,-9.999998484209764,-7.499999820997349,-4.999999985916764,-2.49999999944651,nan,lower,0.1
234,phase1,lower,-10.0,4,-13.104316013296547,-9.999998617888522,-7.49999983748929,-4.999999987269739,-2.499999999501859,nan,lower,0.1
235,phase1,lower,-10.0,4,-13.104316013296547,-9.9999987398486,-7.499999852467335,-4.9999999884929505,-2.499999999551673,nan,lower,0.1
236,phase1,lower,-10.0,4,-13.104316013296547,-9.999998851110472,-7.4999998660698965,-4.999999989598822,-2.4999999995965054,nan,lower,0.1
237,phase1,lower,-10.0,4,-13.104316013296547,-9.999998952606415,-7.4999998784227895,-4.999999990598591,-2.499999999636855,nan,lower,0.1
238,phase1,upper,-15.0,2,-13.271727066667761,-9.999998952606415,-7.4999998784227895,-4.999999990598591,-2.499999999636855,nan,lower,0.1
239,phase1,lower,-10.0,4,-13.271727066667761,-9.999999045188051,-7.499999889640369,-4.999999991502417,-2.4999999996731694,nan,lower,0.1
240,phase1,lower,-10.0,4,-13.271727066667761,-9.999999129633283,-7.499999899826574,-4.999999992319492,-2.4999999997058526,nan,lower,0.1
241,phase1,lower,-10.0,4,-13.271727066667761,-9.999999206652612,-7.499999909075866,-4.999999993058128,-2.4999999997352673,nan,lower,0.1
242,phase1,lower,-10.0,4,-13.271727066667761,-9.999999276894938,-7.499999917474092,-4.999999993725842,-2.499999999761741,nan,lower,0.1
243,phase1,lower,-10.0,4,-13.271727066667761,-9.999999340952854,-7.499999925099267,-4.999999994329432,-2.4999999997855666,nan,lower,0.1
244,phase1,lower,-10.0,4,-13.271727066667761,-9.999999399367496,-7.499999932022284,-4.999999994875045,-2.49999999980701,nan,lower,0.1
245,phase1,lower,-10.0,4,-13.271727066667761,-9.999999452632975,-7.49999993830756,-4.999999995368242,-2.4999999998263087,nan,lower,0.1
246,phase1,lower,-10.0,4,-13.271727066667761,-9.999999501200435,-7.499999944013629,-4.999999995814049,-2.499999999843678,nan,lower,0.1
247,phase1,lower,-10.0,4,-13.271727066667761,-9.999999545481755,-7.499999949193671,-4.999999996217012,-2.4999999998593103,nan,lower,0.1
248,phase1,upper,-15.0,2,-13.424612749231766,-9.999999545481755,-7.499999949193671,-4.999999996217012,-2.4999999998593103,nan,lower,0.1
249,phase1,lower,-10.0,4,-13.424612749231766,-9.999999585852947,-7.499999953896005,-4.999999996581241,-2.4999999998733795,nan,lower,0.1
250,phase1,lower,-10.0,4,-13.424612749231766,-9.999999622657253,-7.499999958164528,-4.999999996910455,-2.4999999998860414,nan,lower,0.1
251,phase1,lower,-10.0,4,-13.424612749231766,-9.99999965620798,-7.499999962039121,-4.999999997208014,-2.499999999897437,nan,lower,0.1
252,phase1,lower,-10.0,4,-13.424612749231766,-9.999999686791094,-7.49999996555601,-4.999999997476956,-2.4999999999076934,nan,lower,0.1
253,phase1,lower,-10.0,4,-13.424612749231766,-9.999999714667586,-7.499999968748105,-4.99999999772003,-2.4999999999169242,nan,lower,0.1
254,phase1,lower,-10.0,4,-13.424612749231766,-9.999999740075639,-7.499999971645297,-4.999999997939719,-2.499999999925232,nan,lower,0.1
255,phase1,lower,-10.0,4,-13.424612749231766,-9.999999763232605,-7.49999997427474,-4.999999998138271,-2.4999999999327085,nan,lower,0.1
256,phase1,lower,-10.0,4,-13.424612749231766,-9.999999784336818,-7.499999976661093,-4.999999998317715,-2.499999999939438,nan,lower,0.1
257,phase1,lower,-10.0,4,-13.424612749231766,-9.999999803569246,-7.4999999788267555,-4.999999998479887,-2.499999999945494,nan,lower,0.1
258,phase1,lower,-10.0,4,-13.424612749231766,-9.999999821094997,-7.499999980792069,-4.999999998626448,-2.4999999999509446,nan,lower,0.1
259,phase1,lower,-10.0,4,-13.424612749231766,-9.999999837064705,-7.499999982575507,-4.999999998758898,-2.49999999995585,nan,lower,0.1
260,phase1,lower,-10.0,4,-13.424612749231766,-9.999999851615785,-7.499999984193846,-4.999999998878593,-2.499999999960265,nan,lower,0.1
261,phase1,lower,-10.0,4,-13.424612749231766,-9.99999986487359,-7.4999999856623205,-4.99999999898676,-2.4999999999642384,nan,lower,0.1
262,phase1,lower,-10.0,4,-13.424612749231766,-9.999999876952463,-7.499999986994764,-4.999999999084507,-2.4999999999678146,nan,lower,0.1
263,phase1,lower,-10.0,4,-13.424612749231766,-9.999999887956694,-7.499999988203738,-4.999999999172838,-2.499999999971033,nan,lower,0.1
264,phase1,lower,-10.0,4,-13.424612749231766,-9.999999897981398,-7.499999989300648,-4.999999999252657,-2.4999999999739297,nan,lower,0.1
265,phase1,lower,-10.0,4,-13.424612749231766,-9.999999907113324,-7.49999999029585,-4.999999999324785,-2.499999999976537,nan,lower,0.1
266,phase1,lower,-10.0,4,-13.424612749231766,-9.999999915431577,-7.499999991198743,-4.99999999938996,-2.499999999978883,nan,lower,0.1
267,phase1,lower,-10.0,4,-13.424612749231766,-9.999999923008293,-7.499999992017865,-4.999999999448852,-2.4999999999809948,nan,lower,0.1
268,phase1,lower,-10.0,4,-13.424612749231766,-9.99999992990925,-7.499999992760964,-4.999999999502067,-2.4999999999828955,nan,lower,0.1
269,phase1,lower,-10.0,4,-13.424612749231766,-9.999999936194422,-7.4999999934350745,-4.99999999955015,-2.499999999984606,nan,lower,0.1
270,phase1,lower,-10.0,4,-13.424612749231766,-9.999999941918487,-7.499999994046582,-4.999999999593595,-2.4999999999861453,nan,lower,0.1
271,phase1,lower,-10.0,4,-13.424612749231766,-9.999999947131297,-7.499999994601283,-4.99999999963285,-2.499999999987531,nan,lower,0.1
272,phase1,lower,-10.0,4,-13.424612749231766,-9.999999951878296,-7.49999999510444,-4.999999999668319,-2.499999999988778,nan,lower,0.1
273,phase1,upper,-15.0,2,-13.564204024616293,-9.999999951878296,-7.49999999510444,-4.999999999668319,-2.499999999988778,nan,lower,0.1
274,phase1,lower,-10.0,4,-13.564204024616293,-9.99999995620091,-7.499999995560827,-4.999999999700364,-2.4999999999899,nan,lower,0.1
275,phase1,lower,-10.0,4,-13.564204024616293,-9.9999999601369,-7.499999995974781,-4.999999999729318,-2.49999999999091,nan,lower,0.1
276,phase1,lower,-10.0,4,-13.564204024616293,-9.999999963720688,-7.499999996350234,-4.999999999755477,-2.499999999991819,nan,lower,0.1
277,phase1,lower,-10.0,4,-13.564204024616293,-9.999999966983642,-7.499999996690758,-4.999999999779112,-2.499999999992637,nan,lower,0.1
278,phase1,lower,-10.0,4,-13.564204024616293,-9.999999969954354,-7.499999996999594,-4.9999999998004645,-2.4999999999933733,nan,lower,0.1
279,phase1,lower,-10.0,4,-13.564204024616293,-9.999999972658879,-7.499999997279681,-4.999999999819756,-2.499999999994036,nan,lower,0.1
280,phase1,lower,-10.0,4,-13.564204024616293,-9.999999975120959,-7.499999997533688,-4.999999999837184,-2.4999999999946323,nan,lower,0.1
281,phase1,lower,-10.0,4,-13.564204024616293,-9.999999977362233,-7.4999999977640375,-4.999999999852928,-2.499999999995169,nan,lower,0.1
282,phase1,lower,-10.0,4,-13.564204024616293,-9.999999979402414,-7.499999997972926,-4.9999999998671525,-2.4999999999956524,nan,lower,0.1
283,phase1,lower,-10.0,4,-13.564204024616293,-9.999999981259466,-7.499999998162349,-4.999999999880003,-2.499999999996087,nan,lower,0.1
284,phase1,lower,-10.0,4,-13.564204024616293,-9.999999982949754,-7.499999998334115,-4.999999999891611,-2.4999999999964784,nan,lower,0.1
285,phase1,upper,-15.0,2,-13.691630917431597,-9.999999982949754,-7.499999998334115,-4.999999999891611,-2.4999999999964784,nan,lower,0.1
286,phase1,lower,-10.0,4,-13.691630917431597,-9.999999984488191,-7.499999998489864,-4.999999999902098,-2.4999999999968305,nan,lower,0.1
287,phase1,lower,-10.0,4,-13.691630917431597,-9.999999985888358,-7.499999998631087,-4.999999999911571,-2.4999999999971476,nan,lower,0.1
288,phase1,lower,-10.0,4,-13.691630917431597,-9.999999987162631,-7.499999998759136,-4.999999999920129,-2.4999999999974327,nan,lower,0.1
289,phase1,lower,-10.0,4,-13.691630917431597,-9.999999988322282,-7.499999998875235,-4.9999999999278595,-2.4999999999976894,nan,lower,0.1
290,phase1,lower,-10.0,4,-13.691630917431597,-9.999999989377578,-7.499999998980497,-4.999999999934842,-2.4999999999979203,nan,lower,0.1
291,phase1,lower,-10.0,4,-13.691630917431597,-9.99999999033787,-7.499999999075932,-4.99999999994115,-2.499999999998128,nan,lower,0.1
292,phase1,lower,-10.0,4,-13.691630917431597,-9.999999991211675,-7.499999999162454,-4.999999999946848,-2.499999999998315,nan,lower,0.1
293,phase1,lower,-10.0,4,-13.691630917431597,-9.999999992006753,-7.4999999992408934,-4.999999999951995,-2.4999999999984834,nan,lower,0.1
294,phase1,lower,-10.0,4,-13.691630917431597,-9.999999992730167,-7.499999999312004,-4.999999999956644,-2.499999999998635,nan,lower,0.1
295,phase1,lower,-10.0,4,-13.691630917431597,-9.99999999338835,-7.499999999376468,-4.999999999960843,-2.499999999998771,nan,lower,0.1
296,phase1,lower,-10.0,4,-13.691630917431597,-9.999999993987162,-7.499999999434905,-4.999999999964635,-2.499999999998894,nan,lower,0.1
297,phase1,lower,-10.0,4,-13.691630917431597,-9.999999994531937,-7.499999999487878,-4.999999999968061,-2.499999999999005,nan,lower,0.1
298,phase1,lower,-10.0,4,-13.691630917431597,-9.999999995027531,-7.499999999535897,-4.9999999999711555,-2.4999999999991043,nan,lower,0.1
299,phase1,lower,-10.0,4,-13.691630917431597,-9.999999995478367,-7.499999999579423,-4.999999999973951,-2.499999999999194,nan,lower,0.1
300,phase1,lower,-10.0,4,-13.691630917431597,-9.999999995888473,-7.4999999996188755,-4.999999999976475,-2.4999999999992744,nan,lower,0.1
301,phase1,lower,-10.0,4,-13.691630917431597,-9.999999996261513,-7.499999999654635,-4.999999999978755,-2.4999999999993467,nan,lower,0.1
302,phase1,lower,-10.0,4,-13.691630917431597,-9.999999996600826,-7.499999999687048,-4.999999999980814,-2.499999999999412,nan,lower,0.1
303,phase1,lower,-10.0,4,-13.691630917431597,-9.999999996909448,-7.499999999716424,-4.999999999982673,-2.4999999999994706,nan,lower,0.1
304,phase1,lower,-10.0,4,-13.691630917431597,-9.999999997190146,-7.499999999743049,-4.999999999984353,-2.4999999999995235,nan,lower,0.1
305,phase1,lower,-10.0,4,-13.691630917431597,-9.999999997445437,-7.499999999767179,-4.99999999998587,-2.499999999999571,nan,lower,0.1
306,phase1,lower,-10.0,4,-13.691630917431597,-9.999999997677612,-7.499999999789048,-4.99999999998724,-2.499999999999614,nan,lower,0.1
307,phase1,lower,-10.0,4,-13.691630917431597,-9.999999997888755,-7.499999999808868,-4.999999999988478,-2.4999999999996527,nan,lower,0.1
308,phase1,lower,-10.0,4,-13.691630917431597,-9.999999998080767,-7.499999999826828,-4.999999999989595,-2.4999999999996874,nan,lower,0.1
309,phase1,upper,-15.0,2,-13.807930391437678,-9.999999998080767,-7.499999999826828,-4.999999999989595,-2.4999999999996874,nan,lower,0.1
310,phase1,lower,-10.0,4,-13.807930391437678,-9.999999998255372,-7.499999999843105,-4.999999999990604,-2.4999999999997184,nan,lower,0.1
311,phase1,lower,-10.0,4,-13.807930391437678,-9.999999998414145,-7.499999999857855,-4.999999999991515,-2.4999999999997464,nan,lower,0.1
312,phase1,lower,-10.0,4,-13.807930391437678,-9.999999998558517,-7.499999999871221,-4.999999999992339,-2.4999999999997717,nan,lower,0.1
313,phase1,lower,-10.0,4,-13.807930391437678,-9.999999998689788,-7.499999999883333,-4.999999999993082,-2.4999999999997944,nan,lower,0.1
314,phase1,lower,-10.0,4,-13.807930391437678,-9.999999998809143,-7.4999999998943085,-4.999999999993753,-2.499999999999815,nan,lower,0.1
315,phase1,lower,-10.0,4,-13.807930391437678,-9.999999998917659,-7.499999999904253,-4.99999999999436,-2.4999999999998335,nan,lower,0.1
316,phase1,lower,-10.0,4,-13.807930391437678,-9.999999999016318,-7.499999999913263,-4.999999999994907,-2.49999999999985,nan,lower,0.1
317,phase1,lower,-10.0,4,-13.807930391437678,-9.999999999106013,-7.499999999921427,-4.999999999995401,-2.499999999999865,nan,lower,0.1
318,phase1,lower,-10.0,4,-13.807930391437678,-9.999999999187555,-7.499999999928825,-4.999999999995848,-2.4999999999998783,nan,lower,0.1
319,phase1,lower,-10.0,4,-13.807930391437678,-9.999999999261682,-7.499999999935527,-4.999999999996251,-2.4999999999998903,nan,lower,0.1
320,phase1,upper,-15.0,2,-13.914053661468225,-9.999999999261682,-7.499999999935527,-4.999999999996251,-2.4999999999998903,nan,lower,0.1
321,phase1,lower,-10.0,4,-13.914053661468225,-9.999999999329066,-7.4999999999416,-4.999999999996615,-2.4999999999999014,nan,lower,0.1
322,phase1,lower,-10.0,4,-13.914053661468225,-9.99999999939032,-7.499999999947101,-4.999999999996944,-2.499999999999911,nan,lower,0.1
323,phase1,lower,-10.0,4,-13.914053661468225,-9.999999999445999,-7.499999999952085,-4.99999999999724,-2.49999999999992,nan,lower,0.1
324,phase1,lower,-10.0,4,-13.914053661468225,-9.999999999496607,-7.499999999956601,-4.999999999997509,-2.499999999999928,nan,lower,0.1
325,phase1,lower,-10.0,4,-13.914053661468225,-9.999999999542606,-7.499999999960692,-4.99999999999775,-2.499999999999935,nan,lower,0.1
326,phase1,lower,-10.0,4,-13.914053661468225,-9.999999999584414,-7.499999999964397,-4.999999999997969,-2.499999999999942,nan,lower,0.1
327,phase1,lower,-10.0,4,-13.914053661468225,-9.999999999622412,-7.499999999967755,-4.999999999998166,-2.4999999999999476,nan,lower,0.1
328,phase1,lower,-10.0,4,-13.914053661468225,-9.999999999656946,-7.499999999970796,-4.999999999998344,-2.499999999999953,nan,lower,0.1
329,phase1,lower,-10.0,4,-13.914053661468225,-9.999999999688331,-7.499999999973551,-4.999999999998505,-2.499999999999958,nan,lower,0.1
330,phase1,lower,-10.0,4,-13.914053661468225,-9.999999999716852,-7.499999999976047,-4.99999999999865,-2.499999999999962,nan,lower,0.1
331,phase1,lower,-10.0,4,-13.914053661468225,-9.999999999742771,-7.499999999978307,-4.999999999998781,-2.499999999999966,nan,lower,0.1
332,phase1,lower,-10.0,4,-13.914053661468225,-9.999999999766324,-7.499999999980354,-4.9999999999988995,-2.4999999999999694,nan,lower,0.1
333,phase1,lower,-10.0,4,-13.914053661468225,-9.999999999787727,-7.499999999982209,-4.999999999999007,-2.4999999999999725,nan,lower,0.1
334,phase1,lower,-10.0,4,-13.914053661468225,-9.999999999807175,-7.499999999983888,-4.999999999999104,-2.499999999999975,nan,lower,0.1
335,phase1,lower,-10.0,4,-13.914053661468225,-9.999999999824846,-7.49999999998541,-4.999999999999191,-2.499999999999978,nan,lower,0.1
336,phase1,lower,-10.0,4,-13.914053661468225,-9.999999999840902,-7.499999999986788,-4.99999999999927,-2.49999999999998,nan,lower,0.1
337,phase1,lower,-10.0,4,-13.914053661468225,-9.999999999855492,-7.499999999988036,-4.999999999999341,-2.4999999999999822,nan,lower,0.1
338,phase1,lower,-10.0,4,-13.914053661468225,-9.999999999868747,-7.499999999989167,-4.999999999999405,-2.499999999999984,nan,lower,0.1
339,phase1,lower,-10.0,4,-13.914053661468225,-9.999999999880789,-7.499999999990191,-4.999999999999463,-2.499999999999986,nan,lower,0.1
340,phase1,lower,-10.0,4,-13.914053661468225,-9.99999999989173,-7.499999999991118,-4.999999999999515,-2.499999999999987,nan,lower,0.1
341,phase1,lower,-10.0,4,-13.914053661468225,-9.999999999901668,-7.4999999999919575,-4.999999999999562,-2.4999999999999885,nan,lower,0.1
342,phase1,lower,-10.0,4,-13.914053661468225,-9.999999999910697,-7.499999999992718,-4.999999999999605,-2.49999999999999,nan,lower,0.1
343,phase1,lower,-10.0,4,-13.914053661468225,-9.999999999918899,-7.499999999993406,-4.999999999999643,-2.4999999999999907,nan,lower,0.1
344,phase1,lower,-10.0,4,-13.914053661468225,-9.999999999926349,-7.49999999999403,-4.999999999999678,-2.4999999999999916,nan,lower,0.1
345,phase1,lower,-10.0,4,-13.914053661468225,-9.999999999933117,-7.4999999999945945,-4.999999999999709,-2.4999999999999925,nan,lower,0.1
346,phase1,lower,-10.0,4,-13.914053661468225,-9.999999999939265,-7.499999999995106,-4.999999999999737,-2.4999999999999933,nan,lower,0.1
347,phase1,lower,-10.0,4,-13.914053661468225,-9.99999999994485,-7.499999999995569,-4.999999999999763,-2.499999999999994,nan,lower,0.1
348,phase1,lower,-10.0,4,-13.914053661468225,-9.999999999949921,-7.499999999995988,-4.999999999999786,-2.4999999999999942,nan,lower,0.1
349,phase1,lower,-10.0,4,-13.914053661468225,-9.999999999954527,-7.499999999996368,-4.999999999999806,-2.4999999999999947,nan,lower,0.1
350,phase1,lower,-10.0,4,-13.914053661468225,-9.99999999995871,-7.499999999996712,-4.999999999999825,-2.499999999999995,nan,lower,0.1
351,phase1,lower,-10.0,4,-13.914053661468225,-9.99999999996251,-7.499999999997023,-4.999999999999842,-2.4999999999999956,nan,lower,0.1
352,phase1,lower,-10.0,4,-13.914053661468225,-9.999999999965961,-7.499999999997304,-4.999999999999857,-2.499999999999996,nan,lower,0.1
353,phase1,lower,-10.0,4,-13.914053661468225,-9.999999999969095,-7.499999999997559,-4.999999999999871,-2.4999999999999964,nan,lower,0.1
354,phase1,lower,-10.0,4,-13.914053661468225,-9.99999999997194,-7.49999999999779,-4.999999999999884,-2.499999999999997,nan,lower,0.1
355,phase1,lower,-10.0,4,-13.914053661468225,-9.999999999974525,-7.499999999998,-4.999999999999895,-2.4999999999999973,nan,lower,0.1
356,phase1,lower,-10.0,4,-13.914053661468225,-9.999999999976872,-7.499999999998189,-4.999999999999906,-2.499999999999998,nan,lower,0.1
357,phase1,lower,-10.0,4,-13.914053661468225,-9.999999999979003,-7.49999999999836,-4.999999999999915,-2.4999999999999982,nan,lower,0.1
358,phase1,lower,-10.0,4,-13.914053661468225,-9.99999999998094,-7.499999999998516,-4.999999999999923,-2.4999999999999982,nan,lower,0.1
359,phase1,lower,-10.0,4,-13.914053661468225,-9.999999999982697,-7.499999999998656,-4.999999999999931,-2.4999999999999982,nan,lower,0.1
360,phase1,lower,-10.0,4,-13.914053661468225,-9.999999999984293,-7.499999999998783,-4.999999999999938,-2.4999999999999982,nan,lower,0.1
361,phase1,lower,-10.0,4,-13.914053661468225,-9.999999999985743,-7.499999999998899,-4.999999999999944,-2.4999999999999982,nan,lower,0.1
362,phase1,lower,-10.0,4,-13.914053661468225,-9.99999999998706,-7.4999999999990035,-4.999999999999949,-2.4999999999999982,nan,lower,0.1
363,phase1,lower,-10.0,4,-13.914053661468225,-9.999999999988253,-7.499999999999098,-4.999999999999954,-2.4999999999999982,nan,lower,0.1
364,phase1,lower,-10.0,4,-13.914053661468225,-9.999999999989338,-7.499999999999183,-4.999999999999958,-2.4999999999999982,nan,lower,0.1
365,phase1,lower,-10.0,4,-13.914053661468225,-9.999999999990322,-7.49999999999926,-4.999999999999963,-2.4999999999999982,nan,lower,0.1
366,phase1,lower,-10.0,4,-13.914053661468225,-9.999999999991216,-7.49999999999933,-4.999999999999966,-2.4999999999999982,nan,lower,0.1
367,phase1,lower,-10.0,4,-13.914053661468225,-9.999999999992028,-7.499999999999394,-4.99999999999997,-2.4999999999999982,nan,lower,0.1
368,phase1,lower,-10.0,4,-13.914053661468225,-9.999999999992765,-7.499999999999452,-4.9999999999999725,-2.4999999999999982,nan,lower,0.1
369,phase1,upper,-15.0,2,-14.010872973578287,-9.999999999992765,-7.499999999999452,-4.9999999999999725,-2.4999999999999982,nan,lower,0.1
370,phase1,upper,-15.0,2,-14.099187886651654,-9.999999999992765,-7.499999999999452,-4.9999999999999725,-2.4999999999999982,nan,lower,0.1
371,phase1,lower,-10.0,4,-14.099187886651654,-9.999999999993435,-7.499999999999504,-4.999999999999975,-2.4999999999999982,nan,lower,0.1
372,phase1,lower,-10.0,4,-14.099187886651654,-9.999999999994042,-7.4999999999995515,-4.999999999999978,-2.4999999999999982,nan,lower,0.1
373,phase1,lower,-10.0,4,-14.099187886651654,-9.999999999994593,-7.499999999999594,-4.99999999999998,-2.4999999999999982,nan,lower,0.1
374,phase1,lower,-10.0,4,-14.099187886651654,-9.999999999995094,-7.499999999999632,-4.999999999999981,-2.4999999999999982,nan,lower,0.1
375,phase1,lower,-10.0,4,-14.099187886651654,-9.999999999995548,-7.499999999999667,-4.999999999999983,-2.4999999999999982,nan,lower,0.1
376,phase1,lower,-10.0,4,-14.099187886651654,-9.99999999999596,-7.499999999999699,-4.999999999999985,-2.4999999999999982,nan,lower,0.1
377,phase1,lower,-10.0,4,-14.099187886651654,-9.999999999996334,-7.499999999999727,-4.999999999999986,-2.4999999999999982,nan,lower,0.1
378,phase1,lower,-10.0,4,-14.099187886651654,-9.999999999996673,-7.499999999999753,-4.999999999999987,-2.4999999999999982,nan,lower,0.1
379,phase1,lower,-10.0,4,-14.099187886651654,-9.99999999999698,-7.499999999999776,-4.999999999999988,-2.4999999999999982,nan,lower,0.1
380,phase1,lower,-10.0,4,-14.099187886651654,-9.999999999997259,-7.4999999999997975,-4.9999999999999885,-2.4999999999999982,nan,lower,0.1
381,phase1,lower,-10.0,4,-14.099187886651654,-9.999999999997513,-7.499999999999817,-4.999999999999989,-2.4999999999999982,nan,lower,0.1
382,phase1,lower,-10.0,4,-14.099187886651654,-9.999999999997744,-7.499999999999834,-4.99999999999999,-2.4999999999999982,nan,lower,0.1
383,phase1,lower,-10.0,4,-14.099187886651654,-9.999999999997954,-7.49999999999985,-4.999999999999991,-2.4999999999999982,nan,lower,0.1
384,phase1,lower,-10.0,4,-14.099187886651654,-9.999999999998144,-7.499999999999864,-4.999999999999992,-2.4999999999999982,nan,lower,0.1
385,phase1,lower,-10.0,4,-14.099187886651654,-9.999999999998316,-7.4999999999998765,-4.999999999999993,-2.4999999999999982,nan,lower,0.1
386,phase1,lower,-10.0,4,-14.099187886651654,-9.999999999998472,-7.499999999999888,-4.999999999999994,-2.4999999999999982,nan,lower,0.1
387,phase1,lower,-10.0,4,-14.099187886651654,-9.999999999998614,-7.499999999999899,-4.999999999999995,-2.4999999999999982,nan,lower,0.1
388,phase1,upper,-15.0,2,-14.179731087374565,-9.999999999998614,-7.499999999999899,-4.999999999999995,-2.4999999999999982,nan,lower,0.1
389,phase1,upper,-15.0,2,-14.253173769086377,-9.999999999998614,-7.499999999999899,-4.999999999999995,-2.4999999999999982,nan,lower,0.1
390,phase1,lower,-10.0,4,-14.253173769086377,-9.999999999998742,-7.4999999999999085,-4.999999999999995,-2.4999999999999982,nan,lower,0.1
391,phase1,lower,-10.0,4,-14.253173769086377,-9.99999999999886,-7.499999999999917,-4.999999999999995,-2.4999999999999982,nan,lower,0.1
392,phase1,lower,-10.0,4,-14.253173769086377,-9.999999999998966,-7.499999999999925,-4.999999999999995,-2.4999999999999982,nan,lower,0.1
393,phase1,lower,-10.0,4,-14.253173769086377,-9.999999999999062,-7.4999999999999325,-4.999999999999995,-2.4999999999999982,nan,lower,0.1
394,phase1,lower,-10.0,4,-14.253173769086377,-9.99999999999915,-7.499999999999939,-4.999999999999995,-2.4999999999999982,nan,lower,0.1
395,phase1,lower,-10.0,4,-14.253173769086377,-9.999999999999229,-7.499999999999944,-4.999999999999995,-2.4999999999999982,nan,lower,0.1
396,phase1,lower,-10.0,4,-14.253173769086377,-9.9999999999993,-7.499999999999949,-4.999999999999995,-2.4999999999999982,nan,lower,0.1
397,phase1,lower,-10.0,4,-14.253173769086377,-9.999999999999366,-7.499999999999954,-4.999999999999995,-2.4999999999999982,nan,lower,0.1
398,phase1,lower,-10.0,4,-14.253173769086377,-9.999999999999424,-7.499999999999958,-4.999999999999995,-2.4999999999999982,nan,lower,0.1
399,phase1,lower,-10.0,4,-14.253173769086377,-9.999999999999478,-7.499999999999962,-4.999999999999995,-2.4999999999999982,nan,lower,0.1
400,phase2,lower,-20.0,4,-14.253173769086377,-9.999999999999526,-8.499999999999977,-5.270000000000005,-2.6890000000000054,-0.14700000000000557,lower,0.1
401,phase2,lower,-20.0,4,-14.253173769086377,-10.232299999999576,-9.546609999999996,-5.595917000000017,-2.9017249000000134,-0.17448270000000626,lower,0.1
402,phase2,lower,-20.0,4,-14.253173769086377,-10.570765429999623,-10.560451171000013,-5.918566408700028,-3.09575725639002,-0.1701075779700057,lower,0.1
403,phase2,lower,-20.0,4,-14.253173769086377,-10.972830824272666,-11.52065198389813,-6.220527107276608,-3.2614348133039543,-0.15732427984947184,lower,0.1
404,phase2,lower,-20.0,4,-14.253173769086377,-11.419204792099736,-12.422044963851032,-6.4959983335411,-3.3978621589995273,-0.14248982106552352,lower,0.1
405,phase2,lower,-20.0,4,-14.253173769086377,-11.897729648233836,-13.263785572728604,-6.74272314740457,-3.5065031683092913,-0.1273964215042382,lower,0.1
406,phase2,lower,-20.0,4,-14.253173769086377,-12.398992020037127,-14.04632258570523,-6.959782742867613,-3.5894520274035897,-0.1126042640036758,lower,0.1
407,phase2,lower,-20.0,4,-14.253173769086377,-12.915068914207245,-14.770587213016823,-7.146956123681344,-3.648952411997795,-0.0983296737714422,lower,0.1
408,phase2,lower,-20.0,4,-14.253173769086377,-13.439117450482502,-15.437770792627143,-7.304500395081638,-3.687252320380614,-0.08468321064875388,lower,0.1
409,phase2,lower,-20.0,4,-14.253173769086377,-13.965197674280844,-16.049257815819214,-7.433047130940441,-3.7065514706558584,-0.07173472774337533,lower,0.1
410,phase2,lower,-20.0,4,-14.253173769086377,-14.488164943403719,-16.6065992496312,-7.53353362803016,-3.7089761849453127,-0.05953223693424428,upper,0.1
411,phase2,upper,-15.0,2,-14.3737096168229,-14.488164943403719,-16.6065992496312,-7.53353362803016,-3.7089761849453127,-0.04554946792057503,upper,0.1
412,phase2,upper,-15.0,2,-14.475938331991276,-14.488164943403719,-16.6065992496312,-7.53353362803016,-3.7089761849453127,-0.03559687331280743,upper,0.1
413,phase2,upper,-15.0,2,-14.56364926464168,-14.488164943403719,-16.6065992496312,-7.53353362803016,-3.7089761849453127,-0.028153680763338254,lower,0.1
414,phase2,lower,-20.0,4,-14.56364926464168,-14.975346686713472,-17.091727232620137,-7.593309293542779,-3.686877502362263,-0.04057433127168182,upper,0.1
415,phase2,upper,-15.0,2,-14.650487852382,-14.975346686713472,-17.091727232620137,-7.593309293542779,-3.686877502362263,-0.028442992320251284,upper,0.1
416,phase2,upper,-15.0,2,-14.720970583175204,-14.975346686713472,-17.091727232620137,-7.593309293542779,-3.686877502362263,-0.020382867272015128,upper,0.1
417,phase2,upper,-15.0,2,-14.779161423585567,-14.975346686713472,-17.091727232620137,-7.593309293542779,-3.686877502362263,-0.014772324080131814,upper,0.1
418,phase2,upper,-15.0,2,-14.8276493289184,-14.975346686713472,-17.091727232620137,-7.593309293542779,-3.686877502362263,-0.010696242862233377,upper,0.1
419,phase2,upper,-15.0,2,-14.8681899374058,-14.975346686713472,-17.091727232620137,-7.593309293542779,-3.686877502362263,-0.007629420042917187,upper,0.1
420,phase2,upper,-15.0,2,-14.902056993254682,-14.975346686713472,-17.091727232620137,-7.593309293542779,-3.686877502362263,-0.005262665695932405,upper,0.1
421,phase2,upper,-15.0,2,-14.930234976514885,-14.975346686713472,-17.091727232620137,-7.593309293542779,-3.686877502362263,-0.003407253821318605,upper,0.1
422,phase2,upper,-15.0,2,-14.953525033126441,-14.975346686713472,-17.091727232620137,-7.593309293542779,-3.686877502362263,-0.0019423875414863049,upper,0.1
423,phase2,upper,-15.0,2,-14.972603694094003,-14.975346686713472,-17.091727232620137,-7.593309293542779,-3.686877502362263,-0.0007862728053148133,upper,0.1
424,phase2,upper,-15.0,2,-14.988055978396948,-14.975346686713472,-17.091727232620137,-7.593309293542779,-3.686877502362263,0.00011985463825037092,lower,0.1
425,phase2,lower,-20.0,4,-14.988055978396948,-15.436876872129714,-17.516452205029783,-7.620905566491806,-3.647983710211118,-0.026455642328639804,upper,0.1
426,phase2,upper,-15.0,2,-15.024312606455581,-15.436876872129714,-17.516452205029783,-7.620905566491806,-3.647983710211118,-0.012201395892468013,upper,0.1
427,phase2,upper,-15.0,2,-15.044992297451241,-15.436876872129714,-17.516452205029783,-7.620905566491806,-3.647983710211118,-0.0043764466713223805,upper,0.1
428,phase2,upper,-15.0,2,-15.056379141192426,-15.436876872129714,-17.516452205029783,-7.620905566491806,-3.647983710211118,-0.0001243661890812037,upper,0.1
429,phase2,upper,-15.0,2,-15.062082514244455,-15.436876872129714,-17.516452205029783,-7.620905566491806,-3.647983710211118,0.0021336647164900712,upper,0.1
430,phase2,upper,-15.0,2,-15.064219190460081,-15.436876872129714,-17.516452205029783,-7.620905566491806,-3.647983710211118,0.0032730988398557304,upper,0.1
431,phase2,upper,-15.0,2,-15.064065303187917,-15.436876872129714,-17.516452205029783,-7.620905566491806,-3.647983710211118,0.003781665296865268,upper,0.1
432,phase2,upper,-15.0,2,-15.062416888877237,-15.436876872129714,-17.516452205029783,-7.620905566491806,-3.647983710211118,0.003932932692186482,upper,0.1
433,phase2,upper,-15.0,2,-15.059790156230932,-15.436876872129714,-17.516452205029783,-7.620905566491806,-3.647983710211118,0.00388180529538804,upper,0.1
434,phase2,upper,-15.0,2,-15.0565335256633,-15.436876872129714,-17.516452205029783,-7.620905566491806,-3.647983710211118,0.003717118759507503,upper,0.1
435,phase2,upper,-15.0,2,-15.052891020162333,-15.436876872129714,-17.516452205029783,-7.620905566491806,-3.647983710211118,0.0034906550864907985,upper,0.1
436,phase2,upper,-15.0,2,-15.049038756977767,-15.436876872129714,-17.516452205029783,-7.620905566491806,-3.647983710211118,0.003233190972645327,upper,0.1
437,phase2,upper,-15.0,2,-15.045106495515338,-15.436876872129714,-17.516452205029783,-7.620905566491806,-3.647983710211118,0.0029634112230948525,upper,0.1
438,phase2,upper,-15.0,2,-15.041190817812549,-15.436876872129714,-17.516452205029783,-7.620905566491806,-3.647983710211118,0.0026928916805961274,upper,0.1
439,phase2,upper,-15.0,2,-15.037363563961025,-15.436876872129714,-17.516452205029783,-7.620905566491806,-3.647983710211118,0.002428912837359613,upper,0.1
440,phase2,upper,-15.0,2,-15.03367752264731,-15.436876872129714,-17.516452205029783,-7.620905566491806,-3.647983710211118,0.0021760724307285785,upper,0.1
441,phase2,upper,-15.0,2,-15.030170486125055,-15.436876872129714,-17.516452205029783,-7.620905566491806,-3.647983710211118,0.0019372297503624182,upper,0.1
442,phase2,upper,-15.0,2,-15.026868289585172,-15.436876872129714,-17.516452205029783,-7.620905566491806,-3.647983710211118,0.001714075082619167,upper,0.1
443,phase2,upper,-15.0,2,-15.023787185917536,-15.436876872129714,-17.516452205029783,-7.620905566491806,-3.647983710211118,0.001507486229643457,upper,0.1
444,phase2,upper,-15.0,2,-15.020935758793094,-15.436876872129714,-17.516452205029783,-7.620905566491806,-3.647983710211118,0.0013177617734527482,upper,0.1
445,phase2,lower,-20.0,4,-15.020935758793094,-15.893648419823613,-17.899715885247012,-7.62990646247293,-3.602821606196863,-0.01972202969899947,upper,0.1
446,phase2,upper,-15.0,2,-15.03725230756003,-15.893648419823613,-17.899715885247012,-7.62990646247293,-3.602821606196863,-0.009164716805311758,upper,0.1
447,phase2,upper,-15.0,2,-15.043573379420296,-15.893648419823613,-17.899715885247012,-7.62990646247293,-3.602821606196863,-0.0035465876016081456,upper,0.1
448,phase2,upper,-15.0,2,-15.044551565542646,-15.893648419823613,-17.899715885247012,-7.62990646247293,-3.602821606196863,-0.000629863386897815,upper,0.1
449,phase2,upper,-15.0,2,-15.042756185702714,-15.893648419823613,-17.899715885247012,-7.62990646247293,-3.602821606196863,0.0008153107867668782,upper,0.1
450,phase2,upper,-15.0,2,-15.03960629758126,-15.893648419823613,-17.899715885247012,-7.62990646247293,-3.602821606196863,0.0014647380993944516,upper,0.1
451,phase2,upper,-15.0,2,-15.035884363168169,-15.893648419823613,-17.899715885247012,-7.62990646247293,-3.602821606196863,0.0016895802850137945,upper,0.1
452,phase2,upper,-15.0,2,-15.03201939067228,-15.893648419823613,-17.899715885247012,-7.62990646247293,-3.602821606196863,0.0016934337131579414,upper,0.1
453,phase2,upper,-15.0,2,-15.028243297718488,-15.893648419823613,-17.899715885247012,-7.62990646247293,-3.602821606196863,0.001587684004540241,upper,0.1
454,phase2,upper,-15.0,2,-15.024677504757852,-15.893648419823613,-17.899715885247012,-7.62990646247293,-3.602821606196863,0.0014329451316897873,upper,0.1
455,phase2,upper,-15.0,2,-15.021381091056401,-15.893648419823613,-17.899715885247012,-7.62990646247293,-3.602821606196863,0.0012618595797998645,upper,0.1
456,phase2,upper,-15.0,2,-15.018377738835976,-15.893648419823613,-17.899715885247012,-7.62990646247293,-3.602821606196863,0.0010916528519194402,upper,0.1
457,phase2,upper,-15.0,2,-15.015670940366293,-15.893648419823613,-17.899715885247012,-7.62990646247293,-3.602821606196863,0.0009310540812537361,upper,0.1
458,phase2,lower,-20.0,4,-15.015670940366293,-16.343417217692824,-18.243812200464845,-7.622167202677092,-3.552786612539961,-0.013774259451815443,upper,0.1
459,phase2,upper,-15.0,2,-15.026487465994824,-16.343417217692824,-18.243812200464845,-7.622167202677092,-3.552786612539961,-0.00642148662943005,upper,0.1
460,phase2,upper,-15.0,2,-15.030431274937259,-16.343417217692824,-18.243812200464845,-7.622167202677092,-3.552786612539961,-0.002517102080740766,upper,0.1
461,phase2,upper,-15.0,2,-15.030740429508091,-16.343417217692824,-18.243812200464845,-7.622167202677092,-3.552786612539961,-0.000496503128610366,upper,0.1
462,phase2,upper,-15.0,2,-15.02919719956967,-16.343417217692824,-18.243812200464845,-7.622167202677092,-3.552786612539961,0.0004998189043483332,upper,0.1
463,phase2,upper,-15.0,2,-15.026780754238503,-16.343417217692824,-18.243812200464845,-7.622167202677092,-3.552786612539961,0.0009438325016681011,upper,0.1
464,phase2,upper,-15.0,2,-15.024026443023356,-16.343417217692824,-18.243812200464845,-7.622167202677092,-3.552786612539961,0.0010944629762442832,upper,0.1
465,phase2,upper,-15.0,2,-15.02122378143596,-16.343417217692824,-18.243812200464845,-7.622167202677092,-3.552786612539961,0.0010934921072705433,upper,0.1
466,phase2,upper,-15.0,2,-15.018525732269984,-16.343417217692824,-18.243812200464845,-7.622167202677092,-3.552786612539961,0.0010182730113924665,upper,0.1
467,phase2,upper,-15.0,2,-15.016009172547447,-16.343417217692824,-18.243812200464845,-7.622167202677092,-3.552786612539961,0.0009107154825762798,upper,0.1
468,phase2,upper,-15.0,2,-15.013708470373578,-16.343417217692824,-18.243812200464845,-7.622167202677092,-3.552786612539961,0.0007932305213261663,upper,0.1
469,phase2,upper,-15.0,2,-15.01163422533283,-16.343417217692824,-18.243812200464845,-7.622167202677092,-3.552786612539961,0.0006775066852173087,upper,0.1
470,phase2,upper,-15.0,2,-15.009783802664801,-16.343417217692824,-18.243812200464845,-7.622167202677092,-3.552786612539961,0.0005693450371212763,upper,0.1
471,phase2,upper,-15.0,2,-15.008147311237911,-16.343417217692824,-18.243812200464845,-7.622167202677092,-3.552786612539961,0.0004713258677201183,upper,0.1
472,phase2,upper,-15.0,2,-15.006711037347408,-16.343417217692824,-18.243812200464845,-7.622167202677092,-3.552786612539961,0.00038428175746024176,upper,0.1
473,phase2,upper,-15.0,2,-15.00545944578764,-16.343417217692824,-18.243812200464845,-7.622167202677092,-3.552786612539961,0.0003081127635530007,upper,0.1
474,phase2,upper,-15.0,2,-15.00437636422657,-16.343417217692824,-18.243812200464845,-7.622167202677092,-3.552786612539961,0.00024223842112167836,upper,0.1
475,phase2,upper,-15.0,2,-15.003445694113207,-16.343417217692824,-18.243812200464845,-7.622167202677092,-3.552786612539961,0.00018584875505495277,upper,0.1
476,phase2,upper,-15.0,2,-15.002651840901853,-16.343417217692824,-18.243812200464845,-7.622167202677092,-3.552786612539961,0.00013804367351067767,upper,0.1
477,phase2,upper,-15.0,2,-15.001979973193544,-16.343417217692824,-18.243812200464845,-7.622167202677092,-3.552786612539961,9.7910070882464e-05,upper,0.1
478,phase2,upper,-15.0,2,-15.00141617421134,-16.343417217692824,-18.243812200464845,-7.622167202677092,-3.552786612539961,6.456393788177662e-05,upper,0.1
479,phase2,upper,-15.0,2,-15.000947523214698,-16.343417217692824,-18.243812200464845,-7.622167202677092,-3.552786612539961,3.7172645173019666e-05,upper,0.1
480,phase2,upper,-15.0,2,-15.000562129882995,-16.343417217692824,-18.243812200464845,-7.622167202677092,-3.552786612539961,1.496587698151367e-05,upper,0.1
481,phase2,upper,-15.0,2,-15.000249136337468,-16.343417217692824,-18.243812200464845,-7.622167202677092,-3.552786612539961,-2.7600068510843368e-06,upper,0.1
482,phase2,upper,-15.0,2,-14.99999869656357,-16.343417217692824,-18.243812200464845,-7.622167202677092,-3.552786612539961,-1.6641453438794168e-05,upper,0.1
483,phase2,upper,-15.0,2,-14.99980194002199,-16.343417217692824,-18.243812200464845,-7.622167202677092,-3.552786612539961,-2.7249461748495284e-05,upper,0.1
484,phase2,upper,-15.0,2,-14.999650924359006,-16.343417217692824,-18.243812200464845,-7.622167202677092,-3.552786612539961,-3.509265166727522e-05,upper,0.1
485,phase2,upper,-15.0,2,-14.99953858088215,-16.343417217692824,-18.243812200464845,-7.622167202677092,-3.552786612539961,-4.06210862486733e-05,upper,0.1
486,phase2,upper,-15.0,2,-14.999458655598595,-16.343417217692824,-18.243812200464845,-7.622167202677092,-3.552786612539961,-4.4230489303437945e-05,upper,0.1
487,phase2,upper,-15.0,2,-14.999405647976824,-16.343417217692824,-18.243812200464845,-7.622167202677092,-3.552786612539961,-4.626662739393232e-05,upper,0.1
488,phase2,upper,-15.0,2,-14.999374749105888,-16.343417217692824,-18.243812200464845,-7.622167202677092,-3.552786612539961,-4.7029703321541563e-05,upper,0.1
489,phase2,upper,-15.0,2,-14.999361780543136,-16.343417217692824,-18.243812200464845,-7.622167202677092,-3.552786612539961,-4.677865806769997e-05,upper,0.1
490,phase2,upper,-15.0,2,-14.99936313483277,-16.343417217692824,-18.243812200464845,-7.622167202677092,-3.552786612539961,-4.5735311395527414e-05,upper,0.1
491,phase2,upper,-15.0,2,-14.999375718426155,-16.343417217692824,-18.243812200464845,-7.622167202677092,-3.552786612539961,-4.408829441921729e-05,upper,0.1
492,phase2,upper,-15.0,2,-14.999396897528854,-16.343417217692824,-18.243812200464845,-7.622167202677092,-3.552786612539961,-4.1996744085860624e-05,upper,0.1
493,phase2,upper,-15.0,2,-14.999424447230716,-16.343417217692824,-18.243812200464845,-7.622167202677092,-3.552786612539961,-3.95937418398201e-05,upper,0.1
494,phase2,upper,-15.0,2,-14.99945650413781,-16.343417217692824,-18.243812200464845,-7.622167202677092,-3.552786612539961,-3.698948803065084e-05,upper,0.1
495,phase2,upper,-15.0,2,-14.999491522613816,-16.343417217692824,-18.243812200464845,-7.622167202677092,-3.552786612539961,-3.427421069069273e-05,upper,0.1
496,phase2,upper,-15.0,2,-14.999528234649599,-16.343417217692824,-18.243812200464845,-7.622167202677092,-3.552786612539961,-3.152081266950382e-05,upper,0.1
497,phase2,upper,-15.0,2,-14.99956561330975,-16.343417217692824,-18.243812200464845,-7.622167202677092,-3.552786612539961,-2.8787265132781043e-05,upper,0.1
498,phase2,upper,-15.0,2,-14.999602839651006,-16.343417217692824,-18.243812200464845,-7.622167202677092,-3.552786612539961,-2.6118758385281572e-05,upper,0.1
499,phase2,upper,-15.0,2,-14.999639272967077,-16.343417217692824,-18.243812200464845,-7.622167202677092,-3.552786612539961,-2.3549623061437534e-05,upper,0.1
500,phase2,upper,-15.0,2,-14.99967442418537,-16.343417217692824,-18.243812200464845,-7.622167202677092,-3.552786612539961,-2.110503610937471e-05,upper,0.1
501,phase2,upper,-15.0,2,-14.999707932221458,-16.343417217692824,-18.243812200464845,-7.622167202677092,-3.552786612539961,-1.8802526809337517e-05,upper,0.1
502,phase2,upper,-15.0,2,-14.999739543085227,-16.343417217692824,-18.243812200464845,-7.622167202677092,-3.552786612539961,-1.6653298425171613e-05,upper,0.1
503,phase2,upper,-15.0,2,-14.999769091527003,-16.343417217692824,-18.243812200464845,-7.622167202677092,-3.552786612539961,-1.4663381084010519e-05,upper,0.1
504,phase2,upper,-15.0,2,-14.9997964850114,-16.343417217692824,-18.243812200464845,-7.622167202677092,-3.552786612539961,-1.2834631193046788e-05,upper,0.1
505,phase2,upper,-15.0,2,-14.99982168980997,-16.343417217692824,-18.243812200464845,-7.622167202677092,-3.552786612539961,-1.116559219784401e-05,upper,0.1
506,phase2,upper,-15.0,2,-14.999844719010213,-16.343417217692824,-18.243812200464845,-7.622167202677092,-3.552786612539961,-9.652230824002302e-06,upper,0.1
507,phase2,upper,-15.0,2,-14.999865622247194,-16.343417217692824,-18.243812200464845,-7.622167202677092,-3.552786612539961,-8.288562165854758e-06,upper,0.1
508,phase2,upper,-15.0,2,-14.99988447697439,-16.343417217692824,-18.243812200464845,-7.622167202677092,-3.552786612539961,-7.0671761332749075e-06,upper,0.1
509,phase2,upper,-15.0,2,-14.999901381101832,-16.343417217692824,-18.243812200464845,-7.622167202677092,-3.552786612539961,-5.979676870776603e-06,upper,0.1
510,phase2,upper,-15.0,2,-14.999916446841713,-16.343417217692824,-18.243812200464845,-7.622167202677092,-3.552786612539961,-5.017045848965671e-06,upper,0.1
511,phase2,upper,-15.0,2,-14.999929795614069,-16.343417217692824,-18.243812200464845,-7.622167202677092,-3.552786612539961,-4.169938416262168e-06,upper,0.1
512,phase2,upper,-15.0,2,-14.999941553877502,-16.343417217692824,-18.243812200464845,-7.622167202677092,-3.552786612539961,-3.4289227046130897e-06,upper,0.1
513,phase2,upper,-15.0,2,-14.999951849762153,-16.343417217692824,-18.243812200464845,-7.622167202677092,-3.552786612539961,-2.7846689205530893e-06,upper,0.1
514,phase2,upper,-15.0,2,-14.999960810393931,-16.343417217692824,-18.243812200464845,-7.622167202677092,-3.552786612539961,-2.2280962289105183e-06,upper,0.1
515,phase2,upper,-15.0,2,-14.999968559810258,-16.343417217692824,-18.243812200464845,-7.622167202677092,-3.552786612539961,-1.7504836593011583e-06,upper,0.1
516,phase2,upper,-15.0,2,-14.999975217378294,-16.343417217692824,-18.243812200464845,-7.622167202677092,-3.552786612539961,-1.3435507385270884e-06,upper,0.1
517,phase2,upper,-15.0,2,-14.999980896636576,-16.343417217692824,-18.243812200464845,-7.622167202677092,-3.552786612539961,-9.995128775650865e-07,upper,0.1
518,phase2,upper,-15.0,2,-14.999985704490296,-16.343417217692824,-18.243812200464845,-7.622167202677092,-3.552786612539961,-7.111159209410913e-07,upper,0.1
519,phase2,upper,-15.0,2,-14.999989740699004,-16.343417217692824,-18.243812200464845,-7.622167202677092,-3.552786612539961,-4.716536982951796e-07,upper,0.1
520,phase2,upper,-15.0,2,-14.999993097603321,-16.343417217692824,-18.243812200464845,-7.622167202677092,-3.552786612539961,-2.7497190308126524e-07,upper,0.1
521,phase2,upper,-15.0,2,-14.999995860044416,-16.343417217692824,-18.243812200464845,-7.622167202677092,-3.552786612539961,-1.1546115844230464e-07,upper,0.1
522,phase2,upper,-15.0,2,-14.999998105436383,-16.343417217692824,-18.243812200464845,-7.622167202677092,-3.552786612539961,1.1958287993852069e-08,upper,0.1
523,phase2,upper,-15.0,2,-14.999999903957445,-16.343417217692824,-18.243812200464845,-7.622167202677092,-3.552786612539961,1.1185816945036734e-07,upper,0.1
524,phase2,upper,-15.0,2,-15.000001318831075,-16.343417217692824,-18.243812200464845,-7.622167202677092,-3.552786612539961,1.883283647068268e-07,upper,0.1
525,phase2,upper,-15.0,2,-15.00000240667267,-16.343417217692824,-18.243812200464845,-7.622167202677092,-3.552786612539961,2.450061719903719e-07,upper,0.1
526,phase2,upper,-15.0,2,-15.000003217881469,-16.343417217692824,-18.243812200464845,-7.622167202677092,-3.552786612539961,2.8510749633589294e-07,upper,0.1
527,phase2,upper,-15.0,2,-15.000003797060934,-16.343417217692824,-18.243812200464845,-7.622167202677092,-3.552786612539961,3.1145897633662995e-07,upper,0.1
528,phase2,upper,-15.0,2,-15.00000418345387,-16.343417217692824,-18.243812200464845,-7.622167202677092,-3.552786612539961,3.265302677694566e-07,upper,0.1
529,phase2,upper,-15.0,2,-15.000004411381287,-16.343417217692824,-18.243812200464845,-7.622167202677092,-3.552786612539961,3.3246586647880146e-07,upper,0.1
530,phase2,upper,-15.0,2,-15.000004510676236,-16.343417217692824,-18.243812200464845,-7.622167202677092,-3.552786612539961,3.31115993911845e-07,upper,0.1
531,phase2,upper,-15.0,2,-15.000004507105876,-16.343417217692824,-18.243812200464845,-7.622167202677092,-3.552786612539961,3.2406618717105047e-07,upper,0.1
532,phase2,upper,-15.0,2,-15.000004422776623,-16.343417217692824,-18.243812200464845,-7.622167202677092,-3.552786612539961,3.1266533642506445e-07,upper,0.1
533,phase2,upper,-15.0,2,-15.00000427651872,-16.343417217692824,-18.243812200464845,-7.622167202677092,-3.552786612539961,2.980519944854353e-07,upper,0.1
534,phase2,upper,-15.0,2,-15.000004084247646,-16.343417217692824,-18.243812200464845,-7.622167202677092,-3.552786612539961,2.8117885381324724e-07,upper,0.1
535,phase2,upper,-15.0,2,-15.000003859300817,-16.343417217692824,-18.243812200464845,-7.622167202677092,-3.552786612539961,2.628353401892988e-07,upper,0.1
536,phase2,upper,-15.0,2,-15.000003612748756,-16.343417217692824,-18.243812200464845,-7.622167202677092,-3.552786612539961,2.436683182549079e-07,upper,0.1
537,phase2,upper,-15.0,2,-15.000003353680604,-16.343417217692824,-18.243812200464845,-7.622167202677092,-3.552786612539961,2.242009387943725e-07,upper,0.1
538,phase2,upper,-15.0,2,-15.000003089464284,-16.343417217692824,-18.243812200464845,-7.622167202677092,-3.552786612539961,2.0484968538550445e-07,upper,0.1
539,phase2,upper,-15.0,2,-15.00000282598205,-16.343417217692824,-18.243812200464845,-7.622167202677092,-3.552786612539961,1.8593969772792582e-07,upper,0.1
540,phase2,upper,-15.0,2,-15.000002567842431,-16.343417217692824,-18.243812200464845,-7.622167202677092,-3.552786612539961,1.6771846335182382e-07,upper,0.1
541,phase2,upper,-15.0,2,-15.00000231856982,-16.343417217692824,-18.243812200464845,-7.622167202677092,-3.552786612539961,1.5036798045657135e-07,upper,0.1
542,phase2,upper,-15.0,2,-15.000002080773013,-16.343417217692824,-18.243812200464845,-7.622167202677092,-3.552786612539961,1.3401549890908087e-07,upper,0.1
543,phase2,upper,-15.0,2,-15.000001856294231,-16.343417217692824,-18.243812200464845,-7.622167202677092,-3.552786612539961,1.1874294988010532e-07,upper,0.1
544,phase2,upper,-15.0,2,-15.000001646340047,-16.343417217692824,-18.243812200464845,-7.622167202677092,-3.552786612539961,1.0459517480224195e-07,upper,0.1
545,phase2,upper,-15.0,2,-15.000001451595775,-16.343417217692824,-18.243812200464845,-7.622167202677092,-3.552786612539961,9.158706171628574e-08,upper,0.1
546,phase2,upper,-15.0,2,-15.000001272324765,-16.343417217692824,-18.243812200464845,-7.622167202677092,-3.552786612539961,7.970969450322436e-08,upper,0.1
547,phase2,upper,-15.0,2,-15.000001108454056,-16.343417217692824,-18.243812200464845,-7.622167202677092,-3.552786612539961,6.893561476642846e-08,upper,0.1
548,phase2,upper,-15.0,2,-15.000000959647766,-16.343417217692824,-18.243812200464845,-7.622167202677092,-3.552786612539961,5.922329167020183e-08,upper,0.1
549,phase2,upper,-15.0,2,-15.000000825369503,-16.343417217692824,-18.243812200464845,-7.622167202677092,-3.552786612539961,5.0520888710228607e-08,upper,0.1
550,phase2,upper,-15.0,2,-15.000000704935024,-16.343417217692824,-18.243812200464845,-7.622167202677092,-3.552786612539961,4.2769409561762076e-08,upper,0.1
551,phase2,upper,-15.0,2,-15.00000059755631,-16.343417217692824,-18.243812200464845,-7.622167202677092,-3.552786612539961,3.5905299236238934e-08,upper,0.1
552,phase2,upper,-15.0,2,-15.00000050237804,-16.343417217692824,-18.243812200464845,-7.622167202677092,-3.552786612539961,2.9862570769060596e-08,upper,0.1
553,phase2,upper,-15.0,2,-15.000000418507488,-16.343417217692824,-18.243812200464845,-7.622167202677092,-3.552786612539961,2.45745196094781e-08,upper,0.1
554,phase2,upper,-15.0,2,-15.000000345038696,-16.343417217692824,-18.243812200464845,-7.622167202677092,-3.552786612539961,1.9975084071358998e-08,upper,0.1
555,phase2,upper,-15.0,2,-15.000000281071683,-16.343417217692824,-18.243812200464845,-7.622167202677092,-3.552786612539961,1.5999902609571115e-08,upper,0.1
556,phase2,upper,-15.0,2,-15.000000225727446,-16.343417217692824,-18.243812200464845,-7.622167202677092,-3.552786612539961,1.2587113457509527e-08,upper,0.1
557,phase2,upper,-15.0,2,-15.000000178159368,-16.343417217692824,-18.243812200464845,-7.622167202677092,-3.552786612539961,9.677938058879827e-09,upper,0.1
558,phase2,upper,-15.0,2,-15.000000137561589,-16.343417217692824,-18.243812200464845,-7.622167202677092,-3.552786612539961,7.2170835173604146e-09,upper,0.1
559,phase2,upper,-15.0,2,-15.00000010317485,-16.343417217692824,-18.243812200464845,-7.622167202677092,-3.552786612539961,5.152995840107131e-09,upper,0.1
560,phase2,upper,-15.0,2,-15.000000074290242,-16.343417217692824,-18.243812200464845,-7.622167202677092,-3.552786612539961,3.437991333226222e-09,upper,0.1
561,phase2,upper,-15.0,2,-15.000000050251236,-16.343417217692824,-18.243812200464845,-7.622167202677092,-3.552786612539961,2.028289717234809e-09,upper,0.1
562,phase2,upper,-15.0,2,-15.000000030454338,-16.343417217692824,-18.243812200464845,-7.622167202677092,-3.552786612539961,8.839696315425061e-10,upper,0.1
563,phase2,upper,-15.0,2,-15.000000014348636,-16.343417217692824,-18.243812200464845,-7.622167202677092,-3.552786612539961,-3.113624856196636e-11,upper,0.1
564,phase2,upper,-15.0,2,-15.000000001434506,-16.343417217692824,-18.243812200464845,-7.622167202677092,-3.552786612539961,-7.495913362768285e-10,upper,0.1
565,phase2,upper,-15.0,2,-14.999999991261651,-16.343417217692824,-18.243812200464845,-7.622167202677092,-3.552786612539961,-1.3005383505106662e-09,upper,0.1
566,phase2,upper,-15.0,2,-14.99999998342668,-16.343417217692824,-18.243812200464845,-7.622167202677092,-3.552786612539961,-1.7099052394138402e-09,upper,0.1
567,phase2,upper,-15.0,2,-14.99999997757035,-16.343417217692824,-18.243812200464845,-7.622167202677092,-3.552786612539961,-2.000625006446574e-09,upper,0.1
568,phase2,upper,-15.0,2,-14.999999973374614,-16.343417217692824,-18.243812200464845,-7.622167202677092,-3.552786612539961,-2.1928627004086453e-09,upper,0.1
569,phase2,lower,-20.0,4,-14.999999973374614,-16.7834567179436,-18.55045836660242,-7.599112194864553,-3.4988528111930846,-0.008351292662671837,upper,0.1
570,phase2,upper,-15.0,2,-15.007516131982358,-16.7834567179436,-18.55045836660242,-7.599112194864553,-3.4988528111930846,-0.004092134634450218,upper,0.1
571,phase2,upper,-15.0,2,-15.010973564557503,-16.7834567179436,-18.55045836660242,-7.599112194864553,-3.4988528111930846,-0.0017999559850372772,upper,0.1
572,phase2,upper,-15.0,2,-15.012221396920305,-16.7834567179436,-18.55045836660242,-7.599112194864553,-3.4988528111930846,-0.0005862630180789141,upper,0.1
573,phase2,upper,-15.0,2,-15.01228294930378,-16.7834567179436,-18.55045836660242,-7.599112194864553,-3.4988528111930846,3.742543879884318e-05,upper,0.1
574,phase2,upper,-15.0,2,-15.011725771594946,-16.7834567179436,-18.55045836660242,-7.599112194864553,-3.4988528111930846,0.0003397124108726327,upper,0.1
575,phase2,upper,-15.0,2,-15.010865281207863,-16.7834567179436,-18.55045836660242,-7.599112194864553,-3.4988528111930846,0.0004683047996193186,upper,0.1
576,phase2,upper,-15.0,2,-15.009876943804647,-16.7834567179436,-18.55045836660242,-7.599112194864553,-3.4988528111930846,0.0005044101105289565,upper,0.1
577,phase2,upper,-15.0,2,-15.008858170352577,-16.7834567179436,-18.55045836660242,-7.599112194864553,-3.4988528111930846,0.0004926368765652396,upper,0.1
578,phase2,upper,-15.0,2,-15.007862553599011,-16.7834567179436,-18.55045836660242,-7.599112194864553,-3.4988528111930846,0.0004574352592751881,upper,0.1
579,phase2,upper,-15.0,2,-15.006918875929834,-16.7834567179436,-18.55045836660242,-7.599112194864553,-3.4988528111930846,0.0004121411507905155,upper,0.1
580,phase2,upper,-15.0,2,-15.006041721741203,-16.7834567179436,-18.55045836660242,-7.599112194864553,-3.4988528111930846,0.0003639549980195174,upper,0.1
581,phase2,upper,-15.0,2,-15.005237451439294,-16.7834567179436,-18.55045836660242,-7.599112194864553,-3.4988528111930846,0.0003166856289333195,upper,0.1
582,phase2,upper,-15.0,2,-15.004507604106136,-16.7834567179436,-18.55045836660242,-7.599112194864553,-3.4988528111930846,0.00027226477731541265,upper,0.1
583,phase2,upper,-15.0,2,-15.003850867173233,-16.7834567179436,-18.55045836660242,-7.599112194864553,-3.4988528111930846,0.00023158498706989398,upper,0.1
584,phase2,upper,-15.0,2,-15.00326424102304,-16.7834567179436,-18.55045836660242,-7.599112194864553,-3.4988528111930846,0.0001949646892966279,upper,0.1
585,phase2,upper,-15.0,2,-15.002743745805258,-16.7834567179436,-18.55045836660242,-7.599112194864553,-3.4988528111930846,0.0001624074986792725,upper,0.1
586,phase2,upper,-15.0,2,-15.002284863365967,-16.7834567179436,-18.55045836660242,-7.599112194864553,-3.4988528111930846,0.0001337476363673157,upper,0.1
587,phase2,upper,-15.0,2,-15.00188282216162,-16.7834567179436,-18.55045836660242,-7.599112194864553,-3.4988528111930846,0.00010873209295355856,upper,0.1
588,phase2,upper,-15.0,2,-15.001532786120238,-16.7834567179436,-18.55045836660242,-7.599112194864553,-3.4988528111930846,8.706744620069653e-05,upper,0.1
589,phase2,upper,-15.0,2,-15.001229982454113,-16.7834567179436,-18.55045836660242,-7.599112194864553,-3.4988528111930846,6.844676543648625e-05,upper,0.1
590,phase2,upper,-15.0,2,-15.000969788993388,-16.7834567179436,-18.55045836660242,-7.599112194864553,-3.4988528111930846,5.256516522230843e-05,upper,0.1
591,phase2,upper,-15.0,2,-15.000747793518308,-16.7834567179436,-18.55045836660242,-7.599112194864553,-3.4988528111930846,3.912878638633052e-05,upper,0.1
592,phase2,upper,-15.0,2,-15.000559832974671,-16.7834567179436,-18.55045836660242,-7.599112194864553,-3.4988528111930846,2.7859893648481636e-05,upper,0.1
593,phase2,upper,-15.0,2,-15.000402017798555,-16.7834567179436,-18.55045836660242,-7.599112194864553,-3.4988528111930846,1.8499622663071352e-05,upper,0.1
594,phase2,upper,-15.0,2,-15.000270744993735,-16.7834567179436,-18.55045836660242,-7.599112194864553,-3.4988528111930846,1.0809266063531373e-05,upper,0.1
595,phase2,lower,-20.0,4,-15.000270744993735,-17.210147154470025,-18.8205259841048,-7.561541474133802,-3.4414791790601234,-0.00309903154247735,upper,0.1
596,phase2,upper,-15.0,2,-15.002961559353354,-17.210147154470025,-18.8205259841048,-7.561541474133802,-3.4414791790601234,-0.00151925136857686,upper,0.1
597,phase2,upper,-15.0,2,-15.004161198581826,-17.210147154470025,-18.8205259841048,-7.561541474133802,-3.4414791790601234,-0.0006706782202941412,upper,0.1
598,phase2,upper,-15.0,2,-15.004555496447923,-17.210147154470025,-18.8205259841048,-7.561541474133802,-3.4414791790601234,-0.00022263449838455748,upper,0.1
599,phase2,upper,-15.0,2,-15.004523045734599,-17.210147154470025,-18.8205259841048,-7.561541474133802,-3.4414791790601234,6.620030660954083e-06,upper,0.1
600,phase2,upper,-15.0,2,-15.004272978014003,-17.210147154470025,-18.8205259841048,-7.561541474133802,-3.4414791790601234,0.00011696531469162442,upper,0.1
601,phase2,upper,-15.0,2,-15.003920778798149,-17.210147154470025,-18.8205259841048,-7.561541474133802,-3.4414791790601234,0.00016327860568218257,upper,0.1
602,phase2,upper,-15.0,2,-15.003530044868606,-17.210147154470025,-18.8205259841048,-7.561541474133802,-3.4414791790601234,0.00017568939413008773,upper,0.1
603,phase2,upper,-15.0,2,-15.003135516454737,-17.210147154470025,-18.8205259841048,-7.561541474133802,-3.4414791790601234,0.00017071243285830953,upper,0.1
604,phase2,upper,-15.0,2,-15.002755809047903,-17.210147154470025,-18.8205259841048,-7.561541474133802,-3.4414791790601234,0.00015736862618905497,upper,0.1
605,phase2,upper,-15.0,2,-15.002400474593797,-17.210147154470025,-18.8205259841048,-7.561541474133802,-3.4414791790601234,0.0001405516561214484,upper,0.1
606,phase2,upper,-15.0,2,-15.002073936840642,-17.210147154470025,-18.8205259841048,-7.561541474133802,-3.4414791790601234,0.00012288083567532523,upper,0.1
607,phase2,upper,-15.0,2,-15.001777700113102,-17.210147154470025,-18.8205259841048,-7.561541474133802,-3.4414791790601234,0.00010572175691142355,upper,0.1
608,phase2,upper,-15.0,2,-15.001511601378358,-17.210147154470025,-18.8205259841048,-7.561541474133802,-3.4414791790601234,8.97492404625249e-05,upper,0.1
609,phase2,upper,-15.0,2,-15.001274529598282,-17.210147154470025,-18.8205259841048,-7.561541474133802,-3.4414791790601234,7.525839744809825e-05,upper,0.1
610,phase2,upper,-15.0,2,-15.001064846253842,-17.210147154470025,-18.8205259841048,-7.561541474133802,-3.4414791790601234,6.233693189171961e-05,upper,0.1
611,phase2,upper,-15.0,2,-15.000880636395257,-17.210147154470025,-18.8205259841048,-7.561541474133802,-3.4414791790601234,5.096088845272074e-05,upper,0.1
612,phase2,upper,-15.0,2,-15.000719862055629,-17.210147154470025,-18.8205259841048,-7.561541474133802,-3.4414791790601234,4.104806859768082e-05,upper,0.1
613,phase2,upper,-15.0,2,-15.000580458184329,-17.210147154470025,-18.8205259841048,-7.561541474133802,-3.4414791790601234,3.248796042118962e-05,upper,0.1
614,phase2,upper,-15.0,2,-15.000460393773139,-17.210147154470025,-18.8205259841048,-7.561541474133802,-3.4414791790601234,2.5158573923207755e-05,upper,0.1
615,phase2,upper,-15.0,2,-15.000357711170583,-17.210147154470025,-18.8205259841048,-7.561541474133802,-3.4414791790601234,1.8935924674278503e-05,upper,0.1
616,phase2,upper,-15.0,2,-15.000270551196397,-17.210147154470025,-18.8205259841048,-7.561541474133802,-3.4414791790601234,1.369935042985576e-05,upper,0.1
617,phase2,upper,-15.0,2,-15.000197168649354,-17.210147154470025,-18.8205259841048,-7.561541474133802,-3.4414791790601234,9.334435753568065e-06,upper,0.1
618,phase2,upper,-15.0,2,-15.000135941087795,-17.210147154470025,-18.8205259841048,-7.561541474133802,-3.4414791790601234,5.7345417555409236e-06,upper,0.1
619,phase2,upper,-15.0,2,-15.000085372770608,-17.210147154470025,-18.8205259841048,-7.561541474133802,-3.4414791790601234,2.8015074294625867e-06,upper,0.1
620,phase2,upper,-15.0,2,-15.000044095056786,-17.210147154470025,-18.8205259841048,-7.561541474133802,-3.4414791790601234,4.4584961650332606e-07,upper,0.1
621,phase2,upper,-15.0,2,-15.000010864197774,-17.210147154470025,-18.8205259841048,-7.561541474133802,-3.4414791790601234,-1.413345476385975e-06,upper,0.1
622,phase2,upper,-15.0,2,-14.999984557221543,-17.210147154470025,-18.8205259841048,-7.561541474133802,-3.4414791790601234,-2.8487221946862053e-06,upper,0.1
623,phase2,upper,-15.0,2,-14.99996416644683,-17.210147154470025,-18.8205259841048,-7.561541474133802,-3.4414791790601234,-3.925073450988741e-06,upper,0.1
624,phase2,upper,-15.0,2,-14.999948793050605,-17.210147154470025,-18.8205259841048,-7.561541474133802,-3.4414791790601234,-4.699829195891207e-06,upper,0.1
625,phase2,upper,-15.0,2,-14.99993764002458,-17.210147154470025,-18.8205259841048,-7.561541474133802,-3.4414791790601234,-5.22358329479269e-06,upper,0.1
626,phase2,upper,-15.0,2,-14.99993000478826,-17.210147154470025,-18.8205259841048,-7.561541474133802,-3.4414791790601234,-5.540636592790779e-06,upper,0.1
627,phase2,upper,-15.0,2,-14.999925271670715,-17.210147154470025,-18.8205259841048,-7.561541474133802,-3.4414791790601234,-5.6895404257340116e-06,upper,0.1
628,phase2,upper,-15.0,2,-14.999922904428002,-17.210147154470025,-18.8205259841048,-7.561541474133802,-3.4414791790601234,-5.70362930578618e-06,upper,0.1
629,phase2,upper,-15.0,2,-14.999922438925417,-17.210147154470025,-18.8205259841048,-7.561541474133802,-3.4414791790601234,-5.611534726265312e-06,upper,0.1
630,phase2,upper,-15.0,2,-14.999923476082467,-17.210147154470025,-18.8205259841048,-7.561541474133802,-3.4414791790601234,-5.437674431555335e-06,upper,0.1
631,phase2,lower,-20.0,4,-14.999923476082467,-17.621189931340492,-19.055611187242732,-7.5107312207517385,-3.3814267624748346,0.0017256521223517896,upper,0.1
632,phase2,upper,-15.0,2,-14.998367694335244,-17.621189931340492,-19.055611187242732,-7.5107312207517385,-3.3814267624748346,0.0008430312870867706,upper,0.1
633,phase2,upper,-15.0,2,-14.997654095393058,-17.621189931340492,-19.055611187242732,-7.5107312207517385,-3.3814267624748346,0.0003681777901870511,upper,0.1
634,phase2,upper,-15.0,2,-14.997399142145078,-17.621189931340492,-19.055611187242732,-7.5107312207517385,-3.3814267624748346,0.00011690658767040917,upper,0.1
635,phase2,upper,-15.0,2,-14.997390514455736,-17.621189931340492,-19.055611187242732,-7.5107312207517385,-3.3814267624748346,-1.2048566128599773e-05,upper,0.1
636,phase2,upper,-15.0,2,-14.997510401695786,-17.621189931340492,-19.055611187242732,-7.5107312207517385,-3.3814267624748346,-7.437444598285932e-05,upper,0.1
637,phase2,upper,-15.0,2,-14.99769328724108,-17.621189931340492,-19.055611187242732,-7.5107312207517385,-3.3814267624748346,-0.00010069605870622827,upper,0.1
638,phase2,upper,-15.0,2,-14.99790269101273,-17.621189931340492,-19.055611187242732,-7.5107312207517385,-3.3814267624748346,-0.00010785249284045787,upper,0.1
639,phase2,upper,-15.0,2,-14.998118335432949,-17.621189931340492,-19.055611187242732,-7.5107312207517385,-3.3814267624748346,-0.00010509504521028389,upper,0.1
640,phase2,upper,-15.0,2,-14.998329045371303,-17.621189931340492,-19.055611187242732,-7.5107312207517385,-3.3814267624748346,-9.749531337462986e-05,upper,0.1
641,phase2,upper,-15.0,2,-14.998528805109661,-17.621189931340492,-19.055611187242732,-7.5107312207517385,-3.3814267624748346,-8.782008634570212e-05,upper,0.1
642,phase2,upper,-15.0,2,-14.998714555902074,-17.621189931340492,-19.055611187242732,-7.5107312207517385,-3.3814267624748346,-7.756354469636251e-05,upper,0.1
643,phase2,upper,-15.0,2,-14.998884955313931,-17.621189931340492,-19.055611187242732,-7.5107312207517385,-3.3814267624748346,-6.751615989220822e-05,upper,0.1
644,phase2,upper,-15.0,2,-14.999039669850395,-17.621189931340492,-19.055611187242732,-7.5107312207517385,-3.3814267624748346,-5.8078759598741656e-05,upper,0.1
645,phase2,upper,-15.0,2,-14.999178964888426,-17.621189931340492,-19.055611187242732,-7.5107312207517385,-3.3814267624748346,-4.943632279627473e-05,upper,0.1
646,phase2,upper,-15.0,2,-14.99930346172961,-17.621189931340492,-19.055611187242732,-7.5107312207517385,-3.3814267624748346,-4.165447795721289e-05,upper,0.1
647,phase2,upper,-15.0,2,-14.999413989762775,-17.621189931340492,-19.055611187242732,-7.5107312207517385,-3.3814267624748346,-3.473333204041753e-05,upper,0.1
648,phase2,upper,-15.0,2,-14.999511493728894,-17.621189931340492,-19.055611187242732,-7.5107312207517385,-3.3814267624748346,-2.8637682761076463e-05,upper,0.1
649,phase2,upper,-15.0,2,-14.99959697370673,-17.621189931340492,-19.055611187242732,-7.5107312207517385,-3.3814267624748346,-2.3314106984578993e-05,upper,0.1
650,phase2,upper,-15.0,2,-14.999671445162683,-17.621189931340492,-19.055611187242732,-7.5107312207517385,-3.3814267624748346,-1.87007128505187e-05,upper,0.1
651,phase2,upper,-15.0,2,-14.999735911790536,-17.621189931340492,-19.055611187242732,-7.5107312207517385,-3.3814267624748346,-1.4732755650270708e-05,upper,0.1
652,phase2,upper,-15.0,2,-14.999791346860407,-17.621189931340492,-19.055611187242732,-7.5107312207517385,-3.3814267624748346,-1.1345893471727846e-05,upper,0.1
653,phase2,upper,-15.0,2,-14.999838680474978,-17.621189931340492,-19.055611187242732,-7.5107312207517385,-3.3814267624748346,-8.478074048759961e-06,upper,0.1
654,phase2,upper,-15.0,2,-14.999878791084633,-17.621189931340492,-19.055611187242732,-7.5107312207517385,-3.3814267624748346,-6.070611163536749e-06,upper,0.1
655,phase2,upper,-15.0,2,-14.999912500165602,-17.621189931340492,-19.055611187242732,-7.5107312207517385,-3.3814267624748346,-4.0687691482376124e-06,upper,0.1
656,phase2,upper,-15.0,2,-14.999940569294559,-17.621189931340492,-19.055611187242732,-7.5107312207517385,-3.3814267624748346,-2.4220406094206705e-06,upper,0.1
657,phase2,upper,-15.0,2,-14.999963699057455,-17.621189931340492,-19.055611187242732,-7.5107312207517385,-3.3814267624748346,-1.0842276905396032e-06,upper,0.1
658,phase2,upper,-15.0,2,-14.999982529363423,-17.621189931340492,-19.055611187242732,-7.5107312207517385,-3.3814267624748346,-1.339475045247268e-08,upper,0.1
659,phase2,upper,-15.0,2,-14.999997640826344,-17.621189931340492,-19.055611187242732,-7.5107312207517385,-3.3814267624748346,8.282641629482843e-07,upper,0.1
660,phase2,upper,-15.0,2,-15.000009556943425,-17.621189931340492,-19.055611187242732,-7.5107312207517385,-3.3814267624748346,1.4746141647867652e-06,upper,0.1
661,phase2,upper,-15.0,2,-15.000018746851389,-17.621189931340492,-19.055611187242732,-7.5107312207517385,-3.3814267624748346,1.9558047076499942e-06,upper,0.1
662,phase2,upper,-15.0,2,-15.00002562848151,-17.621189931340492,-19.055611187242732,-7.5107312207517385,-3.3814267624748346,2.2985167406084736e-06,upper,0.1
663,phase2,upper,-15.0,2,-15.00003057196821,-17.621189931340492,-19.055611187242732,-7.5107312207517385,-3.3814267624748346,2.5262213072249063e-06,upper,0.1
664,phase2,upper,-15.0,2,-15.000033903193682,-17.621189931340492,-19.055611187242732,-7.5107312207517385,-3.3814267624748346,2.659441705197721e-06,upper,0.1
665,phase2,upper,-15.0,2,-15.000035907374423,-17.621189931340492,-19.055611187242732,-7.5107312207517385,-3.3814267624748346,2.716013290962846e-06,upper,0.1
666,phase2,upper,-15.0,2,-15.000036832615386,-17.621189931340492,-19.055611187242732,-7.5107312207517385,-3.3814267624748346,2.711336508502007e-06,upper,0.1
667,phase2,upper,-15.0,2,-15.000036893374112,-17.621189931340492,-19.055611187242732,-7.5107312207517385,-3.3814267624748346,2.658619893268804e-06,upper,0.1
668,phase2,upper,-15.0,2,-15.000036273791368,-17.621189931340492,-19.055611187242732,-7.5107312207517385,-3.3814267624748346,2.5691107355872176e-06,upper,0.1
669,phase2,upper,-15.0,2,-15.00003513085656,-17.621189931340492,-19.055611187242732,-7.5107312207517385,-3.3814267624748346,2.452311838371341e-06,upper,0.1
670,phase2,upper,-15.0,2,-15.000033597386016,-17.621189931340492,-19.055611187242732,-7.5107312207517385,-3.3814267624748346,2.3161834075579834e-06,upper,0.1
671,phase2,upper,-15.0,2,-15.000031784800365,-17.621189931340492,-19.055611187242732,-7.5107312207517385,-3.3814267624748346,2.167329597607888e-06,upper,0.1
672,phase2,upper,-15.0,2,-15.000029785693796,-17.621189931340492,-19.055611187242732,-7.5107312207517385,-3.3814267624748346,2.0111696199563336e-06,upper,0.1
673,phase2,upper,-15.0,2,-15.000027676193321,-17.621189931340492,-19.055611187242732,-7.5107312207517385,-3.3814267624748346,1.852093624062903e-06,upper,0.1
674,phase2,upper,-15.0,2,-15.000025518110357,-17.621189931340492,-19.055611187242732,-7.5107312207517385,-3.3814267624748346,1.693603792088856e-06,upper,0.1
675,phase2,upper,-15.0,2,-15.00002336089021,-17.621189931340492,-19.055611187242732,-7.5107312207517385,-3.3814267624748346,1.5384412628451182e-06,upper,0.1
676,phase2,upper,-15.0,2,-15.000021243367513,-17.621189931340492,-19.055611187242732,-7.5107312207517385,-3.3814267624748346,1.3886996247415357e-06,upper,0.1
677,phase2,lower,-20.0,4,-15.000021243367513,-18.014630807101053,-19.25735168962223,-7.447948965148809,-3.3193965990112075,0.006133070709023504,upper,0.1
678,phase2,upper,-15.0,2,-14.994500681528967,-18.014630807101053,-19.25735168962223,-7.447948965148809,-3.3193965990112075,0.003005770110408591,upper,0.1
679,phase2,upper,-15.0,2,-14.991960208793316,-18.014630807101053,-19.25735168962223,-7.447948965148809,-3.3193965990112075,0.0013226726327036698,upper,0.1
680,phase2,upper,-15.0,2,-14.991042176142367,-18.014630807101053,-19.25735168962223,-7.447948965148809,-3.3193965990112075,0.00043142939848790575,upper,0.1
681,phase2,upper,-15.0,2,-14.990995251995065,-18.014630807101053,-19.25735168962223,-7.447948965148809,-3.3193965990112075,-2.6611702449607684e-05,upper,0.1
682,phase2,upper,-15.0,2,-14.99140273599108,-18.014630807101053,-19.25735168962223,-7.447948965148809,-3.3193965990112075,-0.0002486641626053806,upper,0.1
683,phase2,upper,-15.0,2,-14.99203304487608,-18.014630807101053,-19.25735168962223,-7.447948965148809,-3.3193965990112075,-0.0003431773574652862,upper,0.1
684,phase2,upper,-15.0,2,-14.992757347917166,-18.014630807101053,-19.25735168962223,-7.447948965148809,-3.3193965990112075,-0.0003697756511326047,upper,0.1
685,phase2,upper,-15.0,2,-14.993504121473588,-18.014630807101053,-19.25735168962223,-7.447948965148809,-3.3193965990112075,-0.00036121183920364826,upper,0.1
686,phase2,upper,-15.0,2,-14.994234012421142,-18.014630807101053,-19.25735168962223,-7.447948965148809,-3.3193965990112075,-0.000335438130697688,upper,0.1
687,phase2,upper,-15.0,2,-14.994925882646085,-18.014630807101053,-19.25735168962223,-7.447948965148809,-3.3193965990112075,-0.00030224647974929784,upper,0.1
688,phase2,upper,-15.0,2,-14.995569017599468,-18.014630807101053,-19.25735168962223,-7.447948965148809,-3.3193965990112075,-0.00026692411474985733,upper,0.1
689,phase2,upper,-15.0,2,-14.9961587403729,-18.014630807101053,-19.25735168962223,-7.447948965148809,-3.3193965990112075,-0.00023226809192931073,upper,0.1
690,phase2,upper,-15.0,2,-14.996693913643563,-18.014630807101053,-19.25735168962223,-7.447948965148809,-3.3193965990112075,-0.00019969727494501766,upper,0.1
691,phase2,lower,-20.0,4,-14.996693913643563,-18.38908262290062,-19.427590690286177,-7.374565346152168,-3.2561161575563546,0.010069172512127907,upper,0.1
692,phase2,upper,-15.0,2,-14.987933510894452,-18.38908262290062,-19.427590690286177,-7.374565346152168,-3.2561161575563546,0.0048618786663119015,upper,0.1
693,phase2,upper,-15.0,2,-14.984112380643426,-18.38908262290062,-19.427590690286177,-7.374565346152168,-3.2561161575563546,0.0020702363227052233,upper,0.1
694,phase2,upper,-15.0,2,-14.982959725141773,-18.38908262290062,-19.427590690286177,-7.374565346152168,-3.2561161575563546,0.0006017373644187301,upper,0.1
695,phase2,upper,-15.0,2,-14.983220564883199,-18.38908262290062,-19.427590690286177,-7.374565346152168,-3.2561161575563546,-0.00014414063393545167,upper,0.1
696,phase2,lower,-20.0,4,-14.983220564883199,-18.74306315620972,-19.567918682291566,-7.291730111494121,-3.192113192649706,0.0136545340663674,upper,0.1
697,phase2,upper,-15.0,2,-14.971781721467385,-18.74306315620972,-19.567918682291566,-7.291730111494121,-3.192113192649706,0.006263859990968505,upper,0.1
698,phase2,upper,-15.0,2,-14.967383860447192,-18.74306315620972,-19.567918682291566,-7.291730111494121,-3.192113192649706,0.0023343082070472476,upper,0.1
699,phase2,upper,-15.0,2,-14.966759449993512,-18.74306315620972,-19.567918682291566,-7.291730111494121,-3.192113192649706,0.0002982088588083996,upper,0.1
700,phase2,upper,-15.0,2,-14.968101287891015,-18.74306315620972,-19.567918682291566,-7.291730111494121,-3.192113192649706,-0.000706173831039932,upper,0.1
701,phase2,upper,-15.0,2,-14.970408958273048,-18.74306315620972,-19.567918682291566,-7.291730111494121,-3.192113192649706,-0.0011524962864103523,upper,0.1
702,phase2,upper,-15.0,2,-14.973128963581967,-18.74306315620972,-19.567918682291566,-7.291730111494121,-3.192113192649706,-0.0013010061535461183,upper,0.1
703,phase2,upper,-15.0,2,-14.975956303542198,-18.74306315620972,-19.567918682291566,-7.291730111494121,-3.192113192649706,-0.0012945450097952157,upper,0.1
704,phase2,upper,-15.0,2,-14.978724848516071,-18.74306315620972,-19.567918682291566,-7.291730111494121,-3.192113192649706,-0.001211327046678375,upper,0.1
705,phase2,upper,-15.0,2,-14.98134658395,-18.74306315620972,-19.567918682291566,-7.291730111494121,-3.192113192649706,-0.0010939660991176646,upper,0.1
706,phase2,upper,-15.0,2,-14.983777783606802,-18.74306315620972,-19.567918682291566,-7.291730111494121,-3.192113192649706,-0.0009654491549841195,upper,0.1
707,phase2,upper,-15.0,2,-14.986000048070713,-18.74306315620972,-19.567918682291566,-7.291730111494121,-3.192113192649706,-0.0008379341575398991,upper,0.1
708,phase2,upper,-15.0,2,-14.988009572754844,-18.74306315620972,-19.567918682291566,-7.291730111494121,-3.192113192649706,-0.0007176017402619756,upper,0.1
709,phase2,upper,-15.0,2,-14.989810992138441,-18.74306315620972,-19.567918682291566,-7.291730111494121,-3.192113192649706,-0.0006073356665206235,upper,0.1
710,phase2,upper,-15.0,2,-14.99141378611873,-18.74306315620972,-19.567918682291566,-7.291730111494121,-3.192113192649706,-0.0005082074432039635,upper,0.1
711,phase2,upper,-15.0,2,-14.992830135518343,-18.74306315620972,-19.567918682291566,-7.291730111494121,-3.192113192649706,-0.0004203014205425296,upper,0.1
712,phase2,upper,-15.0,2,-14.99407360948818,-18.74306315620972,-19.567918682291566,-7.291730111494121,-3.192113192649706,-0.0003431753882942254,upper,0.1
713,phase2,upper,-15.0,2,-14.995158340469851,-18.74306315620972,-19.567918682291566,-7.291730111494121,-3.192113192649706,-0.00027611907372018893,upper,0.1
714,phase2,upper,-15.0,2,-14.99609849288617,-18.74306315620972,-19.567918682291566,-7.291730111494121,-3.192113192649706,-0.00021830005953012488,upper,0.1
715,phase2,upper,-15.0,2,-14.996907914941781,-18.74306315620972,-19.567918682291566,-7.291730111494121,-3.192113192649706,-0.0001688465624014629,upper,0.1
716,phase2,upper,-15.0,2,-14.997599909123156,-18.74306315620972,-19.567918682291566,-7.291730111494121,-3.192113192649706,-0.0001268944625539633,upper,0.1
717,phase2,upper,-15.0,2,-14.998187082824455,-18.74306315620972,-19.567918682291566,-7.291730111494121,-3.192113192649706,-9.16138313067765e-05,upper,0.1
718,phase2,lower,-20.0,4,-14.998187082824455,-19.075631161266077,-19.680128641129755,-7.200691499340702,-3.127958372387652,0.016830563221667365,upper,0.1
719,phase2,upper,-15.0,2,-14.983451295785729,-19.075631161266077,-19.680128641129755,-7.200691499340702,-3.127958372387652,0.008229643250820318,upper,0.1
720,phase2,upper,-15.0,2,-14.97685766356359,-19.075631161266077,-19.680128641129755,-7.200691499340702,-3.127958372387652,0.003609238269797903,upper,0.1
721,phase2,upper,-15.0,2,-14.974669426154566,-19.075631161266077,-19.680128641129755,-7.200691499340702,-3.127958372387652,0.001169663592150022,upper,0.1
722,phase2,upper,-15.0,2,-14.974822285426226,-19.075631161266077,-19.680128641129755,-7.200691499340702,-3.127958372387652,-7.828196979593662e-05,upper,0.1
723,phase2,upper,-15.0,2,-14.976174621083784,-19.075631161266077,-19.680128641129755,-7.200691499340702,-3.127958372387652,-0.0006783202327864084,upper,0.1
724,phase2,upper,-15.0,2,-14.978094889144527,-19.075631161266077,-19.680128641129755,-7.200691499340702,-3.127958372387652,-0.0009292580949406298,upper,0.1
725,phase2,upper,-15.0,2,-14.980234348509823,-19.075631161266077,-19.680128641129755,-7.200691499340702,-3.127958372387652,-0.0009952083549987277,upper,0.1
726,phase2,upper,-15.0,2,-14.982401683264348,-19.075631161266077,-19.680128641129755,-7.200691499340702,-3.127958372387652,-0.0009661733875023467,upper,0.1
727,phase2,upper,-15.0,2,-14.984493677465784,-19.075631161266077,-19.680128641129755,-7.200691499340702,-3.127958372387652,-0.0008913550282042212,upper,0.1
728,phase2,upper,-15.0,2,-14.98645674982933,-19.075631161266077,-19.680128641129755,-7.200691499340702,-3.127958372387652,-0.0007974768844118724,upper,0.1
729,phase2,upper,-15.0,2,-14.988265500962042,-19.075631161266077,-19.680128641129755,-7.200691499340702,-3.127958372387652,-0.0006988692041751835,upper,0.1
730,phase2,upper,-15.0,2,-14.989910659013312,-19.075631161266077,-19.680128641129755,-7.200691499340702,-3.127958372387652,-0.000603025062108444,upper,0.1
731,phase2,upper,-15.0,2,-14.991392234450808,-19.075631161266077,-19.680128641129755,-7.200691499340702,-3.127958372387652,-0.0005136657506897754,upper,0.1
732,phase2,upper,-15.0,2,-14.992715576692701,-19.075631161266077,-19.680128641129755,-7.200691499340702,-3.127958372387652,-0.00043243530834914136,upper,0.1
733,phase2,upper,-15.0,2,-14.993889059766248,-19.075631161266077,-19.680128641129755,-7.200691499340702,-3.127958372387652,-0.00035983978366720777,upper,0.1
734,phase2,upper,-15.0,2,-14.994922692953114,-19.075631161266077,-19.680128641129755,-7.200691499340702,-3.127958372387652,-0.0002957697366685934,upper,0.1
735,phase2,upper,-15.0,2,-14.99582726533885,-19.075631161266077,-19.680128641129755,-7.200691499340702,-3.127958372387652,-0.00023979221632821805,upper,0.1
736,phase2,upper,-15.0,2,-14.996613805569122,-19.075631161266077,-19.680128641129755,-7.200691499340702,-3.127958372387652,-0.0001913147746332211,upper,0.1
737,phase2,lower,-20.0,4,-14.996613805569122,-19.386253092549616,-19.766126887215187,-7.102732756002129,-3.0642189392708667,0.019572659076756007,upper,0.1
738,phase2,upper,-15.0,2,-14.979505656780637,-19.386253092549616,-19.766126887215187,-7.102732756002129,-3.0642189392708667,0.009534669108937636,upper,0.1
739,phase2,upper,-15.0,2,-14.971906269424725,-19.386253092549616,-19.766126887215187,-7.102732756002129,-3.0642189392708667,0.004145520902590479,upper,0.1
740,phase2,upper,-15.0,2,-14.969449640984973,-19.386253092549616,-19.766126887215187,-7.102732756002129,-3.0642189392708667,0.0013031839585431707,upper,0.1
741,phase2,upper,-15.0,2,-14.96972352128053,-19.386253092549616,-19.766126887215187,-7.102732756002129,-3.0642189392708667,-0.00014774350352257128,upper,0.1
742,phase2,upper,-15.0,2,-14.971393638815501,-19.386253092549616,-19.766126887215187,-7.102732756002129,-3.0642189392708667,-0.0008423453239481966,upper,0.1
743,phase2,upper,-15.0,2,-14.973721747031401,-19.386253092549616,-19.766126887215187,-7.102732756002129,-3.0642189392708667,-0.001129640276078294,upper,0.1
744,phase2,upper,-15.0,2,-14.976300131437906,-19.386253092549616,-19.766126887215187,-7.102732756002129,-3.0642189392708667,-0.0012013175901132212,upper,0.1
745,phase2,upper,-15.0,2,-14.978905132157935,-19.386253092549616,-19.766126887215187,-7.102732756002129,-3.0642189392708667,-0.0011624983360149397,upper,0.1
746,phase2,upper,-15.0,2,-14.981416138684178,-19.386253092549616,-19.766126887215187,-7.102732756002129,-3.0642189392708667,-0.0010706419977645758,upper,0.1
747,phase2,upper,-15.0,2,-14.983770632591222,-19.386253092549616,-19.766126887215187,-7.102732756002129,-3.0642189392708667,-0.0009569479685642949,upper,0.1
748,phase2,upper,-15.0,2,-14.985939104664338,-19.386253092549616,-19.766126887215187,-7.102732756002129,-3.0642189392708667,-0.000838135825733188,upper,0.1
749,phase2,upper,-15.0,2,-14.987910953017899,-19.386253092549616,-19.766126887215187,-7.102732756002129,-3.0642189392708667,-0.0007229360647430964,upper,0.1
750,phase2,upper,-15.0,2,-14.98968646885553,-19.386253092549616,-19.766126887215187,-7.102732756002129,-3.0642189392708667,-0.0006156714770444966,upper,0.1
751,phase2,upper,-15.0,2,-14.991272214665676,-19.386253092549616,-19.766126887215187,-7.102732756002129,-3.0642189392708667,-0.000518237224813369,upper,0.1
752,phase2,upper,-15.0,2,-14.992678307854199,-19.386253092549616,-19.766126887215187,-7.102732756002129,-3.0642189392708667,-0.0004311986284310528,upper,0.1
753,phase2,upper,-15.0,2,-14.99391678716854,-19.386253092549616,-19.766126887215187,-7.102732756002129,-3.0642189392708667,-0.0003544020429174316,upper,0.1
754,phase2,upper,-15.0,2,-14.995000604819477,-19.386253092549616,-19.766126887215187,-7.102732756002129,-3.0642189392708667,-0.0002873163628654638,upper,0.1
755,phase2,upper,-15.0,2,-14.995942988575992,-19.386253092549616,-19.766126887215187,-7.102732756002129,-3.0642189392708667,-0.00022922496052556584,upper,0.1
756,phase2,upper,-15.0,2,-14.99675702924823,-19.386253092549616,-19.766126887215187,-7.102732756002129,-3.0642189392708667,-0.00017933413467894341,upper,0.1
757,phase2,upper,-15.0,2,-14.997455410507568,-19.386253092549616,-19.766126887215187,-7.102732756002129,-3.0642189392708667,-0.0001368346001143623,upper,0.1
758,phase2,upper,-15.0,2,-14.998050232238583,-19.386253092549616,-19.766126887215187,-7.102732756002129,-3.0642189392708667,-0.00010093628564686078,upper,0.1
759,phase2,upper,-15.0,2,-14.99855289783507,-19.386253092549616,-19.766126887215187,-7.102732756002129,-3.0642189392708667,-7.088774826293339e-05,upper,0.1
760,phase2,upper,-15.0,2,-14.998974046777297,-19.386253092549616,-19.766126887215187,-7.102732756002129,-3.0642189392708667,-4.5986564405570216e-05,upper,0.1
761,phase2,upper,-15.0,2,-14.999323520161898,-19.386253092549616,-19.766126887215187,-7.102732756002129,-3.0642189392708667,-2.558432034257715e-05,upper,0.1
762,phase2,upper,-15.0,2,-14.999610350634374,-19.386253092549616,-19.766126887215187,-7.102732756002129,-3.0642189392708667,-9.08829953598051e-06,upper,0.1
763,phase2,upper,-15.0,2,-14.999842770516793,-19.386253092549616,-19.766126887215187,-7.102732756002129,-3.0642189392708667,4.03888941388788e-06,upper,0.1
764,phase2,upper,-15.0,2,-15.000028233447305,-19.386253092549616,-19.766126887215187,-7.102732756002129,-3.0642189392708667,1.4280985105227533e-05,upper,0.1
765,phase2,upper,-15.0,2,-15.00017344589448,-19.386253092549616,-19.766126887215187,-7.102732756002129,-3.0642189392708667,2.207056616007225e-05,upper,0.1
766,phase2,upper,-15.0,2,-15.00028440566809,-19.386253092549616,-19.766126887215187,-7.102732756002129,-3.0642189392708667,2.7792049736669503e-05,upper,0.1
767,phase2,upper,-15.0,2,-15.000366445124836,-19.386253092549616,-19.766126887215187,-7.102732756002129,-3.0642189392708667,3.178498154949245e-05,upper,0.1
768,phase2,upper,-15.0,2,-15.00042427722345,-19.386253092549616,-19.766126887215187,-7.102732756002129,-3.0642189392708667,3.434746708525026e-05,upper,0.1
769,phase2,lower,-20.0,4,-15.00042427722345,-19.674209559295797,-19.82752242764559,-6.998884200272444,-3.0012591504524453,0.0220115975380529,upper,0.1
770,phase2,upper,-15.0,2,-14.980682517889779,-19.674209559295797,-19.82752242764559,-6.998884200272444,-3.0012591504524453,0.010804592170901267,upper,0.1
771,phase2,upper,-15.0,2,-14.971605252375886,-19.674209559295797,-19.82752242764559,-6.998884200272444,-3.0012591504524453,0.00477294377002772,upper,0.1
772,phase2,upper,-15.0,2,-14.968329461165391,-19.674209559295797,-19.82752242764559,-6.998884200272444,-3.0012591504524453,0.0015786872550178554,upper,0.1
773,phase2,upper,-15.0,2,-14.968164882310859,-19.674209559295797,-19.82752242764559,-6.998884200272444,-3.0012591504524453,-6.349783933092641e-05,upper,0.1
774,phase2,upper,-15.0,2,-14.9696202705217,-19.674209559295797,-19.82752242764559,-6.998884200272444,-3.0012591504524453,-0.0008603258579564647,upper,0.1
775,phase2,upper,-15.0,2,-14.971867545137641,-19.674209559295797,-19.82752242764559,-6.998884200272444,-3.0012591504524453,-0.0012003832338073422,upper,0.1
776,phase2,upper,-15.0,2,-14.974446614115994,-19.674209559295797,-19.82752242764559,-6.998884200272444,-3.0012591504524453,-0.001297276264323087,upper,0.1
777,phase2,upper,-15.0,2,-14.97710252175937,-19.674209559295797,-19.82752242764559,-6.998884200272444,-3.0012591504524453,-0.001268314635544852,upper,0.1
778,phase2,upper,-15.0,2,-14.9796953852286,-19.674209559295797,-19.82752242764559,-6.998884200272444,-3.0012591504524453,-0.0011777742918843142,upper,0.1
779,phase2,upper,-15.0,2,-14.98215040388436,-19.674209559295797,-19.82752242764559,-6.998884200272444,-3.0012591504524453,-0.001060695884789571,upper,0.1
780,phase2,upper,-15.0,2,-14.984429959445366,-19.674209559295797,-19.82752242764559,-6.998884200272444,-3.0012591504524453,-0.0009359852331933921,upper,0.1
781,phase2,upper,-15.0,2,-14.98651791982941,-19.674209559295797,-19.82752242764559,-6.998884200272444,-3.0012591504524453,-0.0008136323502283511,upper,0.1
782,phase2,upper,-15.0,2,-14.988410707177406,-19.674209559295797,-19.82752242764559,-6.998884200272444,-3.0012591504524453,-0.0006986956157784816,upper,0.1
783,phase2,upper,-15.0,2,-14.990112134538373,-19.674209559295797,-19.82752242764559,-6.998884200272444,-3.0012591504524453,-0.0005935055188002634,upper,0.1
784,phase2,upper,-15.0,2,-14.991630358932591,-19.674209559295797,-19.82752242764559,-6.998884200272444,-3.0012591504524453,-0.0004988874196042666,upper,0.1
785,phase2,upper,-15.0,2,-14.992976037032218,-19.674209559295797,-19.82752242764559,-6.998884200272444,-3.0012591504524453,-0.0004148429196499354,upper,0.1
786,phase2,upper,-15.0,2,-14.994161175992227,-19.674209559295797,-19.82752242764559,-6.998884200272444,-3.0012591504524453,-0.0003409316897527605,upper,0.1
787,phase2,upper,-15.0,2,-14.995198395718685,-19.674209559295797,-19.82752242764559,-6.998884200272444,-3.0012591504524453,-0.0002764869397008839,upper,0.1
788,phase2,upper,-15.0,2,-14.996100442305968,-19.674209559295797,-19.82752242764559,-6.998884200272444,-3.0012591504524453,-0.00022073797815326605,upper,0.1
789,phase2,upper,-15.0,2,-14.99687986068021,-19.674209559295797,-19.82752242764559,-6.998884200272444,-3.0012591504524453,-0.00017288046266472336,upper,0.1
790,phase2,upper,-15.0,2,-14.997548772466496,-19.674209559295797,-19.82752242764559,-6.998884200272444,-3.0012591504524453,-0.00013211686300945372,upper,0.1
791,phase2,upper,-15.0,2,-14.99811872638281,-19.674209559295797,-19.82752242764559,-6.998884200272444,-3.0012591504524453,-9.767970231537503e-05,upper,0.1
792,phase2,upper,-15.0,2,-14.99860060054258,-19.674209559295797,-19.82752242764559,-6.998884200272444,-3.0012591504524453,-6.884464415848249e-05,upper,0.1
793,phase2,upper,-15.0,2,-14.999004543034228,-19.674209559295797,-19.82752242764559,-6.998884200272444,-3.0012591504524453,-4.493745128872374e-05,upper,0.1
794,phase2,lower,-20.0,4,-14.999004543034228,-19.939581289836934,-19.86632636294803,-6.890415893779198,-2.939603298004189,0.02400550360480483,upper,0.1
795,phase2,upper,-15.0,2,-14.977694544351031,-19.939581289836934,-19.86632636294803,-6.890415893779198,-2.939603298004189,0.011759378967882764,upper,0.1
796,phase2,upper,-15.0,2,-14.968013133868977,-19.939581289836934,-19.86632636294803,-6.890415893779198,-2.939603298004189,0.005174114777807147,upper,0.1
797,phase2,upper,-15.0,2,-14.96464296765471,-19.939581289836934,-19.86632636294803,-6.890415893779198,-2.939603298004189,0.0016914985949131262,upper,0.1
798,phase2,upper,-15.0,2,-14.964644154849521,-19.939581289836934,-19.86632636294803,-6.890415893779198,-2.939603298004189,-9.475842513022715e-05,upper,0.1
799,phase2,upper,-15.0,2,-14.966388642431957,-19.939581289836934,-19.86632636294803,-6.890415893779198,-2.939603298004189,-0.0009577785328444618,upper,0.1
