episode,phase,route,return,steps,q_start_right,q_start_down,q_shield_right,q_d1_right,q_d2_right,mood_M,greedy_route,epsilon
0,phase1,lower,-10.0,4,0.0,-0.25,-0.25,-0.25,-0.25,nan,upper,0.1
1,phase1,upper,-15.0,2,-1.25,-0.25,-0.25,-0.25,-0.25,nan,lower,0.1
2,phase1,lower,-10.0,4,-1.25,-0.5,-0.5,-0.5,-0.475,nan,lower,0.1
3,phase1,lower,-10.0,4,-1.25,-0.75,-0.75,-0.7475,-0.6775,nan,lower,0.1
4,phase1,lower,-10.0,4,-1.25,-1.0,-0.99975,-0.9905,-0.85975,nan,lower,0.1
5,phase1,lower,-10.0,4,-1.25,-1.249975,-1.248825,-1.227425,-1.023775,nan,lower,0.1
6,phase1,lower,-10.0,4,-1.25,-1.49986,-1.496685,-1.45706,-1.1713975,nan,upper,0.1
7,phase1,upper,-15.0,2,-2.4000000000000004,-1.49986,-1.496685,-1.45706,-1.1713975,nan,lower,0.1
8,phase1,upper,-15.0,2,-3.4575000000000005,-1.49986,-1.496685,-1.45706,-1.1713975,nan,lower,0.1
9,phase1,lower,-10.0,4,-3.4575000000000005,-1.7495425,-1.7427225000000002,-1.6784937500000001,-1.30425775,nan,lower,0.1
10,phase1,lower,-10.0,4,-3.4575000000000005,-1.9988605000000002,-1.9862996250000002,-1.8910701500000002,-1.4238319750000001,nan,lower,0.1
11,phase1,lower,-10.0,4,-3.4575000000000005,-2.2476044125000003,-2.2267766775,-2.0943463325000002,-1.5314487775,nan,lower,0.1
12,phase1,lower,-10.0,4,-3.4575000000000005,-2.495521639,-2.4635336430000003,-2.2880565770000003,-1.6283038997500001,nan,lower,0.1
13,phase1,lower,-10.0,4,-3.4575000000000005,-2.7423228394,-2.6959859364000005,-2.4720813092750005,-1.715473509775,nan,lower,0.1
14,phase1,lower,-10.0,4,-3.4575000000000005,-2.9876891491,-2.9235954736875005,-2.6464205293250003,-1.7939261587975,nan,lower,0.1
15,phase1,lower,-10.0,4,-3.4575000000000005,-3.23127978155875,-3.1458779792512503,-2.81117109227225,-1.8645335429177499,nan,lower,0.1
16,phase1,lower,-10.0,4,-3.4575000000000005,-3.472739601328,-3.3624072905533504,-2.9665073373368003,-1.9280801886259749,nan,upper,0.1
17,phase1,upper,-15.0,2,-4.429500000000001,-3.472739601328,-3.3624072905533504,-2.9665073373368003,-1.9280801886259749,nan,lower,0.1
18,phase1,lower,-10.0,4,-4.429500000000001,-3.711706370250535,-3.5728172952316952,-3.1126646224657177,-1.9852721697633773,nan,lower,0.1
19,phase1,lower,-10.0,4,-4.429500000000001,-3.947817462748651,-3.7768020279550973,-3.2499253771954835,-2.0367449527870396,nan,lower,0.1
20,phase1,lower,-10.0,4,-4.429500000000001,-4.1807159192692955,-3.9741143628791358,-3.378607334754639,-2.0830704575083354,nan,lower,0.1
21,phase1,lower,-10.0,4,-4.429500000000001,-4.41005576363028,-4.164563660066686,-3.4990536470300087,-2.124763411757502,nan,lower,0.1
22,phase1,lower,-10.0,4,-4.429500000000001,-4.63550655327392,-4.348012658763018,-3.611624623502758,-2.162287070581752,nan,upper,0.1
23,phase1,upper,-15.0,2,-5.322525000000001,-4.63550655327392,-4.348012658763018,-3.611624623502758,-2.162287070581752,nan,lower,0.1
24,phase1,lower,-10.0,4,-5.322525000000001,-4.85675716382283,-4.524373855236992,-3.7166908682106574,-2.196058363523577,nan,lower,0.1
25,phase1,lower,-10.0,4,-5.322525000000001,-5.073518832964246,-4.693605556534359,-3.8146276177419494,-2.226452527171219,nan,lower,0.1
26,phase1,lower,-10.0,4,-5.322525000000001,-5.285527505321257,-4.855707762655118,-3.9058101086848764,-2.2538072744540973,nan,lower,0.1
27,phase1,lower,-10.0,4,-5.322525000000001,-5.492545531054643,-5.010717997258094,-3.9906098252617985,-2.2784265470086877,nan,upper,0.1
28,phase1,upper,-15.0,2,-6.142650000000001,-5.492545531054643,-5.010717997258094,-3.9906098252617985,-2.2784265470086877,nan,lower,0.1
29,phase1,lower,-10.0,4,-6.142650000000001,-5.694362777674987,-5.158707180058465,-4.069391497436487,-2.300583892307819,nan,lower,0.1
30,phase1,lower,-10.0,4,-6.142650000000001,-5.890797217913335,-5.299775611796267,-4.1425107369236205,-2.320525503077037,nan,lower,0.1
31,phase1,lower,-10.0,4,-6.142650000000001,-6.081695057301628,-5.434049124309003,-4.210312213538963,-2.338472952769333,nan,lower,0.1
32,phase1,lower,-10.0,4,-6.142650000000001,-6.266930464002366,-5.561675433231999,-4.273128287462,-2.3546256574923996,nan,upper,0.1
33,phase1,upper,-15.0,2,-6.895524750000001,-6.266930464002366,-5.561675433231999,-4.273128287462,-2.3546256574923996,nan,lower,0.1
34,phase1,lower,-10.0,4,-6.895524750000001,-6.446404960925329,-5.682820718654999,-4.33127802446504,-2.3691630917431596,nan,lower,0.1
35,phase1,lower,-10.0,4,-6.895524750000001,-6.620046536698296,-5.7976664492360035,-4.385066531192852,-2.382246782568844,nan,lower,0.1
36,phase1,lower,-10.0,4,-6.895524750000001,-6.787808527952067,-5.906406457431689,-4.434784556330451,-2.3940221043119596,nan,lower,0.1
37,phase1,lower,-10.0,4,-6.895524750000001,-6.949668320900029,-6.009244267321565,-4.480708311128602,-2.4046198938807635,nan,upper,0.1
38,phase1,upper,-15.0,2,-7.586398050000001,-6.949668320900029,-6.009244267321565,-4.480708311128602,-2.4046198938807635,nan,lower,0.1
39,phase1,lower,-10.0,4,-7.586398050000001,-7.105625915542182,-6.106390671702268,-4.523099469403818,-2.4141579044926873,nan,lower,0.1
40,phase1,lower,-10.0,4,-7.586398050000001,-7.255702391158191,-6.198061551472423,-4.562205312912705,-2.4227421140434187,nan,lower,0.1
41,phase1,lower,-10.0,4,-7.586398050000001,-7.399938307189614,-6.284475927616452,-4.598258993025777,-2.430467902639077,nan,lower,0.1
42,phase1,lower,-10.0,4,-7.586398050000001,-7.538392069232298,-6.365854234157384,-4.631479883987106,-2.4374211123751692,nan,lower,0.1
43,phase1,lower,-10.0,4,-7.586398050000001,-7.6711382857248065,-6.442416799140356,-4.662074006825913,-2.443679001137652,nan,upper,0.1
44,phase1,upper,-15.0,2,-8.220141442500001,-7.6711382857248065,-6.442416799140356,-4.662074006825913,-2.443679001137652,nan,lower,0.1
45,phase1,lower,-10.0,4,-8.220141442500001,-7.798266137066362,-6.514382519908912,-4.690234506257086,-2.449311101023887,nan,lower,0.1
46,phase1,lower,-10.0,4,-8.220141442500001,-7.919877775350617,-6.581967718543729,-4.716142165733766,-2.454379990921498,nan,lower,0.1
47,phase1,lower,-10.0,4,-8.220141442500001,-8.036086769669929,-6.645385163262732,-4.739965948252539,-2.4589419918293483,nan,lower,0.1
48,phase1,lower,-10.0,4,-8.220141442500001,-8.147016609029208,-6.704843241761713,-4.761863552610221,-2.4630477926464134,nan,lower,0.1
49,phase1,lower,-10.0,4,-8.220141442500001,-8.25279927230246,-6.760545272846564,-4.78198197661384,-2.4667430133817723,nan,upper,0.1
50,phase1,upper,-15.0,2,-8.801272176000001,-8.25279927230246,-6.760545272846564,-4.78198197661384,-2.4667430133817723,nan,lower,0.1
51,phase1,lower,-10.0,4,-8.801272176000001,-8.35357387235687,-6.812688943223291,-4.800458080290633,-2.470068712043595,nan,lower,0.1
52,phase1,lower,-10.0,4,-8.801272176000001,-8.449485379443512,-6.8614658569300255,-4.817419143465929,-2.4730618408392355,nan,lower,0.1
53,phase1,lower,-10.0,4,-8.801272176000001,-8.540683427192164,-6.907061185583616,-4.83298341320326,-2.475755656755312,nan,lower,0.1
54,phase1,lower,-10.0,4,-8.801272176000001,-8.62732120303131,-6.94965340834558,-4.847260637558465,-2.4781800910797807,nan,lower,0.1
55,phase1,lower,-10.0,4,-8.801272176000001,-8.709554423562736,-6.9894141312668685,-4.860352582910597,-2.4803620819718026,nan,lower,0.1
56,phase1,lower,-10.0,4,-8.801272176000001,-8.78754039433315,-7.026507976431241,-4.872353532816717,-2.4823258737746223,nan,lower,0.1
57,phase1,lower,-10.0,4,-8.801272176000001,-8.861437152542958,-7.061092532069789,-4.883350766912508,-2.48409328639716,nan,upper,0.1
58,phase1,upper,-15.0,2,-9.333975348375,-8.861437152542958,-7.061092532069789,-4.883350766912508,-2.48409328639716,nan,lower,0.1
59,phase1,upper,-15.0,2,-9.822125164515,-8.861437152542958,-7.061092532069789,-4.883350766912508,-2.48409328639716,nan,lower,0.1
60,phase1,lower,-10.0,4,-9.822125164515,-8.931402690495641,-7.093318355554061,-4.893425018860973,-2.485683957757444,nan,lower,0.1
61,phase1,lower,-10.0,4,-9.822125164515,-8.997594257001483,-7.123329021884752,-4.90265091275062,-2.4871155619816996,nan,lower,0.1
62,phase1,lower,-10.0,4,-9.822125164515,-9.06016773348981,-7.151261210971339,-4.911097377673729,-2.4884040057835297,nan,lower,0.1
63,phase1,lower,-10.0,4,-9.822125164515,-9.119277081237962,-7.177244827641578,-4.9188280404847085,-2.4895636052051766,nan,lower,0.1
64,phase1,lower,-10.0,4,-9.822125164515,-9.175073855878324,-7.201403148925891,-4.925901596956756,-2.490607244684659,nan,lower,0.1
65,phase1,upper,-15.0,2,-10.26930526394325,-9.175073855878324,-7.201403148925891,-4.925901596956756,-2.490607244684659,nan,lower,0.1
66,phase1,lower,-10.0,4,-10.26930526394325,-9.22770678518308,-7.223852993728977,-4.932372161729546,-2.4915465202161933,nan,lower,0.1
67,phase1,lower,-10.0,4,-10.26930526394325,-9.27732140603767,-7.244704910529034,-4.938289597578211,-2.492391868194574,nan,lower,0.1
68,phase1,lower,-10.0,4,-10.26930526394325,-9.324059756486806,-7.264063379233952,-4.943699824639848,-2.4931526813751166,nan,lower,0.1
69,phase1,lower,-10.0,4,-10.26930526394325,-9.36806011876152,-7.282027023774542,-4.948645110313374,-2.493837413237605,nan,lower,0.1
70,phase1,lower,-10.0,4,-10.26930526394325,-9.409456809262823,-7.298688832428425,-4.953164340605797,-2.4944536719138446,nan,lower,0.1
71,phase1,lower,-10.0,4,-10.26930526394325,-9.448380011579383,-7.314136383246162,-4.957293273736601,-2.49500830472246,nan,lower,0.1
72,phase1,lower,-10.0,4,-10.26930526394325,-9.48495564874606,-7.328452072295207,-4.961064776835187,-2.495507474250214,nan,lower,0.1
73,phase1,lower,-10.0,4,-10.26930526394325,-9.519305291100975,-7.3417133427492045,-4.96450904657669,-2.4959567268251925,nan,lower,0.1
74,phase1,lower,-10.0,4,-10.26930526394325,-9.551546096265799,-7.353992913131953,-4.96765381460154,-2.4963610541426733,nan,lower,0.1
75,phase1,lower,-10.0,4,-10.26930526394325,-9.581790777952415,-7.365359003278912,-4.970524538555654,-2.496724948728406,nan,lower,0.1
76,phase1,lower,-10.0,4,-10.26930526394325,-9.610147600485064,-7.375875556806586,-4.973144579572929,-2.4970524538555656,nan,lower,0.1
77,phase1,lower,-10.0,4,-10.26930526394325,-9.636720396117216,-7.385602459083221,-4.975535367001193,-2.4973472084700092,nan,lower,0.1
78,phase1,lower,-10.0,4,-10.26930526394325,-9.661608602413816,-7.394595749875018,-4.977716551148075,-2.4976124876230084,nan,lower,0.1
79,phase1,lower,-10.0,4,-10.26930526394325,-9.684907317159936,-7.402907830002324,-4.979706144795568,-2.4978512388607075,nan,lower,0.1
80,phase1,lower,-10.0,4,-10.26930526394325,-9.706707368444174,-7.410587661481648,-4.981520654202082,-2.4980661149746366,nan,lower,0.1
81,phase1,lower,-10.0,4,-10.26930526394325,-9.727095397747922,-7.417680960753691,-4.983175200279337,-2.498259503477173,nan,lower,0.1
82,phase1,lower,-10.0,4,-10.26930526394325,-9.746153954048498,-7.424230384706255,-4.984683630599121,-2.4984335531294555,nan,lower,0.1
83,phase1,lower,-10.0,4,-10.26930526394325,-9.763961597114275,-7.430275709295541,-4.986058622852155,-2.49859019781651,nan,lower,0.1
84,phase1,lower,-10.0,4,-10.26930526394325,-9.780593008332401,-7.435854000651203,-4.98731178034859,-2.498731178034859,nan,lower,0.1
85,phase1,lower,-10.0,4,-10.26930526394325,-9.796119107564282,-7.440999778620942,-4.988453720117217,-2.498858060231373,nan,lower,0.1
86,phase1,lower,-10.0,4,-10.26930526394325,-9.810607174669947,-7.445745172770569,-4.989494154128633,-2.4989722542082355,nan,lower,0.1
87,phase1,lower,-10.0,4,-10.26930526394325,-9.824120974480008,-7.450120070906375,-4.990441964136593,-2.499075028787412,nan,lower,0.1
88,phase1,lower,-10.0,4,-10.26930526394325,-9.836720884122645,-7.454152260229397,-4.991305270601675,-2.4991675259086708,nan,lower,0.1
89,phase1,lower,-10.0,4,-10.26930526394325,-9.84846402173332,-7.4578675612666245,-4.992091496132375,-2.4992507733178035,nan,lower,0.1
90,phase1,upper,-15.0,2,-10.6788280918407,-9.84846402173332,-7.4578675612666245,-4.992091496132375,-2.4992507733178035,nan,lower,0.1
91,phase1,lower,-10.0,4,-10.6788280918407,-9.859404375686651,-7.4612899547532,-4.992807423850918,-2.4993256959860233,nan,lower,0.1
92,phase1,lower,-10.0,4,-10.6788280918407,-9.869592933593307,-7.464441701662972,-4.9934592510644285,-2.499393126387421,nan,lower,0.1
93,phase1,lower,-10.0,4,-10.6788280918407,-9.879077810400274,-7.467343456603118,-4.994052638596727,-2.499453813748679,nan,lower,0.1
94,phase1,upper,-15.0,2,-11.053753301519228,-9.879077810400274,-7.467343456603118,-4.994052638596727,-2.499453813748679,nan,lower,0.1
95,phase1,lower,-10.0,4,-11.053753301519228,-9.887904375020558,-7.470014374802479,-4.994592756111922,-2.499508432373811,nan,lower,0.1
96,phase1,lower,-10.0,4,-11.053753301519228,-9.89611537499875,-7.472472212933424,-4.995084323738111,-2.49955758913643,nan,lower,0.1
97,phase1,lower,-10.0,4,-11.053753301519228,-9.903751058792217,-7.474733424013892,-4.995531650277943,-2.499601830222787,nan,lower,0.1
98,phase1,lower,-10.0,4,-11.053753301519228,-9.910849295314385,-7.4768132466402975,-4.995938668272427,-2.4996416472005083,nan,lower,0.1
99,phase1,lower,-10.0,4,-11.053753301519228,-9.917445690446977,-7.47872578880351,-4.996308966165236,-2.4996774824804575,nan,lower,0.1
100,phase1,lower,-10.0,4,-11.053753301519228,-9.92357370028263,-7.4804841065396825,-4.996645817796758,-2.499709734232412,nan,lower,0.1
101,phase1,lower,-10.0,4,-11.053753301519228,-9.929264740908335,-7.48210027766539,-4.996952209440324,-2.4997387608091706,nan,lower,0.1
102,phase1,lower,-10.0,4,-11.053753301519228,-9.93454829458404,-7.4835854708428835,-4.997230864577209,-2.4997648847282536,nan,lower,0.1
103,phase1,lower,-10.0,4,-11.053753301519228,-9.939452012209925,-7.484950010216316,-4.997484266592314,-2.499788396255428,nan,lower,0.1
104,phase1,lower,-10.0,4,-11.053753301519228,-9.944001812010564,-7.486203435853916,-4.997714679558625,-2.4998095566298852,nan,lower,0.1
105,phase1,lower,-10.0,4,-11.053753301519228,-9.9482219743949,-7.487354560224387,-4.997924167265751,-2.4998286009668966,nan,lower,0.1
106,phase1,lower,-10.0,4,-11.053753301519228,-9.952135232977849,-7.488411520928523,-4.998114610635866,-2.499845740870207,nan,lower,0.1
107,phase1,lower,-10.0,4,-11.053753301519228,-9.955762861772916,-7.489381829899257,-4.9982877236593,-2.4998611667831865,nan,lower,0.1
108,phase1,upper,-15.0,2,-11.396905188343643,-9.955762861772916,-7.489381829899257,-4.9982877236593,-2.4998611667831865,nan,lower,0.1
109,phase1,lower,-10.0,4,-11.396905188343643,-9.959124758585551,-7.490272419275261,-4.998445067971689,-2.4998750501048677,nan,lower,0.1
110,phase1,lower,-10.0,4,-11.396905188343643,-9.962239524654521,-7.491089684144904,-4.998588066185007,-2.499887545094381,nan,lower,0.1
111,phase1,lower,-10.0,4,-11.396905188343643,-9.96512454060356,-7.491839522348914,-4.998718014075944,-2.499898790584943,nan,lower,0.1
112,phase1,lower,-10.0,4,-11.396905188343643,-9.967796038778095,-7.492527371521617,-4.998836091726844,-2.4999089115264486,nan,lower,0.1
113,phase1,lower,-10.0,4,-11.396905188343643,-9.970269172052447,-7.4931582435421396,-4.998943373706804,-2.4999180203738036,nan,lower,0.1
114,phase1,lower,-10.0,4,-11.396905188343643,-9.972558079201416,-7.493736756558606,-4.999040838373504,-2.499926218336423,nan,lower,0.1
115,phase1,lower,-10.0,4,-11.396905188343643,-9.974675946937136,-7.494267164740096,-4.999129376369796,-2.499933596502781,nan,lower,0.1
116,phase1,lower,-10.0,4,-11.396905188343643,-9.976635068717432,-7.494753385903066,-4.999209798383094,-2.499940236852503,nan,lower,0.1
117,phase1,lower,-10.0,4,-11.396905188343643,-9.978446900435996,-7.495199027151069,-4.999282842230035,-2.4999462131672527,nan,lower,0.1
118,phase1,lower,-10.0,4,-11.396905188343643,-9.980122113107504,-7.495607408658966,-4.999349179323756,-2.4999515918505275,nan,lower,0.1
119,phase1,lower,-10.0,4,-11.396905188343643,-9.98167064266265,-7.495981585725445,-4.999409420576433,-2.4999564326654746,nan,lower,0.1
120,phase1,lower,-10.0,4,-11.396905188343643,-9.98310173696893,-7.4963243692105435,-4.999464121785337,-2.4999607893989273,nan,lower,0.1
121,phase1,lower,-10.0,4,-11.396905188343643,-9.98442400019309,-7.496638344468023,-4.999513788546696,-2.4999647104590346,nan,lower,0.1
122,phase1,lower,-10.0,4,-11.396905188343643,-9.985645434620583,-7.49692588887589,-4.999558880737929,-2.499968239413131,nan,lower,0.1
123,phase1,lower,-10.0,4,-11.396905188343643,-9.986773480046114,-7.4971891880620944,-4.99959981660545,-2.499971415471818,nan,lower,0.1
124,phase1,lower,-10.0,4,-11.396905188343643,-9.987815050847713,-7.49743025091643,-4.999636976492087,-2.499974273924636,nan,lower,0.1
125,phase1,lower,-10.0,4,-11.396905188343643,-9.988776570854585,-7.497650923473996,-4.999670706235342,-2.499976846532172,nan,lower,0.1
126,phase1,lower,-10.0,4,-11.396905188343643,-9.989664006116525,-7.4978529017501305,-4.999701320265025,-2.499979161878955,nan,lower,0.1
127,phase1,lower,-10.0,4,-11.396905188343643,-9.990482895679886,-7.49803774360162,-4.999729104426418,-2.4999812456910595,nan,lower,0.1
128,phase1,lower,-10.0,4,-11.396905188343643,-9.99123838047206,-7.4982068796841,-4.999754318552882,-2.4999831211219536,nan,lower,0.1
129,phase1,lower,-10.0,4,-11.396905188343643,-9.991935230393263,-7.498361623570979,-4.999777198809789,-2.4999848090097583,nan,lower,0.1
130,phase1,lower,-10.0,4,-11.396905188343643,-9.992577869711035,-7.4985031810948595,-4.999797959829786,-2.4999863281087826,nan,lower,0.1
131,phase1,lower,-10.0,4,-11.396905188343643,-9.993170400849417,-7.4986326589683525,-4.999816796657686,-2.4999876952979045,nan,lower,0.1
132,phase1,lower,-10.0,4,-11.396905188343643,-9.99371662666131,-7.498751072737286,-4.999833886521707,-2.4999889257681143,nan,lower,0.1
133,phase1,lower,-10.0,4,-11.396905188343643,-9.994220071268908,-7.498859354115728,-4.999849390446348,-2.499990033191303,nan,lower,0.1
134,phase1,lower,-10.0,4,-11.396905188343643,-9.99468399955359,-7.498958357748791,-4.999863454720844,-2.499991029872173,nan,lower,0.1
135,phase1,lower,-10.0,4,-11.396905188343643,-9.99511143537311,-7.499048867445996,-4.999876212235977,-2.4999919268849555,nan,lower,0.1
136,phase1,lower,-10.0,4,-11.396905188343643,-9.995505178580398,-7.4991316019249945,-4.999887783700875,-2.49999273419646,nan,lower,0.1
137,phase1,lower,-10.0,4,-11.396905188343643,-9.995867820914858,-7.499207220102583,-4.999898278750433,-2.499993460776814,nan,lower,0.1
138,phase1,lower,-10.0,4,-11.396905188343643,-9.996201760833632,-7.499276325967368,-4.999907796953071,-2.4999941146991325,nan,lower,0.1
139,phase1,lower,-10.0,4,-11.396905188343643,-9.996509217347006,-7.499339473065938,-4.999916428727677,-2.4999947032292194,nan,lower,0.1
140,phase1,lower,-10.0,4,-11.396905188343643,-9.996792242918898,-7.499397168632112,-4.999924256177831,-2.4999952329062975,nan,lower,0.1
141,phase1,lower,-10.0,4,-11.396905188343643,-9.99705273549022,-7.499449877386684,-4.999931353850678,-2.4999957096156677,nan,lower,0.1
142,phase1,lower,-10.0,4,-11.396905188343643,-9.997292449679867,-7.499498025033083,-4.999937789427177,-2.499996138654101,nan,lower,0.1
143,phase1,lower,-10.0,4,-11.396905188343643,-9.997513007215188,-7.499542001472492,-4.99994362434987,-2.499996524788691,nan,lower,0.1
144,phase1,lower,-10.0,4,-11.396905188343643,-9.997715906640918,-7.4995821637602305,-4.999948914393752,-2.499996872309822,nan,lower,0.1
145,phase1,lower,-10.0,4,-11.396905188343643,-9.99790253235285,-7.499618838823583,-4.999953710185359,-2.49999718507884,nan,lower,0.1
146,phase1,lower,-10.0,4,-11.396905188343643,-9.998074162999924,-7.499652325959761,-4.999958057674707,-2.4999974665709557,nan,lower,0.1
147,phase1,lower,-10.0,4,-11.396905188343643,-9.998231979295907,-7.499682899131256,-4.999961998564332,-2.49999771991386,nan,lower,0.1
148,phase1,lower,-10.0,4,-11.396905188343643,-9.998377071279442,-7.499710809074563,-4.999965570699286,-2.4999979479224743,nan,lower,0.1
149,phase1,lower,-10.0,4,-11.396905188343643,-9.998510445058955,-7.499736285237035,-4.999968808421604,-2.499998153130227,nan,lower,0.1
150,phase1,lower,-10.0,4,-11.396905188343643,-9.998633029076762,-7.499759537555493,-4.999971742892466,-2.499998337817204,nan,lower,0.1
151,phase1,lower,-10.0,4,-11.396905188343643,-9.998745679924635,-7.49978075808919,-4.9999744023849395,-2.4999985040354837,nan,lower,0.1
152,phase1,lower,-10.0,4,-11.396905188343643,-9.99884918774109,-7.499800122518765,-4.999976812549994,-2.4999986536319354,nan,lower,0.1
153,phase1,lower,-10.0,4,-11.396905188343643,-9.998944281218858,-7.499817791521888,-4.999978996658188,-2.499998788268742,nan,lower,0.1
154,phase1,lower,-10.0,4,-11.396905188343643,-9.99903163224916,-7.499833912035518,-4.999980975819243,-2.4999989094418678,nan,lower,0.1
155,phase1,lower,-10.0,4,-11.396905188343643,-9.999111860227796,-7.499848618413891,-4.999982769181505,-2.499999018497681,nan,lower,0.1
156,phase1,lower,-10.0,4,-11.396905188343643,-9.999185536046404,-7.499862033490652,-4.999984394113123,-2.499999116647913,nan,lower,0.1
157,phase1,lower,-10.0,4,-11.396905188343643,-9.99925318579083,-7.499874269552899,-4.999985866366602,-2.499999204983122,nan,lower,0.1
158,phase1,lower,-10.0,4,-11.396905188343643,-9.999315294167037,-7.499885429234269,-4.999987200228254,-2.49999928448481,nan,lower,0.1
159,phase1,upper,-15.0,2,-11.710889164787982,-9.999315294167037,-7.499885429234269,-4.999987200228254,-2.49999928448481,nan,lower,0.1
160,phase1,lower,-10.0,4,-11.710889164787982,-9.99937230767376,-7.499895606333668,-4.99998840865391,-2.4999993560363287,nan,lower,0.1
161,phase1,lower,-10.0,4,-11.710889164787982,-9.99942463753975,-7.499904886565693,-4.999989503392152,-2.4999994204326956,nan,lower,0.1
162,phase1,lower,-10.0,4,-11.710889164787982,-9.999472662442344,-7.499913348248339,-4.999990495096206,-2.499999478389426,nan,lower,0.1
163,phase1,lower,-10.0,4,-11.710889164787982,-9.999516731022943,-7.499921062933126,-4.999991393425528,-2.4999995305504834,nan,lower,0.1
164,phase1,lower,-10.0,4,-11.710889164787982,-9.999557164213961,-7.499928095982366,-4.999992207138024,-2.499999577495435,nan,lower,0.1
165,phase1,lower,-10.0,4,-11.710889164787982,-9.999594257390802,-7.499934507097931,-4.999992944173765,-2.4999996197458914,nan,lower,0.1
166,phase1,lower,-10.0,4,-11.710889164787982,-9.999628282361515,-7.499940350805515,-4.999993611730977,-2.499999657771302,nan,lower,0.1
167,phase1,lower,-10.0,4,-11.710889164787982,-9.999659489205914,-7.4999456768980615,-4.9999942163350095,-2.499999691994172,nan,lower,0.1
168,phase1,lower,-10.0,4,-11.710889164787982,-9.999688107975128,-7.4999505308417564,-4.999994763900926,-2.499999722794755,nan,lower,0.1
169,phase1,lower,-10.0,4,-11.710889164787982,-9.99971435026179,-7.4999549541476735,-4.999995259790309,-2.4999997505152796,nan,lower,0.1
170,phase1,lower,-10.0,4,-11.710889164787982,-9.999738410650378,-7.499958984711937,-4.999995708862806,-2.4999997754637517,nan,lower,0.1
171,phase1,lower,-10.0,4,-11.710889164787982,-9.999760468056534,-7.499962657127024,-4.999996115522901,-2.4999997979173765,nan,lower,0.1
172,phase1,lower,-10.0,4,-11.710889164787982,-9.999780686963582,-7.4999660029666115,-4.999996483762349,-2.4999998181256387,nan,lower,0.1
173,phase1,lower,-10.0,4,-11.710889164787982,-9.999799218563885,-7.499969051046185,-4.999996817198678,-2.4999998363130747,nan,lower,0.1
174,phase1,lower,-10.0,4,-11.710889164787982,-9.999816201812115,-7.499971827661435,-4.999997119110118,-2.4999998526817673,nan,lower,0.1
175,phase1,lower,-10.0,4,-11.710889164787982,-9.999831764397047,-7.4999743568063035,-4.999997392467283,-2.4999998674135906,nan,lower,0.1
176,phase1,lower,-10.0,4,-11.710889164787982,-9.999846023637973,-7.499976660372401,-4.999997639961914,-2.4999998806722314,nan,lower,0.1
177,phase1,lower,-10.0,4,-11.710889164787982,-9.999859087311416,-7.499978758331353,-4.999997864032946,-2.4999998926050084,nan,lower,0.1
178,phase1,lower,-10.0,4,-11.710889164787982,-9.99987105441341,-7.499980668901512,-4.999998066890153,-2.4999999033445075,nan,lower,0.1
179,phase1,lower,-10.0,4,-11.710889164787982,-9.99988201586222,-7.499982408700376,-4.999998250535588,-2.4999999130100568,nan,lower,0.1
180,phase1,lower,-10.0,4,-11.710889164787982,-9.999892055146034,-7.499983992883897,-4.999998416783035,-2.499999921709051,nan,lower,0.1
181,phase1,lower,-10.0,4,-11.710889164787982,-9.999901248919821,-7.499985435273811,-4.999998567275637,-2.499999929538146,nan,lower,0.1
182,phase1,lower,-10.0,4,-11.710889164787982,-9.99990966755522,-7.499986748473994,-4.999998703501888,-2.4999999365843313,nan,lower,0.1
183,phase1,lower,-10.0,4,-11.710889164787982,-9.999917375647097,-7.499987943976783,-4.999998826810132,-2.499999942925898,nan,lower,0.1
184,phase1,lower,-10.0,4,-11.710889164787982,-9.999924432480066,-7.4999890322601175,-4.999998938421709,-2.499999948633308,nan,lower,0.1
185,phase1,lower,-10.0,4,-11.710889164787982,-9.999930892458071,-7.499990022876276,-4.999999039442869,-2.4999999537699775,nan,lower,0.1
186,phase1,lower,-10.0,4,-11.710889164787982,-9.99993680549989,-7.499990924532936,-4.9999991308755805,-2.49999995839298,nan,lower,0.1
187,phase1,upper,-15.0,2,-11.998107294060018,-9.99993680549989,-7.499990924532936,-4.9999991308755805,-2.49999995839298,nan,lower,0.1
188,phase1,lower,-10.0,4,-11.998107294060018,-9.999942217403195,-7.4999917451672005,-4.99999921362732,-2.499999962553682,nan,lower,0.1
189,phase1,lower,-10.0,4,-11.998107294060018,-9.999947170179595,-7.499992492013212,-4.999999288519956,-2.4999999662983137,nan,lower,0.1
190,phase1,lower,-10.0,4,-11.998107294060018,-9.999951702362956,-7.499993171663887,-4.999999356297792,-2.4999999696684823,nan,lower,0.1
191,phase1,lower,-10.0,4,-11.998107294060018,-9.99995584929305,-7.499993790127277,-4.999999417634861,-2.499999972701634,nan,lower,0.1
192,phase1,lower,-10.0,4,-11.998107294060018,-9.999959643376473,-7.499994352878035,-4.999999473141538,-2.4999999754314706,nan,lower,0.1
193,phase1,lower,-10.0,4,-11.998107294060018,-9.99996311432663,-7.4999948649043855,-4.999999523370532,-2.4999999778883235,nan,lower,0.1
194,phase1,upper,-15.0,2,-12.260772905829766,-9.99996311432663,-7.4999948649043855,-4.999999523370532,-2.4999999778883235,nan,lower,0.1
195,phase1,lower,-10.0,4,-12.260772905829766,-9.999966289384405,-7.499995330751,-4.999999568822311,-2.499999980099491,nan,lower,0.1
196,phase1,lower,-10.0,4,-12.260772905829766,-9.999969193521064,-7.499995754558131,-4.999999609950029,-2.499999982089542,nan,lower,0.1
197,phase1,lower,-10.0,4,-12.260772905829766,-9.999971849624771,-7.499996140097321,-4.99999964716398,-2.499999983880588,nan,lower,0.1
198,phase1,lower,-10.0,4,-12.260772905829766,-9.999974278672026,-7.499996490803987,-4.999999680835641,-2.499999985492529,nan,lower,0.1
199,phase1,lower,-10.0,4,-12.260772905829766,-9.999976499885221,-7.499996809807152,-4.99999971130133,-2.4999999869432763,nan,lower,0.1
200,phase1,lower,-10.0,4,-12.260772905829766,-9.999978530877414,-7.49999709995657,-4.999999738865524,-2.4999999882489488,nan,lower,0.1
201,phase1,lower,-10.0,4,-12.260772905829766,-9.99998038778533,-7.4999973638474655,-4.999999763803866,-2.4999999894240537,nan,lower,0.1
202,phase1,lower,-10.0,4,-12.260772905829766,-9.999982085391544,-7.499997603843106,-4.999999786365885,-2.499999990481648,nan,lower,0.1
203,phase1,lower,-10.0,4,-12.260772905829766,-9.9999836372367,-7.499997822095383,-4.999999806777462,-2.499999991433483,nan,lower,0.1
204,phase1,lower,-10.0,4,-12.260772905829766,-9.999985055722568,-7.499998020563591,-4.999999825243064,-2.499999992290135,nan,lower,0.1
205,phase1,lower,-10.0,4,-12.260772905829766,-9.99998635220667,-7.499998201031539,-4.999999841947771,-2.499999993061121,nan,lower,0.1
206,phase1,lower,-10.0,4,-12.260772905829766,-9.999987537089158,-7.499998365123162,-4.999999857059106,-2.4999999937550093,nan,lower,0.1
207,phase1,lower,-10.0,4,-12.260772905829766,-9.999988619892559,-7.499998514316756,-4.999999870728697,-2.4999999943795084,nan,lower,0.1
208,phase1,lower,-10.0,4,-12.260772905829766,-9.999989609334978,-7.49999864995795,-4.999999883093778,-2.4999999949415574,nan,lower,0.1
209,phase1,lower,-10.0,4,-12.260772905829766,-9.999990513397275,-7.499998773271533,-4.999999894278556,-2.4999999954474017,nan,lower,0.1
210,phase1,lower,-10.0,4,-12.260772905829766,-9.999991339384701,-7.499998885372235,-4.99999990439544,-2.4999999959026615,nan,lower,0.1
211,phase1,lower,-10.0,4,-12.260772905829766,-9.999992093983455,-7.499998987274555,-4.999999913546162,-2.4999999963123956,nan,lower,0.1
212,phase1,lower,-10.0,4,-12.260772905829766,-9.999992783312564,-7.499999079901716,-4.999999921822785,-2.499999996681156,nan,lower,0.1
213,phase1,lower,-10.0,4,-12.260772905829766,-9.99999341297148,-7.499999164093823,-4.999999929308622,-2.4999999970130404,nan,lower,0.1
214,phase1,lower,-10.0,4,-12.260772905829766,-9.999993988083713,-7.499999240615303,-4.999999936079064,-2.499999997311736,nan,lower,0.1
215,phase1,lower,-10.0,4,-12.260772905829766,-9.99999451333687,-7.499999310161678,-4.999999942202331,-2.4999999975805625,nan,lower,0.1
216,phase1,lower,-10.0,4,-12.260772905829766,-9.999994993019351,-7.4999993733657435,-4.999999947740155,-2.4999999978225063,nan,lower,0.1
217,phase1,lower,-10.0,4,-12.260772905829766,-9.999995431053991,-7.499999430803185,-4.999999952748389,-2.4999999980402556,nan,lower,0.1
218,phase1,lower,-10.0,4,-12.260772905829766,-9.99999583102891,-7.499999482997706,-4.999999957277576,-2.49999999823623,nan,lower,0.1
219,phase1,lower,-10.0,4,-12.260772905829766,-9.999996196225789,-7.499999530425693,-4.999999961373442,-2.499999998412607,nan,lower,0.1
220,phase1,lower,-10.0,4,-12.260772905829766,-9.99999652964578,-7.499999573520467,-4.999999965077358,-2.4999999985713464,nan,lower,0.1
221,phase1,lower,-10.0,4,-12.260772905829766,-9.999996834033247,-7.499999612676157,-4.999999968426757,-2.4999999987142116,nan,lower,0.1
222,phase1,lower,-10.0,4,-12.260772905829766,-9.999997111897539,-7.499999648251217,-4.999999971455503,-2.4999999988427906,nan,lower,0.1
223,phase1,lower,-10.0,4,-12.260772905829766,-9.999997365532906,-7.499999680571646,-4.999999974194232,-2.4999999989585113,nan,lower,0.1
224,phase1,lower,-10.0,4,-12.260772905829766,-9.99999759703678,-7.499999709933904,-4.99999997667066,-2.49999999906266,nan,lower,0.1
225,phase1,lower,-10.0,4,-12.260772905829766,-9.999997808326492,-7.49999973660758,-4.99999997890986,-2.499999999156394,nan,lower,0.1
226,phase1,lower,-10.0,4,-12.260772905829766,-9.999998001154601,-7.499999760837808,-4.999999980934513,-2.4999999992407544,nan,lower,0.1
227,phase1,lower,-10.0,4,-12.260772905829766,-9.999998177122922,-7.499999782847478,-4.999999982765138,-2.499999999316679,nan,lower,0.1
228,phase1,lower,-10.0,4,-12.260772905829766,-9.999998337695377,-7.499999802839244,-4.999999984420292,-2.499999999385011,nan,lower,0.1
229,phase1,lower,-10.0,4,-12.260772905829766,-9.999998484209764,-7.499999820997349,-4.999999985916764,-2.49999999944651,nan,lower,0.1
230,phase1,lower,-10.0,4,-12.260772905829766,-9.999998617888522,-7.49999983748929,-4.999999987269739,-2.499999999501859,nan,lower,0.1
231,phase1,lower,-10.0,4,-12.260772905829766,-9.9999987398486,-7.499999852467335,-4.9999999884929505,-2.499999999551673,nan,lower,0.1
232,phase1,lower,-10.0,4,-12.260772905829766,-9.999998851110472,-7.4999998660698965,-4.999999989598822,-2.4999999995965054,nan,lower,0.1
233,phase1,lower,-10.0,4,-12.260772905829766,-9.999998952606415,-7.4999998784227895,-4.999999990598591,-2.499999999636855,nan,lower,0.1
234,phase1,lower,-10.0,4,-12.260772905829766,-9.999999045188051,-7.499999889640369,-4.999999991502417,-2.4999999996731694,nan,lower,0.1
235,phase1,lower,-10.0,4,-12.260772905829766,-9.999999129633283,-7.499999899826574,-4.999999992319492,-2.4999999997058526,nan,lower,0.1
236,phase1,lower,-10.0,4,-12.260772905829766,-9.999999206652612,-7.499999909075866,-4.999999993058128,-2.4999999997352673,nan,lower,0.1
237,phase1,lower,-10.0,4,-12.260772905829766,-9.999999276894938,-7.499999917474092,-4.999999993725842,-2.499999999761741,nan,lower,0.1
238,phase1,lower,-10.0,4,-12.260772905829766,-9.999999340952854,-7.499999925099267,-4.999999994329432,-2.4999999997855666,nan,lower,0.1
239,phase1,lower,-10.0,4,-12.260772905829766,-9.999999399367496,-7.499999932022284,-4.999999994875045,-2.49999999980701,nan,lower,0.1
240,phase1,lower,-10.0,4,-12.260772905829766,-9.999999452632975,-7.49999993830756,-4.999999995368242,-2.4999999998263087,nan,lower,0.1
241,phase1,lower,-10.0,4,-12.260772905829766,-9.999999501200435,-7.499999944013629,-4.999999995814049,-2.499999999843678,nan,lower,0.1
242,phase1,lower,-10.0,4,-12.260772905829766,-9.999999545481755,-7.499999949193671,-4.999999996217012,-2.4999999998593103,nan,lower,0.1
243,phase1,lower,-10.0,4,-12.260772905829766,-9.999999585852947,-7.499999953896005,-4.999999996581241,-2.4999999998733795,nan,lower,0.1
244,phase1,lower,-10.0,4,-12.260772905829766,-9.999999622657253,-7.499999958164528,-4.999999996910455,-2.4999999998860414,nan,lower,0.1
245,phase1,lower,-10.0,4,-12.260772905829766,-9.99999965620798,-7.499999962039121,-4.999999997208014,-2.499999999897437,nan,lower,0.1
246,phase1,lower,-10.0,4,-12.260772905829766,-9.999999686791094,-7.49999996555601,-4.999999997476956,-2.4999999999076934,nan,lower,0.1
247,phase1,lower,-10.0,4,-12.260772905829766,-9.999999714667586,-7.499999968748105,-4.99999999772003,-2.4999999999169242,nan,lower,0.1
248,phase1,lower,-10.0,4,-12.260772905829766,-9.999999740075639,-7.499999971645297,-4.999999997939719,-2.499999999925232,nan,lower,0.1
249,phase1,lower,-10.0,4,-12.260772905829766,-9.999999763232605,-7.49999997427474,-4.999999998138271,-2.4999999999327085,nan,lower,0.1
250,phase1,lower,-10.0,4,-12.260772905829766,-9.999999784336818,-7.499999976661093,-4.999999998317715,-2.499999999939438,nan,lower,0.1
251,phase1,lower,-10.0,4,-12.260772905829766,-9.999999803569246,-7.4999999788267555,-4.999999998479887,-2.499999999945494,nan,lower,0.1
252,phase1,lower,-10.0,4,-12.260772905829766,-9.999999821094997,-7.499999980792069,-4.999999998626448,-2.4999999999509446,nan,lower,0.1
253,phase1,lower,-10.0,4,-12.260772905829766,-9.999999837064705,-7.499999982575507,-4.999999998758898,-2.49999999995585,nan,lower,0.1
254,phase1,upper,-15.0,2,-12.500924322304964,-9.999999837064705,-7.499999982575507,-4.999999998758898,-2.49999999995585,nan,lower,0.1
255,phase1,lower,-10.0,4,-12.500924322304964,-9.999999851615785,-7.499999984193846,-4.999999998878593,-2.499999999960265,nan,lower,0.1
256,phase1,lower,-10.0,4,-12.500924322304964,-9.99999986487359,-7.4999999856623205,-4.99999999898676,-2.4999999999642384,nan,lower,0.1
257,phase1,lower,-10.0,4,-12.500924322304964,-9.999999876952463,-7.499999986994764,-4.999999999084507,-2.4999999999678146,nan,lower,0.1
258,phase1,lower,-10.0,4,-12.500924322304964,-9.999999887956694,-7.499999988203738,-4.999999999172838,-2.499999999971033,nan,lower,0.1
259,phase1,lower,-10.0,4,-12.500924322304964,-9.999999897981398,-7.499999989300648,-4.999999999252657,-2.4999999999739297,nan,lower,0.1
260,phase1,lower,-10.0,4,-12.500924322304964,-9.999999907113324,-7.49999999029585,-4.999999999324785,-2.499999999976537,nan,lower,0.1
261,phase1,lower,-10.0,4,-12.500924322304964,-9.999999915431577,-7.499999991198743,-4.99999999938996,-2.499999999978883,nan,lower,0.1
262,phase1,lower,-10.0,4,-12.500924322304964,-9.999999923008293,-7.499999992017865,-4.999999999448852,-2.4999999999809948,nan,lower,0.1
263,phase1,lower,-10.0,4,-12.500924322304964,-9.99999992990925,-7.499999992760964,-4.999999999502067,-2.4999999999828955,nan,lower,0.1
264,phase1,lower,-10.0,4,-12.500924322304964,-9.999999936194422,-7.4999999934350745,-4.99999999955015,-2.499999999984606,nan,lower,0.1
265,phase1,lower,-10.0,4,-12.500924322304964,-9.999999941918487,-7.499999994046582,-4.999999999593595,-2.4999999999861453,nan,lower,0.1
266,phase1,lower,-10.0,4,-12.500924322304964,-9.999999947131297,-7.499999994601283,-4.99999999963285,-2.499999999987531,nan,lower,0.1
267,phase1,lower,-10.0,4,-12.500924322304964,-9.999999951878296,-7.49999999510444,-4.999999999668319,-2.499999999988778,nan,lower,0.1
268,phase1,lower,-10.0,4,-12.500924322304964,-9.99999995620091,-7.499999995560827,-4.999999999700364,-2.4999999999899,nan,lower,0.1
269,phase1,lower,-10.0,4,-12.500924322304964,-9.9999999601369,-7.499999995974781,-4.999999999729318,-2.49999999999091,nan,lower,0.1
270,phase1,lower,-10.0,4,-12.500924322304964,-9.999999963720688,-7.499999996350234,-4.999999999755477,-2.499999999991819,nan,lower,0.1
271,phase1,lower,-10.0,4,-12.500924322304964,-9.999999966983642,-7.499999996690758,-4.999999999779112,-2.499999999992637,nan,lower,0.1
272,phase1,lower,-10.0,4,-12.500924322304964,-9.999999969954354,-7.499999996999594,-4.9999999998004645,-2.4999999999933733,nan,lower,0.1
273,phase1,lower,-10.0,4,-12.500924322304964,-9.999999972658879,-7.499999997279681,-4.999999999819756,-2.499999999994036,nan,lower,0.1
274,phase1,lower,-10.0,4,-12.500924322304964,-9.999999975120959,-7.499999997533688,-4.999999999837184,-2.4999999999946323,nan,lower,0.1
275,phase1,lower,-10.0,4,-12.500924322304964,-9.999999977362233,-7.4999999977640375,-4.999999999852928,-2.499999999995169,nan,lower,0.1
276,phase1,lower,-10.0,4,-12.500924322304964,-9.999999979402414,-7.499999997972926,-4.9999999998671525,-2.4999999999956524,nan,lower,0.1
277,phase1,lower,-10.0,4,-12.500924322304964,-9.999999981259466,-7.499999998162349,-4.999999999880003,-2.499999999996087,nan,lower,0.1
278,phase1,lower,-10.0,4,-12.500924322304964,-9.999999982949754,-7.499999998334115,-4.999999999891611,-2.4999999999964784,nan,lower,0.1
279,phase1,lower,-10.0,4,-12.500924322304964,-9.999999984488191,-7.499999998489864,-4.999999999902098,-2.4999999999968305,nan,lower,0.1
280,phase1,lower,-10.0,4,-12.500924322304964,-9.999999985888358,-7.499999998631087,-4.999999999911571,-2.4999999999971476,nan,lower,0.1
281,phase1,lower,-10.0,4,-12.500924322304964,-9.999999987162631,-7.499999998759136,-4.999999999920129,-2.4999999999974327,nan,lower,0.1
282,phase1,lower,-10.0,4,-12.500924322304964,-9.999999988322282,-7.499999998875235,-4.9999999999278595,-2.4999999999976894,nan,lower,0.1
283,phase1,lower,-10.0,4,-12.500924322304964,-9.999999989377578,-7.499999998980497,-4.999999999934842,-2.4999999999979203,nan,lower,0.1
284,phase1,lower,-10.0,4,-12.500924322304964,-9.99999999033787,-7.499999999075932,-4.99999999994115,-2.499999999998128,nan,lower,0.1
285,phase1,lower,-10.0,4,-12.500924322304964,-9.999999991211675,-7.499999999162454,-4.999999999946848,-2.499999999998315,nan,lower,0.1
286,phase1,lower,-10.0,4,-12.500924322304964,-9.999999992006753,-7.4999999992408934,-4.999999999951995,-2.4999999999984834,nan,lower,0.1
287,phase1,lower,-10.0,4,-12.500924322304964,-9.999999992730167,-7.499999999312004,-4.999999999956644,-2.499999999998635,nan,lower,0.1
288,phase1,lower,-10.0,4,-12.500924322304964,-9.99999999338835,-7.499999999376468,-4.999999999960843,-2.499999999998771,nan,lower,0.1
289,phase1,lower,-10.0,4,-12.500924322304964,-9.999999993987162,-7.499999999434905,-4.999999999964635,-2.499999999998894,nan,lower,0.1
290,phase1,lower,-10.0,4,-12.500924322304964,-9.999999994531937,-7.499999999487878,-4.999999999968061,-2.499999999999005,nan,lower,0.1
291,phase1,lower,-10.0,4,-12.500924322304964,-9.999999995027531,-7.499999999535897,-4.9999999999711555,-2.4999999999991043,nan,lower,0.1
292,phase1,lower,-10.0,4,-12.500924322304964,-9.999999995478367,-7.499999999579423,-4.999999999973951,-2.499999999999194,nan,lower,0.1
293,phase1,lower,-10.0,4,-12.500924322304964,-9.999999995888473,-7.4999999996188755,-4.999999999976475,-2.4999999999992744,nan,lower,0.1
294,phase1,lower,-10.0,4,-12.500924322304964,-9.999999996261513,-7.499999999654635,-4.999999999978755,-2.4999999999993467,nan,lower,0.1
295,phase1,lower,-10.0,4,-12.500924322304964,-9.999999996600826,-7.499999999687048,-4.999999999980814,-2.499999999999412,nan,lower,0.1
296,phase1,lower,-10.0,4,-12.500924322304964,-9.999999996909448,-7.499999999716424,-4.999999999982673,-2.4999999999994706,nan,lower,0.1
297,phase1,lower,-10.0,4,-12.500924322304964,-9.999999997190146,-7.499999999743049,-4.999999999984353,-2.4999999999995235,nan,lower,0.1
298,phase1,lower,-10.0,4,-12.500924322304964,-9.999999997445437,-7.499999999767179,-4.99999999998587,-2.499999999999571,nan,lower,0.1
299,phase1,lower,-10.0,4,-12.500924322304964,-9.999999997677612,-7.499999999789048,-4.99999999998724,-2.499999999999614,nan,lower,0.1
300,phase1,lower,-10.0,4,-12.500924322304964,-9.999999997888755,-7.499999999808868,-4.999999999988478,-2.4999999999996527,nan,lower,0.1
301,phase1,lower,-10.0,4,-12.500924322304964,-9.999999998080767,-7.499999999826828,-4.999999999989595,-2.4999999999996874,nan,lower,0.1
302,phase1,lower,-10.0,4,-12.500924322304964,-9.999999998255372,-7.499999999843105,-4.999999999990604,-2.4999999999997184,nan,lower,0.1
303,phase1,lower,-10.0,4,-12.500924322304964,-9.999999998414145,-7.499999999857855,-4.999999999991515,-2.4999999999997464,nan,lower,0.1
304,phase1,lower,-10.0,4,-12.500924322304964,-9.999999998558517,-7.499999999871221,-4.999999999992339,-2.4999999999997717,nan,lower,0.1
305,phase1,lower,-10.0,4,-12.500924322304964,-9.999999998689788,-7.499999999883333,-4.999999999993082,-2.4999999999997944,nan,lower,0.1
306,phase1,lower,-10.0,4,-12.500924322304964,-9.999999998809143,-7.4999999998943085,-4.999999999993753,-2.499999999999815,nan,lower,0.1
307,phase1,lower,-10.0,4,-12.500924322304964,-9.999999998917659,-7.499999999904253,-4.99999999999436,-2.4999999999998335,nan,lower,0.1
308,phase1,lower,-10.0,4,-12.500924322304964,-9.999999999016318,-7.499999999913263,-4.999999999994907,-2.49999999999985,nan,lower,0.1
309,phase1,lower,-10.0,4,-12.500924322304964,-9.999999999106013,-7.499999999921427,-4.999999999995401,-2.499999999999865,nan,lower,0.1
310,phase1,lower,-10.0,4,-12.500924322304964,-9.999999999187555,-7.499999999928825,-4.999999999995848,-2.4999999999998783,nan,lower,0.1
311,phase1,lower,-10.0,4,-12.500924322304964,-9.999999999261682,-7.499999999935527,-4.999999999996251,-2.4999999999998903,nan,lower,0.1
312,phase1,lower,-10.0,4,-12.500924322304964,-9.999999999329066,-7.4999999999416,-4.999999999996615,-2.4999999999999014,nan,lower,0.1
313,phase1,lower,-10.0,4,-12.500924322304964,-9.99999999939032,-7.499999999947101,-4.999999999996944,-2.499999999999911,nan,lower,0.1
314,phase1,lower,-10.0,4,-12.500924322304964,-9.999999999445999,-7.499999999952085,-4.99999999999724,-2.49999999999992,nan,lower,0.1
315,phase1,lower,-10.0,4,-12.500924322304964,-9.999999999496607,-7.499999999956601,-4.999999999997509,-2.499999999999928,nan,lower,0.1
316,phase1,lower,-10.0,4,-12.500924322304964,-9.999999999542606,-7.499999999960692,-4.99999999999775,-2.499999999999935,nan,lower,0.1
317,phase1,lower,-10.0,4,-12.500924322304964,-9.999999999584414,-7.499999999964397,-4.999999999997969,-2.499999999999942,nan,lower,0.1
318,phase1,lower,-10.0,4,-12.500924322304964,-9.999999999622412,-7.499999999967755,-4.999999999998166,-2.4999999999999476,nan,lower,0.1
319,phase1,lower,-10.0,4,-12.500924322304964,-9.999999999656946,-7.499999999970796,-4.999999999998344,-2.499999999999953,nan,lower,0.1
320,phase1,lower,-10.0,4,-12.500924322304964,-9.999999999688331,-7.499999999973551,-4.999999999998505,-2.499999999999958,nan,lower,0.1
321,phase1,lower,-10.0,4,-12.500924322304964,-9.999999999716852,-7.499999999976047,-4.99999999999865,-2.499999999999962,nan,lower,0.1
322,phase1,lower,-10.0,4,-12.500924322304964,-9.999999999742771,-7.499999999978307,-4.999999999998781,-2.499999999999966,nan,lower,0.1
323,phase1,lower,-10.0,4,-12.500924322304964,-9.999999999766324,-7.499999999980354,-4.9999999999988995,-2.4999999999999694,nan,lower,0.1
324,phase1,lower,-10.0,4,-12.500924322304964,-9.999999999787727,-7.499999999982209,-4.999999999999007,-2.4999999999999725,nan,lower,0.1
325,phase1,lower,-10.0,4,-12.500924322304964,-9.999999999807175,-7.499999999983888,-4.999999999999104,-2.499999999999975,nan,lower,0.1
326,phase1,lower,-10.0,4,-12.500924322304964,-9.999999999824846,-7.49999999998541,-4.999999999999191,-2.499999999999978,nan,lower,0.1
327,phase1,lower,-10.0,4,-12.500924322304964,-9.999999999840902,-7.499999999986788,-4.99999999999927,-2.49999999999998,nan,lower,0.1
328,phase1,lower,-10.0,4,-12.500924322304964,-9.999999999855492,-7.499999999988036,-4.999999999999341,-2.4999999999999822,nan,lower,0.1
329,phase1,lower,-10.0,4,-12.500924322304964,-9.999999999868747,-7.499999999989167,-4.999999999999405,-2.499999999999984,nan,lower,0.1
330,phase1,lower,-10.0,4,-12.500924322304964,-9.999999999880789,-7.499999999990191,-4.999999999999463,-2.499999999999986,nan,lower,0.1
331,phase1,lower,-10.0,4,-12.500924322304964,-9.99999999989173,-7.499999999991118,-4.999999999999515,-2.499999999999987,nan,lower,0.1
332,phase1,lower,-10.0,4,-12.500924322304964,-9.999999999901668,-7.4999999999919575,-4.999999999999562,-2.4999999999999885,nan,lower,0.1
333,phase1,lower,-10.0,4,-12.500924322304964,-9.999999999910697,-7.499999999992718,-4.999999999999605,-2.49999999999999,nan,lower,0.1
334,phase1,lower,-10.0,4,-12.500924322304964,-9.999999999918899,-7.499999999993406,-4.999999999999643,-2.4999999999999907,nan,lower,0.1
335,phase1,lower,-10.0,4,-12.500924322304964,-9.999999999926349,-7.49999999999403,-4.999999999999678,-2.4999999999999916,nan,lower,0.1
336,phase1,lower,-10.0,4,-12.500924322304964,-9.999999999933117,-7.4999999999945945,-4.999999999999709,-2.4999999999999925,nan,lower,0.1
337,phase1,upper,-15.0,2,-12.720437726426825,-9.999999999933117,-7.4999999999945945,-4.999999999999709,-2.4999999999999925,nan,lower,0.1
338,phase1,lower,-10.0,4,-12.720437726426825,-9.999999999939265,-7.499999999995106,-4.999999999999737,-2.4999999999999933,nan,lower,0.1
339,phase1,lower,-10.0,4,-12.720437726426825,-9.99999999994485,-7.499999999995569,-4.999999999999763,-2.499999999999994,nan,lower,0.1
340,phase1,lower,-10.0,4,-12.720437726426825,-9.999999999949921,-7.499999999995988,-4.999999999999786,-2.4999999999999942,nan,lower,0.1
341,phase1,lower,-10.0,4,-12.720437726426825,-9.999999999954527,-7.499999999996368,-4.999999999999806,-2.4999999999999947,nan,lower,0.1
342,phase1,lower,-10.0,4,-12.720437726426825,-9.99999999995871,-7.499999999996712,-4.999999999999825,-2.499999999999995,nan,lower,0.1
343,phase1,lower,-10.0,4,-12.720437726426825,-9.99999999996251,-7.499999999997023,-4.999999999999842,-2.4999999999999956,nan,lower,0.1
344,phase1,lower,-10.0,4,-12.720437726426825,-9.999999999965961,-7.499999999997304,-4.999999999999857,-2.499999999999996,nan,lower,0.1
345,phase1,lower,-10.0,4,-12.720437726426825,-9.999999999969095,-7.499999999997559,-4.999999999999871,-2.4999999999999964,nan,lower,0.1
346,phase1,lower,-10.0,4,-12.720437726426825,-9.99999999997194,-7.49999999999779,-4.999999999999884,-2.499999999999997,nan,lower,0.1
347,phase1,lower,-10.0,4,-12.720437726426825,-9.999999999974525,-7.499999999998,-4.999999999999895,-2.4999999999999973,nan,lower,0.1
348,phase1,lower,-10.0,4,-12.720437726426825,-9.999999999976872,-7.499999999998189,-4.999999999999906,-2.499999999999998,nan,lower,0.1
349,phase1,lower,-10.0,4,-12.720437726426825,-9.999999999979003,-7.49999999999836,-4.999999999999915,-2.4999999999999982,nan,lower,0.1
350,phase1,lower,-10.0,4,-12.720437726426825,-9.99999999998094,-7.499999999998516,-4.999999999999923,-2.4999999999999982,nan,lower,0.1
351,phase1,lower,-10.0,4,-12.720437726426825,-9.999999999982697,-7.499999999998656,-4.999999999999931,-2.4999999999999982,nan,lower,0.1
352,phase1,lower,-10.0,4,-12.720437726426825,-9.999999999984293,-7.499999999998783,-4.999999999999938,-2.4999999999999982,nan,lower,0.1
353,phase1,lower,-10.0,4,-12.720437726426825,-9.999999999985743,-7.499999999998899,-4.999999999999944,-2.4999999999999982,nan,lower,0.1
354,phase1,lower,-10.0,4,-12.720437726426825,-9.99999999998706,-7.4999999999990035,-4.999999999999949,-2.4999999999999982,nan,lower,0.1
355,phase1,upper,-15.0,2,-12.921039206501264,-9.99999999998706,-7.4999999999990035,-4.999999999999949,-2.4999999999999982,nan,lower,0.1
356,phase1,lower,-10.0,4,-12.921039206501264,-9.999999999988253,-7.499999999999098,-4.999999999999954,-2.4999999999999982,nan,lower,0.1
357,phase1,lower,-10.0,4,-12.921039206501264,-9.999999999989338,-7.499999999999183,-4.999999999999958,-2.4999999999999982,nan,lower,0.1
358,phase1,lower,-10.0,4,-12.921039206501264,-9.999999999990322,-7.49999999999926,-4.999999999999963,-2.4999999999999982,nan,lower,0.1
359,phase1,lower,-10.0,4,-12.921039206501264,-9.999999999991216,-7.49999999999933,-4.999999999999966,-2.4999999999999982,nan,lower,0.1
360,phase1,lower,-10.0,4,-12.921039206501264,-9.999999999992028,-7.499999999999394,-4.99999999999997,-2.4999999999999982,nan,lower,0.1
361,phase1,lower,-10.0,4,-12.921039206501264,-9.999999999992765,-7.499999999999452,-4.9999999999999725,-2.4999999999999982,nan,lower,0.1
362,phase1,lower,-10.0,4,-12.921039206501264,-9.999999999993435,-7.499999999999504,-4.999999999999975,-2.4999999999999982,nan,lower,0.1
363,phase1,lower,-10.0,4,-12.921039206501264,-9.999999999994042,-7.4999999999995515,-4.999999999999978,-2.4999999999999982,nan,lower,0.1
364,phase1,lower,-10.0,4,-12.921039206501264,-9.999999999994593,-7.499999999999594,-4.99999999999998,-2.4999999999999982,nan,lower,0.1
365,phase1,lower,-10.0,4,-12.921039206501264,-9.999999999995094,-7.499999999999632,-4.999999999999981,-2.4999999999999982,nan,lower,0.1
366,phase1,lower,-10.0,4,-12.921039206501264,-9.999999999995548,-7.499999999999667,-4.999999999999983,-2.4999999999999982,nan,lower,0.1
367,phase1,lower,-10.0,4,-12.921039206501264,-9.99999999999596,-7.499999999999699,-4.999999999999985,-2.4999999999999982,nan,lower,0.1
368,phase1,upper,-15.0,2,-13.104316013296547,-9.99999999999596,-7.499999999999699,-4.999999999999985,-2.4999999999999982,nan,lower,0.1
369,phase1,lower,-10.0,4,-13.104316013296547,-9.999999999996334,-7.499999999999727,-4.999999999999986,-2.4999999999999982,nan,lower,0.1
370,phase1,lower,-10.0,4,-13.104316013296547,-9.999999999996673,-7.499999999999753,-4.999999999999987,-2.4999999999999982,nan,lower,0.1
371,phase1,lower,-10.0,4,-13.104316013296547,-9.99999999999698,-7.499999999999776,-4.999999999999988,-2.4999999999999982,nan,lower,0.1
372,phase1,lower,-10.0,4,-13.104316013296547,-9.999999999997259,-7.4999999999997975,-4.9999999999999885,-2.4999999999999982,nan,lower,0.1
373,phase1,lower,-10.0,4,-13.104316013296547,-9.999999999997513,-7.499999999999817,-4.999999999999989,-2.4999999999999982,nan,lower,0.1
374,phase1,lower,-10.0,4,-13.104316013296547,-9.999999999997744,-7.499999999999834,-4.99999999999999,-2.4999999999999982,nan,lower,0.1
375,phase1,lower,-10.0,4,-13.104316013296547,-9.999999999997954,-7.49999999999985,-4.999999999999991,-2.4999999999999982,nan,lower,0.1
376,phase1,lower,-10.0,4,-13.104316013296547,-9.999999999998144,-7.499999999999864,-4.999999999999992,-2.4999999999999982,nan,lower,0.1
377,phase1,lower,-10.0,4,-13.104316013296547,-9.999999999998316,-7.4999999999998765,-4.999999999999993,-2.4999999999999982,nan,lower,0.1
378,phase1,lower,-10.0,4,-13.104316013296547,-9.999999999998472,-7.499999999999888,-4.999999999999994,-2.4999999999999982,nan,lower,0.1
379,phase1,lower,-10.0,4,-13.104316013296547,-9.999999999998614,-7.499999999999899,-4.999999999999995,-2.4999999999999982,nan,lower,0.1
380,phase1,lower,-10.0,4,-13.104316013296547,-9.999999999998742,-7.4999999999999085,-4.999999999999995,-2.4999999999999982,nan,lower,0.1
381,phase1,lower,-10.0,4,-13.104316013296547,-9.99999999999886,-7.499999999999917,-4.999999999999995,-2.4999999999999982,nan,lower,0.1
382,phase1,lower,-10.0,4,-13.104316013296547,-9.999999999998966,-7.499999999999925,-4.999999999999995,-2.4999999999999982,nan,lower,0.1
383,phase1,lower,-10.0,4,-13.104316013296547,-9.999999999999062,-7.4999999999999325,-4.999999999999995,-2.4999999999999982,nan,lower,0.1
384,phase1,lower,-10.0,4,-13.104316013296547,-9.99999999999915,-7.499999999999939,-4.999999999999995,-2.4999999999999982,nan,lower,0.1
385,phase1,lower,-10.0,4,-13.104316013296547,-9.999999999999229,-7.499999999999944,-4.999999999999995,-2.4999999999999982,nan,lower,0.1
386,phase1,lower,-10.0,4,-13.104316013296547,-9.9999999999993,-7.499999999999949,-4.999999999999995,-2.4999999999999982,nan,lower,0.1
387,phase1,lower,-10.0,4,-13.104316013296547,-9.999999999999366,-7.499999999999954,-4.999999999999995,-2.4999999999999982,nan,lower,0.1
388,phase1,lower,-10.0,4,-13.104316013296547,-9.999999999999424,-7.499999999999958,-4.999999999999995,-2.4999999999999982,nan,lower,0.1
389,phase1,lower,-10.0,4,-13.104316013296547,-9.999999999999478,-7.499999999999962,-4.999999999999995,-2.4999999999999982,nan,lower,0.1
390,phase1,lower,-10.0,4,-13.104316013296547,-9.999999999999526,-7.499999999999965,-4.999999999999995,-2.4999999999999982,nan,lower,0.1
391,phase1,lower,-10.0,4,-13.104316013296547,-9.99999999999957,-7.499999999999968,-4.999999999999995,-2.4999999999999982,nan,lower,0.1
392,phase1,lower,-10.0,4,-13.104316013296547,-9.99999999999961,-7.499999999999971,-4.999999999999995,-2.4999999999999982,nan,lower,0.1
393,phase1,lower,-10.0,4,-13.104316013296547,-9.999999999999645,-7.499999999999973,-4.999999999999995,-2.4999999999999982,nan,lower,0.1
394,phase1,lower,-10.0,4,-13.104316013296547,-9.999999999999677,-7.499999999999975,-4.999999999999995,-2.4999999999999982,nan,lower,0.1
395,phase1,lower,-10.0,4,-13.104316013296547,-9.999999999999707,-7.499999999999977,-4.999999999999995,-2.4999999999999982,nan,lower,0.1
396,phase1,lower,-10.0,4,-13.104316013296547,-9.999999999999734,-7.499999999999979,-4.999999999999995,-2.4999999999999982,nan,lower,0.1
397,phase1,lower,-10.0,4,-13.104316013296547,-9.999999999999758,-7.4999999999999805,-4.999999999999995,-2.4999999999999982,nan,lower,0.1
398,phase1,lower,-10.0,4,-13.104316013296547,-9.99999999999978,-7.499999999999982,-4.999999999999995,-2.4999999999999982,nan,lower,0.1
399,phase1,lower,-10.0,4,-13.104316013296547,-9.9999999999998,-7.499999999999983,-4.999999999999995,-2.4999999999999982,nan,lower,0.1
400,phase2,lower,-20.0,4,-13.104316013296547,-9.999999999999817,-8.49999999999999,-5.269999999999999,-2.689000000000001,-0.14700000000000218,lower,0.1
401,phase2,lower,-20.0,4,-13.104316013296547,-10.232299999999837,-9.546609999999998,-5.595917000000004,-2.9017249000000045,-0.1744827000000025,lower,0.1
402,phase2,lower,-20.0,4,-13.104316013296547,-10.570765429999856,-10.560451171000004,-5.918566408700008,-3.0957572563900073,-0.1701075779700022,lower,0.1
403,phase2,lower,-20.0,4,-13.104316013296547,-10.972830824272872,-11.52065198389811,-6.220527107276582,-3.2614348133039384,-0.1573242798494689,lower,0.1
404,phase2,lower,-20.0,4,-13.104316013296547,-11.419204792099919,-12.422044963851004,-6.495998333541069,-3.397862158999509,-0.14248982106552102,lower,0.1
405,phase2,lower,-20.0,4,-13.104316013296547,-11.897729648233996,-13.263785572728569,-6.742723147404535,-3.5065031683092713,-0.12739642150423613,lower,0.1
406,phase2,lower,-20.0,4,-13.104316013296547,-12.398992020037266,-14.046322585705187,-6.959782742867574,-3.589452027403569,-0.11260426400367424,lower,0.1
407,phase2,lower,-20.0,4,-13.104316013296547,-12.915068914207366,-14.770587213016775,-7.146956123681302,-3.6489524119977736,-0.09832967377144097,lower,0.1
408,phase2,lower,-20.0,4,-13.104316013296547,-13.439117450482604,-15.43777079262709,-7.304500395081594,-3.687252320380593,-0.08468321064875305,upper,0.1
409,phase2,upper,-15.0,2,-13.347941956251638,-13.439117450482604,-15.43777079262709,-7.304500395081594,-3.687252320380593,-0.08329829801558333,upper,0.1
410,phase2,upper,-15.0,2,-13.578029758783174,-13.439117450482604,-15.43777079262709,-7.304500395081594,-3.687252320380593,-0.07641716725151056,lower,0.1
411,phase2,lower,-20.0,4,-13.578029758783174,-13.957758235223412,-16.044050208478893,-7.429401805802213,-3.70399974305911,-0.06975005072369686,upper,0.1
412,phase2,upper,-15.0,2,-13.783360020306146,-13.957758235223412,-16.044050208478893,-7.429401805802213,-3.70399974305911,-0.06400666266266813,upper,0.1
413,phase2,upper,-15.0,2,-13.971195631271026,-13.957758235223412,-16.044050208478893,-7.429401805802213,-3.70399974305911,-0.05614179878435983,lower,0.1
414,phase2,lower,-20.0,4,-13.971195631271026,-14.466915051454885,-16.591784584723268,-7.523205544214063,-3.7019546743394476,-0.05593382316419804,upper,0.1
415,phase2,upper,-15.0,2,-14.139674183271984,-14.466915051454885,-16.591784584723268,-7.523205544214063,-3.7019546743394476,-0.04763927440854013,upper,0.1
416,phase2,upper,-15.0,2,-14.289027578625204,-14.466915051454885,-16.591784584723268,-7.523205544214063,-3.7019546743394476,-0.03956999460732695,upper,0.1
417,phase2,upper,-15.0,2,-14.420014917544886,-14.466915051454885,-16.591784584723268,-7.523205544214063,-3.7019546743394476,-0.03213477905925622,upper,0.1
418,phase2,upper,-15.0,2,-14.53385213535791,-14.466915051454885,-16.591784584723268,-7.523205544214063,-3.7019546743394476,-0.025503161713316548,lower,0.1
419,phase2,lower,-20.0,4,-14.53385213535791,-14.952354850323708,-17.075865149949983,-7.582385751627197,-3.679999139499306,-0.040350196231663304,upper,0.1
420,phase2,upper,-15.0,2,-14.645324986833923,-14.952354850323708,-17.075865149949983,-7.582385751627197,-3.679999139499306,-0.026991841354701132,upper,0.1
421,phase2,upper,-15.0,2,-14.735345064516757,-14.952354850323708,-17.075865149949983,-7.582385751627197,-3.679999139499306,-0.01795078481706156,upper,0.1
422,phase2,upper,-15.0,2,-14.808675317990597,-14.952354850323708,-17.075865149949983,-7.582385751627197,-3.679999139499306,-0.011589823382393907,upper,0.1
423,phase2,upper,-15.0,2,-14.868551387683048,-14.952354850323708,-17.075865149949983,-7.582385751627197,-3.679999139499306,-0.0069686833393083104,upper,0.1
424,phase2,upper,-15.0,2,-14.917314728369337,-14.952354850323708,-17.075865149949983,-7.582385751627197,-3.679999139499306,-0.003533875894487566,upper,0.1
425,phase2,upper,-15.0,2,-14.956762040085499,-14.952354850323708,-17.075865149949983,-7.582385751627197,-3.679999139499306,-0.0009481432302177548,lower,0.1
426,phase2,lower,-20.0,4,-14.956762040085499,-15.415559209193532,-17.50194931844265,-7.6111256224871555,-3.6424197594728454,-0.0271493299777198,upper,0.1
427,phase2,upper,-15.0,2,-15.0119205380936,-15.415559209193532,-17.50194931844265,-7.6111256224871555,-3.6424197594728454,-0.011835141393983895,upper,0.1
428,phase2,upper,-15.0,2,-15.047680344588215,-15.415559209193532,-17.50194931844265,-7.6111256224871555,-3.6424197594728454,-0.0031818670086414397,upper,0.1
429,phase2,upper,-15.0,2,-15.070869734928925,-15.415559209193532,-17.50194931844265,-7.6111256224871555,-3.6424197594728454,0.0017006094063759473,upper,0.1
430,phase2,upper,-15.0,2,-15.085585834805306,-15.415559209193532,-17.50194931844265,-7.6111256224871555,-3.6424197594728454,0.004421589007782603,upper,0.1
431,phase2,upper,-15.0,2,-15.094379601981917,-15.415559209193532,-17.50194931844265,-7.6111256224871555,-3.6424197594728454,0.005883741413497956,upper,0.1
432,phase2,upper,-15.0,2,-15.098911193418473,-15.415559209193532,-17.50194931844265,-7.6111256224871555,-3.6424197594728454,0.006598847635855047,upper,0.1
433,phase2,upper,-15.0,2,-15.100314190396649,-15.415559209193532,-17.50194931844265,-7.6111256224871555,-3.6424197594728454,0.006861547530663292,upper,0.1
434,phase2,upper,-15.0,2,-15.099399655367353,-15.415559209193532,-17.50194931844265,-7.6111256224871555,-3.6424197594728454,0.006845061199271645,upper,0.1
435,phase2,upper,-15.0,2,-15.096771949525216,-15.415559209193532,-17.50194931844265,-7.6111256224871555,-3.6424197594728454,0.006654026080012362,upper,0.1
436,phase2,upper,-15.0,2,-15.092895812471083,-15.415559209193532,-17.50194931844265,-7.6111256224871555,-3.6424197594728454,0.0063537550425714975,upper,0.1
437,phase2,upper,-15.0,2,-15.088136398409262,-15.415559209193532,-17.50194931844265,-7.6111256224871555,-3.6424197594728454,0.00598652123787683,upper,0.1
438,phase2,upper,-15.0,2,-15.08278418700567,-15.415559209193532,-17.50194931844265,-7.6111256224871555,-3.6424197594728454,0.005580696552782315,upper,0.1
439,phase2,upper,-15.0,2,-15.077071321124077,-15.415559209193532,-17.50194931844265,-7.6111256224871555,-3.6424197594728454,0.005155945412465506,upper,0.1
440,phase2,lower,-20.0,4,-15.077071321124077,-15.869557869247226,-17.883451236186975,-7.619111797532837,-3.5969224581671533,-0.01919548749260879,upper,0.1
441,phase2,upper,-15.0,2,-15.093099269164451,-15.869557869247226,-17.883451236186975,-7.619111797532837,-3.5969224581671533,-0.007205968400923529,upper,0.1
442,phase2,upper,-15.0,2,-15.097263561040384,-15.869557869247226,-17.883451236186975,-7.619111797532837,-3.5969224581671533,-0.0009468436131599531,upper,0.1
443,phase2,upper,-15.0,2,-15.095070633554347,-15.869557869247226,-17.883451236186975,-7.619111797532837,-3.5969224581671533,0.0021798956543538127,upper,0.1
444,phase2,upper,-15.0,2,-15.08959224034524,-15.869557869247226,-17.883451236186975,-7.619111797532837,-3.5969224581671533,0.0036037840364469367,upper,0.1
445,phase2,upper,-15.0,2,-15.082548850711168,-15.869557869247226,-17.883451236186975,-7.619111797532837,-3.5969224581671533,0.0041116228281018585,upper,0.1
446,phase2,upper,-15.0,2,-15.074907183162358,-15.869557869247226,-17.883451236186975,-7.619111797532837,-3.5969224581671533,0.004136452076788243,upper,0.1
447,phase2,upper,-15.0,2,-15.067210523410585,-15.869557869247226,-17.883451236186975,-7.619111797532837,-3.5969224581671533,0.003916430253057284,upper,0.1
448,phase2,lower,-20.0,4,-15.067210523410585,-16.317422418713452,-18.226425062169508,-7.61084113764617,-3.5468948920224954,-0.013498188222141189,upper,0.1
449,phase2,upper,-15.0,2,-15.075435128851,-16.317422418713452,-18.226425062169508,-7.61084113764617,-3.5468948920224954,-0.004950935282887793,upper,0.1
450,phase2,upper,-15.0,2,-15.075609461494977,-16.317422418713452,-18.226425062169508,-7.61084113764617,-3.5468948920224954,-0.0005482402430408958,upper,0.1
451,phase2,upper,-15.0,2,-15.071674043138083,-16.317422418713452,-18.226425062169508,-7.61084113764617,-3.5468948920224954,0.0016010510139524824,upper,0.1
452,phase2,upper,-15.0,2,-15.065799553929967,-16.317422418713452,-18.226425062169508,-7.61084113764617,-3.5468948920224954,0.0025357173943788888,upper,0.1
453,phase2,upper,-15.0,2,-15.059177355915594,-16.317422418713452,-18.226425062169508,-7.61084113764617,-3.5468948920224954,0.002825883428795845,upper,0.1
454,phase2,upper,-15.0,2,-15.052455306358777,-16.317422418713452,-18.226425062169508,-7.61084113764617,-3.5468948920224954,0.0027839156551966787,upper,0.1
455,phase2,upper,-15.0,2,-15.045978477615085,-16.317422418713452,-18.226425062169508,-7.61084113764617,-3.5468948920224954,0.0025803604429484226,upper,0.1
456,phase2,upper,-15.0,2,-15.039922496926666,-16.317422418713452,-18.226425062169508,-7.61084113764617,-3.5468948920224954,0.002307701879418259,upper,0.1
457,phase2,upper,-15.0,2,-15.03436771643936,-16.317422418713452,-18.226425062169508,-7.61084113764617,-3.5468948920224954,0.002015442437090373,upper,0.1
458,phase2,upper,-15.0,2,-15.029340720273307,-16.317422418713452,-18.226425062169508,-7.61084113764617,-3.5468948920224954,0.0017294194698145933,upper,0.1
459,phase2,upper,-15.0,2,-15.024837750508482,-16.317422418713452,-18.226425062169508,-7.61084113764617,-3.5468948920224954,0.001462452846629048,upper,0.1
460,phase2,upper,-15.0,2,-15.020838080985339,-16.317422418713452,-18.226425062169508,-7.61084113764617,-3.5468948920224954,0.001220222833596865,upper,0.1
461,phase2,upper,-15.0,2,-15.017311766114984,-16.317422418713452,-18.226425062169508,-7.61084113764617,-3.5468948920224954,0.0010045213292119886,upper,0.1
462,phase2,upper,-15.0,2,-15.014224211582608,-16.317422418713452,-18.226425062169508,-7.61084113764617,-3.5468948920224954,0.0008150547545158305,upper,0.1
463,phase2,upper,-15.0,2,-15.011538924345341,-16.317422418713452,-18.226425062169508,-7.61084113764617,-3.5468948920224954,0.0006504467609527853,upper,0.1
464,phase2,upper,-15.0,2,-15.009219199331596,-16.317422418713452,-18.226425062169508,-7.61084113764617,-3.5468948920224954,0.0005087975796272243,upper,0.1
465,phase2,upper,-15.0,2,-15.007229169266834,-16.317422418713452,-18.226425062169508,-7.61084113764617,-3.5468948920224954,0.00038799669208642456,upper,0.1
466,phase2,upper,-15.0,2,-15.005534460960249,-16.317422418713452,-18.226425062169508,-7.61084113764617,-3.5468948920224954,0.0002858974415936626,upper,0.1
467,phase2,upper,-15.0,2,-15.004102599649205,-16.317422418713452,-18.226425062169508,-7.61084113764617,-3.5468948920224954,0.0002004137499635956,upper,0.1
468,phase2,upper,-15.0,2,-15.002903246057105,-16.317422418713452,-18.226425062169508,-7.61084113764617,-3.5468948920224954,0.00012957241741628578,upper,0.1
469,phase2,upper,-15.0,2,-15.001908318589619,-16.317422418713452,-18.226425062169508,-7.61084113764617,-3.5468948920224954,7.153975998401411e-05,upper,0.1
470,phase2,upper,-15.0,2,-15.001092034535002,-16.317422418713452,-18.226425062169508,-7.61084113764617,-3.5468948920224954,2.4633195724054564e-05,upper,0.1
471,phase2,upper,-15.0,2,-15.000430893176663,-16.317422418713452,-18.226425062169508,-7.61084113764617,-3.5468948920224954,-1.2676131442003805e-05,upper,0.1
472,phase2,upper,-15.0,2,-14.999903617030126,-16.317422418713452,-18.226425062169508,-7.61084113764617,-3.5468948920224954,-4.1766128941774324e-05,upper,0.1
473,phase2,upper,-15.0,2,-14.99949106314104,-16.317422418713452,-18.226425062169508,-7.61084113764617,-3.5468948920224954,-6.386979873968207e-05,upper,0.1
474,phase2,upper,-15.0,2,-14.999176113508078,-16.317422418713452,-18.226425062169508,-7.61084113764617,-3.5468948920224954,-8.008322781577522e-05,upper,0.1
475,phase2,upper,-15.0,2,-14.998943551659474,-16.317422418713452,-18.226425062169508,-7.61084113764617,-3.5468948920224954,-9.137468421482673e-05,upper,0.1
476,phase2,upper,-15.0,2,-14.998779930897776,-16.317422418713452,-18.226425062169508,-7.61084113764617,-3.5468948920224954,-9.859426345518269e-05,upper,0.1
477,phase2,lower,-20.0,4,-14.998779930897776,-16.758411417896166,-18.533971855476466,-7.588699377153175,-3.493955859036968,-0.008843508074553273,upper,0.1
478,phase2,upper,-15.0,2,-15.00654386098442,-16.758411417896166,-18.533971855476466,-7.588699377153175,-3.493955859036968,-0.004387491475838635,upper,0.1
479,phase2,upper,-15.0,2,-15.01010457640745,-16.758411417896166,-18.533971855476466,-7.588699377153175,-3.493955859036968,-0.001988477415098626,upper,0.1
480,phase2,upper,-15.0,2,-15.011389406950725,-16.758411417896166,-18.533971855476466,-7.588699377153175,-3.493955859036968,-0.0007166485629030417,upper,0.1
481,phase2,upper,-15.0,2,-15.011462187122286,-16.758411417896166,-18.533971855476466,-7.588699377153175,-3.493955859036968,-6.0973905455364685e-05,upper,0.1
482,phase2,upper,-15.0,2,-15.010910607733003,-16.758411417896166,-18.533971855476466,-7.588699377153175,-3.493955859036968,0.00025940736861807185,upper,0.1
483,phase2,upper,-15.0,2,-15.010059333901808,-16.758411417896166,-18.533971855476466,-7.588699377153175,-3.493955859036968,0.00039882519466352657,upper,0.1
484,phase2,upper,-15.0,2,-15.009087362594299,-16.758411417896166,-18.533971855476466,-7.588699377153175,-3.493955859036968,0.00044203178553125475,upper,0.1
485,phase2,upper,-15.0,2,-15.008092734249637,-16.758411417896166,-18.533971855476466,-7.588699377153175,-3.493955859036968,0.0004355044763476893,upper,0.1
486,phase2,upper,-15.0,2,-15.007128288070126,-16.758411417896166,-18.533971855476466,-7.588699377153175,-3.493955859036968,0.0004046549273275963,upper,0.1
487,phase2,upper,-15.0,2,-15.006221478905186,-16.758411417896166,-18.533971855476466,-7.588699377153175,-3.493955859036968,0.0003632937807631846,upper,0.1
488,phase2,upper,-15.0,2,-15.00538541078784,-16.758411417896166,-18.533971855476466,-7.588699377153175,-3.493955859036968,0.0003188389854101942,upper,0.1
489,phase2,upper,-15.0,2,-15.004625021071975,-16.758411417896166,-18.533971855476466,-7.588699377153175,-3.493955859036968,0.0002751843098767067,upper,0.1
490,phase2,upper,-15.0,2,-15.003940579299634,-16.758411417896166,-18.533971855476466,-7.588699377153175,-3.493955859036968,0.000234281113588295,upper,0.1
491,phase2,upper,-15.0,2,-15.003329692399168,-16.758411417896166,-18.533971855476466,-7.588699377153175,-3.493955859036968,0.00019701207380598643,upper,0.1
492,phase2,upper,-15.0,2,-15.002788473295972,-16.758411417896166,-18.533971855476466,-7.588699377153175,-3.493955859036968,0.0001636749468305688,upper,0.1
493,phase2,upper,-15.0,2,-15.002312236134015,-16.758411417896166,-18.533971855476466,-7.588699377153175,-3.493955859036968,0.00013425124894336744,upper,0.1
494,phase2,lower,-20.0,4,-15.002312236134015,-17.185846635530147,-18.804800161171972,-7.551951555896309,-3.4374107695324616,-0.003509488094928216,upper,0.1
495,phase2,upper,-15.0,2,-15.005175285040043,-17.185846635530147,-18.804800161171972,-7.551951555896309,-3.4374107695324616,-0.0016768762166410067,upper,0.1
496,phase2,upper,-15.0,2,-15.006322224551347,-17.185846635530147,-18.804800161171972,-7.551951555896309,-3.4374107695324616,-0.0006990132124833511,upper,0.1
497,phase2,upper,-15.0,2,-15.006554727942136,-17.185846635530147,-18.804800161171972,-7.551951555896309,-3.4374107695324616,-0.00018854450261667865,upper,0.1
498,phase2,upper,-15.0,2,-15.00631432716237,-17.185846635530147,-18.804800161171972,-7.551951555896309,-3.4374107695324616,6.734685709107819e-05,upper,0.1
499,phase2,upper,-15.0,2,-15.005843931891834,-17.185846635530147,-18.804800161171972,-7.551951555896309,-3.4374107695324616,0.00018554929592171852,upper,0.1
500,phase2,upper,-15.0,2,-15.00527672199602,-17.185846635530147,-18.804800161171972,-7.551951555896309,-3.4374107695324616,0.0002302177141031149,upper,0.1
501,phase2,upper,-15.0,2,-15.004685118322517,-17.185846635530147,-18.804800161171972,-7.551951555896309,-3.4374107695324616,0.00023651164401808367,upper,0.1
502,phase2,lower,-20.0,4,-15.004685118322517,-17.597529127614713,-19.040578043501,-7.5019144849171004,-3.3780689967074147,0.0013673087640412723,upper,0.1
503,phase2,upper,-15.0,2,-15.003090083899819,-17.597529127614713,-19.040578043501,-7.5019144849171004,-3.3780689967074147,0.0007777337559002444,upper,0.1
504,phase2,upper,-15.0,2,-15.002078784118417,-17.597529127614713,-19.040578043501,-7.5019144849171004,-3.3780689967074147,0.00044577151128745386,upper,0.1
505,phase2,upper,-15.0,2,-15.001410210045968,-17.597529127614713,-19.040578043501,-7.5019144849171004,-3.3780689967074147,0.0002567273899771406,upper,0.1
506,phase2,upper,-15.0,2,-15.000949280362544,-17.597529127614713,-19.040578043501,-7.5019144849171004,-3.3780689967074147,0.00014741396954784505,upper,0.1
507,phase2,upper,-15.0,2,-15.000619330677189,-17.597529127614713,-19.040578043501,-7.5019144849171004,-3.3780689967074147,8.295631580622486e-05,upper,0.1
508,phase2,upper,-15.0,2,-15.000376009194262,-17.597529127614713,-19.040578043501,-7.5019144849171004,-3.3780689967074147,4.404904317757425e-05,upper,0.1
509,phase2,upper,-15.0,2,-15.00019292908863,-17.597529127614713,-19.040578043501,-7.5019144849171004,-3.3780689967074147,1.995506997544396e-05,upper,0.1
510,phase2,upper,-15.0,2,-15.000053777213356,-17.597529127614713,-19.040578043501,-7.5019144849171004,-3.3780689967074147,4.658548840176277e-06,upper,0.1
511,phase2,upper,-15.0,2,-14.999947967973133,-17.597529127614713,-19.040578043501,-7.5019144849171004,-3.3780689967074147,-5.249483831616275e-06,upper,0.1
512,phase2,upper,-15.0,2,-14.999868243633506,-17.597529127614713,-19.040578043501,-7.5019144849171004,-3.3780689967074147,-1.17336066404276e-05,upper,0.1
513,phase2,upper,-15.0,2,-14.999809343244,-17.597529127614713,-19.040578043501,-7.5019144849171004,-3.3780689967074147,-1.595361544216788e-05,upper,0.1
514,phase2,upper,-15.0,2,-14.999767258308637,-17.597529127614713,-19.040578043501,-7.5019144849171004,-3.3780689967074147,-1.861686128003773e-05,upper,0.1
515,phase2,upper,-15.0,2,-14.999738810786214,-17.597529127614713,-19.040578043501,-7.5019144849171004,-3.3780689967074147,-2.017275554980307e-05,upper,0.1
516,phase2,upper,-15.0,2,-14.999721408396972,-17.597529127614713,-19.040578043501,-7.5019144849171004,-3.3780689967074147,-2.0920534864133987e-05,upper,0.1
517,phase2,upper,-15.0,2,-14.999712897748232,-17.597529127614713,-19.040578043501,-7.5019144849171004,-3.3780689967074147,-2.106933188497342e-05,upper,0.1
518,phase2,upper,-15.0,2,-14.99971147174791,-17.597529127614713,-19.040578043501,-7.5019144849171004,-3.3780689967074147,-2.0771996088456633e-05,upper,0.1
519,phase2,lower,-20.0,4,-14.99971147174791,-17.991852713999823,-19.243187094729073,-7.440018804974892,-3.316760477070144,0.0057322187640784505,upper,0.1
520,phase2,upper,-15.0,2,-14.994537915804806,-17.991852713999823,-19.243187094729073,-7.440018804974892,-3.316760477070144,0.0027988210318467995,upper,0.1
521,phase2,upper,-15.0,2,-14.992164591726452,-17.991852713999823,-19.243187094729073,-7.440018804974892,-3.316760477070144,0.0012206651162768437,upper,0.1
522,phase2,upper,-15.0,2,-14.99131660561282,-17.991852713999823,-19.243187094729073,-7.440018804974892,-3.316760477070144,0.00038561878296070084,upper,0.1
523,phase2,upper,-15.0,2,-14.991288117279101,-17.991852713999823,-19.243187094729073,-7.440018804974892,-3.316760477070144,-4.287745657953379e-05,upper,0.1
524,phase2,upper,-15.0,2,-14.991687408849208,-17.991852713999823,-19.243187094729073,-7.440018804974892,-3.316760477070144,-0.0002499032680244091,upper,0.1
525,phase2,upper,-15.0,2,-14.992296583363856,-17.991852713999823,-19.243187094729073,-7.440018804974892,-3.316760477070144,-0.00033724679424734495,upper,0.1
526,phase2,upper,-15.0,2,-14.992994268323175,-17.991852713999823,-19.243187094729073,-7.440018804974892,-3.316760477070144,-0.00036087877226099525,upper,0.1
527,phase2,upper,-15.0,2,-14.993712960393523,-17.991852713999823,-19.243187094729073,-7.440018804974892,-3.316760477070144,-0.00035155144293437795,upper,0.1
528,phase2,upper,-15.0,2,-14.994415426554067,-17.991852713999823,-19.243187094729073,-7.440018804974892,-3.316760477070144,-0.0003261251076609826,upper,0.1
529,phase2,upper,-15.0,2,-14.995081597433861,-17.991852713999823,-19.243187094729073,-7.440018804974892,-3.316760477070144,-0.0002937992606710146,upper,0.1
530,phase2,upper,-15.0,2,-14.995701245524975,-17.991852713999823,-19.243187094729073,-7.440018804974892,-3.316760477070144,-0.0002595431266271356,upper,0.1
531,phase2,upper,-15.0,2,-14.996269859966196,-17.991852713999823,-19.243187094729073,-7.440018804974892,-3.316760477070144,-0.0002259864598449773,upper,0.1
532,phase2,upper,-15.0,2,-14.996786293854129,-17.991852713999823,-19.243187094729073,-7.440018804974892,-3.316760477070144,-0.0001944634196716596,upper,0.1
533,phase2,upper,-15.0,2,-14.997251399801014,-17.991852713999823,-19.243187094729073,-7.440018804974892,-3.316760477070144,-0.000165590261789054,upper,0.1
534,phase2,lower,-20.0,4,-14.997251399801014,-18.36713518330836,-19.41426061589827,-7.367480673462286,-3.2541078454042096,0.009706824057931,upper,0.1
535,phase2,upper,-15.0,2,-14.988782048192816,-18.36713518330836,-19.41426061589827,-7.367480673462286,-3.2541078454042096,0.004697896886371158,upper,0.1
536,phase2,upper,-15.0,2,-14.985064146612972,-18.36713518330836,-19.41426061589827,-7.367480673462286,-3.2541078454042096,0.002011349425716586,upper,0.1
537,phase2,upper,-15.0,2,-14.983914894909828,-18.36713518330836,-19.41426061589827,-7.367480673462286,-3.2541078454042096,0.0005969722671903427,upper,0.1
538,phase2,upper,-15.0,2,-14.984127901056782,-18.36713518330836,-19.41426061589827,-7.367480673462286,-3.2541078454042096,-0.00012251143491364135,upper,0.1
539,phase2,upper,-15.0,2,-14.98503561319232,-18.36713518330836,-19.41426061589827,-7.367480673462286,-3.2541078454042096,-0.0004644229054337442,upper,0.1
540,phase2,upper,-15.0,2,-14.986268499662986,-18.36713518330836,-19.41426061589827,-7.367480673462286,-3.2541078454042096,-0.0006031573008732977,upper,0.1
541,phase2,upper,-15.0,2,-14.987622372826126,-18.36713518330836,-19.41426061589827,-7.367480673462286,-3.2541078454042096,-0.0006344992442264215,upper,0.1
542,phase2,upper,-15.0,2,-14.988985175029054,-18.36713518330836,-19.41426061589827,-7.367480673462286,-3.2541078454042096,-0.0006109756854060119,upper,0.1
543,phase2,upper,-15.0,2,-14.990296477572407,-18.36713518330836,-19.41426061589827,-7.367480673462286,-3.2541078454042096,-0.0005612946365934005,upper,0.1
544,phase2,upper,-15.0,2,-14.99152499265225,-18.36713518330836,-19.41426061589827,-7.367480673462286,-3.2541078454042096,-0.0005010385531367255,upper,0.1
545,phase2,upper,-15.0,2,-14.992656017992175,-18.36713518330836,-19.41426061589827,-7.367480673462286,-3.2541078454042096,-0.0004385509536803093,upper,0.1
546,phase2,upper,-15.0,2,-14.993684370844047,-18.36713518330836,-19.41426061589827,-7.367480673462286,-3.2541078454042096,-0.0003781802981176155,upper,0.1
547,phase2,upper,-15.0,2,-14.994610366390356,-18.36713518330836,-19.41426061589827,-7.367480673462286,-3.2541078454042096,-0.0003220702257358506,upper,0.1
548,phase2,upper,-15.0,2,-14.995437493737938,-18.36713518330836,-19.41426061589827,-7.367480673462286,-3.2541078454042096,-0.0002711496459021248,upper,0.1
549,phase2,upper,-15.0,2,-14.996171046306687,-18.36713518330836,-19.41426061589827,-7.367480673462286,-3.2541078454042096,-0.00022568190448458327,upper,0.1
550,phase2,upper,-15.0,2,-14.996817295335815,-18.36713518330836,-19.41426061589827,-7.367480673462286,-3.2541078454042096,-0.00018557056563861844,upper,0.1
551,phase2,upper,-15.0,2,-14.997382977875981,-18.36713518330836,-19.41426061589827,-7.367480673462286,-3.2541078454042096,-0.00015053050429012616,upper,0.1
552,phase2,upper,-15.0,2,-14.997874971259925,-18.36713518330836,-19.41426061589827,-7.367480673462286,-3.2541078454042096,-0.00012018417711523799,upper,0.1
553,phase2,upper,-15.0,2,-14.998300081591132,-18.36713518330836,-19.41426061589827,-7.367480673462286,-3.2541078454042096,-9.41160975264114e-05,upper,0.1
554,phase2,upper,-15.0,2,-14.998664904554406,-18.36713518330836,-19.41426061589827,-7.367480673462286,-3.2541078454042096,-7.190377725896561e-05,upper,0.1
555,phase2,upper,-15.0,2,-14.998975733982633,-18.36713518330836,-19.41426061589827,-7.367480673462286,-3.2541078454042096,-5.313527164223869e-05,upper,0.1
556,phase2,upper,-15.0,2,-14.99923850323531,-18.36713518330836,-19.41426061589827,-7.367480673462286,-3.2541078454042096,-3.7418987887723786e-05,upper,0.1
557,phase2,upper,-15.0,2,-14.99945874992153,-18.36713518330836,-19.41426061589827,-7.367480673462286,-3.2541078454042096,-2.438894326482846e-05,upper,0.1
558,phase2,upper,-15.0,2,-14.99964159768226,-18.36713518330836,-19.41426061589827,-7.367480673462286,-3.2541078454042096,-1.3707290492537363e-05,upper,0.1
559,phase2,upper,-15.0,2,-14.999791750650672,-18.36713518330836,-19.41426061589827,-7.367480673462286,-3.2541078454042096,-5.065165246311988e-06,upper,0.1
560,phase2,upper,-15.0,2,-14.999913497394292,-18.36713518330836,-19.41426061589827,-7.367480673462286,-3.2541078454042096,1.8175170902461977e-06,upper,0.1
561,phase2,upper,-15.0,2,-15.000010721917423,-18.36713518330836,-19.41426061589827,-7.367480673462286,-3.2541078454042096,7.19293116906049e-06,upper,0.1
562,phase2,upper,-15.0,2,-15.000086919836988,-18.36713518330836,-19.41426061589827,-7.367480673462286,-3.2541078454042096,1.1286633981164228e-05,upper,0.1
563,phase2,upper,-15.0,2,-15.000145218234522,-18.36713518330836,-19.41426061589827,-7.367480673462286,-3.2541078454042096,1.4299118891001515e-05,upper,0.1
564,phase2,upper,-15.0,2,-15.0001883979847,-18.36713518330836,-19.41426061589827,-7.367480673462286,-3.2541078454042096,1.64075214385111e-05,upper,0.1
565,phase2,upper,-15.0,2,-15.00021891759686,-18.36713518330836,-19.41426061589827,-7.367480673462286,-3.2541078454042096,1.776739937667282e-05,upper,0.1
566,phase2,upper,-15.0,2,-15.000238937798114,-18.36713518330836,-19.41426061589827,-7.367480673462286,-3.2541078454042096,1.8514531062782335e-05,upper,0.1
567,phase2,lower,-20.0,4,-15.000238937798114,-18.721831063489393,-19.55534334418003,-7.285412837978457,-3.190624607631606,0.01334625454271288,upper,0.1
568,phase2,upper,-15.0,2,-14.988255380235282,-18.721831063489393,-19.55534334418003,-7.285412837978457,-3.190624607631606,0.006549359297177489,upper,0.1
569,phase2,upper,-15.0,2,-14.982742131514172,-18.721831063489393,-19.55534334418003,-7.285412837978457,-3.190624607631606,0.002891153180846941,upper,0.1
570,phase2,upper,-15.0,2,-14.980749603982613,-18.721831063489393,-19.55534334418003,-7.285412837978457,-3.190624607631606,0.0009537849338483903,upper,0.1
571,phase2,upper,-15.0,2,-14.980645902406794,-18.721831063489393,-19.55534334418003,-7.285412837978457,-3.190624607631606,-4.223382511780354e-05,upper,0.1
572,phase2,upper,-15.0,2,-14.98152630992585,-18.721831063489393,-19.55534334418003,-7.285412837978457,-3.190624607631606,-0.0005255017652234403,upper,0.1
573,phase2,upper,-15.0,2,-14.982888324559429,-18.721831063489393,-19.55534334418003,-7.285412837978457,-3.190624607631606,-0.0007316908931449574,upper,0.1
574,phase2,upper,-15.0,2,-14.984452649854454,-18.721831063489393,-19.55534334418003,-7.285412837978457,-3.190624607631606,-0.0007903564866506815,upper,0.1
575,phase2,upper,-15.0,2,-14.98606443127995,-18.721831063489393,-19.55534334418003,-7.285412837978457,-3.190624607631606,-0.0007726537299494576,upper,0.1
576,phase2,upper,-15.0,2,-14.987638634419088,-18.721831063489393,-19.55534334418003,-7.285412837978457,-3.190624607631606,-0.000717574058880099,upper,0.1
577,phase2,upper,-15.0,2,-14.98912972493344,-18.721831063489393,-19.55534334418003,-7.285412837978457,-3.190624607631606,-0.0006463776087562844,upper,0.1
578,phase2,upper,-15.0,2,-14.990514745420885,-18.721831063489393,-19.55534334418003,-7.285412837978457,-3.190624607631606,-0.0005705380227267039,upper,0.1
579,phase2,upper,-15.0,2,-14.991783793285487,-18.721831063489393,-19.55534334418003,-7.285412837978457,-3.190624607631606,-0.000496120540536206,upper,0.1
580,phase2,lower,-20.0,4,-14.991783793285487,-19.05562880004494,-19.668667681079057,-7.195368062539759,-3.1271066979662714,0.01640630959730582,upper,0.1
581,phase2,upper,-15.0,2,-14.9777224138008,-19.05562880004494,-19.668667681079057,-7.195368062539759,-3.1271066979662714,0.007855992425004368,upper,0.1
582,phase2,upper,-15.0,2,-14.971759608444007,-19.05562880004494,-19.668667681079057,-7.195368062539759,-3.1271066979662714,0.003280791606590089,upper,0.1
583,phase2,upper,-15.0,2,-14.970157758787407,-19.05562880004494,-19.668667681079057,-7.195368062539759,-3.1271066979662714,0.0008819537915890159,upper,0.1
584,phase2,upper,-15.0,2,-14.97085214919069,-19.05562880004494,-19.668667681079057,-7.195368062539759,-3.1271066979662714,-0.00032917648508498133,upper,0.1
585,phase2,lower,-20.0,4,-14.97085214919069,-19.36722894698493,-19.755597150198653,-7.0982444380633165,-3.0638447297127946,0.019241988627649087,upper,0.1
586,phase2,upper,-15.0,2,-14.955087293660899,-19.36722894698493,-19.755597150198653,-7.0982444380633165,-3.0638447297127946,0.008693902984427213,upper,0.1
587,phase2,upper,-15.0,2,-14.949358069788378,-19.36722894698493,-19.755597150198653,-7.0982444380633165,-3.0638447297127946,0.0031012072654079095,upper,0.1
588,phase2,upper,-15.0,2,-14.948983649542214,-19.36722894698493,-19.755597150198653,-7.0982444380633165,-3.0638447297127946,0.00021783362004457098,upper,0.1
589,phase2,upper,-15.0,2,-14.951376334206522,-19.36722894698493,-19.755597150198653,-7.0982444380633165,-3.0638447297127946,-0.0011907658969003956,upper,0.1
590,phase2,upper,-15.0,2,-14.955104952306833,-19.36722894698493,-19.755597150198653,-7.0982444380633165,-3.0638447297127946,-0.001803061671906429,upper,0.1
591,phase2,upper,-15.0,2,-14.959379073902163,-19.36722894698493,-19.755597150198653,-7.0982444380633165,-3.0638447297127946,-0.0019917287018739694,upper,0.1
592,phase2,upper,-15.0,2,-14.963764577302577,-19.36722894698493,-19.755597150198653,-7.0982444380633165,-3.0638447297127946,-0.001961209565667923,upper,0.1
593,phase2,upper,-15.0,2,-14.968026466137044,-19.36722894698493,-19.755597150198653,-7.0982444380633165,-3.0638447297127946,-0.0018233433478170966,upper,0.1
594,phase2,upper,-15.0,2,-14.972041730505158,-19.36722894698493,-19.755597150198653,-7.0982444380633165,-3.0638447297127946,-0.0016389612743620513,upper,0.1
595,phase2,upper,-15.0,2,-14.97575080989897,-19.36722894698493,-19.755597150198653,-7.0982444380633165,-3.0638447297127946,-0.0014407778270627476,upper,0.1
596,phase2,upper,-15.0,2,-14.979130370466045,-19.36722894698493,-19.755597150198653,-7.0982444380633165,-3.0638447297127946,-0.0012459993912470708,upper,0.1
597,phase2,upper,-15.0,2,-14.982177886470135,-19.36722894698493,-19.755597150198653,-7.0982444380633165,-3.0638447297127946,-0.0010632780980526964,upper,0.1
598,phase2,upper,-15.0,2,-14.984902789458634,-19.36722894698493,-19.755597150198653,-7.0982444380633165,-3.0638447297127946,-0.0008965539309190886,upper,0.1
599,phase2,upper,-15.0,2,-14.987321297506222,-19.36722894698493,-19.755597150198653,-7.0982444380633165,-3.0638447297127946,-0.0007471828865129534,upper,0.1
600,phase2,lower,-20.0,4,-14.987321297506222,-19.656738231904164,-19.818318545690396,-6.995475610694302,-3.001501265042277,0.021550113213013256,upper,0.1
601,phase2,upper,-15.0,2,-14.96938576182836,-19.656738231904164,-19.818318545690396,-6.995475610694302,-3.001501265042277,0.01031055535880966,upper,0.1
602,phase2,upper,-15.0,2,-14.962021963345974,-19.656738231904164,-19.818318545690396,-6.995475610694302,-3.001501265042277,0.0043061581013164145,upper,0.1
603,phase2,upper,-15.0,2,-14.960315233439822,-19.656738231904164,-19.818318545690396,-6.995475610694302,-3.001501265042277,0.0011658694846772618,upper,0.1
604,phase2,upper,-15.0,2,-14.96155560538131,-19.656738231904164,-19.818318545690396,-6.995475610694302,-3.001501265042277,-0.0004131980463206043,upper,0.1
605,phase2,upper,-15.0,2,-14.964249354017744,-19.656738231904164,-19.818318545690396,-6.995475610694302,-3.001501265042277,-0.0011468305457307325,upper,0.1
606,phase2,upper,-15.0,2,-14.967574975924292,-19.656738231904164,-19.818318545690396,-6.995475610694302,-3.001501265042277,-0.0014280536494906248,upper,0.1
607,phase2,upper,-15.0,2,-14.971083469585448,-19.656738231904164,-19.818318545690396,-6.995475610694302,-3.001501265042277,-0.0014724049266262294,upper,0.1
608,phase2,upper,-15.0,2,-14.974532950738093,-19.656738231904164,-19.818318545690396,-6.995475610694302,-3.001501265042277,-0.0013977858218020237,upper,0.1
609,phase2,upper,-15.0,2,-14.97779717827519,-19.656738231904164,-19.818318545690396,-6.995475610694302,-3.001501265042277,-0.0012683667037673195,upper,0.1
610,phase2,upper,-15.0,2,-14.980814782770025,-19.656738231904164,-19.818318545690396,-6.995475610694302,-3.001501265042277,-0.001118737635060332,upper,0.1
611,phase2,upper,-15.0,2,-14.983560942537439,-19.656738231904164,-19.818318545690396,-6.995475610694302,-3.001501265042277,-0.0009672013274513789,upper,0.1
612,phase2,lower,-20.0,4,-14.983560942537439,-19.923766744477494,-19.85850625749931,-6.88809182060017,-2.9404233823351946,0.02354440388682201,upper,0.1
613,phase2,upper,-15.0,2,-14.96397102300133,-19.923766744477494,-19.85850625749931,-6.88809182060017,-2.9404233823351946,0.01118759013724863,upper,0.1
614,phase2,upper,-15.0,2,-14.956025517713973,-19.923766744477494,-19.85850625749931,-6.88809182060017,-2.9404233823351946,0.004592149182546851,upper,0.1
615,phase2,upper,-15.0,2,-14.954310928619885,-19.923766744477494,-19.85850625749931,-6.88809182060017,-2.9404233823351946,0.0011485696961854887,upper,0.1
616,phase2,upper,-15.0,2,-14.955840920199865,-19.923766744477494,-19.85850625749931,-6.88809182060017,-2.9404233823351946,-0.000577139602683289,upper,0.1
617,phase2,upper,-15.0,2,-14.958968431399393,-19.923766744477494,-19.85850625749931,-6.88809182060017,-2.9404233823351946,-0.0013728430991786853,upper,0.1
618,phase2,upper,-15.0,2,-14.962786884973116,-19.923766744477494,-19.85850625749931,-6.88809182060017,-2.9404233823351946,-0.0016711796460142348,upper,0.1
619,phase2,upper,-15.0,2,-14.966800249563606,-19.923766744477494,-19.85850625749931,-6.88809182060017,-2.9404233823351946,-0.0017094342155364697,upper,0.1
620,phase2,upper,-15.0,2,-14.970740943163223,-19.923766744477494,-19.85850625749931,-6.88809182060017,-2.9404233823351946,-0.0016174170261976505,upper,0.1
621,phase2,upper,-15.0,2,-14.974469082987605,-19.923766744477494,-19.85850625749931,-6.88809182060017,-2.9404233823351946,-0.0014657842428678126,upper,0.1
622,phase2,upper,-15.0,2,-14.97791653725701,-19.923766744477494,-19.85850625749931,-6.88809182060017,-2.9404233823351946,-0.001292619428802849,upper,0.1
623,phase2,upper,-15.0,2,-14.98105568920733,-19.923766744477494,-19.85850625749931,-6.88809182060017,-2.9404233823351946,-0.0011180659006071651,upper,0.1
624,phase2,upper,-15.0,2,-14.983881864442788,-19.923766744477494,-19.85850625749931,-6.88809182060017,-2.9404233823351946,-0.0009523891818356727,upper,0.1
625,phase2,upper,-15.0,2,-14.986403340504951,-19.923766744477494,-19.85850625749931,-6.88809182060017,-2.9404233823351946,-0.0008004254439498777,upper,0.1
626,phase2,upper,-15.0,2,-14.988635587687538,-19.923766744477494,-19.85850625749931,-6.88809182060017,-2.9404233823351946,-0.0006640404669140997,upper,0.1
627,phase2,upper,-15.0,2,-14.99059789097779,-19.923766744477494,-19.85850625749931,-6.88809182060017,-2.9404233823351946,-0.0005434921798590326,upper,0.1
628,phase2,upper,-15.0,2,-14.992311328471697,-19.923766744477494,-19.85850625749931,-6.88809182060017,-2.9404233823351946,-0.00043818793091422216,upper,0.1
629,phase2,upper,-15.0,2,-14.993797535988877,-19.923766744477494,-19.85850625749931,-6.88809182060017,-2.9404233823351946,-0.00034710677785490377,upper,0.1
630,phase2,upper,-15.0,2,-14.995077938069823,-19.923766744477494,-19.85850625749931,-6.88809182060017,-2.9404233823351946,-0.0002690357032036825,upper,0.1
631,phase2,upper,-15.0,2,-14.996173263906,-19.923766744477494,-19.85850625749931,-6.88809182060017,-2.9404233823351946,-0.00020270191917861374,upper,0.1
632,phase2,lower,-20.0,4,-14.996173263906,-20.167423127506936,-19.877330482870068,-6.776729755319867,-2.880677341250856,0.025426692576248425,upper,0.1
633,phase2,upper,-15.0,2,-14.974036788435317,-20.167423127506936,-19.877330482870068,-6.776729755319867,-2.880677341250856,0.012411556585856303,upper,0.1
634,phase2,upper,-15.0,2,-14.964209397638792,-20.167423127506936,-19.877330482870068,-6.776729755319867,-2.880677341250856,0.005423637291896112,upper,0.1
635,phase2,upper,-15.0,2,-14.961033537597677,-20.167423127506936,-19.877330482870068,-6.776729755319867,-2.880677341250856,0.0017373514191360124,upper,0.1
636,phase2,upper,-15.0,2,-14.961384642533304,-20.167423127506936,-19.877330482870068,-6.776729755319867,-2.880677341250856,-0.00014536676753665225,upper,0.1
637,phase2,upper,-15.0,2,-14.963535520179452,-20.167423127506936,-19.877330482870068,-6.776729755319867,-2.880677341250856,-0.0010478861601109263,upper,0.1
638,phase2,upper,-15.0,2,-14.966531425723783,-20.167423127506936,-19.877330482870068,-6.776729755319867,-2.880677341250856,-0.0014226458930499876,upper,0.1
639,phase2,upper,-15.0,2,-14.969845831115602,-20.167423127506936,-19.877330482870068,-6.776729755319867,-2.880677341250856,-0.0015180915479543824,upper,0.1
640,phase2,upper,-15.0,2,-14.973190525733248,-20.167423127506936,-19.877330482870068,-6.776729755319867,-2.880677341250856,-0.0014704328248257789,upper,0.1
641,phase2,upper,-15.0,2,-14.97641061540229,-20.167423127506936,-19.877330482870068,-6.776729755319867,-2.880677341250856,-0.0013540933007642494,upper,0.1
642,phase2,upper,-15.0,2,-14.979426263434156,-20.167423127506936,-19.877330482870068,-6.776729755319867,-2.880677341250856,-0.0012094604897997553,upper,0.1
643,phase2,upper,-15.0,2,-14.982200200480428,-20.167423127506936,-19.877330482870068,-6.776729755319867,-2.880677341250856,-0.0010581597024866543,upper,0.1
644,phase2,upper,-15.0,2,-14.984719470639806,-20.167423127506936,-19.877330482870068,-6.776729755319867,-2.880677341250856,-0.0009114688613629198,upper,0.1
645,phase2,upper,-15.0,2,-14.986985068453507,-20.167423127506936,-19.877330482870068,-6.776729755319867,-2.880677341250856,-0.0007749607974109564,upper,0.1
646,phase2,upper,-15.0,2,-14.98900597192394,-20.167423127506936,-19.877330482870068,-6.776729755319867,-2.880677341250856,-0.0006510692493774364,upper,0.1
647,phase2,upper,-15.0,2,-14.99079564347085,-20.167423127506936,-19.877330482870068,-6.776729755319867,-2.880677341250856,-0.0005405109444544197,upper,0.1
648,phase2,upper,-15.0,2,-14.99236993225887,-20.167423127506936,-19.877330482870068,-6.776729755319867,-2.880677341250856,-0.000443076454236237,upper,0.1
649,phase2,upper,-15.0,2,-14.993745785369208,-20.167423127506936,-19.877330482870068,-6.776729755319867,-2.880677341250856,-0.0003580719076723738,upper,0.1
650,phase2,upper,-15.0,2,-14.994940436416622,-20.167423127506936,-19.877330482870068,-6.776729755319867,-2.880677341250856,-0.00028456690393743433,upper,0.1
651,phase2,upper,-15.0,2,-14.995970884330296,-20.167423127506936,-19.877330482870068,-6.776729755319867,-2.880677341250856,-0.00022153429741885686,upper,0.1
652,phase2,upper,-15.0,2,-14.996853554805408,-20.167423127506936,-19.877330482870068,-6.776729755319867,-2.880677341250856,-0.00016792921115707418,upper,0.1
653,phase2,upper,-15.0,2,-14.997604081331467,-20.167423127506936,-19.877330482870068,-6.776729755319867,-2.880677341250856,-0.0001227335480632337,upper,0.1
654,phase2,upper,-15.0,2,-14.998237167613155,-20.167423127506936,-19.877330482870068,-6.776729755319867,-2.880677341250856,-8.498065064822596e-05,upper,0.1
655,phase2,upper,-15.0,2,-14.998766507354759,-20.167423127506936,-19.877330482870068,-6.776729755319867,-2.880677341250856,-5.3768346381238136e-05,upper,0.1
656,phase2,upper,-15.0,2,-14.999204745580831,-20.167423127506936,-19.877330482870068,-6.776729755319867,-2.880677341250856,-2.826506479444981e-05,upper,0.1
657,phase2,upper,-15.0,2,-14.999563470552998,-20.167423127506936,-19.877330482870068,-6.776729755319867,-2.880677341250856,-7.71173707782161e-06,upper,0.1
658,phase2,upper,-15.0,2,-14.999853228368064,-20.167423127506936,-19.877330482870068,-6.776729755319867,-2.880677341250856,8.57891807446538e-06,upper,0.1
659,phase2,upper,-15.0,2,-15.000083554286519,-20.167423127506936,-19.877330482870068,-6.776729755319867,-2.880677341250856,2.1224745923336606e-05,upper,0.1
660,phase2,upper,-15.0,2,-15.00026301618558,-20.167423127506936,-19.877330482870068,-6.776729755319867,-2.880677341250856,3.0777529433296906e-05,upper,0.1
661,phase2,upper,-15.0,2,-15.000399266503278,-20.167423127506936,-19.877330482870068,-6.776729755319867,-2.880677341250856,3.772698346670876e-05,upper,0.1
662,phase2,upper,-15.0,2,-15.00049909977749,-20.167423127506936,-19.877330482870068,-6.776729755319867,-2.880677341250856,4.250509733701966e-05,upper,0.1
663,phase2,upper,-15.0,2,-15.000568513464978,-20.167423127506936,-19.877330482870068,-6.776729755319867,-2.880677341250856,4.5490635777908286e-05,upper,0.1
664,phase2,upper,-15.0,2,-15.000612770196131,-20.167423127506936,-19.877330482870068,-6.776729755319867,-2.880677341250856,4.701366278221353e-05,upper,0.1
665,phase2,upper,-15.0,2,-15.000636460009016,-20.167423127506936,-19.877330482870068,-6.776729755319867,-2.880677341250856,4.735999049217389e-05,upper,0.1
666,phase2,upper,-15.0,2,-15.000643561428971,-20.167423127506936,-19.877330482870068,-6.776729755319867,-2.880677341250856,4.677548263746446e-05,upper,0.1
667,phase2,upper,-15.0,2,-15.000637500529477,-20.167423127506936,-19.877330482870068,-6.776729755319867,-2.880677341250856,4.547016250061873e-05,upper,0.1
668,phase2,upper,-15.0,2,-15.000621207334813,-20.167423127506936,-19.877330482870068,-6.776729755319867,-2.880677341250856,4.362209115238182e-05,upper,0.1
669,phase2,upper,-15.0,2,-15.000597169111831,-20.167423127506936,-19.877330482870068,-6.776729755319867,-2.880677341250856,4.138099402400562e-05,upper,0.1
670,phase2,upper,-15.0,2,-15.00056748025236,-20.167423127506936,-19.877330482870068,-6.776729755319867,-2.880677341250856,3.887162359030658e-05,upper,0.1
671,phase2,upper,-15.0,2,-15.00053388857392,-20.167423127506936,-19.877330482870068,-6.776729755319867,-2.880677341250856,3.619685358123837e-05,upper,0.1
672,phase2,upper,-15.0,2,-15.000497837968377,-20.167423127506936,-19.877330482870068,-6.776729755319867,-2.880677341250856,3.344050611366984e-05,upper,0.1
673,phase2,upper,-15.0,2,-15.00046050740952,-20.167423127506936,-19.877330482870068,-6.776729755319867,-2.880677341250856,3.066991774502539e-05,upper,0.1
674,phase2,upper,-15.0,2,-15.000422846394056,-20.167423127506936,-19.877330482870068,-6.776729755319867,-2.880677341250856,2.7938253926235e-05,upper,0.1
675,phase2,upper,-15.0,2,-15.000385606939194,-20.167423127506936,-19.877330482870068,-6.776729755319867,-2.880677341250856,2.5286583876094366e-05,upper,0.1
676,phase2,upper,-15.0,2,-15.000349372295847,-20.167423127506936,-19.877330482870068,-6.776729755319867,-2.880677341250856,2.274572966796366e-05,upper,0.1
677,phase2,upper,-15.0,2,-15.000314582561852,-20.167423127506936,-19.877330482870068,-6.776729755319867,-2.880677341250856,2.0337904456187434e-05,upper,0.1
678,phase2,upper,-15.0,2,-15.00028155739616,-20.167423127506936,-19.877330482870068,-6.776729755319867,-2.880677341250856,1.8078155387868702e-05,upper,0.1
679,phase2,upper,-15.0,2,-15.000250516044375,-20.167423127506936,-19.877330482870068,-6.776729755319867,-2.880677341250856,1.5975626950478314e-05,upper,0.1
680,phase2,upper,-15.0,2,-15.00022159488948,-20.167423127506936,-19.877330482870068,-6.776729755319867,-2.880677341250856,1.403466037947082e-05,upper,0.1
681,phase2,upper,-15.0,2,-15.000194862740663,-20.167423127506936,-19.877330482870068,-6.776729755319867,-2.880677341250856,1.2255744367632007e-05,upper,0.1
682,phase2,upper,-15.0,2,-15.000170334068317,-20.167423127506936,-19.877330482870068,-6.776729755319867,-2.880677341250856,1.0636331742693545e-05,upper,0.1
683,phase2,upper,-15.0,2,-15.000147980385943,-20.167423127506936,-19.877330482870068,-6.776729755319867,-2.880677341250856,9.171536060936787e-06,upper,0.1
684,phase2,upper,-15.0,2,-15.000127739970155,-20.167423127506936,-19.877330482870068,-6.776729755319867,-2.880677341250856,7.854721248167105e-06,upper,0.1
685,phase2,upper,-15.0,2,-15.000109526099079,-20.167423127506936,-19.877330482870068,-6.776729755319867,-2.880677341250856,6.677996540530984e-06,upper,0.1
686,phase2,upper,-15.0,2,-15.00009323397761,-20.167423127506936,-19.877330482870068,-6.776729755319867,-2.880677341250856,5.632628064818952e-06,upper,0.1
687,phase2,upper,-15.0,2,-15.000078746505638,-20.167423127506936,-19.877330482870068,-6.776729755319867,-2.880677341250856,4.7093774758043026e-06,upper,0.1
688,phase2,upper,-15.0,2,-15.000065939032838,-20.167423127506936,-19.877330482870068,-6.776729755319867,-2.880677341250856,3.898777155894226e-06,upper,0.1
689,phase2,upper,-15.0,2,-15.000054683231184,-20.167423127506936,-19.877330482870068,-6.776729755319867,-2.880677341250856,3.191350592267841e-06,upper,0.1
690,phase2,upper,-15.0,2,-15.000044850204175,-20.167423127506936,-19.877330482870068,-6.776729755319867,-2.880677341250856,2.5777856928862627e-06,upper,0.1
691,phase2,upper,-15.0,2,-15.000036312940114,-20.167423127506936,-19.877330482870068,-6.776729755319867,-2.880677341250856,2.049067990424935e-06,upper,0.1
692,phase2,upper,-15.0,2,-15.000028948205609,-20.167423127506936,-19.877330482870068,-6.776729755319867,-2.880677341250856,1.596579920412717e-06,upper,0.1
693,phase2,upper,-15.0,2,-15.000022637964983,-20.167423127506936,-19.877330482870068,-6.776729755319867,-2.880677341250856,1.2121716465333297e-06,upper,0.1
694,phase2,upper,-15.0,2,-15.00001727040154,-20.167423127506936,-19.877330482870068,-6.776729755319867,-2.880677341250856,8.882082498762155e-07,upper,0.1
695,phase2,upper,-15.0,2,-15.00001274060749,-20.167423127506936,-19.877330482870068,-6.776729755319867,-2.880677341250856,6.175974923386423e-07,upper,0.1
696,phase2,lower,-20.0,4,-15.00001274060749,-20.388413307205504,-19.876937519623432,-6.6626752709249795,-2.822801721854317,0.026826453226434156,upper,0.1
697,phase2,upper,-15.0,2,-14.975865698935028,-20.388413307205504,-19.876937519623432,-6.6626752709249795,-2.822801721854317,0.013145053259996951,upper,0.1
698,phase2,upper,-15.0,2,-14.964756663505378,-20.388413307205504,-19.876937519623432,-6.6626752709249795,-2.822801721854317,0.005781983190840578,upper,0.1
699,phase2,upper,-15.0,2,-14.960745828923386,-20.388413307205504,-19.876937519623432,-6.6626752709249795,-2.822801721854317,0.0018832371947520373,upper,0.1
700,phase2,upper,-15.0,2,-14.960546032248844,-20.388413307205504,-19.876937519623432,-6.6626752709249795,-2.822801721854317,-0.0001202783948038575,upper,0.1
701,phase2,lower,-20.0,4,-14.960546032248844,-20.58737397900262,-19.859277223877598,-6.547038985689863,-2.7671907126143416,0.0278302582536078,upper,0.1
702,phase2,upper,-15.0,2,-14.93717865052983,-20.58737397900262,-19.859277223877598,-6.547038985689863,-2.7671907126143416,0.012604394075563984,upper,0.1
703,phase2,upper,-15.0,2,-14.928369889048717,-20.58737397900262,-19.859277223877598,-6.547038985689863,-2.7671907126143416,0.004519679999741682,upper,0.1
704,phase2,upper,-15.0,2,-14.927367313949253,-20.58737397900262,-19.859277223877598,-6.547038985689863,-2.7671907126143416,0.00034160219236217815,upper,0.1
705,phase2,upper,-15.0,2,-14.930433072662183,-20.58737397900262,-19.859277223877598,-6.547038985689863,-2.7671907126143416,-0.0017080074455198943,upper,0.1
706,phase2,upper,-15.0,2,-14.93549546645022,-20.58737397900262,-19.859277223877598,-6.547038985689863,-2.7671907126143416,-0.002606664630603005,upper,0.1
707,phase2,upper,-15.0,2,-14.94140634741112,-20.58737397900262,-19.859277223877598,-6.547038985689863,-2.7671907126143416,-0.0028915622240868314,upper,0.1
708,phase2,upper,-15.0,2,-14.947531576873374,-20.58737397900262,-19.859277223877598,-6.547038985689863,-2.7671907126143416,-0.002857620956017052,upper,0.1
709,phase2,upper,-15.0,2,-14.953524675081525,-20.58737397900262,-19.859277223877598,-6.547038985689863,-2.7671907126143416,-0.002666375420950961,upper,0.1
710,phase2,upper,-15.0,2,-14.959201306366412,-20.58737397900262,-19.859277223877598,-6.547038985689863,-2.7671907126143416,-0.002405863297277448,upper,0.1
711,phase2,upper,-15.0,2,-14.964469335293568,-20.58737397900262,-19.859277223877598,-6.547038985689863,-2.7671907126143416,-0.0021235861483090233,upper,0.1
712,phase2,upper,-15.0,2,-14.969289567324951,-20.58737397900262,-19.859277223877598,-6.547038985689863,-2.7671907126143416,-0.0018446667490530178,upper,0.1
713,phase2,upper,-15.0,2,-14.973653483939927,-20.58737397900262,-19.859277223877598,-6.547038985689863,-2.7671907126143416,-0.0015818651986130292,upper,0.1
714,phase2,upper,-15.0,2,-14.977570434522468,-20.58737397900262,-19.859277223877598,-6.547038985689863,-2.7671907126143416,-0.0013411149577815299,upper,0.1
715,phase2,upper,-15.0,2,-14.981060128649144,-20.58737397900262,-19.859277223877598,-6.547038985689863,-2.7671907126143416,-0.0011245911338184397,upper,0.1
716,phase2,upper,-15.0,2,-14.984148131400179,-20.58737397900262,-19.859277223877598,-6.547038985689863,-2.7671907126143416,-0.000932417430342813,upper,0.1
717,phase2,upper,-15.0,2,-14.986863086934589,-20.58737397900262,-19.859277223877598,-6.547038985689863,-2.7671907126143416,-0.0007636204126235259,upper,0.1
718,phase2,upper,-15.0,2,-14.989234958654881,-20.58737397900262,-19.859277223877598,-6.547038985689863,-2.7671907126143416,-0.0006166661927440534,upper,0.1
719,phase2,upper,-15.0,2,-14.991293884847432,-20.58737397900262,-19.859277223877598,-6.547038985689863,-2.7671907126143416,-0.0004897642790809846,upper,0.1
720,phase2,upper,-15.0,2,-14.993069420438829,-20.58737397900262,-19.859277223877598,-6.547038985689863,-2.7671907126143416,-0.00038104065470640375,upper,0.1
721,phase2,upper,-15.0,2,-14.994590030925222,-20.58737397900262,-19.859277223877598,-6.547038985689863,-2.7671907126143416,-0.0002886366568970884,upper,0.1
722,phase2,upper,-15.0,2,-14.995882757927312,-20.58737397900262,-19.859277223877598,-6.547038985689863,-2.7671907126143416,-0.00021076517314336945,upper,0.1
723,phase2,upper,-15.0,2,-14.996973006051155,-20.58737397900262,-19.859277223877598,-6.547038985689863,-2.7671907126143416,-0.00014574184489976068,upper,0.1
724,phase2,lower,-20.0,4,-14.996973006051155,-20.764695471150528,-19.825986605032735,-6.43067696943298,-2.714051705715337,0.02856456020765195,upper,0.1
725,phase2,upper,-15.0,2,-14.972045146305366,-20.764695471150528,-19.825986605032735,-6.43067696943298,-2.714051705715337,0.013976046682982943,upper,0.1
726,phase2,upper,-15.0,2,-14.960913479508566,-20.764695471150528,-19.825986605032735,-6.43067696943298,-2.714051705715337,0.006139827033432109,upper,0.1
727,phase2,upper,-15.0,2,-14.957241020081053,-20.764695471150528,-19.825986605032735,-6.43067696943298,-2.714051705715337,0.0020027242728705777,upper,0.1
728,phase2,upper,-15.0,2,-14.957527958084718,-20.764695471150528,-19.825986605032735,-6.43067696943298,-2.714051705715337,-0.00011338941742952842,upper,0.1
729,phase2,upper,-15.0,2,-14.959839597320288,-20.764695471150528,-19.825986605032735,-6.43067696943298,-2.714051705715337,-0.0011308590836093236,upper,0.1
730,phase2,lower,-20.0,4,-14.959839597320288,-20.921842357714,-19.77932294331025,-6.3148481941862675,-2.663881278810963,0.02879452831922452,upper,0.1
731,phase2,upper,-15.0,2,-14.936173510642293,-20.921842357714,-19.77932294331025,-6.3148481941862675,-2.663881278810963,0.013106915788866294,upper,0.1
732,phase2,upper,-15.0,2,-14.927416256469026,-20.921842357714,-19.77932294331025,-6.3148481941862675,-2.663881278810963,0.00478110135911744,upper,0.1
733,phase2,upper,-15.0,2,-14.926618645086059,-20.921842357714,-19.77932294331025,-6.3148481941862675,-2.663881278810963,0.0004807115456597639,upper,0.1
734,phase2,upper,-15.0,2,-14.929939880994848,-20.921842357714,-19.77932294331025,-6.3148481941862675,-2.663881278810963,-0.001628043123055487,upper,0.1
735,phase2,upper,-15.0,2,-14.935256368266474,-20.921842357714,-19.77932294331025,-6.3148481941862675,-2.663881278810963,-0.002552932338972983,upper,0.1
736,phase2,upper,-15.0,2,-14.941395633874421,-20.921842357714,-19.77932294331025,-6.3148481941862675,-2.663881278810963,-0.002847499412843964,upper,0.1
737,phase2,upper,-15.0,2,-14.94771391560804,-20.921842357714,-19.77932294331025,-6.3148481941862675,-2.663881278810963,-0.0028154077924755854,upper,0.1
738,phase2,upper,-15.0,2,-14.9538627689791,-20.921842357714,-19.77932294331025,-6.3148481941862675,-2.663881278810963,-0.002622783577866991,upper,0.1
739,phase2,upper,-15.0,2,-14.95965971275063,-20.921842357714,-19.77932294331025,-6.3148481941862675,-2.663881278810963,-0.0023600014141513825,upper,0.1
740,phase2,upper,-15.0,2,-14.965016205859023,-20.921842357714,-19.77932294331025,-6.3148481941862675,-2.663881278810963,-0.0020756850452062913,upper,0.1
741,phase2,upper,-15.0,2,-14.969897275982108,-20.921842357714,-19.77932294331025,-6.3148481941862675,-2.663881278810963,-0.0017954336739645152,upper,0.1
742,phase2,upper,-15.0,2,-14.974298673346508,-20.921842357714,-19.77932294331025,-6.3148481941862675,-2.663881278810963,-0.0015321485855744534,upper,0.1
743,phase2,lower,-20.0,4,-14.974298673346508,-21.05896935000064,-19.720492697817864,-6.200042745016397,-2.6166209138720955,0.02892817829815096,upper,0.1
744,phase2,upper,-15.0,2,-14.950819477745982,-21.05896935000064,-19.720492697817864,-6.200042745016397,-2.6166209138720955,0.01363382240459207,upper,0.1
745,phase2,lower,-20.0,4,-14.950819477745982,-21.16285124461823,-19.64121952481389,-6.0800886887696475,-2.5675781218513665,0.0325725056866781,upper,0.1
746,phase2,upper,-15.0,2,-14.924656245054235,-21.16285124461823,-19.64121952481389,-6.0800886887696475,-2.5675781218513665,0.014768794137215456,upper,0.1
747,phase2,upper,-15.0,2,-14.91534231575334,-21.16285124461823,-19.64121952481389,-6.0800886887696475,-2.5675781218513665,0.00533441516689667,upper,0.1
748,phase2,upper,-15.0,2,-14.914983331038787,-21.16285124461823,-19.64121952481389,-6.0800886887696475,-2.5675781218513665,0.000473911908588355,upper,0.1
749,phase2,upper,-15.0,2,-14.919220941222816,-21.16285124461823,-19.64121952481389,-6.0800886887696475,-2.5675781218513665,-0.0018985114524698895,upper,0.1
750,phase2,upper,-15.0,2,-14.925649800096936,-21.16285124461823,-19.64121952481389,-6.0800886887696475,-2.5675781218513665,-0.0029288245040049654,upper,0.1
751,phase2,upper,-15.0,2,-14.93294587714392,-21.16285124461823,-19.64121952481389,-6.0800886887696475,-2.5675781218513665,-0.003246217854650192,upper,0.1
752,phase2,upper,-15.0,2,-14.940385828590053,-21.16285124461823,-19.64121952481389,-6.0800886887696475,-2.5675781218513665,-0.0031956184505357145,upper,0.1
753,phase2,upper,-15.0,2,-14.947581458438755,-21.16285124461823,-19.64121952481389,-6.0800886887696475,-2.5675781218513665,-0.0029655165911710493,upper,0.1
754,phase2,upper,-15.0,2,-14.954332570458888,-21.16285124461823,-19.64121952481389,-6.0800886887696475,-2.5675781218513665,-0.0026582661385840633,upper,0.1
755,phase2,upper,-15.0,2,-14.960545062093106,-21.16285124461823,-19.64121952481389,-6.0800886887696475,-2.5675781218513665,-0.002328768604285272,upper,0.1
756,phase2,upper,-15.0,2,-14.96618503804118,-21.16285124461823,-19.64121952481389,-6.0800886887696475,-2.5675781218513665,-0.0020057771749268797,upper,0.1
757,phase2,upper,-15.0,2,-14.971252867762258,-21.16285124461823,-19.64121952481389,-6.0800886887696475,-2.5675781218513665,-0.001703642950750926,upper,0.1
758,phase2,upper,-15.0,2,-14.975768335281833,-21.16285124461823,-19.64121952481389,-6.0800886887696475,-2.5675781218513665,-0.0014288020152494387,upper,0.1
759,phase2,upper,-15.0,2,-14.979762000248709,-21.16285124461823,-19.64121952481389,-6.0800886887696475,-2.5675781218513665,-0.0011833660452337054,upper,0.1
760,phase2,upper,-15.0,2,-14.983270072269843,-21.16285124461823,-19.64121952481389,-6.0800886887696475,-2.5675781218513665,-0.000967115522464999,upper,0.1
761,phase2,upper,-15.0,2,-14.986331301568363,-21.16285124461823,-19.64121952481389,-6.0800886887696475,-2.5675781218513665,-0.0007786101583652715,upper,0.1
762,phase2,upper,-15.0,2,-14.988985050415595,-21.16285124461823,-19.64121952481389,-6.0800886887696475,-2.5675781218513665,-0.0006158099571249301,upper,0.1
763,phase2,upper,-15.0,2,-14.991270074642836,-21.16285124461823,-19.64121952481389,-6.0800886887696475,-2.5675781218513665,-0.00047642379259877146,upper,0.1
764,phase2,upper,-15.0,2,-14.993223746368017,-21.16285124461823,-19.64121952481389,-6.0800886887696475,-2.5675781218513665,-0.0003581052910225293,upper,0.1
765,phase2,upper,-15.0,2,-14.994881561229002,-21.16285124461823,-19.64121952481389,-6.0800886887696475,-2.5675781218513665,-0.00025856239264469675,upper,0.1
766,phase2,upper,-15.0,2,-14.99627683619777,-21.16285124461823,-19.64121952481389,-6.0800886887696475,-2.5675781218513665,-0.00017561754214082397,upper,0.1
767,phase2,upper,-15.0,2,-14.997440539599133,-21.16285124461823,-19.64121952481389,-6.0800886887696475,-2.5675781218513665,-0.00010723922450670399,upper,0.1
768,phase2,upper,-15.0,2,-14.998401215441884,-21.16285124461823,-19.64121952481389,-6.0800886887696475,-2.5675781218513665,-5.155658337170697e-05,upper,0.1
769,phase2,upper,-15.0,2,-14.999184976279022,-21.16285124461823,-19.64121952481389,-6.0800886887696475,-2.5675781218513665,-6.863870506421739e-06,upper,0.1
770,phase2,upper,-15.0,2,-14.999815546227616,-21.16285124461823,-19.64121952481389,-6.0800886887696475,-2.5675781218513665,2.8381313684966035e-05,upper,0.1
771,phase2,upper,-15.0,2,-15.000314340526677,-21.16285124461823,-19.64121952481389,-6.0800886887696475,-2.5675781218513665,5.5563603857924394e-05,upper,0.1
772,phase2,upper,-15.0,2,-15.000700571213496,-21.16285124461823,-19.64121952481389,-6.0800886887696475,-2.5675781218513665,7.591779541685196e-05,upper,0.1
773,phase2,upper,-15.0,2,-15.00099137077801,-21.16285124461823,-19.64121952481389,-6.0800886887696475,-2.5675781218513665,9.053815839404607e-05,upper,0.1
774,phase2,upper,-15.0,2,-15.001201927358776,-21.16285124461823,-19.64121952481389,-6.0800886887696475,-2.5675781218513665,0.00010038850405238445,upper,0.1
775,phase2,upper,-15.0,2,-15.001345626371213,-21.16285124461823,-19.64121952481389,-6.0800886887696475,-2.5675781218513665,0.00010631256769650712,upper,0.1
776,phase2,upper,-15.0,2,-15.001434194523158,-21.16285124461823,-19.64121952481389,-6.0800886887696475,-2.5675781218513665,0.00010904440096626347,upper,0.1
777,phase2,upper,-15.0,2,-15.001477843043702,-21.16285124461823,-19.64121952481389,-6.0800886887696475,-2.5675781218513665,0.00010921855549527105,upper,0.1
778,phase2,upper,-15.0,2,-15.001485407671478,-21.16285124461823,-19.64121952481389,-6.0800886887696475,-2.5675781218513665,0.00010737990299871721,upper,0.1
779,phase2,upper,-15.0,2,-15.001464483547366,-21.16285124461823,-19.64121952481389,-6.0800886887696475,-2.5675781218513665,0.00010399298358656281,upper,0.1
780,phase2,upper,-15.0,2,-15.001421553653966,-21.16285124461823,-19.64121952481389,-6.0800886887696475,-2.5675781218513665,9.945080964290371e-05,upper,0.1
781,phase2,upper,-15.0,2,-15.001362109856212,-21.16285124461823,-19.64121952481389,-6.0800886887696475,-2.5675781218513665,9.40830801272525e-05,upper,0.1
782,phase2,upper,-15.0,2,-15.001290765936293,-21.16285124461823,-19.64121952481389,-6.0800886887696475,-2.5675781218513665,8.81637816463234e-05,upper,0.1
783,phase2,upper,-15.0,2,-15.001211362292178,-21.16285124461823,-19.64121952481389,-6.0800886887696475,-2.5675781218513665,8.191816943855432e-05,upper,0.1
784,phase2,upper,-15.0,2,-15.001127062191422,-21.16285124461823,-19.64121952481389,-6.0800886887696475,-2.5675781218513665,7.55291344466839e-05,upper,0.1
785,phase2,upper,-15.0,2,-15.00104043964826,-21.16285124461823,-19.64121952481389,-6.0800886887696475,-2.5675781218513665,6.914297262718124e-05,upper,0.1
786,phase2,upper,-15.0,2,-15.000953559129186,-21.16285124461823,-19.64121952481389,-6.0800886887696475,-2.5675781218513665,6.287458010123632e-05,upper,0.1
787,phase2,upper,-15.0,2,-15.000868047396127,-21.16285124461823,-19.64121952481389,-6.0800886887696475,-2.5675781218513665,5.681210313790166e-05,upper,0.1
788,phase2,upper,-15.0,2,-15.0007851578724,-21.16285124461823,-19.64121952481389,-6.0800886887696475,-2.5675781218513665,5.102107564024342e-05,upper,0.1
789,phase2,upper,-15.0,2,-15.00070582796939,-21.16285124461823,-19.64121952481389,-6.0800886887696475,-2.5675781218513665,4.554807909184937e-05,upper,0.1
790,phase2,upper,-15.0,2,-15.000630729845337,-21.16285124461823,-19.64121952481389,-6.0800886887696475,-2.5675781218513665,4.0423961078401496e-05,upper,0.1
791,phase2,upper,-15.0,2,-15.000560315085483,-21.16285124461823,-19.64121952481389,-6.0800886887696475,-2.5675781218513665,3.566664874913904e-05,upper,0.1
792,phase2,upper,-15.0,2,-15.000494853797937,-21.16285124461823,-19.64121952481389,-6.0800886887696475,-2.5675781218513665,3.128359312114231e-05,upper,0.1
793,phase2,upper,-15.0,2,-15.000434468614653,-21.16285124461823,-19.64121952481389,-6.0800886887696475,-2.5675781218513665,2.7273879114723673e-05,upper,0.1
794,phase2,upper,-15.0,2,-15.000379164074268,-21.16285124461823,-19.64121952481389,-6.0800886887696475,-2.5675781218513665,2.363003477951699e-05,upper,0.1
795,phase2,upper,-15.0,2,-15.000328851844882,-21.16285124461823,-19.64121952481389,-6.0800886887696475,-2.5675781218513665,2.033957144252839e-05,upper,0.1
796,phase2,upper,-15.0,2,-15.000283372221965,-21.16285124461823,-19.64121952481389,-6.0800886887696475,-2.5675781218513665,1.7386284577694145e-05,upper,0.1
797,phase2,upper,-15.0,2,-15.000242512310697,-21.16285124461823,-19.64121952481389,-6.0800886887696475,-2.5675781218513665,1.4751343138779963e-05,upper,0.1
798,phase2,upper,-15.0,2,-15.000206021274328,-21.16285124461823,-19.64121952481389,-6.0800886887696475,-2.5675781218513665,1.2414192980080873e-05,upper,0.1
799,phase2,upper,-15.0,2,-15.000173623001427,-21.16285124461823,-19.64121952481389,-6.0800886887696475,-2.5675781218513665,1.0353297860329311e-05,upper,0.1
