episode,phase,route,return,steps,q_start_right,q_start_down,q_shield_right,q_d1_right,q_d2_right,mood_M,greedy_route,epsilon
0,phase1,upper,-15.0,2,-1.875,0.0,0.0,0.0,0.0,nan,lower,0.1
1,phase1,lower,-10.0,4,-1.875,-0.375,-0.375,-0.375,-0.375,nan,lower,0.1
2,phase1,lower,-10.0,4,-1.875,-0.75,-0.75,-0.75,-0.69375,nan,lower,0.1
3,phase1,lower,-10.0,4,-1.875,-1.125,-1.125,-1.1165625000000001,-0.9646874999999999,nan,lower,0.1
4,phase1,lower,-10.0,4,-1.875,-1.5,-1.498734375,-1.4687812500000001,-1.194984375,nan,lower,0.1
5,phase1,lower,-10.0,4,-1.875,-1.87481015625,-1.86924140625,-1.8027117187500001,-1.39073671875,nan,lower,0.1
6,phase1,lower,-10.0,4,-1.875,-2.24897484375,-2.234261953125,-2.11591546875,-1.5571262109375,nan,upper,0.1
7,phase1,upper,-15.0,2,-3.525,-2.24897484375,-2.234261953125,-2.11591546875,-1.5571262109375,nan,lower,0.1
8,phase1,lower,-10.0,4,-3.525,-2.62176791015625,-2.59150998046875,-2.407097080078125,-1.6985572792968748,nan,lower,0.1
9,phase1,lower,-10.0,4,-3.525,-2.992229220703125,-2.938848045410156,-2.6758161099609374,-1.8187736874023437,nan,lower,0.1
10,phase1,upper,-15.0,2,-4.975312499999999,-2.992229220703125,-2.938848045410156,-2.6758161099609374,-1.8187736874023437,nan,lower,0.1
11,phase1,lower,-10.0,4,-4.975312499999999,-3.35922204440918,-3.2743932550927735,-2.9222597465771485,-1.920957634291992,nan,lower,0.1
12,phase1,lower,-10.0,4,-4.975312499999999,-3.721497726011719,-3.59657322881543,-3.147064429734375,-2.007813989148193,nan,lower,0.1
13,phase1,lower,-10.0,4,-4.975312499999999,-4.077759051432276,-3.9041469089532717,-3.351176863646448,-2.0816418907759644,nan,lower,0.1
14,phase1,lower,-10.0,4,-4.975312499999999,-4.426717230060425,-4.196201402157248,-3.5357466177158754,-2.1443956071595696,nan,lower,0.1
15,phase1,lower,-10.0,4,-4.975312499999999,-4.767139855874948,-4.472133184491042,-3.70204396613243,-2.1977362660856343,nan,lower,0.1
16,phase1,upper,-15.0,2,-6.248718749999999,-4.767139855874948,-4.472133184491042,-3.70204396613243,-2.1977362660856343,nan,lower,0.1
17,phase1,lower,-10.0,4,-6.248718749999999,-5.097888855167362,-4.73161980173725,-3.8513978111254104,-2.243075826172789,nan,lower,0.1
18,phase1,lower,-10.0,4,-6.248718749999999,-5.417948497152845,-4.974586503145474,-3.985149513382517,-2.2816144522468704,nan,lower,0.1
19,phase1,lower,-10.0,4,-6.248718749999999,-5.726444198051739,-5.2011709546810305,-4.10461925421217,-2.3143722844098398,nan,lower,0.1
20,phase1,lower,-10.0,4,-6.248718749999999,-6.022653211546133,-5.411688199610701,-4.2110822087418205,-2.3422164417483637,nan,lower,0.1
21,phase1,lower,-10.0,4,-6.248718749999999,-6.306008459755818,-5.606597300980369,-4.305752343692802,-2.365883975486109,nan,upper,0.1
22,phase1,upper,-15.0,2,-7.365658593749999,-6.306008459755818,-5.606597300980369,-4.305752343692802,-2.365883975486109,nan,lower,0.1
23,phase1,lower,-10.0,4,-7.365658593749999,-6.5760967859395,-5.786470557387235,-4.389772088461799,-2.3860013791631927,nan,lower,0.1
24,phase1,upper,-15.0,2,-8.344420312499999,-6.5760967859395,-5.786470557387235,-4.389772088461799,-2.3860013791631927,nan,lower,0.1
25,phase1,lower,-10.0,4,-8.344420312499999,-6.83265285165666,-5.951965787048419,-4.4642064820670075,-2.403101172288714,nan,lower,0.1
26,phase1,lower,-10.0,4,-8.344420312499999,-7.075549791965424,-6.103801891301207,-4.530040685600263,-2.417635996445407,nan,lower,0.1
27,phase1,lower,-10.0,4,-8.344420312499999,-7.3047876068657915,-6.2427377104460655,-4.588179982227035,-2.429990596978596,nan,lower,0.1
28,phase1,lower,-10.0,4,-8.344420312499999,-7.520480122402833,-6.3695540512132105,-4.639451574439769,-2.4404920074318066,nan,lower,0.1
29,phase1,lower,-10.0,4,-8.344420312499999,-7.72284121172439,-6.485038679697194,-4.684607639388575,-2.4494182063170356,nan,lower,0.1
30,phase1,lower,-10.0,4,-8.344420312499999,-7.91217083192031,-6.5899740236509015,-4.724329224427844,-2.4570054753694803,nan,lower,0.1
31,phase1,lower,-10.0,4,-8.344420312499999,-8.088841310679898,-6.685127303767443,-4.75923066206909,-2.4634546540640585,nan,lower,0.1
32,phase1,lower,-10.0,4,-8.344420312499999,-8.25328420964303,-6.77124280751269,-4.7898642608683355,-2.4689364559544495,nan,lower,0.1
33,phase1,lower,-10.0,4,-8.344420312499999,-8.405977999323479,-6.849036025516036,-4.816725090131253,-2.473595987561282,nan,upper,0.1
34,phase1,upper,-15.0,2,-9.201326197265624,-8.405977999323479,-6.849036025516036,-4.816725090131253,-2.473595987561282,nan,lower,0.1
35,phase1,lower,-10.0,4,-9.201326197265624,-8.547436703252362,-6.919189385208319,-4.840255724745757,-2.4775565894270897,nan,lower,0.1
36,phase1,lower,-10.0,4,-9.201326197265624,-8.678199605545757,-6.982349336138935,-4.860850854447957,-2.480923101013026,nan,lower,0.1
37,phase1,lower,-10.0,4,-9.201326197265624,-8.798822065134733,-7.039124563885288,-4.878861691432717,-2.4837846358610722,nan,lower,0.1
38,phase1,lower,-10.0,4,-9.201326197265624,-8.909867439947316,-7.090085133017403,-4.89460013309697,-2.486216940481911,nan,lower,0.1
39,phase1,lower,-10.0,4,-9.201326197265624,-9.01190009390783,-7.135762383029338,-4.908342654204712,-2.4882843994096246,nan,lower,0.1
40,phase1,lower,-10.0,4,-9.201326197265624,-9.105479437276056,-7.176649423705644,-4.920333915985449,-2.490041739498181,nan,lower,0.1
41,phase1,lower,-10.0,4,-9.201326197265624,-9.191154935240494,-7.213202097547615,-4.930790089512358,-2.491535478573454,nan,lower,0.1
42,phase1,lower,-10.0,4,-9.201326197265624,-9.269462009586562,-7.245840296342327,-4.939901897871523,-2.492805156787436,nan,upper,0.1
43,phase1,upper,-15.0,2,-9.950910859570312,-9.269462009586562,-7.245840296342327,-4.939901897871523,-2.492805156787436,nan,lower,0.1
44,phase1,lower,-10.0,4,-9.950910859570312,-9.340918752599926,-7.2749495365717065,-4.94783738670891,-2.4938843832693207,nan,lower,0.1
45,phase1,lower,-10.0,4,-9.950910859570312,-9.406023370195694,-7.300882714092287,-4.954744436192971,-2.4948017257789226,nan,lower,0.1
46,phase1,lower,-10.0,4,-9.950910859570312,-9.465252271780184,-7.32396197240739,-4.9607530296308635,-2.495581466912084,nan,lower,0.1
47,phase1,lower,-10.0,4,-9.950910859570312,-9.519058726874265,-7.344480630990911,-4.9659772952230465,-2.4962442468752717,nan,lower,0.1
48,phase1,upper,-15.0,2,-10.606090283745116,-9.519058726874265,-7.344480630990911,-4.9659772952230465,-2.4962442468752717,nan,lower,0.1
49,phase1,lower,-10.0,4,-10.606090283745116,-9.567872012491762,-7.362705130625732,-4.970517337970881,-2.496807609843981,nan,lower,0.1
50,phase1,lower,-10.0,4,-10.606090283745116,-9.612096980211858,-7.378876961727504,-4.974460878751846,-2.497286468367384,nan,lower,0.1
51,phase1,lower,-10.0,4,-10.606090283745116,-9.652113977439205,-7.393214549281155,-4.9778847171941765,-2.4976934981122763,nan,lower,0.1
52,phase1,lower,-10.0,4,-10.606090283745116,-9.688279063215498,-7.405915074468108,-4.980856034331891,-2.4980394733954348,nan,lower,0.1
53,phase1,lower,-10.0,4,-10.606090283745116,-9.72092446490339,-7.417156218447676,-4.983433550191423,-2.4983335523861196,nan,lower,0.1
54,phase1,lower,-10.0,4,-10.606090283745116,-9.750359227935034,-7.427097818209238,-4.985668550520628,-2.498583519528202,nan,lower,0.1
55,phase1,lower,-10.0,4,-10.606090283745116,-9.776870016476165,-7.435883428055947,-4.9876057958717634,-2.4987959915989717,nan,lower,0.1
56,phase1,lower,-10.0,4,-10.606090283745116,-9.800722028213132,-7.443641783228319,-4.9892843252308445,-2.498976592859126,nan,lower,0.1
57,phase1,lower,-10.0,4,-10.606090283745116,-9.82215999146541,-7.450488164528698,-4.990738165375086,-2.4991301039302574,nan,lower,0.1
58,phase1,lower,-10.0,4,-10.606090283745116,-9.841409217424903,-7.456525664655657,-4.991996956158362,-2.499260588340719,nan,lower,0.1
59,phase1,lower,-10.0,4,-10.606090283745116,-9.858676684509517,-7.461846358381062,-4.993086500985715,-2.499371500089611,nan,lower,0.1
60,phase1,lower,-10.0,4,-10.606090283745116,-9.874152135590249,-7.46653237977176,-4.994029250851299,-2.4994657750761693,nan,lower,0.1
61,phase1,lower,-10.0,4,-10.606090283745116,-9.888009172217476,-7.470656910433691,-4.994844729485029,-2.499545908814744,nan,lower,0.1
62,phase1,lower,-10.0,4,-10.606090283745116,-9.900406332949908,-7.474285083291392,-4.995549906384486,-2.499614022492532,nan,lower,0.1
63,phase1,lower,-10.0,4,-10.606090283745116,-9.91148814550113,-7.477474806755356,-4.996159523800693,-2.499671919118652,nan,lower,0.1
64,phase1,lower,-10.0,4,-10.606090283745116,-9.921386144689263,-7.4802775143121565,-4.996686383098387,-2.4997211312508543,nan,lower,0.1
65,phase1,lower,-10.0,4,-10.606090283745116,-9.930219850132698,-7.4827388446300915,-4.997141595321257,-2.499762961563226,nan,lower,0.1
66,phase1,lower,-10.0,4,-10.606090283745116,-9.938097699307306,-7.484899257233766,-4.997534800257553,-2.4997985173287423,nan,lower,0.1
67,phase1,lower,-10.0,4,-10.606090283745116,-9.945117932996276,-7.486794588687334,-4.997874357818231,-2.499828739729431,nan,lower,0.1
68,phase1,lower,-10.0,4,-10.606090283745116,-9.951369431349935,-7.4884565540569685,-4.998167515104911,-2.4998544287700164,nan,lower,0.1
69,phase1,upper,-15.0,2,-11.178320386327147,-9.951369431349935,-7.4884565540569685,-4.998167515104911,-2.4998544287700164,nan,lower,0.1
70,phase1,lower,-10.0,4,-11.178320386327147,-9.95693249975599,-7.48991319821416,-4.998420552154677,-2.499876264454514,nan,lower,0.1
71,phase1,lower,-10.0,4,-11.178320386327147,-9.961879604524714,-7.491189301305238,-4.998638908999652,-2.499894824786337,nan,lower,0.1
72,phase1,lower,-10.0,4,-11.178320386327147,-9.966276059041792,-7.4923067424594,-4.998827296367654,-2.4999106010683865,nan,lower,0.1
73,phase1,lower,-10.0,4,-11.178320386327147,-9.970180661554433,-7.493284825545638,-4.998989792072764,-2.4999240109081287,nan,lower,0.1
74,phase1,lower,-10.0,4,-11.178320386327147,-9.973646286153114,-7.494140570524707,-4.999129924898068,-2.4999354092719095,nan,lower,0.1
75,phase1,lower,-10.0,4,-11.178320386327147,-9.976720428808854,-7.494888973680712,-4.999250747554145,-2.499945097881123,nan,lower,0.1
76,phase1,lower,-10.0,4,-11.178320386327147,-9.979445710539633,-7.4955432397617265,-4.999354900103191,-2.4999533331989547,nan,lower,0.1
77,phase1,lower,-10.0,4,-11.178320386327147,-9.981860339922946,-7.496114988812947,-4.999444665067556,-2.4999603332191116,nan,lower,0.1
78,phase1,lower,-10.0,4,-11.178320386327147,-9.983998537256445,-7.496614440251138,-4.99952201529029,-2.499966283236245,nan,lower,0.1
79,phase1,lower,-10.0,4,-11.178320386327147,-9.98589092270565,-7.497050576507011,-4.999588655482183,-2.499971340750808,nan,lower,0.1
80,phase1,lower,-10.0,4,-11.178320386327147,-9.987564870775854,-7.497431288353287,-4.999646058272477,-2.499975639638187,nan,lower,0.1
81,phase1,lower,-10.0,4,-11.178320386327147,-9.98904483341247,-7.497763503841165,-4.999695495477333,-2.499979293692459,nan,lower,0.1
82,phase1,lower,-10.0,4,-11.178320386327147,-9.990352633976773,-7.49805330258659,-4.999738065209602,-2.49998239963859,nan,lower,0.1
83,phase1,lower,-10.0,4,-11.178320386327147,-9.991507734268247,-7.498306016980042,-4.99977471537395,-2.4999850396928016,nan,lower,0.1
84,phase1,lower,-10.0,4,-11.178320386327147,-9.992527476675015,-7.498526321739128,-4.999806264021777,-2.4999872837388812,nan,lower,0.1
85,phase1,lower,-10.0,4,-11.178320386327147,-9.993427303434633,-7.498718313081525,-4.999833416979343,-2.499989191178049,nan,lower,0.1
86,phase1,lower,-10.0,4,-11.178320386327147,-9.994220954881666,-7.498885578666198,-4.999856783109149,-2.4999908125013417,nan,lower,0.1
87,phase1,lower,-10.0,4,-11.178320386327147,-9.994920648449344,-7.499031259332641,-4.999876887517978,-2.4999921906261404,nan,lower,0.1
88,phase1,lower,-10.0,4,-11.178320386327147,-9.99553724008184,-7.4991581035604415,-4.999894182984202,-2.4999933620322192,nan,lower,0.1
89,phase1,lower,-10.0,4,-11.178320386327147,-9.99608036960363,-7.4992685154740055,-4.999909059841404,-2.4999943577273864,nan,lower,0.1
90,phase1,lower,-10.0,4,-11.178320386327147,-9.996558591484186,-7.499364597129115,-4.999921854524302,-2.4999952040682785,nan,lower,0.1
91,phase1,lower,-10.0,4,-11.178320386327147,-9.996979492330926,-7.499448185738393,-4.9999328569558985,-2.499995923458037,nan,lower,0.1
92,phase1,lower,-10.0,4,-11.178320386327147,-9.997349796342046,-7.499520886421019,-4.999942316931219,-2.4999965349393314,nan,lower,0.1
93,phase1,lower,-10.0,4,-11.178320386327147,-9.997675459853893,-7.499584100997549,-4.999950449632435,-2.4999970546984316,nan,lower,0.1
94,phase1,lower,-10.0,4,-11.178320386327147,-9.997961756025441,-7.499639053292782,-4.999957440392334,-2.4999974964936666,nan,lower,0.1
95,phase1,lower,-10.0,4,-11.178320386327147,-9.998213350615542,-7.499686811357715,-4.999963448807534,-2.4999978720196165,nan,lower,0.1
96,phase1,lower,-10.0,4,-11.178320386327147,-9.998434369726867,-7.499728306975188,-4.999968612289346,-2.499998191216674,nan,lower,0.1
97,phase1,lower,-10.0,4,-11.178320386327147,-9.998628460314116,-7.499764352772312,-4.999973049128445,-2.499998462534173,nan,lower,0.1
98,phase1,lower,-10.0,4,-11.178320386327147,-9.998798844182845,-7.499795657225731,-4.999976861139304,-2.4999986931540468,nan,lower,0.1
99,phase1,lower,-10.0,4,-11.178320386327147,-9.998948366139278,-7.499822837812768,-4.999980135941516,-2.4999988891809397,nan,lower,0.1
100,phase1,lower,-10.0,4,-11.178320386327147,-9.999079536890301,-7.49984643253208,-4.999982948927429,-2.4999990558037988,nan,lower,0.1
101,phase1,lower,-10.0,4,-11.178320386327147,-9.999194571236568,-7.499866909991383,-4.999985364958885,-2.4999991974332287,nan,lower,0.1
102,phase1,lower,-10.0,4,-11.178320386327147,-9.99929542204979,-7.499884678236508,-4.999987439830036,-2.4999993178182445,nan,lower,0.1
103,phase1,lower,-10.0,4,-11.178320386327147,-9.999383810477799,-7.499900092475537,-4.999989221528268,-2.4999994201455076,nan,lower,0.1
104,phase1,lower,-10.0,4,-11.178320386327147,-9.99946125277746,-7.499913461833446,-4.999990751320854,-2.4999995071236816,nan,lower,0.1
105,phase1,lower,-10.0,4,-11.178320386327147,-9.999529084135858,-7.499925055256558,-4.999992064691278,-2.499999581055129,nan,lower,0.1
106,phase1,lower,-10.0,4,-11.178320386327147,-9.999588479803963,-7.499935106671765,-4.999993192145856,-2.4999996438968597,nan,lower,0.1
107,phase1,lower,-10.0,4,-11.178320386327147,-9.999640473834134,-7.499943819492879,-4.999994159908506,-2.499999697312331,nan,lower,0.1
108,phase1,lower,-10.0,4,-11.178320386327147,-9.999685975682945,-7.499951370555223,-4.99999499051908,-2.4999997427154814,nan,lower,0.1
109,phase1,lower,-10.0,4,-11.178320386327147,-9.999725784913787,-7.499957913549801,-4.9999957033485405,-2.4999997813081594,nan,lower,0.1
110,phase1,lower,-10.0,4,-11.178320386327147,-9.99976060420919,-7.499963582019612,-4.999996315042483,-2.4999998141119355,nan,lower,0.1
111,phase1,lower,-10.0,4,-11.178320386327147,-9.999791050880752,-7.499968491973043,-4.999996839902901,-2.499999841995145,nan,lower,0.1
112,phase1,lower,-10.0,4,-11.178320386327147,-9.999817667044596,-7.4999727441625215,-4.999997290216738,-2.499999865695873,nan,lower,0.1
113,phase1,lower,-10.0,4,-11.178320386327147,-9.999840928612285,-7.499976426070654,-4.999997676538609,-2.499999885841492,nan,lower,0.1
114,phase1,lower,-10.0,4,-11.178320386327147,-9.99986125323104,-7.499979613640847,-4.999998007934041,-2.499999902965268,nan,lower,0.1
115,phase1,lower,-10.0,4,-11.178320386327147,-9.999879007292511,-7.499982372784826,-4.9999982921887245,-2.499999917520478,nan,lower,0.1
116,phase1,lower,-10.0,4,-11.178320386327147,-9.99989451211636,-7.499984760695411,-4.999998535988487,-2.4999999298924065,nan,lower,0.1
117,phase1,lower,-10.0,4,-11.178320386327147,-9.999908049403217,-7.499986826989373,-4.999998745074075,-2.4999999404085456,nan,lower,0.1
118,phase1,upper,-15.0,2,-11.677744426750305,-9.999908049403217,-7.499986826989373,-4.999998745074075,-2.4999999404085456,nan,lower,0.1
119,phase1,lower,-10.0,4,-11.677744426750305,-9.999919866041141,-7.499988614702078,-4.999998924374245,-2.4999999493472638,nan,lower,0.1
120,phase1,lower,-10.0,4,-11.677744426750305,-9.999930178340282,-7.499990161152903,-4.999999078120198,-2.499999956945174,nan,lower,0.1
121,phase1,lower,-10.0,4,-11.677744426750305,-9.999939175762176,-7.499991498697997,-4.999999209943945,-2.499999963403398,nan,lower,0.1
122,phase1,lower,-10.0,4,-11.677744426750305,-9.99994702420255,-7.499992655384889,-4.9999993229628625,-2.499999968892888,nan,lower,0.1
123,phase1,lower,-10.0,4,-11.677744426750305,-9.999953868879901,-7.499993655521585,-4.999999419852366,-2.4999999735589546,nan,lower,0.1
124,phase1,lower,-10.0,4,-11.677744426750305,-9.999959836876153,-7.499994520171202,-4.999999502908355,-2.4999999775251114,nan,lower,0.1
125,phase1,lower,-10.0,4,-11.677744426750305,-9.99996503937041,-7.499995267581775,-4.999999574100868,-2.4999999808963445,nan,lower,0.1
126,phase1,lower,-10.0,4,-11.677744426750305,-9.999969573602115,-7.499995913559639,-4.999999635120189,-2.4999999837618927,nan,lower,0.1
127,phase1,lower,-10.0,4,-11.677744426750305,-9.999973524595744,-7.499996471793722,-4.9999996874164445,-2.4999999861976088,nan,lower,0.1
128,phase1,lower,-10.0,4,-11.677744426750305,-9.99997696667544,-7.4999969541371305,-4.999999732233619,-2.4999999882679673,nan,lower,0.1
129,phase1,lower,-10.0,4,-11.677744426750305,-9.999979964794694,-7.499997370851604,-4.999999770638771,-2.499999990027772,nan,lower,0.1
130,phase1,lower,-10.0,4,-11.677744426750305,-9.99998257570323,-7.499997730819679,-4.999999803547121,-2.499999991523606,nan,lower,0.1
131,phase1,lower,-10.0,4,-11.677744426750305,-9.999984848970698,-7.499998041728795,-4.999999831743594,-2.499999992795065,nan,lower,0.1
132,phase1,lower,-10.0,4,-11.677744426750305,-9.999986827884412,-7.499998310231015,-4.999999855901314,-2.4999999938758055,nan,lower,0.1
133,phase1,lower,-10.0,4,-11.677744426750305,-9.999988550236402,-7.49999854208156,-4.999999876597488,-2.4999999947944347,nan,lower,0.1
134,phase1,lower,-10.0,4,-11.677744426750305,-9.999990049013176,-7.499998742258949,-4.99999989432703,-2.4999999955752696,nan,lower,0.1
135,phase1,lower,-10.0,4,-11.677744426750305,-9.999991353000041,-7.4999989150691615,-4.9999999095142655,-2.499999996238979,nan,lower,0.1
136,phase1,lower,-10.0,4,-11.677744426750305,-9.99999248731041,-7.4999990642359275,-4.9999999225229725,-2.4999999968031323,nan,lower,0.1
137,phase1,lower,-10.0,4,-11.677744426750305,-9.999993473849237,-7.499999192978985,-4.999999933664997,-2.4999999972826625,nan,lower,0.1
138,phase1,lower,-10.0,4,-11.677744426750305,-9.9999943317187,-7.499999304081887,-4.999999943207647,-2.499999997690263,nan,lower,0.1
139,phase1,lower,-10.0,4,-11.677744426750305,-9.999995077573178,-7.499999399950751,-4.9999999513800395,-2.499999998036724,nan,lower,0.1
140,phase1,lower,-10.0,4,-11.677744426750305,-9.999995725929814,-7.499999482665144,-4.999999958378543,-2.4999999983312153,nan,lower,0.1
141,phase1,upper,-15.0,2,-12.113329046354155,-9.999995725929814,-7.499999482665144,-4.999999958378543,-2.4999999983312153,nan,lower,0.1
142,phase1,lower,-10.0,4,-12.113329046354155,-9.999996289440114,-7.499999554022154,-4.999999964371444,-2.499999998581533,nan,lower,0.1
143,phase1,lower,-10.0,4,-12.113329046354155,-9.99999677912742,-7.499999615574548,-4.999999969502957,-2.499999998794303,nan,lower,0.1
144,phase1,lower,-10.0,4,-12.113329046354155,-9.99999720459449,-7.499999668663809,-4.999999973896659,-2.4999999989751576,nan,lower,0.1
145,phase1,upper,-15.0,2,-12.492989030474966,-9.99999720459449,-7.499999668663809,-4.999999973896659,-2.4999999989751576,nan,lower,0.1
146,phase1,lower,-10.0,4,-12.492989030474966,-9.999997574204887,-7.4999997144487365,-4.999999977658434,-2.499999999128884,nan,lower,0.1
147,phase1,lower,-10.0,4,-12.492989030474966,-9.999997895241464,-7.499999753930191,-4.999999980879002,-2.4999999992595514,nan,lower,0.1
148,phase1,lower,-10.0,4,-12.492989030474966,-9.999998174044773,-7.499999787972513,-4.999999983636084,-2.4999999993706186,nan,lower,0.1
149,phase1,lower,-10.0,4,-12.492989030474966,-9.999998416133934,-7.499999817322049,-4.999999985996265,-2.4999999994650257,nan,lower,0.1
150,phase1,lower,-10.0,4,-12.492989030474966,-9.999998626312152,-7.499999842623182,-4.999999988016579,-2.4999999995452717,nan,lower,0.1
151,phase1,lower,-10.0,4,-12.492989030474966,-9.999998808758807,-7.4999998644321915,-4.9999999897458824,-2.499999999613481,nan,lower,0.1
152,phase1,lower,-10.0,4,-12.492989030474966,-9.999998967109814,-7.499999883229245,-4.999999991226022,-2.499999999671459,nan,lower,0.1
153,phase1,lower,-10.0,4,-12.492989030474966,-9.99999910452773,-7.4999998994287616,-4.999999992492838,-2.49999999972074,nan,lower,0.1
154,phase1,lower,-10.0,4,-12.492989030474966,-9.999999223762885,-7.499999913388373,-4.999999993577023,-2.499999999762629,nan,lower,0.1
155,phase1,upper,-15.0,2,-12.823701115816567,-9.999999223762885,-7.499999913388373,-4.999999993577023,-2.499999999762629,nan,lower,0.1
156,phase1,lower,-10.0,4,-12.823701115816567,-9.999999327206707,-7.49999992541667,-4.999999994504864,-2.4999999997982347,nan,lower,0.1
157,phase1,lower,-10.0,4,-12.823701115816567,-9.999999416938202,-7.4999999357799,-4.99999999529887,-2.4999999998284994,nan,lower,0.1
158,phase1,lower,-10.0,4,-12.823701115816567,-9.999999494764456,-7.499999944707745,-4.999999995978314,-2.4999999998542246,nan,lower,0.1
159,phase1,lower,-10.0,4,-12.823701115816567,-9.99999956225595,-7.49999995239833,-4.9999999965597,-2.499999999876091,nan,lower,0.1
160,phase1,lower,-10.0,4,-12.823701115816567,-9.999999620777306,-7.499999959022535,-4.999999997057159,-2.4999999998946776,nan,lower,0.1
161,phase1,lower,-10.0,4,-12.823701115816567,-9.99999967151409,-7.499999964727729,-4.999999997482787,-2.499999999910476,nan,lower,0.1
162,phase1,lower,-10.0,4,-12.823701115816567,-9.999999715496136,-7.499999969640988,-4.99999999784694,-2.4999999999239044,nan,lower,0.1
163,phase1,lower,-10.0,4,-12.823701115816567,-9.999999753617864,-7.499999973871881,-4.999999998158485,-2.499999999935319,nan,lower,0.1
164,phase1,upper,-15.0,2,-13.11160732237,-9.999999753617864,-7.499999973871881,-4.999999998158485,-2.499999999935319,nan,lower,0.1
165,phase1,lower,-10.0,4,-13.11160732237,-9.999999786655966,-7.499999977514872,-4.99999999842501,-2.499999999945021,nan,lower,0.1
166,phase1,lower,-10.0,4,-13.11160732237,-9.999999815284802,-7.499999980651392,-4.999999998653012,-2.4999999999532676,nan,lower,0.1
167,phase1,lower,-10.0,4,-13.11160732237,-9.99999984008979,-7.499999983351635,-4.99999999884805,-2.4999999999602776,nan,lower,0.1
168,phase1,lower,-10.0,4,-13.11160732237,-9.999999861579067,-7.499999985676097,-4.999999999014884,-2.499999999966236,nan,lower,0.1
169,phase1,lower,-10.0,4,-13.11160732237,-9.999999880193622,-7.499999987676915,-4.999999999157587,-2.4999999999713003,nan,lower,0.1
170,phase1,lower,-10.0,4,-13.11160732237,-9.999999896316115,-7.499999989399016,-4.999999999279644,-2.4999999999756053,nan,lower,0.1
171,phase1,lower,-10.0,4,-13.11160732237,-9.99999991027855,-7.49999999088111,-4.999999999384038,-2.4999999999792646,nan,lower,0.1
172,phase1,lower,-10.0,4,-13.11160732237,-9.999999922368934,-7.49999999215655,-4.999999999473322,-2.499999999982375,nan,lower,0.1
173,phase1,upper,-15.0,2,-13.36210839185153,-9.999999922368934,-7.49999999215655,-4.999999999473322,-2.499999999982375,nan,lower,0.1
174,phase1,lower,-10.0,4,-13.36210839185153,-9.999999932837076,-7.4999999932540655,-4.999999999549679,-2.4999999999850187,nan,lower,0.1
175,phase1,lower,-10.0,4,-13.36210839185153,-9.999999941899624,-7.499999994198408,-4.99999999961498,-2.4999999999872657,nan,lower,0.1
176,phase1,lower,-10.0,4,-13.36210839185153,-9.999999949744442,-7.499999995010894,-4.999999999670822,-2.4999999999891758,nan,lower,0.1
177,phase1,lower,-10.0,4,-13.36210839185153,-9.99999995653441,-7.499999995709883,-4.999999999718575,-2.4999999999907994,nan,lower,0.1
178,phase1,lower,-10.0,4,-13.36210839185153,-9.999999962410731,-7.499999996311187,-4.999999999759409,-2.4999999999921796,nan,lower,0.1
179,phase1,lower,-10.0,4,-13.36210839185153,-9.9999999674958,-7.499999996828421,-4.9999999997943245,-2.499999999993353,nan,lower,0.1
180,phase1,lower,-10.0,4,-13.36210839185153,-9.999999971895694,-7.4999999972733065,-4.999999999824179,-2.49999999999435,nan,lower,0.1
181,phase1,lower,-10.0,4,-13.36210839185153,-9.999999975702336,-7.499999997655937,-4.999999999849704,-2.499999999995197,nan,lower,0.1
182,phase1,lower,-10.0,4,-13.36210839185153,-9.999999978995376,-7.499999997985002,-4.9999999998715285,-2.4999999999959175,nan,lower,0.1
183,phase1,lower,-10.0,4,-13.36210839185153,-9.99999998184382,-7.499999998267981,-4.999999999890187,-2.49999999999653,nan,lower,0.1
184,phase1,lower,-10.0,4,-13.36210839185153,-9.999999984307443,-7.499999998511312,-4.999999999906139,-2.4999999999970504,nan,lower,0.1
185,phase1,lower,-10.0,4,-13.36210839185153,-9.999999986438024,-7.4999999987205355,-4.999999999919776,-2.4999999999974927,nan,lower,0.1
186,phase1,lower,-10.0,4,-13.36210839185153,-9.9999999882804,-7.499999998900422,-4.9999999999314335,-2.499999999997869,nan,lower,0.1
187,phase1,lower,-10.0,4,-13.36210839185153,-9.999999989873404,-7.499999999055073,-4.999999999941399,-2.4999999999981886,nan,lower,0.1
188,phase1,lower,-10.0,4,-13.36210839185153,-9.999999991250654,-7.499999999188022,-4.999999999949917,-2.4999999999984603,nan,lower,0.1
189,phase1,lower,-10.0,4,-13.36210839185153,-9.999999992441259,-7.4999999993023065,-4.999999999957199,-2.4999999999986913,nan,lower,0.1
190,phase1,lower,-10.0,4,-13.36210839185153,-9.999999993470416,-7.49999999940054,-4.999999999963422,-2.4999999999988876,nan,lower,0.1
191,phase1,lower,-10.0,4,-13.36210839185153,-9.999999994359934,-7.499999999484972,-4.999999999968742,-2.4999999999990545,nan,lower,0.1
192,phase1,lower,-10.0,4,-13.36210839185153,-9.99999999512869,-7.499999999557538,-4.999999999973289,-2.499999999999196,nan,lower,0.1
193,phase1,lower,-10.0,4,-13.36210839185153,-9.999999995793017,-7.4999999996199005,-4.999999999977175,-2.499999999999317,nan,lower,0.1
194,phase1,lower,-10.0,4,-13.36210839185153,-9.99999999636705,-7.499999999673491,-4.999999999980496,-2.4999999999994196,nan,lower,0.1
195,phase1,upper,-15.0,2,-13.579947975735276,-9.99999999636705,-7.499999999673491,-4.999999999980496,-2.4999999999994196,nan,lower,0.1
196,phase1,lower,-10.0,4,-13.579947975735276,-9.999999996863016,-7.499999999719542,-4.999999999983334,-2.4999999999995066,nan,lower,0.1
197,phase1,lower,-10.0,4,-13.579947975735276,-9.999999997291495,-7.499999999759111,-4.99999999998576,-2.499999999999581,nan,lower,0.1
198,phase1,upper,-15.0,2,-13.76928824563724,-9.999999997291495,-7.499999999759111,-4.99999999998576,-2.499999999999581,nan,lower,0.1
199,phase1,lower,-10.0,4,-13.76928824563724,-9.999999997661638,-7.499999999793109,-4.999999999987833,-2.499999999999644,nan,lower,0.1
200,phase1,lower,-10.0,4,-13.76928824563724,-9.999999997981359,-7.499999999822317,-4.999999999989605,-2.499999999999697,nan,lower,0.1
201,phase1,lower,-10.0,4,-13.76928824563724,-9.999999998257502,-7.49999999984741,-4.999999999991118,-2.4999999999997424,nan,lower,0.1
202,phase1,lower,-10.0,4,-13.76928824563724,-9.999999998495989,-7.499999999868966,-4.999999999992411,-2.499999999999781,nan,lower,0.1
203,phase1,lower,-10.0,4,-13.76928824563724,-9.999999998701936,-7.499999999887483,-4.999999999993517,-2.499999999999814,nan,lower,0.1
204,phase1,upper,-15.0,2,-13.933777605114571,-9.999999998701936,-7.499999999887483,-4.999999999993517,-2.499999999999814,nan,lower,0.1
205,phase1,lower,-10.0,4,-13.933777605114571,-9.999999998879767,-7.499999999903388,-4.999999999994461,-2.499999999999842,nan,lower,0.1
206,phase1,lower,-10.0,4,-13.933777605114571,-9.99999999903331,-7.4999999999170495,-4.999999999995269,-2.4999999999998654,nan,lower,0.1
207,phase1,lower,-10.0,4,-13.933777605114571,-9.99999999916587,-7.499999999928782,-4.999999999995958,-2.4999999999998854,nan,lower,0.1
208,phase1,lower,-10.0,4,-13.933777605114571,-9.999999999280307,-7.499999999938859,-4.999999999996547,-2.4999999999999027,nan,lower,0.1
209,phase1,lower,-10.0,4,-13.933777605114571,-9.99999999937909,-7.499999999947512,-4.99999999999705,-2.4999999999999174,nan,lower,0.1
210,phase1,lower,-10.0,4,-13.933777605114571,-9.999999999464354,-7.499999999954943,-4.99999999999748,-2.49999999999993,nan,lower,0.1
211,phase1,lower,-10.0,4,-13.933777605114571,-9.999999999537943,-7.499999999961323,-4.999999999997848,-2.4999999999999405,nan,lower,0.1
212,phase1,lower,-10.0,4,-13.933777605114571,-9.99999999960145,-7.499999999966802,-4.9999999999981615,-2.4999999999999494,nan,lower,0.1
213,phase1,lower,-10.0,4,-13.933777605114571,-9.999999999656252,-7.4999999999715055,-4.99999999999843,-2.499999999999957,nan,lower,0.1
214,phase1,lower,-10.0,4,-13.933777605114571,-9.99999999970354,-7.499999999975544,-4.999999999998659,-2.4999999999999636,nan,lower,0.1
215,phase1,lower,-10.0,4,-13.933777605114571,-9.999999999744341,-7.4999999999790115,-4.999999999998854,-2.499999999999969,nan,lower,0.1
216,phase1,lower,-10.0,4,-13.933777605114571,-9.999999999779542,-7.499999999981988,-4.999999999999021,-2.4999999999999734,nan,lower,0.1
217,phase1,lower,-10.0,4,-13.933777605114571,-9.999999999809909,-7.499999999984543,-4.999999999999164,-2.4999999999999774,nan,lower,0.1
218,phase1,lower,-10.0,4,-13.933777605114571,-9.999999999836103,-7.499999999986736,-4.999999999999286,-2.499999999999981,nan,lower,0.1
219,phase1,lower,-10.0,4,-13.933777605114571,-9.999999999858698,-7.499999999988619,-4.99999999999939,-2.4999999999999836,nan,lower,0.1
220,phase1,lower,-10.0,4,-13.933777605114571,-9.999999999878186,-7.4999999999902345,-4.999999999999479,-2.4999999999999862,nan,lower,0.1
221,phase1,lower,-10.0,4,-13.933777605114571,-9.999999999894994,-7.499999999991621,-4.999999999999555,-2.4999999999999885,nan,lower,0.1
222,phase1,lower,-10.0,4,-13.933777605114571,-9.999999999909488,-7.499999999992811,-4.99999999999962,-2.4999999999999902,nan,lower,0.1
223,phase1,lower,-10.0,4,-13.933777605114571,-9.999999999921986,-7.4999999999938325,-4.999999999999676,-2.4999999999999916,nan,lower,0.1
224,phase1,lower,-10.0,4,-13.933777605114571,-9.999999999932763,-7.499999999994709,-4.999999999999723,-2.499999999999993,nan,lower,0.1
225,phase1,lower,-10.0,4,-13.933777605114571,-9.999999999942055,-7.499999999995461,-4.999999999999764,-2.499999999999994,nan,lower,0.1
226,phase1,lower,-10.0,4,-13.933777605114571,-9.999999999950067,-7.499999999996107,-4.999999999999798,-2.4999999999999947,nan,lower,0.1
227,phase1,lower,-10.0,4,-13.933777605114571,-9.999999999956973,-7.4999999999966604,-4.999999999999828,-2.4999999999999956,nan,lower,0.1
228,phase1,lower,-10.0,4,-13.933777605114571,-9.999999999962926,-7.499999999997136,-4.999999999999853,-2.4999999999999964,nan,lower,0.1
229,phase1,lower,-10.0,4,-13.933777605114571,-9.999999999968058,-7.499999999997543,-4.999999999999874,-2.499999999999997,nan,lower,0.1
230,phase1,lower,-10.0,4,-13.933777605114571,-9.99999999997248,-7.499999999997893,-4.9999999999998925,-2.4999999999999973,nan,lower,0.1
231,phase1,lower,-10.0,4,-13.933777605114571,-9.999999999976293,-7.4999999999981934,-4.9999999999999085,-2.499999999999998,nan,lower,0.1
232,phase1,lower,-10.0,4,-13.933777605114571,-9.999999999979577,-7.499999999998451,-4.999999999999922,-2.4999999999999982,nan,lower,0.1
233,phase1,lower,-10.0,4,-13.933777605114571,-9.999999999982409,-7.499999999998671,-4.999999999999933,-2.4999999999999987,nan,lower,0.1
234,phase1,lower,-10.0,4,-13.933777605114571,-9.999999999984848,-7.4999999999988605,-4.999999999999943,-2.4999999999999987,nan,lower,0.1
235,phase1,lower,-10.0,4,-13.933777605114571,-9.999999999986949,-7.499999999999023,-4.999999999999951,-2.4999999999999987,nan,lower,0.1
236,phase1,lower,-10.0,4,-13.933777605114571,-9.999999999988761,-7.4999999999991624,-4.999999999999958,-2.4999999999999987,nan,lower,0.1
237,phase1,lower,-10.0,4,-13.933777605114571,-9.99999999999032,-7.4999999999992815,-4.9999999999999645,-2.4999999999999987,nan,lower,0.1
238,phase1,lower,-10.0,4,-13.933777605114571,-9.999999999991665,-7.499999999999384,-4.99999999999997,-2.4999999999999987,nan,lower,0.1
239,phase1,lower,-10.0,4,-13.933777605114571,-9.999999999992824,-7.4999999999994715,-4.999999999999974,-2.4999999999999987,nan,lower,0.1
240,phase1,lower,-10.0,4,-13.933777605114571,-9.99999999999382,-7.499999999999547,-4.999999999999978,-2.4999999999999987,nan,lower,0.1
241,phase1,lower,-10.0,4,-13.933777605114571,-9.99999999999468,-7.499999999999612,-4.9999999999999805,-2.4999999999999987,nan,lower,0.1
242,phase1,lower,-10.0,4,-13.933777605114571,-9.99999999999542,-7.499999999999667,-4.999999999999983,-2.4999999999999987,nan,lower,0.1
243,phase1,lower,-10.0,4,-13.933777605114571,-9.999999999996056,-7.499999999999714,-4.999999999999986,-2.4999999999999987,nan,lower,0.1
244,phase1,lower,-10.0,4,-13.933777605114571,-9.999999999996605,-7.499999999999755,-4.999999999999988,-2.4999999999999987,nan,lower,0.1
245,phase1,lower,-10.0,4,-13.933777605114571,-9.999999999997078,-7.4999999999997895,-4.999999999999989,-2.4999999999999987,nan,lower,0.1
246,phase1,lower,-10.0,4,-13.933777605114571,-9.999999999997485,-7.49999999999982,-4.999999999999991,-2.4999999999999987,nan,lower,0.1
247,phase1,lower,-10.0,4,-13.933777605114571,-9.999999999997835,-7.4999999999998455,-4.999999999999992,-2.4999999999999987,nan,lower,0.1
248,phase1,lower,-10.0,4,-13.933777605114571,-9.999999999998137,-7.499999999999868,-4.999999999999993,-2.4999999999999987,nan,lower,0.1
249,phase1,lower,-10.0,4,-13.933777605114571,-9.999999999998396,-7.499999999999886,-4.999999999999994,-2.4999999999999987,nan,lower,0.1
250,phase1,upper,-15.0,2,-14.076611171221865,-9.999999999998396,-7.499999999999886,-4.999999999999994,-2.4999999999999987,nan,lower,0.1
251,phase1,lower,-10.0,4,-14.076611171221865,-9.99999999999862,-7.499999999999902,-4.999999999999995,-2.4999999999999987,nan,lower,0.1
252,phase1,lower,-10.0,4,-14.076611171221865,-9.999999999998812,-7.4999999999999165,-4.999999999999996,-2.4999999999999987,nan,lower,0.1
253,phase1,lower,-10.0,4,-14.076611171221865,-9.999999999998977,-7.499999999999928,-4.999999999999996,-2.4999999999999987,nan,lower,0.1
254,phase1,lower,-10.0,4,-14.076611171221865,-9.999999999999119,-7.499999999999938,-4.999999999999996,-2.4999999999999987,nan,lower,0.1
255,phase1,lower,-10.0,4,-14.076611171221865,-9.999999999999241,-7.499999999999947,-4.999999999999996,-2.4999999999999987,nan,lower,0.1
256,phase1,lower,-10.0,4,-14.076611171221865,-9.999999999999348,-7.499999999999954,-4.999999999999996,-2.4999999999999987,nan,lower,0.1
257,phase1,lower,-10.0,4,-14.076611171221865,-9.999999999999439,-7.49999999999996,-4.999999999999996,-2.4999999999999987,nan,lower,0.1
258,phase1,lower,-10.0,4,-14.076611171221865,-9.999999999999517,-7.499999999999965,-4.999999999999996,-2.4999999999999987,nan,lower,0.1
259,phase1,lower,-10.0,4,-14.076611171221865,-9.999999999999584,-7.49999999999997,-4.999999999999996,-2.4999999999999987,nan,lower,0.1
260,phase1,lower,-10.0,4,-14.076611171221865,-9.999999999999643,-7.499999999999973,-4.999999999999996,-2.4999999999999987,nan,lower,0.1
261,phase1,lower,-10.0,4,-14.076611171221865,-9.999999999999693,-7.499999999999977,-4.999999999999996,-2.4999999999999987,nan,lower,0.1
262,phase1,lower,-10.0,4,-14.076611171221865,-9.999999999999735,-7.49999999999998,-4.999999999999996,-2.4999999999999987,nan,lower,0.1
263,phase1,upper,-15.0,2,-14.200584671381892,-9.999999999999735,-7.49999999999998,-4.999999999999996,-2.4999999999999987,nan,lower,0.1
264,phase1,lower,-10.0,4,-14.200584671381892,-9.999999999999773,-7.499999999999982,-4.999999999999996,-2.4999999999999987,nan,lower,0.1
265,phase1,lower,-10.0,4,-14.200584671381892,-9.999999999999805,-7.499999999999984,-4.999999999999996,-2.4999999999999987,nan,lower,0.1
266,phase1,lower,-10.0,4,-14.200584671381892,-9.999999999999831,-7.499999999999986,-4.999999999999996,-2.4999999999999987,nan,lower,0.1
267,phase1,lower,-10.0,4,-14.200584671381892,-9.999999999999854,-7.499999999999988,-4.999999999999996,-2.4999999999999987,nan,lower,0.1
268,phase1,lower,-10.0,4,-14.200584671381892,-9.999999999999874,-7.4999999999999885,-4.999999999999996,-2.4999999999999987,nan,lower,0.1
269,phase1,lower,-10.0,4,-14.200584671381892,-9.999999999999892,-7.499999999999989,-4.999999999999996,-2.4999999999999987,nan,lower,0.1
270,phase1,lower,-10.0,4,-14.200584671381892,-9.999999999999906,-7.49999999999999,-4.999999999999996,-2.4999999999999987,nan,lower,0.1
271,phase1,lower,-10.0,4,-14.200584671381892,-9.999999999999918,-7.499999999999991,-4.999999999999996,-2.4999999999999987,nan,lower,0.1
272,phase1,lower,-10.0,4,-14.200584671381892,-9.999999999999929,-7.499999999999992,-4.999999999999996,-2.4999999999999987,nan,lower,0.1
273,phase1,lower,-10.0,4,-14.200584671381892,-9.999999999999938,-7.499999999999993,-4.999999999999996,-2.4999999999999987,nan,lower,0.1
274,phase1,lower,-10.0,4,-14.200584671381892,-9.999999999999947,-7.499999999999993,-4.999999999999996,-2.4999999999999987,nan,lower,0.1
275,phase1,lower,-10.0,4,-14.200584671381892,-9.999999999999954,-7.499999999999993,-4.999999999999996,-2.4999999999999987,nan,lower,0.1
276,phase1,lower,-10.0,4,-14.200584671381892,-9.99999999999996,-7.499999999999993,-4.999999999999996,-2.4999999999999987,nan,lower,0.1
277,phase1,lower,-10.0,4,-14.200584671381892,-9.999999999999964,-7.499999999999993,-4.999999999999996,-2.4999999999999987,nan,lower,0.1
278,phase1,lower,-10.0,4,-14.200584671381892,-9.999999999999968,-7.499999999999993,-4.999999999999996,-2.4999999999999987,nan,lower,0.1
279,phase1,lower,-10.0,4,-14.200584671381892,-9.999999999999972,-7.499999999999993,-4.999999999999996,-2.4999999999999987,nan,lower,0.1
280,phase1,lower,-10.0,4,-14.200584671381892,-9.999999999999975,-7.499999999999993,-4.999999999999996,-2.4999999999999987,nan,lower,0.1
281,phase1,lower,-10.0,4,-14.200584671381892,-9.999999999999979,-7.499999999999993,-4.999999999999996,-2.4999999999999987,nan,lower,0.1
282,phase1,lower,-10.0,4,-14.200584671381892,-9.99999999999998,-7.499999999999993,-4.999999999999996,-2.4999999999999987,nan,lower,0.1
283,phase1,lower,-10.0,4,-14.200584671381892,-9.999999999999982,-7.499999999999993,-4.999999999999996,-2.4999999999999987,nan,lower,0.1
284,phase1,lower,-10.0,4,-14.200584671381892,-9.999999999999984,-7.499999999999993,-4.999999999999996,-2.4999999999999987,nan,lower,0.1
285,phase1,lower,-10.0,4,-14.200584671381892,-9.999999999999986,-7.499999999999993,-4.999999999999996,-2.4999999999999987,nan,lower,0.1
286,phase1,lower,-10.0,4,-14.200584671381892,-9.999999999999988,-7.499999999999993,-4.999999999999996,-2.4999999999999987,nan,lower,0.1
287,phase1,lower,-10.0,4,-14.200584671381892,-9.999999999999988,-7.499999999999993,-4.999999999999996,-2.4999999999999987,nan,lower,0.1
288,phase1,lower,-10.0,4,-14.200584671381892,-9.999999999999988,-7.499999999999993,-4.999999999999996,-2.4999999999999987,nan,lower,0.1
289,phase1,lower,-10.0,4,-14.200584671381892,-9.999999999999988,-7.499999999999993,-4.999999999999996,-2.4999999999999987,nan,lower,0.1
290,phase1,lower,-10.0,4,-14.200584671381892,-9.999999999999988,-7.499999999999993,-4.999999999999996,-2.4999999999999987,nan,lower,0.1
291,phase1,lower,-10.0,4,-14.200584671381892,-9.999999999999988,-7.499999999999993,-4.999999999999996,-2.4999999999999987,nan,lower,0.1
292,phase1,lower,-10.0,4,-14.200584671381892,-9.999999999999988,-7.499999999999993,-4.999999999999996,-2.4999999999999987,nan,lower,0.1
293,phase1,lower,-10.0,4,-14.200584671381892,-9.999999999999988,-7.499999999999993,-4.999999999999996,-2.4999999999999987,nan,lower,0.1
294,phase1,lower,-10.0,4,-14.200584671381892,-9.999999999999988,-7.499999999999993,-4.999999999999996,-2.4999999999999987,nan,lower,0.1
295,phase1,lower,-10.0,4,-14.200584671381892,-9.999999999999988,-7.499999999999993,-4.999999999999996,-2.4999999999999987,nan,lower,0.1
296,phase1,lower,-10.0,4,-14.200584671381892,-9.999999999999988,-7.499999999999993,-4.999999999999996,-2.4999999999999987,nan,lower,0.1
297,phase1,lower,-10.0,4,-14.200584671381892,-9.999999999999988,-7.499999999999993,-4.999999999999996,-2.4999999999999987,nan,lower,0.1
298,phase1,lower,-10.0,4,-14.200584671381892,-9.999999999999988,-7.499999999999993,-4.999999999999996,-2.4999999999999987,nan,lower,0.1
299,phase1,lower,-10.0,4,-14.200584671381892,-9.999999999999988,-7.499999999999993,-4.999999999999996,-2.4999999999999987,nan,lower,0.1
300,phase1,lower,-10.0,4,-14.200584671381892,-9.999999999999988,-7.499999999999993,-4.999999999999996,-2.4999999999999987,nan,lower,0.1
301,phase1,lower,-10.0,4,-14.200584671381892,-9.999999999999988,-7.499999999999993,-4.999999999999996,-2.4999999999999987,nan,lower,0.1
302,phase1,lower,-10.0,4,-14.200584671381892,-9.999999999999988,-7.499999999999993,-4.999999999999996,-2.4999999999999987,nan,lower,0.1
303,phase1,upper,-15.0,2,-14.308142370141418,-9.999999999999988,-7.499999999999993,-4.999999999999996,-2.4999999999999987,nan,lower,0.1
304,phase1,lower,-10.0,4,-14.308142370141418,-9.999999999999988,-7.499999999999993,-4.999999999999996,-2.4999999999999987,nan,lower,0.1
305,phase1,lower,-10.0,4,-14.308142370141418,-9.999999999999988,-7.499999999999993,-4.999999999999996,-2.4999999999999987,nan,lower,0.1
306,phase1,lower,-10.0,4,-14.308142370141418,-9.999999999999988,-7.499999999999993,-4.999999999999996,-2.4999999999999987,nan,lower,0.1
307,phase1,lower,-10.0,4,-14.308142370141418,-9.999999999999988,-7.499999999999993,-4.999999999999996,-2.4999999999999987,nan,lower,0.1
308,phase1,lower,-10.0,4,-14.308142370141418,-9.999999999999988,-7.499999999999993,-4.999999999999996,-2.4999999999999987,nan,lower,0.1
309,phase1,lower,-10.0,4,-14.308142370141418,-9.999999999999988,-7.499999999999993,-4.999999999999996,-2.4999999999999987,nan,lower,0.1
310,phase1,lower,-10.0,4,-14.308142370141418,-9.999999999999988,-7.499999999999993,-4.999999999999996,-2.4999999999999987,nan,lower,0.1
311,phase1,lower,-10.0,4,-14.308142370141418,-9.999999999999988,-7.499999999999993,-4.999999999999996,-2.4999999999999987,nan,lower,0.1
312,phase1,lower,-10.0,4,-14.308142370141418,-9.999999999999988,-7.499999999999993,-4.999999999999996,-2.4999999999999987,nan,lower,0.1
313,phase1,lower,-10.0,4,-14.308142370141418,-9.999999999999988,-7.499999999999993,-4.999999999999996,-2.4999999999999987,nan,lower,0.1
314,phase1,lower,-10.0,4,-14.308142370141418,-9.999999999999988,-7.499999999999993,-4.999999999999996,-2.4999999999999987,nan,lower,0.1
315,phase1,lower,-10.0,4,-14.308142370141418,-9.999999999999988,-7.499999999999993,-4.999999999999996,-2.4999999999999987,nan,lower,0.1
316,phase1,lower,-10.0,4,-14.308142370141418,-9.999999999999988,-7.499999999999993,-4.999999999999996,-2.4999999999999987,nan,lower,0.1
317,phase1,lower,-10.0,4,-14.308142370141418,-9.999999999999988,-7.499999999999993,-4.999999999999996,-2.4999999999999987,nan,lower,0.1
318,phase1,lower,-10.0,4,-14.308142370141418,-9.999999999999988,-7.499999999999993,-4.999999999999996,-2.4999999999999987,nan,lower,0.1
319,phase1,lower,-10.0,4,-14.308142370141418,-9.999999999999988,-7.499999999999993,-4.999999999999996,-2.4999999999999987,nan,lower,0.1
320,phase1,lower,-10.0,4,-14.308142370141418,-9.999999999999988,-7.499999999999993,-4.999999999999996,-2.4999999999999987,nan,lower,0.1
321,phase1,lower,-10.0,4,-14.308142370141418,-9.999999999999988,-7.499999999999993,-4.999999999999996,-2.4999999999999987,nan,lower,0.1
322,phase1,lower,-10.0,4,-14.308142370141418,-9.999999999999988,-7.499999999999993,-4.999999999999996,-2.4999999999999987,nan,lower,0.1
323,phase1,upper,-15.0,2,-14.401419604166994,-9.999999999999988,-7.499999999999993,-4.999999999999996,-2.4999999999999987,nan,lower,0.1
324,phase1,lower,-10.0,4,-14.401419604166994,-9.999999999999988,-7.499999999999993,-4.999999999999996,-2.4999999999999987,nan,lower,0.1
325,phase1,lower,-10.0,4,-14.401419604166994,-9.999999999999988,-7.499999999999993,-4.999999999999996,-2.4999999999999987,nan,lower,0.1
326,phase1,lower,-10.0,4,-14.401419604166994,-9.999999999999988,-7.499999999999993,-4.999999999999996,-2.4999999999999987,nan,lower,0.1
327,phase1,lower,-10.0,4,-14.401419604166994,-9.999999999999988,-7.499999999999993,-4.999999999999996,-2.4999999999999987,nan,lower,0.1
328,phase1,lower,-10.0,4,-14.401419604166994,-9.999999999999988,-7.499999999999993,-4.999999999999996,-2.4999999999999987,nan,lower,0.1
329,phase1,lower,-10.0,4,-14.401419604166994,-9.999999999999988,-7.499999999999993,-4.999999999999996,-2.4999999999999987,nan,lower,0.1
330,phase1,lower,-10.0,4,-14.401419604166994,-9.999999999999988,-7.499999999999993,-4.999999999999996,-2.4999999999999987,nan,lower,0.1
331,phase1,lower,-10.0,4,-14.401419604166994,-9.999999999999988,-7.499999999999993,-4.999999999999996,-2.4999999999999987,nan,lower,0.1
332,phase1,lower,-10.0,4,-14.401419604166994,-9.999999999999988,-7.499999999999993,-4.999999999999996,-2.4999999999999987,nan,lower,0.1
333,phase1,lower,-10.0,4,-14.401419604166994,-9.999999999999988,-7.499999999999993,-4.999999999999996,-2.4999999999999987,nan,lower,0.1
334,phase1,lower,-10.0,4,-14.401419604166994,-9.999999999999988,-7.499999999999993,-4.999999999999996,-2.4999999999999987,nan,lower,0.1
335,phase1,lower,-10.0,4,-14.401419604166994,-9.999999999999988,-7.499999999999993,-4.999999999999996,-2.4999999999999987,nan,lower,0.1
336,phase1,lower,-10.0,4,-14.401419604166994,-9.999999999999988,-7.499999999999993,-4.999999999999996,-2.4999999999999987,nan,lower,0.1
337,phase1,lower,-10.0,4,-14.401419604166994,-9.999999999999988,-7.499999999999993,-4.999999999999996,-2.4999999999999987,nan,lower,0.1
338,phase1,upper,-15.0,2,-14.482280464656716,-9.999999999999988,-7.499999999999993,-4.999999999999996,-2.4999999999999987,nan,lower,0.1
339,phase1,lower,-10.0,4,-14.482280464656716,-9.999999999999988,-7.499999999999993,-4.999999999999996,-2.4999999999999987,nan,lower,0.1
340,phase1,lower,-10.0,4,-14.482280464656716,-9.999999999999988,-7.499999999999993,-4.999999999999996,-2.4999999999999987,nan,lower,0.1
341,phase1,lower,-10.0,4,-14.482280464656716,-9.999999999999988,-7.499999999999993,-4.999999999999996,-2.4999999999999987,nan,lower,0.1
342,phase1,lower,-10.0,4,-14.482280464656716,-9.999999999999988,-7.499999999999993,-4.999999999999996,-2.4999999999999987,nan,lower,0.1
343,phase1,lower,-10.0,4,-14.482280464656716,-9.999999999999988,-7.499999999999993,-4.999999999999996,-2.4999999999999987,nan,lower,0.1
344,phase1,lower,-10.0,4,-14.482280464656716,-9.999999999999988,-7.499999999999993,-4.999999999999996,-2.4999999999999987,nan,lower,0.1
345,phase1,lower,-10.0,4,-14.482280464656716,-9.999999999999988,-7.499999999999993,-4.999999999999996,-2.4999999999999987,nan,lower,0.1
346,phase1,lower,-10.0,4,-14.482280464656716,-9.999999999999988,-7.499999999999993,-4.999999999999996,-2.4999999999999987,nan,lower,0.1
347,phase1,lower,-10.0,4,-14.482280464656716,-9.999999999999988,-7.499999999999993,-4.999999999999996,-2.4999999999999987,nan,lower,0.1
348,phase1,lower,-10.0,4,-14.482280464656716,-9.999999999999988,-7.499999999999993,-4.999999999999996,-2.4999999999999987,nan,lower,0.1
349,phase1,lower,-10.0,4,-14.482280464656716,-9.999999999999988,-7.499999999999993,-4.999999999999996,-2.4999999999999987,nan,lower,0.1
350,phase1,lower,-10.0,4,-14.482280464656716,-9.999999999999988,-7.499999999999993,-4.999999999999996,-2.4999999999999987,nan,lower,0.1
351,phase1,lower,-10.0,4,-14.482280464656716,-9.999999999999988,-7.499999999999993,-4.999999999999996,-2.4999999999999987,nan,lower,0.1
352,phase1,lower,-10.0,4,-14.482280464656716,-9.999999999999988,-7.499999999999993,-4.999999999999996,-2.4999999999999987,nan,lower,0.1
353,phase1,lower,-10.0,4,-14.482280464656716,-9.999999999999988,-7.499999999999993,-4.999999999999996,-2.4999999999999987,nan,lower,0.1
354,phase1,lower,-10.0,4,-14.482280464656716,-9.999999999999988,-7.499999999999993,-4.999999999999996,-2.4999999999999987,nan,lower,0.1
355,phase1,lower,-10.0,4,-14.482280464656716,-9.999999999999988,-7.499999999999993,-4.999999999999996,-2.4999999999999987,nan,lower,0.1
356,phase1,lower,-10.0,4,-14.482280464656716,-9.999999999999988,-7.499999999999993,-4.999999999999996,-2.4999999999999987,nan,lower,0.1
357,phase1,upper,-15.0,2,-14.552351125905764,-9.999999999999988,-7.499999999999993,-4.999999999999996,-2.4999999999999987,nan,lower,0.1
358,phase1,lower,-10.0,4,-14.552351125905764,-9.999999999999988,-7.499999999999993,-4.999999999999996,-2.4999999999999987,nan,lower,0.1
359,phase1,lower,-10.0,4,-14.552351125905764,-9.999999999999988,-7.499999999999993,-4.999999999999996,-2.4999999999999987,nan,lower,0.1
360,phase1,lower,-10.0,4,-14.552351125905764,-9.999999999999988,-7.499999999999993,-4.999999999999996,-2.4999999999999987,nan,lower,0.1
361,phase1,lower,-10.0,4,-14.552351125905764,-9.999999999999988,-7.499999999999993,-4.999999999999996,-2.4999999999999987,nan,lower,0.1
362,phase1,lower,-10.0,4,-14.552351125905764,-9.999999999999988,-7.499999999999993,-4.999999999999996,-2.4999999999999987,nan,lower,0.1
363,phase1,lower,-10.0,4,-14.552351125905764,-9.999999999999988,-7.499999999999993,-4.999999999999996,-2.4999999999999987,nan,lower,0.1
364,phase1,lower,-10.0,4,-14.552351125905764,-9.999999999999988,-7.499999999999993,-4.999999999999996,-2.4999999999999987,nan,lower,0.1
365,phase1,lower,-10.0,4,-14.552351125905764,-9.999999999999988,-7.499999999999993,-4.999999999999996,-2.4999999999999987,nan,lower,0.1
366,phase1,lower,-10.0,4,-14.552351125905764,-9.999999999999988,-7.499999999999993,-4.999999999999996,-2.4999999999999987,nan,lower,0.1
367,phase1,lower,-10.0,4,-14.552351125905764,-9.999999999999988,-7.499999999999993,-4.999999999999996,-2.4999999999999987,nan,lower,0.1
368,phase1,lower,-10.0,4,-14.552351125905764,-9.999999999999988,-7.499999999999993,-4.999999999999996,-2.4999999999999987,nan,lower,0.1
369,phase1,lower,-10.0,4,-14.552351125905764,-9.999999999999988,-7.499999999999993,-4.999999999999996,-2.4999999999999987,nan,lower,0.1
370,phase1,lower,-10.0,4,-14.552351125905764,-9.999999999999988,-7.499999999999993,-4.999999999999996,-2.4999999999999987,nan,lower,0.1
371,phase1,lower,-10.0,4,-14.552351125905764,-9.999999999999988,-7.499999999999993,-4.999999999999996,-2.4999999999999987,nan,lower,0.1
372,phase1,lower,-10.0,4,-14.552351125905764,-9.999999999999988,-7.499999999999993,-4.999999999999996,-2.4999999999999987,nan,lower,0.1
373,phase1,lower,-10.0,4,-14.552351125905764,-9.999999999999988,-7.499999999999993,-4.999999999999996,-2.4999999999999987,nan,lower,0.1
374,phase1,lower,-10.0,4,-14.552351125905764,-9.999999999999988,-7.499999999999993,-4.999999999999996,-2.4999999999999987,nan,lower,0.1
375,phase1,lower,-10.0,4,-14.552351125905764,-9.999999999999988,-7.499999999999993,-4.999999999999996,-2.4999999999999987,nan,lower,0.1
376,phase1,lower,-10.0,4,-14.552351125905764,-9.999999999999988,-7.499999999999993,-4.999999999999996,-2.4999999999999987,nan,lower,0.1
377,phase1,lower,-10.0,4,-14.552351125905764,-9.999999999999988,-7.499999999999993,-4.999999999999996,-2.4999999999999987,nan,lower,0.1
378,phase1,lower,-10.0,4,-14.552351125905764,-9.999999999999988,-7.499999999999993,-4.999999999999996,-2.4999999999999987,nan,lower,0.1
379,phase1,lower,-10.0,4,-14.552351125905764,-9.999999999999988,-7.499999999999993,-4.999999999999996,-2.4999999999999987,nan,lower,0.1
380,phase1,lower,-10.0,4,-14.552351125905764,-9.999999999999988,-7.499999999999993,-4.999999999999996,-2.4999999999999987,nan,lower,0.1
381,phase1,upper,-15.0,2,-14.613049278325322,-9.999999999999988,-7.499999999999993,-4.999999999999996,-2.4999999999999987,nan,lower,0.1
382,phase1,lower,-10.0,4,-14.613049278325322,-9.999999999999988,-7.499999999999993,-4.999999999999996,-2.4999999999999987,nan,lower,0.1
383,phase1,lower,-10.0,4,-14.613049278325322,-9.999999999999988,-7.499999999999993,-4.999999999999996,-2.4999999999999987,nan,lower,0.1
384,phase1,lower,-10.0,4,-14.613049278325322,-9.999999999999988,-7.499999999999993,-4.999999999999996,-2.4999999999999987,nan,lower,0.1
385,phase1,lower,-10.0,4,-14.613049278325322,-9.999999999999988,-7.499999999999993,-4.999999999999996,-2.4999999999999987,nan,lower,0.1
386,phase1,lower,-10.0,4,-14.613049278325322,-9.999999999999988,-7.499999999999993,-4.999999999999996,-2.4999999999999987,nan,lower,0.1
387,phase1,lower,-10.0,4,-14.613049278325322,-9.999999999999988,-7.499999999999993,-4.999999999999996,-2.4999999999999987,nan,lower,0.1
388,phase1,lower,-10.0,4,-14.613049278325322,-9.999999999999988,-7.499999999999993,-4.999999999999996,-2.4999999999999987,nan,lower,0.1
389,phase1,lower,-10.0,4,-14.613049278325322,-9.999999999999988,-7.499999999999993,-4.999999999999996,-2.4999999999999987,nan,lower,0.1
390,phase1,lower,-10.0,4,-14.613049278325322,-9.999999999999988,-7.499999999999993,-4.999999999999996,-2.4999999999999987,nan,lower,0.1
391,phase1,lower,-10.0,4,-14.613049278325322,-9.999999999999988,-7.499999999999993,-4.999999999999996,-2.4999999999999987,nan,lower,0.1
392,phase1,lower,-10.0,4,-14.613049278325322,-9.999999999999988,-7.499999999999993,-4.999999999999996,-2.4999999999999987,nan,lower,0.1
393,phase1,lower,-10.0,4,-14.613049278325322,-9.999999999999988,-7.499999999999993,-4.999999999999996,-2.4999999999999987,nan,lower,0.1
394,phase1,lower,-10.0,4,-14.613049278325322,-9.999999999999988,-7.499999999999993,-4.999999999999996,-2.4999999999999987,nan,lower,0.1
395,phase1,lower,-10.0,4,-14.613049278325322,-9.999999999999988,-7.499999999999993,-4.999999999999996,-2.4999999999999987,nan,lower,0.1
396,phase1,lower,-10.0,4,-14.613049278325322,-9.999999999999988,-7.499999999999993,-4.999999999999996,-2.4999999999999987,nan,lower,0.1
397,phase1,lower,-10.0,4,-14.613049278325322,-9.999999999999988,-7.499999999999993,-4.999999999999996,-2.4999999999999987,nan,lower,0.1
398,phase1,lower,-10.0,4,-14.613049278325322,-9.999999999999988,-7.499999999999993,-4.999999999999996,-2.4999999999999987,nan,lower,0.1
399,phase1,lower,-10.0,4,-14.613049278325322,-9.999999999999988,-7.499999999999993,-4.999999999999996,-2.4999999999999987,nan,lower,0.1
400,phase2,lower,-20.0,4,-14.613049278325322,-9.999999999999988,-8.499999999999993,-5.269999999999996,-2.6889999999999987,-0.14700000000000019,lower,0.1
401,phase2,lower,-20.0,4,-14.613049278325322,-10.232299999999988,-9.546609999999992,-5.5959169999999965,-2.901724899999999,-0.1744827000000002,lower,0.1
402,phase2,lower,-20.0,4,-14.613049278325322,-10.570765429999987,-10.560451170999993,-5.918566408699997,-3.0957572563899998,-0.17010757797000026,lower,0.1
403,phase2,lower,-20.0,4,-14.613049278325322,-10.972830824272988,-11.520651983898095,-6.220527107276568,-3.261434813303929,-0.15732427984946723,lower,0.1
404,phase2,lower,-20.0,4,-14.613049278325322,-11.419204792100018,-12.422044963850983,-6.495998333541053,-3.397862158999499,-0.14248982106551966,lower,0.1
405,phase2,lower,-20.0,4,-14.613049278325322,-11.897729648234083,-13.263785572728542,-6.742723147404517,-3.5065031683092602,-0.12739642150423514,lower,0.1
406,phase2,lower,-20.0,4,-14.613049278325322,-12.39899202003734,-14.046322585705157,-6.959782742867556,-3.5894520274035573,-0.11260426400367347,lower,0.1
407,phase2,lower,-20.0,4,-14.613049278325322,-12.915068914207428,-14.770587213016743,-7.146956123681282,-3.648952411997762,-0.09832967377144039,lower,0.1
408,phase2,lower,-20.0,4,-14.613049278325322,-13.439117450482657,-15.437770792627056,-7.304500395081574,-3.6872523203805816,-0.0846832106487526,lower,0.1
409,phase2,lower,-20.0,4,-14.613049278325322,-13.965197674280974,-16.04925781581912,-7.433047130940375,-3.7065514706558274,-0.0717347277433745,lower,0.1
410,phase2,lower,-20.0,4,-14.613049278325322,-14.488164943403826,-16.606599249631103,-7.533533628030093,-3.708976184945283,-0.05953223693424381,lower,0.1
411,phase2,lower,-20.0,4,-14.613049278325322,-15.003587387267372,-17.11149572300771,-7.6071472368140824,-3.6965640626521936,-0.048108322608316254,upper,0.1
412,phase2,upper,-15.0,2,-14.69138730624668,-15.003587387267372,-17.11149572300771,-7.6071472368140824,-3.6965640626521936,-0.032027951346666673,upper,0.1
413,phase2,upper,-15.0,2,-14.751761569538596,-15.003587387267372,-17.11149572300771,-7.6071472368140824,-3.6965640626521936,-0.02211265733527385,upper,0.1
414,phase2,upper,-15.0,2,-14.799975444946606,-15.003587387267372,-17.11149572300771,-7.6071472368140824,-3.6965640626521936,-0.015734231465562576,upper,0.1
415,phase2,upper,-15.0,2,-14.839436019929954,-15.003587387267372,-17.11149572300771,-7.6071472368140824,-3.6965640626521936,-0.011433531069936744,upper,0.1
416,phase2,upper,-15.0,2,-14.87222452622527,-15.003587387267372,-17.11149572300771,-7.6071472368140824,-3.6965640626521936,-0.008394500076456705,upper,0.1
417,phase2,upper,-15.0,2,-14.899682628286767,-15.003587387267372,-17.11149572300771,-7.6071472368140824,-3.6965640626521936,-0.006155294571363949,upper,0.1
418,phase2,upper,-15.0,2,-14.922733320634627,-15.003587387267372,-17.11149572300771,-7.6071472368140824,-3.6965640626521936,-0.004449632040338258,upper,0.1
419,phase2,upper,-15.0,2,-14.942056507056853,-15.003587387267372,-17.11149572300771,-7.6071472368140824,-3.6965640626521936,-0.0031196534979940323,upper,0.1
420,phase2,upper,-15.0,2,-14.95818513597717,-15.003587387267372,-17.11149572300771,-7.6071472368140824,-3.6965640626521936,-0.002068050332820563,upper,0.1
421,phase2,upper,-15.0,2,-14.971558003580238,-15.003587387267372,-17.11149572300771,-7.6071472368140824,-3.6965640626521936,-0.0012317445764493161,upper,0.1
422,phase2,upper,-15.0,2,-14.982548996625303,-15.003587387267372,-17.11149572300771,-7.6071472368140824,-3.6965640626521936,-0.0005673966716895013,upper,0.1
423,phase2,upper,-15.0,2,-14.991483580250474,-15.003587387267372,-17.11149572300771,-7.6071472368140824,-3.6965640626521936,-4.340107451011226e-05,upper,0.1
424,phase2,upper,-15.0,2,-14.998648418856424,-15.003587387267372,-17.11149572300771,-7.6071472368140824,-3.6965640626521936,0.000364560868504405,upper,0.1
425,phase2,upper,-15.0,2,-15.004297324550617,-15.003587387267372,-17.11149572300771,-7.6071472368140824,-3.6965640626521936,0.0006760183340860152,lower,0.1
426,phase2,lower,-20.0,4,-15.004297324550617,-15.463769804340728,-17.53504850790286,-7.633762853730826,-3.656193664717656,-0.025769973488742208,upper,0.1
427,phase2,upper,-15.0,2,-15.032456647308894,-15.463769804340728,-17.53504850790286,-7.633762853730826,-3.656193664717656,-0.012051396077308294,upper,0.1
428,phase2,upper,-15.0,2,-15.046671309902194,-15.463769804340728,-17.53504850790286,-7.633762853730826,-3.656193664717656,-0.004628328107479197,upper,0.1
429,phase2,upper,-15.0,2,-15.052972522896068,-15.463769804340728,-17.53504850790286,-7.633762853730826,-3.656193664717656,-0.0006755268828561537,upper,0.1
430,phase2,upper,-15.0,2,-15.054755057668253,-15.463769804340728,-17.53504850790286,-7.633762853730826,-3.656193664717656,0.0013638779662676946,upper,0.1
431,phase2,upper,-15.0,2,-15.053950964641501,-15.463769804340728,-17.53504850790286,-7.633762853730826,-3.656193664717656,0.0023490576763786765,upper,0.1
432,phase2,upper,-15.0,2,-15.051676236298336,-15.463769804340728,-17.53504850790286,-7.633762853730826,-3.656193664717656,0.0027551153215723398,upper,0.1
433,phase2,upper,-15.0,2,-15.048587750708498,-15.463769804340728,-17.53504850790286,-7.633762853730826,-3.656193664717656,0.0028454942344825086,upper,0.1
434,phase2,upper,-15.0,2,-15.045080886399214,-15.463769804340728,-17.53504850790286,-7.633762853730826,-3.656193664717656,0.0027667919413088575,upper,0.1
435,phase2,upper,-15.0,2,-15.041399449064228,-15.463769804340728,-17.53504850790286,-7.633762853730826,-3.656193664717656,0.002600935430315147,upper,0.1
436,phase2,upper,-15.0,2,-15.037697276261252,-15.463769804340728,-17.53504850790286,-7.633762853730826,-3.656193664717656,0.0023939220503688694,upper,0.1
437,phase2,upper,-15.0,2,-15.03407315651462,-15.463769804340728,-17.53504850790286,-7.633762853730826,-3.656193664717656,0.0021716770014011434,upper,0.1
438,phase2,upper,-15.0,2,-15.03059095949773,-15.463769804340728,-17.53504850790286,-7.633762853730826,-3.656193664717656,0.0019488245317185033,upper,0.1
439,phase2,upper,-15.0,2,-15.027291523392249,-15.463769804340728,-17.53504850790286,-7.633762853730826,-3.656193664717656,0.0017335583430499167,upper,0.1
440,phase2,upper,-15.0,2,-15.024199905990608,-15.463769804340728,-17.53504850790286,-7.633762853730826,-3.656193664717656,0.0015303619495013556,upper,0.1
441,phase2,upper,-15.0,2,-15.021329990960972,-15.463769804340728,-17.53504850790286,-7.633762853730826,-3.656193664717656,0.0013415415002162889,upper,0.1
442,phase2,upper,-15.0,2,-15.018687552993011,-15.463769804340728,-17.53504850790286,-7.633762853730826,-3.656193664717656,0.0011681005083363368,upper,0.1
443,phase2,upper,-15.0,2,-15.016272397385515,-15.463769804340728,-17.53504850790286,-7.633762853730826,-3.656193664717656,0.0010102479753756018,upper,0.1
444,phase2,upper,-15.0,2,-15.014079920912426,-15.463769804340728,-17.53504850790286,-7.633762853730826,-3.656193664717656,0.0008677006329269202,upper,0.1
445,phase2,upper,-15.0,2,-15.012102292589098,-15.463769804340728,-17.53504850790286,-7.633762853730826,-3.656193664717656,0.000739868139674671,upper,0.1
446,phase2,upper,-15.0,2,-15.010329370929052,-15.463769804340728,-17.53504850790286,-7.633762853730826,-3.656193664717656,0.0006259705360230402,upper,0.1
447,phase2,upper,-15.0,2,-15.008749428604013,-15.463769804340728,-17.53504850790286,-7.633762853730826,-3.656193664717656,0.0005251154946872512,upper,0.1
448,phase2,upper,-15.0,2,-15.007349729721133,-15.463769804340728,-17.53504850790286,-7.633762853730826,-3.656193664717656,0.0004363509061274809,upper,0.1
449,phase2,upper,-15.0,2,-15.006116990224488,-15.463769804340728,-17.53504850790286,-7.633762853730826,-3.656193664717656,0.00035870170433467804,upper,0.1
450,phase2,upper,-15.0,2,-15.005037743283545,-15.463769804340728,-17.53504850790286,-7.633762853730826,-3.656193664717656,0.0002911961552249311,upper,0.1
451,phase2,upper,-15.0,2,-15.004098626245993,-15.463769804340728,-17.53504850790286,-7.633762853730826,-3.656193664717656,0.00023288476975996566,upper,0.1
452,phase2,upper,-15.0,2,-15.003286602324842,-15.463769804340728,-17.53504850790286,-7.633762853730826,-3.656193664717656,0.00018285383800913603,upper,0.1
453,phase2,upper,-15.0,2,-15.002589127848298,-15.463769804340728,-17.53504850790286,-7.633762853730826,-3.656193664717656,0.00014023490835949847,upper,0.1
454,phase2,upper,-15.0,2,-15.00199427418068,-15.463769804340728,-17.53504850790286,-7.633762853730826,-3.656193664717656,0.00010421113803662078,upper,0.1
455,phase2,upper,-15.0,2,-15.001490812079663,-15.463769804340728,-17.53504850790286,-7.633762853730826,-3.656193664717656,7.402119614766498e-05,upper,0.1
456,phase2,upper,-15.0,2,-15.001068265154549,-15.463769804340728,-17.53504850790286,-7.633762853730826,-3.656193664717656,4.896124212993185e-05,upper,0.1
457,phase2,upper,-15.0,2,-15.000716938157355,-15.463769804340728,-17.53504850790286,-7.633762853730826,-3.656193664717656,2.8385394145181303e-05,upper,0.1
458,phase2,upper,-15.0,2,-15.000427925030454,-15.463769804340728,-17.53504850790286,-7.633762853730826,-3.656193664717656,1.1705023356470496e-05,upper,0.1
459,phase2,upper,-15.0,2,-15.000193100926417,-15.463769804340728,-17.53504850790286,-7.633762853730826,-3.656193664717656,-1.6128501131982176e-06,upper,0.1
460,phase2,upper,-15.0,2,-15.00000510179169,-15.463769804340728,-17.53504850790286,-7.633762853730826,-3.656193664717656,-1.2047831747540533e-05,upper,0.1
461,phase2,upper,-15.0,2,-14.999857294555287,-15.463769804340728,-17.53504850790286,-7.633762853730826,-3.656193664717656,-2.0028909453370887e-05,upper,0.1
462,phase2,lower,-20.0,4,-14.999857294555287,-15.92091570071545,-17.91835708569479,-7.642577222413258,-3.610279831451159,-0.019529604773678905,upper,0.1
463,phase2,upper,-15.0,2,-15.017302358756549,-15.92091570071545,-17.91835708569479,-7.642577222413258,-3.610279831451159,-0.009585629710998446,upper,0.1
464,phase2,upper,-15.0,2,-15.0252947364834,-15.92091570071545,-17.91835708569479,-7.642577222413258,-3.610279831451159,-0.004235009806867033,upper,0.1
465,phase2,upper,-15.0,2,-15.028149521906027,-15.92091570071545,-17.91835708569479,-7.642577222413258,-3.610279831451159,-0.0014024178171826113,upper,0.1
466,phase2,upper,-15.0,2,-15.028253195057134,-15.92091570071545,-17.91835708569479,-7.642577222413258,-3.610279831451159,5.303566716914122e-05,upper,0.1
467,phase2,lower,-20.0,4,-15.028253195057134,-16.370612107112933,-18.26217660429076,-7.634379680455335,-3.5594023567468667,-0.013475333843772752,upper,0.1
468,phase2,upper,-15.0,2,-15.039103553131042,-16.370612107112933,-18.26217660429076,-7.634379680455335,-3.5594023567468667,-0.005870287546428512,upper,0.1
469,phase2,upper,-15.0,2,-15.042684001105675,-16.370612107112933,-18.26217660429076,-7.634379680455335,-3.5594023567468667,-0.0018565872773623623,upper,0.1
470,phase2,upper,-15.0,2,-15.042397171814452,-16.370612107112933,-18.26217660429076,-7.634379680455335,-3.5594023567468667,0.00019459406158633008,upper,0.1
471,phase2,upper,-15.0,2,-15.040126003557098,-16.370612107112933,-18.26217660429076,-7.634379680455335,-3.5594023567468667,0.0011786232204374406,upper,0.1
472,phase2,upper,-15.0,2,-15.036913105191429,-16.370612107112933,-18.26217660429076,-7.634379680455335,-3.5594023567468667,0.001587613112672533,upper,0.1
473,phase2,upper,-15.0,2,-15.033334998495969,-16.370612107112933,-18.26217660429076,-7.634379680455335,-3.5594023567468667,0.0016918906404873825,upper,0.1
474,phase2,upper,-15.0,2,-15.029708597624273,-16.370612107112933,-18.26217660429076,-7.634379680455335,-3.5594023567468667,0.0016397434321448144,upper,0.1
475,phase2,upper,-15.0,2,-15.0262054002805,-16.370612107112933,-18.26217660429076,-7.634379680455335,-3.5594023567468667,0.0015122636675432215,upper,0.1
476,phase2,upper,-15.0,2,-15.02291486690938,-16.370612107112933,-18.26217660429076,-7.634379680455335,-3.5594023567468667,0.0013535165591814372,upper,0.1
477,phase2,upper,-15.0,2,-15.01987978587217,-16.370612107112933,-18.26217660429076,-7.634379680455335,-3.5594023567468667,0.0011871466692252686,upper,0.1
478,phase2,upper,-15.0,2,-15.0171161605051,-16.370612107112933,-18.26217660429076,-7.634379680455335,-3.5594023567468667,0.001025528041256371,upper,0.1
479,phase2,upper,-15.0,2,-15.014624515456653,-16.370612107112933,-18.26217660429076,-7.634379680455335,-3.5594023567468667,0.0008748132723501944,upper,0.1
480,phase2,upper,-15.0,2,-15.012396421229642,-16.370612107112933,-18.26217660429076,-7.634379680455335,-3.5594023567468667,0.0007377253617806249,upper,0.1
481,phase2,upper,-15.0,2,-15.010418332800699,-16.370612107112933,-18.26217660429076,-7.634379680455335,-3.5594023567468667,0.0006151058598611553,upper,0.1
482,phase2,upper,-15.0,2,-15.008673901755333,-16.370612107112933,-18.26217660429076,-7.634379680455335,-3.5594023567468667,0.0005067766359187377,upper,0.1
483,phase2,upper,-15.0,2,-15.007145406130192,-16.370612107112933,-18.26217660429076,-7.634379680455335,-3.5594023567468667,0.0004120219055069454,upper,0.1
484,phase2,upper,-15.0,2,-15.005814658334977,-16.370612107112933,-18.26217660429076,-7.634379680455335,-3.5594023567468667,0.0003298593903807438,upper,0.1
485,phase2,upper,-15.0,2,-15.004663594891406,-16.370612107112933,-18.26217660429076,-7.634379680455335,-3.5594023567468667,0.00025919375203528334,upper,0.1
486,phase2,upper,-15.0,2,-15.003674665011191,-16.370612107112933,-18.26217660429076,-7.634379680455335,-3.5594023567468667,0.0001989037899350509,upper,0.1
487,phase2,upper,-15.0,2,-15.002831086781343,-16.370612107112933,-18.26217660429076,-7.634379680455335,-3.5594023567468667,0.00014789197370231844,upper,0.1
488,phase2,upper,-15.0,2,-15.002117012651993,-16.370612107112933,-18.26217660429076,-7.634379680455335,-3.5594023567468667,0.0001051122487826789,upper,0.1
489,phase2,upper,-15.0,2,-15.001517630534618,-16.370612107112933,-18.26217660429076,-7.634379680455335,-3.5594023567468667,6.958508305094925e-05,upper,0.1
490,phase2,upper,-15.0,2,-15.001019217899769,-16.370612107112933,-18.26217660429076,-7.634379680455335,-3.5594023567468667,4.040486132422759e-05,upper,0.1
491,phase2,upper,-15.0,2,-15.00060916094477,-16.370612107112933,-18.26217660429076,-7.634379680455335,-3.5594023567468667,1.6742586859119416e-05,upper,0.1
492,phase2,upper,-15.0,2,-15.000275947605353,-16.370612107112933,-18.26217660429076,-7.634379680455335,-3.5594023567468667,-2.154355107934452e-06,upper,0.1
493,phase2,upper,-15.0,2,-15.00000914104105,-16.370612107112933,-18.26217660429076,-7.634379680455335,-3.5594023567468667,-1.696429939345058e-05,upper,0.1
494,phase2,upper,-15.0,2,-14.999799338751675,-16.370612107112933,-18.26217660429076,-7.634379680455335,-3.5594023567468667,-2.8294589765835842e-05,upper,0.1
495,phase2,upper,-15.0,2,-14.99963812141462,-16.370612107112933,-18.26217660429076,-7.634379680455335,-3.5594023567468667,-3.668560854104219e-05,upper,0.1
496,phase2,upper,-15.0,2,-14.999517994719957,-16.370612107112933,-18.26217660429076,-7.634379680455335,-3.5594023567468667,-4.261524255784627e-05,upper,0.1
497,phase2,upper,-15.0,2,-14.999432326837761,-16.370612107112933,-18.26217660429076,-7.634379680455335,-3.5594023567468667,-4.6503571299529804e-05,upper,0.1
498,phase2,upper,-15.0,2,-14.999375283629568,-16.370612107112933,-18.26217660429076,-7.634379680455335,-3.5594023567468667,-4.8717622816437497e-05,upper,0.1
499,phase2,upper,-15.0,2,-14.999341763284008,-16.370612107112933,-18.26217660429076,-7.634379680455335,-3.5594023567468667,-4.95760848415608e-05,upper,0.1
500,phase2,upper,-15.0,2,-14.999327331695813,-16.370612107112933,-18.26217660429076,-7.634379680455335,-3.5594023567468667,-4.935388886185993e-05,upper,0.1
501,phase2,upper,-15.0,2,-14.999328159605273,-16.370612107112933,-18.26217660429076,-7.634379680455335,-3.5594023567468667,-4.82866078143276e-05,upper,0.1
502,phase2,upper,-15.0,2,-14.999340962261993,-16.370612107112933,-18.26217660429076,-7.634379680455335,-3.5594023567468667,-4.657462579907082e-05,upper,0.1
503,phase2,upper,-15.0,2,-14.999362942165659,-16.370612107112933,-18.26217660429076,-7.634379680455335,-3.5594023567468667,-4.4387052141558954e-05,upper,0.1
504,phase2,upper,-15.0,2,-14.999391735261419,-16.370612107112933,-18.26217660429076,-7.634379680455335,-3.5594023567468667,-4.18653631846588e-05,upper,0.1
505,phase2,upper,-15.0,2,-14.999425360823505,-16.370612107112933,-18.26217660429076,-7.634379680455335,-3.5594023567468667,-3.912676394807997e-05,upper,0.1
506,phase2,upper,-15.0,2,-14.999462175143666,-16.370612107112933,-18.26217660429076,-7.634379680455335,-3.5594023567468667,-3.626726869475256e-05,upper,0.1
507,phase2,upper,-15.0,2,-14.999500829046996,-16.370612107112933,-18.26217660429076,-7.634379680455335,-3.5594023567468667,-3.3364504815064656e-05,upper,0.1
508,phase2,upper,-15.0,2,-14.999540229183602,-16.370612107112933,-18.26217660429076,-7.634379680455335,-3.5594023567468667,-3.0480248544975087e-05,upper,0.1
509,phase2,upper,-15.0,2,-14.999579502987231,-16.370612107112933,-18.26217660429076,-7.634379680455335,-3.5594023567468667,-2.76627040844066e-05,upper,0.1
510,phase2,upper,-15.0,2,-14.99961796714897,-16.370612107112933,-18.26217660429076,-7.634379680455335,-3.5594023567468667,-2.4948539858707928e-05,upper,0.1
511,phase2,upper,-15.0,2,-14.999655099423068,-16.370612107112933,-18.26217660429076,-7.634379680455335,-3.5594023567468667,-2.2364697121356323e-05,upper,0.1
512,phase2,upper,-15.0,2,-14.999690513560873,-16.370612107112933,-18.26217660429076,-7.634379680455335,-3.5594023567468667,-1.992998696170139e-05,upper,0.1
513,phase2,upper,-15.0,2,-14.999723937155984,-16.370612107112933,-18.26217660429076,-7.634379680455335,-3.5594023567468667,-1.7656492168936043e-05,upper,0.1
514,phase2,upper,-15.0,2,-14.999755192177542,-16.370612107112933,-18.26217660429076,-7.634379680455335,-3.5594023567468667,-1.555079040885195e-05,upper,0.1
515,phase2,upper,-15.0,2,-14.999784177967769,-16.370612107112933,-18.26217660429076,-7.634379680455335,-3.5594023567468667,-1.3615014876922725e-05,upper,0.1
516,phase2,upper,-15.0,2,-14.999810856483258,-16.370612107112933,-18.26217660429076,-7.634379680455335,-3.5594023567468667,-1.1847768067777086e-05,upper,0.1
517,phase2,upper,-15.0,2,-14.999835239566176,-16.370612107112933,-18.26217660429076,-7.634379680455335,-3.5594023567468667,-1.0244903606448994e-05,upper,0.1
518,phase2,upper,-15.0,2,-14.99985737804065,-16.370612107112933,-18.26217660429076,-7.634379680455335,-3.5594023567468667,-8.800190271258371e-06,upper,0.1
519,phase2,lower,-20.0,4,-14.99985737804065,-16.809776477001957,-18.56797469745089,-7.610435881021502,-3.504425486387961,-0.007856102320979386,upper,0.1
520,phase2,upper,-15.0,2,-15.00693992435811,-16.809776477001957,-18.56797469745089,-7.610435881021502,-3.504425486387961,-0.003852683915488434,upper,0.1
521,phase2,upper,-15.0,2,-15.01020662018601,-16.809776477001957,-18.56797469745089,-7.610435881021502,-3.504425486387961,-0.0016976821604896151,upper,0.1
522,phase2,upper,-15.0,2,-15.011395117232526,-16.809776477001957,-18.56797469745089,-7.610435881021502,-3.504425486387961,-0.0005562131738727998,upper,0.1
523,phase2,upper,-15.0,2,-15.011467107694235,-16.809776477001957,-18.56797469745089,-7.610435881021502,-3.504425486387961,3.073493624822151e-05,upper,0.1
524,phase2,upper,-15.0,2,-15.010956023970113,-16.809776477001957,-18.56797469745089,-7.610435881021502,-3.504425486387961,0.00031556534425368585,upper,0.1
525,phase2,upper,-15.0,2,-15.010158383699821,-16.809776477001957,-18.56797469745089,-7.610435881021502,-3.504425486387961,0.00043708090634590394,upper,0.1
526,phase2,upper,-15.0,2,-15.0092391976909,-16.809776477001957,-18.56797469745089,-7.610435881021502,-3.504425486387961,0.0004715979677152014,upper,0.1
527,phase2,upper,-15.0,2,-15.008290129356643,-16.809776477001957,-18.56797469745089,-7.610435881021502,-3.504425486387961,0.00046104222020936436,upper,0.1
528,phase2,upper,-15.0,2,-15.007361663381616,-16.809776477001957,-18.56797469745089,-7.610435881021502,-3.504425486387961,0.00042839705068635194,upper,0.1
529,phase2,upper,-15.0,2,-15.006480965245531,-16.809776477001957,-18.56797469745089,-7.610435881021502,-3.504425486387961,0.00038620178514275514,upper,0.1
530,phase2,upper,-15.0,2,-15.005661852291738,-16.809776477001957,-18.56797469745089,-7.610435881021502,-3.504425486387961,0.00034123001084113966,upper,0.1
531,phase2,upper,-15.0,2,-15.00491040665362,-16.809776477001957,-18.56797469745089,-7.610435881021502,-3.504425486387961,0.0002970677975117998,upper,0.1
532,phase2,upper,-15.0,2,-15.00422817227758,-16.809776477001957,-18.56797469745089,-7.610435881021502,-3.504425486387961,0.000255536818144266,upper,0.1
533,phase2,upper,-15.0,2,-15.00361400563795,-16.809776477001957,-18.56797469745089,-7.610435881021502,-3.504425486387961,0.00021748169392107278,upper,0.1
534,phase2,lower,-20.0,4,-15.00361400563795,-17.235400565522323,-18.8370551542929,-7.5718653304540195,-3.4460419993211695,-0.0025798388532538505,upper,0.1
535,phase2,upper,-15.0,2,-15.005582758619962,-17.235400565522323,-18.8370551542929,-7.5718653304540195,-3.4460419993211695,-0.0011874800476882655,upper,0.1
536,phase2,upper,-15.0,2,-15.006253679615112,-17.235400565522323,-18.8370551542929,-7.5718653304540195,-3.4460419993211695,-0.0004501854590676112,upper,0.1
537,phase2,upper,-15.0,2,-15.00624196724428,-17.235400565522323,-18.8370551542929,-7.5718653304540195,-3.4460419993211695,-7.049962204908357e-05,upper,0.1
538,phase2,upper,-15.0,2,-15.005885965932718,-17.235400565522323,-18.8370551542929,-7.5718653304540195,-3.4460419993211695,0.00011496361509769526,upper,0.1
539,phase2,upper,-15.0,2,-15.005371289563538,-17.235400565522323,-18.8370551542929,-7.5718653304540195,-3.4460419993211695,0.00019590232897611623,upper,0.1
540,phase2,upper,-15.0,2,-15.004799151887145,-17.235400565522323,-18.8370551542929,-7.5718653304540195,-3.4460419993211695,0.00022150652587613135,upper,0.1
541,phase2,lower,-20.0,4,-15.004799151887145,-17.64536666852609,-19.071141296694517,-7.520046459446937,-3.3850749929228074,0.002218998342270115,upper,0.1
542,phase2,upper,-15.0,2,-15.002426282091427,-17.64536666852609,-19.071141296694517,-7.520046459446937,-3.3850749929228074,0.0011974643284361425,upper,0.1
543,phase2,lower,-20.0,4,-15.002426282091427,-18.03686641344734,-19.271273325403392,-7.4558388108923825,-3.321925912702876,0.00682903495363478,upper,0.1
544,phase2,upper,-15.0,2,-14.99598130921462,-18.03686641344734,-19.271273325403392,-7.4558388108923825,-3.321925912702876,0.0033921198623556685,upper,0.1
545,phase2,upper,-15.0,2,-14.992841380608207,-18.03686641344734,-19.271273325403392,-7.4558388108923825,-3.321925912702876,0.0015337461432663247,upper,0.1
546,phase2,upper,-15.0,2,-14.991520817079449,-18.03686641344734,-19.271273325403392,-7.4558388108923825,-3.321925912702876,0.0005421597484631788,upper,0.1
547,phase2,lower,-20.0,4,-14.991520817079449,-18.409819160869326,-19.440217299933572,-7.381271987368532,-3.257794799588042,0.010609961037956018,upper,0.1
548,phase2,upper,-15.0,2,-14.982134310701227,-18.409819160869326,-19.440217299933572,-7.381271987368532,-3.257794799588042,0.004959126691016309,upper,0.1
549,phase2,upper,-15.0,2,-14.978176710682304,-18.409819160869326,-19.440217299933572,-7.381271987368532,-3.257794799588042,0.0019395066599039886,upper,0.1
550,phase2,upper,-15.0,2,-14.977161850782508,-18.409819160869326,-19.440217299933572,-7.381271987368532,-3.257794799588042,0.0003614222322927469,upper,0.1
551,phase2,upper,-15.0,2,-14.977711456016275,-18.409819160869326,-19.440217299933572,-7.381271987368532,-3.257794799588042,-0.0004293079108465812,upper,0.1
552,phase2,upper,-15.0,2,-14.979059503124304,-18.409819160869326,-19.440217299933572,-7.381271987368532,-3.257794799588042,-0.0007924668968824884,upper,0.1
553,phase2,upper,-15.0,2,-14.98077931853804,-18.409819160869326,-19.440217299933572,-7.381271987368532,-3.257794799588042,-0.000925930117154544,upper,0.1
554,phase2,upper,-15.0,2,-14.98263311824183,-18.409819160869326,-19.440217299933572,-7.381271987368532,-3.257794799588042,-0.0009384845674129314,upper,0.1
555,phase2,upper,-15.0,2,-14.984488883622795,-18.409819160869326,-19.440217299933572,-7.381271987368532,-3.257794799588042,-0.0008898622564510783,upper,0.1
556,phase2,upper,-15.0,2,-14.986274293294393,-18.409819160869326,-19.440217299933572,-7.381271987368532,-3.257794799588042,-0.000812757969305731,upper,0.1
557,phase2,upper,-15.0,2,-14.987951069670553,-18.409819160869326,-19.440217299933572,-7.381271987368532,-3.257794799588042,-0.0007249461277874271,upper,0.1
558,phase2,upper,-15.0,2,-14.989500592093977,-18.409819160869326,-19.440217299933572,-7.381271987368532,-3.257794799588042,-0.0006359551307419602,upper,0.1
559,phase2,upper,-15.0,2,-14.990915745110748,-18.409819160869326,-19.440217299933572,-7.381271987368532,-3.257794799588042,-0.0005507488453249973,upper,0.1
560,phase2,upper,-15.0,2,-14.992196232503128,-18.409819160869326,-19.440217299933572,-7.381271987368532,-3.257794799588042,-0.0004717613720438814,upper,0.1
561,phase2,upper,-15.0,2,-14.99334583077596,-18.409819160869326,-19.440217299933572,-7.381271987368532,-3.257794799588042,-0.00040002492378837546,upper,0.1
562,phase2,upper,-15.0,2,-14.994370739107714,-18.409819160869326,-19.440217299933572,-7.381271987368532,-3.257794799588042,-0.0003357975583466228,upper,0.1
563,phase2,upper,-15.0,2,-14.995278558569106,-18.409819160869326,-19.440217299933572,-7.381271987368532,-3.257794799588042,-0.00027891448105906954,upper,0.1
564,phase2,upper,-15.0,2,-14.996077640248803,-18.409819160869326,-19.440217299933572,-7.381271987368532,-3.257794799588042,-0.0002289860604389115,upper,0.1
565,phase2,upper,-15.0,2,-14.996776655927373,-18.409819160869326,-19.440217299933572,-7.381271987368532,-3.257794799588042,-0.00018551042197507842,upper,0.1
566,phase2,upper,-15.0,2,-14.997384307922426,-18.409819160869326,-19.440217299933572,-7.381271987368532,-3.257794799588042,-0.0001479380935718964,upper,0.1
567,phase2,upper,-15.0,2,-14.997909129658805,-18.409819160869326,-19.440217299933572,-7.381271987368532,-3.257794799588042,-0.0001157094574826241,upper,0.1
568,phase2,upper,-15.0,2,-14.998359348015729,-18.409819160869326,-19.440217299933572,-7.381271987368532,-3.257794799588042,-8.827655833530339e-05,upper,0.1
569,phase2,upper,-15.0,2,-14.998742789498262,-18.409819160869326,-19.440217299933572,-7.381271987368532,-3.257794799588042,-6.511574090958725e-05,upper,0.1
570,phase2,upper,-15.0,2,-14.999066818581536,-18.409819160869326,-19.440217299933572,-7.381271987368532,-3.257794799588042,-4.5734785616986456e-05,upper,0.1
571,phase2,upper,-15.0,2,-14.999338300274513,-18.409819160869326,-19.440217299933572,-7.381271987368532,-3.257794799588042,-2.967665277345056e-05,upper,0.1
572,phase2,upper,-15.0,2,-14.999563581196139,-18.409819160869326,-19.440217299933572,-7.381271987368532,-3.257794799588042,-1.652107755204405e-05,upper,0.1
573,phase2,upper,-15.0,2,-14.99974848488309,-18.409819160869326,-19.440217299933572,-7.381271987368532,-3.257794799588042,-5.8847675724351366e-06,upper,0.1
574,phase2,upper,-15.0,2,-14.999898318003938,-18.409819160869326,-19.440217299933572,-7.381271987368532,-3.257794799588042,2.5793250850257628e-06,upper,0.1
575,phase2,upper,-15.0,2,-15.000017884832241,-18.409819160869326,-19.440217299933572,-7.381271987368532,-3.257794799588042,9.183349289017607e-06,upper,0.1
576,phase2,upper,-15.0,2,-15.000111507838287,-18.409819160869326,-19.440217299933572,-7.381271987368532,-3.257794799588042,1.4206307955409355e-05,upper,0.1
577,phase2,upper,-15.0,2,-15.00018305265611,-18.409819160869326,-19.440217299933572,-7.381271987368532,-3.257794799588042,1.7896070595344843e-05,upper,0.1
578,phase2,upper,-15.0,2,-15.00023595600386,-18.409819160869326,-19.440217299933572,-7.381271987368532,-3.257794799588042,2.047153729058719e-05,upper,0.1
579,phase2,lower,-20.0,4,-15.00023595600386,-18.762840550392188,-19.579630621363307,-7.297548242031596,-3.193218216967944,0.014020479390870012,upper,0.1
580,phase2,upper,-15.0,2,-14.987673248333353,-18.762840550392188,-19.579630621363307,-7.297548242031596,-3.193218216967944,0.0068821287219570145,upper,0.1
581,phase2,upper,-15.0,2,-14.981901609434223,-18.762840550392188,-19.579630621363307,-7.297548242031596,-3.193218216967944,0.003040445449316312,upper,0.1
582,phase2,upper,-15.0,2,-14.97982351656017,-18.762840550392188,-19.579630621363307,-7.297548242031596,-3.193218216967944,0.001006114275921464,upper,0.1
583,phase2,upper,-15.0,2,-14.979725510385714,-18.762840550392188,-19.579630621363307,-7.297548242031596,-3.193218216967944,-3.962380734480139e-05,upper,0.1
584,phase2,upper,-15.0,2,-14.980657901481466,-18.762840550392188,-19.579630621363307,-7.297548242031596,-3.193218216967944,-0.0005469446838048362,upper,0.1
585,phase2,upper,-15.0,2,-14.982093422186615,-18.762840550392188,-19.579630621363307,-7.297548242031596,-3.193218216967944,-0.00076337150654521,upper,0.1
586,phase2,lower,-20.0,4,-14.982093422186615,-19.09520659184519,-19.69145663939548,-7.206022994459015,-3.12881491304808,0.01697103268253684,upper,0.1
587,phase2,upper,-15.0,2,-14.967778230946056,-19.09520659184519,-19.69145663939548,-7.206022994459015,-3.12881491304808,0.007864895115676708,upper,0.1
588,phase2,upper,-15.0,2,-14.96212998547218,-19.09520659184519,-19.69145663939548,-7.206022994459015,-3.12881491304808,0.003015859946784193,upper,0.1
589,phase2,lower,-20.0,4,-14.96212998547218,-19.402117322648113,-19.774612034419217,-7.105884609566805,-3.0636564998193956,0.020635386665568474,upper,0.1
590,phase2,upper,-15.0,2,-14.945275449759533,-19.402117322648113,-19.774612034419217,-7.105884609566805,-3.0636564998193956,0.009129797136066781,upper,0.1
591,phase2,upper,-15.0,2,-14.939414705183147,-19.402117322648113,-19.774612034419217,-7.105884609566805,-3.0636564998193956,0.003043910645605237,upper,0.1
592,phase2,upper,-15.0,2,-14.939417407870883,-19.402117322648113,-19.774612034419217,-7.105884609566805,-3.0636564998193956,-7.924262396882733e-05,upper,0.1
593,phase2,upper,-15.0,2,-14.942444582584335,-19.402117322648113,-19.774612034419217,-7.105884609566805,-3.0636564998193956,-0.0015902795779489448,upper,0.1
594,phase2,upper,-15.0,2,-14.946924013777938,-19.402117322648113,-19.774612034419217,-7.105884609566805,-3.0636564998193956,-0.002231563354054472,upper,0.1
595,phase2,upper,-15.0,2,-14.951985881929383,-19.402117322648113,-19.774612034419217,-7.105884609566805,-3.0636564998193956,-0.0024109341281970064,upper,0.1
596,phase2,upper,-15.0,2,-14.957151442653243,-19.402117322648113,-19.774612034419217,-7.105884609566805,-3.0636564998193956,-0.0023521664641716223,upper,0.1
597,phase2,upper,-15.0,2,-14.962160898877258,-19.402117322648113,-19.774612034419217,-7.105884609566805,-3.0636564998193956,-0.0021776927112834086,upper,0.1
598,phase2,upper,-15.0,2,-14.966877902194325,-19.402117322648113,-19.774612034419217,-7.105884609566805,-3.0636564998193956,-0.0019541052732890644,upper,0.1
599,phase2,upper,-15.0,2,-14.971236295306515,-19.402117322648113,-19.774612034419217,-7.105884609566805,-3.0636564998193956,-0.0017172016651212894,upper,0.1
600,phase2,upper,-15.0,2,-14.975210187489674,-19.402117322648113,-19.774612034419217,-7.105884609566805,-3.0636564998193956,-0.0014857829951045677,upper,0.1
601,phase2,upper,-15.0,2,-14.978796960423367,-19.402117322648113,-19.774612034419217,-7.105884609566805,-3.0636564998193956,-0.0012692669014821617,upper,0.1
602,phase2,upper,-15.0,2,-14.982007475551844,-19.402117322648113,-19.774612034419217,-7.105884609566805,-3.0636564998193956,-0.0010718962264824005,upper,0.1
603,phase2,upper,-15.0,2,-14.984860323001582,-19.402117322648113,-19.774612034419217,-7.105884609566805,-3.0636564998193956,-0.0008950722082897235,upper,0.1
604,phase2,upper,-15.0,2,-14.987378364514973,-19.402117322648113,-19.774612034419217,-7.105884609566805,-3.0636564998193956,-0.00073865280468091,upper,0.1
605,phase2,upper,-15.0,2,-14.98958659994649,-19.402117322648113,-19.774612034419217,-7.105884609566805,-3.0636564998193956,-0.0006016786271871757,upper,0.1
606,phase2,upper,-15.0,2,-14.991510814859422,-19.402117322648113,-19.774612034419217,-7.105884609566805,-3.0636564998193956,-0.00048278115556530125,upper,0.1
607,phase2,upper,-15.0,2,-14.99317670290781,-19.402117322648113,-19.774612034419217,-7.105884609566805,-3.0636564998193956,-0.0003804136696900944,upper,0.1
608,phase2,upper,-15.0,2,-14.994609287372668,-19.402117322648113,-19.774612034419217,-7.105884609566805,-3.0636564998193956,-0.0002929825163215712,upper,0.1
609,phase2,upper,-15.0,2,-14.995832538897284,-19.402117322648113,-19.774612034419217,-7.105884609566805,-3.0636564998193956,-0.000218921758424107,upper,0.1
610,phase2,lower,-20.0,4,-14.995832538897284,-19.689563823407802,-19.835434569859604,-7.001492852668988,-3.000532428728123,0.022166244746285646,upper,0.1
611,phase2,upper,-15.0,2,-14.97672247734792,-19.689563823407802,-19.835434569859604,-7.001492852668988,-3.000532428728123,0.01081199637760478,upper,0.1
612,phase2,upper,-15.0,2,-14.968326158890587,-19.689563823407802,-19.835434569859604,-7.001492852668988,-3.000532428728123,0.0047196555908900414,upper,0.1
613,phase2,upper,-15.0,2,-14.965706781527139,-19.689563823407802,-19.835434569859604,-7.001492852668988,-3.000532428728123,0.0015089641464055784,upper,0.1
614,phase2,upper,-15.0,2,-14.966139497484152,-19.689563823407802,-19.835434569859604,-7.001492852668988,-3.000532428728123,-0.00012823359045715068,upper,0.1
615,phase2,upper,-15.0,2,-14.968119560042863,-19.689563823407802,-19.835434569859604,-7.001492852668988,-3.000532428728123,-0.0009108308253424481,upper,0.1
616,phase2,upper,-15.0,2,-14.970816517978564,-19.689563823407802,-19.835434569859604,-7.001492852668988,-3.000532428728123,-0.0012337713857715142,upper,0.1
617,phase2,upper,-15.0,2,-14.973773577022568,-19.689563823407802,-19.835434569859604,-7.001492852668988,-3.000532428728123,-0.0013138526079582275,upper,0.1
618,phase2,upper,-15.0,2,-14.97674175914949,-19.689563823407802,-19.835434569859604,-7.001492852668988,-3.000532428728123,-0.0012698661370440542,upper,0.1
619,phase2,upper,-15.0,2,-14.979588215005052,-19.689563823407802,-19.835434569859604,-7.001492852668988,-3.000532428728123,-0.0011666597627669605,upper,0.1
620,phase2,upper,-15.0,2,-14.982245362441093,-19.689563823407802,-19.835434569859604,-7.001492852668988,-3.000532428728123,-0.001039373005144595,upper,0.1
621,phase2,upper,-15.0,2,-14.984682532250257,-19.689563823407802,-19.835434569859604,-7.001492852668988,-3.000532428728123,-0.0009067758298799756,upper,0.1
622,phase2,upper,-15.0,2,-14.98689004790605,-19.689563823407802,-19.835434569859604,-7.001492852668988,-3.000532428728123,-0.0007786166223324594,upper,0.1
623,phase2,upper,-15.0,2,-14.9888701967934,-19.689563823407802,-19.835434569859604,-7.001492852668988,-3.000532428728123,-0.0006596752543088362,upper,0.1
624,phase2,upper,-15.0,2,-14.990632040172251,-19.689563823407802,-19.835434569859604,-7.001492852668988,-3.000532428728123,-0.0005520027623117775,upper,0.1
625,phase2,upper,-15.0,2,-14.99218837764106,-19.689563823407802,-19.835434569859604,-7.001492852668988,-3.000532428728123,-0.0004561619999197936,upper,0.1
626,phase2,upper,-15.0,2,-14.993553934395399,-19.689563823407802,-19.835434569859604,-7.001492852668988,-3.000532428728123,-0.00037191706483196443,upper,0.1
627,phase2,upper,-15.0,2,-14.994744253662637,-19.689563823407802,-19.835434569859604,-7.001492852668988,-3.000532428728123,-0.00029861787810570695,upper,0.1
628,phase2,upper,-15.0,2,-14.995775004810877,-19.689563823407802,-19.835434569859604,-7.001492852668988,-3.000532428728123,-0.00023541559517748138,upper,0.1
629,phase2,lower,-20.0,4,-14.995775004810877,-19.954362772088643,-19.8736272201197,-6.892491159296166,-2.9387192987237936,0.024162551741912744,upper,0.1
630,phase2,upper,-15.0,2,-14.974703372936743,-19.954362772088643,-19.8736272201197,-6.892491159296166,-2.9387192987237936,0.01177362032028637,upper,0.1
631,phase2,upper,-15.0,2,-14.965359701199004,-19.954362772088643,-19.8736272201197,-6.892491159296166,-2.9387192987237936,0.005122907934589336,upper,0.1
632,phase2,upper,-15.0,2,-14.962355827154433,-19.954362772088643,-19.8736272201197,-6.892491159296166,-2.9387192987237936,0.0016156228026092557,upper,0.1
633,phase2,upper,-15.0,2,-14.962715264675182,-19.954362772088643,-19.8736272201197,-6.892491159296166,-2.9387192987237936,-0.00017445518820959733,upper,0.1
634,phase2,upper,-15.0,2,-14.96479210077034,-19.954362772088643,-19.8736272201197,-6.892491159296166,-2.9387192987237936,-0.00103124072364803,upper,0.1
635,phase2,upper,-15.0,2,-14.9676760509389,-19.954362772088643,-19.8736272201197,-6.892491159296166,-2.9387192987237936,-0.001385519914922359,upper,0.1
636,phase2,upper,-15.0,2,-14.970864728673877,-19.954362772088643,-19.8736272201197,-6.892491159296166,-2.9387192987237936,-0.001473869347105753,upper,0.1
637,phase2,upper,-15.0,2,-14.974082835553329,-19.954362772088643,-19.8736272201197,-6.892491159296166,-2.9387192987237936,-0.0014260079178303859,upper,0.1
638,phase2,upper,-15.0,2,-14.977182174354523,-19.954362772088643,-19.8736272201197,-6.892491159296166,-2.9387192987237936,-0.0013128249623739192,upper,0.1
639,phase2,upper,-15.0,2,-14.98008616174669,-19.954362772088643,-19.8736272201197,-6.892491159296166,-2.9387192987237936,-0.0011727989575847822,upper,0.1
640,phase2,lower,-20.0,4,-14.98008616174669,-20.197344735953575,-19.891572617477465,-6.780364602004775,-2.878870968752053,0.025587667927883914,upper,0.1
641,phase2,upper,-15.0,2,-14.958674454547893,-20.197344735953575,-19.891572617477465,-6.780364602004775,-2.878870968752053,0.012086089591330658,upper,0.1
642,phase2,upper,-15.0,2,-14.9500243987176,-20.197344735953575,-19.891572617477465,-6.780364602004775,-2.878870968752053,0.004882885768360195,upper,0.1
643,phase2,upper,-15.0,2,-14.948211461710738,-20.197344735953575,-19.891572617477465,-6.780364602004775,-2.878870968752053,0.0011256954046440753,upper,0.1
644,phase2,upper,-15.0,2,-14.949964962747844,-20.197344735953575,-19.891572617477465,-6.780364602004775,-2.878870968752053,-0.0007530689792866371,upper,0.1
645,phase2,upper,-15.0,2,-14.953479004435382,-20.197344735953575,-19.891572617477465,-6.780364602004775,-2.878870968752053,-0.001614789752858872,upper,0.1
646,phase2,upper,-15.0,2,-14.957757935957346,-20.197344735953575,-19.891572617477465,-6.780364602004775,-2.878870968752053,-0.0019325709788440724,upper,0.1
647,phase2,upper,-15.0,2,-14.962255648826236,-20.197344735953575,-19.891572617477465,-6.780364602004775,-2.878870968752053,-0.0019659657919993646,upper,0.1
648,phase2,upper,-15.0,2,-14.966676455226054,-20.197344735953575,-19.891572617477465,-6.780364602004775,-2.878870968752053,-0.0018570244264610642,upper,0.1
649,phase2,upper,-15.0,2,-14.970864878198887,-20.197344735953575,-19.891572617477465,-6.780364602004775,-2.878870968752053,-0.0016831092231728126,upper,0.1
650,phase2,upper,-15.0,2,-14.974744414805883,-20.197344735953575,-19.891572617477465,-6.780364602004775,-2.878870968752053,-0.0014859507258353057,upper,0.1
651,phase2,upper,-15.0,2,-14.9782833163073,-20.197344735953575,-19.891572617477465,-6.780364602004775,-2.878870968752053,-0.0012876442851479767,upper,0.1
652,phase2,upper,-15.0,2,-14.98147530976271,-20.197344735953575,-19.891572617477465,-6.780364602004775,-2.878870968752053,-0.0010994659866136645,upper,0.1
653,phase2,upper,-15.0,2,-14.984328614538077,-20.197344735953575,-19.891572617477465,-6.780364602004775,-2.878870968752053,-0.0009267383556920136,upper,0.1
654,phase2,upper,-15.0,2,-14.986859590894328,-20.197344735953575,-19.891572617477465,-6.780364602004775,-2.878870968752053,-0.0007715212928953532,upper,0.1
655,phase2,upper,-15.0,2,-14.989088998065426,-20.197344735953575,-19.891572617477465,-6.780364602004775,-2.878870968752053,-0.0006341042860145609,upper,0.1
656,phase2,upper,-15.0,2,-14.991039741371186,-20.197344735953575,-19.891572617477465,-6.780364602004775,-2.878870968752053,-0.0005138367078333073,upper,0.1
657,phase2,upper,-15.0,2,-14.99273548450564,-20.197344735953575,-19.891572617477465,-6.780364602004775,-2.878870968752053,-0.00040959163693634015,upper,0.1
658,phase2,upper,-15.0,2,-14.994199776884614,-20.197344735953575,-19.891572617477465,-6.780364602004775,-2.878870968752053,-0.00032002597541389846,upper,0.1
659,phase2,upper,-15.0,2,-14.995455497185272,-20.197344735953575,-19.891572617477465,-6.780364602004775,-2.878870968752053,-0.0002437266983637467,upper,0.1
660,phase2,upper,-15.0,2,-14.99652449809876,-20.197344735953575,-19.891572617477465,-6.780364602004775,-2.878870968752053,-0.00017929294699360057,upper,0.1
661,phase2,upper,-15.0,2,-14.997427384132209,-20.197344735953575,-19.891572617477465,-6.780364602004775,-2.878870968752053,-0.0001253815867601896,upper,0.1
662,phase2,upper,-15.0,2,-14.99818338067895,-20.197344735953575,-19.891572617477465,-6.780364602004775,-2.878870968752053,-8.073167286700857e-05,upper,0.1
663,phase2,upper,-15.0,2,-14.998810267669496,-20.197344735953575,-19.891572617477465,-6.780364602004775,-2.878870968752053,-4.4176535689405884e-05,upper,0.1
664,phase2,upper,-15.0,2,-14.999324359946726,-20.197344735953575,-19.891572617477465,-6.780364602004775,-2.878870968752053,-1.4648466843038781e-05,upper,0.1
665,phase2,upper,-15.0,2,-14.999740521841481,-20.197344735953575,-19.891572617477465,-6.780364602004775,-2.878870968752053,8.821094362459662e-06,upper,0.1
666,phase2,upper,-15.0,2,-15.000072206781576,-20.197344735953575,-19.891572617477465,-6.780364602004775,-2.878870968752053,2.7104144733830027e-05,upper,0.1
667,phase2,upper,-15.0,2,-15.00033151498844,-20.197344735953575,-19.891572617477465,-6.780364602004775,-2.878870968752053,4.098040870802805e-05,upper,0.1
668,phase2,upper,-15.0,2,-15.000529263866698,-20.197344735953575,-19.891572617477465,-6.780364602004775,-2.878870968752053,5.11426620685767e-05,upper,0.1
669,phase2,upper,-15.0,2,-15.000675066832507,-20.197344735953575,-19.891572617477465,-6.780364602004775,-2.878870968752053,5.820264296485098e-05,upper,0.1
670,phase2,upper,-15.0,2,-15.00077741720315,-20.197344735953575,-19.891572617477465,-6.780364602004775,-2.878870968752053,6.269724746590637e-05,upper,0.1
671,phase2,upper,-15.0,2,-15.000843774467144,-20.197344735953575,-19.891572617477465,-6.780364602004775,-2.878870968752053,6.509479815708635e-05,upper,0.1
672,phase2,upper,-15.0,2,-15.000880650821067,-20.197344735953575,-19.891572617477465,-6.780364602004775,-2.878870968752053,6.580123561494706e-05,upper,0.1
673,phase2,upper,-15.0,2,-15.000893696326854,-20.197344735953575,-19.891572617477465,-6.780364602004775,-2.878870968752053,6.516612568892398e-05,upper,0.1
674,phase2,upper,-15.0,2,-15.000887781431839,-20.197344735953575,-19.891572617477465,-6.780364602004775,-2.878870968752053,6.348840702259702e-05,upper,0.1
675,phase2,upper,-15.0,2,-15.000867075916815,-20.197344735953575,-19.891572617477465,-6.780364602004775,-2.878870968752053,6.10218270130174e-05,upper,0.1
676,phase2,upper,-15.0,2,-15.000835123605599,-20.197344735953575,-19.891572617477465,-6.780364602004775,-2.878870968752053,5.798003271932408e-05,upper,0.1
677,phase2,upper,-15.0,2,-15.000794912390782,-20.197344735953575,-19.891572617477465,-6.780364602004775,-2.878870968752053,5.454129751713261e-05,upper,0.1
678,phase2,upper,-15.0,2,-15.000748939311544,-20.197344735953575,-19.891572617477465,-6.780364602004775,-2.878870968752053,5.085287547425972e-05,upper,0.1
679,phase2,upper,-15.0,2,-15.000699270565953,-20.197344735953575,-19.891572617477465,-6.780364602004775,-2.878870968752053,4.7034984138994145e-05,upper,0.1
680,phase2,upper,-15.0,2,-15.000647596457362,-20.197344735953575,-19.891572617477465,-6.780364602004775,-2.878870968752053,4.3184423148818785e-05,upper,0.1
681,phase2,upper,-15.0,2,-15.000595281366332,-20.197344735953575,-19.891572617477465,-6.780364602004775,-2.878870968752053,3.9377841146026325e-05,upper,0.1
682,phase2,upper,-15.0,2,-15.00054340891002,-20.197344735953575,-19.891572617477465,-6.780364602004775,-2.878870968752053,3.567466721611332e-05,upper,0.1
683,phase2,upper,-15.0,2,-15.000492822503366,-20.197344735953575,-19.891572617477465,-6.780364602004775,-2.878870968752053,3.211972568218983e-05,upper,0.1
684,phase2,upper,-15.0,2,-15.000444161573673,-20.197344735953575,-19.891572617477465,-6.780364602004775,-2.878870968752053,2.8745554793193587e-05,upper,0.1
685,phase2,upper,-15.0,2,-15.000397893704887,-20.197344735953575,-19.891572617477465,-6.780364602004775,-2.878870968752053,2.5574450806527107e-05,upper,0.1
686,phase2,upper,-15.0,2,-15.000354343002353,-20.197344735953575,-19.891572617477465,-6.780364602004775,-2.878870968752053,2.262025932896427e-05,upper,0.1
687,phase2,upper,-15.0,2,-15.00031371497482,-20.197344735953575,-19.891572617477465,-6.780364602004775,-2.878870968752053,1.9889935669330564e-05,upper,0.1
688,phase2,upper,-15.0,2,-15.000276118229943,-20.197344735953575,-19.891572617477465,-6.780364602004775,-2.878870968752053,1.738489547287035e-05,upper,0.1
689,phase2,upper,-15.0,2,-15.000241583273638,-20.197344735953575,-19.891572617477465,-6.780364602004775,-2.878870968752053,1.5102176145837203e-05,upper,0.1
690,phase2,upper,-15.0,2,-15.000210078693822,-20.197344735953575,-19.891572617477465,-6.780364602004775,-2.878870968752053,1.303542860490242e-05,upper,0.1
691,phase2,lower,-20.0,4,-15.000210078693822,-20.41675579222022,-19.88968775641132,-6.665177780598527,-2.820617323122341,0.027206778093844527,upper,0.1
692,phase2,upper,-15.0,2,-14.97570715659758,-20.41675579222022,-19.88968775641132,-6.665177780598527,-2.820617323122341,0.013336109663737938,upper,0.1
693,phase2,upper,-15.0,2,-14.964423228483465,-20.41675579222022,-19.88968775641132,-6.665177780598527,-2.820617323122341,0.005870579785651486,upper,0.1
694,phase2,upper,-15.0,2,-14.960336967943672,-20.41675579222022,-19.88968775641132,-6.665177780598527,-2.820617323122341,0.0019170344635295758,upper,0.1
695,phase2,upper,-15.0,2,-14.960116045363925,-20.41675579222022,-19.88968775641132,-6.665177780598527,-2.820617323122341,-0.00011514731519170879,upper,0.1
696,phase2,upper,-15.0,2,-14.96191221397643,-20.41675579222022,-19.88968775641132,-6.665177780598527,-2.820617323122341,-0.001100612580931244,upper,0.1
697,phase2,upper,-15.0,2,-14.964698223163962,-20.41675579222022,-19.88968775641132,-6.665177780598527,-2.820617323122341,-0.0015203425375408574,upper,0.1
698,phase2,upper,-15.0,2,-14.967902536422404,-20.41675579222022,-19.88968775641132,-6.665177780598527,-2.820617323122341,-0.0016387807007573324,upper,0.1
699,phase2,upper,-15.0,2,-14.971207783686971,-20.41675579222022,-19.88968775641132,-6.665177780598527,-2.820617323122341,-0.0016011954336492857,upper,0.1
700,phase2,upper,-15.0,2,-14.974439282146333,-20.41675579222022,-19.88968775641132,-6.665177780598527,-2.820617323122341,-0.0014872142206619286,upper,0.1
701,phase2,upper,-15.0,2,-14.977503144295978,-20.41675579222022,-19.88968775641132,-6.665177780598527,-2.820617323122341,-0.0013402732621398835,upper,0.1
702,phase2,upper,-15.0,2,-14.980351723079801,-20.41675579222022,-19.88968775641132,-6.665177780598527,-2.820617323122341,-0.0011838296132584388,upper,0.1
703,phase2,upper,-15.0,2,-14.982964160175907,-20.41675579222022,-19.88968775641132,-6.665177780598527,-2.820617323122341,-0.0010302956781270004,upper,0.1
704,phase2,upper,-15.0,2,-14.985335306753198,-20.41675579222022,-19.88968775641132,-6.665177780598527,-2.820617323122341,-0.0008859708349772232,upper,0.1
705,phase2,upper,-15.0,2,-14.987469310065798,-20.41675579222022,-19.88968775641132,-6.665177780598527,-2.820617323122341,-0.0007537698460421177,upper,0.1
706,phase2,upper,-15.0,2,-14.989375821294207,-20.41675579222022,-19.88968775641132,-6.665177780598527,-2.820617323122341,-0.0006347372695594078,upper,0.1
707,phase2,upper,-15.0,2,-14.991067693839794,-20.41675579222022,-19.88968775641132,-6.665177780598527,-2.820617323122341,-0.0005288918129894636,upper,0.1
708,phase2,upper,-15.0,2,-14.992559543997732,-20.41675579222022,-19.88968775641132,-6.665177780598527,-2.820617323122341,-0.00043569989580885353,upper,0.1
709,phase2,upper,-15.0,2,-14.993866822790817,-20.41675579222022,-19.88968775641132,-6.665177780598527,-2.820617323122341,-0.00035434322919724286,upper,0.1
710,phase2,upper,-15.0,2,-14.995005200489363,-20.41675579222022,-19.88968775641132,-6.665177780598527,-2.820617323122341,-0.00028387130727812004,upper,0.1
711,phase2,upper,-15.0,2,-14.99599014986202,-20.41675579222022,-19.88968775641132,-6.665177780598527,-2.820617323122341,-0.00022328905823568529,upper,0.1
712,phase2,upper,-15.0,2,-14.996836661201424,-20.41675579222022,-19.88968775641132,-6.665177780598527,-2.820617323122341,-0.0001716075358456604,upper,0.1
713,phase2,upper,-15.0,2,-14.997559048512134,-20.41675579222022,-19.88968775641132,-6.665177780598527,-2.820617323122341,-0.00012787320896121327,upper,0.1
714,phase2,upper,-15.0,2,-14.998170821201745,-20.41675579222022,-19.88968775641132,-6.665177780598527,-2.820617323122341,-9.118460488789345e-05,upper,0.1
715,phase2,upper,-15.0,2,-14.99868460426926,-20.41675579222022,-19.88968775641132,-6.665177780598527,-2.820617323122341,-6.0701297262391243e-05,upper,0.1
716,phase2,upper,-15.0,2,-14.999112095135862,-20.41675579222022,-19.88968775641132,-6.665177780598527,-2.820617323122341,-3.564813466484192e-05,upper,0.1
717,phase2,upper,-15.0,2,-14.99946404845047,-20.41675579222022,-19.88968775641132,-6.665177780598527,-2.820617323122341,-1.5316432503082407e-05,upper,0.1
718,phase2,upper,-15.0,2,-14.999750282273277,-20.41675579222022,-19.88968775641132,-6.665177780598527,-2.820617323122341,9.368146075123103e-07,upper,0.1
719,phase2,upper,-15.0,2,-14.999979700462697,-20.41675579222022,-19.88968775641132,-6.665177780598527,-2.820617323122341,1.369102638706216e-05,upper,0.1
720,phase2,upper,-15.0,2,-15.000160327123975,-20.41675579222022,-19.88968775641132,-6.665177780598527,-2.820617323122341,2.346498946283925e-05,upper,0.1
721,phase2,upper,-15.0,2,-15.000299349766358,-20.41675579222022,-19.88968775641132,-6.665177780598527,-2.820617323122341,3.07203605171546e-05,upper,0.1
722,phase2,lower,-20.0,4,-15.000299349766358,-20.614021340314864,-19.870486568036075,-6.548434831948187,-2.7646516264263443,0.028210491992151948,upper,0.1
723,phase2,upper,-15.0,2,-14.975041373973806,-20.614021340314864,-19.870486568036075,-6.548434831948187,-2.7646516264263443,0.01384395359917985,upper,0.1
724,phase2,upper,-15.0,2,-14.963449228729987,-20.614021340314864,-19.870486568036075,-6.548434831948187,-2.7646516264263443,0.006112845652402171,upper,0.1
725,phase2,upper,-15.0,2,-14.959288391197497,-20.614021340314864,-19.870486568036075,-6.548434831948187,-2.7646516264263443,0.0020194363514970852,upper,0.1
726,phase2,upper,-15.0,2,-14.959110231406179,-20.614021340314864,-19.870486568036075,-6.548434831948187,-2.7646516264263443,-8.428448858901539e-05,upper,0.1
727,phase2,upper,-15.0,2,-14.961003456644422,-20.614021340314864,-19.870486568036075,-6.548434831948187,-2.7646516264263443,-0.0011044292293570326,upper,0.1
728,phase2,upper,-15.0,2,-14.96390702928276,-20.614021340314864,-19.870486568036075,-6.548434831948187,-2.7646516264263443,-0.0015392038531797582,upper,0.1
729,phase2,upper,-15.0,2,-14.96723168649148,-20.614021340314864,-19.870486568036075,-6.548434831948187,-2.7646516264263443,-0.0016624553728980267,upper,0.1
730,phase2,lower,-20.0,4,-14.96723168649148,-20.79116407292259,-19.836753302460686,-6.431791450145009,-2.711738774358924,0.028509973900956935,upper,0.1
731,phase2,upper,-15.0,2,-14.943495943267445,-20.79116407292259,-19.836753302460686,-6.431791450145009,-2.711738774358924,0.013159928802027711,upper,0.1
732,phase2,upper,-15.0,2,-14.934339973704237,-20.79116407292259,-19.836753302460686,-6.431791450145009,-2.711738774358924,0.0049951603832924275,upper,0.1
733,phase2,upper,-15.0,2,-14.93298763618283,-20.79116407292259,-19.836753302460686,-6.431791450145009,-2.711738774358924,0.0007607254130604587,upper,0.1
734,phase2,upper,-15.0,2,-14.935693967647463,-20.79116407292259,-19.836753302460686,-6.431791450145009,-2.711738774358924,-0.001332426871840612,upper,0.1
735,phase2,upper,-15.0,2,-14.940388159102637,-20.79116407292259,-19.836753302460686,-6.431791450145009,-2.711738774358924,-0.00226751948343149,upper,0.1
736,phase2,upper,-15.0,2,-14.945926382448429,-20.79116407292259,-19.836753302460686,-6.431791450145009,-2.711738774358924,-0.0025846687508390472,upper,0.1
737,phase2,upper,-15.0,2,-14.951679875662556,-20.79116407292259,-19.836753302460686,-6.431791450145009,-2.711738774358924,-0.002580239994004763,upper,0.1
738,phase2,upper,-15.0,2,-14.957307411713238,-20.79116407292259,-19.836753302460686,-6.431791450145009,-2.711738774358924,-0.002416442522138714,upper,0.1
739,phase2,upper,-15.0,2,-14.962629244433074,-20.79116407292259,-19.836753302460686,-6.431791450145009,-2.711738774358924,-0.002181601383958745,upper,0.1
740,phase2,upper,-15.0,2,-14.967556965103483,-20.79116407292259,-19.836753302460686,-6.431791450145009,-2.711738774358924,-0.001923322196911305,upper,0.1
741,phase2,upper,-15.0,2,-14.972054218483354,-20.79116407292259,-19.836753302460686,-6.431791450145009,-2.711738774358924,-0.0016667552171434296,upper,0.1
742,phase2,upper,-15.0,2,-14.976114498662424,-20.79116407292259,-19.836753302460686,-6.431791450145009,-2.711738774358924,-0.0014246654583719724,upper,0.1
743,phase2,upper,-15.0,2,-14.979748438799232,-20.79116407292259,-19.836753302460686,-6.431791450145009,-2.711738774358924,-0.0012029944045448219,upper,0.1
744,phase2,upper,-15.0,2,-14.982976412801797,-20.79116407292259,-19.836753302460686,-6.431791450145009,-2.711738774358924,-0.0010039389807872318,upper,0.1
745,phase2,upper,-15.0,2,-14.98582413841241,-20.79116407292259,-19.836753302460686,-6.431791450145009,-2.711738774358924,-0.0008276614690204849,upper,0.1
746,phase2,upper,-15.0,2,-14.988320000550605,-20.79116407292259,-19.836753302460686,-6.431791450145009,-2.711738774358924,-0.0006732429540007796,upper,0.1
747,phase2,upper,-15.0,2,-14.990493380522313,-20.79116407292259,-19.836753302460686,-6.431791450145009,-2.711738774358924,-0.000539217512762483,upper,0.1
748,phase2,upper,-15.0,2,-14.992373589224476,-20.79116407292259,-19.836753302460686,-6.431791450145009,-2.711738774358924,-0.00042387300092331656,upper,0.1
749,phase2,upper,-15.0,2,-14.99398917524918,-20.79116407292259,-19.836753302460686,-6.431791450145009,-2.711738774358924,-0.0003254210645697012,upper,0.1
750,phase2,upper,-15.0,2,-14.995367474711866,-20.79116407292259,-19.836753302460686,-6.431791450145009,-2.711738774358924,-0.00024209321875227332,upper,0.1
751,phase2,upper,-15.0,2,-14.996534323244788,-20.79116407292259,-19.836753302460686,-6.431791450145009,-2.711738774358924,-0.00017219461858850027,upper,0.1
752,phase2,upper,-15.0,2,-14.997513880891502,-20.79116407292259,-19.836753302460686,-6.431791450145009,-2.711738774358924,-0.00011413324166606377,upper,0.1
753,phase2,upper,-15.0,2,-14.998328538041068,-20.79116407292259,-19.836753302460686,-6.431791450145009,-2.711738774358924,-6.64345107851887e-05,upper,0.1
754,phase2,upper,-15.0,2,-14.998998880785255,-20.79116407292259,-19.836753302460686,-6.431791450145009,-2.711738774358924,-2.774711744944888e-05,upper,0.1
755,phase2,upper,-15.0,2,-14.999543700321823,-20.79116407292259,-19.836753302460686,-6.431791450145009,-2.711738774358924,3.1565777851243052e-06,upper,0.1
756,phase2,upper,-15.0,2,-14.999980034999018,-20.79116407292259,-19.836753302460686,-6.431791450145009,-2.711738774358924,2.7383536517411653e-05,upper,0.1
757,phase2,upper,-15.0,2,-15.000323236259419,-20.79116407292259,-19.836753302460686,-6.431791450145009,-2.711738774358924,4.592516275804122e-05,upper,0.1
758,phase2,upper,-15.0,2,-15.000587051627013,-20.79116407292259,-19.836753302460686,-6.431791450145009,-2.711738774358924,5.966373880093677e-05,upper,0.1
759,phase2,upper,-15.0,2,-15.000783719286535,-20.79116407292259,-19.836753302460686,-6.431791450145009,-2.711738774358924,6.937963302263316e-05,upper,0.1
760,phase2,upper,-15.0,2,-15.000924069896705,-20.79116407292259,-19.836753302460686,-6.431791450145009,-2.711738774358924,7.57589039673152e-05,upper,0.1
761,phase2,upper,-15.0,2,-15.001017632155829,-20.79116407292259,-19.836753302460686,-6.431791450145009,-2.711738774358924,7.940103438780868e-05,upper,0.1
762,phase2,upper,-15.0,2,-15.001072739356841,-20.79116407292259,-19.836753302460686,-6.431791450145009,-2.711738774358924,8.082660340130008e-05,upper,0.1
763,phase2,upper,-15.0,2,-15.00109663476528,-20.79116407292259,-19.836753302460686,-6.431791450145009,-2.711738774358924,8.048475800697248e-05,upper,0.1
764,phase2,upper,-15.0,2,-15.001095574151488,-20.79116407292259,-19.836753302460686,-6.431791450145009,-2.711738774358924,7.876038453919396e-05,upper,0.1
765,phase2,upper,-15.0,2,-15.001074924223996,-20.79116407292259,-19.836753302460686,-6.431791450145009,-2.711738774358924,7.598091064219686e-05,upper,0.1
766,phase2,upper,-15.0,2,-15.001039256057462,-20.79116407292259,-19.836753302460686,-6.431791450145009,-2.711738774358924,7.24226917084722e-05,upper,0.1
767,phase2,upper,-15.0,2,-15.000992432895337,-20.79116407292259,-19.836753302460686,-6.431791450145009,-2.711738774358924,6.831695409830272e-05,upper,0.1
768,phase2,upper,-15.0,2,-15.000937691943113,-20.79116407292259,-19.836753302460686,-6.431791450145009,-2.711738774358924,6.385528195010252e-05,upper,0.1
769,phase2,upper,-15.0,2,-15.000877719959611,-20.79116407292259,-19.836753302460686,-6.431791450145009,-2.711738774358924,5.9194645771745746e-05,upper,0.1
770,phase2,upper,-15.0,2,-15.000814722607597,-20.79116407292259,-19.836753302460686,-6.431791450145009,-2.711738774358924,5.4461979842768066e-05,upper,0.1
771,phase2,upper,-15.0,2,-15.000750487646311,-20.79116407292259,-19.836753302460686,-6.431791450145009,-2.711738774358924,4.975832220240703e-05,upper,0.1
772,phase2,upper,-15.0,2,-15.000686442142321,-20.79116407292259,-19.836753302460686,-6.431791450145009,-2.711738774358924,4.516253600790805e-05,upper,0.1
773,phase2,upper,-15.0,2,-15.000623703945566,-20.79116407292259,-19.836753302460686,-6.431791450145009,-2.711738774358924,4.073463462225156e-05,upper,0.1
774,phase2,upper,-15.0,2,-15.00056312772829,-20.79116407292259,-19.836753302460686,-6.431791450145009,-2.711738774358924,3.651873518143761e-05,upper,0.1
775,phase2,upper,-15.0,2,-15.00050534591917,-20.79116407292259,-19.836753302460686,-6.431791450145009,-2.711738774358924,3.254566681632431e-05,upper,0.1
776,phase2,upper,-15.0,2,-15.000450804886054,-20.79116407292259,-19.836753302460686,-6.431791450145009,-2.711738774358924,2.8835260346733454e-05,upper,0.1
777,phase2,upper,-15.0,2,-15.000399796730978,-20.79116407292259,-19.836753302460686,-6.431791450145009,-2.711738774358924,2.539834628280984e-05,upper,0.1
778,phase2,upper,-15.0,2,-15.000352487062521,-20.79116407292259,-19.836753302460686,-6.431791450145009,-2.711738774358924,2.2238487495696395e-05,upper,0.1
779,phase2,upper,-15.0,2,-15.000308939105139,-20.79116407292259,-19.836753302460686,-6.431791450145009,-2.711738774358924,1.935347207129153e-05,upper,0.1
780,phase2,upper,-15.0,2,-15.0002691344943,-20.79116407292259,-19.836753302460686,-6.431791450145009,-2.711738774358924,1.6736590731382556e-05,upper,0.1
781,phase2,upper,-15.0,2,-15.000232991091435,-20.79116407292259,-19.836753302460686,-6.431791450145009,-2.711738774358924,1.4377721878805353e-05,upper,0.1
782,phase2,upper,-15.0,2,-15.000200378135062,-20.79116407292259,-19.836753302460686,-6.431791450145009,-2.711738774358924,1.2264245862370064e-05,upper,0.1
783,phase2,upper,-15.0,2,-15.000171129024839,-20.79116407292259,-19.836753302460686,-6.431791450145009,-2.711738774358924,1.0381808519050902e-05,upper,0.1
784,phase2,upper,-15.0,2,-15.0001450520145,-20.79116407292259,-19.836753302460686,-6.431791450145009,-2.711738774358924,8.714952478945037e-06,upper,0.1
785,phase2,upper,-15.0,2,-15.000121939068379,-20.79116407292259,-19.836753302460686,-6.431791450145009,-2.711738774358924,7.247633149640928e-06,upper,0.1
786,phase2,upper,-15.0,2,-15.000101573114804,-20.79116407292259,-19.836753302460686,-6.431791450145009,-2.711738774358924,5.963634758153993e-06,upper,0.1
787,phase2,upper,-15.0,2,-15.000083733908681,-20.79116407292259,-19.836753302460686,-6.431791450145009,-2.711738774358924,4.846900339913433e-06,upper,0.1
788,phase2,upper,-15.0,2,-15.000068202695251,-20.79116407292259,-19.836753302460686,-6.431791450145009,-2.711738774358924,3.8817881459342455e-06,upper,0.1
789,phase2,upper,-15.0,2,-15.00005476584756,-20.79116407292259,-19.836753302460686,-6.431791450145009,-2.711738774358924,3.0532655966323776e-06,upper,0.1
790,phase2,upper,-15.0,2,-15.000043217631726,-20.79116407292259,-19.836753302460686,-6.431791450145009,-2.711738774358924,2.3470506574474024e-06,upper,0.1
791,phase2,upper,-15.0,2,-15.00003336223692,-20.79116407292259,-19.836753302460686,-6.431791450145009,-2.711738774358924,1.7497093445439713e-06,upper,0.1
792,phase2,upper,-15.0,2,-15.00002501519086,-20.79116407292259,-19.836753302460686,-6.431791450145009,-2.711738774358924,1.248716997858446e-06,upper,0.1
793,phase2,upper,-15.0,2,-15.000018004266916,-20.79116407292259,-19.836753302460686,-6.431791450145009,-2.711738774358924,8.324899767810446e-07,upper,0.1
794,phase2,upper,-15.0,2,-15.00001216997535,-20.79116407292259,-19.836753302460686,-6.431791450145009,-2.711738774358924,4.9039354318707e-07,upper,0.1
795,phase2,upper,-15.0,2,-15.000007365718885,-20.79116407292259,-19.836753302460686,-6.431791450145009,-2.711738774358924,2.1273089177619603e-07,upper,0.1
796,phase2,upper,-15.0,2,-15.000003457681771,-20.79116407292259,-19.836753302460686,-6.431791450145009,-2.711738774358924,-9.282434404811527e-09,upper,0.1
797,phase2,upper,-15.0,2,-15.000000324511417,-20.79116407292259,-19.836753302460686,-6.431791450145009,-2.711738774358924,-1.8355514870328136e-07,upper,0.1
798,phase2,upper,-15.0,2,-14.999997856842809,-20.79116407292259,-19.836753302460686,-6.431791450145009,-2.711738774358924,-3.171648220940953e-07,upper,0.1
799,phase2,upper,-15.0,2,-14.99999595670801,-20.79116407292259,-19.836753302460686,-6.431791450145009,-2.711738774358924,-4.1640796106113124e-07,upper,0.1
