episode,phase,route,return,steps,q_start_right,q_start_down,q_shield_right,q_d1_right,q_d2_right,mood_M,greedy_route,epsilon
0,phase1,upper,-15.0,2,-1.875,0.0,0.0,0.0,0.0,nan,lower,0.1
1,phase1,lower,-10.0,4,-1.875,-0.375,-0.375,-0.375,-0.375,nan,lower,0.1
2,phase1,lower,-10.0,4,-1.875,-0.75,-0.75,-0.75,-0.69375,nan,lower,0.1
3,phase1,lower,-10.0,4,-1.875,-1.125,-1.125,-1.1165625000000001,-0.9646874999999999,nan,lower,0.1
4,phase1,lower,-10.0,4,-1.875,-1.5,-1.498734375,-1.4687812500000001,-1.194984375,nan,lower,0.1
5,phase1,lower,-10.0,4,-1.875,-1.87481015625,-1.86924140625,-1.8027117187500001,-1.39073671875,nan,lower,0.1
6,phase1,lower,-10.0,4,-1.875,-2.24897484375,-2.234261953125,-2.11591546875,-1.5571262109375,nan,upper,0.1
7,phase1,upper,-15.0,2,-3.525,-2.24897484375,-2.234261953125,-2.11591546875,-1.5571262109375,nan,lower,0.1
8,phase1,lower,-10.0,4,-3.525,-2.62176791015625,-2.59150998046875,-2.407097080078125,-1.6985572792968748,nan,lower,0.1
9,phase1,lower,-10.0,4,-3.525,-2.992229220703125,-2.938848045410156,-2.6758161099609374,-1.8187736874023437,nan,lower,0.1
10,phase1,lower,-10.0,4,-3.525,-3.35922204440918,-3.2743932550927735,-2.9222597465771485,-1.920957634291992,nan,lower,0.1
11,phase1,upper,-15.0,2,-4.975312499999999,-3.35922204440918,-3.2743932550927735,-2.9222597465771485,-1.920957634291992,nan,lower,0.1
12,phase1,lower,-10.0,4,-4.975312499999999,-3.721497726011719,-3.59657322881543,-3.147064429734375,-2.007813989148193,nan,lower,0.1
13,phase1,lower,-10.0,4,-4.975312499999999,-4.077759051432276,-3.9041469089532717,-3.351176863646448,-2.0816418907759644,nan,lower,0.1
14,phase1,lower,-10.0,4,-4.975312499999999,-4.426717230060425,-4.196201402157248,-3.5357466177158754,-2.1443956071595696,nan,lower,0.1
15,phase1,lower,-10.0,4,-4.975312499999999,-4.767139855874948,-4.472133184491042,-3.70204396613243,-2.1977362660856343,nan,lower,0.1
16,phase1,lower,-10.0,4,-4.975312499999999,-5.097888855167362,-4.73161980173725,-3.8513978111254104,-2.243075826172789,nan,upper,0.1
17,phase1,upper,-15.0,2,-6.248718749999999,-5.097888855167362,-4.73161980173725,-3.8513978111254104,-2.243075826172789,nan,lower,0.1
18,phase1,lower,-10.0,4,-6.248718749999999,-5.417948497152845,-4.974586503145474,-3.985149513382517,-2.2816144522468704,nan,lower,0.1
19,phase1,lower,-10.0,4,-6.248718749999999,-5.726444198051739,-5.2011709546810305,-4.10461925421217,-2.3143722844098398,nan,lower,0.1
20,phase1,lower,-10.0,4,-6.248718749999999,-6.022653211546133,-5.411688199610701,-4.2110822087418205,-2.3422164417483637,nan,lower,0.1
21,phase1,lower,-10.0,4,-6.248718749999999,-6.306008459755818,-5.606597300980369,-4.305752343692802,-2.365883975486109,nan,upper,0.1
22,phase1,upper,-15.0,2,-7.365658593749999,-6.306008459755818,-5.606597300980369,-4.305752343692802,-2.365883975486109,nan,lower,0.1
23,phase1,lower,-10.0,4,-7.365658593749999,-6.5760967859395,-5.786470557387235,-4.389772088461799,-2.3860013791631927,nan,lower,0.1
24,phase1,lower,-10.0,4,-7.365658593749999,-6.83265285165666,-5.951965787048419,-4.4642064820670075,-2.403101172288714,nan,lower,0.1
25,phase1,lower,-10.0,4,-7.365658593749999,-7.075549791965424,-6.103801891301207,-4.530040685600263,-2.417635996445407,nan,lower,0.1
26,phase1,lower,-10.0,4,-7.365658593749999,-7.3047876068657915,-6.2427377104460655,-4.588179982227035,-2.429990596978596,nan,lower,0.1
27,phase1,lower,-10.0,4,-7.365658593749999,-7.520480122402833,-6.3695540512132105,-4.639451574439769,-2.4404920074318066,nan,upper,0.1
28,phase1,upper,-15.0,2,-8.344420312499999,-7.520480122402833,-6.3695540512132105,-4.639451574439769,-2.4404920074318066,nan,lower,0.1
29,phase1,lower,-10.0,4,-8.344420312499999,-7.72284121172439,-6.485038679697194,-4.684607639388575,-2.4494182063170356,nan,lower,0.1
30,phase1,lower,-10.0,4,-8.344420312499999,-7.91217083192031,-6.5899740236509015,-4.724329224427844,-2.4570054753694803,nan,lower,0.1
31,phase1,lower,-10.0,4,-8.344420312499999,-8.088841310679898,-6.685127303767443,-4.75923066206909,-2.4634546540640585,nan,lower,0.1
32,phase1,lower,-10.0,4,-8.344420312499999,-8.25328420964303,-6.77124280751269,-4.7898642608683355,-2.4689364559544495,nan,lower,0.1
33,phase1,lower,-10.0,4,-8.344420312499999,-8.405977999323479,-6.849036025516036,-4.816725090131253,-2.473595987561282,nan,upper,0.1
34,phase1,upper,-15.0,2,-9.201326197265624,-8.405977999323479,-6.849036025516036,-4.816725090131253,-2.473595987561282,nan,lower,0.1
35,phase1,lower,-10.0,4,-9.201326197265624,-8.547436703252362,-6.919189385208319,-4.840255724745757,-2.4775565894270897,nan,lower,0.1
36,phase1,lower,-10.0,4,-9.201326197265624,-8.678199605545757,-6.982349336138935,-4.860850854447957,-2.480923101013026,nan,lower,0.1
37,phase1,lower,-10.0,4,-9.201326197265624,-8.798822065134733,-7.039124563885288,-4.878861691432717,-2.4837846358610722,nan,lower,0.1
38,phase1,lower,-10.0,4,-9.201326197265624,-8.909867439947316,-7.090085133017403,-4.89460013309697,-2.486216940481911,nan,lower,0.1
39,phase1,lower,-10.0,4,-9.201326197265624,-9.01190009390783,-7.135762383029338,-4.908342654204712,-2.4882843994096246,nan,lower,0.1
40,phase1,lower,-10.0,4,-9.201326197265624,-9.105479437276056,-7.176649423705644,-4.920333915985449,-2.490041739498181,nan,lower,0.1
41,phase1,lower,-10.0,4,-9.201326197265624,-9.191154935240494,-7.213202097547615,-4.930790089512358,-2.491535478573454,nan,lower,0.1
42,phase1,lower,-10.0,4,-9.201326197265624,-9.269462009586562,-7.245840296342327,-4.939901897871523,-2.492805156787436,nan,upper,0.1
43,phase1,upper,-15.0,2,-9.950910859570312,-9.269462009586562,-7.245840296342327,-4.939901897871523,-2.492805156787436,nan,lower,0.1
44,phase1,lower,-10.0,4,-9.950910859570312,-9.340918752599926,-7.2749495365717065,-4.94783738670891,-2.4938843832693207,nan,lower,0.1
45,phase1,upper,-15.0,2,-10.606090283745116,-9.340918752599926,-7.2749495365717065,-4.94783738670891,-2.4938843832693207,nan,lower,0.1
46,phase1,lower,-10.0,4,-10.606090283745116,-9.406023370195694,-7.300882714092287,-4.954744436192971,-2.4948017257789226,nan,lower,0.1
47,phase1,lower,-10.0,4,-10.606090283745116,-9.465252271780184,-7.32396197240739,-4.9607530296308635,-2.495581466912084,nan,lower,0.1
48,phase1,lower,-10.0,4,-10.606090283745116,-9.519058726874265,-7.344480630990911,-4.9659772952230465,-2.4962442468752717,nan,lower,0.1
49,phase1,lower,-10.0,4,-10.606090283745116,-9.567872012491762,-7.362705130625732,-4.970517337970881,-2.496807609843981,nan,lower,0.1
50,phase1,lower,-10.0,4,-10.606090283745116,-9.612096980211858,-7.378876961727504,-4.974460878751846,-2.497286468367384,nan,lower,0.1
51,phase1,upper,-15.0,2,-11.178320386327147,-9.612096980211858,-7.378876961727504,-4.974460878751846,-2.497286468367384,nan,lower,0.1
52,phase1,upper,-15.0,2,-11.677744426750305,-9.612096980211858,-7.378876961727504,-4.974460878751846,-2.497286468367384,nan,lower,0.1
53,phase1,lower,-10.0,4,-11.677744426750305,-9.652113977439205,-7.393214549281155,-4.9778847171941765,-2.4976934981122763,nan,lower,0.1
54,phase1,lower,-10.0,4,-11.677744426750305,-9.688279063215498,-7.405915074468108,-4.980856034331891,-2.4980394733954348,nan,lower,0.1
55,phase1,upper,-15.0,2,-12.113329046354155,-9.688279063215498,-7.405915074468108,-4.980856034331891,-2.4980394733954348,nan,lower,0.1
56,phase1,lower,-10.0,4,-12.113329046354155,-9.72092446490339,-7.417156218447676,-4.983433550191423,-2.4983335523861196,nan,lower,0.1
57,phase1,lower,-10.0,4,-12.113329046354155,-9.750359227935034,-7.427097818209238,-4.985668550520628,-2.498583519528202,nan,lower,0.1
58,phase1,upper,-15.0,2,-12.492989030474966,-9.750359227935034,-7.427097818209238,-4.985668550520628,-2.498583519528202,nan,lower,0.1
59,phase1,lower,-10.0,4,-12.492989030474966,-9.776870016476165,-7.435883428055947,-4.9876057958717634,-2.4987959915989717,nan,lower,0.1
60,phase1,lower,-10.0,4,-12.492989030474966,-9.800722028213132,-7.443641783228319,-4.9892843252308445,-2.498976592859126,nan,lower,0.1
61,phase1,upper,-15.0,2,-12.823701115816567,-9.800722028213132,-7.443641783228319,-4.9892843252308445,-2.498976592859126,nan,lower,0.1
62,phase1,lower,-10.0,4,-12.823701115816567,-9.82215999146541,-7.450488164528698,-4.990738165375086,-2.4991301039302574,nan,lower,0.1
63,phase1,lower,-10.0,4,-12.823701115816567,-9.841409217424903,-7.456525664655657,-4.991996956158362,-2.499260588340719,nan,lower,0.1
64,phase1,lower,-10.0,4,-12.823701115816567,-9.858676684509517,-7.461846358381062,-4.993086500985715,-2.499371500089611,nan,lower,0.1
65,phase1,lower,-10.0,4,-12.823701115816567,-9.874152135590249,-7.46653237977176,-4.994029250851299,-2.4994657750761693,nan,lower,0.1
66,phase1,lower,-10.0,4,-12.823701115816567,-9.888009172217476,-7.470656910433691,-4.994844729485029,-2.499545908814744,nan,lower,0.1
67,phase1,lower,-10.0,4,-12.823701115816567,-9.900406332949908,-7.474285083291392,-4.995549906384486,-2.499614022492532,nan,lower,0.1
68,phase1,lower,-10.0,4,-12.823701115816567,-9.91148814550113,-7.477474806755356,-4.996159523800693,-2.499671919118652,nan,lower,0.1
69,phase1,lower,-10.0,4,-12.823701115816567,-9.921386144689263,-7.4802775143121565,-4.996686383098387,-2.4997211312508543,nan,lower,0.1
70,phase1,lower,-10.0,4,-12.823701115816567,-9.930219850132698,-7.4827388446300915,-4.997141595321257,-2.499762961563226,nan,lower,0.1
71,phase1,lower,-10.0,4,-12.823701115816567,-9.938097699307306,-7.484899257233766,-4.997534800257553,-2.4997985173287423,nan,lower,0.1
72,phase1,lower,-10.0,4,-12.823701115816567,-9.945117932996276,-7.486794588687334,-4.997874357818231,-2.499828739729431,nan,lower,0.1
73,phase1,lower,-10.0,4,-12.823701115816567,-9.951369431349935,-7.4884565540569685,-4.998167515104911,-2.4998544287700164,nan,lower,0.1
74,phase1,lower,-10.0,4,-12.823701115816567,-9.95693249975599,-7.48991319821416,-4.998420552154677,-2.499876264454514,nan,lower,0.1
75,phase1,lower,-10.0,4,-12.823701115816567,-9.961879604524714,-7.491189301305238,-4.998638908999652,-2.499894824786337,nan,lower,0.1
76,phase1,upper,-15.0,2,-13.11160732237,-9.961879604524714,-7.491189301305238,-4.998638908999652,-2.499894824786337,nan,lower,0.1
77,phase1,lower,-10.0,4,-13.11160732237,-9.966276059041792,-7.4923067424594,-4.998827296367654,-2.4999106010683865,nan,lower,0.1
78,phase1,lower,-10.0,4,-13.11160732237,-9.970180661554433,-7.493284825545638,-4.998989792072764,-2.4999240109081287,nan,lower,0.1
79,phase1,lower,-10.0,4,-13.11160732237,-9.973646286153114,-7.494140570524707,-4.999129924898068,-2.4999354092719095,nan,lower,0.1
80,phase1,lower,-10.0,4,-13.11160732237,-9.976720428808854,-7.494888973680712,-4.999250747554145,-2.499945097881123,nan,lower,0.1
81,phase1,lower,-10.0,4,-13.11160732237,-9.979445710539633,-7.4955432397617265,-4.999354900103191,-2.4999533331989547,nan,lower,0.1
82,phase1,lower,-10.0,4,-13.11160732237,-9.981860339922946,-7.496114988812947,-4.999444665067556,-2.4999603332191116,nan,lower,0.1
83,phase1,upper,-15.0,2,-13.36210839185153,-9.981860339922946,-7.496114988812947,-4.999444665067556,-2.4999603332191116,nan,lower,0.1
84,phase1,lower,-10.0,4,-13.36210839185153,-9.983998537256445,-7.496614440251138,-4.99952201529029,-2.499966283236245,nan,lower,0.1
85,phase1,lower,-10.0,4,-13.36210839185153,-9.98589092270565,-7.497050576507011,-4.999588655482183,-2.499971340750808,nan,lower,0.1
86,phase1,lower,-10.0,4,-13.36210839185153,-9.987564870775854,-7.497431288353287,-4.999646058272477,-2.499975639638187,nan,lower,0.1
87,phase1,lower,-10.0,4,-13.36210839185153,-9.98904483341247,-7.497763503841165,-4.999695495477333,-2.499979293692459,nan,lower,0.1
88,phase1,lower,-10.0,4,-13.36210839185153,-9.990352633976773,-7.49805330258659,-4.999738065209602,-2.49998239963859,nan,lower,0.1
89,phase1,lower,-10.0,4,-13.36210839185153,-9.991507734268247,-7.498306016980042,-4.99977471537395,-2.4999850396928016,nan,lower,0.1
90,phase1,upper,-15.0,2,-13.579947975735276,-9.991507734268247,-7.498306016980042,-4.99977471537395,-2.4999850396928016,nan,lower,0.1
91,phase1,lower,-10.0,4,-13.579947975735276,-9.992527476675015,-7.498526321739128,-4.999806264021777,-2.4999872837388812,nan,lower,0.1
92,phase1,lower,-10.0,4,-13.579947975735276,-9.993427303434633,-7.498718313081525,-4.999833416979343,-2.499989191178049,nan,lower,0.1
93,phase1,upper,-15.0,2,-13.76928824563724,-9.993427303434633,-7.498718313081525,-4.999833416979343,-2.499989191178049,nan,lower,0.1
94,phase1,lower,-10.0,4,-13.76928824563724,-9.994220954881666,-7.498885578666198,-4.999856783109149,-2.4999908125013417,nan,lower,0.1
95,phase1,lower,-10.0,4,-13.76928824563724,-9.994920648449344,-7.499031259332641,-4.999876887517978,-2.4999921906261404,nan,lower,0.1
96,phase1,lower,-10.0,4,-13.76928824563724,-9.99553724008184,-7.4991581035604415,-4.999894182984202,-2.4999933620322192,nan,lower,0.1
97,phase1,lower,-10.0,4,-13.76928824563724,-9.99608036960363,-7.4992685154740055,-4.999909059841404,-2.4999943577273864,nan,lower,0.1
98,phase1,lower,-10.0,4,-13.76928824563724,-9.996558591484186,-7.499364597129115,-4.999921854524302,-2.4999952040682785,nan,lower,0.1
99,phase1,lower,-10.0,4,-13.76928824563724,-9.996979492330926,-7.499448185738393,-4.9999328569558985,-2.499995923458037,nan,lower,0.1
100,phase1,lower,-10.0,4,-13.76928824563724,-9.997349796342046,-7.499520886421019,-4.999942316931219,-2.4999965349393314,nan,lower,0.1
101,phase1,lower,-10.0,4,-13.76928824563724,-9.997675459853893,-7.499584100997549,-4.999950449632435,-2.4999970546984316,nan,lower,0.1
102,phase1,lower,-10.0,4,-13.76928824563724,-9.997961756025441,-7.499639053292782,-4.999957440392334,-2.4999974964936666,nan,lower,0.1
103,phase1,upper,-15.0,2,-13.933777605114571,-9.997961756025441,-7.499639053292782,-4.999957440392334,-2.4999974964936666,nan,lower,0.1
104,phase1,upper,-15.0,2,-14.076611171221865,-9.997961756025441,-7.499639053292782,-4.999957440392334,-2.4999974964936666,nan,lower,0.1
105,phase1,lower,-10.0,4,-14.076611171221865,-9.998213350615542,-7.499686811357715,-4.999963448807534,-2.4999978720196165,nan,lower,0.1
106,phase1,upper,-15.0,2,-14.200584671381892,-9.998213350615542,-7.499686811357715,-4.999963448807534,-2.4999978720196165,nan,lower,0.1
107,phase1,lower,-10.0,4,-14.200584671381892,-9.998434369726867,-7.499728306975188,-4.999968612289346,-2.499998191216674,nan,lower,0.1
108,phase1,lower,-10.0,4,-14.200584671381892,-9.998628460314116,-7.499764352772312,-4.999973049128445,-2.499998462534173,nan,lower,0.1
109,phase1,lower,-10.0,4,-14.200584671381892,-9.998798844182845,-7.499795657225731,-4.999976861139304,-2.4999986931540468,nan,lower,0.1
110,phase1,lower,-10.0,4,-14.200584671381892,-9.998948366139278,-7.499822837812768,-4.999980135941516,-2.4999988891809397,nan,lower,0.1
111,phase1,upper,-15.0,2,-14.308142370141418,-9.998948366139278,-7.499822837812768,-4.999980135941516,-2.4999988891809397,nan,lower,0.1
112,phase1,lower,-10.0,4,-14.308142370141418,-9.999079536890301,-7.49984643253208,-4.999982948927429,-2.4999990558037988,nan,lower,0.1
113,phase1,lower,-10.0,4,-14.308142370141418,-9.999194571236568,-7.499866909991383,-4.999985364958885,-2.4999991974332287,nan,lower,0.1
114,phase1,lower,-10.0,4,-14.308142370141418,-9.99929542204979,-7.499884678236508,-4.999987439830036,-2.4999993178182445,nan,lower,0.1
115,phase1,lower,-10.0,4,-14.308142370141418,-9.999383810477799,-7.499900092475537,-4.999989221528268,-2.4999994201455076,nan,lower,0.1
116,phase1,lower,-10.0,4,-14.308142370141418,-9.99946125277746,-7.499913461833446,-4.999990751320854,-2.4999995071236816,nan,lower,0.1
117,phase1,lower,-10.0,4,-14.308142370141418,-9.999529084135858,-7.499925055256558,-4.999992064691278,-2.499999581055129,nan,lower,0.1
118,phase1,lower,-10.0,4,-14.308142370141418,-9.999588479803963,-7.499935106671765,-4.999993192145856,-2.4999996438968597,nan,lower,0.1
119,phase1,lower,-10.0,4,-14.308142370141418,-9.999640473834134,-7.499943819492879,-4.999994159908506,-2.499999697312331,nan,lower,0.1
120,phase1,lower,-10.0,4,-14.308142370141418,-9.999685975682945,-7.499951370555223,-4.99999499051908,-2.4999997427154814,nan,lower,0.1
121,phase1,lower,-10.0,4,-14.308142370141418,-9.999725784913787,-7.499957913549801,-4.9999957033485405,-2.4999997813081594,nan,lower,0.1
122,phase1,upper,-15.0,2,-14.401419604166994,-9.999725784913787,-7.499957913549801,-4.9999957033485405,-2.4999997813081594,nan,lower,0.1
123,phase1,lower,-10.0,4,-14.401419604166994,-9.99976060420919,-7.499963582019612,-4.999996315042483,-2.4999998141119355,nan,lower,0.1
124,phase1,upper,-15.0,2,-14.482280464656716,-9.99976060420919,-7.499963582019612,-4.999996315042483,-2.4999998141119355,nan,lower,0.1
125,phase1,lower,-10.0,4,-14.482280464656716,-9.999791050880752,-7.499968491973043,-4.999996839902901,-2.499999841995145,nan,lower,0.1
126,phase1,lower,-10.0,4,-14.482280464656716,-9.999817667044596,-7.4999727441625215,-4.999997290216738,-2.499999865695873,nan,lower,0.1
127,phase1,lower,-10.0,4,-14.482280464656716,-9.999840928612285,-7.499976426070654,-4.999997676538609,-2.499999885841492,nan,lower,0.1
128,phase1,lower,-10.0,4,-14.482280464656716,-9.99986125323104,-7.499979613640847,-4.999998007934041,-2.499999902965268,nan,lower,0.1
129,phase1,lower,-10.0,4,-14.482280464656716,-9.999879007292511,-7.499982372784826,-4.9999982921887245,-2.499999917520478,nan,lower,0.1
130,phase1,lower,-10.0,4,-14.482280464656716,-9.99989451211636,-7.499984760695411,-4.999998535988487,-2.4999999298924065,nan,lower,0.1
131,phase1,lower,-10.0,4,-14.482280464656716,-9.999908049403217,-7.499986826989373,-4.999998745074075,-2.4999999404085456,nan,lower,0.1
132,phase1,lower,-10.0,4,-14.482280464656716,-9.999919866041141,-7.499988614702078,-4.999998924374245,-2.4999999493472638,nan,lower,0.1
133,phase1,lower,-10.0,4,-14.482280464656716,-9.999930178340282,-7.499990161152903,-4.999999078120198,-2.499999956945174,nan,lower,0.1
134,phase1,lower,-10.0,4,-14.482280464656716,-9.999939175762176,-7.499991498697997,-4.999999209943945,-2.499999963403398,nan,lower,0.1
135,phase1,lower,-10.0,4,-14.482280464656716,-9.99994702420255,-7.499992655384889,-4.9999993229628625,-2.499999968892888,nan,lower,0.1
136,phase1,lower,-10.0,4,-14.482280464656716,-9.999953868879901,-7.499993655521585,-4.999999419852366,-2.4999999735589546,nan,lower,0.1
137,phase1,lower,-10.0,4,-14.482280464656716,-9.999959836876153,-7.499994520171202,-4.999999502908355,-2.4999999775251114,nan,lower,0.1
138,phase1,lower,-10.0,4,-14.482280464656716,-9.99996503937041,-7.499995267581775,-4.999999574100868,-2.4999999808963445,nan,lower,0.1
139,phase1,lower,-10.0,4,-14.482280464656716,-9.999969573602115,-7.499995913559639,-4.999999635120189,-2.4999999837618927,nan,lower,0.1
140,phase1,lower,-10.0,4,-14.482280464656716,-9.999973524595744,-7.499996471793722,-4.9999996874164445,-2.4999999861976088,nan,lower,0.1
141,phase1,lower,-10.0,4,-14.482280464656716,-9.99997696667544,-7.4999969541371305,-4.999999732233619,-2.4999999882679673,nan,lower,0.1
142,phase1,lower,-10.0,4,-14.482280464656716,-9.999979964794694,-7.499997370851604,-4.999999770638771,-2.499999990027772,nan,lower,0.1
143,phase1,lower,-10.0,4,-14.482280464656716,-9.99998257570323,-7.499997730819679,-4.999999803547121,-2.499999991523606,nan,lower,0.1
144,phase1,lower,-10.0,4,-14.482280464656716,-9.999984848970698,-7.499998041728795,-4.999999831743594,-2.499999992795065,nan,lower,0.1
145,phase1,lower,-10.0,4,-14.482280464656716,-9.999986827884412,-7.499998310231015,-4.999999855901314,-2.4999999938758055,nan,lower,0.1
146,phase1,lower,-10.0,4,-14.482280464656716,-9.999988550236402,-7.49999854208156,-4.999999876597488,-2.4999999947944347,nan,lower,0.1
147,phase1,lower,-10.0,4,-14.482280464656716,-9.999990049013176,-7.499998742258949,-4.99999989432703,-2.4999999955752696,nan,lower,0.1
148,phase1,lower,-10.0,4,-14.482280464656716,-9.999991353000041,-7.4999989150691615,-4.9999999095142655,-2.499999996238979,nan,lower,0.1
149,phase1,lower,-10.0,4,-14.482280464656716,-9.99999248731041,-7.4999990642359275,-4.9999999225229725,-2.4999999968031323,nan,lower,0.1
150,phase1,lower,-10.0,4,-14.482280464656716,-9.999993473849237,-7.499999192978985,-4.999999933664997,-2.4999999972826625,nan,lower,0.1
151,phase1,lower,-10.0,4,-14.482280464656716,-9.9999943317187,-7.499999304081887,-4.999999943207647,-2.499999997690263,nan,lower,0.1
152,phase1,lower,-10.0,4,-14.482280464656716,-9.999995077573178,-7.499999399950751,-4.9999999513800395,-2.499999998036724,nan,lower,0.1
153,phase1,lower,-10.0,4,-14.482280464656716,-9.999995725929814,-7.499999482665144,-4.999999958378543,-2.4999999983312153,nan,lower,0.1
154,phase1,lower,-10.0,4,-14.482280464656716,-9.999996289440114,-7.499999554022154,-4.999999964371444,-2.499999998581533,nan,lower,0.1
155,phase1,lower,-10.0,4,-14.482280464656716,-9.99999677912742,-7.499999615574548,-4.999999969502957,-2.499999998794303,nan,lower,0.1
156,phase1,lower,-10.0,4,-14.482280464656716,-9.99999720459449,-7.499999668663809,-4.999999973896659,-2.4999999989751576,nan,lower,0.1
157,phase1,lower,-10.0,4,-14.482280464656716,-9.999997574204887,-7.4999997144487365,-4.999999977658434,-2.499999999128884,nan,lower,0.1
158,phase1,lower,-10.0,4,-14.482280464656716,-9.999997895241464,-7.499999753930191,-4.999999980879002,-2.4999999992595514,nan,lower,0.1
159,phase1,lower,-10.0,4,-14.482280464656716,-9.999998174044773,-7.499999787972513,-4.999999983636084,-2.4999999993706186,nan,lower,0.1
160,phase1,lower,-10.0,4,-14.482280464656716,-9.999998416133934,-7.499999817322049,-4.999999985996265,-2.4999999994650257,nan,lower,0.1
161,phase1,lower,-10.0,4,-14.482280464656716,-9.999998626312152,-7.499999842623182,-4.999999988016579,-2.4999999995452717,nan,lower,0.1
162,phase1,lower,-10.0,4,-14.482280464656716,-9.999998808758807,-7.4999998644321915,-4.9999999897458824,-2.499999999613481,nan,lower,0.1
163,phase1,lower,-10.0,4,-14.482280464656716,-9.999998967109814,-7.499999883229245,-4.999999991226022,-2.499999999671459,nan,lower,0.1
164,phase1,lower,-10.0,4,-14.482280464656716,-9.99999910452773,-7.4999998994287616,-4.999999992492838,-2.49999999972074,nan,lower,0.1
165,phase1,lower,-10.0,4,-14.482280464656716,-9.999999223762885,-7.499999913388373,-4.999999993577023,-2.499999999762629,nan,lower,0.1
166,phase1,lower,-10.0,4,-14.482280464656716,-9.999999327206707,-7.49999992541667,-4.999999994504864,-2.4999999997982347,nan,lower,0.1
167,phase1,lower,-10.0,4,-14.482280464656716,-9.999999416938202,-7.4999999357799,-4.99999999529887,-2.4999999998284994,nan,lower,0.1
168,phase1,lower,-10.0,4,-14.482280464656716,-9.999999494764456,-7.499999944707745,-4.999999995978314,-2.4999999998542246,nan,lower,0.1
169,phase1,lower,-10.0,4,-14.482280464656716,-9.99999956225595,-7.49999995239833,-4.9999999965597,-2.499999999876091,nan,lower,0.1
170,phase1,lower,-10.0,4,-14.482280464656716,-9.999999620777306,-7.499999959022535,-4.999999997057159,-2.4999999998946776,nan,lower,0.1
171,phase1,upper,-15.0,2,-14.552351125905764,-9.999999620777306,-7.499999959022535,-4.999999997057159,-2.4999999998946776,nan,lower,0.1
172,phase1,lower,-10.0,4,-14.552351125905764,-9.99999967151409,-7.499999964727729,-4.999999997482787,-2.499999999910476,nan,lower,0.1
173,phase1,lower,-10.0,4,-14.552351125905764,-9.999999715496136,-7.499999969640988,-4.99999999784694,-2.4999999999239044,nan,lower,0.1
174,phase1,lower,-10.0,4,-14.552351125905764,-9.999999753617864,-7.499999973871881,-4.999999998158485,-2.499999999935319,nan,lower,0.1
175,phase1,lower,-10.0,4,-14.552351125905764,-9.999999786655966,-7.499999977514872,-4.99999999842501,-2.499999999945021,nan,lower,0.1
176,phase1,lower,-10.0,4,-14.552351125905764,-9.999999815284802,-7.499999980651392,-4.999999998653012,-2.4999999999532676,nan,lower,0.1
177,phase1,lower,-10.0,4,-14.552351125905764,-9.99999984008979,-7.499999983351635,-4.99999999884805,-2.4999999999602776,nan,lower,0.1
178,phase1,lower,-10.0,4,-14.552351125905764,-9.999999861579067,-7.499999985676097,-4.999999999014884,-2.499999999966236,nan,lower,0.1
179,phase1,lower,-10.0,4,-14.552351125905764,-9.999999880193622,-7.499999987676915,-4.999999999157587,-2.4999999999713003,nan,lower,0.1
180,phase1,lower,-10.0,4,-14.552351125905764,-9.999999896316115,-7.499999989399016,-4.999999999279644,-2.4999999999756053,nan,lower,0.1
181,phase1,lower,-10.0,4,-14.552351125905764,-9.99999991027855,-7.49999999088111,-4.999999999384038,-2.4999999999792646,nan,lower,0.1
182,phase1,lower,-10.0,4,-14.552351125905764,-9.999999922368934,-7.49999999215655,-4.999999999473322,-2.499999999982375,nan,lower,0.1
183,phase1,lower,-10.0,4,-14.552351125905764,-9.999999932837076,-7.4999999932540655,-4.999999999549679,-2.4999999999850187,nan,lower,0.1
184,phase1,lower,-10.0,4,-14.552351125905764,-9.999999941899624,-7.499999994198408,-4.99999999961498,-2.4999999999872657,nan,lower,0.1
185,phase1,lower,-10.0,4,-14.552351125905764,-9.999999949744442,-7.499999995010894,-4.999999999670822,-2.4999999999891758,nan,lower,0.1
186,phase1,lower,-10.0,4,-14.552351125905764,-9.99999995653441,-7.499999995709883,-4.999999999718575,-2.4999999999907994,nan,lower,0.1
187,phase1,lower,-10.0,4,-14.552351125905764,-9.999999962410731,-7.499999996311187,-4.999999999759409,-2.4999999999921796,nan,lower,0.1
188,phase1,upper,-15.0,2,-14.613049278325322,-9.999999962410731,-7.499999996311187,-4.999999999759409,-2.4999999999921796,nan,lower,0.1
189,phase1,lower,-10.0,4,-14.613049278325322,-9.9999999674958,-7.499999996828421,-4.9999999997943245,-2.499999999993353,nan,lower,0.1
190,phase1,lower,-10.0,4,-14.613049278325322,-9.999999971895694,-7.4999999972733065,-4.999999999824179,-2.49999999999435,nan,lower,0.1
191,phase1,lower,-10.0,4,-14.613049278325322,-9.999999975702336,-7.499999997655937,-4.999999999849704,-2.499999999995197,nan,lower,0.1
192,phase1,lower,-10.0,4,-14.613049278325322,-9.999999978995376,-7.499999997985002,-4.9999999998715285,-2.4999999999959175,nan,lower,0.1
193,phase1,lower,-10.0,4,-14.613049278325322,-9.99999998184382,-7.499999998267981,-4.999999999890187,-2.49999999999653,nan,lower,0.1
194,phase1,lower,-10.0,4,-14.613049278325322,-9.999999984307443,-7.499999998511312,-4.999999999906139,-2.4999999999970504,nan,lower,0.1
195,phase1,lower,-10.0,4,-14.613049278325322,-9.999999986438024,-7.4999999987205355,-4.999999999919776,-2.4999999999974927,nan,lower,0.1
196,phase1,lower,-10.0,4,-14.613049278325322,-9.9999999882804,-7.499999998900422,-4.9999999999314335,-2.499999999997869,nan,lower,0.1
197,phase1,lower,-10.0,4,-14.613049278325322,-9.999999989873404,-7.499999999055073,-4.999999999941399,-2.4999999999981886,nan,lower,0.1
198,phase1,lower,-10.0,4,-14.613049278325322,-9.999999991250654,-7.499999999188022,-4.999999999949917,-2.4999999999984603,nan,lower,0.1
199,phase1,lower,-10.0,4,-14.613049278325322,-9.999999992441259,-7.4999999993023065,-4.999999999957199,-2.4999999999986913,nan,lower,0.1
200,phase1,lower,-10.0,4,-14.613049278325322,-9.999999993470416,-7.49999999940054,-4.999999999963422,-2.4999999999988876,nan,lower,0.1
201,phase1,lower,-10.0,4,-14.613049278325322,-9.999999994359934,-7.499999999484972,-4.999999999968742,-2.4999999999990545,nan,lower,0.1
202,phase1,lower,-10.0,4,-14.613049278325322,-9.99999999512869,-7.499999999557538,-4.999999999973289,-2.499999999999196,nan,lower,0.1
203,phase1,lower,-10.0,4,-14.613049278325322,-9.999999995793017,-7.4999999996199005,-4.999999999977175,-2.499999999999317,nan,lower,0.1
204,phase1,lower,-10.0,4,-14.613049278325322,-9.99999999636705,-7.499999999673491,-4.999999999980496,-2.4999999999994196,nan,lower,0.1
205,phase1,lower,-10.0,4,-14.613049278325322,-9.999999996863016,-7.499999999719542,-4.999999999983334,-2.4999999999995066,nan,lower,0.1
206,phase1,lower,-10.0,4,-14.613049278325322,-9.999999997291495,-7.499999999759111,-4.99999999998576,-2.499999999999581,nan,lower,0.1
207,phase1,lower,-10.0,4,-14.613049278325322,-9.999999997661638,-7.499999999793109,-4.999999999987833,-2.499999999999644,nan,lower,0.1
208,phase1,lower,-10.0,4,-14.613049278325322,-9.999999997981359,-7.499999999822317,-4.999999999989605,-2.499999999999697,nan,lower,0.1
209,phase1,lower,-10.0,4,-14.613049278325322,-9.999999998257502,-7.49999999984741,-4.999999999991118,-2.4999999999997424,nan,lower,0.1
210,phase1,upper,-15.0,2,-14.665610084686133,-9.999999998257502,-7.49999999984741,-4.999999999991118,-2.4999999999997424,nan,lower,0.1
211,phase1,lower,-10.0,4,-14.665610084686133,-9.999999998495989,-7.499999999868966,-4.999999999992411,-2.499999999999781,nan,lower,0.1
212,phase1,lower,-10.0,4,-14.665610084686133,-9.999999998701936,-7.499999999887483,-4.999999999993517,-2.499999999999814,nan,lower,0.1
213,phase1,lower,-10.0,4,-14.665610084686133,-9.999999998879767,-7.499999999903388,-4.999999999994461,-2.499999999999842,nan,lower,0.1
214,phase1,lower,-10.0,4,-14.665610084686133,-9.99999999903331,-7.4999999999170495,-4.999999999995269,-2.4999999999998654,nan,lower,0.1
215,phase1,lower,-10.0,4,-14.665610084686133,-9.99999999916587,-7.499999999928782,-4.999999999995958,-2.4999999999998854,nan,lower,0.1
216,phase1,lower,-10.0,4,-14.665610084686133,-9.999999999280307,-7.499999999938859,-4.999999999996547,-2.4999999999999027,nan,lower,0.1
217,phase1,lower,-10.0,4,-14.665610084686133,-9.99999999937909,-7.499999999947512,-4.99999999999705,-2.4999999999999174,nan,lower,0.1
218,phase1,lower,-10.0,4,-14.665610084686133,-9.999999999464354,-7.499999999954943,-4.99999999999748,-2.49999999999993,nan,lower,0.1
219,phase1,lower,-10.0,4,-14.665610084686133,-9.999999999537943,-7.499999999961323,-4.999999999997848,-2.4999999999999405,nan,lower,0.1
220,phase1,lower,-10.0,4,-14.665610084686133,-9.99999999960145,-7.499999999966802,-4.9999999999981615,-2.4999999999999494,nan,lower,0.1
221,phase1,lower,-10.0,4,-14.665610084686133,-9.999999999656252,-7.4999999999715055,-4.99999999999843,-2.499999999999957,nan,lower,0.1
222,phase1,lower,-10.0,4,-14.665610084686133,-9.99999999970354,-7.499999999975544,-4.999999999998659,-2.4999999999999636,nan,lower,0.1
223,phase1,lower,-10.0,4,-14.665610084686133,-9.999999999744341,-7.4999999999790115,-4.999999999998854,-2.499999999999969,nan,lower,0.1
224,phase1,lower,-10.0,4,-14.665610084686133,-9.999999999779542,-7.499999999981988,-4.999999999999021,-2.4999999999999734,nan,lower,0.1
225,phase1,lower,-10.0,4,-14.665610084686133,-9.999999999809909,-7.499999999984543,-4.999999999999164,-2.4999999999999774,nan,lower,0.1
226,phase1,lower,-10.0,4,-14.665610084686133,-9.999999999836103,-7.499999999986736,-4.999999999999286,-2.499999999999981,nan,lower,0.1
227,phase1,upper,-15.0,2,-14.71110904037638,-9.999999999836103,-7.499999999986736,-4.999999999999286,-2.499999999999981,nan,lower,0.1
228,phase1,lower,-10.0,4,-14.71110904037638,-9.999999999858698,-7.499999999988619,-4.99999999999939,-2.4999999999999836,nan,lower,0.1
229,phase1,lower,-10.0,4,-14.71110904037638,-9.999999999878186,-7.4999999999902345,-4.999999999999479,-2.4999999999999862,nan,lower,0.1
230,phase1,lower,-10.0,4,-14.71110904037638,-9.999999999894994,-7.499999999991621,-4.999999999999555,-2.4999999999999885,nan,lower,0.1
231,phase1,lower,-10.0,4,-14.71110904037638,-9.999999999909488,-7.499999999992811,-4.99999999999962,-2.4999999999999902,nan,lower,0.1
232,phase1,lower,-10.0,4,-14.71110904037638,-9.999999999921986,-7.4999999999938325,-4.999999999999676,-2.4999999999999916,nan,lower,0.1
233,phase1,lower,-10.0,4,-14.71110904037638,-9.999999999932763,-7.499999999994709,-4.999999999999723,-2.499999999999993,nan,lower,0.1
234,phase1,lower,-10.0,4,-14.71110904037638,-9.999999999942055,-7.499999999995461,-4.999999999999764,-2.499999999999994,nan,lower,0.1
235,phase1,lower,-10.0,4,-14.71110904037638,-9.999999999950067,-7.499999999996107,-4.999999999999798,-2.4999999999999947,nan,lower,0.1
236,phase1,lower,-10.0,4,-14.71110904037638,-9.999999999956973,-7.4999999999966604,-4.999999999999828,-2.4999999999999956,nan,lower,0.1
237,phase1,upper,-15.0,2,-14.750482082454115,-9.999999999956973,-7.4999999999966604,-4.999999999999828,-2.4999999999999956,nan,lower,0.1
238,phase1,lower,-10.0,4,-14.750482082454115,-9.999999999962926,-7.499999999997136,-4.999999999999853,-2.4999999999999964,nan,lower,0.1
239,phase1,upper,-15.0,2,-14.784543258500062,-9.999999999962926,-7.499999999997136,-4.999999999999853,-2.4999999999999964,nan,lower,0.1
240,phase1,lower,-10.0,4,-14.784543258500062,-9.999999999968058,-7.499999999997543,-4.999999999999874,-2.499999999999997,nan,lower,0.1
241,phase1,lower,-10.0,4,-14.784543258500062,-9.99999999997248,-7.499999999997893,-4.9999999999998925,-2.4999999999999973,nan,lower,0.1
242,phase1,lower,-10.0,4,-14.784543258500062,-9.999999999976293,-7.4999999999981934,-4.9999999999999085,-2.499999999999998,nan,lower,0.1
243,phase1,lower,-10.0,4,-14.784543258500062,-9.999999999979577,-7.499999999998451,-4.999999999999922,-2.4999999999999982,nan,lower,0.1
244,phase1,lower,-10.0,4,-14.784543258500062,-9.999999999982409,-7.499999999998671,-4.999999999999933,-2.4999999999999987,nan,lower,0.1
245,phase1,upper,-15.0,2,-14.814000234877007,-9.999999999982409,-7.499999999998671,-4.999999999999933,-2.4999999999999987,nan,lower,0.1
246,phase1,lower,-10.0,4,-14.814000234877007,-9.999999999984848,-7.4999999999988605,-4.999999999999943,-2.4999999999999987,nan,lower,0.1
247,phase1,lower,-10.0,4,-14.814000234877007,-9.999999999986949,-7.499999999999023,-4.999999999999951,-2.4999999999999987,nan,lower,0.1
248,phase1,lower,-10.0,4,-14.814000234877007,-9.999999999988761,-7.4999999999991624,-4.999999999999958,-2.4999999999999987,nan,lower,0.1
249,phase1,lower,-10.0,4,-14.814000234877007,-9.99999999999032,-7.4999999999992815,-4.9999999999999645,-2.4999999999999987,nan,lower,0.1
250,phase1,lower,-10.0,4,-14.814000234877007,-9.999999999991665,-7.499999999999384,-4.99999999999997,-2.4999999999999987,nan,lower,0.1
251,phase1,lower,-10.0,4,-14.814000234877007,-9.999999999992824,-7.4999999999994715,-4.999999999999974,-2.4999999999999987,nan,lower,0.1
252,phase1,lower,-10.0,4,-14.814000234877007,-9.99999999999382,-7.499999999999547,-4.999999999999978,-2.4999999999999987,nan,lower,0.1
253,phase1,lower,-10.0,4,-14.814000234877007,-9.99999999999468,-7.499999999999612,-4.9999999999999805,-2.4999999999999987,nan,lower,0.1
254,phase1,lower,-10.0,4,-14.814000234877007,-9.99999999999542,-7.499999999999667,-4.999999999999983,-2.4999999999999987,nan,lower,0.1
255,phase1,lower,-10.0,4,-14.814000234877007,-9.999999999996056,-7.499999999999714,-4.999999999999986,-2.4999999999999987,nan,lower,0.1
256,phase1,lower,-10.0,4,-14.814000234877007,-9.999999999996605,-7.499999999999755,-4.999999999999988,-2.4999999999999987,nan,lower,0.1
257,phase1,lower,-10.0,4,-14.814000234877007,-9.999999999997078,-7.4999999999997895,-4.999999999999989,-2.4999999999999987,nan,lower,0.1
258,phase1,lower,-10.0,4,-14.814000234877007,-9.999999999997485,-7.49999999999982,-4.999999999999991,-2.4999999999999987,nan,lower,0.1
259,phase1,lower,-10.0,4,-14.814000234877007,-9.999999999997835,-7.4999999999998455,-4.999999999999992,-2.4999999999999987,nan,lower,0.1
260,phase1,lower,-10.0,4,-14.814000234877007,-9.999999999998137,-7.499999999999868,-4.999999999999993,-2.4999999999999987,nan,lower,0.1
261,phase1,lower,-10.0,4,-14.814000234877007,-9.999999999998396,-7.499999999999886,-4.999999999999994,-2.4999999999999987,nan,lower,0.1
262,phase1,lower,-10.0,4,-14.814000234877007,-9.99999999999862,-7.499999999999902,-4.999999999999995,-2.4999999999999987,nan,lower,0.1
263,phase1,lower,-10.0,4,-14.814000234877007,-9.999999999998812,-7.4999999999999165,-4.999999999999996,-2.4999999999999987,nan,lower,0.1
264,phase1,lower,-10.0,4,-14.814000234877007,-9.999999999998977,-7.499999999999928,-4.999999999999996,-2.4999999999999987,nan,lower,0.1
265,phase1,lower,-10.0,4,-14.814000234877007,-9.999999999999119,-7.499999999999938,-4.999999999999996,-2.4999999999999987,nan,lower,0.1
266,phase1,lower,-10.0,4,-14.814000234877007,-9.999999999999241,-7.499999999999947,-4.999999999999996,-2.4999999999999987,nan,lower,0.1
267,phase1,lower,-10.0,4,-14.814000234877007,-9.999999999999348,-7.499999999999954,-4.999999999999996,-2.4999999999999987,nan,lower,0.1
268,phase1,lower,-10.0,4,-14.814000234877007,-9.999999999999439,-7.49999999999996,-4.999999999999996,-2.4999999999999987,nan,lower,0.1
269,phase1,lower,-10.0,4,-14.814000234877007,-9.999999999999517,-7.499999999999965,-4.999999999999996,-2.4999999999999987,nan,lower,0.1
270,phase1,lower,-10.0,4,-14.814000234877007,-9.999999999999584,-7.49999999999997,-4.999999999999996,-2.4999999999999987,nan,lower,0.1
271,phase1,lower,-10.0,4,-14.814000234877007,-9.999999999999643,-7.499999999999973,-4.999999999999996,-2.4999999999999987,nan,lower,0.1
272,phase1,lower,-10.0,4,-14.814000234877007,-9.999999999999693,-7.499999999999977,-4.999999999999996,-2.4999999999999987,nan,lower,0.1
273,phase1,lower,-10.0,4,-14.814000234877007,-9.999999999999735,-7.49999999999998,-4.999999999999996,-2.4999999999999987,nan,lower,0.1
274,phase1,lower,-10.0,4,-14.814000234877007,-9.999999999999773,-7.499999999999982,-4.999999999999996,-2.4999999999999987,nan,lower,0.1
275,phase1,lower,-10.0,4,-14.814000234877007,-9.999999999999805,-7.499999999999984,-4.999999999999996,-2.4999999999999987,nan,lower,0.1
276,phase1,lower,-10.0,4,-14.814000234877007,-9.999999999999831,-7.499999999999986,-4.999999999999996,-2.4999999999999987,nan,lower,0.1
277,phase1,lower,-10.0,4,-14.814000234877007,-9.999999999999854,-7.499999999999988,-4.999999999999996,-2.4999999999999987,nan,lower,0.1
278,phase1,lower,-10.0,4,-14.814000234877007,-9.999999999999874,-7.4999999999999885,-4.999999999999996,-2.4999999999999987,nan,lower,0.1
279,phase1,lower,-10.0,4,-14.814000234877007,-9.999999999999892,-7.499999999999989,-4.999999999999996,-2.4999999999999987,nan,lower,0.1
280,phase1,lower,-10.0,4,-14.814000234877007,-9.999999999999906,-7.49999999999999,-4.999999999999996,-2.4999999999999987,nan,lower,0.1
281,phase1,lower,-10.0,4,-14.814000234877007,-9.999999999999918,-7.499999999999991,-4.999999999999996,-2.4999999999999987,nan,lower,0.1
282,phase1,lower,-10.0,4,-14.814000234877007,-9.999999999999929,-7.499999999999992,-4.999999999999996,-2.4999999999999987,nan,lower,0.1
283,phase1,lower,-10.0,4,-14.814000234877007,-9.999999999999938,-7.499999999999993,-4.999999999999996,-2.4999999999999987,nan,lower,0.1
284,phase1,lower,-10.0,4,-14.814000234877007,-9.999999999999947,-7.499999999999993,-4.999999999999996,-2.4999999999999987,nan,lower,0.1
285,phase1,lower,-10.0,4,-14.814000234877007,-9.999999999999954,-7.499999999999993,-4.999999999999996,-2.4999999999999987,nan,lower,0.1
286,phase1,lower,-10.0,4,-14.814000234877007,-9.99999999999996,-7.499999999999993,-4.999999999999996,-2.4999999999999987,nan,lower,0.1
287,phase1,lower,-10.0,4,-14.814000234877007,-9.999999999999964,-7.499999999999993,-4.999999999999996,-2.4999999999999987,nan,lower,0.1
288,phase1,lower,-10.0,4,-14.814000234877007,-9.999999999999968,-7.499999999999993,-4.999999999999996,-2.4999999999999987,nan,lower,0.1
289,phase1,lower,-10.0,4,-14.814000234877007,-9.999999999999972,-7.499999999999993,-4.999999999999996,-2.4999999999999987,nan,lower,0.1
290,phase1,lower,-10.0,4,-14.814000234877007,-9.999999999999975,-7.499999999999993,-4.999999999999996,-2.4999999999999987,nan,lower,0.1
291,phase1,lower,-10.0,4,-14.814000234877007,-9.999999999999979,-7.499999999999993,-4.999999999999996,-2.4999999999999987,nan,lower,0.1
292,phase1,lower,-10.0,4,-14.814000234877007,-9.99999999999998,-7.499999999999993,-4.999999999999996,-2.4999999999999987,nan,lower,0.1
293,phase1,lower,-10.0,4,-14.814000234877007,-9.999999999999982,-7.499999999999993,-4.999999999999996,-2.4999999999999987,nan,lower,0.1
294,phase1,lower,-10.0,4,-14.814000234877007,-9.999999999999984,-7.499999999999993,-4.999999999999996,-2.4999999999999987,nan,lower,0.1
295,phase1,lower,-10.0,4,-14.814000234877007,-9.999999999999986,-7.499999999999993,-4.999999999999996,-2.4999999999999987,nan,lower,0.1
296,phase1,upper,-15.0,2,-14.839467895024617,-9.999999999999986,-7.499999999999993,-4.999999999999996,-2.4999999999999987,nan,lower,0.1
297,phase1,lower,-10.0,4,-14.839467895024617,-9.999999999999988,-7.499999999999993,-4.999999999999996,-2.4999999999999987,nan,lower,0.1
298,phase1,lower,-10.0,4,-14.839467895024617,-9.999999999999988,-7.499999999999993,-4.999999999999996,-2.4999999999999987,nan,lower,0.1
299,phase1,lower,-10.0,4,-14.839467895024617,-9.999999999999988,-7.499999999999993,-4.999999999999996,-2.4999999999999987,nan,lower,0.1
300,phase1,lower,-10.0,4,-14.839467895024617,-9.999999999999988,-7.499999999999993,-4.999999999999996,-2.4999999999999987,nan,lower,0.1
301,phase1,lower,-10.0,4,-14.839467895024617,-9.999999999999988,-7.499999999999993,-4.999999999999996,-2.4999999999999987,nan,lower,0.1
302,phase1,lower,-10.0,4,-14.839467895024617,-9.999999999999988,-7.499999999999993,-4.999999999999996,-2.4999999999999987,nan,lower,0.1
303,phase1,lower,-10.0,4,-14.839467895024617,-9.999999999999988,-7.499999999999993,-4.999999999999996,-2.4999999999999987,nan,lower,0.1
304,phase1,lower,-10.0,4,-14.839467895024617,-9.999999999999988,-7.499999999999993,-4.999999999999996,-2.4999999999999987,nan,lower,0.1
305,phase1,lower,-10.0,4,-14.839467895024617,-9.999999999999988,-7.499999999999993,-4.999999999999996,-2.4999999999999987,nan,lower,0.1
306,phase1,lower,-10.0,4,-14.839467895024617,-9.999999999999988,-7.499999999999993,-4.999999999999996,-2.4999999999999987,nan,lower,0.1
307,phase1,lower,-10.0,4,-14.839467895024617,-9.999999999999988,-7.499999999999993,-4.999999999999996,-2.4999999999999987,nan,lower,0.1
308,phase1,lower,-10.0,4,-14.839467895024617,-9.999999999999988,-7.499999999999993,-4.999999999999996,-2.4999999999999987,nan,lower,0.1
309,phase1,lower,-10.0,4,-14.839467895024617,-9.999999999999988,-7.499999999999993,-4.999999999999996,-2.4999999999999987,nan,lower,0.1
310,phase1,lower,-10.0,4,-14.839467895024617,-9.999999999999988,-7.499999999999993,-4.999999999999996,-2.4999999999999987,nan,lower,0.1
311,phase1,lower,-10.0,4,-14.839467895024617,-9.999999999999988,-7.499999999999993,-4.999999999999996,-2.4999999999999987,nan,lower,0.1
312,phase1,lower,-10.0,4,-14.839467895024617,-9.999999999999988,-7.499999999999993,-4.999999999999996,-2.4999999999999987,nan,lower,0.1
313,phase1,lower,-10.0,4,-14.839467895024617,-9.999999999999988,-7.499999999999993,-4.999999999999996,-2.4999999999999987,nan,lower,0.1
314,phase1,lower,-10.0,4,-14.839467895024617,-9.999999999999988,-7.499999999999993,-4.999999999999996,-2.4999999999999987,nan,lower,0.1
315,phase1,lower,-10.0,4,-14.839467895024617,-9.999999999999988,-7.499999999999993,-4.999999999999996,-2.4999999999999987,nan,lower,0.1
316,phase1,lower,-10.0,4,-14.839467895024617,-9.999999999999988,-7.499999999999993,-4.999999999999996,-2.4999999999999987,nan,lower,0.1
317,phase1,lower,-10.0,4,-14.839467895024617,-9.999999999999988,-7.499999999999993,-4.999999999999996,-2.4999999999999987,nan,lower,0.1
318,phase1,lower,-10.0,4,-14.839467895024617,-9.999999999999988,-7.499999999999993,-4.999999999999996,-2.4999999999999987,nan,lower,0.1
319,phase1,lower,-10.0,4,-14.839467895024617,-9.999999999999988,-7.499999999999993,-4.999999999999996,-2.4999999999999987,nan,lower,0.1
320,phase1,lower,-10.0,4,-14.839467895024617,-9.999999999999988,-7.499999999999993,-4.999999999999996,-2.4999999999999987,nan,lower,0.1
321,phase1,lower,-10.0,4,-14.839467895024617,-9.999999999999988,-7.499999999999993,-4.999999999999996,-2.4999999999999987,nan,lower,0.1
322,phase1,lower,-10.0,4,-14.839467895024617,-9.999999999999988,-7.499999999999993,-4.999999999999996,-2.4999999999999987,nan,lower,0.1
323,phase1,lower,-10.0,4,-14.839467895024617,-9.999999999999988,-7.499999999999993,-4.999999999999996,-2.4999999999999987,nan,lower,0.1
324,phase1,lower,-10.0,4,-14.839467895024617,-9.999999999999988,-7.499999999999993,-4.999999999999996,-2.4999999999999987,nan,lower,0.1
325,phase1,lower,-10.0,4,-14.839467895024617,-9.999999999999988,-7.499999999999993,-4.999999999999996,-2.4999999999999987,nan,lower,0.1
326,phase1,lower,-10.0,4,-14.839467895024617,-9.999999999999988,-7.499999999999993,-4.999999999999996,-2.4999999999999987,nan,lower,0.1
327,phase1,lower,-10.0,4,-14.839467895024617,-9.999999999999988,-7.499999999999993,-4.999999999999996,-2.4999999999999987,nan,lower,0.1
328,phase1,lower,-10.0,4,-14.839467895024617,-9.999999999999988,-7.499999999999993,-4.999999999999996,-2.4999999999999987,nan,lower,0.1
329,phase1,lower,-10.0,4,-14.839467895024617,-9.999999999999988,-7.499999999999993,-4.999999999999996,-2.4999999999999987,nan,lower,0.1
330,phase1,lower,-10.0,4,-14.839467895024617,-9.999999999999988,-7.499999999999993,-4.999999999999996,-2.4999999999999987,nan,lower,0.1
331,phase1,lower,-10.0,4,-14.839467895024617,-9.999999999999988,-7.499999999999993,-4.999999999999996,-2.4999999999999987,nan,lower,0.1
332,phase1,lower,-10.0,4,-14.839467895024617,-9.999999999999988,-7.499999999999993,-4.999999999999996,-2.4999999999999987,nan,lower,0.1
333,phase1,lower,-10.0,4,-14.839467895024617,-9.999999999999988,-7.499999999999993,-4.999999999999996,-2.4999999999999987,nan,lower,0.1
334,phase1,lower,-10.0,4,-14.839467895024617,-9.999999999999988,-7.499999999999993,-4.999999999999996,-2.4999999999999987,nan,lower,0.1
335,phase1,lower,-10.0,4,-14.839467895024617,-9.999999999999988,-7.499999999999993,-4.999999999999996,-2.4999999999999987,nan,lower,0.1
336,phase1,lower,-10.0,4,-14.839467895024617,-9.999999999999988,-7.499999999999993,-4.999999999999996,-2.4999999999999987,nan,lower,0.1
337,phase1,lower,-10.0,4,-14.839467895024617,-9.999999999999988,-7.499999999999993,-4.999999999999996,-2.4999999999999987,nan,lower,0.1
338,phase1,lower,-10.0,4,-14.839467895024617,-9.999999999999988,-7.499999999999993,-4.999999999999996,-2.4999999999999987,nan,lower,0.1
339,phase1,upper,-15.0,2,-14.861480251843211,-9.999999999999988,-7.499999999999993,-4.999999999999996,-2.4999999999999987,nan,lower,0.1
340,phase1,lower,-10.0,4,-14.861480251843211,-9.999999999999988,-7.499999999999993,-4.999999999999996,-2.4999999999999987,nan,lower,0.1
341,phase1,lower,-10.0,4,-14.861480251843211,-9.999999999999988,-7.499999999999993,-4.999999999999996,-2.4999999999999987,nan,lower,0.1
342,phase1,lower,-10.0,4,-14.861480251843211,-9.999999999999988,-7.499999999999993,-4.999999999999996,-2.4999999999999987,nan,lower,0.1
343,phase1,lower,-10.0,4,-14.861480251843211,-9.999999999999988,-7.499999999999993,-4.999999999999996,-2.4999999999999987,nan,lower,0.1
344,phase1,lower,-10.0,4,-14.861480251843211,-9.999999999999988,-7.499999999999993,-4.999999999999996,-2.4999999999999987,nan,lower,0.1
345,phase1,upper,-15.0,2,-14.880500873978173,-9.999999999999988,-7.499999999999993,-4.999999999999996,-2.4999999999999987,nan,lower,0.1
346,phase1,lower,-10.0,4,-14.880500873978173,-9.999999999999988,-7.499999999999993,-4.999999999999996,-2.4999999999999987,nan,lower,0.1
347,phase1,lower,-10.0,4,-14.880500873978173,-9.999999999999988,-7.499999999999993,-4.999999999999996,-2.4999999999999987,nan,lower,0.1
348,phase1,upper,-15.0,2,-14.896932003806175,-9.999999999999988,-7.499999999999993,-4.999999999999996,-2.4999999999999987,nan,lower,0.1
349,phase1,lower,-10.0,4,-14.896932003806175,-9.999999999999988,-7.499999999999993,-4.999999999999996,-2.4999999999999987,nan,lower,0.1
350,phase1,lower,-10.0,4,-14.896932003806175,-9.999999999999988,-7.499999999999993,-4.999999999999996,-2.4999999999999987,nan,lower,0.1
351,phase1,lower,-10.0,4,-14.896932003806175,-9.999999999999988,-7.499999999999993,-4.999999999999996,-2.4999999999999987,nan,lower,0.1
352,phase1,lower,-10.0,4,-14.896932003806175,-9.999999999999988,-7.499999999999993,-4.999999999999996,-2.4999999999999987,nan,lower,0.1
353,phase1,lower,-10.0,4,-14.896932003806175,-9.999999999999988,-7.499999999999993,-4.999999999999996,-2.4999999999999987,nan,lower,0.1
354,phase1,lower,-10.0,4,-14.896932003806175,-9.999999999999988,-7.499999999999993,-4.999999999999996,-2.4999999999999987,nan,lower,0.1
355,phase1,lower,-10.0,4,-14.896932003806175,-9.999999999999988,-7.499999999999993,-4.999999999999996,-2.4999999999999987,nan,lower,0.1
356,phase1,lower,-10.0,4,-14.896932003806175,-9.999999999999988,-7.499999999999993,-4.999999999999996,-2.4999999999999987,nan,lower,0.1
357,phase1,lower,-10.0,4,-14.896932003806175,-9.999999999999988,-7.499999999999993,-4.999999999999996,-2.4999999999999987,nan,lower,0.1
358,phase1,lower,-10.0,4,-14.896932003806175,-9.999999999999988,-7.499999999999993,-4.999999999999996,-2.4999999999999987,nan,lower,0.1
359,phase1,lower,-10.0,4,-14.896932003806175,-9.999999999999988,-7.499999999999993,-4.999999999999996,-2.4999999999999987,nan,lower,0.1
360,phase1,lower,-10.0,4,-14.896932003806175,-9.999999999999988,-7.499999999999993,-4.999999999999996,-2.4999999999999987,nan,lower,0.1
361,phase1,lower,-10.0,4,-14.896932003806175,-9.999999999999988,-7.499999999999993,-4.999999999999996,-2.4999999999999987,nan,lower,0.1
362,phase1,lower,-10.0,4,-14.896932003806175,-9.999999999999988,-7.499999999999993,-4.999999999999996,-2.4999999999999987,nan,lower,0.1
363,phase1,lower,-10.0,4,-14.896932003806175,-9.999999999999988,-7.499999999999993,-4.999999999999996,-2.4999999999999987,nan,lower,0.1
364,phase1,lower,-10.0,4,-14.896932003806175,-9.999999999999988,-7.499999999999993,-4.999999999999996,-2.4999999999999987,nan,lower,0.1
365,phase1,lower,-10.0,4,-14.896932003806175,-9.999999999999988,-7.499999999999993,-4.999999999999996,-2.4999999999999987,nan,lower,0.1
366,phase1,upper,-15.0,2,-14.911122525021266,-9.999999999999988,-7.499999999999993,-4.999999999999996,-2.4999999999999987,nan,lower,0.1
367,phase1,lower,-10.0,4,-14.911122525021266,-9.999999999999988,-7.499999999999993,-4.999999999999996,-2.4999999999999987,nan,lower,0.1
368,phase1,lower,-10.0,4,-14.911122525021266,-9.999999999999988,-7.499999999999993,-4.999999999999996,-2.4999999999999987,nan,lower,0.1
369,phase1,lower,-10.0,4,-14.911122525021266,-9.999999999999988,-7.499999999999993,-4.999999999999996,-2.4999999999999987,nan,lower,0.1
370,phase1,lower,-10.0,4,-14.911122525021266,-9.999999999999988,-7.499999999999993,-4.999999999999996,-2.4999999999999987,nan,lower,0.1
371,phase1,lower,-10.0,4,-14.911122525021266,-9.999999999999988,-7.499999999999993,-4.999999999999996,-2.4999999999999987,nan,lower,0.1
372,phase1,lower,-10.0,4,-14.911122525021266,-9.999999999999988,-7.499999999999993,-4.999999999999996,-2.4999999999999987,nan,lower,0.1
373,phase1,lower,-10.0,4,-14.911122525021266,-9.999999999999988,-7.499999999999993,-4.999999999999996,-2.4999999999999987,nan,lower,0.1
374,phase1,lower,-10.0,4,-14.911122525021266,-9.999999999999988,-7.499999999999993,-4.999999999999996,-2.4999999999999987,nan,lower,0.1
375,phase1,lower,-10.0,4,-14.911122525021266,-9.999999999999988,-7.499999999999993,-4.999999999999996,-2.4999999999999987,nan,lower,0.1
376,phase1,lower,-10.0,4,-14.911122525021266,-9.999999999999988,-7.499999999999993,-4.999999999999996,-2.4999999999999987,nan,lower,0.1
377,phase1,lower,-10.0,4,-14.911122525021266,-9.999999999999988,-7.499999999999993,-4.999999999999996,-2.4999999999999987,nan,lower,0.1
378,phase1,lower,-10.0,4,-14.911122525021266,-9.999999999999988,-7.499999999999993,-4.999999999999996,-2.4999999999999987,nan,lower,0.1
379,phase1,lower,-10.0,4,-14.911122525021266,-9.999999999999988,-7.499999999999993,-4.999999999999996,-2.4999999999999987,nan,lower,0.1
380,phase1,lower,-10.0,4,-14.911122525021266,-9.999999999999988,-7.499999999999993,-4.999999999999996,-2.4999999999999987,nan,lower,0.1
381,phase1,lower,-10.0,4,-14.911122525021266,-9.999999999999988,-7.499999999999993,-4.999999999999996,-2.4999999999999987,nan,lower,0.1
382,phase1,lower,-10.0,4,-14.911122525021266,-9.999999999999988,-7.499999999999993,-4.999999999999996,-2.4999999999999987,nan,lower,0.1
383,phase1,lower,-10.0,4,-14.911122525021266,-9.999999999999988,-7.499999999999993,-4.999999999999996,-2.4999999999999987,nan,lower,0.1
384,phase1,lower,-10.0,4,-14.911122525021266,-9.999999999999988,-7.499999999999993,-4.999999999999996,-2.4999999999999987,nan,lower,0.1
385,phase1,lower,-10.0,4,-14.911122525021266,-9.999999999999988,-7.499999999999993,-4.999999999999996,-2.4999999999999987,nan,lower,0.1
386,phase1,lower,-10.0,4,-14.911122525021266,-9.999999999999988,-7.499999999999993,-4.999999999999996,-2.4999999999999987,nan,lower,0.1
387,phase1,lower,-10.0,4,-14.911122525021266,-9.999999999999988,-7.499999999999993,-4.999999999999996,-2.4999999999999987,nan,lower,0.1
388,phase1,lower,-10.0,4,-14.911122525021266,-9.999999999999988,-7.499999999999993,-4.999999999999996,-2.4999999999999987,nan,lower,0.1
389,phase1,lower,-10.0,4,-14.911122525021266,-9.999999999999988,-7.499999999999993,-4.999999999999996,-2.4999999999999987,nan,lower,0.1
390,phase1,lower,-10.0,4,-14.911122525021266,-9.999999999999988,-7.499999999999993,-4.999999999999996,-2.4999999999999987,nan,lower,0.1
391,phase1,lower,-10.0,4,-14.911122525021266,-9.999999999999988,-7.499999999999993,-4.999999999999996,-2.4999999999999987,nan,lower,0.1
392,phase1,lower,-10.0,4,-14.911122525021266,-9.999999999999988,-7.499999999999993,-4.999999999999996,-2.4999999999999987,nan,lower,0.1
393,phase1,lower,-10.0,4,-14.911122525021266,-9.999999999999988,-7.499999999999993,-4.999999999999996,-2.4999999999999987,nan,lower,0.1
394,phase1,upper,-15.0,2,-14.923374919786191,-9.999999999999988,-7.499999999999993,-4.999999999999996,-2.4999999999999987,nan,lower,0.1
395,phase1,lower,-10.0,4,-14.923374919786191,-9.999999999999988,-7.499999999999993,-4.999999999999996,-2.4999999999999987,nan,lower,0.1
396,phase1,lower,-10.0,4,-14.923374919786191,-9.999999999999988,-7.499999999999993,-4.999999999999996,-2.4999999999999987,nan,lower,0.1
397,phase1,lower,-10.0,4,-14.923374919786191,-9.999999999999988,-7.499999999999993,-4.999999999999996,-2.4999999999999987,nan,lower,0.1
398,phase1,lower,-10.0,4,-14.923374919786191,-9.999999999999988,-7.499999999999993,-4.999999999999996,-2.4999999999999987,nan,lower,0.1
399,phase1,lower,-10.0,4,-14.923374919786191,-9.999999999999988,-7.499999999999993,-4.999999999999996,-2.4999999999999987,nan,lower,0.1
400,phase2,lower,-20.0,4,-14.923374919786191,-9.999999999999988,-8.499999999999993,-5.269999999999996,-2.6889999999999987,-0.14700000000000019,lower,0.1
401,phase2,lower,-20.0,4,-14.923374919786191,-10.232299999999988,-9.546609999999992,-5.5959169999999965,-2.901724899999999,-0.1744827000000002,lower,0.1
402,phase2,lower,-20.0,4,-14.923374919786191,-10.570765429999987,-10.560451170999993,-5.918566408699997,-3.0957572563899998,-0.17010757797000026,lower,0.1
403,phase2,lower,-20.0,4,-14.923374919786191,-10.972830824272988,-11.520651983898095,-6.220527107276568,-3.261434813303929,-0.15732427984946723,lower,0.1
404,phase2,lower,-20.0,4,-14.923374919786191,-11.419204792100018,-12.422044963850983,-6.495998333541053,-3.397862158999499,-0.14248982106551966,lower,0.1
405,phase2,lower,-20.0,4,-14.923374919786191,-11.897729648234083,-13.263785572728542,-6.742723147404517,-3.5065031683092602,-0.12739642150423514,lower,0.1
406,phase2,lower,-20.0,4,-14.923374919786191,-12.39899202003734,-14.046322585705157,-6.959782742867556,-3.5894520274035573,-0.11260426400367347,lower,0.1
407,phase2,lower,-20.0,4,-14.923374919786191,-12.915068914207428,-14.770587213016743,-7.146956123681282,-3.648952411997762,-0.09832967377144039,lower,0.1
408,phase2,lower,-20.0,4,-14.923374919786191,-13.439117450482657,-15.437770792627056,-7.304500395081574,-3.6872523203805816,-0.0846832106487526,lower,0.1
409,phase2,lower,-20.0,4,-14.923374919786191,-13.965197674280974,-16.04925781581912,-7.433047130940375,-3.7065514706558274,-0.0717347277433745,lower,0.1
410,phase2,lower,-20.0,4,-14.923374919786191,-14.488164943403826,-16.606599249631103,-7.533533628030093,-3.708976184945283,-0.05953223693424381,lower,0.1
411,phase2,lower,-20.0,4,-14.923374919786191,-15.003587387267372,-17.11149572300771,-7.6071472368140824,-3.6965640626521936,-0.048108322608316254,upper,0.1
412,phase2,upper,-15.0,2,-14.973723356481988,-15.003587387267372,-17.11149572300771,-7.6071472368140824,-3.6965640626521936,-0.02523724531314108,upper,0.1
413,phase2,upper,-15.0,2,-15.001735335985583,-15.003587387267372,-17.11149572300771,-7.6071472368140824,-3.6965640626521936,-0.012677688224020338,upper,0.1
414,phase2,upper,-15.0,2,-15.01710844156183,-15.003587387267372,-17.11149572300771,-7.6071472368140824,-3.6965640626521936,-0.005803320394485998,lower,0.1
415,phase2,lower,-20.0,4,-15.01710844156183,-15.469601209196442,-17.53913049130186,-7.636620242110126,-3.6581938365831665,-0.027325662717472374,upper,0.1
416,phase2,upper,-15.0,2,-15.044619442032067,-15.469601209196442,-17.53913049130186,-7.636620242110126,-3.6581938365831665,-0.012613710122500413,upper,0.1
417,phase2,upper,-15.0,2,-15.057476010461599,-15.469601209196442,-17.53913049130186,-7.636620242110126,-3.6581938365831665,-0.00470675406032781,upper,0.1
418,phase2,upper,-15.0,2,-15.06216932216931,-15.469601209196442,-17.53913049130186,-7.636620242110126,-3.6581938365831665,-0.0005408782009050277,upper,0.1
419,phase2,upper,-15.0,2,-15.062332401821056,-15.469601209196442,-17.53913049130186,-7.636620242110126,-3.6581938365831665,0.0015709153810197528,upper,0.1
420,phase2,upper,-15.0,2,-15.060014572272081,-15.469601209196442,-17.53913049130186,-7.636620242110126,-3.6581938365831665,0.002558360077786274,upper,0.1
421,phase2,upper,-15.0,2,-15.056383526180243,-15.469601209196442,-17.53913049130186,-7.636620242110126,-3.6581938365831665,0.002934466624312844,upper,0.1
422,phase2,upper,-15.0,2,-15.052112748505685,-15.469601209196442,-17.53913049130186,-7.636620242110126,-3.6581938365831665,0.0029827162371797553,upper,0.1
423,phase2,upper,-15.0,2,-15.047595889600895,-15.469601209196442,-17.53913049130186,-7.636620242110126,-3.6581938365831665,0.0028599961251690445,upper,0.1
424,phase2,upper,-15.0,2,-15.043065892322662,-15.469601209196442,-17.53913049130186,-7.636620242110126,-3.6581938365831665,0.0026532347204573344,upper,0.1
425,phase2,upper,-15.0,2,-15.038661629440485,-15.469601209196442,-17.53913049130186,-7.636620242110126,-3.6581938365831665,0.002410590135665049,upper,0.1
426,phase2,upper,-15.0,2,-15.034465553931488,-15.469601209196442,-17.53913049130186,-7.636620242110126,-3.6581938365831665,0.0021586490548695476,upper,0.1
427,phase2,upper,-15.0,2,-15.030525287213399,-15.469601209196442,-17.53913049130186,-7.636620242110126,-3.6581938365831665,0.001911931223647106,upper,0.1
428,phase2,upper,-15.0,2,-15.026866259012962,-15.469601209196442,-17.53913049130186,-7.636620242110126,-3.6581938365831665,0.0016781588070651741,upper,0.1
429,phase2,upper,-15.0,2,-15.023499319445508,-15.469601209196442,-17.53913049130186,-7.636620242110126,-3.6581938365831665,0.0014611918881521826,upper,0.1
430,phase2,upper,-15.0,2,-15.020425489021646,-15.469601209196442,-17.53913049130186,-7.636620242110126,-3.6581938365831665,0.0012626754133525436,upper,0.1
431,phase2,lower,-20.0,4,-15.020425489021646,-15.925417729534967,-17.92146127148912,-7.644717088403757,-3.611614580768051,-0.019107617669439164,upper,0.1
432,phase2,upper,-15.0,2,-15.035972311272484,-15.925417729534967,-17.92146127148912,-7.644717088403757,-3.611614580768051,-0.008898471016024992,upper,0.1
433,phase2,upper,-15.0,2,-15.041896196789695,-15.925417729534967,-17.92146127148912,-7.644717088403757,-3.611614580768051,-0.0034687079154267814,upper,0.1
434,phase2,lower,-20.0,4,-15.041896196789695,-16.378143920854267,-18.267365314800067,-7.637939667830518,-3.561632336118314,-0.014235395242456012,upper,0.1
435,phase2,upper,-15.0,2,-15.052383992023254,-16.378143920854267,-18.267365314800067,-7.637939667830518,-3.561632336118314,-0.005927623208731261,upper,0.1
436,phase2,upper,-15.0,2,-15.054993537250862,-16.378143920854267,-18.267365314800067,-7.637939667830518,-3.561632336118314,-0.0015782940210032532,upper,0.1
437,phase2,lower,-20.0,4,-15.054993537250862,-16.81848652486775,-18.573926052972883,-7.614466754199958,-3.5068192782287153,-0.0080900554781871,upper,0.1
438,phase2,upper,-15.0,2,-15.059336865383335,-16.81848652486775,-18.573926052972883,-7.614466754199958,-3.5068192782287153,-0.002578716028596403,upper,0.1
439,phase2,upper,-15.0,2,-15.058459847011793,-16.81848652486775,-18.573926052972883,-7.614466754199958,-3.5068192782287153,0.00022872745573270198,upper,0.1
440,phase2,upper,-15.0,2,-15.054946365781678,-16.81848652486775,-18.573926052972883,-7.614466754199958,-3.5068192782287153,0.0015681854768668318,upper,0.1
441,phase2,upper,-15.0,2,-15.050221168891682,-16.81848652486775,-18.573926052972883,-7.614466754199958,-3.5068192782287153,0.0021185571606416073,upper,0.1
442,phase2,upper,-15.0,2,-15.045066807419568,-16.81848652486775,-18.573926052972883,-7.614466754199958,-3.5068192782287153,0.002252438672986569,upper,0.1
443,phase2,upper,-15.0,2,-15.039908787125528,-16.81848652486775,-18.573926052972883,-7.614466754199958,-3.5068192782287153,0.0021739248783987763,upper,0.1
444,phase2,upper,-15.0,2,-15.034973209826077,-16.81848652486775,-18.573926052972883,-7.614466754199958,-3.5068192782287153,0.0019943727623809473,upper,0.1
445,phase2,upper,-15.0,2,-15.030374212300742,-16.81848652486775,-18.573926052972883,-7.614466754199958,-3.5068192782287153,0.0017740733648216461,upper,0.1
446,phase2,upper,-15.0,2,-15.026162702932314,-16.81848652486775,-18.573926052972883,-7.614466754199958,-3.5068192782287153,0.0015451864171769172,upper,0.1
447,phase2,upper,-15.0,2,-15.022353717572445,-16.81848652486775,-18.573926052972883,-7.614466754199958,-3.5068192782287153,0.0013243738497891778,upper,0.1
448,phase2,upper,-15.0,2,-15.018941925469267,-16.81848652486775,-18.573926052972883,-7.614466754199958,-3.5068192782287153,0.0011197677061170193,upper,0.1
449,phase2,upper,-15.0,2,-15.015910534839053,-16.81848652486775,-18.573926052972883,-7.614466754199958,-3.5068192782287153,0.0009348199675514897,upper,0.1
450,phase2,upper,-15.0,2,-15.013236494394105,-16.81848652486775,-18.573926052972883,-7.614466754199958,-3.5068192782287153,0.0007704346065981041,upper,0.1
451,phase2,upper,-15.0,2,-15.010893593092776,-16.81848652486775,-18.573926052972883,-7.614466754199958,-3.5068192782287153,0.0006261518750710611,upper,0.1
452,phase2,upper,-15.0,2,-15.008854348297142,-16.81848652486775,-18.573926052972883,-7.614466754199958,-3.5068192782287153,0.0005008084818417015,upper,0.1
453,phase2,upper,-15.0,2,-15.007091180227809,-16.81848652486775,-18.573926052972883,-7.614466754199958,-3.5068192782287153,0.0003929069658058718,upper,0.1
454,phase2,upper,-15.0,2,-15.00557715406432,-16.81848652486775,-18.573926052972883,-7.614466754199958,-3.5068192782287153,0.00030082292959524276,upper,0.1
455,phase2,lower,-20.0,4,-15.00557715406432,-17.24375973704163,-18.842687471908786,-7.5755917497052,-3.4480536887262767,-0.002397018124586446,upper,0.1
456,phase2,upper,-15.0,2,-15.006714508079687,-17.24375973704163,-18.842687471908786,-7.5755917497052,-3.4480536887262767,-0.0010990208658260927,upper,0.1
457,phase2,upper,-15.0,2,-15.006739627009503,-17.24375973704163,-18.842687471908786,-7.5755917497052,-3.4480536887262767,-0.00042384496831256407,upper,0.1
458,phase2,lower,-20.0,4,-15.006739627009503,-17.654033970999826,-19.076915970859876,-7.5237830089278255,-3.386966337931581,0.002216485490063508,upper,0.1
459,phase2,upper,-15.0,2,-15.003850743548798,-17.654033970999826,-19.076915970859876,-7.5237830089278255,-3.386966337931581,0.001207802513647721,upper,0.1
460,phase2,upper,-15.0,2,-15.002016793652901,-17.654033970999826,-19.076915970859876,-7.5237830089278255,-3.386966337931581,0.0006401220511260777,upper,0.1
461,phase2,lower,-20.0,4,-15.002016793652901,-18.04574606113982,-19.27711721177068,-7.459526927828843,-3.3236735642219744,0.006850432295185199,upper,0.1
462,phase2,upper,-15.0,2,-14.995227798666617,-18.04574606113982,-19.27711721177068,-7.459526927828843,-3.3236735642219744,0.0033610911013721495,upper,0.1
463,phase2,upper,-15.0,2,-14.991851888314471,-18.04574606113982,-19.27711721177068,-7.459526927828843,-3.3236735642219744,0.0014721850471889624,upper,0.1
464,phase2,upper,-15.0,2,-14.9903751754906,-18.04574606113982,-19.27711721177068,-7.459526927828843,-3.3236735642219744,0.0004632701572305568,upper,0.1
465,phase2,upper,-15.0,2,-14.989953968287503,-18.04574606113982,-19.27711721177068,-7.459526927828843,-3.3236735642219744,-6.212612378211603e-05,upper,0.1
466,phase2,upper,-15.0,2,-14.99011511195931,-18.04574606113982,-19.27711721177068,-7.459526927828843,-3.3236735642219744,-0.00032235203759176497,upper,0.1
467,phase2,upper,-15.0,2,-14.990591037047581,-18.04574606113982,-19.27711721177068,-7.459526927828843,-3.3236735642219744,-0.00043777639674128925,upper,0.1
468,phase2,upper,-15.0,2,-14.991228844606459,-18.04574606113982,-19.27711721177068,-7.459526927828843,-3.3236735642219744,-0.00047483653081276106,upper,0.1
469,phase2,upper,-15.0,2,-14.9919400970301,-18.04574606113982,-19.27711721177068,-7.459526927828843,-3.3236735642219744,-0.00047025360277254847,upper,0.1
470,phase2,upper,-15.0,2,-14.992673001164667,-18.04574606113982,-19.27711721177068,-7.459526927828843,-3.3236735642219744,-0.0004443505241690985,upper,0.1
471,phase2,upper,-15.0,2,-14.993396920781585,-18.04574606113982,-19.27711721177068,-7.459526927828843,-3.3236735642219744,-0.0004083813488378265,upper,0.1
472,phase2,upper,-15.0,2,-14.994093687947794,-18.04574606113982,-19.27711721177068,-7.459526927828843,-3.3236735642219744,-0.00036856908178009573,upper,0.1
473,phase2,upper,-15.0,2,-14.994752672825676,-18.04574606113982,-19.27711721177068,-7.459526927828843,-3.3236735642219744,-0.00032833366825326565,upper,0.1
474,phase2,upper,-15.0,2,-14.995367939408858,-18.04574606113982,-19.27711721177068,-7.459526927828843,-3.3236735642219744,-0.00028952434731603643,upper,0.1
475,phase2,upper,-15.0,2,-14.995936566299152,-18.04574606113982,-19.27711721177068,-7.459526927828843,-3.3236735642219744,-0.0002531037999252024,upper,0.1
476,phase2,upper,-15.0,2,-14.996457624634186,-18.04574606113982,-19.27711721177068,-7.459526927828843,-3.3236735642219744,-0.0002195300306297774,upper,0.1
477,phase2,upper,-15.0,2,-14.996931532280952,-18.04574606113982,-19.27711721177068,-7.459526927828843,-3.3236735642219744,-0.00018897122025514267,upper,0.1
478,phase2,upper,-15.0,2,-14.99735962824409,-18.04574606113982,-19.27711721177068,-7.459526927828843,-3.3236735642219744,-0.00016142796165471033,upper,0.1
479,phase2,upper,-15.0,2,-14.997743879946103,-18.04574606113982,-19.27711721177068,-7.459526927828843,-3.3236735642219744,-0.00013680386560104303,upper,0.1
480,phase2,upper,-15.0,2,-14.998086673913443,-18.04574606113982,-19.27711721177068,-7.459526927828843,-3.3236735642219744,-0.00011494715181455494,upper,0.1
481,phase2,upper,-15.0,2,-14.998390661340068,-18.04574606113982,-19.27711721177068,-7.459526927828843,-3.3236735642219744,-9.567573788668048e-05,upper,0.1
482,phase2,upper,-15.0,2,-14.998658641628655,-18.04574606113982,-19.27711721177068,-7.459526927828843,-3.3236735642219744,-7.879278015845363e-05,upper,0.1
483,phase2,upper,-15.0,2,-14.998893473519425,-18.04574606113982,-19.27711721177068,-7.459526927828843,-3.3236735642219744,-6.40965584414447e-05,upper,0.1
484,phase2,upper,-15.0,2,-14.999098007108067,-18.04574606113982,-19.27711721177068,-7.459526927828843,-3.3236735642219744,-5.138690630950129e-05,upper,0.1
485,phase2,upper,-15.0,2,-14.999275032190832,-18.04574606113982,-19.27711721177068,-7.459526927828843,-3.3236735642219744,-4.04694528117889e-05,upper,0.1
486,phase2,upper,-15.0,2,-14.999427239649894,-18.04574606113982,-19.27711721177068,-7.459526927828843,-3.3236735642219744,-3.115842051509955e-05,upper,0.1
487,phase2,upper,-15.0,2,-14.999557193386138,-18.04574606113982,-19.27711721177068,-7.459526927828843,-3.3236735642219744,-2.3278432355293084e-05,upper,0.1
488,phase2,upper,-15.0,2,-14.99966731082889,-18.04574606113982,-19.27711721177068,-7.459526927828843,-3.3236735642219744,-1.6665613443066483e-05,upper,0.1
489,phase2,upper,-15.0,2,-14.999759850417407,-18.04574606113982,-19.27711721177068,-7.459526927828843,-3.3236735642219744,-1.1168177442720252e-05,upper,0.1
490,phase2,upper,-15.0,2,-14.99983690472087,-18.04574606113982,-19.27711721177068,-7.459526927828843,-3.3236735642219744,-6.646629485737868e-06,upper,0.1
491,phase2,upper,-15.0,2,-14.999900398076937,-18.04574606113982,-19.27711721177068,-7.459526927828843,-3.3236735642219744,-2.973681764201212e-06,upper,0.1
492,phase2,upper,-15.0,2,-14.999952087803463,-18.04574606113982,-19.27711721177068,-7.459526927828843,-3.3236735642219744,-3.395459205441132e-08,upper,0.1
493,phase2,lower,-20.0,4,-14.999952087803463,-18.418883206762036,-19.446105225834923,-7.384889583522625,-3.2594017614205195,0.01063588744385938,upper,0.1
494,phase2,upper,-15.0,2,-14.990421238926311,-18.418883206762036,-19.446105225834923,-7.384889583522625,-3.2594017614205195,0.005213877965603906,upper,0.1
495,phase2,upper,-15.0,2,-14.986050675843277,-18.418883206762036,-19.446105225834923,-7.384889583522625,-3.2594017614205195,0.0022964108086760736,upper,0.1
496,phase2,upper,-15.0,2,-14.984486702131408,-18.418883206762036,-19.446105225834923,-7.384889583522625,-3.2594017614205195,0.0007520132129840001,upper,0.1
497,phase2,upper,-15.0,2,-14.984427198878304,-18.418883206762036,-19.446105225834923,-7.384889583522625,-3.2594017614205195,-4.1354684223245456e-05,upper,0.1
498,phase2,upper,-15.0,2,-14.985150369673649,-18.418883206762036,-19.446105225834923,-7.384889583522625,-3.2594017614205195,-0.00042571218676131786,upper,0.1
499,phase2,upper,-15.0,2,-14.98625540403276,-18.418883206762036,-19.446105225834923,-7.384889583522625,-3.2594017614205195,-0.0005891174761112742,upper,0.1
500,phase2,upper,-15.0,2,-14.987519617669859,-18.418883206762036,-19.446105225834923,-7.384889583522625,-3.2594017614205195,-0.0006349447305378349,upper,0.1
501,phase2,upper,-15.0,2,-14.988819632255572,-18.418883206762036,-19.446105225834923,-7.384889583522625,-3.2594017614205195,-0.0006199635983271908,upper,0.1
502,phase2,upper,-15.0,2,-14.990087782509088,-18.418883206762036,-19.446105225834923,-7.384889583522625,-3.2594017614205195,-0.0005752767241611672,upper,0.1
503,phase2,upper,-15.0,2,-14.991287917574546,-18.418883206762036,-19.446105225834923,-7.384889583522625,-3.2594017614205195,-0.0005178373783321854,upper,0.1
504,phase2,upper,-15.0,2,-14.992401894151742,-18.418883206762036,-19.446105225834923,-7.384889583522625,-3.2594017614205195,-0.00045678972384364315,upper,0.1
505,phase2,upper,-15.0,2,-14.99342197638689,-18.418883206762036,-19.446105225834923,-7.384889583522625,-3.2594017614205195,-0.0003969627065991951,upper,0.1
506,phase2,upper,-15.0,2,-14.994346509975777,-18.418883206762036,-19.446105225834923,-7.384889583522625,-3.2594017614205195,-0.00034079839086154225,upper,0.1
507,phase2,upper,-15.0,2,-14.995177420706094,-18.418883206762036,-19.446105225834923,-7.384889583522625,-3.2594017614205195,-0.00028941861618009046,upper,0.1
508,phase2,upper,-15.0,2,-14.995918737735998,-18.418883206762036,-19.446105225834923,-7.384889583522625,-3.2594017614205195,-0.00024321687596457197,upper,0.1
509,phase2,upper,-15.0,2,-14.996575699322378,-18.418883206762036,-19.446105225834923,-7.384889583522625,-3.2594017614205195,-0.00020218816132169793,upper,0.1
510,phase2,upper,-15.0,2,-14.997154195345713,-18.418883206762036,-19.446105225834923,-7.384889583522625,-3.2594017614205195,-0.0001661138183433477,upper,0.1
511,phase2,upper,-15.0,2,-14.997660409271468,-18.418883206762036,-19.446105225834923,-7.384889583522625,-3.2594017614205195,-0.00013466587658476778,upper,0.1
512,phase2,upper,-15.0,2,-14.998100581935448,-18.418883206762036,-19.446105225834923,-7.384889583522625,-3.2594017614205195,-0.00010746639762765437,upper,0.1
513,phase2,upper,-15.0,2,-14.9984808526031,-18.418883206762036,-19.446105225834923,-7.384889583522625,-3.2594017614205195,-8.41214948933094e-05,upper,0.1
514,phase2,upper,-15.0,2,-14.998807151138807,-18.418883206762036,-19.446105225834923,-7.384889583522625,-3.2594017614205195,-6.424092727741759e-05,upper,0.1
515,phase2,upper,-15.0,2,-14.999085125427346,-18.418883206762036,-19.446105225834923,-7.384889583522625,-3.2594017614205195,-4.7449349342822396e-05,upper,0.1
516,phase2,upper,-15.0,2,-14.999320094039778,-18.418883206762036,-19.446105225834923,-7.384889583522625,-3.2594017614205195,-3.339264053552708e-05,upper,0.1
517,phase2,upper,-15.0,2,-14.99951701752132,-18.418883206762036,-19.446105225834923,-7.384889583522625,-3.2594017614205195,-2.1741263213730184e-05,upper,0.1
518,phase2,upper,-15.0,2,-14.999680483693405,-18.418883206762036,-19.446105225834923,-7.384889583522625,-3.2594017614205195,-1.21917801678669e-05,upper,0.1
519,phase2,upper,-15.0,2,-14.99981470360834,-18.418883206762036,-19.446105225834923,-7.384889583522625,-3.2594017614205195,-4.467203329585228e-06,upper,0.1
520,phase2,upper,-15.0,2,-14.99992351560401,-18.418883206762036,-19.446105225834923,-7.384889583522625,-3.2594017614205195,1.6834147593234206e-06,upper,0.1
521,phase2,upper,-15.0,2,-15.000010395461135,-18.418883206762036,-19.446105225834923,-7.384889583522625,-3.2594017614205195,6.485885089074436e-06,upper,0.1
522,phase2,upper,-15.0,2,-15.00007847106816,-18.418883206762036,-19.446105225834923,-7.384889583522625,-3.2594017614205195,1.0142108852183922e-05,upper,0.1
523,phase2,upper,-15.0,2,-15.000130540305761,-18.418883206762036,-19.446105225834923,-7.384889583522625,-3.2594017614205195,1.2831507583465473e-05,upper,0.1
524,phase2,upper,-15.0,2,-15.000169091106308,-18.418883206762036,-19.446105225834923,-7.384889583522625,-3.2594017614205195,1.471257205219199e-05,upper,0.1
525,phase2,upper,-15.0,2,-15.000196322842255,-18.418883206762036,-19.446105225834923,-7.384889583522625,-3.2594017614205195,1.5924468066228844e-05,upper,0.1
526,phase2,upper,-15.0,2,-15.000214168362383,-18.418883206762036,-19.446105225834923,-7.384889583522625,-3.2594017614205195,1.6588653345075284e-05,upper,0.1
527,phase2,upper,-15.0,2,-15.000224316133316,-18.418883206762036,-19.446105225834923,-7.384889583522625,-3.2594017614205195,1.681047131553617e-05,upper,0.1
528,phase2,upper,-15.0,2,-15.000228232060394,-18.418883206762036,-19.446105225834923,-7.384889583522625,-3.2594017614205195,1.6680696557768794e-05,upper,0.1
529,phase2,upper,-15.0,2,-15.00022718066038,-18.418883206762036,-19.446105225834923,-7.384889583522625,-3.2594017614205195,1.6277013544936704e-05,upper,0.1
530,phase2,upper,-15.0,2,-15.000222245341028,-18.418883206762036,-19.446105225834923,-7.384889583522625,-3.2594017614205195,1.566541580389467e-05,upper,0.1
531,phase2,upper,-15.0,2,-15.000214347611644,-18.418883206762036,-19.446105225834923,-7.384889583522625,-3.2594017614205195,1.4901517010304336e-05,upper,0.1
532,phase2,upper,-15.0,2,-15.000204265105934,-18.418883206762036,-19.446105225834923,-7.384889583522625,-3.2594017614205195,1.403176904824882e-05,upper,0.1
533,phase2,upper,-15.0,2,-15.000192648345521,-18.418883206762036,-19.446105225834923,-7.384889583522625,-3.2594017614205195,1.309458486742503e-05,upper,0.1
534,phase2,lower,-20.0,4,-15.000192648345521,-18.77159362354294,-19.585210406530198,-7.300846700418534,-3.1945275434559943,0.014175196482317243,upper,0.1
535,phase2,upper,-15.0,2,-14.987434144502982,-18.77159362354294,-19.585210406530198,-7.300846700418534,-3.1945275434559943,0.006951551295940259,upper,0.1
536,phase2,upper,-15.0,2,-14.981557868222213,-18.77159362354294,-19.585210406530198,-7.300846700418534,-3.1945275434559943,0.0030634952598020525,upper,0.1
537,phase2,upper,-15.0,2,-14.979428432073723,-18.77159362354294,-19.585210406530198,-7.300846700418534,-3.1945275434559943,0.001004342586649276,upper,0.1
538,phase2,upper,-15.0,2,-14.9793107752626,-18.77159362354294,-19.585210406530198,-7.300846700418534,-3.1945275434559943,-5.4256533812569265e-05,upper,0.1
539,phase2,upper,-15.0,2,-14.98024266907658,-18.77159362354294,-19.585210406530198,-7.300846700418534,-3.1945275434559943,-0.0005677867796708984,upper,0.1
540,phase2,upper,-15.0,2,-14.981689397545289,-18.77159362354294,-19.585210406530198,-7.300846700418534,-3.1945275434559943,-0.0007867206167109529,upper,0.1
541,phase2,upper,-15.0,2,-14.983353529910024,-18.77159362354294,-19.585210406530198,-7.300846700418534,-3.1945275434559943,-0.0008487636329570907,upper,0.1
542,phase2,upper,-15.0,2,-14.9850699630582,-18.77159362354294,-19.585210406530198,-7.300846700418534,-3.1945275434559943,-0.0008295591537819255,upper,0.1
543,phase2,upper,-15.0,2,-14.986747869820945,-18.77159362354294,-19.585210406530198,-7.300846700418534,-3.1945275434559943,-0.0007705677764164285,upper,0.1
544,phase2,upper,-15.0,2,-14.988338471106616,-18.77159362354294,-19.585210406530198,-7.300846700418534,-3.1945275434559943,-0.0006944039899950237,upper,0.1
545,phase2,upper,-15.0,2,-14.989817044336702,-18.77159362354294,-19.585210406530198,-7.300846700418534,-3.1945275434559943,-0.0006132789543809437,upper,0.1
546,phase2,upper,-15.0,2,-14.991172796948376,-18.77159362354294,-19.585210406530198,-7.300846700418534,-3.1945275434559943,-0.0005336532177997506,upper,0.1
547,phase2,upper,-15.0,2,-14.99240309975337,-18.77159362354294,-19.585210406530198,-7.300846700418534,-3.1945275434559943,-0.0004588048264629279,upper,0.1
548,phase2,upper,-15.0,2,-14.993510149820544,-18.77159362354294,-19.585210406530198,-7.300846700418534,-3.1945275434559943,-0.00039025005726361055,upper,0.1
549,phase2,upper,-15.0,2,-14.994498998117448,-18.77159362354294,-19.585210406530198,-7.300846700418534,-3.1945275434559943,-0.000328531941359731,upper,0.1
550,phase2,upper,-15.0,2,-14.99537635303884,-18.77159362354294,-19.585210406530198,-7.300846700418534,-3.1945275434559943,-0.00027365985206770496,upper,0.1
551,phase2,upper,-15.0,2,-14.996149832758146,-18.77159362354294,-19.585210406530198,-7.300846700418534,-3.1945275434559943,-0.00022535600962787742,upper,0.1
552,phase2,upper,-15.0,2,-14.99682748352039,-18.77159362354294,-19.585210406530198,-7.300846700418534,-3.1945275434559943,-0.0001831947301512205,upper,0.1
553,phase2,upper,-15.0,2,-14.997417460540094,-18.77159362354294,-19.585210406530198,-7.300846700418534,-3.1945275434559943,-0.00014668175353128472,upper,0.1
554,phase2,upper,-15.0,2,-14.997927812182997,-18.77159362354294,-19.585210406530198,-7.300846700418534,-3.1945275434559943,-0.00011529981720219884,upper,0.1
555,phase2,upper,-15.0,2,-14.998366332585261,-18.77159362354294,-19.585210406530198,-7.300846700418534,-3.1945275434559943,-8.853499392878235e-05,upper,0.1
556,phase2,upper,-15.0,2,-14.998740461581633,-18.77159362354294,-19.585210406530198,-7.300846700418534,-3.1945275434559943,-6.589189430216703e-05,upper,0.1
557,phase2,upper,-15.0,2,-14.999057218599832,-18.77159362354294,-19.585210406530198,-7.300846700418534,-3.1945275434559943,-4.690229255954837e-05,upper,0.1
558,phase2,upper,-15.0,2,-14.999323161683296,-18.77159362354294,-19.585210406530198,-7.300846700418534,-3.1945275434559943,-3.1129773544801055e-05,upper,0.1
559,phase2,upper,-15.0,2,-14.99954436548526,-18.77159362354294,-19.585210406530198,-7.300846700418534,-3.1945275434559943,-1.8171908018316704e-05,upper,0.1
560,phase2,upper,-15.0,2,-14.999726413735534,-18.77159362354294,-19.585210406530198,-7.300846700418534,-3.1945275434559943,-7.660852396019984e-06,upper,0.1
561,phase2,upper,-15.0,2,-14.99987440275816,-18.77159362354294,-19.585210406530198,-7.300846700418534,-3.1945275434559943,7.3707738421649e-07,upper,0.1
562,phase2,upper,-15.0,2,-14.999992953357417,-18.77159362354294,-19.585210406530198,-7.300846700418534,-3.1945275434559943,7.322507864305842e-06,upper,0.1
563,phase2,upper,-15.0,2,-15.00008622892613,-18.77159362354294,-19.585210406530198,-7.300846700418534,-3.1945275434559943,1.2364553897167423e-05,upper,0.1
564,phase2,upper,-15.0,2,-15.00015795803969,-18.77159362354294,-19.585210406530198,-7.300846700418534,-3.1945275434559943,1.6102648279501244e-05,upper,0.1
565,phase2,upper,-15.0,2,-15.000211460124312,-18.77159362354294,-19.585210406530198,-7.300846700418534,-3.1945275434559943,1.87485409742302e-05,upper,0.1
566,phase2,upper,-15.0,2,-15.00024967305364,-18.77159362354294,-19.585210406530198,-7.300846700418534,-3.1945275434559943,2.0488384265034517e-05,upper,0.1
567,phase2,upper,-15.0,2,-15.000275181748764,-18.77159362354294,-19.585210406530198,-7.300846700418534,-3.1945275434559943,2.1484841585744747e-05,upper,0.1
568,phase2,upper,-15.0,2,-15.000290247042452,-18.77159362354294,-19.585210406530198,-7.300846700418534,-3.1945275434559943,2.1879173440297963e-05,upper,0.1
569,phase2,upper,-15.0,2,-15.000296834225063,-18.77159362354294,-19.585210406530198,-7.300846700418534,-3.1945275434559943,2.1793265742984055e-05,upper,0.1
570,phase2,lower,-20.0,4,-15.000296834225063,-19.102935687902498,-19.69622795930227,-7.208654711025531,-3.1296121202846825,0.017306790945900694,upper,0.1
571,phase2,upper,-15.0,2,-14.984740142909823,-19.102935687902498,-19.69622795930227,-7.208654711025531,-3.1296121202846825,0.008490980438489476,upper,0.1
572,phase2,upper,-15.0,2,-14.9775786363118,-19.102935687902498,-19.69622795930227,-7.208654711025531,-3.1296121202846825,0.0037460185238501645,upper,0.1
573,phase2,lower,-20.0,4,-14.9775786363118,-19.408893498371008,-19.778629534132364,-7.107897204008411,-3.0640194847460873,0.020935026338639137,upper,0.1
574,phase2,upper,-15.0,2,-14.959516238433569,-19.408893498371008,-19.778629534132364,-7.107897204008411,-3.0640194847460873,0.009655643319676166,upper,0.1
575,phase2,upper,-15.0,2,-14.952259955852437,-19.408893498371008,-19.778629534132364,-7.107897204008411,-3.0640194847460873,0.0036457940562403357,upper,0.1
576,phase2,upper,-15.0,2,-14.950830030815355,-19.408893498371008,-19.778629534132364,-7.107897204008411,-3.0640194847460873,0.0005208538283490137,upper,0.1
577,phase2,upper,-15.0,2,-14.952468115761228,-19.408893498371008,-19.778629534132364,-7.107897204008411,-3.0640194847460873,-0.0010302638944234203,upper,0.1
578,phase2,upper,-15.0,2,-14.9556434837661,-19.408893498371008,-19.778629534132364,-7.107897204008411,-3.0640194847460873,-0.0017284540904405883,upper,0.1
579,phase2,upper,-15.0,2,-14.959505798088143,-19.408893498371008,-19.778629534132364,-7.107897204008411,-3.0640194847460873,-0.001970034483674666,upper,0.1
580,phase2,upper,-15.0,2,-14.963583371590163,-19.408893498371008,-19.778629534132364,-7.107897204008411,-3.0640194847460873,-0.001972734132352204,upper,0.1
581,phase2,upper,-15.0,2,-14.96761644001731,-19.408893498371008,-19.778629534132364,-7.107897204008411,-3.0640194847460873,-0.0018559538834249864,upper,0.1
582,phase2,upper,-15.0,2,-14.971464742549458,-19.408893498371008,-19.778629534132364,-7.107897204008411,-3.0640194847460873,-0.0016849092390230427,upper,0.1
583,phase2,upper,-15.0,2,-14.975056045428206,-19.408893498371008,-19.778629534132364,-7.107897204008411,-3.0640194847460873,-0.0014949236399110673,upper,0.1
584,phase2,upper,-15.0,2,-14.978357266263298,-19.408893498371008,-19.778629534132364,-7.107897204008411,-3.0640194847460873,-0.0013048101603847812,upper,0.1
585,phase2,upper,-15.0,2,-14.98135810998052,-19.408893498371008,-19.778629534132364,-7.107897204008411,-3.0640194847460873,-0.00112425267913078,upper,0.1
586,phase2,upper,-15.0,2,-14.984061662406543,-19.408893498371008,-19.778629534132364,-7.107897204008411,-3.0640194847460873,-0.0009578852620260158,upper,0.1
587,phase2,upper,-15.0,2,-14.986478879807468,-19.408893498371008,-19.778629534132364,-7.107897204008411,-3.0640194847460873,-0.0008075530463372915,upper,0.1
588,phase2,upper,-15.0,2,-14.988625282813071,-19.408893498371008,-19.778629534132364,-7.107897204008411,-3.0640194847460873,-0.0006735701247303028,upper,0.1
589,phase2,upper,-15.0,2,-14.990518916748249,-19.408893498371008,-19.778629534132364,-7.107897204008411,-3.0640194847460873,-0.0005554230026630354,upper,0.1
590,phase2,upper,-15.0,2,-14.9921790552497,-19.408893498371008,-19.778629534132364,-7.107897204008411,-3.0640194847460873,-0.00045216656694246584,upper,0.1
591,phase2,upper,-15.0,2,-14.993625352771213,-19.408893498371008,-19.778629534132364,-7.107897204008411,-3.0640194847460873,-0.0003626486752970308,upper,0.1
592,phase2,upper,-15.0,2,-14.994877278003692,-19.408893498371008,-19.778629534132364,-7.107897204008411,-3.0640194847460873,-0.00028563853953516075,upper,0.1
593,phase2,lower,-20.0,4,-14.994877278003692,-19.696124176632726,-19.839219126365432,-7.003263636840657,-3.0007607811823305,0.022253616278386824,upper,0.1
594,phase2,upper,-15.0,2,-14.975668401069434,-19.696124176632726,-19.839219126365432,-7.003263636840657,-3.0007607811823305,0.010824334310986474,upper,0.1
595,phase2,upper,-15.0,2,-14.967256200420398,-19.696124176632726,-19.839219126365432,-7.003263636840657,-3.0007607811823305,0.004693648865243091,upper,0.1
596,phase2,upper,-15.0,2,-14.964667151548296,-19.696124176632726,-19.839219126365432,-7.003263636840657,-3.0007607811823305,0.001464745116176566,upper,0.1
597,phase2,upper,-15.0,2,-14.965155386892068,-19.696124176632726,-19.839219126365432,-7.003263636840657,-3.0007607811823305,-0.00017967481127490284,upper,0.1
598,phase2,upper,-15.0,2,-14.967203951244137,-19.696124176632726,-19.839219126365432,-7.003263636840657,-3.0007607811823305,-0.000963561918789658,upper,0.1
599,phase2,upper,-15.0,2,-14.969975182639352,-19.696124176632726,-19.839219126365432,-7.003263636840657,-3.0007607811823305,-0.001284664492735364,upper,0.1
600,phase2,upper,-15.0,2,-14.973007954226254,-19.696124176632726,-19.839219126365432,-7.003263636840657,-3.0007607811823305,-0.0013613385033501952,upper,0.1
601,phase2,upper,-15.0,2,-14.976050647431995,-19.696124176632726,-19.839219126365432,-7.003263636840657,-3.0007607811823305,-0.0013132432701085254,upper,0.1
602,phase2,upper,-15.0,2,-14.978968793726345,-19.696124176632726,-19.839219126365432,-7.003263636840657,-3.0007607811823305,-0.0012057093177805925,upper,0.1
603,phase2,upper,-15.0,2,-14.98169382808922,-19.696124176632726,-19.839219126365432,-7.003263636840657,-3.0007607811823305,-0.0010741431160036007,upper,0.1
604,phase2,upper,-15.0,2,-14.984194508777653,-19.696124176632726,-19.839219126365432,-7.003263636840657,-3.0007607811823305,-0.0009374596146024289,upper,0.1
605,phase2,upper,-15.0,2,-14.986460860493864,-19.696124176632726,-19.839219126365432,-7.003263636840657,-3.0007607811823305,-0.0008054825221494055,upper,0.1
606,phase2,upper,-15.0,2,-14.988495059944585,-19.696124176632726,-19.839219126365432,-7.003263636840657,-3.0007607811823305,-0.0006830267547664456,upper,0.1
607,phase2,upper,-15.0,2,-14.990306189695348,-19.696124176632726,-19.839219126365432,-7.003263636840657,-3.0007607811823305,-0.0005721548010653209,upper,0.1
608,phase2,upper,-15.0,2,-14.991907164184793,-19.696124176632726,-19.839219126365432,-7.003263636840657,-3.0007607811823305,-0.00047342699649794307,upper,0.1
609,phase2,upper,-15.0,2,-14.993312889489395,-19.696124176632726,-19.839219126365432,-7.003263636840657,-3.0007607811823305,-0.0003865966120423026,upper,0.1
610,phase2,upper,-15.0,2,-14.994539135382894,-19.696124176632726,-19.839219126365432,-7.003263636840657,-3.0007607811823305,-0.00031099785037947856,upper,0.1
611,phase2,upper,-15.0,2,-14.995601827940396,-19.696124176632726,-19.839219126365432,-7.003263636840657,-3.0007607811823305,-0.0002457633809046862,upper,0.1
612,phase2,upper,-15.0,2,-14.996516597732438,-19.696124176632726,-19.839219126365432,-7.003263636840657,-3.0007607811823305,-0.00018994677100096002,upper,0.1
613,phase2,upper,-15.0,2,-14.997298488869262,-19.696124176632726,-19.839219126365432,-7.003263636840657,-3.0007607811823305,-0.00014259147195428814,upper,0.1
614,phase2,upper,-15.0,2,-14.997961773242375,-19.696124176632726,-19.839219126365432,-7.003263636840657,-3.0007607811823305,-0.00010276947082772114,upper,0.1
615,phase2,upper,-15.0,2,-14.998519836251674,-19.696124176632726,-19.839219126365432,-7.003263636840657,-3.0007607811823305,-6.960249973441047e-05,upper,0.1
616,phase2,upper,-15.0,2,-14.998985112784853,-19.696124176632726,-19.839219126365432,-7.003263636840657,-3.0007607811823305,-4.2273051812033024e-05,upper,0.1
617,phase2,upper,-15.0,2,-14.999369059453862,-19.696124176632726,-19.839219126365432,-7.003263636840657,-3.0007607811823305,-2.0029328828372132e-05,upper,0.1
618,phase2,upper,-15.0,2,-14.999682153412365,-19.696124176632726,-19.839219126365432,-7.003263636840657,-3.0007607811823305,-2.186506879814037e-06,upper,0.1
619,phase2,upper,-15.0,2,-14.999933910756377,-19.696124176632726,-19.839219126365432,-7.003263636840657,-3.0007607811823305,1.1874267903552629e-05,upper,0.1
620,phase2,lower,-20.0,4,-14.999933910756377,-19.960422984764886,-19.876979660266958,-6.893891811055458,-2.938732047807766,0.024319333079283058,upper,0.1
621,phase2,upper,-15.0,2,-14.978256206321639,-19.960422984764886,-19.876979660266958,-6.893891811055458,-2.938732047807766,0.0119333631118355,upper,0.1
622,phase2,upper,-15.0,2,-14.968346880449944,-19.960422984764886,-19.876979660266958,-6.893891811055458,-2.938732047807766,0.005269797198054826,upper,0.1
623,phase2,upper,-15.0,2,-14.964830691380747,-19.960422984764886,-19.876979660266958,-6.893891811055458,-2.938732047807766,0.0017430035973598826,upper,0.1
624,phase2,upper,-15.0,2,-14.964735225557257,-19.960422984764886,-19.876979660266958,-6.893891811055458,-2.938732047807766,-6.841612859916839e-05,upper,0.1
625,phase2,upper,-15.0,2,-14.966413921597807,-19.960422984764886,-19.876979660266958,-6.893891811055458,-2.938732047807766,-0.0009459261990629388,upper,0.1
626,phase2,upper,-15.0,2,-14.968953415186936,-19.960422984764886,-19.876979660266958,-6.893891811055458,-2.938732047807766,-0.0013191517887090273,upper,0.1
627,phase2,upper,-15.0,2,-14.971847080901668,-19.960422984764886,-19.876979660266958,-6.893891811055458,-2.938732047807766,-0.0014242033014187424,upper,0.1
628,phase2,upper,-15.0,2,-14.97481492949253,-19.960422984764886,-19.876979660266958,-6.893891811055458,-2.938732047807766,-0.0013907012848825705,upper,0.1
629,phase2,upper,-15.0,2,-14.977704012618165,-19.960422984764886,-19.876979660266958,-6.893891811055458,-2.938732047807766,-0.0012896250675848815,upper,0.1
630,phase2,lower,-20.0,4,-14.977704012618165,-20.203239314875923,-19.89473036937694,-6.781574108623773,-2.8788083211444606,0.025645700676200124,upper,0.1
631,phase2,upper,-15.0,2,-14.95619135655853,-20.203239314875923,-19.89473036937694,-6.781574108623773,-2.8788083211444606,0.012038676419288057,upper,0.1
632,phase2,upper,-15.0,2,-14.947569070025224,-20.203239314875923,-19.89473036937694,-6.781574108623773,-2.8788083211444606,0.004783819144171875,upper,0.1
633,phase2,upper,-15.0,2,-14.945856519389038,-20.203239314875923,-19.89473036937694,-6.781574108623773,-2.8788083211444606,0.0010045032748220433,upper,0.1
634,phase2,upper,-15.0,2,-14.947750256071219,-20.203239314875923,-19.89473036937694,-6.781574108623773,-2.8788083211444606,-0.000880296747009183,upper,0.1
635,phase2,upper,-15.0,2,-14.95142485156167,-20.203239314875923,-19.89473036937694,-6.781574108623773,-2.8788083211444606,-0.0017394281662650296,upper,0.1
636,phase2,upper,-15.0,2,-14.955872751940232,-20.203239314875923,-19.89473036937694,-6.781574108623773,-2.8788083211444606,-0.002050156902016654,upper,0.1
637,phase2,upper,-15.0,2,-14.96054043730486,-20.203239314875923,-19.89473036937694,-6.781574108623773,-2.8788083211444606,-0.0020743653500279614,upper,0.1
638,phase2,upper,-15.0,2,-14.965127528378506,-20.203239314875923,-19.89473036937694,-6.781574108623773,-2.8788083211444606,-0.00195541129909207,upper,0.1
639,phase2,upper,-15.0,2,-14.969475560498068,-20.203239314875923,-19.89473036937694,-6.781574108623773,-2.8788083211444606,-0.0017713911096657706,upper,0.1
640,phase2,upper,-15.0,2,-14.973506151040873,-20.203239314875923,-19.89473036937694,-6.781574108623773,-2.8788083211444606,-0.0015644443598248892,upper,0.1
641,phase2,upper,-15.0,2,-14.977186419775746,-20.203239314875923,-19.89473036937694,-6.781574108623773,-2.8788083211444606,-0.0013568890120951643,upper,0.1
642,phase2,upper,-15.0,2,-14.98050948468523,-20.203239314875923,-19.89473036937694,-6.781574108623773,-2.8788083211444606,-0.00116011519078033,upper,0.1
643,phase2,upper,-15.0,2,-14.98348333034429,-20.203239314875923,-19.89473036937694,-6.781574108623773,-2.8788083211444606,-0.0009794951240632854,upper,0.1
644,phase2,upper,-15.0,2,-14.986124354622488,-20.203239314875923,-19.89473036937694,-6.781574108623773,-2.8788083211444606,-0.0008170996204735746,upper,0.1
645,phase2,upper,-15.0,2,-14.988453553466352,-20.203239314875923,-19.89473036937694,-6.781574108623773,-2.8788083211444606,-0.0006732053486680805,upper,0.1
646,phase2,upper,-15.0,2,-14.990494213240531,-20.203239314875923,-19.89473036937694,-6.781574108623773,-2.8788083211444606,-0.0005471342704227191,upper,0.1
647,phase2,upper,-15.0,2,-14.992270480897067,-20.203239314875923,-19.89473036937694,-6.781574108623773,-2.8788083211444606,-0.00043772318210717634,upper,0.1
648,phase2,upper,-15.0,2,-14.993806458317737,-20.203239314875923,-19.89473036937694,-6.781574108623773,-2.8788083211444606,-0.0003435875422109157,upper,0.1
649,phase2,upper,-15.0,2,-14.99512561973329,-20.203239314875923,-19.89473036937694,-6.781574108623773,-2.8788083211444606,-0.00026327020967050217,upper,0.1
650,phase2,upper,-15.0,2,-14.996250435758173,-20.203239314875923,-19.89473036937694,-6.781574108623773,-2.8788083211444606,-0.00019532525548382088,upper,0.1
651,phase2,upper,-15.0,2,-14.997202134830633,-20.203239314875923,-19.89473036937694,-6.781574108623773,-2.8788083211444606,-0.00013836473161460942,upper,0.1
652,phase2,upper,-15.0,2,-14.998000559494876,-20.203239314875923,-19.89473036937694,-6.781574108623773,-2.8788083211444606,-9.108399705117767e-05,upper,0.1
653,phase2,upper,-15.0,2,-14.99866409022375,-20.203239314875923,-19.89473036937694,-6.781574108623773,-2.8788083211444606,-5.227441187135684e-05,upper,0.1
654,phase2,upper,-15.0,2,-14.999209618425338,-20.203239314875923,-19.89473036937694,-6.781574108623773,-2.8788083211444606,-2.0828444323120964e-05,upper,0.1
655,phase2,upper,-15.0,2,-14.999652555691828,-20.203239314875923,-19.89473036937694,-6.781574108623773,-2.8788083211444606,4.2598650357414435e-06,upper,0.1
656,phase2,upper,-15.0,2,-15.000006869769324,-20.203239314875923,-19.89473036937694,-6.781574108623773,-2.8788083211444606,2.3897320664837353e-05,upper,0.1
657,phase2,upper,-15.0,2,-15.000285139999798,-20.203239314875923,-19.89473036937694,-6.781574108623773,-2.8788083211444606,3.8895783922016384e-05,upper,0.1
658,phase2,upper,-15.0,2,-15.000498626580606,-20.203239314875923,-19.89473036937694,-6.781574108623773,-2.8788083211444606,4.997748488612329e-05,upper,0.1
659,phase2,upper,-15.0,2,-15.000657349164678,-20.203239314875923,-19.89473036937694,-6.781574108623773,-2.8788083211444606,5.778097385461249e-05,upper,0.1
660,phase2,upper,-15.0,2,-15.000770171233523,-20.203239314875923,-19.89473036937694,-6.781574108623773,-2.8788083211444606,6.28673972073453e-05,upper,0.1
661,phase2,upper,-15.0,2,-15.000844887400458,-20.203239314875923,-19.89473036937694,-6.781574108623773,-2.8788083211444606,6.572687583526385e-05,upper,0.1
662,phase2,upper,-15.0,2,-15.000888311393393,-20.203239314875923,-19.89473036937694,-6.781574108623773,-2.8788083211444606,6.678482747978385e-05,upper,0.1
663,phase2,upper,-15.0,2,-15.000906362956146,-20.203239314875923,-19.89473036937694,-6.781574108623773,-2.8788083211444606,6.640811894042888e-05,upper,0.1
664,phase2,upper,-15.0,2,-15.000904152314996,-20.203239314875923,-19.89473036937694,-6.781574108623773,-2.8788083211444606,6.49109668959255e-05,upper,0.1
665,phase2,upper,-15.0,2,-15.000886061197136,-20.203239314875923,-19.89473036937694,-6.781574108623773,-2.8788083211444606,6.256053094012579e-05,upper,0.1
666,phase2,upper,-15.0,2,-15.000855819670436,-20.203239314875923,-19.89473036937694,-6.781574108623773,-2.8788083211444606,5.9582161677965246e-05,upper,0.1
667,phase2,upper,-15.0,2,-15.000816578307889,-20.203239314875923,-19.89473036937694,-6.781574108623773,-2.8788083211444606,5.6164281801951064e-05,upper,0.1
668,phase2,upper,-15.0,2,-15.000770975372038,-20.203239314875923,-19.89473036937694,-6.781574108623773,-2.8788083211444606,5.246288991902741e-05,upper,0.1
669,phase2,upper,-15.0,2,-15.000721198870638,-20.203239314875923,-19.89473036937694,-6.781574108623773,-2.8788083211444606,4.860568617887717e-05,upper,0.1
670,phase2,upper,-15.0,2,-15.000669043459693,-20.203239314875923,-19.89473036937694,-6.781574108623773,-2.8788083211444606,4.4695825942204886e-05,upper,0.1
671,phase2,upper,-15.0,2,-15.000615962268537,-20.203239314875923,-19.89473036937694,-6.781574108623773,-2.8788083211444606,4.0815313199738844e-05,upper,0.1
672,phase2,upper,-15.0,2,-15.000563113797524,-20.203239314875923,-19.89473036937694,-6.781574108623773,-2.8788083211444606,3.702804950191206e-05,upper,0.1
673,phase2,upper,-15.0,2,-15.00051140409583,-20.203239314875923,-19.89473036937694,-6.781574108623773,-2.8788083211444606,3.338255703880556e-05,upper,0.1
674,phase2,lower,-20.0,4,-15.00051140409583,-20.422358376024686,-19.892563970762218,-6.666146770057921,-2.8204472808955288,0.027293300405600504,upper,0.1
675,phase2,upper,-15.0,2,-14.975927598404095,-20.422358376024686,-19.892563970762218,-6.666146770057921,-2.8204472808955288,0.013387274142216524,upper,0.1
676,phase2,upper,-15.0,2,-14.964594452930916,-20.422358376024686,-19.892563970762218,-6.666146770057921,-2.8204472808955288,0.005901978394742313,upper,0.1
677,phase2,upper,-15.0,2,-14.96047648963118,-20.422358376024686,-19.892563970762218,-6.666146770057921,-2.8204472808955288,0.0019372465543490217,upper,0.1
678,phase2,upper,-15.0,2,-14.960233663489939,-20.422358376024686,-19.892563970762218,-6.666146770057921,-2.8204472808955288,-0.00010139188124300797,upper,0.1
679,phase2,upper,-15.0,2,-14.962013532335309,-20.422358376024686,-19.892563970762218,-6.666146770057921,-2.8204472808955288,-0.0010906966634083044,upper,0.1
680,phase2,upper,-15.0,2,-14.964786570674594,-20.422358376024686,-19.892563970762218,-6.666146770057921,-2.8204472808955288,-0.0015128083742111194,upper,0.1
681,phase2,upper,-15.0,2,-14.967980011258135,-20.422358376024686,-19.892563970762218,-6.666146770057921,-2.8204472808955288,-0.0016328068089181446,upper,0.1
682,phase2,upper,-15.0,2,-14.971275817942974,-20.422358376024686,-19.892563970762218,-6.666146770057921,-2.8204472808955288,-0.0015963097485127051,upper,0.1
683,phase2,upper,-15.0,2,-14.974498944840697,-20.422358376024686,-19.892563970762218,-6.666146770057921,-2.8204472808955288,-0.0014831369073164632,upper,0.1
684,phase2,upper,-15.0,2,-14.977555302113242,-20.422358376024686,-19.892563970762218,-6.666146770057921,-2.8204472808955288,-0.0013368306743277928,upper,0.1
685,phase2,upper,-15.0,2,-14.980397124239511,-20.422358376024686,-19.892563970762218,-6.666146770057921,-2.8204472808955288,-0.001180907260279718,upper,0.1
686,phase2,upper,-15.0,2,-14.983003477151945,-20.422358376024686,-19.892563970762218,-6.666146770057921,-2.8204472808955288,-0.0010278125563152626,upper,0.1
687,phase2,upper,-15.0,2,-14.985369157298964,-20.422358376024686,-19.892563970762218,-6.666146770057921,-2.8204472808955288,-0.0008838654418659994,upper,0.1
688,phase2,upper,-15.0,2,-14.987498267082021,-20.422358376024686,-19.892563970762218,-6.666146770057921,-2.8204472808955288,-0.0007519925678613542,upper,0.1
689,phase2,upper,-15.0,2,-14.989400417195386,-20.422358376024686,-19.892563970762218,-6.666146770057921,-2.8204472808955288,-0.0006332462335854731,upper,0.1
690,phase2,upper,-15.0,2,-14.991088422410952,-20.422358376024686,-19.892563970762218,-6.666146770057921,-2.8204472808955288,-0.0005276506141147134,upper,0.1
691,phase2,upper,-15.0,2,-14.992576861285011,-20.422358376024686,-19.892563970762218,-6.666146770057921,-2.8204472808955288,-0.0004346763296656681,upper,0.1
692,phase2,upper,-15.0,2,-14.99388114778778,-20.422358376024686,-19.892563970762218,-6.666146770057921,-2.8204472808955288,-0.0003535085604395087,upper,0.1
693,phase2,upper,-15.0,2,-14.995016915964044,-20.422358376024686,-19.892563970762218,-6.666146770057921,-2.8204472808955288,-0.000283199818513744,upper,0.1
694,phase2,upper,-15.0,2,-14.995999603451931,-20.422358376024686,-19.892563970762218,-6.666146770057921,-2.8204472808955288,-0.00022275774354004471,upper,0.1
695,phase2,upper,-15.0,2,-14.996844166793942,-20.422358376024686,-19.892563970762218,-6.666146770057921,-2.8204472808955288,-0.00017119586722252365,upper,0.1
696,phase2,upper,-15.0,2,-14.997564887876173,-20.422358376024686,-19.892563970762218,-6.666146770057921,-2.8204472808955288,-0.0001275629389650721,upper,0.1
697,phase2,upper,-15.0,2,-14.998175245815919,-20.422358376024686,-19.892563970762218,-6.666146770057921,-2.8204472808955288,-9.095958728679368e-05,upper,0.1
698,phase2,upper,-15.0,2,-14.998687837287061,-20.422358376024686,-19.892563970762218,-6.666146770057921,-2.8204472808955288,-6.054731746043523e-05,upper,0.1
699,phase2,upper,-15.0,2,-14.999114333431576,-20.422358376024686,-19.892563970762218,-6.666146770057921,-2.8204472808955288,-3.555274665171263e-05,upper,0.1
700,phase2,upper,-15.0,2,-14.999465464696248,-20.422358376024686,-19.892563970762218,-6.666146770057921,-2.8204472808955288,-1.526880157029239e-05,upper,0.1
701,phase2,upper,-15.0,2,-14.999751027005738,-20.422358376024686,-19.892563970762218,-6.666146770057921,-2.8204472808955288,9.46063044857733e-07,upper,0.1
702,phase2,upper,-15.0,2,-14.999979904105333,-20.422358376024686,-19.892563970762218,-6.666146770057921,-2.8204472808955288,1.3669951134182747e-05,upper,0.1
703,phase2,upper,-15.0,2,-15.000160101939045,-20.422358376024686,-19.892563970762218,-6.666146770057921,-2.8204472808955288,2.3420470291713426e-05,upper,0.1
704,phase2,upper,-15.0,2,-15.000298791716519,-20.422358376024686,-19.892563970762218,-6.666146770057921,-2.8204472808955288,3.0658226680569094e-05,upper,0.1
705,phase2,upper,-15.0,2,-15.000402358947822,-20.422358376024686,-19.892563970762218,-6.666146770057921,-2.8204472808955288,3.5790649747521345e-05,upper,0.1
706,phase2,upper,-15.0,2,-15.000476456236411,-20.422358376024686,-19.892563970762218,-6.666146770057921,-2.8204472808955288,3.917598541353488e-05,upper,0.1
707,phase2,upper,-15.0,2,-15.000526058045875,-20.422358376024686,-19.892563970762218,-6.666146770057921,-2.8204472808955288,4.1127337615149346e-05,upper,0.1
708,phase2,upper,-15.0,2,-15.000555516013632,-20.422358376024686,-19.892563970762218,-6.666146770057921,-2.8204472808955288,4.191666825269465e-05,upper,0.1
709,phase2,upper,-15.0,2,-15.000568613686585,-20.422358376024686,-19.892563970762218,-6.666146770057921,-2.8204472808955288,4.1778688546928165e-05,upper,0.1
710,phase2,lower,-20.0,4,-15.000568613686585,-20.619341334678747,-19.87309148117592,-6.549182018061556,-2.764392304442503,0.028288056042900182,upper,0.1
711,phase2,upper,-15.0,2,-14.975146970189593,-20.619341334678747,-19.87309148117592,-6.549182018061556,-2.764392304442503,0.013881590496364293,upper,0.1
712,phase2,upper,-15.0,2,-14.963442731059876,-20.619341334678747,-19.87309148117592,-6.549182018061556,-2.764392304442503,0.006127415757437258,upper,0.1
713,phase2,upper,-15.0,2,-14.959204052165857,-20.619341334678747,-19.87309148117592,-6.549182018061556,-2.764392304442503,0.0020205552288311774,upper,0.1
714,phase2,upper,-15.0,2,-14.958971813477667,-20.619341334678747,-19.87309148117592,-6.549182018061556,-2.764392304442503,-9.104288129876156e-05,upper,0.1
715,phase2,upper,-15.0,2,-14.960828104402042,-20.619341334678747,-19.87309148117592,-6.549182018061556,-2.764392304442503,-0.001115764897697858,upper,0.1
716,phase2,upper,-15.0,2,-14.963707505895306,-20.619341334678747,-19.87309148117592,-6.549182018061556,-2.764392304442503,-0.0015531124901304908,upper,0.1
717,phase2,upper,-15.0,2,-14.967017701661737,-20.619341334678747,-19.87309148117592,-6.549182018061556,-2.764392304442503,-0.0016776844360264838,upper,0.1
718,phase2,upper,-15.0,2,-14.970430158830409,-20.619341334678747,-19.87309148117592,-6.549182018061556,-2.764392304442503,-0.0016403056179385097,upper,0.1
719,phase2,upper,-15.0,2,-14.973764360942921,-20.619341334678747,-19.87309148117592,-6.549182018061556,-2.764392304442503,-0.001523631552804559,upper,0.1
720,phase2,upper,-15.0,2,-14.976923545176072,-20.619341334678747,-19.87309148117592,-6.549182018061556,-2.764392304442503,-0.0013727362073801372,upper,0.1
721,phase2,lower,-20.0,4,-14.976923545176072,-20.795951811915106,-19.83891661263056,-6.432208745631814,-2.711317740983053,0.02864813925620845,upper,0.1
722,phase2,upper,-15.0,2,-14.952840044580194,-20.795951811915106,-19.83891661263056,-6.432208745631814,-2.711317740983053,0.01349827881694813,upper,0.1
723,phase2,upper,-15.0,2,-14.943101613008702,-20.795951811915106,-19.83891661263056,-6.432208745631814,-2.711317740983053,0.005416259700448903,upper,0.1
724,phase2,upper,-15.0,2,-14.941056118374384,-20.795951811915106,-19.83891661263056,-6.432208745631814,-2.711317740983053,0.0012016381621287604,upper,0.1
725,phase2,upper,-15.0,2,-14.943029564942755,-20.795951811915106,-19.83891661263056,-6.432208745631814,-2.711317740983053,-0.0009045708670394469,upper,0.1
726,phase2,upper,-15.0,2,-14.94699198136584,-20.795951811915106,-19.83891661263056,-6.432208745631814,-2.711317740983053,-0.001869005538719153,upper,0.1
727,phase2,upper,-15.0,2,-14.951823013573406,-20.795951811915106,-19.83891661263056,-6.432208745631814,-2.711317740983053,-0.002222649822952655,upper,0.1
728,phase2,upper,-15.0,2,-14.956907178264046,-20.795951811915106,-19.83891661263056,-6.432208745631814,-2.711317740983053,-0.0022568678195461675,upper,0.1
729,phase2,upper,-15.0,2,-14.961910403556619,-20.795951811915106,-19.83891661263056,-6.432208745631814,-2.711317740983053,-0.0021311659007078507,upper,0.1
730,phase2,upper,-15.0,2,-14.966656326252359,-20.795951811915106,-19.83891661263056,-6.432208745631814,-2.711317740983053,-0.0019324505799891189,upper,0.1
731,phase2,upper,-15.0,2,-14.971057537548942,-20.795951811915106,-19.83891661263056,-6.432208745631814,-2.711317740983053,-0.001707630476910462,upper,0.1
732,phase2,upper,-15.0,2,-14.975077144325567,-20.795951811915106,-19.83891661263056,-6.432208745631814,-2.711317740983053,-0.001481566265951325,upper,0.1
733,phase2,lower,-20.0,4,-14.975077144325567,-20.951581701626008,-19.790839262297553,-6.3154539382147785,-2.6609559148927193,0.029074017112180193,upper,0.1
734,phase2,upper,-15.0,2,-14.951207072966545,-20.951581701626008,-19.790839262297553,-6.3154539382147785,-2.6609559148927193,0.013705271678509802,upper,0.1
735,phase2,upper,-15.0,2,-14.941805797397343,-20.951581701626008,-19.790839262297553,-6.3154539382147785,-2.6609559148927193,0.0055158075161972474,upper,0.1
736,phase2,upper,-15.0,2,-14.940125521053004,-20.951581701626008,-19.790839262297553,-6.3154539382147785,-2.6609559148927193,0.0012524751426784251,upper,0.1
737,phase2,upper,-15.0,2,-14.942444989251095,-20.951581701626008,-19.790839262297553,-6.3154539382147785,-2.6609559148927193,-0.0008723189241123502,upper,0.1
738,phase2,upper,-15.0,2,-14.946713055349635,-20.951581701626008,-19.790839262297553,-6.3154539382147785,-2.6609559148927193,-0.0018406184792666988,upper,0.1
739,phase2,upper,-15.0,2,-14.951802033165789,-20.951581701626008,-19.790839262297553,-6.3154539382147785,-2.6609559148927193,-0.002191593487718396,upper,0.1
740,phase2,upper,-15.0,2,-14.957096252372141,-20.951581701626008,-19.790839262297553,-6.3154539382147785,-2.6609559148927193,-0.002220859157941947,upper,0.1
741,phase2,upper,-15.0,2,-14.962264948509207,-20.951581701626008,-19.790839262297553,-6.3154539382147785,-2.6609559148927193,-0.0020900403556847903,upper,0.1
742,phase2,upper,-15.0,2,-14.967136585342432,-20.951581701626008,-19.790839262297553,-6.3154539382147785,-2.6609559148927193,-0.0018870172728293814,upper,0.1
743,phase2,upper,-15.0,2,-14.971629046937625,-20.951581701626008,-19.790839262297553,-6.3154539382147785,-2.6609559148927193,-0.0016590677589451881,upper,0.1
744,phase2,upper,-15.0,2,-14.975710651383944,-20.951581701626008,-19.790839262297553,-6.3154539382147785,-2.6609559148927193,-0.0014311118820603242,upper,0.1
745,phase2,upper,-15.0,2,-14.979378209523052,-20.951581701626008,-19.790839262297553,-6.3154539382147785,-2.6609559148927193,-0.0012157651106183705,upper,0.1
746,phase2,lower,-20.0,4,-14.979378209523052,-21.086601646292717,-19.730226616047098,-6.199516852442812,-2.61334777836592,0.029338434698191918,upper,0.1
747,phase2,upper,-15.0,2,-14.95514576576725,-21.086601646292717,-19.730226616047098,-6.199516852442812,-2.61334777836592,0.013952672560336912,upper,0.1
748,phase2,upper,-15.0,2,-14.945383082064383,-21.086601646292717,-19.730226616047098,-6.199516852442812,-2.61334777836592,0.005742707471711838,upper,0.1
749,phase2,upper,-15.0,2,-14.943351144605687,-21.086601646292717,-19.730226616047098,-6.199516852442812,-2.61334777836592,0.001457704056996273,upper,0.1
750,phase2,upper,-15.0,2,-14.945334318128337,-21.086601646292717,-19.730226616047098,-6.199516852442812,-2.61334777836592,-0.0006886310282460927,upper,0.1
751,phase2,upper,-15.0,2,-14.949284986250094,-21.086601646292717,-19.730226616047098,-6.199516852442812,-2.61334777836592,-0.0016776186423203194,upper,0.1
752,phase2,upper,-15.0,2,-14.954077561271506,-21.086601646292717,-19.730226616047098,-6.199516852442812,-2.61334777836592,-0.002048038905335087,upper,0.1
753,phase2,upper,-15.0,2,-14.959097458707692,-21.086601646292717,-19.730226616047098,-6.199516852442812,-2.61334777836592,-0.0020953126075444134,upper,0.1
754,phase2,upper,-15.0,2,-14.964014267213807,-21.086601646292717,-19.730226616047098,-6.199516852442812,-2.61334777836592,-0.001980986972126675,upper,0.1
755,phase2,upper,-15.0,2,-14.968656266922002,-21.086601646292717,-19.730226616047098,-6.199516852442812,-2.61334777836592,-0.001792935570932494,upper,0.1
756,phase2,upper,-15.0,2,-14.97294076477078,-21.086601646292717,-19.730226616047098,-6.199516852442812,-2.61334777836592,-0.0015784733969523754,upper,0.1
757,phase2,upper,-15.0,2,-14.976835216673896,-21.086601646292717,-19.730226616047098,-6.199516852442812,-2.61334777836592,-0.001362584695255936,upper,0.1
758,phase2,upper,-15.0,2,-14.980335370444726,-21.086601646292717,-19.730226616047098,-6.199516852442812,-2.61334777836592,-0.0011579655213995203,upper,0.1
759,phase2,upper,-15.0,2,-14.983452852840273,-21.086601646292717,-19.730226616047098,-6.199516852442812,-2.61334777836592,-0.0009705637837781772,upper,0.1
760,phase2,upper,-15.0,2,-14.986208025675687,-21.086601646292717,-19.730226616047098,-6.199516852442812,-2.61334777836592,-0.0008026407801418442,upper,0.1
761,phase2,upper,-15.0,2,-14.98862580593787,-21.086601646292717,-19.730226616047098,-6.199516852442812,-2.61334777836592,-0.0006544668915937695,upper,0.1
762,phase2,upper,-15.0,2,-14.990733173326651,-21.086601646292717,-19.730226616047098,-6.199516852442812,-2.61334777836592,-0.0005252633519736637,upper,0.1
763,phase2,upper,-15.0,2,-14.992557654801084,-21.086601646292717,-19.730226616047098,-6.199516852442812,-2.61334777836592,-0.00041372684147845555,upper,0.1
764,phase2,lower,-20.0,4,-14.992557654801084,-21.201336497425487,-19.65829416178017,-6.0848677468832575,-2.5684638968229456,0.029494180678163773,upper,0.1
765,phase2,upper,-15.0,2,-14.967209271013449,-21.201336497425487,-19.65829416178017,-6.0848677468832575,-2.5684638968229456,0.014336552270376904,upper,0.1
766,phase2,upper,-15.0,2,-14.956166545586791,-21.201336497425487,-19.65829416178017,-6.0848677468832575,-2.5684638968229456,0.006208604188389613,upper,0.1
767,phase2,upper,-15.0,2,-14.952832157945403,-21.201336497425487,-19.65829416178017,-6.0848677468832575,-2.5684638968229456,0.001930014471449275,upper,0.1
768,phase2,upper,-15.0,2,-14.953564637296308,-21.201336497425487,-19.65829416178017,-6.0848677468832575,-2.5684638968229456,-0.0002470738568589578,upper,0.1
769,phase2,upper,-15.0,2,-14.956353062773054,-21.201336497425487,-19.65829416178017,-6.0848677468832575,-2.5684638968229456,-0.0012831817604700814,upper,0.1
770,phase2,upper,-15.0,2,-14.960087739787989,-21.201336497425487,-19.65829416178017,-6.0848677468832575,-2.5684638968229456,-0.0017059839706927726,upper,0.1
771,phase2,upper,-15.0,2,-14.964158454533381,-21.201336497425487,-19.65829416178017,-6.0848677468832575,-2.5684638968229456,-0.0018051203265405935,upper,0.1
772,phase2,upper,-15.0,2,-14.96823284108723,-21.201336497425487,-19.65829416178017,-6.0848677468832575,-2.5684638968229456,-0.0017392752806066915,upper,0.1
773,phase2,upper,-15.0,2,-14.972133832666618,-21.201336497425487,-19.65829416178017,-6.0848677468832575,-2.5684638968229456,-0.0015950517104647531,upper,0.1
774,phase2,upper,-15.0,2,-14.975771667807384,-21.201336497425487,-19.65829416178017,-6.0848677468832575,-2.5684638968229456,-0.0014193543840078661,upper,0.1
775,phase2,upper,-15.0,2,-14.979105974703458,-21.201336497425487,-19.65829416178017,-6.0848677468832575,-2.5684638968229456,-0.0012372136984003532,upper,0.1
776,phase2,upper,-15.0,2,-14.982124474120612,-21.201336497425487,-19.65829416178017,-6.0848677468832575,-2.5684638968229456,-0.0010616048331390157,upper,0.1
777,phase2,upper,-15.0,2,-14.984830894815813,-21.201336497425487,-19.65829416178017,-6.0848677468832575,-2.5684638968229456,-0.0008988642735359887,upper,0.1
778,phase2,upper,-15.0,2,-14.987238022027919,-21.201336497425487,-19.65829416178017,-6.0848677468832575,-2.5684638968229456,-0.0007516832066250359,upper,0.1
779,phase2,upper,-15.0,2,-14.989363628155957,-21.201336497425487,-19.65829416178017,-6.0848677468832575,-2.5684638968229456,-0.0006207658986218436,upper,0.1
780,phase2,upper,-15.0,2,-14.991228040255054,-21.201336497425487,-19.65829416178017,-6.0848677468832575,-2.5684638968229456,-0.0005057513945154964,upper,0.1
781,phase2,upper,-15.0,2,-14.992852652296905,-21.201336497425487,-19.65829416178017,-6.0848677468832575,-2.5684638968229456,-0.0004057277548500311,upper,0.1
782,phase2,upper,-15.0,2,-14.994258994981742,-21.201336497425487,-19.65829416178017,-6.0848677468832575,-2.5684638968229456,-0.0003195201374769366,upper,0.1
783,phase2,upper,-15.0,2,-14.995468144165546,-21.201336497425487,-19.65829416178017,-6.0848677468832575,-2.5684638968229456,-0.00024585272250469926,upper,0.1
784,phase2,upper,-15.0,2,-14.996500342158953,-21.201336497425487,-19.65829416178017,-6.0848677468832575,-2.5684638968229456,-0.00018343976017718843,upper,0.1
785,phase2,upper,-15.0,2,-14.997374758037138,-21.201336497425487,-19.65829416178017,-6.0848677468832575,-2.5684638968229456,-0.00013103640925606413,upper,0.1
786,phase2,upper,-15.0,2,-14.99810934222811,-21.201336497425487,-19.65829416178017,-6.0848677468832575,-2.5684638968229456,-8.74664713834322e-05,upper,0.1
787,phase2,upper,-15.0,2,-14.99872074721546,-21.201336497425487,-19.65829416178017,-6.0848677468832575,-2.5684638968229456,-5.163663945511229e-05,upper,0.1
788,phase2,upper,-15.0,2,-14.999224295803849,-21.201336497425487,-19.65829416178017,-6.0848677468832575,-2.5684638968229456,-2.2542731710075033e-05,upper,0.1
789,phase2,upper,-15.0,2,-14.99963398413282,-21.201336497425487,-19.65829416178017,-6.0848677468832575,-2.5684638968229456,7.289239163649338e-07,upper,0.1
790,phase2,upper,-15.0,2,-14.999962510182348,-21.201336497425487,-19.65829416178017,-6.0848677468832575,-2.5684638968229456,1.9003083998327073e-05,upper,0.1
791,phase2,upper,-15.0,2,-15.000221320827396,-21.201336497425487,-19.65829416178017,-6.0848677468832575,-2.5684638968229456,3.3019024487902825e-05,upper,0.1
792,phase2,lower,-20.0,4,-15.000221320827396,-21.297002546738916,-19.576768575242628,-5.972316787141514,-2.5265372008740243,0.02933859955650937,upper,0.1
793,phase2,upper,-15.0,2,-14.974045649606857,-21.297002546738916,-19.576768575242628,-5.972316787141514,-2.5265372008740243,0.014403169561740304,upper,0.1
794,phase2,upper,-15.0,2,-14.962062165531568,-21.297002546738916,-19.576768575242628,-5.972316787141514,-2.5265372008740243,0.006367065741183351,upper,0.1
795,phase2,upper,-15.0,2,-14.95779017322114,-21.297002546738916,-19.576768575242628,-5.972316787141514,-2.5265372008740243,0.0021129801962242265,upper,0.1
796,phase2,upper,-15.0,2,-14.957645849554673,-21.297002546738916,-19.576768575242628,-5.972316787141514,-2.5265372008740243,-7.277224130375001e-05,upper,0.1
797,phase2,upper,-15.0,2,-14.959643828792816,-21.297002546738916,-19.576768575242628,-5.972316787141514,-2.5265372008740243,-0.0011323593317114715,upper,0.1
798,phase2,upper,-15.0,2,-14.962682693296035,-21.297002546738916,-19.576768575242628,-5.972316787141514,-2.5265372008740243,-0.0015837645093330407,upper,0.1
799,phase2,upper,-15.0,2,-14.96615139525812,-21.297002546738916,-19.576768575242628,-5.972316787141514,-2.5265372008740243,-0.0017116655593604664,upper,0.1
