episode,phase,route,return,steps,q_start_right,q_start_down,q_shield_right,q_d1_right,q_d2_right,mood_M,greedy_route,epsilon
0,phase1,lower,-10.0,4,0.0,-0.25,-0.25,-0.25,-0.25,nan,upper,0.1
1,phase1,upper,-15.0,2,-1.25,-0.25,-0.25,-0.25,-0.25,nan,lower,0.1
2,phase1,lower,-10.0,4,-1.25,-0.5,-0.5,-0.5,-0.475,nan,lower,0.1
3,phase1,lower,-10.0,4,-1.25,-0.75,-0.75,-0.7475,-0.6775,nan,lower,0.1
4,phase1,lower,-10.0,4,-1.25,-1.0,-0.99975,-0.9905,-0.85975,nan,lower,0.1
5,phase1,lower,-10.0,4,-1.25,-1.249975,-1.248825,-1.227425,-1.023775,nan,lower,0.1
6,phase1,lower,-10.0,4,-1.25,-1.49986,-1.496685,-1.45706,-1.1713975,nan,upper,0.1
7,phase1,upper,-15.0,2,-2.4000000000000004,-1.49986,-1.496685,-1.45706,-1.1713975,nan,lower,0.1
8,phase1,lower,-10.0,4,-2.4000000000000004,-1.7495425,-1.7427225000000002,-1.6784937500000001,-1.30425775,nan,lower,0.1
9,phase1,lower,-10.0,4,-2.4000000000000004,-1.9988605000000002,-1.9862996250000002,-1.8910701500000002,-1.4238319750000001,nan,lower,0.1
10,phase1,lower,-10.0,4,-2.4000000000000004,-2.2476044125000003,-2.2267766775,-2.0943463325000002,-1.5314487775,nan,lower,0.1
11,phase1,lower,-10.0,4,-2.4000000000000004,-2.495521639,-2.4635336430000003,-2.2880565770000003,-1.6283038997500001,nan,upper,0.1
12,phase1,upper,-15.0,2,-3.4575000000000005,-2.495521639,-2.4635336430000003,-2.2880565770000003,-1.6283038997500001,nan,lower,0.1
13,phase1,lower,-10.0,4,-3.4575000000000005,-2.7423228394,-2.6959859364000005,-2.4720813092750005,-1.715473509775,nan,lower,0.1
14,phase1,lower,-10.0,4,-3.4575000000000005,-2.9876891491,-2.9235954736875005,-2.6464205293250003,-1.7939261587975,nan,lower,0.1
15,phase1,lower,-10.0,4,-3.4575000000000005,-3.23127978155875,-3.1458779792512503,-2.81117109227225,-1.8645335429177499,nan,lower,0.1
16,phase1,lower,-10.0,4,-3.4575000000000005,-3.472739601328,-3.3624072905533504,-2.9665073373368003,-1.9280801886259749,nan,upper,0.1
17,phase1,upper,-15.0,2,-4.429500000000001,-3.472739601328,-3.3624072905533504,-2.9665073373368003,-1.9280801886259749,nan,lower,0.1
18,phase1,lower,-10.0,4,-4.429500000000001,-3.711706370250535,-3.5728172952316952,-3.1126646224657177,-1.9852721697633773,nan,lower,0.1
19,phase1,lower,-10.0,4,-4.429500000000001,-3.947817462748651,-3.7768020279550973,-3.2499253771954835,-2.0367449527870396,nan,lower,0.1
20,phase1,lower,-10.0,4,-4.429500000000001,-4.1807159192692955,-3.9741143628791358,-3.378607334754639,-2.0830704575083354,nan,lower,0.1
21,phase1,lower,-10.0,4,-4.429500000000001,-4.41005576363028,-4.164563660066686,-3.4990536470300087,-2.124763411757502,nan,lower,0.1
22,phase1,lower,-10.0,4,-4.429500000000001,-4.63550655327392,-4.348012658763018,-3.611624623502758,-2.162287070581752,nan,upper,0.1
23,phase1,upper,-15.0,2,-5.322525000000001,-4.63550655327392,-4.348012658763018,-3.611624623502758,-2.162287070581752,nan,lower,0.1
24,phase1,lower,-10.0,4,-5.322525000000001,-4.85675716382283,-4.524373855236992,-3.7166908682106574,-2.196058363523577,nan,lower,0.1
25,phase1,lower,-10.0,4,-5.322525000000001,-5.073518832964246,-4.693605556534359,-3.8146276177419494,-2.226452527171219,nan,lower,0.1
26,phase1,lower,-10.0,4,-5.322525000000001,-5.285527505321257,-4.855707762655118,-3.9058101086848764,-2.2538072744540973,nan,lower,0.1
27,phase1,lower,-10.0,4,-5.322525000000001,-5.492545531054643,-5.010717997258094,-3.9906098252617985,-2.2784265470086877,nan,upper,0.1
28,phase1,upper,-15.0,2,-6.142650000000001,-5.492545531054643,-5.010717997258094,-3.9906098252617985,-2.2784265470086877,nan,lower,0.1
29,phase1,lower,-10.0,4,-6.142650000000001,-5.694362777674987,-5.158707180058465,-4.069391497436487,-2.300583892307819,nan,lower,0.1
30,phase1,lower,-10.0,4,-6.142650000000001,-5.890797217913335,-5.299775611796267,-4.1425107369236205,-2.320525503077037,nan,lower,0.1
31,phase1,lower,-10.0,4,-6.142650000000001,-6.081695057301628,-5.434049124309003,-4.210312213538963,-2.338472952769333,nan,lower,0.1
32,phase1,lower,-10.0,4,-6.142650000000001,-6.266930464002366,-5.561675433231999,-4.273128287462,-2.3546256574923996,nan,upper,0.1
33,phase1,upper,-15.0,2,-6.895524750000001,-6.266930464002366,-5.561675433231999,-4.273128287462,-2.3546256574923996,nan,lower,0.1
34,phase1,lower,-10.0,4,-6.895524750000001,-6.446404960925329,-5.682820718654999,-4.33127802446504,-2.3691630917431596,nan,lower,0.1
35,phase1,lower,-10.0,4,-6.895524750000001,-6.620046536698296,-5.7976664492360035,-4.385066531192852,-2.382246782568844,nan,lower,0.1
36,phase1,lower,-10.0,4,-6.895524750000001,-6.787808527952067,-5.906406457431689,-4.434784556330451,-2.3940221043119596,nan,lower,0.1
37,phase1,lower,-10.0,4,-6.895524750000001,-6.949668320900029,-6.009244267321565,-4.480708311128602,-2.4046198938807635,nan,upper,0.1
38,phase1,upper,-15.0,2,-7.586398050000001,-6.949668320900029,-6.009244267321565,-4.480708311128602,-2.4046198938807635,nan,lower,0.1
39,phase1,lower,-10.0,4,-7.586398050000001,-7.105625915542182,-6.106390671702268,-4.523099469403818,-2.4141579044926873,nan,lower,0.1
40,phase1,lower,-10.0,4,-7.586398050000001,-7.255702391158191,-6.198061551472423,-4.562205312912705,-2.4227421140434187,nan,lower,0.1
41,phase1,lower,-10.0,4,-7.586398050000001,-7.399938307189614,-6.284475927616452,-4.598258993025777,-2.430467902639077,nan,lower,0.1
42,phase1,lower,-10.0,4,-7.586398050000001,-7.538392069232298,-6.365854234157384,-4.631479883987106,-2.4374211123751692,nan,lower,0.1
43,phase1,lower,-10.0,4,-7.586398050000001,-7.6711382857248065,-6.442416799140356,-4.662074006825913,-2.443679001137652,nan,upper,0.1
44,phase1,upper,-15.0,2,-8.220141442500001,-7.6711382857248065,-6.442416799140356,-4.662074006825913,-2.443679001137652,nan,lower,0.1
45,phase1,lower,-10.0,4,-8.220141442500001,-7.798266137066362,-6.514382519908912,-4.690234506257086,-2.449311101023887,nan,lower,0.1
46,phase1,lower,-10.0,4,-8.220141442500001,-7.919877775350617,-6.581967718543729,-4.716142165733766,-2.454379990921498,nan,lower,0.1
47,phase1,lower,-10.0,4,-8.220141442500001,-8.036086769669929,-6.645385163262732,-4.739965948252539,-2.4589419918293483,nan,lower,0.1
48,phase1,lower,-10.0,4,-8.220141442500001,-8.147016609029208,-6.704843241761713,-4.761863552610221,-2.4630477926464134,nan,lower,0.1
49,phase1,lower,-10.0,4,-8.220141442500001,-8.25279927230246,-6.760545272846564,-4.78198197661384,-2.4667430133817723,nan,upper,0.1
50,phase1,lower,-10.0,4,-8.220141442500001,-8.35357387235687,-6.812688943223291,-4.800458080290633,-2.470068712043595,nan,upper,0.1
51,phase1,upper,-15.0,2,-8.801272176000001,-8.35357387235687,-6.812688943223291,-4.800458080290633,-2.470068712043595,nan,lower,0.1
52,phase1,lower,-10.0,4,-8.801272176000001,-8.449485379443512,-6.8614658569300255,-4.817419143465929,-2.4730618408392355,nan,lower,0.1
53,phase1,lower,-10.0,4,-8.801272176000001,-8.540683427192164,-6.907061185583616,-4.83298341320326,-2.475755656755312,nan,lower,0.1
54,phase1,lower,-10.0,4,-8.801272176000001,-8.62732120303131,-6.94965340834558,-4.847260637558465,-2.4781800910797807,nan,lower,0.1
55,phase1,lower,-10.0,4,-8.801272176000001,-8.709554423562736,-6.9894141312668685,-4.860352582910597,-2.4803620819718026,nan,lower,0.1
56,phase1,lower,-10.0,4,-8.801272176000001,-8.78754039433315,-7.026507976431241,-4.872353532816717,-2.4823258737746223,nan,lower,0.1
57,phase1,lower,-10.0,4,-8.801272176000001,-8.861437152542958,-7.061092532069789,-4.883350766912508,-2.48409328639716,nan,upper,0.1
58,phase1,upper,-15.0,2,-9.333975348375,-8.861437152542958,-7.061092532069789,-4.883350766912508,-2.48409328639716,nan,lower,0.1
59,phase1,lower,-10.0,4,-9.333975348375,-8.931402690495641,-7.093318355554061,-4.893425018860973,-2.485683957757444,nan,lower,0.1
60,phase1,lower,-10.0,4,-9.333975348375,-8.997594257001483,-7.123329021884752,-4.90265091275062,-2.4871155619816996,nan,lower,0.1
61,phase1,lower,-10.0,4,-9.333975348375,-9.06016773348981,-7.151261210971339,-4.911097377673729,-2.4884040057835297,nan,lower,0.1
62,phase1,lower,-10.0,4,-9.333975348375,-9.119277081237962,-7.177244827641578,-4.9188280404847085,-2.4895636052051766,nan,lower,0.1
63,phase1,lower,-10.0,4,-9.333975348375,-9.175073855878324,-7.201403148925891,-4.925901596956756,-2.490607244684659,nan,lower,0.1
64,phase1,lower,-10.0,4,-9.333975348375,-9.22770678518308,-7.223852993728977,-4.932372161729546,-2.4915465202161933,nan,lower,0.1
65,phase1,lower,-10.0,4,-9.333975348375,-9.27732140603767,-7.244704910529034,-4.938289597578211,-2.492391868194574,nan,lower,0.1
66,phase1,upper,-15.0,2,-9.822125164515,-9.27732140603767,-7.244704910529034,-4.938289597578211,-2.492391868194574,nan,lower,0.1
67,phase1,lower,-10.0,4,-9.822125164515,-9.324059756486806,-7.264063379233952,-4.943699824639848,-2.4931526813751166,nan,lower,0.1
68,phase1,upper,-15.0,2,-10.26930526394325,-9.324059756486806,-7.264063379233952,-4.943699824639848,-2.4931526813751166,nan,lower,0.1
69,phase1,lower,-10.0,4,-10.26930526394325,-9.36806011876152,-7.282027023774542,-4.948645110313374,-2.493837413237605,nan,lower,0.1
70,phase1,lower,-10.0,4,-10.26930526394325,-9.409456809262823,-7.298688832428425,-4.953164340605797,-2.4944536719138446,nan,lower,0.1
71,phase1,lower,-10.0,4,-10.26930526394325,-9.448380011579383,-7.314136383246162,-4.957293273736601,-2.49500830472246,nan,lower,0.1
72,phase1,lower,-10.0,4,-10.26930526394325,-9.48495564874606,-7.328452072295207,-4.961064776835187,-2.495507474250214,nan,lower,0.1
73,phase1,lower,-10.0,4,-10.26930526394325,-9.519305291100975,-7.3417133427492045,-4.96450904657669,-2.4959567268251925,nan,lower,0.1
74,phase1,lower,-10.0,4,-10.26930526394325,-9.551546096265799,-7.353992913131953,-4.96765381460154,-2.4963610541426733,nan,lower,0.1
75,phase1,upper,-15.0,2,-10.6788280918407,-9.551546096265799,-7.353992913131953,-4.96765381460154,-2.4963610541426733,nan,lower,0.1
76,phase1,lower,-10.0,4,-10.6788280918407,-9.581790777952415,-7.365359003278912,-4.970524538555654,-2.496724948728406,nan,lower,0.1
77,phase1,lower,-10.0,4,-10.6788280918407,-9.610147600485064,-7.375875556806586,-4.973144579572929,-2.4970524538555656,nan,lower,0.1
78,phase1,lower,-10.0,4,-10.6788280918407,-9.636720396117216,-7.385602459083221,-4.975535367001193,-2.4973472084700092,nan,lower,0.1
79,phase1,lower,-10.0,4,-10.6788280918407,-9.661608602413816,-7.394595749875018,-4.977716551148075,-2.4976124876230084,nan,lower,0.1
80,phase1,lower,-10.0,4,-10.6788280918407,-9.684907317159936,-7.402907830002324,-4.979706144795568,-2.4978512388607075,nan,lower,0.1
81,phase1,lower,-10.0,4,-10.6788280918407,-9.706707368444174,-7.410587661481648,-4.981520654202082,-2.4980661149746366,nan,lower,0.1
82,phase1,lower,-10.0,4,-10.6788280918407,-9.727095397747922,-7.417680960753691,-4.983175200279337,-2.498259503477173,nan,lower,0.1
83,phase1,lower,-10.0,4,-10.6788280918407,-9.746153954048498,-7.424230384706255,-4.984683630599121,-2.4984335531294555,nan,lower,0.1
84,phase1,lower,-10.0,4,-10.6788280918407,-9.763961597114275,-7.430275709295541,-4.986058622852155,-2.49859019781651,nan,lower,0.1
85,phase1,lower,-10.0,4,-10.6788280918407,-9.780593008332401,-7.435854000651203,-4.98731178034859,-2.498731178034859,nan,lower,0.1
86,phase1,upper,-15.0,2,-11.053753301519228,-9.780593008332401,-7.435854000651203,-4.98731178034859,-2.498731178034859,nan,lower,0.1
87,phase1,lower,-10.0,4,-11.053753301519228,-9.796119107564282,-7.440999778620942,-4.988453720117217,-2.498858060231373,nan,lower,0.1
88,phase1,lower,-10.0,4,-11.053753301519228,-9.810607174669947,-7.445745172770569,-4.989494154128633,-2.4989722542082355,nan,lower,0.1
89,phase1,lower,-10.0,4,-11.053753301519228,-9.824120974480008,-7.450120070906375,-4.990441964136593,-2.499075028787412,nan,lower,0.1
90,phase1,lower,-10.0,4,-11.053753301519228,-9.836720884122645,-7.454152260229397,-4.991305270601675,-2.4991675259086708,nan,lower,0.1
91,phase1,lower,-10.0,4,-11.053753301519228,-9.84846402173332,-7.4578675612666245,-4.992091496132375,-2.4992507733178035,nan,lower,0.1
92,phase1,lower,-10.0,4,-11.053753301519228,-9.859404375686651,-7.4612899547532,-4.992807423850918,-2.4993256959860233,nan,lower,0.1
93,phase1,lower,-10.0,4,-11.053753301519228,-9.869592933593307,-7.464441701662972,-4.9934592510644285,-2.499393126387421,nan,lower,0.1
94,phase1,lower,-10.0,4,-11.053753301519228,-9.879077810400274,-7.467343456603118,-4.994052638596727,-2.499453813748679,nan,lower,0.1
95,phase1,lower,-10.0,4,-11.053753301519228,-9.887904375020558,-7.470014374802479,-4.994592756111922,-2.499508432373811,nan,lower,0.1
96,phase1,lower,-10.0,4,-11.053753301519228,-9.89611537499875,-7.472472212933424,-4.995084323738111,-2.49955758913643,nan,lower,0.1
97,phase1,lower,-10.0,4,-11.053753301519228,-9.903751058792217,-7.474733424013892,-4.995531650277943,-2.499601830222787,nan,lower,0.1
98,phase1,lower,-10.0,4,-11.053753301519228,-9.910849295314385,-7.4768132466402975,-4.995938668272427,-2.4996416472005083,nan,lower,0.1
99,phase1,lower,-10.0,4,-11.053753301519228,-9.917445690446977,-7.47872578880351,-4.996308966165236,-2.4996774824804575,nan,lower,0.1
100,phase1,lower,-10.0,4,-11.053753301519228,-9.92357370028263,-7.4804841065396825,-4.996645817796758,-2.499709734232412,nan,lower,0.1
101,phase1,lower,-10.0,4,-11.053753301519228,-9.929264740908335,-7.48210027766539,-4.996952209440324,-2.4997387608091706,nan,lower,0.1
102,phase1,lower,-10.0,4,-11.053753301519228,-9.93454829458404,-7.4835854708428835,-4.997230864577209,-2.4997648847282536,nan,lower,0.1
103,phase1,upper,-15.0,2,-11.396905188343643,-9.93454829458404,-7.4835854708428835,-4.997230864577209,-2.4997648847282536,nan,lower,0.1
104,phase1,lower,-10.0,4,-11.396905188343643,-9.939452012209925,-7.484950010216316,-4.997484266592314,-2.499788396255428,nan,lower,0.1
105,phase1,lower,-10.0,4,-11.396905188343643,-9.944001812010564,-7.486203435853916,-4.997714679558625,-2.4998095566298852,nan,lower,0.1
106,phase1,lower,-10.0,4,-11.396905188343643,-9.9482219743949,-7.487354560224387,-4.997924167265751,-2.4998286009668966,nan,lower,0.1
107,phase1,lower,-10.0,4,-11.396905188343643,-9.952135232977849,-7.488411520928523,-4.998114610635866,-2.499845740870207,nan,lower,0.1
108,phase1,lower,-10.0,4,-11.396905188343643,-9.955762861772916,-7.489381829899257,-4.9982877236593,-2.4998611667831865,nan,lower,0.1
109,phase1,lower,-10.0,4,-11.396905188343643,-9.959124758585551,-7.490272419275261,-4.998445067971689,-2.4998750501048677,nan,lower,0.1
110,phase1,lower,-10.0,4,-11.396905188343643,-9.962239524654521,-7.491089684144904,-4.998588066185007,-2.499887545094381,nan,lower,0.1
111,phase1,lower,-10.0,4,-11.396905188343643,-9.96512454060356,-7.491839522348914,-4.998718014075944,-2.499898790584943,nan,lower,0.1
112,phase1,lower,-10.0,4,-11.396905188343643,-9.967796038778095,-7.492527371521617,-4.998836091726844,-2.4999089115264486,nan,lower,0.1
113,phase1,lower,-10.0,4,-11.396905188343643,-9.970269172052447,-7.4931582435421396,-4.998943373706804,-2.4999180203738036,nan,lower,0.1
114,phase1,lower,-10.0,4,-11.396905188343643,-9.972558079201416,-7.493736756558606,-4.999040838373504,-2.499926218336423,nan,lower,0.1
115,phase1,lower,-10.0,4,-11.396905188343643,-9.974675946937136,-7.494267164740096,-4.999129376369796,-2.499933596502781,nan,lower,0.1
116,phase1,lower,-10.0,4,-11.396905188343643,-9.976635068717432,-7.494753385903066,-4.999209798383094,-2.499940236852503,nan,lower,0.1
117,phase1,lower,-10.0,4,-11.396905188343643,-9.978446900435996,-7.495199027151069,-4.999282842230035,-2.4999462131672527,nan,lower,0.1
118,phase1,lower,-10.0,4,-11.396905188343643,-9.980122113107504,-7.495607408658966,-4.999349179323756,-2.4999515918505275,nan,lower,0.1
119,phase1,upper,-15.0,2,-11.710889164787982,-9.980122113107504,-7.495607408658966,-4.999349179323756,-2.4999515918505275,nan,lower,0.1
120,phase1,lower,-10.0,4,-11.710889164787982,-9.98167064266265,-7.495981585725445,-4.999409420576433,-2.4999564326654746,nan,lower,0.1
121,phase1,lower,-10.0,4,-11.710889164787982,-9.98310173696893,-7.4963243692105435,-4.999464121785337,-2.4999607893989273,nan,lower,0.1
122,phase1,lower,-10.0,4,-11.710889164787982,-9.98442400019309,-7.496638344468023,-4.999513788546696,-2.4999647104590346,nan,lower,0.1
123,phase1,lower,-10.0,4,-11.710889164787982,-9.985645434620583,-7.49692588887589,-4.999558880737929,-2.499968239413131,nan,lower,0.1
124,phase1,lower,-10.0,4,-11.710889164787982,-9.986773480046114,-7.4971891880620944,-4.99959981660545,-2.499971415471818,nan,lower,0.1
125,phase1,lower,-10.0,4,-11.710889164787982,-9.987815050847713,-7.49743025091643,-4.999636976492087,-2.499974273924636,nan,lower,0.1
126,phase1,lower,-10.0,4,-11.710889164787982,-9.988776570854585,-7.497650923473996,-4.999670706235342,-2.499976846532172,nan,lower,0.1
127,phase1,upper,-15.0,2,-11.998107294060018,-9.988776570854585,-7.497650923473996,-4.999670706235342,-2.499976846532172,nan,lower,0.1
128,phase1,lower,-10.0,4,-11.998107294060018,-9.989664006116525,-7.4978529017501305,-4.999701320265025,-2.499979161878955,nan,lower,0.1
129,phase1,lower,-10.0,4,-11.998107294060018,-9.990482895679886,-7.49803774360162,-4.999729104426418,-2.4999812456910595,nan,lower,0.1
130,phase1,lower,-10.0,4,-11.998107294060018,-9.99123838047206,-7.4982068796841,-4.999754318552882,-2.4999831211219536,nan,lower,0.1
131,phase1,upper,-15.0,2,-12.260772905829766,-9.99123838047206,-7.4982068796841,-4.999754318552882,-2.4999831211219536,nan,lower,0.1
132,phase1,lower,-10.0,4,-12.260772905829766,-9.991935230393263,-7.498361623570979,-4.999777198809789,-2.4999848090097583,nan,lower,0.1
133,phase1,lower,-10.0,4,-12.260772905829766,-9.992577869711035,-7.4985031810948595,-4.999797959829786,-2.4999863281087826,nan,lower,0.1
134,phase1,lower,-10.0,4,-12.260772905829766,-9.993170400849417,-7.4986326589683525,-4.999816796657686,-2.4999876952979045,nan,lower,0.1
135,phase1,lower,-10.0,4,-12.260772905829766,-9.99371662666131,-7.498751072737286,-4.999833886521707,-2.4999889257681143,nan,lower,0.1
136,phase1,lower,-10.0,4,-12.260772905829766,-9.994220071268908,-7.498859354115728,-4.999849390446348,-2.499990033191303,nan,lower,0.1
137,phase1,lower,-10.0,4,-12.260772905829766,-9.99468399955359,-7.498958357748791,-4.999863454720844,-2.499991029872173,nan,lower,0.1
138,phase1,lower,-10.0,4,-12.260772905829766,-9.99511143537311,-7.499048867445996,-4.999876212235977,-2.4999919268849555,nan,lower,0.1
139,phase1,lower,-10.0,4,-12.260772905829766,-9.995505178580398,-7.4991316019249945,-4.999887783700875,-2.49999273419646,nan,lower,0.1
140,phase1,lower,-10.0,4,-12.260772905829766,-9.995867820914858,-7.499207220102583,-4.999898278750433,-2.499993460776814,nan,lower,0.1
141,phase1,lower,-10.0,4,-12.260772905829766,-9.996201760833632,-7.499276325967368,-4.999907796953071,-2.4999941146991325,nan,lower,0.1
142,phase1,lower,-10.0,4,-12.260772905829766,-9.996509217347006,-7.499339473065938,-4.999916428727677,-2.4999947032292194,nan,lower,0.1
143,phase1,lower,-10.0,4,-12.260772905829766,-9.996792242918898,-7.499397168632112,-4.999924256177831,-2.4999952329062975,nan,lower,0.1
144,phase1,lower,-10.0,4,-12.260772905829766,-9.99705273549022,-7.499449877386684,-4.999931353850678,-2.4999957096156677,nan,lower,0.1
145,phase1,lower,-10.0,4,-12.260772905829766,-9.997292449679867,-7.499498025033083,-4.999937789427177,-2.499996138654101,nan,lower,0.1
146,phase1,lower,-10.0,4,-12.260772905829766,-9.997513007215188,-7.499542001472492,-4.99994362434987,-2.499996524788691,nan,lower,0.1
147,phase1,lower,-10.0,4,-12.260772905829766,-9.997715906640918,-7.4995821637602305,-4.999948914393752,-2.499996872309822,nan,lower,0.1
148,phase1,lower,-10.0,4,-12.260772905829766,-9.99790253235285,-7.499618838823583,-4.999953710185359,-2.49999718507884,nan,lower,0.1
149,phase1,lower,-10.0,4,-12.260772905829766,-9.998074162999924,-7.499652325959761,-4.999958057674707,-2.4999974665709557,nan,lower,0.1
150,phase1,lower,-10.0,4,-12.260772905829766,-9.998231979295907,-7.499682899131256,-4.999961998564332,-2.49999771991386,nan,lower,0.1
151,phase1,lower,-10.0,4,-12.260772905829766,-9.998377071279442,-7.499710809074563,-4.999965570699286,-2.4999979479224743,nan,lower,0.1
152,phase1,lower,-10.0,4,-12.260772905829766,-9.998510445058955,-7.499736285237035,-4.999968808421604,-2.499998153130227,nan,lower,0.1
153,phase1,lower,-10.0,4,-12.260772905829766,-9.998633029076762,-7.499759537555493,-4.999971742892466,-2.499998337817204,nan,lower,0.1
154,phase1,lower,-10.0,4,-12.260772905829766,-9.998745679924635,-7.49978075808919,-4.9999744023849395,-2.4999985040354837,nan,lower,0.1
155,phase1,lower,-10.0,4,-12.260772905829766,-9.99884918774109,-7.499800122518765,-4.999976812549994,-2.4999986536319354,nan,lower,0.1
156,phase1,lower,-10.0,4,-12.260772905829766,-9.998944281218858,-7.499817791521888,-4.999978996658188,-2.499998788268742,nan,lower,0.1
157,phase1,lower,-10.0,4,-12.260772905829766,-9.99903163224916,-7.499833912035518,-4.999980975819243,-2.4999989094418678,nan,lower,0.1
158,phase1,lower,-10.0,4,-12.260772905829766,-9.999111860227796,-7.499848618413891,-4.999982769181505,-2.499999018497681,nan,lower,0.1
159,phase1,lower,-10.0,4,-12.260772905829766,-9.999185536046404,-7.499862033490652,-4.999984394113123,-2.499999116647913,nan,lower,0.1
160,phase1,lower,-10.0,4,-12.260772905829766,-9.99925318579083,-7.499874269552899,-4.999985866366602,-2.499999204983122,nan,lower,0.1
161,phase1,lower,-10.0,4,-12.260772905829766,-9.999315294167037,-7.499885429234269,-4.999987200228254,-2.49999928448481,nan,lower,0.1
162,phase1,lower,-10.0,4,-12.260772905829766,-9.99937230767376,-7.499895606333668,-4.99998840865391,-2.4999993560363287,nan,lower,0.1
163,phase1,lower,-10.0,4,-12.260772905829766,-9.99942463753975,-7.499904886565693,-4.999989503392152,-2.4999994204326956,nan,lower,0.1
164,phase1,lower,-10.0,4,-12.260772905829766,-9.999472662442344,-7.499913348248339,-4.999990495096206,-2.499999478389426,nan,lower,0.1
165,phase1,lower,-10.0,4,-12.260772905829766,-9.999516731022943,-7.499921062933126,-4.999991393425528,-2.4999995305504834,nan,lower,0.1
166,phase1,lower,-10.0,4,-12.260772905829766,-9.999557164213961,-7.499928095982366,-4.999992207138024,-2.499999577495435,nan,lower,0.1
167,phase1,lower,-10.0,4,-12.260772905829766,-9.999594257390802,-7.499934507097931,-4.999992944173765,-2.4999996197458914,nan,lower,0.1
168,phase1,lower,-10.0,4,-12.260772905829766,-9.999628282361515,-7.499940350805515,-4.999993611730977,-2.499999657771302,nan,lower,0.1
169,phase1,lower,-10.0,4,-12.260772905829766,-9.999659489205914,-7.4999456768980615,-4.9999942163350095,-2.499999691994172,nan,lower,0.1
170,phase1,lower,-10.0,4,-12.260772905829766,-9.999688107975128,-7.4999505308417564,-4.999994763900926,-2.499999722794755,nan,lower,0.1
171,phase1,lower,-10.0,4,-12.260772905829766,-9.99971435026179,-7.4999549541476735,-4.999995259790309,-2.4999997505152796,nan,lower,0.1
172,phase1,lower,-10.0,4,-12.260772905829766,-9.999738410650378,-7.499958984711937,-4.999995708862806,-2.4999997754637517,nan,lower,0.1
173,phase1,lower,-10.0,4,-12.260772905829766,-9.999760468056534,-7.499962657127024,-4.999996115522901,-2.4999997979173765,nan,lower,0.1
174,phase1,upper,-15.0,2,-12.500924322304964,-9.999760468056534,-7.499962657127024,-4.999996115522901,-2.4999997979173765,nan,lower,0.1
175,phase1,lower,-10.0,4,-12.500924322304964,-9.999780686963582,-7.4999660029666115,-4.999996483762349,-2.4999998181256387,nan,lower,0.1
176,phase1,lower,-10.0,4,-12.500924322304964,-9.999799218563885,-7.499969051046185,-4.999996817198678,-2.4999998363130747,nan,lower,0.1
177,phase1,lower,-10.0,4,-12.500924322304964,-9.999816201812115,-7.499971827661435,-4.999997119110118,-2.4999998526817673,nan,lower,0.1
178,phase1,lower,-10.0,4,-12.500924322304964,-9.999831764397047,-7.4999743568063035,-4.999997392467283,-2.4999998674135906,nan,lower,0.1
179,phase1,lower,-10.0,4,-12.500924322304964,-9.999846023637973,-7.499976660372401,-4.999997639961914,-2.4999998806722314,nan,lower,0.1
180,phase1,lower,-10.0,4,-12.500924322304964,-9.999859087311416,-7.499978758331353,-4.999997864032946,-2.4999998926050084,nan,lower,0.1
181,phase1,lower,-10.0,4,-12.500924322304964,-9.99987105441341,-7.499980668901512,-4.999998066890153,-2.4999999033445075,nan,lower,0.1
182,phase1,lower,-10.0,4,-12.500924322304964,-9.99988201586222,-7.499982408700376,-4.999998250535588,-2.4999999130100568,nan,lower,0.1
183,phase1,lower,-10.0,4,-12.500924322304964,-9.999892055146034,-7.499983992883897,-4.999998416783035,-2.499999921709051,nan,lower,0.1
184,phase1,lower,-10.0,4,-12.500924322304964,-9.999901248919821,-7.499985435273811,-4.999998567275637,-2.499999929538146,nan,lower,0.1
185,phase1,lower,-10.0,4,-12.500924322304964,-9.99990966755522,-7.499986748473994,-4.999998703501888,-2.4999999365843313,nan,lower,0.1
186,phase1,lower,-10.0,4,-12.500924322304964,-9.999917375647097,-7.499987943976783,-4.999998826810132,-2.499999942925898,nan,lower,0.1
187,phase1,lower,-10.0,4,-12.500924322304964,-9.999924432480066,-7.4999890322601175,-4.999998938421709,-2.499999948633308,nan,lower,0.1
188,phase1,lower,-10.0,4,-12.500924322304964,-9.999930892458071,-7.499990022876276,-4.999999039442869,-2.4999999537699775,nan,lower,0.1
189,phase1,lower,-10.0,4,-12.500924322304964,-9.99993680549989,-7.499990924532936,-4.9999991308755805,-2.49999995839298,nan,lower,0.1
190,phase1,lower,-10.0,4,-12.500924322304964,-9.999942217403195,-7.4999917451672005,-4.99999921362732,-2.499999962553682,nan,lower,0.1
191,phase1,lower,-10.0,4,-12.500924322304964,-9.999947170179595,-7.499992492013212,-4.999999288519956,-2.4999999662983137,nan,lower,0.1
192,phase1,lower,-10.0,4,-12.500924322304964,-9.999951702362956,-7.499993171663887,-4.999999356297792,-2.4999999696684823,nan,lower,0.1
193,phase1,lower,-10.0,4,-12.500924322304964,-9.99995584929305,-7.499993790127277,-4.999999417634861,-2.499999972701634,nan,lower,0.1
194,phase1,lower,-10.0,4,-12.500924322304964,-9.999959643376473,-7.499994352878035,-4.999999473141538,-2.4999999754314706,nan,lower,0.1
195,phase1,lower,-10.0,4,-12.500924322304964,-9.99996311432663,-7.4999948649043855,-4.999999523370532,-2.4999999778883235,nan,lower,0.1
196,phase1,lower,-10.0,4,-12.500924322304964,-9.999966289384405,-7.499995330751,-4.999999568822311,-2.499999980099491,nan,lower,0.1
197,phase1,lower,-10.0,4,-12.500924322304964,-9.999969193521064,-7.499995754558131,-4.999999609950029,-2.499999982089542,nan,lower,0.1
198,phase1,lower,-10.0,4,-12.500924322304964,-9.999971849624771,-7.499996140097321,-4.99999964716398,-2.499999983880588,nan,lower,0.1
199,phase1,lower,-10.0,4,-12.500924322304964,-9.999974278672026,-7.499996490803987,-4.999999680835641,-2.499999985492529,nan,lower,0.1
200,phase1,lower,-10.0,4,-12.500924322304964,-9.999976499885221,-7.499996809807152,-4.99999971130133,-2.4999999869432763,nan,lower,0.1
201,phase1,lower,-10.0,4,-12.500924322304964,-9.999978530877414,-7.49999709995657,-4.999999738865524,-2.4999999882489488,nan,lower,0.1
202,phase1,lower,-10.0,4,-12.500924322304964,-9.99998038778533,-7.4999973638474655,-4.999999763803866,-2.4999999894240537,nan,lower,0.1
203,phase1,lower,-10.0,4,-12.500924322304964,-9.999982085391544,-7.499997603843106,-4.999999786365885,-2.499999990481648,nan,lower,0.1
204,phase1,lower,-10.0,4,-12.500924322304964,-9.9999836372367,-7.499997822095383,-4.999999806777462,-2.499999991433483,nan,lower,0.1
205,phase1,lower,-10.0,4,-12.500924322304964,-9.999985055722568,-7.499998020563591,-4.999999825243064,-2.499999992290135,nan,lower,0.1
206,phase1,lower,-10.0,4,-12.500924322304964,-9.99998635220667,-7.499998201031539,-4.999999841947771,-2.499999993061121,nan,lower,0.1
207,phase1,lower,-10.0,4,-12.500924322304964,-9.999987537089158,-7.499998365123162,-4.999999857059106,-2.4999999937550093,nan,lower,0.1
208,phase1,lower,-10.0,4,-12.500924322304964,-9.999988619892559,-7.499998514316756,-4.999999870728697,-2.4999999943795084,nan,lower,0.1
209,phase1,lower,-10.0,4,-12.500924322304964,-9.999989609334978,-7.49999864995795,-4.999999883093778,-2.4999999949415574,nan,lower,0.1
210,phase1,lower,-10.0,4,-12.500924322304964,-9.999990513397275,-7.499998773271533,-4.999999894278556,-2.4999999954474017,nan,lower,0.1
211,phase1,upper,-15.0,2,-12.720437726426825,-9.999990513397275,-7.499998773271533,-4.999999894278556,-2.4999999954474017,nan,lower,0.1
212,phase1,lower,-10.0,4,-12.720437726426825,-9.999991339384701,-7.499998885372235,-4.99999990439544,-2.4999999959026615,nan,lower,0.1
213,phase1,lower,-10.0,4,-12.720437726426825,-9.999992093983455,-7.499998987274555,-4.999999913546162,-2.4999999963123956,nan,lower,0.1
214,phase1,upper,-15.0,2,-12.921039206501264,-9.999992093983455,-7.499998987274555,-4.999999913546162,-2.4999999963123956,nan,lower,0.1
215,phase1,lower,-10.0,4,-12.921039206501264,-9.999992783312564,-7.499999079901716,-4.999999921822785,-2.499999996681156,nan,lower,0.1
216,phase1,upper,-15.0,2,-13.104316013296547,-9.999992783312564,-7.499999079901716,-4.999999921822785,-2.499999996681156,nan,lower,0.1
217,phase1,lower,-10.0,4,-13.104316013296547,-9.99999341297148,-7.499999164093823,-4.999999929308622,-2.4999999970130404,nan,lower,0.1
218,phase1,lower,-10.0,4,-13.104316013296547,-9.999993988083713,-7.499999240615303,-4.999999936079064,-2.499999997311736,nan,lower,0.1
219,phase1,lower,-10.0,4,-13.104316013296547,-9.99999451333687,-7.499999310161678,-4.999999942202331,-2.4999999975805625,nan,lower,0.1
220,phase1,lower,-10.0,4,-13.104316013296547,-9.999994993019351,-7.4999993733657435,-4.999999947740155,-2.4999999978225063,nan,lower,0.1
221,phase1,lower,-10.0,4,-13.104316013296547,-9.999995431053991,-7.499999430803185,-4.999999952748389,-2.4999999980402556,nan,lower,0.1
222,phase1,lower,-10.0,4,-13.104316013296547,-9.99999583102891,-7.499999482997706,-4.999999957277576,-2.49999999823623,nan,lower,0.1
223,phase1,lower,-10.0,4,-13.104316013296547,-9.999996196225789,-7.499999530425693,-4.999999961373442,-2.499999998412607,nan,lower,0.1
224,phase1,lower,-10.0,4,-13.104316013296547,-9.99999652964578,-7.499999573520467,-4.999999965077358,-2.4999999985713464,nan,lower,0.1
225,phase1,lower,-10.0,4,-13.104316013296547,-9.999996834033247,-7.499999612676157,-4.999999968426757,-2.4999999987142116,nan,lower,0.1
226,phase1,lower,-10.0,4,-13.104316013296547,-9.999997111897539,-7.499999648251217,-4.999999971455503,-2.4999999988427906,nan,lower,0.1
227,phase1,lower,-10.0,4,-13.104316013296547,-9.999997365532906,-7.499999680571646,-4.999999974194232,-2.4999999989585113,nan,lower,0.1
228,phase1,lower,-10.0,4,-13.104316013296547,-9.99999759703678,-7.499999709933904,-4.99999997667066,-2.49999999906266,nan,lower,0.1
229,phase1,lower,-10.0,4,-13.104316013296547,-9.999997808326492,-7.49999973660758,-4.99999997890986,-2.499999999156394,nan,lower,0.1
230,phase1,lower,-10.0,4,-13.104316013296547,-9.999998001154601,-7.499999760837808,-4.999999980934513,-2.4999999992407544,nan,lower,0.1
231,phase1,lower,-10.0,4,-13.104316013296547,-9.999998177122922,-7.499999782847478,-4.999999982765138,-2.499999999316679,nan,lower,0.1
232,phase1,lower,-10.0,4,-13.104316013296547,-9.999998337695377,-7.499999802839244,-4.999999984420292,-2.499999999385011,nan,lower,0.1
233,phase1,lower,-10.0,4,-13.104316013296547,-9.999998484209764,-7.499999820997349,-4.999999985916764,-2.49999999944651,nan,lower,0.1
234,phase1,lower,-10.0,4,-13.104316013296547,-9.999998617888522,-7.49999983748929,-4.999999987269739,-2.499999999501859,nan,lower,0.1
235,phase1,lower,-10.0,4,-13.104316013296547,-9.9999987398486,-7.499999852467335,-4.9999999884929505,-2.499999999551673,nan,lower,0.1
236,phase1,lower,-10.0,4,-13.104316013296547,-9.999998851110472,-7.4999998660698965,-4.999999989598822,-2.4999999995965054,nan,lower,0.1
237,phase1,lower,-10.0,4,-13.104316013296547,-9.999998952606415,-7.4999998784227895,-4.999999990598591,-2.499999999636855,nan,lower,0.1
238,phase1,upper,-15.0,2,-13.271727066667761,-9.999998952606415,-7.4999998784227895,-4.999999990598591,-2.499999999636855,nan,lower,0.1
239,phase1,lower,-10.0,4,-13.271727066667761,-9.999999045188051,-7.499999889640369,-4.999999991502417,-2.4999999996731694,nan,lower,0.1
240,phase1,lower,-10.0,4,-13.271727066667761,-9.999999129633283,-7.499999899826574,-4.999999992319492,-2.4999999997058526,nan,lower,0.1
241,phase1,lower,-10.0,4,-13.271727066667761,-9.999999206652612,-7.499999909075866,-4.999999993058128,-2.4999999997352673,nan,lower,0.1
242,phase1,lower,-10.0,4,-13.271727066667761,-9.999999276894938,-7.499999917474092,-4.999999993725842,-2.499999999761741,nan,lower,0.1
243,phase1,lower,-10.0,4,-13.271727066667761,-9.999999340952854,-7.499999925099267,-4.999999994329432,-2.4999999997855666,nan,lower,0.1
244,phase1,lower,-10.0,4,-13.271727066667761,-9.999999399367496,-7.499999932022284,-4.999999994875045,-2.49999999980701,nan,lower,0.1
245,phase1,lower,-10.0,4,-13.271727066667761,-9.999999452632975,-7.49999993830756,-4.999999995368242,-2.4999999998263087,nan,lower,0.1
246,phase1,lower,-10.0,4,-13.271727066667761,-9.999999501200435,-7.499999944013629,-4.999999995814049,-2.499999999843678,nan,lower,0.1
247,phase1,lower,-10.0,4,-13.271727066667761,-9.999999545481755,-7.499999949193671,-4.999999996217012,-2.4999999998593103,nan,lower,0.1
248,phase1,lower,-10.0,4,-13.271727066667761,-9.999999585852947,-7.499999953896005,-4.999999996581241,-2.4999999998733795,nan,lower,0.1
249,phase1,lower,-10.0,4,-13.271727066667761,-9.999999622657253,-7.499999958164528,-4.999999996910455,-2.4999999998860414,nan,lower,0.1
250,phase1,lower,-10.0,4,-13.271727066667761,-9.99999965620798,-7.499999962039121,-4.999999997208014,-2.499999999897437,nan,lower,0.1
251,phase1,lower,-10.0,4,-13.271727066667761,-9.999999686791094,-7.49999996555601,-4.999999997476956,-2.4999999999076934,nan,lower,0.1
252,phase1,lower,-10.0,4,-13.271727066667761,-9.999999714667586,-7.499999968748105,-4.99999999772003,-2.4999999999169242,nan,lower,0.1
253,phase1,lower,-10.0,4,-13.271727066667761,-9.999999740075639,-7.499999971645297,-4.999999997939719,-2.499999999925232,nan,lower,0.1
254,phase1,lower,-10.0,4,-13.271727066667761,-9.999999763232605,-7.49999997427474,-4.999999998138271,-2.4999999999327085,nan,lower,0.1
255,phase1,lower,-10.0,4,-13.271727066667761,-9.999999784336818,-7.499999976661093,-4.999999998317715,-2.499999999939438,nan,lower,0.1
256,phase1,lower,-10.0,4,-13.271727066667761,-9.999999803569246,-7.4999999788267555,-4.999999998479887,-2.499999999945494,nan,lower,0.1
257,phase1,lower,-10.0,4,-13.271727066667761,-9.999999821094997,-7.499999980792069,-4.999999998626448,-2.4999999999509446,nan,lower,0.1
258,phase1,lower,-10.0,4,-13.271727066667761,-9.999999837064705,-7.499999982575507,-4.999999998758898,-2.49999999995585,nan,lower,0.1
259,phase1,lower,-10.0,4,-13.271727066667761,-9.999999851615785,-7.499999984193846,-4.999999998878593,-2.499999999960265,nan,lower,0.1
260,phase1,lower,-10.0,4,-13.271727066667761,-9.99999986487359,-7.4999999856623205,-4.99999999898676,-2.4999999999642384,nan,lower,0.1
261,phase1,lower,-10.0,4,-13.271727066667761,-9.999999876952463,-7.499999986994764,-4.999999999084507,-2.4999999999678146,nan,lower,0.1
262,phase1,lower,-10.0,4,-13.271727066667761,-9.999999887956694,-7.499999988203738,-4.999999999172838,-2.499999999971033,nan,lower,0.1
263,phase1,lower,-10.0,4,-13.271727066667761,-9.999999897981398,-7.499999989300648,-4.999999999252657,-2.4999999999739297,nan,lower,0.1
264,phase1,lower,-10.0,4,-13.271727066667761,-9.999999907113324,-7.49999999029585,-4.999999999324785,-2.499999999976537,nan,lower,0.1
265,phase1,lower,-10.0,4,-13.271727066667761,-9.999999915431577,-7.499999991198743,-4.99999999938996,-2.499999999978883,nan,lower,0.1
266,phase1,lower,-10.0,4,-13.271727066667761,-9.999999923008293,-7.499999992017865,-4.999999999448852,-2.4999999999809948,nan,lower,0.1
267,phase1,lower,-10.0,4,-13.271727066667761,-9.99999992990925,-7.499999992760964,-4.999999999502067,-2.4999999999828955,nan,lower,0.1
268,phase1,lower,-10.0,4,-13.271727066667761,-9.999999936194422,-7.4999999934350745,-4.99999999955015,-2.499999999984606,nan,lower,0.1
269,phase1,lower,-10.0,4,-13.271727066667761,-9.999999941918487,-7.499999994046582,-4.999999999593595,-2.4999999999861453,nan,lower,0.1
270,phase1,lower,-10.0,4,-13.271727066667761,-9.999999947131297,-7.499999994601283,-4.99999999963285,-2.499999999987531,nan,lower,0.1
271,phase1,lower,-10.0,4,-13.271727066667761,-9.999999951878296,-7.49999999510444,-4.999999999668319,-2.499999999988778,nan,lower,0.1
272,phase1,lower,-10.0,4,-13.271727066667761,-9.99999995620091,-7.499999995560827,-4.999999999700364,-2.4999999999899,nan,lower,0.1
273,phase1,lower,-10.0,4,-13.271727066667761,-9.9999999601369,-7.499999995974781,-4.999999999729318,-2.49999999999091,nan,lower,0.1
274,phase1,upper,-15.0,2,-13.424612749231766,-9.9999999601369,-7.499999995974781,-4.999999999729318,-2.49999999999091,nan,lower,0.1
275,phase1,lower,-10.0,4,-13.424612749231766,-9.999999963720688,-7.499999996350234,-4.999999999755477,-2.499999999991819,nan,lower,0.1
276,phase1,lower,-10.0,4,-13.424612749231766,-9.999999966983642,-7.499999996690758,-4.999999999779112,-2.499999999992637,nan,lower,0.1
277,phase1,lower,-10.0,4,-13.424612749231766,-9.999999969954354,-7.499999996999594,-4.9999999998004645,-2.4999999999933733,nan,lower,0.1
278,phase1,lower,-10.0,4,-13.424612749231766,-9.999999972658879,-7.499999997279681,-4.999999999819756,-2.499999999994036,nan,lower,0.1
279,phase1,lower,-10.0,4,-13.424612749231766,-9.999999975120959,-7.499999997533688,-4.999999999837184,-2.4999999999946323,nan,lower,0.1
280,phase1,lower,-10.0,4,-13.424612749231766,-9.999999977362233,-7.4999999977640375,-4.999999999852928,-2.499999999995169,nan,lower,0.1
281,phase1,lower,-10.0,4,-13.424612749231766,-9.999999979402414,-7.499999997972926,-4.9999999998671525,-2.4999999999956524,nan,lower,0.1
282,phase1,lower,-10.0,4,-13.424612749231766,-9.999999981259466,-7.499999998162349,-4.999999999880003,-2.499999999996087,nan,lower,0.1
283,phase1,lower,-10.0,4,-13.424612749231766,-9.999999982949754,-7.499999998334115,-4.999999999891611,-2.4999999999964784,nan,lower,0.1
284,phase1,lower,-10.0,4,-13.424612749231766,-9.999999984488191,-7.499999998489864,-4.999999999902098,-2.4999999999968305,nan,lower,0.1
285,phase1,lower,-10.0,4,-13.424612749231766,-9.999999985888358,-7.499999998631087,-4.999999999911571,-2.4999999999971476,nan,lower,0.1
286,phase1,lower,-10.0,4,-13.424612749231766,-9.999999987162631,-7.499999998759136,-4.999999999920129,-2.4999999999974327,nan,lower,0.1
287,phase1,lower,-10.0,4,-13.424612749231766,-9.999999988322282,-7.499999998875235,-4.9999999999278595,-2.4999999999976894,nan,lower,0.1
288,phase1,upper,-15.0,2,-13.564204024616293,-9.999999988322282,-7.499999998875235,-4.9999999999278595,-2.4999999999976894,nan,lower,0.1
289,phase1,lower,-10.0,4,-13.564204024616293,-9.999999989377578,-7.499999998980497,-4.999999999934842,-2.4999999999979203,nan,lower,0.1
290,phase1,lower,-10.0,4,-13.564204024616293,-9.99999999033787,-7.499999999075932,-4.99999999994115,-2.499999999998128,nan,lower,0.1
291,phase1,lower,-10.0,4,-13.564204024616293,-9.999999991211675,-7.499999999162454,-4.999999999946848,-2.499999999998315,nan,lower,0.1
292,phase1,lower,-10.0,4,-13.564204024616293,-9.999999992006753,-7.4999999992408934,-4.999999999951995,-2.4999999999984834,nan,lower,0.1
293,phase1,lower,-10.0,4,-13.564204024616293,-9.999999992730167,-7.499999999312004,-4.999999999956644,-2.499999999998635,nan,lower,0.1
294,phase1,lower,-10.0,4,-13.564204024616293,-9.99999999338835,-7.499999999376468,-4.999999999960843,-2.499999999998771,nan,lower,0.1
295,phase1,lower,-10.0,4,-13.564204024616293,-9.999999993987162,-7.499999999434905,-4.999999999964635,-2.499999999998894,nan,lower,0.1
296,phase1,lower,-10.0,4,-13.564204024616293,-9.999999994531937,-7.499999999487878,-4.999999999968061,-2.499999999999005,nan,lower,0.1
297,phase1,lower,-10.0,4,-13.564204024616293,-9.999999995027531,-7.499999999535897,-4.9999999999711555,-2.4999999999991043,nan,lower,0.1
298,phase1,lower,-10.0,4,-13.564204024616293,-9.999999995478367,-7.499999999579423,-4.999999999973951,-2.499999999999194,nan,lower,0.1
299,phase1,lower,-10.0,4,-13.564204024616293,-9.999999995888473,-7.4999999996188755,-4.999999999976475,-2.4999999999992744,nan,lower,0.1
300,phase1,lower,-10.0,4,-13.564204024616293,-9.999999996261513,-7.499999999654635,-4.999999999978755,-2.4999999999993467,nan,lower,0.1
301,phase1,lower,-10.0,4,-13.564204024616293,-9.999999996600826,-7.499999999687048,-4.999999999980814,-2.499999999999412,nan,lower,0.1
302,phase1,lower,-10.0,4,-13.564204024616293,-9.999999996909448,-7.499999999716424,-4.999999999982673,-2.4999999999994706,nan,lower,0.1
303,phase1,lower,-10.0,4,-13.564204024616293,-9.999999997190146,-7.499999999743049,-4.999999999984353,-2.4999999999995235,nan,lower,0.1
304,phase1,lower,-10.0,4,-13.564204024616293,-9.999999997445437,-7.499999999767179,-4.99999999998587,-2.499999999999571,nan,lower,0.1
305,phase1,lower,-10.0,4,-13.564204024616293,-9.999999997677612,-7.499999999789048,-4.99999999998724,-2.499999999999614,nan,lower,0.1
306,phase1,lower,-10.0,4,-13.564204024616293,-9.999999997888755,-7.499999999808868,-4.999999999988478,-2.4999999999996527,nan,lower,0.1
307,phase1,lower,-10.0,4,-13.564204024616293,-9.999999998080767,-7.499999999826828,-4.999999999989595,-2.4999999999996874,nan,lower,0.1
308,phase1,lower,-10.0,4,-13.564204024616293,-9.999999998255372,-7.499999999843105,-4.999999999990604,-2.4999999999997184,nan,lower,0.1
309,phase1,lower,-10.0,4,-13.564204024616293,-9.999999998414145,-7.499999999857855,-4.999999999991515,-2.4999999999997464,nan,lower,0.1
310,phase1,lower,-10.0,4,-13.564204024616293,-9.999999998558517,-7.499999999871221,-4.999999999992339,-2.4999999999997717,nan,lower,0.1
311,phase1,lower,-10.0,4,-13.564204024616293,-9.999999998689788,-7.499999999883333,-4.999999999993082,-2.4999999999997944,nan,lower,0.1
312,phase1,lower,-10.0,4,-13.564204024616293,-9.999999998809143,-7.4999999998943085,-4.999999999993753,-2.499999999999815,nan,lower,0.1
313,phase1,lower,-10.0,4,-13.564204024616293,-9.999999998917659,-7.499999999904253,-4.99999999999436,-2.4999999999998335,nan,lower,0.1
314,phase1,lower,-10.0,4,-13.564204024616293,-9.999999999016318,-7.499999999913263,-4.999999999994907,-2.49999999999985,nan,lower,0.1
315,phase1,lower,-10.0,4,-13.564204024616293,-9.999999999106013,-7.499999999921427,-4.999999999995401,-2.499999999999865,nan,lower,0.1
316,phase1,lower,-10.0,4,-13.564204024616293,-9.999999999187555,-7.499999999928825,-4.999999999995848,-2.4999999999998783,nan,lower,0.1
317,phase1,lower,-10.0,4,-13.564204024616293,-9.999999999261682,-7.499999999935527,-4.999999999996251,-2.4999999999998903,nan,lower,0.1
318,phase1,lower,-10.0,4,-13.564204024616293,-9.999999999329066,-7.4999999999416,-4.999999999996615,-2.4999999999999014,nan,lower,0.1
319,phase1,lower,-10.0,4,-13.564204024616293,-9.99999999939032,-7.499999999947101,-4.999999999996944,-2.499999999999911,nan,lower,0.1
320,phase1,lower,-10.0,4,-13.564204024616293,-9.999999999445999,-7.499999999952085,-4.99999999999724,-2.49999999999992,nan,lower,0.1
321,phase1,lower,-10.0,4,-13.564204024616293,-9.999999999496607,-7.499999999956601,-4.999999999997509,-2.499999999999928,nan,lower,0.1
322,phase1,lower,-10.0,4,-13.564204024616293,-9.999999999542606,-7.499999999960692,-4.99999999999775,-2.499999999999935,nan,lower,0.1
323,phase1,lower,-10.0,4,-13.564204024616293,-9.999999999584414,-7.499999999964397,-4.999999999997969,-2.499999999999942,nan,lower,0.1
324,phase1,lower,-10.0,4,-13.564204024616293,-9.999999999622412,-7.499999999967755,-4.999999999998166,-2.4999999999999476,nan,lower,0.1
325,phase1,lower,-10.0,4,-13.564204024616293,-9.999999999656946,-7.499999999970796,-4.999999999998344,-2.499999999999953,nan,lower,0.1
326,phase1,lower,-10.0,4,-13.564204024616293,-9.999999999688331,-7.499999999973551,-4.999999999998505,-2.499999999999958,nan,lower,0.1
327,phase1,upper,-15.0,2,-13.691630917431597,-9.999999999688331,-7.499999999973551,-4.999999999998505,-2.499999999999958,nan,lower,0.1
328,phase1,lower,-10.0,4,-13.691630917431597,-9.999999999716852,-7.499999999976047,-4.99999999999865,-2.499999999999962,nan,lower,0.1
329,phase1,lower,-10.0,4,-13.691630917431597,-9.999999999742771,-7.499999999978307,-4.999999999998781,-2.499999999999966,nan,lower,0.1
330,phase1,lower,-10.0,4,-13.691630917431597,-9.999999999766324,-7.499999999980354,-4.9999999999988995,-2.4999999999999694,nan,lower,0.1
331,phase1,lower,-10.0,4,-13.691630917431597,-9.999999999787727,-7.499999999982209,-4.999999999999007,-2.4999999999999725,nan,lower,0.1
332,phase1,lower,-10.0,4,-13.691630917431597,-9.999999999807175,-7.499999999983888,-4.999999999999104,-2.499999999999975,nan,lower,0.1
333,phase1,lower,-10.0,4,-13.691630917431597,-9.999999999824846,-7.49999999998541,-4.999999999999191,-2.499999999999978,nan,lower,0.1
334,phase1,lower,-10.0,4,-13.691630917431597,-9.999999999840902,-7.499999999986788,-4.99999999999927,-2.49999999999998,nan,lower,0.1
335,phase1,lower,-10.0,4,-13.691630917431597,-9.999999999855492,-7.499999999988036,-4.999999999999341,-2.4999999999999822,nan,lower,0.1
336,phase1,lower,-10.0,4,-13.691630917431597,-9.999999999868747,-7.499999999989167,-4.999999999999405,-2.499999999999984,nan,lower,0.1
337,phase1,lower,-10.0,4,-13.691630917431597,-9.999999999880789,-7.499999999990191,-4.999999999999463,-2.499999999999986,nan,lower,0.1
338,phase1,lower,-10.0,4,-13.691630917431597,-9.99999999989173,-7.499999999991118,-4.999999999999515,-2.499999999999987,nan,lower,0.1
339,phase1,lower,-10.0,4,-13.691630917431597,-9.999999999901668,-7.4999999999919575,-4.999999999999562,-2.4999999999999885,nan,lower,0.1
340,phase1,lower,-10.0,4,-13.691630917431597,-9.999999999910697,-7.499999999992718,-4.999999999999605,-2.49999999999999,nan,lower,0.1
341,phase1,lower,-10.0,4,-13.691630917431597,-9.999999999918899,-7.499999999993406,-4.999999999999643,-2.4999999999999907,nan,lower,0.1
342,phase1,lower,-10.0,4,-13.691630917431597,-9.999999999926349,-7.49999999999403,-4.999999999999678,-2.4999999999999916,nan,lower,0.1
343,phase1,lower,-10.0,4,-13.691630917431597,-9.999999999933117,-7.4999999999945945,-4.999999999999709,-2.4999999999999925,nan,lower,0.1
344,phase1,lower,-10.0,4,-13.691630917431597,-9.999999999939265,-7.499999999995106,-4.999999999999737,-2.4999999999999933,nan,lower,0.1
345,phase1,lower,-10.0,4,-13.691630917431597,-9.99999999994485,-7.499999999995569,-4.999999999999763,-2.499999999999994,nan,lower,0.1
346,phase1,lower,-10.0,4,-13.691630917431597,-9.999999999949921,-7.499999999995988,-4.999999999999786,-2.4999999999999942,nan,lower,0.1
347,phase1,lower,-10.0,4,-13.691630917431597,-9.999999999954527,-7.499999999996368,-4.999999999999806,-2.4999999999999947,nan,lower,0.1
348,phase1,lower,-10.0,4,-13.691630917431597,-9.99999999995871,-7.499999999996712,-4.999999999999825,-2.499999999999995,nan,lower,0.1
349,phase1,upper,-15.0,2,-13.807930391437678,-9.99999999995871,-7.499999999996712,-4.999999999999825,-2.499999999999995,nan,lower,0.1
350,phase1,lower,-10.0,4,-13.807930391437678,-9.99999999996251,-7.499999999997023,-4.999999999999842,-2.4999999999999956,nan,lower,0.1
351,phase1,lower,-10.0,4,-13.807930391437678,-9.999999999965961,-7.499999999997304,-4.999999999999857,-2.499999999999996,nan,lower,0.1
352,phase1,lower,-10.0,4,-13.807930391437678,-9.999999999969095,-7.499999999997559,-4.999999999999871,-2.4999999999999964,nan,lower,0.1
353,phase1,lower,-10.0,4,-13.807930391437678,-9.99999999997194,-7.49999999999779,-4.999999999999884,-2.499999999999997,nan,lower,0.1
354,phase1,lower,-10.0,4,-13.807930391437678,-9.999999999974525,-7.499999999998,-4.999999999999895,-2.4999999999999973,nan,lower,0.1
355,phase1,lower,-10.0,4,-13.807930391437678,-9.999999999976872,-7.499999999998189,-4.999999999999906,-2.499999999999998,nan,lower,0.1
356,phase1,lower,-10.0,4,-13.807930391437678,-9.999999999979003,-7.49999999999836,-4.999999999999915,-2.4999999999999982,nan,lower,0.1
357,phase1,lower,-10.0,4,-13.807930391437678,-9.99999999998094,-7.499999999998516,-4.999999999999923,-2.4999999999999982,nan,lower,0.1
358,phase1,lower,-10.0,4,-13.807930391437678,-9.999999999982697,-7.499999999998656,-4.999999999999931,-2.4999999999999982,nan,lower,0.1
359,phase1,lower,-10.0,4,-13.807930391437678,-9.999999999984293,-7.499999999998783,-4.999999999999938,-2.4999999999999982,nan,lower,0.1
360,phase1,lower,-10.0,4,-13.807930391437678,-9.999999999985743,-7.499999999998899,-4.999999999999944,-2.4999999999999982,nan,lower,0.1
361,phase1,lower,-10.0,4,-13.807930391437678,-9.99999999998706,-7.4999999999990035,-4.999999999999949,-2.4999999999999982,nan,lower,0.1
362,phase1,lower,-10.0,4,-13.807930391437678,-9.999999999988253,-7.499999999999098,-4.999999999999954,-2.4999999999999982,nan,lower,0.1
363,phase1,lower,-10.0,4,-13.807930391437678,-9.999999999989338,-7.499999999999183,-4.999999999999958,-2.4999999999999982,nan,lower,0.1
364,phase1,lower,-10.0,4,-13.807930391437678,-9.999999999990322,-7.49999999999926,-4.999999999999963,-2.4999999999999982,nan,lower,0.1
365,phase1,lower,-10.0,4,-13.807930391437678,-9.999999999991216,-7.49999999999933,-4.999999999999966,-2.4999999999999982,nan,lower,0.1
366,phase1,lower,-10.0,4,-13.807930391437678,-9.999999999992028,-7.499999999999394,-4.99999999999997,-2.4999999999999982,nan,lower,0.1
367,phase1,lower,-10.0,4,-13.807930391437678,-9.999999999992765,-7.499999999999452,-4.9999999999999725,-2.4999999999999982,nan,lower,0.1
368,phase1,lower,-10.0,4,-13.807930391437678,-9.999999999993435,-7.499999999999504,-4.999999999999975,-2.4999999999999982,nan,lower,0.1
369,phase1,lower,-10.0,4,-13.807930391437678,-9.999999999994042,-7.4999999999995515,-4.999999999999978,-2.4999999999999982,nan,lower,0.1
370,phase1,lower,-10.0,4,-13.807930391437678,-9.999999999994593,-7.499999999999594,-4.99999999999998,-2.4999999999999982,nan,lower,0.1
371,phase1,lower,-10.0,4,-13.807930391437678,-9.999999999995094,-7.499999999999632,-4.999999999999981,-2.4999999999999982,nan,lower,0.1
372,phase1,lower,-10.0,4,-13.807930391437678,-9.999999999995548,-7.499999999999667,-4.999999999999983,-2.4999999999999982,nan,lower,0.1
373,phase1,lower,-10.0,4,-13.807930391437678,-9.99999999999596,-7.499999999999699,-4.999999999999985,-2.4999999999999982,nan,lower,0.1
374,phase1,lower,-10.0,4,-13.807930391437678,-9.999999999996334,-7.499999999999727,-4.999999999999986,-2.4999999999999982,nan,lower,0.1
375,phase1,lower,-10.0,4,-13.807930391437678,-9.999999999996673,-7.499999999999753,-4.999999999999987,-2.4999999999999982,nan,lower,0.1
376,phase1,lower,-10.0,4,-13.807930391437678,-9.99999999999698,-7.499999999999776,-4.999999999999988,-2.4999999999999982,nan,lower,0.1
377,phase1,lower,-10.0,4,-13.807930391437678,-9.999999999997259,-7.4999999999997975,-4.9999999999999885,-2.4999999999999982,nan,lower,0.1
378,phase1,lower,-10.0,4,-13.807930391437678,-9.999999999997513,-7.499999999999817,-4.999999999999989,-2.4999999999999982,nan,lower,0.1
379,phase1,lower,-10.0,4,-13.807930391437678,-9.999999999997744,-7.499999999999834,-4.99999999999999,-2.4999999999999982,nan,lower,0.1
380,phase1,lower,-10.0,4,-13.807930391437678,-9.999999999997954,-7.49999999999985,-4.999999999999991,-2.4999999999999982,nan,lower,0.1
381,phase1,lower,-10.0,4,-13.807930391437678,-9.999999999998144,-7.499999999999864,-4.999999999999992,-2.4999999999999982,nan,lower,0.1
382,phase1,lower,-10.0,4,-13.807930391437678,-9.999999999998316,-7.4999999999998765,-4.999999999999993,-2.4999999999999982,nan,lower,0.1
383,phase1,lower,-10.0,4,-13.807930391437678,-9.999999999998472,-7.499999999999888,-4.999999999999994,-2.4999999999999982,nan,lower,0.1
384,phase1,lower,-10.0,4,-13.807930391437678,-9.999999999998614,-7.499999999999899,-4.999999999999995,-2.4999999999999982,nan,lower,0.1
385,phase1,lower,-10.0,4,-13.807930391437678,-9.999999999998742,-7.4999999999999085,-4.999999999999995,-2.4999999999999982,nan,lower,0.1
386,phase1,lower,-10.0,4,-13.807930391437678,-9.99999999999886,-7.499999999999917,-4.999999999999995,-2.4999999999999982,nan,lower,0.1
387,phase1,lower,-10.0,4,-13.807930391437678,-9.999999999998966,-7.499999999999925,-4.999999999999995,-2.4999999999999982,nan,lower,0.1
388,phase1,lower,-10.0,4,-13.807930391437678,-9.999999999999062,-7.4999999999999325,-4.999999999999995,-2.4999999999999982,nan,lower,0.1
389,phase1,lower,-10.0,4,-13.807930391437678,-9.99999999999915,-7.499999999999939,-4.999999999999995,-2.4999999999999982,nan,lower,0.1
390,phase1,lower,-10.0,4,-13.807930391437678,-9.999999999999229,-7.499999999999944,-4.999999999999995,-2.4999999999999982,nan,lower,0.1
391,phase1,lower,-10.0,4,-13.807930391437678,-9.9999999999993,-7.499999999999949,-4.999999999999995,-2.4999999999999982,nan,lower,0.1
392,phase1,lower,-10.0,4,-13.807930391437678,-9.999999999999366,-7.499999999999954,-4.999999999999995,-2.4999999999999982,nan,lower,0.1
393,phase1,lower,-10.0,4,-13.807930391437678,-9.999999999999424,-7.499999999999958,-4.999999999999995,-2.4999999999999982,nan,lower,0.1
394,phase1,lower,-10.0,4,-13.807930391437678,-9.999999999999478,-7.499999999999962,-4.999999999999995,-2.4999999999999982,nan,lower,0.1
395,phase1,lower,-10.0,4,-13.807930391437678,-9.999999999999526,-7.499999999999965,-4.999999999999995,-2.4999999999999982,nan,lower,0.1
396,phase1,lower,-10.0,4,-13.807930391437678,-9.99999999999957,-7.499999999999968,-4.999999999999995,-2.4999999999999982,nan,lower,0.1
397,phase1,lower,-10.0,4,-13.807930391437678,-9.99999999999961,-7.499999999999971,-4.999999999999995,-2.4999999999999982,nan,lower,0.1
398,phase1,lower,-10.0,4,-13.807930391437678,-9.999999999999645,-7.499999999999973,-4.999999999999995,-2.4999999999999982,nan,lower,0.1
399,phase1,lower,-10.0,4,-13.807930391437678,-9.999999999999677,-7.499999999999975,-4.999999999999995,-2.4999999999999982,nan,lower,0.1
400,phase2,lower,-20.0,4,-13.807930391437678,-9.999999999999707,-8.499999999999986,-5.2700000000000005,-2.6890000000000027,-0.14700000000000343,lower,0.1
401,phase2,lower,-20.0,4,-13.807930391437678,-10.232299999999737,-9.546609999999998,-5.595917000000008,-2.9017249000000076,-0.17448270000000385,lower,0.1
402,phase2,lower,-20.0,4,-13.807930391437678,-10.570765429999767,-10.560451171000008,-5.918566408700015,-3.0957572563900118,-0.1701075779700035,lower,0.1
403,phase2,lower,-20.0,4,-13.807930391437678,-10.972830824272794,-11.520651983898116,-6.220527107276592,-3.261434813303944,-0.15732427984947006,lower,0.1
404,phase2,lower,-20.0,4,-13.807930391437678,-11.41920479209985,-12.422044963851015,-6.495998333541081,-3.397862158999516,-0.142489821065522,lower,0.1
405,phase2,lower,-20.0,4,-13.807930391437678,-11.897729648233936,-13.263785572728581,-6.742723147404549,-3.506503168309279,-0.1273964215042369,lower,0.1
406,phase2,lower,-20.0,4,-13.807930391437678,-12.398992020037214,-14.046322585705203,-6.95978274286759,-3.5894520274035764,-0.11260426400367482,lower,0.1
407,phase2,lower,-20.0,4,-13.807930391437678,-12.915068914207321,-14.770587213016793,-7.146956123681319,-3.648952411997781,-0.09832967377144142,lower,0.1
408,phase2,lower,-20.0,4,-13.807930391437678,-13.439117450482565,-15.43777079262711,-7.304500395081612,-3.6872523203806002,-0.08468321064875335,lower,0.1
409,phase2,lower,-20.0,4,-13.807930391437678,-13.965197674280898,-16.04925781581918,-7.433047130940414,-3.7065514706558456,-0.07173472774337497,upper,0.1
410,phase2,upper,-15.0,2,-13.978614916437262,-13.965197674280898,-16.04925781581918,-7.433047130940414,-3.7065514706558456,-0.06136101054837406,lower,0.1
411,phase2,lower,-20.0,4,-13.978614916437262,-14.478828597928263,-16.600063807798314,-7.528958818747137,-3.705773818447204,-0.05704150743572442,upper,0.1
412,phase2,upper,-15.0,2,-14.12770007588123,-14.478828597928263,-16.600063807798314,-7.528958818747137,-3.705773818447204,-0.049794588902723695,upper,0.1
413,phase2,upper,-15.0,2,-14.262026368904296,-14.478828597928263,-16.600063807798314,-7.528958818747137,-3.705773818447204,-0.04251234161494243,upper,0.1
414,phase2,upper,-15.0,2,-14.381691753508335,-14.478828597928263,-16.600063807798314,-7.528958818747137,-3.705773818447204,-0.03564387138063962,upper,0.1
415,phase2,upper,-15.0,2,-14.487324478041804,-14.478828597928263,-16.600063807798314,-7.528958818747137,-3.705773818447204,-0.02939495274508295,lower,0.1
416,phase2,lower,-20.0,4,-14.487324478041804,-14.967407576385844,-17.08624547978909,-7.589525003639888,-3.6844897210403063,-0.041054895564890184,upper,0.1
417,phase2,upper,-15.0,2,-14.590323111708415,-14.967407576385844,-17.08624547978909,-7.589525003639888,-3.6844897210403063,-0.029552733996303312,upper,0.1
418,phase2,upper,-15.0,2,-14.675561556617755,-14.967407576385844,-17.08624547978909,-7.589525003639888,-3.6844897210403063,-0.02149345771879605,upper,0.1
419,phase2,upper,-15.0,2,-14.746700607656264,-14.967407576385844,-17.08624547978909,-7.589525003639888,-3.6844897210403063,-0.01560340306543413,upper,0.1
420,phase2,upper,-15.0,2,-14.806242146119317,-14.967407576385844,-17.08624547978909,-7.589525003639888,-3.6844897210403063,-0.011149786459000277,upper,0.1
421,phase2,upper,-15.0,2,-14.85601589538043,-14.967407576385844,-17.08624547978909,-7.589525003639888,-3.6844897210403063,-0.007699626251009523,upper,0.1
422,phase2,upper,-15.0,2,-14.897446197888259,-14.967407576385844,-17.08624547978909,-7.589525003639888,-3.6844897210403063,-0.004987282502208977,upper,0.1
423,phase2,upper,-15.0,2,-14.931698731633015,-14.967407576385844,-17.08624547978909,-7.589525003639888,-3.6844897210403063,-0.002841624335085684,upper,0.1
424,phase2,upper,-15.0,2,-14.959761885968668,-14.967407576385844,-17.08624547978909,-7.589525003639888,-3.6844897210403063,-0.0011459216561347605,upper,0.1
425,phase2,upper,-15.0,2,-14.982492711928792,-14.967407576385844,-17.08624547978909,-7.589525003639888,-3.6844897210403063,0.00018430964981821802,lower,0.1
426,phase2,lower,-20.0,4,-14.982492711928792,-15.429125488041333,-17.51116594048667,-7.6173247783426525,-3.6459171083799933,-0.026591365713904372,upper,0.1
427,phase2,lower,-20.0,4,-14.982492711928792,-15.91126176242838,-17.91224947688805,-7.638877656799547,-3.609682942270214,-0.026567243759438253,upper,0.1
428,phase2,upper,-15.0,2,-15.024720156148247,-15.91126176242838,-17.91224947688805,-7.638877656799547,-3.609682942270214,-0.011894644849024655,upper,0.1
429,phase2,upper,-15.0,2,-15.050031190650914,-15.91126176242838,-17.91224947688805,-7.638877656799547,-3.609682942270214,-0.0037722444191055863,upper,0.1
430,phase2,upper,-15.0,2,-15.06493689502828,-15.91126176242838,-17.91224947688805,-7.638877656799547,-3.609682942270214,0.0006884975501810567,upper,0.1
431,phase2,upper,-15.0,2,-15.073234420726232,-15.91126176242838,-17.91224947688805,-7.638877656799547,-3.609682942270214,0.003088016264817608,upper,0.1
432,phase2,upper,-15.0,2,-15.077198929050276,-15.91126176242838,-17.91224947688805,-7.638877656799547,-3.609682942270214,0.004317095658161741,upper,0.1
433,phase2,upper,-15.0,2,-15.078241634079706,-15.91126176242838,-17.91224947688805,-7.638877656799547,-3.609682942270214,0.004874872944967313,upper,0.1
434,phase2,upper,-15.0,2,-15.077274352079211,-15.91126176242838,-17.91224947688805,-7.638877656799547,-3.609682942270214,0.005043746093922993,upper,0.1
435,phase2,upper,-15.0,2,-15.074912611541928,-15.91126176242838,-17.91224947688805,-7.638877656799547,-3.609682942270214,0.004985652933650847,upper,0.1
436,phase2,upper,-15.0,2,-15.07158986231876,-15.91126176242838,-17.91224947688805,-7.638877656799547,-3.609682942270214,0.004795138741287283,upper,0.1
437,phase2,upper,-15.0,2,-15.067622631836345,-15.91126176242838,-17.91224947688805,-7.638877656799547,-3.609682942270214,0.0045286693474206365,upper,0.1
438,phase2,lower,-20.0,4,-15.067622631836345,-16.357284731461668,-18.253585901480736,-7.629148670825299,-3.5576597305859807,-0.012555687042950889,upper,0.1
439,phase2,upper,-15.0,2,-15.078624442454013,-16.357284731461668,-18.253585901480736,-7.629148670825299,-3.5576597305859807,-0.004150455390844535,upper,0.1
440,phase2,upper,-15.0,2,-15.081097921951992,-16.357284731461668,-18.253585901480736,-7.629148670825299,-3.5576597305859807,0.00021143640026629294,upper,0.1
441,phase2,upper,-15.0,2,-15.078965706069082,-16.357284731461668,-18.253585901480736,-7.629148670825299,-3.5576597305859807,0.002361768413649981,upper,0.1
442,phase2,upper,-15.0,2,-15.074428873637636,-16.357284731461668,-18.253585901480736,-7.629148670825299,-3.5576597305859807,0.003309226027436558,upper,0.1
443,phase2,upper,-15.0,2,-15.068730584708897,-16.357284731461668,-18.253585901480736,-7.629148670825299,-3.5576597305859807,0.0036095882672086918,upper,0.1
444,phase2,upper,-15.0,2,-15.062577587622926,-16.357284731461668,-18.253585901480736,-7.629148670825299,-3.5576597305859807,0.0035692227041056674,upper,0.1
445,phase2,upper,-15.0,2,-15.056373528182542,-16.357284731461668,-18.253585901480736,-7.629148670825299,-3.5576597305859807,0.00335698844309753,upper,0.1
446,phase2,lower,-20.0,4,-15.056373528182542,-16.793893558864788,-18.557727407286556,-7.604249631783625,-3.5020384546285013,-0.007271639161068426,upper,0.1
447,phase2,upper,-15.0,2,-15.059914411865753,-16.793893558864788,-18.557727407286556,-7.604249631783625,-3.5020384546285013,-0.0021422205840047844,upper,0.1
448,phase2,upper,-15.0,2,-15.058598370630616,-16.793893558864788,-18.557727407286556,-7.604249631783625,-3.5020384546285013,0.00045578069134351263,upper,0.1
449,phase2,upper,-15.0,2,-15.054848363051848,-16.793893558864788,-18.557727407286556,-7.604249631783625,-3.5020384546285013,0.001680701211586508,upper,0.1
450,phase2,upper,-15.0,2,-15.050000035634707,-16.793893558864788,-18.557727407286556,-7.604249631783625,-3.5020384546285013,0.002168781815828562,upper,0.1
451,phase2,upper,-15.0,2,-15.044786406440462,-16.793893558864788,-18.557727407286556,-7.604249631783625,-3.5020384546285013,0.0022691488583973635,upper,0.1
452,phase2,upper,-15.0,2,-15.039605282182466,-16.793893558864788,-18.557727407286556,-7.604249631783625,-3.5020384546285013,0.002172975008139109,upper,0.1
453,phase2,upper,-15.0,2,-15.034667145363855,-16.793893558864788,-18.557727407286556,-7.604249631783625,-3.5020384546285013,0.0019844948814464742,upper,0.1
454,phase2,upper,-15.0,2,-15.030077223623515,-16.793893558864788,-18.557727407286556,-7.604249631783625,-3.5020384546285013,0.0017600679815910135,upper,0.1
455,phase2,upper,-15.0,2,-15.025881266609243,-16.793893558864788,-18.557727407286556,-7.604249631783625,-3.5020384546285013,0.00152967939490947,upper,0.1
456,phase2,upper,-15.0,2,-15.022091266900988,-16.793893558864788,-18.557727407286556,-7.604249631783625,-3.5020384546285013,0.0013087849590276623,upper,0.1
457,phase2,upper,-15.0,2,-15.018700059730337,-16.793893558864788,-18.557727407286556,-7.604249631783625,-3.5020384546285013,0.0011048455732758887,upper,0.1
458,phase2,upper,-15.0,2,-15.015689723554148,-16.793893558864788,-18.557727407286556,-7.604249631783625,-3.5020384546285013,0.0009209383583937153,upper,0.1
459,phase2,upper,-15.0,2,-15.013036497807251,-16.793893558864788,-18.557727407286556,-7.604249631783625,-3.5020384546285013,0.0007577571920464556,upper,0.1
460,phase2,upper,-15.0,2,-15.010713721162013,-16.793893558864788,-18.557727407286556,-7.604249631783625,-3.5020384546285013,0.0006147243928046074,upper,0.1
461,phase2,upper,-15.0,2,-15.008693626067029,-16.793893558864788,-18.557727407286556,-7.604249631783625,-3.5020384546285013,0.0004906107046032871,upper,0.1
462,phase2,upper,-15.0,2,-15.006948457501885,-16.793893558864788,-18.557727407286556,-7.604249631783625,-3.5020384546285013,0.00038388232347636564,upper,0.1
463,phase2,upper,-15.0,2,-15.005451180783172,-16.793893558864788,-18.557727407286556,-7.604249631783625,-3.5020384546285013,0.00029289562707740063,upper,0.1
464,phase2,upper,-15.0,2,-15.004175930733506,-16.793893558864788,-18.557727407286556,-7.604249631783625,-3.5020384546285013,0.00021600632208636488,upper,0.1
465,phase2,upper,-15.0,2,-15.003098291841887,-16.793893558864788,-18.557727407286556,-7.604249631783625,-3.5020384546285013,0.00015163003167076766,upper,0.1
466,phase2,upper,-15.0,2,-15.002195463818904,-16.793893558864788,-18.557727407286556,-7.604249631783625,-3.5020384546285013,9.827498127221735e-05,upper,0.1
467,phase2,upper,-15.0,2,-15.00144634688576,-16.793893558864788,-18.557727407286556,-7.604249631783625,-3.5020384546285013,5.455840489069133e-05,upper,0.1
468,phase2,upper,-15.0,2,-15.000831569472515,-16.793893558864788,-18.557727407286556,-7.604249631783625,-3.5020384546285013,1.921328857341521e-05,upper,0.1
469,phase2,upper,-15.0,2,-15.00033347402088,-16.793893558864788,-18.557727407286556,-7.604249631783625,-3.5020384546285013,-8.91071869620603e-06,upper,0.1
470,phase2,upper,-15.0,2,-14.999936072243957,-16.793893558864788,-18.557727407286556,-7.604249631783625,-3.5020384546285013,-3.0849959672228704e-05,upper,0.1
471,phase2,upper,-15.0,2,-14.999624978360606,-16.793893558864788,-18.557727407286556,-7.604249631783625,-3.5020384546285013,-4.7531609155644264e-05,upper,0.1
472,phase2,upper,-15.0,2,-14.99938732687098,-16.793893558864788,-18.557727407286556,-7.604249631783625,-3.5020384546285013,-5.977983207595349e-05,upper,0.1
473,phase2,lower,-20.0,4,-14.99938732687098,-17.22033074555583,-18.827540804937858,-7.56639743677065,-3.444233153274239,-0.002915491778935665,upper,0.1
474,phase2,upper,-15.0,2,-15.001781820776355,-17.22033074555583,-18.827540804937858,-7.56639743677065,-3.444233153274239,-0.0014676215481591508,upper,0.1
475,phase2,upper,-15.0,2,-15.00284033455164,-17.22033074555583,-18.827540804937858,-7.56639743677065,-3.444233153274239,-0.0006892910409325758,upper,0.1
476,phase2,upper,-15.0,2,-15.003186292672781,-17.22033074555583,-18.827540804937858,-7.56639743677065,-3.444233153274239,-0.0002772389169205646,upper,0.1
477,phase2,upper,-15.0,2,-15.003161861538805,-17.22033074555583,-18.827540804937858,-7.56639743677065,-3.444233153274239,-6.491344343597275e-05,upper,0.1
478,phase2,upper,-15.0,2,-15.002954381786752,-17.22033074555583,-18.827540804937858,-7.56639743677065,-3.444233153274239,3.911709227736905e-05,upper,0.1
479,phase2,upper,-15.0,2,-15.002665904294444,-17.22033074555583,-18.827540804937858,-7.56639743677065,-3.444233153274239,8.500433898519567e-05,upper,0.1
480,phase2,upper,-15.0,2,-15.002351456698625,-17.22033074555583,-18.827540804937858,-7.56639743677065,-3.444233153274239,0.00010021432277008984,upper,0.1
481,phase2,upper,-15.0,2,-15.002040120450104,-17.22033074555583,-18.827540804937858,-7.56639743677065,-3.444233153274239,9.974581689354788e-05,upper,0.1
482,phase2,upper,-15.0,2,-15.001746654877538,-17.22033074555583,-18.827540804937858,-7.56639743677065,-3.444233153274239,9.174657341849601e-05,upper,0.1
483,phase2,upper,-15.0,2,-15.00147791967702,-17.22033074555583,-18.827540804937858,-7.56639743677065,-3.444233153274239,8.06007717013976e-05,upper,0.1
484,phase2,upper,-15.0,2,-15.001236432554961,-17.22033074555583,-18.827540804937858,-7.56639743677065,-3.444233153274239,6.862678996687963e-05,upper,0.1
485,phase2,upper,-15.0,2,-15.001022346772492,-17.22033074555583,-18.827540804937858,-7.56639743677065,-3.444233153274239,5.7011153297699906e-05,upper,0.1
486,phase2,upper,-15.0,2,-15.000834555309975,-17.22033074555583,-18.827540804937858,-7.56639743677065,-3.444233153274239,4.632254008112711e-05,upper,0.1
487,phase2,upper,-15.0,2,-15.000671310719213,-17.22033074555583,-18.827540804937858,-7.56639743677065,-3.444233153274239,3.679481651700095e-05,upper,0.1
488,phase2,upper,-15.0,2,-15.000530575129853,-17.22033074555583,-18.827540804937858,-7.56639743677065,-3.444233153274239,2.8482958765136577e-05,upper,0.1
489,phase2,upper,-15.0,2,-15.00041021886935,-17.22033074555583,-18.827540804937858,-7.56639743677065,-3.444233153274239,2.1348959905248403e-05,upper,0.1
490,phase2,lower,-20.0,4,-15.00041021886935,-17.63103253743012,-19.062307689879713,-7.515246992711496,-3.3837575912957534,0.0019231864379419539,upper,0.1
491,phase2,upper,-15.0,2,-14.998596479602563,-17.63103253743012,-19.062307689879713,-7.515246992711496,-3.3837575912957534,0.0009472094881345989,upper,0.1
492,phase2,upper,-15.0,2,-14.997723280200502,-17.63103253743012,-19.062307689879713,-7.515246992711496,-3.3837575912957534,0.00042016305961616165,upper,0.1
493,phase2,upper,-15.0,2,-14.997367615423515,-17.63103253743012,-19.062307689879713,-7.515246992711496,-3.3837575912957534,0.0001396016831269989,upper,0.1
494,phase2,upper,-15.0,2,-14.99729467810401,-17.63103253743012,-19.062307689879713,-7.515246992711496,-3.3837575912957534,-5.823334984578083e-06,upper,0.1
495,phase2,upper,-15.0,2,-14.997373598566224,-17.63103253743012,-19.062307689879713,-7.515246992711496,-3.3837575912957534,-7.738193955650758e-05,upper,0.1
496,phase2,upper,-15.0,2,-14.997531071214762,-17.63103253743012,-19.062307689879713,-7.515246992711496,-3.3837575912957534,-0.00010880459213150928,upper,0.1
497,phase2,upper,-15.0,2,-14.997725804552381,-17.63103253743012,-19.062307689879713,-7.515246992711496,-3.3837575912957534,-0.00011866928527859498,upper,0.1
498,phase2,upper,-15.0,2,-14.997934419685283,-17.63103253743012,-19.062307689879713,-7.515246992711496,-3.3837575912957534,-0.0001172106633614262,upper,0.1
499,phase2,upper,-15.0,2,-14.99814364633196,-17.63103253743012,-19.062307689879713,-7.515246992711496,-3.3837575912957534,-0.00011006430002000927,upper,0.1
500,phase2,upper,-15.0,2,-14.998345985857275,-17.63103253743012,-19.062307689879713,-7.515246992711496,-3.3837575912957534,-0.00010032676807421949,upper,0.1
501,phase2,upper,-15.0,2,-14.998537285678054,-17.63103253743012,-19.062307689879713,-7.515246992711496,-3.3837575912957534,-8.96900249820998e-05,upper,0.1
502,phase2,upper,-15.0,2,-14.998715369757532,-17.63103253743012,-19.062307689879713,-7.515246992711496,-3.3837575912957534,-7.906686677003698e-05,upper,0.1
503,phase2,upper,-15.0,2,-14.998879254698306,-17.63103253743012,-19.062307689879713,-7.515246992711496,-3.3837575912957534,-6.893644353016375e-05,upper,0.1
504,phase2,upper,-15.0,2,-14.999028692371587,-17.63103253743012,-19.062307689879713,-7.515246992711496,-3.3837575912957534,-5.953567771123934e-05,upper,0.1
505,phase2,upper,-15.0,2,-14.999163896211453,-17.63103253743012,-19.062307689879713,-7.515246992711496,-3.3837575912957534,-5.0965755237584586e-05,upper,0.1
506,phase2,upper,-15.0,2,-14.9992853721748,-17.63103253743012,-19.062307689879713,-7.515246992711496,-3.3837575912957534,-4.325172319574888e-05,upper,0.1
507,phase2,upper,-15.0,2,-14.999393810498237,-17.63103253743012,-19.062307689879713,-7.515246992711496,-3.3837575912957534,-3.6376119591521804e-05,upper,0.1
508,phase2,upper,-15.0,2,-14.999490013723502,-17.63103253743012,-19.062307689879713,-7.515246992711496,-3.3837575912957534,-3.0298159065798355e-05,upper,0.1
509,phase2,upper,-15.0,2,-14.999574847127931,-17.63103253743012,-19.062307689879713,-7.515246992711496,-3.3837575912957534,-2.49648307227915e-05,upper,0.1
510,phase2,upper,-15.0,2,-14.999649203593723,-17.63103253743012,-19.062307689879713,-7.515246992711496,-3.3837575912957534,-2.031742258353216e-05,upper,0.1
511,phase2,upper,-15.0,2,-14.999713978226042,-17.63103253743012,-19.062307689879713,-7.515246992711496,-3.3837575912957534,-1.6295423574771855e-05,upper,0.1
512,phase2,lower,-20.0,4,-14.999713978226042,-18.024174718556296,-19.263756315395884,-7.452135700409475,-3.3213579718156394,0.006309063567069395,upper,0.1
513,phase2,upper,-15.0,2,-14.994077226772632,-18.024174718556296,-19.263756315395884,-7.452135700409475,-3.3213579718156394,0.003086587012770963,upper,0.1
514,phase2,upper,-15.0,2,-14.991506745956189,-18.024174718556296,-19.263756315395884,-7.452135700409475,-3.3213579718156394,0.0013534147139912217,upper,0.1
515,phase2,upper,-15.0,2,-14.99060279737362,-18.024174718556296,-19.263756315395884,-7.452135700409475,-3.3213579718156394,0.00043664680794357815,upper,0.1
516,phase2,upper,-15.0,2,-14.990591071078027,-18.024174718556296,-19.263756315395884,-7.452135700409475,-3.3213579718156394,-3.3646118058969985e-05,upper,0.1
517,phase2,upper,-15.0,2,-14.991042412647056,-18.024174718556296,-19.263756315395884,-7.452135700409475,-3.3213579718156394,-0.00026085905985827925,upper,0.1
518,phase2,upper,-15.0,2,-14.991718583316876,-18.024174718556296,-19.263756315395884,-7.452135700409475,-3.3213579718156394,-0.0003568227834836139,upper,0.1
519,phase2,upper,-15.0,2,-14.992487292246613,-18.024174718556296,-19.263756315395884,-7.452135700409475,-3.3213579718156394,-0.00038300450618651647,upper,0.1
520,phase2,upper,-15.0,2,-14.993275315341004,-18.024174718556296,-19.263756315395884,-7.452135700409475,-3.3213579718156394,-0.0003731547271389424,upper,0.1
521,phase2,upper,-15.0,2,-14.994042565396402,-18.024174718556296,-19.263756315395884,-7.452135700409475,-3.3213579718156394,-0.00034575938398037284,upper,0.1
522,phase2,upper,-15.0,2,-14.994767697243347,-18.024174718556296,-19.263756315395884,-7.452135700409475,-3.3213579718156394,-0.0003108897801357367,upper,0.1
523,phase2,upper,-15.0,2,-14.995440072216065,-18.024174718556296,-19.263756315395884,-7.452135700409475,-3.3213579718156394,-0.000273973399612561,upper,0.1
524,phase2,upper,-15.0,2,-14.996055236118302,-18.024174718556296,-19.263756315395884,-7.452135700409475,-3.3213579718156394,-0.00023787189349557133,upper,0.1
525,phase2,upper,-15.0,2,-14.996612344964316,-18.024174718556296,-19.263756315395884,-7.452135700409475,-3.3213579718156394,-0.0002040279714957387,upper,0.1
526,phase2,upper,-15.0,2,-14.997112676201679,-18.024174718556296,-19.263756315395884,-7.452135700409475,-3.3213579718156394,-0.00017309981143195105,upper,0.1
527,phase2,upper,-15.0,2,-14.99755874974121,-18.024174718556296,-19.263756315395884,-7.452135700409475,-3.3213579718156394,-0.00014531308771954844,upper,0.1
528,phase2,upper,-15.0,2,-14.997953795690774,-18.024174718556296,-19.263756315395884,-7.452135700409475,-3.3213579718156394,-0.00012065714539076416,upper,0.1
529,phase2,upper,-15.0,2,-14.998301422639946,-18.024174718556296,-19.263756315395884,-7.452135700409475,-3.3213579718156394,-9.899493386945629e-05,upper,0.1
530,phase2,lower,-20.0,4,-14.998301422639946,-18.398221973680737,-19.43362532382025,-7.378365919891563,-3.257706770601072,0.010263831180138534,upper,0.1
531,phase2,upper,-15.0,2,-14.989278861251638,-18.398221973680737,-19.43362532382025,-7.378365919891563,-3.257706770601072,0.004997659758109795,upper,0.1
532,phase2,upper,-15.0,2,-14.98525278796405,-18.398221973680737,-19.43362532382025,-7.378365919891563,-3.257706770601072,0.0021696829635469363,upper,0.1
533,phase2,upper,-15.0,2,-14.983932417046937,-18.398221973680737,-19.43362532382025,-7.378365919891563,-3.257706770601072,0.0006776392285665858,upper,0.1
534,phase2,upper,-15.0,2,-14.984051543582918,-18.398221973680737,-19.43362532382025,-7.378365919891563,-3.257706770601072,-8.437410084215653e-05,upper,0.1
535,phase2,upper,-15.0,2,-14.984909336885456,-18.398221973680737,-19.43362532382025,-7.378365919891563,-3.257706770601072,-0.0004494299068649408,upper,0.1
536,phase2,upper,-15.0,2,-14.986117625683024,-18.398221973680737,-19.43362532382025,-7.378365919891563,-3.257706770601072,-0.0006005983784750269,upper,0.1
537,phase2,upper,-15.0,2,-14.987461680403221,-18.398221973680737,-19.43362532382025,-7.378365919891563,-3.257706770601072,-0.0006384479788007858,upper,0.1
538,phase2,upper,-15.0,2,-14.988823399051597,-18.398221973680737,-19.43362532382025,-7.378365919891563,-3.257706770601072,-0.0006181487054448049,upper,0.1
539,phase2,upper,-15.0,2,-14.990138822478624,-18.398221973680737,-19.43362532382025,-7.378365919891563,-3.257706770601072,-0.0005698728308287813,upper,0.1
540,phase2,upper,-15.0,2,-14.991374551113495,-18.398221973680737,-19.43362532382025,-7.378365919891563,-3.257706770601072,-0.0005100171349061755,upper,0.1
541,phase2,upper,-15.0,2,-14.992514582976744,-18.398221973680737,-19.43362532382025,-7.378365919891563,-3.257706770601072,-0.0004473803829341717,upper,0.1
542,phase2,upper,-15.0,2,-14.993552909945004,-18.398221973680737,-19.43362532382025,-7.378365919891563,-3.257706770601072,-0.0003865672822097498,upper,0.1
543,phase2,upper,-15.0,2,-14.994489306582619,-18.398221973680737,-19.43362532382025,-7.378365919891563,-3.257706770601072,-0.0003298669224063248,upper,0.1
544,phase2,upper,-15.0,2,-14.995326898387873,-18.398221973680737,-19.43362532382025,-7.378365919891563,-3.257706770601072,-0.0002782915527425477,upper,0.1
545,phase2,upper,-15.0,2,-14.99607072978521,-18.398221973680737,-19.43362532382025,-7.378365919891563,-3.257706770601072,-0.00023215269921960378,upper,0.1
546,phase2,upper,-15.0,2,-14.996726900521594,-18.398221973680737,-19.43362532382025,-7.378365919891563,-3.257706770601072,-0.00019138193142346406,upper,0.1
547,phase2,upper,-15.0,2,-14.997302030784105,-18.398221973680737,-19.43362532382025,-7.378365919891563,-3.257706770601072,-0.00015571034356895235,upper,0.1
548,phase2,upper,-15.0,2,-14.997802920931491,-18.398221973680737,-19.43362532382025,-7.378365919891563,-3.257706770601072,-0.0001247695693899305,upper,0.1
549,phase2,upper,-15.0,2,-14.998236329999996,-18.398221973680737,-19.43362532382025,-7.378365919891563,-3.257706770601072,-9.814898001159942e-05,upper,0.1
550,phase2,upper,-15.0,2,-14.998608829403473,-18.398221973680737,-19.43362532382025,-7.378365919891563,-3.257706770601072,-7.542822127377011e-05,upper,0.1
551,phase2,lower,-20.0,4,-14.998608829403473,-18.751830194093834,-19.573602793660555,-7.295160388219658,-3.193380564790122,0.013829947702020774,upper,0.1
552,phase2,upper,-15.0,2,-14.986411867870046,-18.751830194093834,-19.573602793660555,-7.295160388219658,-3.193380564790122,0.006757438481949728,upper,0.1
553,phase2,upper,-15.0,2,-14.980924236416682,-18.751830194093834,-19.573602793660555,-7.295160388219658,-3.193380564790122,0.0029569665784919446,upper,0.1
554,phase2,upper,-15.0,2,-14.979072588906535,-18.751830194093834,-19.573602793660555,-7.295160388219658,-3.193380564790122,0.000949506732906113,upper,0.1
555,phase2,upper,-15.0,2,-14.979158186313851,-18.751830194093834,-19.573602793660555,-7.295160388219658,-3.193380564790122,-7.795022165605047e-05,upper,0.1
556,phase2,upper,-15.0,2,-14.980240759223218,-18.751830194093834,-19.573602793660555,-7.295160388219658,-3.193380564790122,-0.0005723324253070802,upper,0.1
557,phase2,upper,-15.0,2,-14.981799441332939,-18.751830194093834,-19.573602793660555,-7.295160388219658,-3.193380564790122,-0.000779297648278942,upper,0.1
558,phase2,lower,-20.0,4,-14.981799441332939,-19.08470882193396,-19.685937370823183,-7.204089633324503,-3.1291695122919707,0.016813747180811814,upper,0.1
559,phase2,upper,-15.0,2,-14.967712251383077,-19.08470882193396,-19.685937370823183,-7.204089633324503,-3.1291695122919707,0.007786785784744033,upper,0.1
560,phase2,upper,-15.0,2,-14.962204486875502,-19.08470882193396,-19.685937370823183,-7.204089633324503,-3.1291695122919707,0.002981923418899322,upper,0.1
561,phase2,upper,-15.0,2,-14.961294659912669,-19.08470882193396,-19.685937370823183,-7.204089633324503,-3.1291695122919707,0.00048692845180162993,upper,0.1
562,phase2,upper,-15.0,2,-14.962781910072028,-19.08470882193396,-19.685937370823183,-7.204089633324503,-3.1291695122919707,-0.0007492715422989659,upper,0.1
563,phase2,upper,-15.0,2,-14.965448831657634,-19.08470882193396,-19.685937370823183,-7.204089633324503,-3.1291695122919707,-0.0013043538057873223,upper,0.1
564,phase2,upper,-15.0,2,-14.968622561992843,-19.08470882193396,-19.685937370823183,-7.204089633324503,-3.1291695122919707,-0.001495685343206707,upper,0.1
565,phase2,upper,-15.0,2,-14.971932817381967,-19.08470882193396,-19.685937370823183,-7.204089633324503,-3.1291695122919707,-0.0014974364861645773,upper,0.1
566,phase2,upper,-15.0,2,-14.975178243701178,-19.08470882193396,-19.685937370823183,-7.204089633324503,-3.1291695122919707,-0.0014049633434120464,upper,0.1
567,phase2,upper,-15.0,2,-14.978252377340636,-19.08470882193396,-19.685937370823183,-7.204089633324503,-3.1291695122919707,-0.0012702147305016177,upper,0.1
568,phase2,upper,-15.0,2,-14.981102448454136,-19.08470882193396,-19.685937370823183,-7.204089633324503,-3.1291695122919707,-0.0011212148906824455,upper,0.1
569,phase2,upper,-15.0,2,-14.98370631027157,-19.08470882193396,-19.685937370823183,-7.204089633324503,-3.1291695122919707,-0.0009727926853864178,upper,0.1
570,phase2,upper,-15.0,2,-14.98605939988171,-19.08470882193396,-19.685937370823183,-7.204089633324503,-3.1291695122919707,-0.0008324972502957666,upper,0.1
571,phase2,upper,-15.0,2,-14.98816727441361,-19.08470882193396,-19.685937370823183,-7.204089633324503,-3.1291695122919707,-0.0007038652255965815,upper,0.1
572,phase2,upper,-15.0,2,-14.990041266226559,-19.08470882193396,-19.685937370823183,-7.204089633324503,-3.1291695122919707,-0.0005882295482420219,upper,0.1
573,phase2,upper,-15.0,2,-14.991695900056644,-19.08470882193396,-19.685937370823183,-7.204089633324503,-3.1291695122919707,-0.00048572404054164576,upper,0.1
574,phase2,upper,-15.0,2,-14.99314731975779,-19.08470882193396,-19.685937370823183,-7.204089633324503,-3.1291695122919707,-0.0003958436523469414,upper,0.1
575,phase2,upper,-15.0,2,-14.994412305184714,-19.08470882193396,-19.685937370823183,-7.204089633324503,-3.1291695122919707,-0.0003177584443333661,upper,0.1
576,phase2,upper,-15.0,2,-14.995507643326045,-19.08470882193396,-19.685937370823183,-7.204089633324503,-3.1291695122919707,-0.0002504904834530955,upper,0.1
577,phase2,upper,-15.0,2,-14.996449719264072,-19.08470882193396,-19.685937370823183,-7.204089633324503,-3.1291695122919707,-0.00019301393184787582,upper,0.1
578,phase2,upper,-15.0,2,-14.997254248860337,-19.08470882193396,-19.685937370823183,-7.204089633324503,-3.1291695122919707,-0.00014431171349917488,upper,0.1
579,phase2,upper,-15.0,2,-14.99793610654032,-19.08470882193396,-19.685937370823183,-7.204089633324503,-3.1291695122919707,-0.00010340733139929185,upper,0.1
580,phase2,upper,-15.0,2,-14.998509219326701,-19.08470882193396,-19.685937370823183,-7.204089633324503,-3.1291695122919707,-6.938223924505535e-05,upper,0.1
581,phase2,upper,-15.0,2,-14.998986508476248,-19.08470882193396,-19.685937370823183,-7.204089633324503,-3.1291695122919707,-4.138465534869856e-05,upper,0.1
582,phase2,upper,-15.0,2,-14.99937986607834,-19.08470882193396,-19.685937370823183,-7.204089633324503,-3.1291695122919707,-1.863319972836553e-05,upper,0.1
583,phase2,upper,-15.0,2,-14.999700157625593,-19.08470882193396,-19.685937370823183,-7.204089633324503,-3.1291695122919707,-4.1733544190051327e-07,upper,0.1
584,phase2,upper,-15.0,2,-14.999957243889336,-19.08470882193396,-19.685937370823183,-7.204089633324503,-3.1291695122919707,1.3904193967226986e-05,upper,0.1
585,phase2,upper,-15.0,2,-15.000160016987797,-19.08470882193396,-19.685937370823183,-7.204089633324503,-3.1291695122919707,2.4906190296934387e-05,upper,0.1
586,phase2,upper,-15.0,2,-15.000316446634871,-19.08470882193396,-19.685937370823183,-7.204089633324503,-3.1291695122919707,3.310061253013725e-05,upper,0.1
587,phase2,upper,-15.0,2,-15.000433633376423,-19.08470882193396,-19.685937370823183,-7.204089633324503,-3.1291695122919707,3.894065554046524e-05,upper,0.1
588,phase2,upper,-15.0,2,-15.000517866257795,-19.08470882193396,-19.685937370823183,-7.204089633324503,-3.1291695122919707,4.282507492980093e-05,upper,0.1
589,phase2,upper,-15.0,2,-15.000574682877108,-19.08470882193396,-19.685937370823183,-7.204089633324503,-3.1291695122919707,4.510260125684937e-05,upper,0.1
590,phase2,upper,-15.0,2,-15.000608930197863,-19.08470882193396,-19.685937370823183,-7.204089633324503,-3.1291695122919707,4.607633049888706e-05,upper,0.1
591,phase2,upper,-15.0,2,-15.000624824842259,-19.08470882193396,-19.685937370823183,-7.204089633324503,-3.1291695122919707,4.6008008646250413e-05,upper,0.1
592,phase2,upper,-15.0,2,-15.000626011877126,-19.08470882193396,-19.685937370823183,-7.204089633324503,-3.1291695122919707,4.5122151342835006e-05,upper,0.1
593,phase2,upper,-15.0,2,-15.000615621347398,-19.08470882193396,-19.685937370823183,-7.204089633324503,-3.1291695122919707,4.3609957055106276e-05,upper,0.1
594,phase2,upper,-15.0,2,-15.000596322014523,-19.08470882193396,-19.685937370823183,-7.204089633324503,-3.1291695122919707,4.163298594173255e-05,upper,0.1
595,phase2,upper,-15.0,2,-15.000570371925292,-19.08470882193396,-19.685937370823183,-7.204089633324503,-3.1291695122919707,3.932658737756408e-05,upper,0.1
596,phase2,upper,-15.0,2,-15.000539665574768,-19.08470882193396,-19.685937370823183,-7.204089633324503,-3.1291695122919707,3.6803067604265644e-05,upper,0.1
597,phase2,upper,-15.0,2,-15.000505777539633,-19.08470882193396,-19.685937370823183,-7.204089633324503,-3.1291695122919707,3.4154595682923525e-05,upper,0.1
598,phase2,upper,-15.0,2,-15.000470002548758,-19.08470882193396,-19.685937370823183,-7.204089633324503,-3.1291695122919707,3.145585114513952e-05,upper,0.1
599,phase2,upper,-15.0,2,-15.000433392029526,-19.08470882193396,-19.685937370823183,-7.204089633324503,-3.1291695122919707,2.8766420735819e-05,upper,0.1
600,phase2,upper,-15.0,2,-15.000396787223961,-19.08470882193396,-19.685937370823183,-7.204089633324503,-3.1291695122919707,2.6132954625046723e-05,upper,0.1
601,phase2,upper,-15.0,2,-15.000360849010614,-19.08470882193396,-19.685937370823183,-7.204089633324503,-3.1291695122919707,2.3591094608514218e-05,upper,0.1
602,phase2,upper,-15.0,2,-15.00032608459869,-19.08470882193396,-19.685937370823183,-7.204089633324503,-3.1291695122919707,2.1167188266818672e-05,upper,0.1
603,phase2,upper,-15.0,2,-15.000292871281754,-19.08470882193396,-19.685937370823183,-7.204089633324503,-3.1291695122919707,1.8879803936927253e-05,upper,0.1
604,phase2,upper,-15.0,2,-15.00026147745143,-19.08470882193396,-19.685937370823183,-7.204089633324503,-3.1291695122919707,1.6741061771371483e-05,upper,0.1
605,phase2,upper,-15.0,2,-15.000232081078115,-19.08470882193396,-19.685937370823183,-7.204089633324503,-3.1291695122919707,1.4757796216066362e-05,upper,0.1
606,phase2,upper,-15.0,2,-15.00020478586722,-19.08470882193396,-19.685937370823183,-7.204089633324503,-3.1291695122919707,1.293256500227718e-05,upper,0.1
607,phase2,upper,-15.0,2,-15.000179635296748,-19.08470882193396,-19.685937370823183,-7.204089633324503,-3.1291695122919707,1.1264519290420187e-05,upper,0.1
608,phase2,upper,-15.0,2,-15.00015662473632,-19.08470882193396,-19.685937370823183,-7.204089633324503,-3.1291695122919707,9.750148978771382e-06,upper,0.1
609,phase2,upper,-15.0,2,-15.000135711839526,-19.08470882193396,-19.685937370823183,-7.204089633324503,-3.1291695122919707,8.383916445067817e-06,upper,0.1
610,phase2,upper,-15.0,2,-15.000116825391622,-19.08470882193396,-19.685937370823183,-7.204089633324503,-3.1291695122919707,7.158791164504412e-06,upper,0.1
611,phase2,upper,-15.0,2,-15.000099872783517,-19.08470882193396,-19.685937370823183,-7.204089633324503,-3.1291695122919707,6.066696774006571e-06,upper,0.1
612,phase2,lower,-20.0,4,-15.000099872783517,-19.394826216795785,-19.771481945874356,-7.105698276469514,-3.0651001764686803,0.019771384497498205,upper,0.1
613,phase2,upper,-15.0,2,-14.982295960250575,-19.394826216795785,-19.771481945874356,-7.105698276469514,-3.0651001764686803,0.009690104603612078,upper,0.1
614,phase2,upper,-15.0,2,-14.974099700577664,-19.394826216795785,-19.771481945874356,-7.105698276469514,-3.0651001764686803,0.00426426516561784,upper,0.1
615,phase2,upper,-15.0,2,-14.971134573257372,-19.394826216795785,-19.771481945874356,-7.105698276469514,-3.0651001764686803,0.001391024968071403,upper,0.1
616,phase2,upper,-15.0,2,-14.970978521208691,-19.394826216795785,-19.771481945874356,-7.105698276469514,-3.0651001764686803,-8.573222989141497e-05,upper,0.1
617,phase2,upper,-15.0,2,-14.972288176996633,-19.394826216795785,-19.771481945874356,-7.105698276469514,-3.0651001764686803,-0.0008017284460924613,upper,0.1
618,phase2,upper,-15.0,2,-14.974316907453742,-19.394826216795785,-19.771481945874356,-7.105698276469514,-3.0651001764686803,-0.0011065558916799525,upper,0.1
619,phase2,upper,-15.0,2,-14.976649312923845,-19.394826216795785,-19.771481945874356,-7.105698276469514,-3.0651001764686803,-0.001192419698227647,upper,0.1
620,phase2,upper,-15.0,2,-14.979054734342235,-19.394826216795785,-19.771481945874356,-7.105698276469514,-3.0651001764686803,-0.0011649043323174611,upper,0.1
621,phase2,upper,-15.0,2,-14.981406225311849,-19.394826216795785,-19.771481945874356,-7.105698276469514,-3.0651001764686803,-0.0010818841562209882,upper,0.1
622,phase2,upper,-15.0,2,-14.98363556602938,-19.394826216795785,-19.771481945874356,-7.105698276469514,-3.0651001764686803,-0.000974928429268966,upper,0.1
623,phase2,upper,-15.0,2,-14.985708146886306,-19.394826216795785,-19.771481945874356,-7.105698276469514,-3.0651001764686803,-0.0008610848751076962,upper,0.1
624,phase2,upper,-15.0,2,-14.987608829684794,-19.394826216795785,-19.771481945874356,-7.105698276469514,-3.0651001764686803,-0.0007493736052334391,upper,0.1
625,phase2,upper,-15.0,2,-14.98933389437082,-19.394826216795785,-19.771481945874356,-7.105698276469514,-3.0651001764686803,-0.0006443716163021642,upper,0.1
626,phase2,upper,-15.0,2,-14.990886377162271,-19.394826216795785,-19.771481945874356,-7.105698276469514,-3.0651001764686803,-0.0005481959105534124,upper,0.1
627,phase2,upper,-15.0,2,-14.992273313978938,-19.394826216795785,-19.771481945874356,-7.105698276469514,-3.0651001764686803,-0.0004616042365579649,upper,0.1
628,phase2,upper,-15.0,2,-14.993504067261789,-19.394826216795785,-19.771481945874356,-7.105698276469514,-3.0651001764686803,-0.0003846088042497956,upper,0.1
629,phase2,upper,-15.0,2,-14.994589279663085,-19.394826216795785,-19.771481945874356,-7.105698276469514,-3.0651001764686803,-0.00031682049325624275,upper,0.1
630,phase2,upper,-15.0,2,-14.995540199319551,-19.394826216795785,-19.771481945874356,-7.105698276469514,-3.0651001764686803,-0.0002576433426746774,upper,0.1
631,phase2,upper,-15.0,2,-14.996368232440778,-19.394826216795785,-19.771481945874356,-7.105698276469514,-3.0651001764686803,-0.0002063853881703114,upper,0.1
632,phase2,upper,-15.0,2,-14.997084640377986,-19.394826216795785,-19.771481945874356,-7.105698276469514,-3.0651001764686803,-0.00016232236907325412,upper,0.1
633,phase2,upper,-15.0,2,-14.99770033249992,-19.394826216795785,-19.771481945874356,-7.105698276469514,-3.0651001764686803,-0.00012473457042731963,upper,0.1
634,phase2,upper,-15.0,2,-14.998225725351096,-19.394826216795785,-19.771481945874356,-7.105698276469514,-3.0651001764686803,-9.292810811049998e-05,upper,0.1
635,phase2,upper,-15.0,2,-14.998670649437148,-19.394826216795785,-19.771481945874356,-7.105698276469514,-3.0651001764686803,-6.62470214534502e-05,upper,0.1
636,phase2,upper,-15.0,2,-14.999044291272325,-19.394826216795785,-19.771481945874356,-7.105698276469514,-3.0651001764686803,-4.407980096952361e-05,upper,0.1
637,phase2,upper,-15.0,2,-14.99935516206887,-19.394826216795785,-19.771481945874356,-7.105698276469514,-3.0651001764686803,-2.58624564947485e-05,upper,0.1
638,phase2,upper,-15.0,2,-14.999611086765247,-19.394826216795785,-19.771481945874356,-7.105698276469514,-3.0651001764686803,-1.1079377918441746e-05,upper,0.1
639,phase2,upper,-15.0,2,-14.999819208595895,-19.394826216795785,-19.771481945874356,-7.105698276469514,-3.0651001764686803,7.37242924298085e-07,upper,0.1
640,phase2,upper,-15.0,2,-14.999986005439368,-19.394826216795785,-19.771481945874356,-7.105698276469514,-3.0651001764686803,1.0008939499179743e-05,upper,0.1
641,phase2,upper,-15.0,2,-15.00011731493288,-19.394826216795785,-19.771481945874356,-7.105698276469514,-3.0651001764686803,1.711312205108208e-05,upper,0.1
642,phase2,upper,-15.0,2,-15.00021836591481,-19.394826216795785,-19.771481945874356,-7.105698276469514,-3.0651001764686803,2.238562905126153e-05,upper,0.1
643,phase2,upper,-15.0,2,-15.000293814212428,-19.394826216795785,-19.771481945874356,-7.105698276469514,-3.0651001764686803,2.6123518418292555e-05,upper,0.1
644,phase2,upper,-15.0,2,-15.000347781164523,-19.394826216795785,-19.771481945874356,-7.105698276469514,-3.0651001764686803,2.858798107814576e-05,upper,0.1
645,phase2,upper,-15.0,2,-15.000383893578565,-19.394826216795785,-19.771481945874356,-7.105698276469514,-3.0651001764686803,3.0007289395144166e-05,upper,0.1
646,phase2,upper,-15.0,2,-15.000405324082683,-19.394826216795785,-19.771481945874356,-7.105698276469514,-3.0651001764686803,3.057971497221984e-05,upper,0.1
647,phase2,upper,-15.0,2,-15.00041483105264,-19.394826216795785,-19.771481945874356,-7.105698276469514,-3.0651001764686803,3.047636702563423e-05,upper,0.1
648,phase2,upper,-15.0,2,-15.0004147974798,-19.394826216795785,-19.771481945874356,-7.105698276469514,-3.0651001764686803,2.9843915595322706e-05,upper,0.1
649,phase2,upper,-15.0,2,-15.000407268302387,-19.394826216795785,-19.771481945874356,-7.105698276469514,-3.0651001764686803,2.8807174231802394e-05,upper,0.1
650,phase2,upper,-15.0,2,-15.000393985853158,-19.394826216795785,-19.771481945874356,-7.105698276469514,-3.0651001764686803,2.7471525127435935e-05,upper,0.1
651,phase2,upper,-15.0,2,-15.000376423185493,-19.394826216795785,-19.771481945874356,-7.105698276469514,-3.0651001764686803,2.592517635263506e-05,upper,0.1
652,phase2,upper,-15.0,2,-15.000355815129415,-19.394826216795785,-19.771481945874356,-7.105698276469514,-3.0651001764686803,2.4241246215185176e-05,upper,0.1
653,phase2,upper,-15.0,2,-15.000333187002111,-19.394826216795785,-19.771481945874356,-7.105698276469514,-3.0651001764686803,2.24796740139979e-05,upper,0.1
654,phase2,lower,-20.0,4,-15.000333187002111,-19.68247155799703,-19.832559121424364,-7.001521187138845,-3.0019119145903796,0.02214719525184136,upper,0.1
655,phase2,upper,-15.0,2,-14.980397136936086,-19.68247155799703,-19.832559121424364,-7.001521187138845,-3.0019119145903796,0.01086179959292242,upper,0.1
656,phase2,upper,-15.0,2,-14.971213203725576,-19.68247155799703,-19.832559121424364,-7.001521187138845,-3.0019119145903796,0.0047874476866954264,upper,0.1
657,phase2,upper,-15.0,2,-14.967883122699119,-19.68247155799703,-19.832559121424364,-7.001521187138845,-3.0019119145903796,0.0015703214484892568,upper,0.1
658,phase2,upper,-15.0,2,-14.967696282750092,-19.68247155799703,-19.832559121424364,-7.001521187138845,-3.0019119145903796,-8.366836735154628e-05,upper,0.1
659,phase2,upper,-15.0,2,-14.96914942534909,-19.68247155799703,-19.832559121424364,-7.001521187138845,-3.0019119145903796,-0.0008861033213450624,upper,0.1
660,phase2,upper,-15.0,2,-14.971407171028435,-19.68247155799703,-19.832559121424364,-7.001521187138845,-3.0019119145903796,-0.0012282851248743873,upper,0.1
661,phase2,upper,-15.0,2,-14.974004837572396,-19.68247155799703,-19.832559121424364,-7.001521187138845,-3.0019119145903796,-0.0013253456864938385,upper,0.1
662,phase2,upper,-15.0,2,-14.976684470894995,-19.68247155799703,-19.832559121424364,-7.001521187138845,-3.0019119145903796,-0.0012954602607821795,upper,0.1
663,phase2,upper,-15.0,2,-14.979304154383772,-19.68247155799703,-19.832559121424364,-7.001521187138845,-3.0019119145903796,-0.0012034021680668923,upper,0.1
664,phase2,upper,-15.0,2,-14.98178766137216,-19.68247155799703,-19.832559121424364,-7.001521187138845,-3.0019119145903796,-0.0010845023774981707,upper,0.1
665,phase2,upper,-15.0,2,-14.984096348155235,-19.68247155799703,-19.832559121424364,-7.001521187138845,-3.0019119145903796,-0.0009578392059097695,upper,0.1
666,phase2,upper,-15.0,2,-14.986213334112673,-19.68247155799703,-19.832559121424364,-7.001521187138845,-3.0019119145903796,-0.0008335070057480554,upper,0.1
667,phase2,upper,-15.0,2,-14.988134492943576,-19.68247155799703,-19.832559121424364,-7.001521187138845,-3.0019119145903796,-0.0007166281821206493,upper,0.1
668,phase2,upper,-15.0,2,-14.989863239365983,-19.68247155799703,-19.832559121424364,-7.001521187138845,-3.0019119145903796,-0.0006095727256671119,upper,0.1
669,phase2,upper,-15.0,2,-14.991407447864107,-19.68247155799703,-19.832559121424364,-7.001521187138845,-3.0019119145903796,-0.0005131900805452492,upper,0.1
670,phase2,upper,-15.0,2,-14.992777583527578,-19.68247155799703,-19.832559121424364,-7.001521187138845,-3.0019119145903796,-0.00042749589035558067,upper,0.1
671,phase2,upper,-15.0,2,-14.993985534034826,-19.68247155799703,-19.832559121424364,-7.001521187138845,-3.0019119145903796,-0.00035205710191351606,upper,0.1
672,phase2,upper,-15.0,2,-14.995043857080534,-19.68247155799703,-19.832559121424364,-7.001521187138845,-3.0019119145903796,-0.0002862095100341645,upper,0.1
673,phase2,upper,-15.0,2,-14.99596528181531,-19.68247155799703,-19.832559121424364,-7.001521187138845,-3.0019119145903796,-0.0002291816916835634,upper,0.1
674,phase2,upper,-15.0,2,-14.996762371627591,-19.68247155799703,-19.832559121424364,-7.001521187138845,-3.0019119145903796,-0.00018016620838670941,upper,0.1
675,phase2,upper,-15.0,2,-14.997447293832947,-19.68247155799703,-19.832559121424364,-7.001521187138845,-3.0019119145903796,-0.0001383607576790503,upper,0.1
676,phase2,upper,-15.0,2,-14.998031663265884,-19.68247155799703,-19.832559121424364,-7.001521187138845,-3.0019119145903796,-0.00010299192868212226,upper,0.1
677,phase2,upper,-15.0,2,-14.998526438932009,-19.68247155799703,-19.832559121424364,-7.001521187138845,-3.0019119145903796,-7.332868334974516e-05,upper,0.1
678,phase2,upper,-15.0,2,-14.998941859915659,-19.68247155799703,-19.832559121424364,-7.001521187138845,-3.0019119145903796,-4.868962170408461e-05,upper,0.1
679,phase2,upper,-15.0,2,-14.99928741092588,-19.68247155799703,-19.832559121424364,-7.001521187138845,-3.0019119145903796,-2.8446385603187718e-05,upper,0.1
680,phase2,upper,-15.0,2,-14.999571810454,-19.68247155799703,-19.832559121424364,-7.001521187138845,-3.0019119145903796,-1.2024600872179668e-05,upper,0.1
681,phase2,upper,-15.0,2,-14.999803016198067,-19.68247155799703,-19.832559121424364,-7.001521187138845,-3.0019119145903796,1.0967834879519839e-06,upper,0.1
682,phase2,upper,-15.0,2,-14.999988243564077,-19.68247155799703,-19.832559121424364,-7.001521187138845,-3.0019119145903796,1.1387212254592359e-05,upper,0.1
683,phase2,upper,-15.0,2,-15.000133993891863,-19.68247155799703,-19.832559121424364,-7.001521187138845,-3.0019119145903796,1.926693462036505e-05,upper,0.1
684,phase2,upper,-15.0,2,-15.000246089692954,-19.68247155799703,-19.832559121424364,-7.001521187138845,-3.0019119145903796,2.5109858522326485e-05,upper,0.1
685,phase2,lower,-20.0,4,-15.000246089692954,-19.947457715467092,-19.870991872997482,-6.892697817159458,-2.940027562865355,0.02415203764459023,upper,0.1
686,phase2,upper,-15.0,2,-14.978615479688079,-19.947457715467092,-19.870991872997482,-6.892697817159458,-2.940027562865355,0.011851441285410937,upper,0.1
687,phase2,upper,-15.0,2,-14.96868667379552,-19.947457715467092,-19.870991872997482,-6.892697817159458,-2.940027562865355,0.005232044834281757,upper,0.1
688,phase2,upper,-15.0,2,-14.965121572838079,-19.947457715467092,-19.870991872997482,-6.892697817159458,-2.940027562865355,0.0017272387280706663,upper,0.1
689,phase2,upper,-15.0,2,-14.964967328933737,-19.947457715467092,-19.870991872997482,-6.892697817159458,-2.940027562865355,-7.39814525201047e-05,upper,0.1
690,phase2,upper,-15.0,2,-14.966587356034694,-19.947457715467092,-19.870991872997482,-6.892697817159458,-2.940027562865355,-0.0009474211022907552,upper,0.1
691,phase2,upper,-15.0,2,-14.96907306225558,-19.947457715467092,-19.870991872997482,-6.892697817159458,-2.940027562865355,-0.001319643208487382,upper,0.1
692,phase2,lower,-20.0,4,-14.96907306225558,-20.19099881010777,-19.88942926488835,-6.780903610454689,-2.880233682820127,0.025482812031610243,upper,0.1
693,phase2,upper,-15.0,2,-14.947797591015261,-20.19099881010777,-19.88942926488835,-6.780903610454689,-2.880233682820127,0.011708085126088112,upper,0.1
694,phase2,upper,-15.0,2,-14.939629661983462,-20.19099881010777,-19.88942926488835,-6.780903610454689,-2.880233682820127,0.00438413072459231,upper,0.1
695,phase2,upper,-15.0,2,-14.938481537169631,-20.19099881010777,-19.88942926488835,-6.780903610454689,-2.880233682820127,0.0005888972700012925,upper,0.1
696,phase2,upper,-15.0,2,-14.940987213813635,-20.19099881010777,-19.88942926488835,-6.780903610454689,-2.880233682820127,-0.0012837826457799705,upper,0.1
697,phase2,upper,-15.0,2,-14.945284213872084,-20.19099881010777,-19.88942926488835,-6.780903610454689,-2.880233682820127,-0.0021166934710709034,upper,0.1
698,phase2,upper,-15.0,2,-14.950342803351559,-20.19099881010777,-19.88942926488835,-6.780903610454689,-2.880233682820127,-0.002394832502666244,upper,0.1
699,phase2,upper,-15.0,2,-14.955596158290525,-20.19099881010777,-19.88942926488835,-6.780903610454689,-2.880233682820127,-0.0023843633139686124,upper,0.1
700,phase2,upper,-15.0,2,-14.9607360474648,-20.19099881010777,-19.88942926488835,-6.780903610454689,-2.880233682820127,-0.0022309966778755125,upper,0.1
701,phase2,upper,-15.0,2,-14.965599611815046,-20.19099881010777,-19.88942926488835,-6.780903610454689,-2.880233682820127,-0.002014096887600868,upper,0.1
702,phase2,upper,-15.0,2,-14.970106338519246,-20.19099881010777,-19.88942926488835,-6.780903610454689,-2.880233682820127,-0.0017764555649907414,upper,0.1
703,phase2,upper,-15.0,2,-14.974222742464555,-20.19099881010777,-19.88942926488835,-6.780903610454689,-2.880233682820127,-0.001540689616954622,upper,0.1
704,phase2,upper,-15.0,2,-14.977942385620114,-20.19099881010777,-19.88942926488835,-6.780903610454689,-2.880233682820127,-0.0013182836133441439,upper,0.1
705,phase2,upper,-15.0,2,-14.981274424435568,-20.19099881010777,-19.88942926488835,-6.780903610454689,-2.880233682820127,-0.0011145848812251899,upper,0.1
706,phase2,upper,-15.0,2,-14.98423693092188,-20.19099881010777,-19.88942926488835,-6.780903610454689,-2.880233682820127,-0.0009315696503446345,upper,0.1
707,phase2,upper,-15.0,2,-14.986852912908123,-20.19099881010777,-19.88942926488835,-6.780903610454689,-2.880233682820127,-0.0007693799639284999,upper,0.1
708,phase2,upper,-15.0,2,-14.989147882997752,-20.19099881010777,-19.88942926488835,-6.780903610454689,-2.880233682820127,-0.000627181264092833,upper,0.1
709,phase2,upper,-15.0,2,-14.9911483345043,-20.19099881010777,-19.88942926488835,-6.780903610454689,-2.880233682820127,-0.0005036433762751209,upper,0.1
710,phase2,upper,-15.0,2,-14.992880763199892,-20.19099881010777,-19.88942926488835,-6.780903610454689,-2.880233682820127,-0.0003972117501209444,upper,0.1
711,phase2,upper,-15.0,2,-14.994371028825089,-20.19099881010777,-19.88942926488835,-6.780903610454689,-2.880233682820127,-0.0003062611070544896,upper,0.1
712,phase2,upper,-15.0,2,-14.99564393643861,-20.19099881010777,-19.88942926488835,-6.780903610454689,-2.880233682820127,-0.00022918254215858325,upper,0.1
713,phase2,upper,-15.0,2,-14.996722965842812,-20.19099881010777,-19.88942926488835,-6.780903610454689,-2.880233682820127,-0.0001644324920360651,upper,0.1
714,phase2,upper,-15.0,2,-14.997630104543767,-20.19099881010777,-19.88942926488835,-6.780903610454689,-2.880233682820127,-0.00011055949458228654,upper,0.1
715,phase2,upper,-15.0,2,-14.998385755355045,-20.19099881010777,-19.88942926488835,-6.780903610454689,-2.880233682820127,-6.621776207847702e-05,upper,0.1
716,phase2,upper,-15.0,2,-14.999008698978233,-20.19099881010777,-19.88942926488835,-6.780903610454689,-2.880233682820127,-3.017275540850522e-05,upper,0.1
717,phase2,upper,-15.0,2,-14.999516097521036,-20.19099881010777,-19.88942926488835,-6.780903610454689,-2.880233682820127,-1.3018051389778612e-06,upper,0.1
718,phase2,upper,-15.0,2,-14.99992352850453,-20.19099881010777,-19.88942926488835,-6.780903610454689,-2.880233682820127,2.1408383411223583e-05,upper,0.1
719,phase2,upper,-15.0,2,-15.000245041325295,-20.19099881010777,-19.88942926488835,-6.780903610454689,-2.880233682820127,3.886619593260882e-05,upper,0.1
720,phase2,upper,-15.0,2,-15.00049322985281,-20.19099881010777,-19.88942926488835,-6.780903610454689,-2.880233682820127,5.188080511261381e-05,upper,0.1
721,phase2,upper,-15.0,2,-15.000679316124133,-20.19099881010777,-19.88942926488835,-6.780903610454689,-2.880233682820127,6.116859972259191e-05,upper,0.1
722,phase2,upper,-15.0,2,-15.000813241097221,-20.19099881010777,-19.88942926488835,-6.780903610454689,-2.880233682820127,6.736000174352197e-05,upper,0.1
723,phase2,upper,-15.0,2,-15.00090375922812,-20.19099881010777,-19.88942926488835,-6.780903610454689,-2.880233682820127,7.100642569315392e-05,upper,0.1
724,phase2,upper,-15.0,2,-15.000958534297622,-20.19099881010777,-19.88942926488835,-6.780903610454689,-2.880233682820127,7.25872021696222e-05,upper,0.1
725,phase2,upper,-15.0,2,-15.000984234462004,-20.19099881010777,-19.88942926488835,-6.780903610454689,-2.880233682820127,7.25163361619081e-05,upper,0.1
726,phase2,upper,-15.0,2,-15.00098662496146,-20.19099881010777,-19.88942926488835,-6.780903610454689,-2.880233682820127,7.114900675958926e-05,upper,0.1
727,phase2,upper,-15.0,2,-15.000970657303888,-20.19099881010777,-19.88942926488835,-6.780903610454689,-2.880233682820127,6.878774252202355e-05,upper,0.1
728,phase2,upper,-15.0,2,-15.000940554062105,-20.19099881010777,-19.88942926488835,-6.780903610454689,-2.880233682820127,6.568822833626854e-05,upper,0.1
729,phase2,upper,-15.0,2,-15.000899888688416,-20.19099881010777,-19.88942926488835,-6.780903610454689,-2.880233682820127,6.20647166111621e-05,upper,0.1
730,phase2,upper,-15.0,2,-15.00085165996932,-20.19099881010777,-19.88942926488835,-6.780903610454689,-2.880233682820127,5.8095029118798205e-05,upper,0.1
731,phase2,upper,-15.0,2,-15.000798360921458,-20.19099881010777,-19.88942926488835,-6.780903610454689,-2.880233682820127,5.392514639890809e-05,upper,0.1
732,phase2,upper,-15.0,2,-15.000742042073384,-20.19099881010777,-19.88942926488835,-6.780903610454689,-2.880233682820127,4.967338991085207e-05,upper,0.1
733,phase2,upper,-15.0,2,-15.00068436919131,-20.19099881010777,-19.88942926488835,-6.780903610454689,-2.880233682820127,4.5434208453944074e-05,upper,0.1
734,phase2,lower,-20.0,4,-15.00068436919131,-20.41080096479822,-19.887905698172734,-6.665936724130948,-2.8219623009997825,0.027155465458862063,upper,0.1
735,phase2,upper,-15.0,2,-14.976227647469765,-20.41080096479822,-19.887905698172734,-6.665936724130948,-2.8219623009997825,0.013325196897810334,upper,0.1
736,phase2,upper,-15.0,2,-14.964947428214524,-20.41080096479822,-19.887905698172734,-6.665936724130948,-2.8219623009997825,0.005880297119770925,upper,0.1
737,phase2,upper,-15.0,2,-14.960841867375228,-20.41080096479822,-19.887905698172734,-6.665936724130948,-2.8219623009997825,0.0019365720262883499,upper,0.1
738,phase2,upper,-15.0,2,-14.960589652623806,-20.41080096479822,-19.887905698172734,-6.665936724130948,-2.8219623009997825,-9.166067936053584e-05,upper,0.1
739,phase2,upper,-15.0,2,-14.962348824965929,-20.41080096479822,-19.887905698172734,-6.665936724130948,-2.8219623009997825,-0.0010763231584097152,upper,0.1
740,phase2,upper,-15.0,2,-14.965095756927203,-20.41080096479822,-19.887905698172734,-6.665936724130948,-2.8219623009997825,-0.001496891897959368,upper,0.1
741,phase2,upper,-15.0,2,-14.9682610160656,-20.41080096479822,-19.887905698172734,-6.665936724130948,-2.8219623009997825,-0.0016169792434629813,upper,0.1
742,phase2,upper,-15.0,2,-14.971528456402003,-20.41080096479822,-19.887905698172734,-6.665936724130948,-2.8219623009997825,-0.001581395035773099,upper,0.1
743,phase2,upper,-15.0,2,-14.974724098841264,-20.41080096479822,-19.887905698172734,-6.665936724130948,-2.8219623009997825,-0.0014695150538327768,upper,0.1
744,phase2,lower,-20.0,4,-14.974724098841264,-20.60983400168412,-19.87001642305358,-6.550061455118222,-2.7664442827855362,0.02779803756331323,upper,0.1
745,phase2,upper,-15.0,2,-14.951413646776441,-20.60983400168412,-19.87001642305358,-6.550061455118222,-2.7664442827855362,0.013016461728055612,upper,0.1
746,phase2,upper,-15.0,2,-14.942114472747752,-20.60983400168412,-19.87001642305358,-6.550061455118222,-2.7664442827855362,0.005137883387431011,upper,0.1
747,phase2,lower,-20.0,4,-14.942114472747752,-20.78122814877238,-19.83230898510294,-6.430562594940724,-2.71134619079304,0.03012395581663271,upper,0.1
748,phase2,upper,-15.0,2,-14.917837956054143,-20.78122814877238,-19.83230898510294,-6.430562594940724,-2.71134619079304,0.013279326451304918,upper,0.1
749,phase2,upper,-15.0,2,-14.909623345336243,-20.78122814877238,-19.83230898510294,-6.430562594940724,-2.71134619079304,0.004378319120708492,upper,0.1
750,phase2,upper,-15.0,2,-14.909953339995253,-20.78122814877238,-19.83230898510294,-6.430562594940724,-2.71134619079304,-0.00018157990267724227,upper,0.1
751,phase2,upper,-15.0,2,-14.914670431575104,-20.78122814877238,-19.83230898510294,-6.430562594940724,-2.71134619079304,-0.0023805436823845115,upper,0.1
752,phase2,upper,-15.0,2,-14.9214743696469,-20.78122814877238,-19.83230898510294,-6.430562594940724,-2.71134619079304,-0.0033068230689268464,upper,0.1
753,phase2,upper,-15.0,2,-14.929094549536334,-20.78122814877238,-19.83230898510294,-6.430562594940724,-2.71134619079304,-0.0035581486929010873,upper,0.1
754,phase2,upper,-15.0,2,-14.936833475798975,-20.78122814877238,-19.83230898510294,-6.430562594940724,-2.71134619079304,-0.003462363053918774,upper,0.1
755,phase2,upper,-15.0,2,-14.94431434898451,-20.78122814877238,-19.83230898510294,-6.430562594940724,-2.71134619079304,-0.0031987264431203475,upper,0.1
756,phase2,upper,-15.0,2,-14.951341029526276,-20.78122814877238,-19.83230898510294,-6.430562594940724,-2.71134619079304,-0.002864641080727408,upper,0.1
757,phase2,upper,-15.0,2,-14.95781995011155,-20.78122814877238,-19.83230898510294,-6.430562594940724,-2.71134619079304,-0.00251237631863259,upper,0.1
758,phase2,upper,-15.0,2,-14.96371624816151,-20.78122814877238,-19.83230898510294,-6.430562594940724,-2.71134619079304,-0.002169301550096181,upper,0.1
759,phase2,upper,-15.0,2,-14.969028862688239,-20.78122814877238,-19.83230898510294,-6.430562594940724,-2.71134619079304,-0.0018490484328540701,upper,0.1
760,phase2,upper,-15.0,2,-14.973776193724207,-20.78122814877238,-19.83230898510294,-6.430562594940724,-2.71134619079304,-0.0015576809812753536,upper,0.1
761,phase2,upper,-15.0,2,-14.97798768969096,-20.78122814877238,-19.83230898510294,-6.430562594940724,-2.71134619079304,-0.0012971153915744336,upper,0.1
762,phase2,upper,-15.0,2,-14.981698799429779,-20.78122814877238,-19.83230898510294,-6.430562594940724,-2.71134619079304,-0.0010670223213664223,upper,0.1
763,phase2,upper,-15.0,2,-14.984947865274581,-20.78122814877238,-19.83230898510294,-6.430562594940724,-2.71134619079304,-0.000865889836574569,upper,0.1
764,phase2,upper,-15.0,2,-14.987774161270382,-20.78122814877238,-19.83230898510294,-6.430562594940724,-2.71134619079304,-0.0006916204988244906,upper,0.1
765,phase2,upper,-15.0,2,-14.990216627024157,-20.78122814877238,-19.83230898510294,-6.430562594940724,-2.71134619079304,-0.0005418685488776491,upper,0.1
766,phase2,upper,-15.0,2,-14.992313039393071,-20.78122814877238,-19.83230898510294,-6.430562594940724,-2.71134619079304,-0.00041423101748218143,upper,0.1
767,phase2,upper,-15.0,2,-14.994099470855907,-20.78122814877238,-19.83230898510294,-6.430562594940724,-2.71134619079304,-0.0003063558975350644,upper,0.1
768,phase2,upper,-15.0,2,-14.99560994320574,-20.78122814877238,-19.83230898510294,-6.430562594940724,-2.71134619079304,-0.00021600258033047977,upper,0.1
769,phase2,upper,-15.0,2,-14.99687621914902,-20.78122814877238,-19.83230898510294,-6.430562594940724,-2.71134619079304,-0.00014107434230132404,upper,0.1
770,phase2,upper,-15.0,2,-14.997927694039918,-20.78122814877238,-19.83230898510294,-6.430562594940724,-2.71134619079304,-7.963413480269307e-05,upper,0.1
771,phase2,upper,-15.0,2,-14.998791361664304,-20.78122814877238,-19.83230898510294,-6.430562594940724,-2.71134619079304,-2.9910183579960278e-05,upper,0.1
772,phase2,upper,-15.0,2,-14.999491835206323,-20.78122814877238,-19.83230898510294,-6.430562594940724,-2.71134619079304,9.704753886600174e-06,upper,0.1
773,phase2,upper,-15.0,2,-15.000051409205835,-20.78122814877238,-19.83230898510294,-6.430562594940724,-2.71134619079304,4.0658130615050245e-05,upper,0.1
774,phase2,upper,-15.0,2,-15.000490151510489,-20.78122814877238,-19.83230898510294,-6.430562594940724,-2.71134619079304,6.424487617499638e-05,upper,0.1
775,phase2,upper,-15.0,2,-15.000826016531965,-20.78122814877238,-19.83230898510294,-6.430562594940724,-2.71134619079304,8.161622154335887e-05,upper,0.1
776,phase2,upper,-15.0,2,-15.001074972863224,-20.78122814877238,-19.83230898510294,-6.430562594940724,-2.71134619079304,9.378942827358403e-05,upper,0.1
777,phase2,upper,-15.0,2,-15.001251139690087,-20.78122814877238,-19.83230898510294,-6.430562594940724,-2.71134619079304,0.00010165796385853653,upper,0.1
778,phase2,upper,-15.0,2,-15.001366927545824,-20.78122814877238,-19.83230898510294,-6.430562594940724,-2.71134619079304,0.00010600179508224378,upper,0.1
779,phase2,upper,-15.0,2,-15.001433179877568,-20.78122814877238,-19.83230898510294,-6.430562594940724,-2.71134619079304,0.00010749756122368225,upper,0.1
780,phase2,upper,-15.0,2,-15.00145931265991,-20.78122814877238,-19.83230898510294,-6.430562594940724,-2.71134619079304,0.00010672845419633962,upper,0.1
781,phase2,lower,-20.0,4,-15.00145931265991,-20.936240176796662,-19.7839462897415,-6.313562162549923,-2.6607375744185258,0.029264605842288245,upper,0.1
782,phase2,upper,-15.0,2,-14.97521136028304,-20.936240176796662,-19.7839462897415,-6.313562162549923,-2.6607375744185258,0.01439155360182573,upper,0.1
783,phase2,upper,-15.0,2,-14.963109102785285,-20.936240176796662,-19.7839462897415,-6.313562162549923,-2.6607375744185258,0.006384714740335753,upper,0.1
784,phase2,upper,-15.0,2,-14.958702384258597,-20.936240176796662,-19.7839462897415,-6.313562162549923,-2.6607375744185258,0.002142340532888357,upper,0.1
785,phase2,upper,-15.0,2,-14.958423361008794,-20.936240176796662,-19.7839462897415,-6.313562162549923,-2.6607375744185258,-4.076412044504434e-05,upper,0.1
786,phase2,upper,-15.0,2,-14.960294659900038,-20.936240176796662,-19.7839462897415,-6.313562162549923,-2.6607375744185258,-0.0011021585822982344,upper,0.1
787,phase2,upper,-15.0,2,-14.963218491830979,-20.936240176796662,-19.7839462897415,-6.313562162549923,-2.6607375744185258,-0.0015573478797064869,upper,0.1
788,phase2,upper,-15.0,2,-14.966585072416075,-20.936240176796662,-19.7839462897415,-6.313562162549923,-2.6607375744185258,-0.0016896986317243145,upper,0.1
789,phase2,upper,-15.0,2,-14.970056595990576,-20.936240176796662,-19.7839462897415,-6.313562162549923,-2.6607375744185258,-0.0016548286245273761,upper,0.1
790,phase2,upper,-15.0,2,-14.973447776469952,-20.936240176796662,-19.7839462897415,-6.313562162549923,-2.6607375744185258,-0.0015380030217440272,upper,0.1
791,phase2,upper,-15.0,2,-14.97665955016796,-20.936240176796662,-19.7839462897415,-6.313562162549923,-2.6607375744185258,-0.001385706798496399,upper,0.1
792,phase2,upper,-15.0,2,-14.97964208363949,-20.936240176796662,-19.7839462897415,-6.313562162549923,-2.6607375744185258,-0.0012230240644648894,upper,0.1
793,phase2,upper,-15.0,2,-14.982373969323104,-20.936240176796662,-19.7839462897415,-6.313562162549923,-2.6607375744185258,-0.0010632145200994794,upper,0.1
794,phase2,upper,-15.0,2,-14.984850392554225,-20.936240176796662,-19.7839462897415,-6.313562162549923,-2.6607375744185258,-0.000912998320482708,upper,0.1
795,phase2,upper,-15.0,2,-14.987076296002215,-20.936240176796662,-19.7839462897415,-6.313562162549923,-2.6607375744185258,-0.000775478954049893,upper,0.1
796,phase2,upper,-15.0,2,-14.989062349682214,-20.936240176796662,-19.7839462897415,-6.313562162549923,-2.6607375744185258,-0.0006517647714959925,upper,0.1
797,phase2,upper,-15.0,2,-14.990822514492642,-20.936240176796662,-19.7839462897415,-6.313562162549923,-2.6607375744185258,-0.0005418723611194172,upper,0.1
798,phase2,upper,-15.0,2,-14.992372526250794,-20.936240176796662,-19.7839462897415,-6.313562162549923,-2.6607375744185258,-0.0004452326251861745,upper,0.1
799,phase2,upper,-15.0,2,-14.993728924040395,-20.936240176796662,-19.7839462897415,-6.313562162549923,-2.6607375744185258,-0.00036097624039331614,upper,0.1
