episode,phase,route,return,steps,q_start_right,q_start_down,q_shield_right,q_d1_right,q_d2_right,mood_M,greedy_route,epsilon
0,phase1,upper,-15.0,2,-1.875,0.0,0.0,0.0,0.0,nan,lower,0.1
1,phase1,lower,-10.0,4,-1.875,-0.375,-0.375,-0.375,-0.375,nan,lower,0.1
2,phase1,lower,-10.0,4,-1.875,-0.75,-0.75,-0.75,-0.69375,nan,lower,0.1
3,phase1,lower,-10.0,4,-1.875,-1.125,-1.125,-1.1165625000000001,-0.9646874999999999,nan,lower,0.1
4,phase1,lower,-10.0,4,-1.875,-1.5,-1.498734375,-1.4687812500000001,-1.194984375,nan,lower,0.1
5,phase1,lower,-10.0,4,-1.875,-1.87481015625,-1.86924140625,-1.8027117187500001,-1.39073671875,nan,lower,0.1
6,phase1,lower,-10.0,4,-1.875,-2.24897484375,-2.234261953125,-2.11591546875,-1.5571262109375,nan,upper,0.1
7,phase1,upper,-15.0,2,-3.525,-2.24897484375,-2.234261953125,-2.11591546875,-1.5571262109375,nan,lower,0.1
8,phase1,upper,-15.0,2,-4.975312499999999,-2.24897484375,-2.234261953125,-2.11591546875,-1.5571262109375,nan,lower,0.1
9,phase1,lower,-10.0,4,-4.975312499999999,-2.62176791015625,-2.59150998046875,-2.407097080078125,-1.6985572792968748,nan,lower,0.1
10,phase1,lower,-10.0,4,-4.975312499999999,-2.992229220703125,-2.938848045410156,-2.6758161099609374,-1.8187736874023437,nan,lower,0.1
11,phase1,lower,-10.0,4,-4.975312499999999,-3.35922204440918,-3.2743932550927735,-2.9222597465771485,-1.920957634291992,nan,lower,0.1
12,phase1,lower,-10.0,4,-4.975312499999999,-3.721497726011719,-3.59657322881543,-3.147064429734375,-2.007813989148193,nan,lower,0.1
13,phase1,lower,-10.0,4,-4.975312499999999,-4.077759051432276,-3.9041469089532717,-3.351176863646448,-2.0816418907759644,nan,lower,0.1
14,phase1,lower,-10.0,4,-4.975312499999999,-4.426717230060425,-4.196201402157248,-3.5357466177158754,-2.1443956071595696,nan,lower,0.1
15,phase1,lower,-10.0,4,-4.975312499999999,-4.767139855874948,-4.472133184491042,-3.70204396613243,-2.1977362660856343,nan,lower,0.1
16,phase1,lower,-10.0,4,-4.975312499999999,-5.097888855167362,-4.73161980173725,-3.8513978111254104,-2.243075826172789,nan,upper,0.1
17,phase1,upper,-15.0,2,-6.248718749999999,-5.097888855167362,-4.73161980173725,-3.8513978111254104,-2.243075826172789,nan,lower,0.1
18,phase1,lower,-10.0,4,-6.248718749999999,-5.417948497152845,-4.974586503145474,-3.985149513382517,-2.2816144522468704,nan,lower,0.1
19,phase1,lower,-10.0,4,-6.248718749999999,-5.726444198051739,-5.2011709546810305,-4.10461925421217,-2.3143722844098398,nan,lower,0.1
20,phase1,lower,-10.0,4,-6.248718749999999,-6.022653211546133,-5.411688199610701,-4.2110822087418205,-2.3422164417483637,nan,lower,0.1
21,phase1,lower,-10.0,4,-6.248718749999999,-6.306008459755818,-5.606597300980369,-4.305752343692802,-2.365883975486109,nan,upper,0.1
22,phase1,upper,-15.0,2,-7.365658593749999,-6.306008459755818,-5.606597300980369,-4.305752343692802,-2.365883975486109,nan,lower,0.1
23,phase1,lower,-10.0,4,-7.365658593749999,-6.5760967859395,-5.786470557387235,-4.389772088461799,-2.3860013791631927,nan,lower,0.1
24,phase1,lower,-10.0,4,-7.365658593749999,-6.83265285165666,-5.951965787048419,-4.4642064820670075,-2.403101172288714,nan,lower,0.1
25,phase1,lower,-10.0,4,-7.365658593749999,-7.075549791965424,-6.103801891301207,-4.530040685600263,-2.417635996445407,nan,lower,0.1
26,phase1,lower,-10.0,4,-7.365658593749999,-7.3047876068657915,-6.2427377104460655,-4.588179982227035,-2.429990596978596,nan,lower,0.1
27,phase1,lower,-10.0,4,-7.365658593749999,-7.520480122402833,-6.3695540512132105,-4.639451574439769,-2.4404920074318066,nan,upper,0.1
28,phase1,upper,-15.0,2,-8.344420312499999,-7.520480122402833,-6.3695540512132105,-4.639451574439769,-2.4404920074318066,nan,lower,0.1
29,phase1,lower,-10.0,4,-8.344420312499999,-7.72284121172439,-6.485038679697194,-4.684607639388575,-2.4494182063170356,nan,lower,0.1
30,phase1,lower,-10.0,4,-8.344420312499999,-7.91217083192031,-6.5899740236509015,-4.724329224427844,-2.4570054753694803,nan,lower,0.1
31,phase1,lower,-10.0,4,-8.344420312499999,-8.088841310679898,-6.685127303767443,-4.75923066206909,-2.4634546540640585,nan,lower,0.1
32,phase1,lower,-10.0,4,-8.344420312499999,-8.25328420964303,-6.77124280751269,-4.7898642608683355,-2.4689364559544495,nan,lower,0.1
33,phase1,lower,-10.0,4,-8.344420312499999,-8.405977999323479,-6.849036025516036,-4.816725090131253,-2.473595987561282,nan,upper,0.1
34,phase1,upper,-15.0,2,-9.201326197265624,-8.405977999323479,-6.849036025516036,-4.816725090131253,-2.473595987561282,nan,lower,0.1
35,phase1,lower,-10.0,4,-9.201326197265624,-8.547436703252362,-6.919189385208319,-4.840255724745757,-2.4775565894270897,nan,lower,0.1
36,phase1,lower,-10.0,4,-9.201326197265624,-8.678199605545757,-6.982349336138935,-4.860850854447957,-2.480923101013026,nan,lower,0.1
37,phase1,lower,-10.0,4,-9.201326197265624,-8.798822065134733,-7.039124563885288,-4.878861691432717,-2.4837846358610722,nan,lower,0.1
38,phase1,lower,-10.0,4,-9.201326197265624,-8.909867439947316,-7.090085133017403,-4.89460013309697,-2.486216940481911,nan,lower,0.1
39,phase1,lower,-10.0,4,-9.201326197265624,-9.01190009390783,-7.135762383029338,-4.908342654204712,-2.4882843994096246,nan,lower,0.1
40,phase1,lower,-10.0,4,-9.201326197265624,-9.105479437276056,-7.176649423705644,-4.920333915985449,-2.490041739498181,nan,lower,0.1
41,phase1,lower,-10.0,4,-9.201326197265624,-9.191154935240494,-7.213202097547615,-4.930790089512358,-2.491535478573454,nan,lower,0.1
42,phase1,lower,-10.0,4,-9.201326197265624,-9.269462009586562,-7.245840296342327,-4.939901897871523,-2.492805156787436,nan,upper,0.1
43,phase1,upper,-15.0,2,-9.950910859570312,-9.269462009586562,-7.245840296342327,-4.939901897871523,-2.492805156787436,nan,lower,0.1
44,phase1,lower,-10.0,4,-9.950910859570312,-9.340918752599926,-7.2749495365717065,-4.94783738670891,-2.4938843832693207,nan,lower,0.1
45,phase1,lower,-10.0,4,-9.950910859570312,-9.406023370195694,-7.300882714092287,-4.954744436192971,-2.4948017257789226,nan,lower,0.1
46,phase1,lower,-10.0,4,-9.950910859570312,-9.465252271780184,-7.32396197240739,-4.9607530296308635,-2.495581466912084,nan,lower,0.1
47,phase1,lower,-10.0,4,-9.950910859570312,-9.519058726874265,-7.344480630990911,-4.9659772952230465,-2.4962442468752717,nan,lower,0.1
48,phase1,lower,-10.0,4,-9.950910859570312,-9.567872012491762,-7.362705130625732,-4.970517337970881,-2.496807609843981,nan,lower,0.1
49,phase1,lower,-10.0,4,-9.950910859570312,-9.612096980211858,-7.378876961727504,-4.974460878751846,-2.497286468367384,nan,lower,0.1
50,phase1,lower,-10.0,4,-9.950910859570312,-9.652113977439205,-7.393214549281155,-4.9778847171941765,-2.4976934981122763,nan,lower,0.1
51,phase1,lower,-10.0,4,-9.950910859570312,-9.688279063215498,-7.405915074468108,-4.980856034331891,-2.4980394733954348,nan,lower,0.1
52,phase1,lower,-10.0,4,-9.950910859570312,-9.72092446490339,-7.417156218447676,-4.983433550191423,-2.4983335523861196,nan,lower,0.1
53,phase1,lower,-10.0,4,-9.950910859570312,-9.750359227935034,-7.427097818209238,-4.985668550520628,-2.498583519528202,nan,lower,0.1
54,phase1,lower,-10.0,4,-9.950910859570312,-9.776870016476165,-7.435883428055947,-4.9876057958717634,-2.4987959915989717,nan,lower,0.1
55,phase1,lower,-10.0,4,-9.950910859570312,-9.800722028213132,-7.443641783228319,-4.9892843252308445,-2.498976592859126,nan,lower,0.1
56,phase1,lower,-10.0,4,-9.950910859570312,-9.82215999146541,-7.450488164528698,-4.990738165375086,-2.4991301039302574,nan,lower,0.1
57,phase1,lower,-10.0,4,-9.950910859570312,-9.841409217424903,-7.456525664655657,-4.991996956158362,-2.499260588340719,nan,lower,0.1
58,phase1,lower,-10.0,4,-9.950910859570312,-9.858676684509517,-7.461846358381062,-4.993086500985715,-2.499371500089611,nan,lower,0.1
59,phase1,lower,-10.0,4,-9.950910859570312,-9.874152135590249,-7.46653237977176,-4.994029250851299,-2.4994657750761693,nan,lower,0.1
60,phase1,lower,-10.0,4,-9.950910859570312,-9.888009172217476,-7.470656910433691,-4.994844729485029,-2.499545908814744,nan,lower,0.1
61,phase1,lower,-10.0,4,-9.950910859570312,-9.900406332949908,-7.474285083291392,-4.995549906384486,-2.499614022492532,nan,lower,0.1
62,phase1,lower,-10.0,4,-9.950910859570312,-9.91148814550113,-7.477474806755356,-4.996159523800693,-2.499671919118652,nan,lower,0.1
63,phase1,lower,-10.0,4,-9.950910859570312,-9.921386144689263,-7.4802775143121565,-4.996686383098387,-2.4997211312508543,nan,lower,0.1
64,phase1,lower,-10.0,4,-9.950910859570312,-9.930219850132698,-7.4827388446300915,-4.997141595321257,-2.499762961563226,nan,lower,0.1
65,phase1,lower,-10.0,4,-9.950910859570312,-9.938097699307306,-7.484899257233766,-4.997534800257553,-2.4997985173287423,nan,lower,0.1
66,phase1,lower,-10.0,4,-9.950910859570312,-9.945117932996276,-7.486794588687334,-4.997874357818231,-2.499828739729431,nan,lower,0.1
67,phase1,lower,-10.0,4,-9.950910859570312,-9.951369431349935,-7.4884565540569685,-4.998167515104911,-2.4998544287700164,nan,upper,0.1
68,phase1,upper,-15.0,2,-10.606090283745116,-9.951369431349935,-7.4884565540569685,-4.998167515104911,-2.4998544287700164,nan,lower,0.1
69,phase1,upper,-15.0,2,-11.178320386327147,-9.951369431349935,-7.4884565540569685,-4.998167515104911,-2.4998544287700164,nan,lower,0.1
70,phase1,lower,-10.0,4,-11.178320386327147,-9.95693249975599,-7.48991319821416,-4.998420552154677,-2.499876264454514,nan,lower,0.1
71,phase1,lower,-10.0,4,-11.178320386327147,-9.961879604524714,-7.491189301305238,-4.998638908999652,-2.499894824786337,nan,lower,0.1
72,phase1,lower,-10.0,4,-11.178320386327147,-9.966276059041792,-7.4923067424594,-4.998827296367654,-2.4999106010683865,nan,lower,0.1
73,phase1,lower,-10.0,4,-11.178320386327147,-9.970180661554433,-7.493284825545638,-4.998989792072764,-2.4999240109081287,nan,lower,0.1
74,phase1,lower,-10.0,4,-11.178320386327147,-9.973646286153114,-7.494140570524707,-4.999129924898068,-2.4999354092719095,nan,lower,0.1
75,phase1,lower,-10.0,4,-11.178320386327147,-9.976720428808854,-7.494888973680712,-4.999250747554145,-2.499945097881123,nan,lower,0.1
76,phase1,lower,-10.0,4,-11.178320386327147,-9.979445710539633,-7.4955432397617265,-4.999354900103191,-2.4999533331989547,nan,lower,0.1
77,phase1,lower,-10.0,4,-11.178320386327147,-9.981860339922946,-7.496114988812947,-4.999444665067556,-2.4999603332191116,nan,lower,0.1
78,phase1,lower,-10.0,4,-11.178320386327147,-9.983998537256445,-7.496614440251138,-4.99952201529029,-2.499966283236245,nan,lower,0.1
79,phase1,lower,-10.0,4,-11.178320386327147,-9.98589092270565,-7.497050576507011,-4.999588655482183,-2.499971340750808,nan,lower,0.1
80,phase1,lower,-10.0,4,-11.178320386327147,-9.987564870775854,-7.497431288353287,-4.999646058272477,-2.499975639638187,nan,lower,0.1
81,phase1,lower,-10.0,4,-11.178320386327147,-9.98904483341247,-7.497763503841165,-4.999695495477333,-2.499979293692459,nan,lower,0.1
82,phase1,lower,-10.0,4,-11.178320386327147,-9.990352633976773,-7.49805330258659,-4.999738065209602,-2.49998239963859,nan,lower,0.1
83,phase1,lower,-10.0,4,-11.178320386327147,-9.991507734268247,-7.498306016980042,-4.99977471537395,-2.4999850396928016,nan,lower,0.1
84,phase1,upper,-15.0,2,-11.677744426750305,-9.991507734268247,-7.498306016980042,-4.99977471537395,-2.4999850396928016,nan,lower,0.1
85,phase1,lower,-10.0,4,-11.677744426750305,-9.992527476675015,-7.498526321739128,-4.999806264021777,-2.4999872837388812,nan,lower,0.1
86,phase1,lower,-10.0,4,-11.677744426750305,-9.993427303434633,-7.498718313081525,-4.999833416979343,-2.499989191178049,nan,lower,0.1
87,phase1,lower,-10.0,4,-11.677744426750305,-9.994220954881666,-7.498885578666198,-4.999856783109149,-2.4999908125013417,nan,lower,0.1
88,phase1,lower,-10.0,4,-11.677744426750305,-9.994920648449344,-7.499031259332641,-4.999876887517978,-2.4999921906261404,nan,lower,0.1
89,phase1,lower,-10.0,4,-11.677744426750305,-9.99553724008184,-7.4991581035604415,-4.999894182984202,-2.4999933620322192,nan,lower,0.1
90,phase1,lower,-10.0,4,-11.677744426750305,-9.99608036960363,-7.4992685154740055,-4.999909059841404,-2.4999943577273864,nan,lower,0.1
91,phase1,lower,-10.0,4,-11.677744426750305,-9.996558591484186,-7.499364597129115,-4.999921854524302,-2.4999952040682785,nan,lower,0.1
92,phase1,lower,-10.0,4,-11.677744426750305,-9.996979492330926,-7.499448185738393,-4.9999328569558985,-2.499995923458037,nan,lower,0.1
93,phase1,lower,-10.0,4,-11.677744426750305,-9.997349796342046,-7.499520886421019,-4.999942316931219,-2.4999965349393314,nan,lower,0.1
94,phase1,lower,-10.0,4,-11.677744426750305,-9.997675459853893,-7.499584100997549,-4.999950449632435,-2.4999970546984316,nan,lower,0.1
95,phase1,lower,-10.0,4,-11.677744426750305,-9.997961756025441,-7.499639053292782,-4.999957440392334,-2.4999974964936666,nan,lower,0.1
96,phase1,lower,-10.0,4,-11.677744426750305,-9.998213350615542,-7.499686811357715,-4.999963448807534,-2.4999978720196165,nan,lower,0.1
97,phase1,lower,-10.0,4,-11.677744426750305,-9.998434369726867,-7.499728306975188,-4.999968612289346,-2.499998191216674,nan,lower,0.1
98,phase1,lower,-10.0,4,-11.677744426750305,-9.998628460314116,-7.499764352772312,-4.999973049128445,-2.499998462534173,nan,lower,0.1
99,phase1,lower,-10.0,4,-11.677744426750305,-9.998798844182845,-7.499795657225731,-4.999976861139304,-2.4999986931540468,nan,lower,0.1
100,phase1,lower,-10.0,4,-11.677744426750305,-9.998948366139278,-7.499822837812768,-4.999980135941516,-2.4999988891809397,nan,lower,0.1
101,phase1,lower,-10.0,4,-11.677744426750305,-9.999079536890301,-7.49984643253208,-4.999982948927429,-2.4999990558037988,nan,lower,0.1
102,phase1,lower,-10.0,4,-11.677744426750305,-9.999194571236568,-7.499866909991383,-4.999985364958885,-2.4999991974332287,nan,lower,0.1
103,phase1,lower,-10.0,4,-11.677744426750305,-9.99929542204979,-7.499884678236508,-4.999987439830036,-2.4999993178182445,nan,lower,0.1
104,phase1,lower,-10.0,4,-11.677744426750305,-9.999383810477799,-7.499900092475537,-4.999989221528268,-2.4999994201455076,nan,lower,0.1
105,phase1,lower,-10.0,4,-11.677744426750305,-9.99946125277746,-7.499913461833446,-4.999990751320854,-2.4999995071236816,nan,lower,0.1
106,phase1,lower,-10.0,4,-11.677744426750305,-9.999529084135858,-7.499925055256558,-4.999992064691278,-2.499999581055129,nan,lower,0.1
107,phase1,lower,-10.0,4,-11.677744426750305,-9.999588479803963,-7.499935106671765,-4.999993192145856,-2.4999996438968597,nan,lower,0.1
108,phase1,lower,-10.0,4,-11.677744426750305,-9.999640473834134,-7.499943819492879,-4.999994159908506,-2.499999697312331,nan,lower,0.1
109,phase1,lower,-10.0,4,-11.677744426750305,-9.999685975682945,-7.499951370555223,-4.99999499051908,-2.4999997427154814,nan,lower,0.1
110,phase1,lower,-10.0,4,-11.677744426750305,-9.999725784913787,-7.499957913549801,-4.9999957033485405,-2.4999997813081594,nan,lower,0.1
111,phase1,lower,-10.0,4,-11.677744426750305,-9.99976060420919,-7.499963582019612,-4.999996315042483,-2.4999998141119355,nan,lower,0.1
112,phase1,lower,-10.0,4,-11.677744426750305,-9.999791050880752,-7.499968491973043,-4.999996839902901,-2.499999841995145,nan,lower,0.1
113,phase1,lower,-10.0,4,-11.677744426750305,-9.999817667044596,-7.4999727441625215,-4.999997290216738,-2.499999865695873,nan,lower,0.1
114,phase1,upper,-15.0,2,-12.113329046354155,-9.999817667044596,-7.4999727441625215,-4.999997290216738,-2.499999865695873,nan,lower,0.1
115,phase1,lower,-10.0,4,-12.113329046354155,-9.999840928612285,-7.499976426070654,-4.999997676538609,-2.499999885841492,nan,lower,0.1
116,phase1,lower,-10.0,4,-12.113329046354155,-9.99986125323104,-7.499979613640847,-4.999998007934041,-2.499999902965268,nan,lower,0.1
117,phase1,lower,-10.0,4,-12.113329046354155,-9.999879007292511,-7.499982372784826,-4.9999982921887245,-2.499999917520478,nan,lower,0.1
118,phase1,lower,-10.0,4,-12.113329046354155,-9.99989451211636,-7.499984760695411,-4.999998535988487,-2.4999999298924065,nan,lower,0.1
119,phase1,lower,-10.0,4,-12.113329046354155,-9.999908049403217,-7.499986826989373,-4.999998745074075,-2.4999999404085456,nan,lower,0.1
120,phase1,lower,-10.0,4,-12.113329046354155,-9.999919866041141,-7.499988614702078,-4.999998924374245,-2.4999999493472638,nan,lower,0.1
121,phase1,lower,-10.0,4,-12.113329046354155,-9.999930178340282,-7.499990161152903,-4.999999078120198,-2.499999956945174,nan,lower,0.1
122,phase1,lower,-10.0,4,-12.113329046354155,-9.999939175762176,-7.499991498697997,-4.999999209943945,-2.499999963403398,nan,lower,0.1
123,phase1,lower,-10.0,4,-12.113329046354155,-9.99994702420255,-7.499992655384889,-4.9999993229628625,-2.499999968892888,nan,lower,0.1
124,phase1,lower,-10.0,4,-12.113329046354155,-9.999953868879901,-7.499993655521585,-4.999999419852366,-2.4999999735589546,nan,lower,0.1
125,phase1,lower,-10.0,4,-12.113329046354155,-9.999959836876153,-7.499994520171202,-4.999999502908355,-2.4999999775251114,nan,lower,0.1
126,phase1,lower,-10.0,4,-12.113329046354155,-9.99996503937041,-7.499995267581775,-4.999999574100868,-2.4999999808963445,nan,lower,0.1
127,phase1,lower,-10.0,4,-12.113329046354155,-9.999969573602115,-7.499995913559639,-4.999999635120189,-2.4999999837618927,nan,lower,0.1
128,phase1,lower,-10.0,4,-12.113329046354155,-9.999973524595744,-7.499996471793722,-4.9999996874164445,-2.4999999861976088,nan,lower,0.1
129,phase1,lower,-10.0,4,-12.113329046354155,-9.99997696667544,-7.4999969541371305,-4.999999732233619,-2.4999999882679673,nan,lower,0.1
130,phase1,lower,-10.0,4,-12.113329046354155,-9.999979964794694,-7.499997370851604,-4.999999770638771,-2.499999990027772,nan,lower,0.1
131,phase1,lower,-10.0,4,-12.113329046354155,-9.99998257570323,-7.499997730819679,-4.999999803547121,-2.499999991523606,nan,lower,0.1
132,phase1,lower,-10.0,4,-12.113329046354155,-9.999984848970698,-7.499998041728795,-4.999999831743594,-2.499999992795065,nan,lower,0.1
133,phase1,lower,-10.0,4,-12.113329046354155,-9.999986827884412,-7.499998310231015,-4.999999855901314,-2.4999999938758055,nan,lower,0.1
134,phase1,lower,-10.0,4,-12.113329046354155,-9.999988550236402,-7.49999854208156,-4.999999876597488,-2.4999999947944347,nan,lower,0.1
135,phase1,lower,-10.0,4,-12.113329046354155,-9.999990049013176,-7.499998742258949,-4.99999989432703,-2.4999999955752696,nan,lower,0.1
136,phase1,lower,-10.0,4,-12.113329046354155,-9.999991353000041,-7.4999989150691615,-4.9999999095142655,-2.499999996238979,nan,lower,0.1
137,phase1,lower,-10.0,4,-12.113329046354155,-9.99999248731041,-7.4999990642359275,-4.9999999225229725,-2.4999999968031323,nan,lower,0.1
138,phase1,lower,-10.0,4,-12.113329046354155,-9.999993473849237,-7.499999192978985,-4.999999933664997,-2.4999999972826625,nan,lower,0.1
139,phase1,lower,-10.0,4,-12.113329046354155,-9.9999943317187,-7.499999304081887,-4.999999943207647,-2.499999997690263,nan,lower,0.1
140,phase1,lower,-10.0,4,-12.113329046354155,-9.999995077573178,-7.499999399950751,-4.9999999513800395,-2.499999998036724,nan,lower,0.1
141,phase1,lower,-10.0,4,-12.113329046354155,-9.999995725929814,-7.499999482665144,-4.999999958378543,-2.4999999983312153,nan,lower,0.1
142,phase1,lower,-10.0,4,-12.113329046354155,-9.999996289440114,-7.499999554022154,-4.999999964371444,-2.499999998581533,nan,lower,0.1
143,phase1,lower,-10.0,4,-12.113329046354155,-9.99999677912742,-7.499999615574548,-4.999999969502957,-2.499999998794303,nan,lower,0.1
144,phase1,lower,-10.0,4,-12.113329046354155,-9.99999720459449,-7.499999668663809,-4.999999973896659,-2.4999999989751576,nan,lower,0.1
145,phase1,lower,-10.0,4,-12.113329046354155,-9.999997574204887,-7.4999997144487365,-4.999999977658434,-2.499999999128884,nan,lower,0.1
146,phase1,lower,-10.0,4,-12.113329046354155,-9.999997895241464,-7.499999753930191,-4.999999980879002,-2.4999999992595514,nan,lower,0.1
147,phase1,lower,-10.0,4,-12.113329046354155,-9.999998174044773,-7.499999787972513,-4.999999983636084,-2.4999999993706186,nan,lower,0.1
148,phase1,lower,-10.0,4,-12.113329046354155,-9.999998416133934,-7.499999817322049,-4.999999985996265,-2.4999999994650257,nan,lower,0.1
149,phase1,lower,-10.0,4,-12.113329046354155,-9.999998626312152,-7.499999842623182,-4.999999988016579,-2.4999999995452717,nan,lower,0.1
150,phase1,lower,-10.0,4,-12.113329046354155,-9.999998808758807,-7.4999998644321915,-4.9999999897458824,-2.499999999613481,nan,lower,0.1
151,phase1,lower,-10.0,4,-12.113329046354155,-9.999998967109814,-7.499999883229245,-4.999999991226022,-2.499999999671459,nan,lower,0.1
152,phase1,lower,-10.0,4,-12.113329046354155,-9.99999910452773,-7.4999998994287616,-4.999999992492838,-2.49999999972074,nan,lower,0.1
153,phase1,lower,-10.0,4,-12.113329046354155,-9.999999223762885,-7.499999913388373,-4.999999993577023,-2.499999999762629,nan,lower,0.1
154,phase1,lower,-10.0,4,-12.113329046354155,-9.999999327206707,-7.49999992541667,-4.999999994504864,-2.4999999997982347,nan,lower,0.1
155,phase1,lower,-10.0,4,-12.113329046354155,-9.999999416938202,-7.4999999357799,-4.99999999529887,-2.4999999998284994,nan,lower,0.1
156,phase1,upper,-15.0,2,-12.492989030474966,-9.999999416938202,-7.4999999357799,-4.99999999529887,-2.4999999998284994,nan,lower,0.1
157,phase1,lower,-10.0,4,-12.492989030474966,-9.999999494764456,-7.499999944707745,-4.999999995978314,-2.4999999998542246,nan,lower,0.1
158,phase1,lower,-10.0,4,-12.492989030474966,-9.99999956225595,-7.49999995239833,-4.9999999965597,-2.499999999876091,nan,lower,0.1
159,phase1,lower,-10.0,4,-12.492989030474966,-9.999999620777306,-7.499999959022535,-4.999999997057159,-2.4999999998946776,nan,lower,0.1
160,phase1,lower,-10.0,4,-12.492989030474966,-9.99999967151409,-7.499999964727729,-4.999999997482787,-2.499999999910476,nan,lower,0.1
161,phase1,lower,-10.0,4,-12.492989030474966,-9.999999715496136,-7.499999969640988,-4.99999999784694,-2.4999999999239044,nan,lower,0.1
162,phase1,lower,-10.0,4,-12.492989030474966,-9.999999753617864,-7.499999973871881,-4.999999998158485,-2.499999999935319,nan,lower,0.1
163,phase1,lower,-10.0,4,-12.492989030474966,-9.999999786655966,-7.499999977514872,-4.99999999842501,-2.499999999945021,nan,lower,0.1
164,phase1,lower,-10.0,4,-12.492989030474966,-9.999999815284802,-7.499999980651392,-4.999999998653012,-2.4999999999532676,nan,lower,0.1
165,phase1,lower,-10.0,4,-12.492989030474966,-9.99999984008979,-7.499999983351635,-4.99999999884805,-2.4999999999602776,nan,lower,0.1
166,phase1,lower,-10.0,4,-12.492989030474966,-9.999999861579067,-7.499999985676097,-4.999999999014884,-2.499999999966236,nan,lower,0.1
167,phase1,lower,-10.0,4,-12.492989030474966,-9.999999880193622,-7.499999987676915,-4.999999999157587,-2.4999999999713003,nan,lower,0.1
168,phase1,upper,-15.0,2,-12.823701115816567,-9.999999880193622,-7.499999987676915,-4.999999999157587,-2.4999999999713003,nan,lower,0.1
169,phase1,lower,-10.0,4,-12.823701115816567,-9.999999896316115,-7.499999989399016,-4.999999999279644,-2.4999999999756053,nan,lower,0.1
170,phase1,lower,-10.0,4,-12.823701115816567,-9.99999991027855,-7.49999999088111,-4.999999999384038,-2.4999999999792646,nan,lower,0.1
171,phase1,lower,-10.0,4,-12.823701115816567,-9.999999922368934,-7.49999999215655,-4.999999999473322,-2.499999999982375,nan,lower,0.1
172,phase1,lower,-10.0,4,-12.823701115816567,-9.999999932837076,-7.4999999932540655,-4.999999999549679,-2.4999999999850187,nan,lower,0.1
173,phase1,lower,-10.0,4,-12.823701115816567,-9.999999941899624,-7.499999994198408,-4.99999999961498,-2.4999999999872657,nan,lower,0.1
174,phase1,lower,-10.0,4,-12.823701115816567,-9.999999949744442,-7.499999995010894,-4.999999999670822,-2.4999999999891758,nan,lower,0.1
175,phase1,lower,-10.0,4,-12.823701115816567,-9.99999995653441,-7.499999995709883,-4.999999999718575,-2.4999999999907994,nan,lower,0.1
176,phase1,lower,-10.0,4,-12.823701115816567,-9.999999962410731,-7.499999996311187,-4.999999999759409,-2.4999999999921796,nan,lower,0.1
177,phase1,lower,-10.0,4,-12.823701115816567,-9.9999999674958,-7.499999996828421,-4.9999999997943245,-2.499999999993353,nan,lower,0.1
178,phase1,lower,-10.0,4,-12.823701115816567,-9.999999971895694,-7.4999999972733065,-4.999999999824179,-2.49999999999435,nan,lower,0.1
179,phase1,lower,-10.0,4,-12.823701115816567,-9.999999975702336,-7.499999997655937,-4.999999999849704,-2.499999999995197,nan,lower,0.1
180,phase1,lower,-10.0,4,-12.823701115816567,-9.999999978995376,-7.499999997985002,-4.9999999998715285,-2.4999999999959175,nan,lower,0.1
181,phase1,lower,-10.0,4,-12.823701115816567,-9.99999998184382,-7.499999998267981,-4.999999999890187,-2.49999999999653,nan,lower,0.1
182,phase1,lower,-10.0,4,-12.823701115816567,-9.999999984307443,-7.499999998511312,-4.999999999906139,-2.4999999999970504,nan,lower,0.1
183,phase1,lower,-10.0,4,-12.823701115816567,-9.999999986438024,-7.4999999987205355,-4.999999999919776,-2.4999999999974927,nan,lower,0.1
184,phase1,lower,-10.0,4,-12.823701115816567,-9.9999999882804,-7.499999998900422,-4.9999999999314335,-2.499999999997869,nan,lower,0.1
185,phase1,lower,-10.0,4,-12.823701115816567,-9.999999989873404,-7.499999999055073,-4.999999999941399,-2.4999999999981886,nan,lower,0.1
186,phase1,lower,-10.0,4,-12.823701115816567,-9.999999991250654,-7.499999999188022,-4.999999999949917,-2.4999999999984603,nan,lower,0.1
187,phase1,lower,-10.0,4,-12.823701115816567,-9.999999992441259,-7.4999999993023065,-4.999999999957199,-2.4999999999986913,nan,lower,0.1
188,phase1,lower,-10.0,4,-12.823701115816567,-9.999999993470416,-7.49999999940054,-4.999999999963422,-2.4999999999988876,nan,lower,0.1
189,phase1,lower,-10.0,4,-12.823701115816567,-9.999999994359934,-7.499999999484972,-4.999999999968742,-2.4999999999990545,nan,lower,0.1
190,phase1,lower,-10.0,4,-12.823701115816567,-9.99999999512869,-7.499999999557538,-4.999999999973289,-2.499999999999196,nan,lower,0.1
191,phase1,lower,-10.0,4,-12.823701115816567,-9.999999995793017,-7.4999999996199005,-4.999999999977175,-2.499999999999317,nan,lower,0.1
192,phase1,lower,-10.0,4,-12.823701115816567,-9.99999999636705,-7.499999999673491,-4.999999999980496,-2.4999999999994196,nan,lower,0.1
193,phase1,lower,-10.0,4,-12.823701115816567,-9.999999996863016,-7.499999999719542,-4.999999999983334,-2.4999999999995066,nan,lower,0.1
194,phase1,upper,-15.0,2,-13.11160732237,-9.999999996863016,-7.499999999719542,-4.999999999983334,-2.4999999999995066,nan,lower,0.1
195,phase1,lower,-10.0,4,-13.11160732237,-9.999999997291495,-7.499999999759111,-4.99999999998576,-2.499999999999581,nan,lower,0.1
196,phase1,lower,-10.0,4,-13.11160732237,-9.999999997661638,-7.499999999793109,-4.999999999987833,-2.499999999999644,nan,lower,0.1
197,phase1,lower,-10.0,4,-13.11160732237,-9.999999997981359,-7.499999999822317,-4.999999999989605,-2.499999999999697,nan,lower,0.1
198,phase1,lower,-10.0,4,-13.11160732237,-9.999999998257502,-7.49999999984741,-4.999999999991118,-2.4999999999997424,nan,lower,0.1
199,phase1,lower,-10.0,4,-13.11160732237,-9.999999998495989,-7.499999999868966,-4.999999999992411,-2.499999999999781,nan,lower,0.1
200,phase1,lower,-10.0,4,-13.11160732237,-9.999999998701936,-7.499999999887483,-4.999999999993517,-2.499999999999814,nan,lower,0.1
201,phase1,lower,-10.0,4,-13.11160732237,-9.999999998879767,-7.499999999903388,-4.999999999994461,-2.499999999999842,nan,lower,0.1
202,phase1,lower,-10.0,4,-13.11160732237,-9.99999999903331,-7.4999999999170495,-4.999999999995269,-2.4999999999998654,nan,lower,0.1
203,phase1,lower,-10.0,4,-13.11160732237,-9.99999999916587,-7.499999999928782,-4.999999999995958,-2.4999999999998854,nan,lower,0.1
204,phase1,lower,-10.0,4,-13.11160732237,-9.999999999280307,-7.499999999938859,-4.999999999996547,-2.4999999999999027,nan,lower,0.1
205,phase1,lower,-10.0,4,-13.11160732237,-9.99999999937909,-7.499999999947512,-4.99999999999705,-2.4999999999999174,nan,lower,0.1
206,phase1,lower,-10.0,4,-13.11160732237,-9.999999999464354,-7.499999999954943,-4.99999999999748,-2.49999999999993,nan,lower,0.1
207,phase1,lower,-10.0,4,-13.11160732237,-9.999999999537943,-7.499999999961323,-4.999999999997848,-2.4999999999999405,nan,lower,0.1
208,phase1,lower,-10.0,4,-13.11160732237,-9.99999999960145,-7.499999999966802,-4.9999999999981615,-2.4999999999999494,nan,lower,0.1
209,phase1,lower,-10.0,4,-13.11160732237,-9.999999999656252,-7.4999999999715055,-4.99999999999843,-2.499999999999957,nan,lower,0.1
210,phase1,lower,-10.0,4,-13.11160732237,-9.99999999970354,-7.499999999975544,-4.999999999998659,-2.4999999999999636,nan,lower,0.1
211,phase1,lower,-10.0,4,-13.11160732237,-9.999999999744341,-7.4999999999790115,-4.999999999998854,-2.499999999999969,nan,lower,0.1
212,phase1,lower,-10.0,4,-13.11160732237,-9.999999999779542,-7.499999999981988,-4.999999999999021,-2.4999999999999734,nan,lower,0.1
213,phase1,lower,-10.0,4,-13.11160732237,-9.999999999809909,-7.499999999984543,-4.999999999999164,-2.4999999999999774,nan,lower,0.1
214,phase1,lower,-10.0,4,-13.11160732237,-9.999999999836103,-7.499999999986736,-4.999999999999286,-2.499999999999981,nan,lower,0.1
215,phase1,lower,-10.0,4,-13.11160732237,-9.999999999858698,-7.499999999988619,-4.99999999999939,-2.4999999999999836,nan,lower,0.1
216,phase1,lower,-10.0,4,-13.11160732237,-9.999999999878186,-7.4999999999902345,-4.999999999999479,-2.4999999999999862,nan,lower,0.1
217,phase1,lower,-10.0,4,-13.11160732237,-9.999999999894994,-7.499999999991621,-4.999999999999555,-2.4999999999999885,nan,lower,0.1
218,phase1,lower,-10.0,4,-13.11160732237,-9.999999999909488,-7.499999999992811,-4.99999999999962,-2.4999999999999902,nan,lower,0.1
219,phase1,lower,-10.0,4,-13.11160732237,-9.999999999921986,-7.4999999999938325,-4.999999999999676,-2.4999999999999916,nan,lower,0.1
220,phase1,lower,-10.0,4,-13.11160732237,-9.999999999932763,-7.499999999994709,-4.999999999999723,-2.499999999999993,nan,lower,0.1
221,phase1,lower,-10.0,4,-13.11160732237,-9.999999999942055,-7.499999999995461,-4.999999999999764,-2.499999999999994,nan,lower,0.1
222,phase1,lower,-10.0,4,-13.11160732237,-9.999999999950067,-7.499999999996107,-4.999999999999798,-2.4999999999999947,nan,lower,0.1
223,phase1,lower,-10.0,4,-13.11160732237,-9.999999999956973,-7.4999999999966604,-4.999999999999828,-2.4999999999999956,nan,lower,0.1
224,phase1,upper,-15.0,2,-13.36210839185153,-9.999999999956973,-7.4999999999966604,-4.999999999999828,-2.4999999999999956,nan,lower,0.1
225,phase1,lower,-10.0,4,-13.36210839185153,-9.999999999962926,-7.499999999997136,-4.999999999999853,-2.4999999999999964,nan,lower,0.1
226,phase1,lower,-10.0,4,-13.36210839185153,-9.999999999968058,-7.499999999997543,-4.999999999999874,-2.499999999999997,nan,lower,0.1
227,phase1,lower,-10.0,4,-13.36210839185153,-9.99999999997248,-7.499999999997893,-4.9999999999998925,-2.4999999999999973,nan,lower,0.1
228,phase1,lower,-10.0,4,-13.36210839185153,-9.999999999976293,-7.4999999999981934,-4.9999999999999085,-2.499999999999998,nan,lower,0.1
229,phase1,lower,-10.0,4,-13.36210839185153,-9.999999999979577,-7.499999999998451,-4.999999999999922,-2.4999999999999982,nan,lower,0.1
230,phase1,lower,-10.0,4,-13.36210839185153,-9.999999999982409,-7.499999999998671,-4.999999999999933,-2.4999999999999987,nan,lower,0.1
231,phase1,lower,-10.0,4,-13.36210839185153,-9.999999999984848,-7.4999999999988605,-4.999999999999943,-2.4999999999999987,nan,lower,0.1
232,phase1,lower,-10.0,4,-13.36210839185153,-9.999999999986949,-7.499999999999023,-4.999999999999951,-2.4999999999999987,nan,lower,0.1
233,phase1,lower,-10.0,4,-13.36210839185153,-9.999999999988761,-7.4999999999991624,-4.999999999999958,-2.4999999999999987,nan,lower,0.1
234,phase1,lower,-10.0,4,-13.36210839185153,-9.99999999999032,-7.4999999999992815,-4.9999999999999645,-2.4999999999999987,nan,lower,0.1
235,phase1,lower,-10.0,4,-13.36210839185153,-9.999999999991665,-7.499999999999384,-4.99999999999997,-2.4999999999999987,nan,lower,0.1
236,phase1,lower,-10.0,4,-13.36210839185153,-9.999999999992824,-7.4999999999994715,-4.999999999999974,-2.4999999999999987,nan,lower,0.1
237,phase1,lower,-10.0,4,-13.36210839185153,-9.99999999999382,-7.499999999999547,-4.999999999999978,-2.4999999999999987,nan,lower,0.1
238,phase1,lower,-10.0,4,-13.36210839185153,-9.99999999999468,-7.499999999999612,-4.9999999999999805,-2.4999999999999987,nan,lower,0.1
239,phase1,lower,-10.0,4,-13.36210839185153,-9.99999999999542,-7.499999999999667,-4.999999999999983,-2.4999999999999987,nan,lower,0.1
240,phase1,lower,-10.0,4,-13.36210839185153,-9.999999999996056,-7.499999999999714,-4.999999999999986,-2.4999999999999987,nan,lower,0.1
241,phase1,lower,-10.0,4,-13.36210839185153,-9.999999999996605,-7.499999999999755,-4.999999999999988,-2.4999999999999987,nan,lower,0.1
242,phase1,lower,-10.0,4,-13.36210839185153,-9.999999999997078,-7.4999999999997895,-4.999999999999989,-2.4999999999999987,nan,lower,0.1
243,phase1,lower,-10.0,4,-13.36210839185153,-9.999999999997485,-7.49999999999982,-4.999999999999991,-2.4999999999999987,nan,lower,0.1
244,phase1,lower,-10.0,4,-13.36210839185153,-9.999999999997835,-7.4999999999998455,-4.999999999999992,-2.4999999999999987,nan,lower,0.1
245,phase1,lower,-10.0,4,-13.36210839185153,-9.999999999998137,-7.499999999999868,-4.999999999999993,-2.4999999999999987,nan,lower,0.1
246,phase1,lower,-10.0,4,-13.36210839185153,-9.999999999998396,-7.499999999999886,-4.999999999999994,-2.4999999999999987,nan,lower,0.1
247,phase1,upper,-15.0,2,-13.579947975735276,-9.999999999998396,-7.499999999999886,-4.999999999999994,-2.4999999999999987,nan,lower,0.1
248,phase1,lower,-10.0,4,-13.579947975735276,-9.99999999999862,-7.499999999999902,-4.999999999999995,-2.4999999999999987,nan,lower,0.1
249,phase1,lower,-10.0,4,-13.579947975735276,-9.999999999998812,-7.4999999999999165,-4.999999999999996,-2.4999999999999987,nan,lower,0.1
250,phase1,lower,-10.0,4,-13.579947975735276,-9.999999999998977,-7.499999999999928,-4.999999999999996,-2.4999999999999987,nan,lower,0.1
251,phase1,lower,-10.0,4,-13.579947975735276,-9.999999999999119,-7.499999999999938,-4.999999999999996,-2.4999999999999987,nan,lower,0.1
252,phase1,lower,-10.0,4,-13.579947975735276,-9.999999999999241,-7.499999999999947,-4.999999999999996,-2.4999999999999987,nan,lower,0.1
253,phase1,lower,-10.0,4,-13.579947975735276,-9.999999999999348,-7.499999999999954,-4.999999999999996,-2.4999999999999987,nan,lower,0.1
254,phase1,lower,-10.0,4,-13.579947975735276,-9.999999999999439,-7.49999999999996,-4.999999999999996,-2.4999999999999987,nan,lower,0.1
255,phase1,lower,-10.0,4,-13.579947975735276,-9.999999999999517,-7.499999999999965,-4.999999999999996,-2.4999999999999987,nan,lower,0.1
256,phase1,lower,-10.0,4,-13.579947975735276,-9.999999999999584,-7.49999999999997,-4.999999999999996,-2.4999999999999987,nan,lower,0.1
257,phase1,upper,-15.0,2,-13.76928824563724,-9.999999999999584,-7.49999999999997,-4.999999999999996,-2.4999999999999987,nan,lower,0.1
258,phase1,lower,-10.0,4,-13.76928824563724,-9.999999999999643,-7.499999999999973,-4.999999999999996,-2.4999999999999987,nan,lower,0.1
259,phase1,lower,-10.0,4,-13.76928824563724,-9.999999999999693,-7.499999999999977,-4.999999999999996,-2.4999999999999987,nan,lower,0.1
260,phase1,lower,-10.0,4,-13.76928824563724,-9.999999999999735,-7.49999999999998,-4.999999999999996,-2.4999999999999987,nan,lower,0.1
261,phase1,lower,-10.0,4,-13.76928824563724,-9.999999999999773,-7.499999999999982,-4.999999999999996,-2.4999999999999987,nan,lower,0.1
262,phase1,lower,-10.0,4,-13.76928824563724,-9.999999999999805,-7.499999999999984,-4.999999999999996,-2.4999999999999987,nan,lower,0.1
263,phase1,lower,-10.0,4,-13.76928824563724,-9.999999999999831,-7.499999999999986,-4.999999999999996,-2.4999999999999987,nan,lower,0.1
264,phase1,lower,-10.0,4,-13.76928824563724,-9.999999999999854,-7.499999999999988,-4.999999999999996,-2.4999999999999987,nan,lower,0.1
265,phase1,lower,-10.0,4,-13.76928824563724,-9.999999999999874,-7.4999999999999885,-4.999999999999996,-2.4999999999999987,nan,lower,0.1
266,phase1,upper,-15.0,2,-13.933777605114571,-9.999999999999874,-7.4999999999999885,-4.999999999999996,-2.4999999999999987,nan,lower,0.1
267,phase1,lower,-10.0,4,-13.933777605114571,-9.999999999999892,-7.499999999999989,-4.999999999999996,-2.4999999999999987,nan,lower,0.1
268,phase1,lower,-10.0,4,-13.933777605114571,-9.999999999999906,-7.49999999999999,-4.999999999999996,-2.4999999999999987,nan,lower,0.1
269,phase1,lower,-10.0,4,-13.933777605114571,-9.999999999999918,-7.499999999999991,-4.999999999999996,-2.4999999999999987,nan,lower,0.1
270,phase1,lower,-10.0,4,-13.933777605114571,-9.999999999999929,-7.499999999999992,-4.999999999999996,-2.4999999999999987,nan,lower,0.1
271,phase1,lower,-10.0,4,-13.933777605114571,-9.999999999999938,-7.499999999999993,-4.999999999999996,-2.4999999999999987,nan,lower,0.1
272,phase1,lower,-10.0,4,-13.933777605114571,-9.999999999999947,-7.499999999999993,-4.999999999999996,-2.4999999999999987,nan,lower,0.1
273,phase1,lower,-10.0,4,-13.933777605114571,-9.999999999999954,-7.499999999999993,-4.999999999999996,-2.4999999999999987,nan,lower,0.1
274,phase1,lower,-10.0,4,-13.933777605114571,-9.99999999999996,-7.499999999999993,-4.999999999999996,-2.4999999999999987,nan,lower,0.1
275,phase1,lower,-10.0,4,-13.933777605114571,-9.999999999999964,-7.499999999999993,-4.999999999999996,-2.4999999999999987,nan,lower,0.1
276,phase1,lower,-10.0,4,-13.933777605114571,-9.999999999999968,-7.499999999999993,-4.999999999999996,-2.4999999999999987,nan,lower,0.1
277,phase1,lower,-10.0,4,-13.933777605114571,-9.999999999999972,-7.499999999999993,-4.999999999999996,-2.4999999999999987,nan,lower,0.1
278,phase1,lower,-10.0,4,-13.933777605114571,-9.999999999999975,-7.499999999999993,-4.999999999999996,-2.4999999999999987,nan,lower,0.1
279,phase1,lower,-10.0,4,-13.933777605114571,-9.999999999999979,-7.499999999999993,-4.999999999999996,-2.4999999999999987,nan,lower,0.1
280,phase1,lower,-10.0,4,-13.933777605114571,-9.99999999999998,-7.499999999999993,-4.999999999999996,-2.4999999999999987,nan,lower,0.1
281,phase1,lower,-10.0,4,-13.933777605114571,-9.999999999999982,-7.499999999999993,-4.999999999999996,-2.4999999999999987,nan,lower,0.1
282,phase1,upper,-15.0,2,-14.076611171221865,-9.999999999999982,-7.499999999999993,-4.999999999999996,-2.4999999999999987,nan,lower,0.1
283,phase1,lower,-10.0,4,-14.076611171221865,-9.999999999999984,-7.499999999999993,-4.999999999999996,-2.4999999999999987,nan,lower,0.1
284,phase1,lower,-10.0,4,-14.076611171221865,-9.999999999999986,-7.499999999999993,-4.999999999999996,-2.4999999999999987,nan,lower,0.1
285,phase1,lower,-10.0,4,-14.076611171221865,-9.999999999999988,-7.499999999999993,-4.999999999999996,-2.4999999999999987,nan,lower,0.1
286,phase1,lower,-10.0,4,-14.076611171221865,-9.999999999999988,-7.499999999999993,-4.999999999999996,-2.4999999999999987,nan,lower,0.1
287,phase1,lower,-10.0,4,-14.076611171221865,-9.999999999999988,-7.499999999999993,-4.999999999999996,-2.4999999999999987,nan,lower,0.1
288,phase1,lower,-10.0,4,-14.076611171221865,-9.999999999999988,-7.499999999999993,-4.999999999999996,-2.4999999999999987,nan,lower,0.1
289,phase1,lower,-10.0,4,-14.076611171221865,-9.999999999999988,-7.499999999999993,-4.999999999999996,-2.4999999999999987,nan,lower,0.1
290,phase1,lower,-10.0,4,-14.076611171221865,-9.999999999999988,-7.499999999999993,-4.999999999999996,-2.4999999999999987,nan,lower,0.1
291,phase1,lower,-10.0,4,-14.076611171221865,-9.999999999999988,-7.499999999999993,-4.999999999999996,-2.4999999999999987,nan,lower,0.1
292,phase1,lower,-10.0,4,-14.076611171221865,-9.999999999999988,-7.499999999999993,-4.999999999999996,-2.4999999999999987,nan,lower,0.1
293,phase1,lower,-10.0,4,-14.076611171221865,-9.999999999999988,-7.499999999999993,-4.999999999999996,-2.4999999999999987,nan,lower,0.1
294,phase1,lower,-10.0,4,-14.076611171221865,-9.999999999999988,-7.499999999999993,-4.999999999999996,-2.4999999999999987,nan,lower,0.1
295,phase1,lower,-10.0,4,-14.076611171221865,-9.999999999999988,-7.499999999999993,-4.999999999999996,-2.4999999999999987,nan,lower,0.1
296,phase1,lower,-10.0,4,-14.076611171221865,-9.999999999999988,-7.499999999999993,-4.999999999999996,-2.4999999999999987,nan,lower,0.1
297,phase1,lower,-10.0,4,-14.076611171221865,-9.999999999999988,-7.499999999999993,-4.999999999999996,-2.4999999999999987,nan,lower,0.1
298,phase1,lower,-10.0,4,-14.076611171221865,-9.999999999999988,-7.499999999999993,-4.999999999999996,-2.4999999999999987,nan,lower,0.1
299,phase1,lower,-10.0,4,-14.076611171221865,-9.999999999999988,-7.499999999999993,-4.999999999999996,-2.4999999999999987,nan,lower,0.1
300,phase1,lower,-10.0,4,-14.076611171221865,-9.999999999999988,-7.499999999999993,-4.999999999999996,-2.4999999999999987,nan,lower,0.1
301,phase1,lower,-10.0,4,-14.076611171221865,-9.999999999999988,-7.499999999999993,-4.999999999999996,-2.4999999999999987,nan,lower,0.1
302,phase1,lower,-10.0,4,-14.076611171221865,-9.999999999999988,-7.499999999999993,-4.999999999999996,-2.4999999999999987,nan,lower,0.1
303,phase1,lower,-10.0,4,-14.076611171221865,-9.999999999999988,-7.499999999999993,-4.999999999999996,-2.4999999999999987,nan,lower,0.1
304,phase1,lower,-10.0,4,-14.076611171221865,-9.999999999999988,-7.499999999999993,-4.999999999999996,-2.4999999999999987,nan,lower,0.1
305,phase1,lower,-10.0,4,-14.076611171221865,-9.999999999999988,-7.499999999999993,-4.999999999999996,-2.4999999999999987,nan,lower,0.1
306,phase1,lower,-10.0,4,-14.076611171221865,-9.999999999999988,-7.499999999999993,-4.999999999999996,-2.4999999999999987,nan,lower,0.1
307,phase1,lower,-10.0,4,-14.076611171221865,-9.999999999999988,-7.499999999999993,-4.999999999999996,-2.4999999999999987,nan,lower,0.1
308,phase1,lower,-10.0,4,-14.076611171221865,-9.999999999999988,-7.499999999999993,-4.999999999999996,-2.4999999999999987,nan,lower,0.1
309,phase1,lower,-10.0,4,-14.076611171221865,-9.999999999999988,-7.499999999999993,-4.999999999999996,-2.4999999999999987,nan,lower,0.1
310,phase1,lower,-10.0,4,-14.076611171221865,-9.999999999999988,-7.499999999999993,-4.999999999999996,-2.4999999999999987,nan,lower,0.1
311,phase1,lower,-10.0,4,-14.076611171221865,-9.999999999999988,-7.499999999999993,-4.999999999999996,-2.4999999999999987,nan,lower,0.1
312,phase1,lower,-10.0,4,-14.076611171221865,-9.999999999999988,-7.499999999999993,-4.999999999999996,-2.4999999999999987,nan,lower,0.1
313,phase1,lower,-10.0,4,-14.076611171221865,-9.999999999999988,-7.499999999999993,-4.999999999999996,-2.4999999999999987,nan,lower,0.1
314,phase1,lower,-10.0,4,-14.076611171221865,-9.999999999999988,-7.499999999999993,-4.999999999999996,-2.4999999999999987,nan,lower,0.1
315,phase1,lower,-10.0,4,-14.076611171221865,-9.999999999999988,-7.499999999999993,-4.999999999999996,-2.4999999999999987,nan,lower,0.1
316,phase1,lower,-10.0,4,-14.076611171221865,-9.999999999999988,-7.499999999999993,-4.999999999999996,-2.4999999999999987,nan,lower,0.1
317,phase1,lower,-10.0,4,-14.076611171221865,-9.999999999999988,-7.499999999999993,-4.999999999999996,-2.4999999999999987,nan,lower,0.1
318,phase1,lower,-10.0,4,-14.076611171221865,-9.999999999999988,-7.499999999999993,-4.999999999999996,-2.4999999999999987,nan,lower,0.1
319,phase1,lower,-10.0,4,-14.076611171221865,-9.999999999999988,-7.499999999999993,-4.999999999999996,-2.4999999999999987,nan,lower,0.1
320,phase1,lower,-10.0,4,-14.076611171221865,-9.999999999999988,-7.499999999999993,-4.999999999999996,-2.4999999999999987,nan,lower,0.1
321,phase1,lower,-10.0,4,-14.076611171221865,-9.999999999999988,-7.499999999999993,-4.999999999999996,-2.4999999999999987,nan,lower,0.1
322,phase1,lower,-10.0,4,-14.076611171221865,-9.999999999999988,-7.499999999999993,-4.999999999999996,-2.4999999999999987,nan,lower,0.1
323,phase1,lower,-10.0,4,-14.076611171221865,-9.999999999999988,-7.499999999999993,-4.999999999999996,-2.4999999999999987,nan,lower,0.1
324,phase1,lower,-10.0,4,-14.076611171221865,-9.999999999999988,-7.499999999999993,-4.999999999999996,-2.4999999999999987,nan,lower,0.1
325,phase1,upper,-15.0,2,-14.200584671381892,-9.999999999999988,-7.499999999999993,-4.999999999999996,-2.4999999999999987,nan,lower,0.1
326,phase1,lower,-10.0,4,-14.200584671381892,-9.999999999999988,-7.499999999999993,-4.999999999999996,-2.4999999999999987,nan,lower,0.1
327,phase1,lower,-10.0,4,-14.200584671381892,-9.999999999999988,-7.499999999999993,-4.999999999999996,-2.4999999999999987,nan,lower,0.1
328,phase1,lower,-10.0,4,-14.200584671381892,-9.999999999999988,-7.499999999999993,-4.999999999999996,-2.4999999999999987,nan,lower,0.1
329,phase1,lower,-10.0,4,-14.200584671381892,-9.999999999999988,-7.499999999999993,-4.999999999999996,-2.4999999999999987,nan,lower,0.1
330,phase1,lower,-10.0,4,-14.200584671381892,-9.999999999999988,-7.499999999999993,-4.999999999999996,-2.4999999999999987,nan,lower,0.1
331,phase1,lower,-10.0,4,-14.200584671381892,-9.999999999999988,-7.499999999999993,-4.999999999999996,-2.4999999999999987,nan,lower,0.1
332,phase1,lower,-10.0,4,-14.200584671381892,-9.999999999999988,-7.499999999999993,-4.999999999999996,-2.4999999999999987,nan,lower,0.1
333,phase1,lower,-10.0,4,-14.200584671381892,-9.999999999999988,-7.499999999999993,-4.999999999999996,-2.4999999999999987,nan,lower,0.1
334,phase1,lower,-10.0,4,-14.200584671381892,-9.999999999999988,-7.499999999999993,-4.999999999999996,-2.4999999999999987,nan,lower,0.1
335,phase1,lower,-10.0,4,-14.200584671381892,-9.999999999999988,-7.499999999999993,-4.999999999999996,-2.4999999999999987,nan,lower,0.1
336,phase1,lower,-10.0,4,-14.200584671381892,-9.999999999999988,-7.499999999999993,-4.999999999999996,-2.4999999999999987,nan,lower,0.1
337,phase1,lower,-10.0,4,-14.200584671381892,-9.999999999999988,-7.499999999999993,-4.999999999999996,-2.4999999999999987,nan,lower,0.1
338,phase1,upper,-15.0,2,-14.308142370141418,-9.999999999999988,-7.499999999999993,-4.999999999999996,-2.4999999999999987,nan,lower,0.1
339,phase1,lower,-10.0,4,-14.308142370141418,-9.999999999999988,-7.499999999999993,-4.999999999999996,-2.4999999999999987,nan,lower,0.1
340,phase1,lower,-10.0,4,-14.308142370141418,-9.999999999999988,-7.499999999999993,-4.999999999999996,-2.4999999999999987,nan,lower,0.1
341,phase1,lower,-10.0,4,-14.308142370141418,-9.999999999999988,-7.499999999999993,-4.999999999999996,-2.4999999999999987,nan,lower,0.1
342,phase1,lower,-10.0,4,-14.308142370141418,-9.999999999999988,-7.499999999999993,-4.999999999999996,-2.4999999999999987,nan,lower,0.1
343,phase1,lower,-10.0,4,-14.308142370141418,-9.999999999999988,-7.499999999999993,-4.999999999999996,-2.4999999999999987,nan,lower,0.1
344,phase1,lower,-10.0,4,-14.308142370141418,-9.999999999999988,-7.499999999999993,-4.999999999999996,-2.4999999999999987,nan,lower,0.1
345,phase1,lower,-10.0,4,-14.308142370141418,-9.999999999999988,-7.499999999999993,-4.999999999999996,-2.4999999999999987,nan,lower,0.1
346,phase1,lower,-10.0,4,-14.308142370141418,-9.999999999999988,-7.499999999999993,-4.999999999999996,-2.4999999999999987,nan,lower,0.1
347,phase1,lower,-10.0,4,-14.308142370141418,-9.999999999999988,-7.499999999999993,-4.999999999999996,-2.4999999999999987,nan,lower,0.1
348,phase1,lower,-10.0,4,-14.308142370141418,-9.999999999999988,-7.499999999999993,-4.999999999999996,-2.4999999999999987,nan,lower,0.1
349,phase1,lower,-10.0,4,-14.308142370141418,-9.999999999999988,-7.499999999999993,-4.999999999999996,-2.4999999999999987,nan,lower,0.1
350,phase1,lower,-10.0,4,-14.308142370141418,-9.999999999999988,-7.499999999999993,-4.999999999999996,-2.4999999999999987,nan,lower,0.1
351,phase1,lower,-10.0,4,-14.308142370141418,-9.999999999999988,-7.499999999999993,-4.999999999999996,-2.4999999999999987,nan,lower,0.1
352,phase1,lower,-10.0,4,-14.308142370141418,-9.999999999999988,-7.499999999999993,-4.999999999999996,-2.4999999999999987,nan,lower,0.1
353,phase1,lower,-10.0,4,-14.308142370141418,-9.999999999999988,-7.499999999999993,-4.999999999999996,-2.4999999999999987,nan,lower,0.1
354,phase1,lower,-10.0,4,-14.308142370141418,-9.999999999999988,-7.499999999999993,-4.999999999999996,-2.4999999999999987,nan,lower,0.1
355,phase1,lower,-10.0,4,-14.308142370141418,-9.999999999999988,-7.499999999999993,-4.999999999999996,-2.4999999999999987,nan,lower,0.1
356,phase1,upper,-15.0,2,-14.401419604166994,-9.999999999999988,-7.499999999999993,-4.999999999999996,-2.4999999999999987,nan,lower,0.1
357,phase1,lower,-10.0,4,-14.401419604166994,-9.999999999999988,-7.499999999999993,-4.999999999999996,-2.4999999999999987,nan,lower,0.1
358,phase1,lower,-10.0,4,-14.401419604166994,-9.999999999999988,-7.499999999999993,-4.999999999999996,-2.4999999999999987,nan,lower,0.1
359,phase1,lower,-10.0,4,-14.401419604166994,-9.999999999999988,-7.499999999999993,-4.999999999999996,-2.4999999999999987,nan,lower,0.1
360,phase1,lower,-10.0,4,-14.401419604166994,-9.999999999999988,-7.499999999999993,-4.999999999999996,-2.4999999999999987,nan,lower,0.1
361,phase1,upper,-15.0,2,-14.482280464656716,-9.999999999999988,-7.499999999999993,-4.999999999999996,-2.4999999999999987,nan,lower,0.1
362,phase1,lower,-10.0,4,-14.482280464656716,-9.999999999999988,-7.499999999999993,-4.999999999999996,-2.4999999999999987,nan,lower,0.1
363,phase1,lower,-10.0,4,-14.482280464656716,-9.999999999999988,-7.499999999999993,-4.999999999999996,-2.4999999999999987,nan,lower,0.1
364,phase1,lower,-10.0,4,-14.482280464656716,-9.999999999999988,-7.499999999999993,-4.999999999999996,-2.4999999999999987,nan,lower,0.1
365,phase1,lower,-10.0,4,-14.482280464656716,-9.999999999999988,-7.499999999999993,-4.999999999999996,-2.4999999999999987,nan,lower,0.1
366,phase1,lower,-10.0,4,-14.482280464656716,-9.999999999999988,-7.499999999999993,-4.999999999999996,-2.4999999999999987,nan,lower,0.1
367,phase1,upper,-15.0,2,-14.552351125905764,-9.999999999999988,-7.499999999999993,-4.999999999999996,-2.4999999999999987,nan,lower,0.1
368,phase1,lower,-10.0,4,-14.552351125905764,-9.999999999999988,-7.499999999999993,-4.999999999999996,-2.4999999999999987,nan,lower,0.1
369,phase1,lower,-10.0,4,-14.552351125905764,-9.999999999999988,-7.499999999999993,-4.999999999999996,-2.4999999999999987,nan,lower,0.1
370,phase1,lower,-10.0,4,-14.552351125905764,-9.999999999999988,-7.499999999999993,-4.999999999999996,-2.4999999999999987,nan,lower,0.1
371,phase1,lower,-10.0,4,-14.552351125905764,-9.999999999999988,-7.499999999999993,-4.999999999999996,-2.4999999999999987,nan,lower,0.1
372,phase1,upper,-15.0,2,-14.613049278325322,-9.999999999999988,-7.499999999999993,-4.999999999999996,-2.4999999999999987,nan,lower,0.1
373,phase1,lower,-10.0,4,-14.613049278325322,-9.999999999999988,-7.499999999999993,-4.999999999999996,-2.4999999999999987,nan,lower,0.1
374,phase1,lower,-10.0,4,-14.613049278325322,-9.999999999999988,-7.499999999999993,-4.999999999999996,-2.4999999999999987,nan,lower,0.1
375,phase1,lower,-10.0,4,-14.613049278325322,-9.999999999999988,-7.499999999999993,-4.999999999999996,-2.4999999999999987,nan,lower,0.1
376,phase1,lower,-10.0,4,-14.613049278325322,-9.999999999999988,-7.499999999999993,-4.999999999999996,-2.4999999999999987,nan,lower,0.1
377,phase1,lower,-10.0,4,-14.613049278325322,-9.999999999999988,-7.499999999999993,-4.999999999999996,-2.4999999999999987,nan,lower,0.1
378,phase1,lower,-10.0,4,-14.613049278325322,-9.999999999999988,-7.499999999999993,-4.999999999999996,-2.4999999999999987,nan,lower,0.1
379,phase1,lower,-10.0,4,-14.613049278325322,-9.999999999999988,-7.499999999999993,-4.999999999999996,-2.4999999999999987,nan,lower,0.1
380,phase1,lower,-10.0,4,-14.613049278325322,-9.999999999999988,-7.499999999999993,-4.999999999999996,-2.4999999999999987,nan,lower,0.1
381,phase1,lower,-10.0,4,-14.613049278325322,-9.999999999999988,-7.499999999999993,-4.999999999999996,-2.4999999999999987,nan,lower,0.1
382,phase1,lower,-10.0,4,-14.613049278325322,-9.999999999999988,-7.499999999999993,-4.999999999999996,-2.4999999999999987,nan,lower,0.1
383,phase1,lower,-10.0,4,-14.613049278325322,-9.999999999999988,-7.499999999999993,-4.999999999999996,-2.4999999999999987,nan,lower,0.1
384,phase1,lower,-10.0,4,-14.613049278325322,-9.999999999999988,-7.499999999999993,-4.999999999999996,-2.4999999999999987,nan,lower,0.1
385,phase1,lower,-10.0,4,-14.613049278325322,-9.999999999999988,-7.499999999999993,-4.999999999999996,-2.4999999999999987,nan,lower,0.1
386,phase1,lower,-10.0,4,-14.613049278325322,-9.999999999999988,-7.499999999999993,-4.999999999999996,-2.4999999999999987,nan,lower,0.1
387,phase1,lower,-10.0,4,-14.613049278325322,-9.999999999999988,-7.499999999999993,-4.999999999999996,-2.4999999999999987,nan,lower,0.1
388,phase1,lower,-10.0,4,-14.613049278325322,-9.999999999999988,-7.499999999999993,-4.999999999999996,-2.4999999999999987,nan,lower,0.1
389,phase1,lower,-10.0,4,-14.613049278325322,-9.999999999999988,-7.499999999999993,-4.999999999999996,-2.4999999999999987,nan,lower,0.1
390,phase1,lower,-10.0,4,-14.613049278325322,-9.999999999999988,-7.499999999999993,-4.999999999999996,-2.4999999999999987,nan,lower,0.1
391,phase1,lower,-10.0,4,-14.613049278325322,-9.999999999999988,-7.499999999999993,-4.999999999999996,-2.4999999999999987,nan,lower,0.1
392,phase1,lower,-10.0,4,-14.613049278325322,-9.999999999999988,-7.499999999999993,-4.999999999999996,-2.4999999999999987,nan,lower,0.1
393,phase1,upper,-15.0,2,-14.665610084686133,-9.999999999999988,-7.499999999999993,-4.999999999999996,-2.4999999999999987,nan,lower,0.1
394,phase1,lower,-10.0,4,-14.665610084686133,-9.999999999999988,-7.499999999999993,-4.999999999999996,-2.4999999999999987,nan,lower,0.1
395,phase1,lower,-10.0,4,-14.665610084686133,-9.999999999999988,-7.499999999999993,-4.999999999999996,-2.4999999999999987,nan,lower,0.1
396,phase1,lower,-10.0,4,-14.665610084686133,-9.999999999999988,-7.499999999999993,-4.999999999999996,-2.4999999999999987,nan,lower,0.1
397,phase1,lower,-10.0,4,-14.665610084686133,-9.999999999999988,-7.499999999999993,-4.999999999999996,-2.4999999999999987,nan,lower,0.1
398,phase1,lower,-10.0,4,-14.665610084686133,-9.999999999999988,-7.499999999999993,-4.999999999999996,-2.4999999999999987,nan,lower,0.1
399,phase1,lower,-10.0,4,-14.665610084686133,-9.999999999999988,-7.499999999999993,-4.999999999999996,-2.4999999999999987,nan,lower,0.1
400,phase2,lower,-20.0,4,-14.665610084686133,-9.999999999999988,-8.499999999999993,-5.269999999999996,-2.6889999999999987,-0.14700000000000019,lower,0.1
401,phase2,lower,-20.0,4,-14.665610084686133,-10.232299999999988,-9.546609999999992,-5.5959169999999965,-2.901724899999999,-0.1744827000000002,lower,0.1
402,phase2,lower,-20.0,4,-14.665610084686133,-10.570765429999987,-10.560451170999993,-5.918566408699997,-3.0957572563899998,-0.17010757797000026,lower,0.1
403,phase2,lower,-20.0,4,-14.665610084686133,-10.972830824272988,-11.520651983898095,-6.220527107276568,-3.261434813303929,-0.15732427984946723,lower,0.1
404,phase2,lower,-20.0,4,-14.665610084686133,-11.419204792100018,-12.422044963850983,-6.495998333541053,-3.397862158999499,-0.14248982106551966,lower,0.1
405,phase2,lower,-20.0,4,-14.665610084686133,-11.897729648234083,-13.263785572728542,-6.742723147404517,-3.5065031683092602,-0.12739642150423514,lower,0.1
406,phase2,lower,-20.0,4,-14.665610084686133,-12.39899202003734,-14.046322585705157,-6.959782742867556,-3.5894520274035573,-0.11260426400367347,lower,0.1
407,phase2,lower,-20.0,4,-14.665610084686133,-12.915068914207428,-14.770587213016743,-7.146956123681282,-3.648952411997762,-0.09832967377144039,lower,0.1
408,phase2,lower,-20.0,4,-14.665610084686133,-13.439117450482657,-15.437770792627056,-7.304500395081574,-3.6872523203805816,-0.0846832106487526,lower,0.1
409,phase2,lower,-20.0,4,-14.665610084686133,-13.965197674280974,-16.04925781581912,-7.433047130940375,-3.7065514706558274,-0.0717347277433745,lower,0.1
410,phase2,lower,-20.0,4,-14.665610084686133,-14.488164943403826,-16.606599249631103,-7.533533628030093,-3.708976184945283,-0.05953223693424381,lower,0.1
411,phase2,lower,-20.0,4,-14.665610084686133,-15.003587387267372,-17.11149572300771,-7.6071472368140824,-3.6965640626521936,-0.048108322608316254,upper,0.1
412,phase2,upper,-15.0,2,-14.739240212160448,-15.003587387267372,-17.11149572300771,-7.6071472368140824,-3.6965640626521936,-0.03087483819607611,upper,0.1
413,phase2,upper,-15.0,2,-14.79415763188352,-15.003587387267372,-17.11149572300771,-7.6071472368140824,-3.6965640626521936,-0.0205097584700695,upper,0.1
414,phase2,upper,-15.0,2,-14.836826955795326,-15.003587387267372,-17.11149572300771,-7.6071472368140824,-3.6965640626521936,-0.014046103977841576,upper,0.1
415,phase2,upper,-15.0,2,-14.870995227223647,-15.003587387267372,-17.11149572300771,-7.6071472368140824,-3.6965640626521936,-0.009840372268938906,upper,0.1
416,phase2,upper,-15.0,2,-14.898906693180852,-15.003587387267372,-17.11149572300771,-7.6071472368140824,-3.6965640626521936,-0.0069769638127063875,upper,0.1
417,phase2,upper,-15.0,2,-14.921968911555625,-15.003587387267372,-17.11149572300771,-7.6071472368140824,-3.6965640626521936,-0.004941045887900115,upper,0.1
418,phase2,upper,-15.0,2,-14.941117908330124,-15.003587387267372,-17.11149572300771,-7.6071472368140824,-3.6965640626521936,-0.0034388601456172407,upper,0.1
419,phase2,upper,-15.0,2,-14.957018384984798,-15.003587387267372,-17.11149572300771,-7.6071472368140824,-3.6965640626521936,-0.002299008994323143,upper,0.1
420,phase2,lower,-20.0,4,-14.957018384984798,-15.466447328936296,-17.53692277511976,-7.6350748407826545,-3.6571120556539363,-0.026484277550293242,upper,0.1
421,phase2,upper,-15.0,2,-14.99194035705986,-15.466447328936296,-17.53692277511976,-7.6350748407826545,-3.6571120556539363,-0.013268993444917871,upper,0.1
422,phase2,upper,-15.0,2,-15.012765414941974,-15.466447328936296,-17.53692277511976,-7.6350748407826545,-3.6571120556539363,-0.005944129335862054,upper,0.1
423,phase2,upper,-15.0,2,-15.025183675998093,-15.466447328936296,-17.53692277511976,-7.6350748407826545,-3.6571120556539363,-0.0018934919074672,upper,0.1
424,phase2,upper,-15.0,2,-15.032445359502054,-15.466447328936296,-17.53692277511976,-7.6350748407826545,-3.6571120556539363,0.00032787791613559476,upper,0.1
425,phase2,upper,-15.0,2,-15.036443394567097,-15.466447328936296,-17.53692277511976,-7.6350748407826545,-3.6571120556539363,0.0015204022310290103,upper,0.1
426,phase2,upper,-15.0,2,-15.038309846199658,-15.466447328936296,-17.53692277511976,-7.6350748407826545,-3.6571120556539363,0.002129432157860921,upper,0.1
427,phase2,upper,-15.0,2,-15.038745165052832,-15.466447328936296,-17.53692277511976,-7.6350748407826545,-3.6571120556539363,0.002404379844913996,upper,0.1
428,phase2,upper,-15.0,2,-15.038200564445347,-15.466447328936296,-17.53692277511976,-7.6350748407826545,-3.6571120556539363,0.0024862417883571002,upper,0.1
429,phase2,upper,-15.0,2,-15.036979608657289,-15.466447328936296,-17.53692277511976,-7.6350748407826545,-3.6571120556539363,0.002455774973587044,upper,0.1
430,phase2,upper,-15.0,2,-15.035295313391241,-15.466447328936296,-17.53692277511976,-7.6350748407826545,-3.6571120556539363,0.002360049195692661,upper,0.1
431,phase2,upper,-15.0,2,-15.033302700080654,-15.466447328936296,-17.53692277511976,-7.6350748407826545,-3.6571120556539363,0.0022271122945247564,upper,0.1
432,phase2,upper,-15.0,2,-15.03111776061845,-15.466447328936296,-17.53692277511976,-7.6350748407826545,-3.6571120556539363,0.0020741175709948954,upper,0.1
433,phase2,upper,-15.0,2,-15.028828854581272,-15.466447328936296,-17.53692277511976,-7.6350748407826545,-3.6571120556539363,0.0019118524082455944,upper,0.1
434,phase2,upper,-15.0,2,-15.026503851397429,-15.466447328936296,-17.53692277511976,-7.6350748407826545,-3.6571120556539363,0.0017472830760004976,upper,0.1
435,phase2,upper,-15.0,2,-15.024194842212658,-15.466447328936296,-17.53692277511976,-7.6350748407826545,-3.6571120556539363,0.0015850033516896888,upper,0.1
436,phase2,upper,-15.0,2,-15.021941429522876,-15.466447328936296,-17.53692277511976,-7.6350748407826545,-3.6571120556539363,0.001428075038114188,upper,0.1
437,phase2,upper,-15.0,2,-15.019773154357154,-15.466447328936296,-17.53692277511976,-7.6350748407826545,-3.6571120556539363,0.001278528967534598,upper,0.1
438,phase2,upper,-15.0,2,-15.017711374705991,-15.466447328936296,-17.53692277511976,-7.6350748407826545,-3.6571120556539363,0.0011376745025721401,upper,0.1
439,phase2,upper,-15.0,2,-15.015770773731253,-15.466447328936296,-17.53692277511976,-7.6350748407826545,-3.6571120556539363,0.0010062992944218831,upper,0.1
440,phase2,upper,-15.0,2,-15.013960601956938,-15.466447328936296,-17.53692277511976,-7.6350748407826545,-3.6571120556539363,0.0008848046493641191,upper,0.1
441,phase2,upper,-15.0,2,-15.012285716623627,-15.466447328936296,-17.53692277511976,-7.6350748407826545,-3.6571120556539363,0.0007733018334970352,upper,0.1
442,phase2,upper,-15.0,2,-15.010747458609316,-15.466447328936296,-17.53692277511976,-7.6350748407826545,-3.6571120556539363,0.0006716836243476523,upper,0.1
443,phase2,lower,-20.0,4,-15.010747458609316,-15.92289035829273,-17.919717658049663,-7.643514441497211,-3.610860970349267,-0.019311176310945352,upper,0.1
444,phase2,upper,-15.0,2,-15.027328968449273,-15.92289035829273,-17.919717658049663,-7.643514441497211,-3.610860970349267,-0.009211922029674292,upper,0.1
445,phase2,upper,-15.0,2,-15.034330422038897,-15.92289035829273,-17.919717658049663,-7.643514441497211,-3.610860970349267,-0.003810007602399549,upper,0.1
446,phase2,upper,-15.0,2,-15.036171185853696,-15.92289035829273,-17.919717658049663,-7.643514441497211,-3.610860970349267,-0.0009799329364713267,upper,0.1
447,phase2,upper,-15.0,2,-15.03529347408724,-15.92289035829273,-17.919717658049663,-7.643514441497211,-3.610860970349267,0.0004465998099046387,upper,0.1
448,phase2,upper,-15.0,2,-15.03304813249503,-15.92289035829273,-17.919717658049663,-7.643514441497211,-3.610860970349267,0.001111731970773716,upper,0.1
449,phase2,upper,-15.0,2,-15.03018220391708,-15.92289035829273,-17.919717658049663,-7.643514441497211,-3.610860970349267,0.0013683093581473313,upper,0.1
450,phase2,upper,-15.0,2,-15.027107600104893,-15.92289035829273,-17.919717658049663,-7.643514441497211,-3.610860970349267,0.0014100564179176105,upper,0.1
451,phase2,upper,-15.0,2,-15.024049406944856,-15.92289035829273,-17.919717658049663,-7.643514441497211,-3.610860970349267,0.0013431328333743924,upper,0.1
452,phase2,upper,-15.0,2,-15.02112796216556,-15.92289035829273,-17.919717658049663,-7.643514441497211,-3.610860970349267,0.0012254810260657392,upper,0.1
453,phase2,upper,-15.0,2,-15.018404458694555,-15.92289035829273,-17.919717658049663,-7.643514441497211,-3.610860970349267,0.0010884732184599294,upper,0.1
454,phase2,lower,-20.0,4,-15.018404458694555,-16.37159346237181,-18.262825935360226,-7.634801626811566,-3.55958000229375,-0.01318927120684072,upper,0.1
455,phase2,upper,-15.0,2,-15.028756399303939,-16.37159346237181,-18.262825935360226,-7.634801626811566,-3.55958000229375,-0.0060472654434247704,upper,0.1
456,phase2,upper,-15.0,2,-15.032403063618201,-16.37159346237181,-18.262825935360226,-7.634801626811566,-3.55958000229375,-0.002262096800793828,upper,0.1
457,phase2,lower,-20.0,4,-15.032403063618201,-16.812752596791366,-18.570011902260546,-7.611814686457601,-3.5052656736708663,-0.00837990006956945,upper,0.1
458,phase2,upper,-15.0,2,-15.038008945239154,-16.812752596791366,-18.570011902260546,-7.611814686457601,-3.5052656736708663,-0.003308301685292243,upper,0.1
459,phase2,upper,-15.0,2,-15.038835033296605,-16.812752596791366,-18.570011902260546,-7.611814686457601,-3.5052656736708663,-0.000674423979956631,upper,0.1
460,phase2,upper,-15.0,2,-15.03719340715982,-16.812752596791366,-18.570011902260546,-7.611814686457601,-3.5052656736708663,0.0006322085540323386,upper,0.1
461,phase2,upper,-15.0,2,-15.034358261097363,-16.812752596791366,-18.570011902260546,-7.611814686457601,-3.5052656736708663,0.001221630153526025,upper,0.1
462,phase2,upper,-15.0,2,-15.031029816551666,-16.812752596791366,-18.570011902260546,-7.611814686457601,-3.5052656736708663,0.001428738641471461,upper,0.1
463,phase2,upper,-15.0,2,-15.02758998886149,-16.812752596791366,-18.570011902260546,-7.611814686457601,-3.5052656736708663,0.0014371197687144048,upper,0.1
464,phase2,upper,-15.0,2,-15.024243531518522,-16.812752596791366,-18.570011902260546,-7.611814686457601,-3.5052656736708663,0.001347113892913518,upper,0.1
465,phase2,upper,-15.0,2,-15.02109615938126,-16.812752596791366,-18.570011902260546,-7.611814686457601,-3.5052656736708663,0.0012132444860557213,upper,0.1
466,phase2,upper,-15.0,2,-15.018197956216714,-16.812752596791366,-18.570011902260546,-7.611814686457601,-3.5052656736708663,0.0010648090981663937,upper,0.1
467,phase2,upper,-15.0,2,-15.015567627889565,-16.812752596791366,-18.570011902260546,-7.611814686457601,-3.5052656736708663,0.0009172151321111283,upper,0.1
468,phase2,upper,-15.0,2,-15.013206160439363,-16.812752596791366,-18.570011902260546,-7.611814686457601,-3.5052656736708663,0.0007782266066041675,upper,0.1
469,phase2,upper,-15.0,2,-15.011104594664603,-16.812752596791366,-18.570011902260546,-7.611814686457601,-3.5052656736708663,0.0006514112858234915,upper,0.1
470,phase2,upper,-15.0,2,-15.009248514188917,-16.812752596791366,-18.570011902260546,-7.611814686457601,-3.5052656736708663,0.0005380464413314674,upper,0.1
471,phase2,upper,-15.0,2,-15.007620681416435,-16.812752596791366,-18.570011902260546,-7.611814686457601,-3.5052656736708663,0.0004381749941443857,upper,0.1
472,phase2,upper,-15.0,2,-15.006202616297172,-16.812752596791366,-18.570011902260546,-7.611814686457601,-3.5052656736708663,0.0003511925034158685,upper,0.1
473,phase2,upper,-15.0,2,-15.004975560749287,-16.812752596791366,-18.570011902260546,-7.611814686457601,-3.5052656736708663,0.0002761744090559045,upper,0.1
474,phase2,upper,-15.0,2,-15.003921077457948,-16.812752596791366,-18.570011902260546,-7.611814686457601,-3.5052656736708663,0.00021205891382904889,upper,0.1
475,phase2,upper,-15.0,2,-15.003021424467777,-16.812752596791366,-18.570011902260546,-7.611814686457601,-3.5052656736708663,0.0001577491944194141,upper,0.1
476,phase2,upper,-15.0,2,-15.002259787435584,-16.812752596791366,-18.570011902260546,-7.611814686457601,-3.5052656736708663,0.00011217019114948584,upper,0.1
477,phase2,upper,-15.0,2,-15.001620418146903,-16.812752596791366,-18.570011902260546,-7.611814686457601,-3.5052656736708663,7.429956623271165e-05,upper,0.1
478,phase2,lower,-20.0,4,-15.001620418146903,-17.238411657728676,-18.839091373201192,-7.573217895116907,-3.4468029599151233,-0.0025583603764746457,upper,0.1
479,phase2,upper,-15.0,2,-15.003458103078069,-17.238411657728676,-18.839091373201192,-7.573217895116907,-3.4468029599151233,-0.0012468195867549065,upper,0.1
480,phase2,upper,-15.0,2,-15.00411053860438,-17.238411657728676,-18.839091373201192,-7.573217895116907,-3.4468029599151233,-0.0005494716943270194,upper,0.1
481,phase2,upper,-15.0,2,-15.004148374331487,-17.238411657728676,-18.839091373201192,-7.573217895116907,-3.4468029599151233,-0.00018702696388956535,upper,0.1
482,phase2,upper,-15.0,2,-15.003883075841427,-17.238411657728676,-18.839091373201192,-7.573217895116907,-3.4468029599151233,-6.218030541586651e-06,upper,0.1
483,phase2,upper,-15.0,2,-15.003483532577073,-17.238411657728676,-18.839091373201192,-7.573217895116907,-3.4468029599151233,7.698288601171448e-05,upper,0.1
484,phase2,upper,-15.0,2,-15.003040198974672,-17.238411657728676,-18.839091373201192,-7.573217895116907,-3.4468029599151233,0.00010856318100866797,upper,0.1
485,phase2,upper,-15.0,2,-15.002600396796787,-17.238411657728676,-18.839091373201192,-7.573217895116907,-3.4468029599151233,0.00011361334958648427,upper,0.1
486,phase2,lower,-20.0,4,-15.002600396796787,-17.6483773772613,-19.073150801300283,-7.521350560823716,-3.3857513721320536,0.0022484268575536787,upper,0.1
487,phase2,upper,-15.0,2,-15.000266429015642,-17.6483773772613,-19.073150801300283,-7.521350560823716,-3.3857513721320536,0.001151806539263865,upper,0.1
488,phase2,upper,-15.0,2,-14.999007819442562,-17.6483773772613,-19.073150801300283,-7.521350560823716,-3.3857513721320536,0.0005523995428117764,upper,0.1
489,phase2,upper,-15.0,2,-14.998355513830674,-17.6483773772613,-19.073150801300283,-7.521350560823716,-3.3857513721320536,0.00022694721715232606,upper,0.1
490,phase2,upper,-15.0,2,-14.99804779216715,-17.6483773772613,-19.073150801300283,-7.521350560823716,-3.3857513721320536,5.255732619696948e-05,upper,0.1
491,phase2,upper,-15.0,2,-14.99793749400812,-17.6483773772613,-19.073150801300283,-7.521350560823716,-3.3857513721320536,-3.848283603972646e-05,upper,0.1
492,phase2,lower,-20.0,4,-14.99793749400812,-18.040889354217633,-19.273963903888383,-7.457587224106714,-3.3228726643306876,0.006586429399197798,upper,0.1
493,phase2,upper,-15.0,2,-14.991978550515348,-18.040889354217633,-19.273963903888383,-7.457587224106714,-3.3228726643306876,0.0031626710928361517,upper,0.1
494,phase2,upper,-15.0,2,-14.989304838318795,-18.040889354217633,-19.273963903888383,-7.457587224106714,-3.3228726643306876,0.001324607611780022,upper,0.1
495,phase2,upper,-15.0,2,-14.988421114190393,-18.040889354217633,-19.273963903888383,-7.457587224106714,-3.3228726643306876,0.0003559609243341147,upper,0.1
496,phase2,upper,-15.0,2,-14.988498530972082,-18.040889354217633,-19.273963903888383,-7.457587224106714,-3.3228726643306876,-0.00013714537614140104,upper,0.1
497,phase2,upper,-15.0,2,-14.989076327008101,-18.040889354217633,-19.273963903888383,-7.457587224106714,-3.3228726643306876,-0.0003713524373725257,upper,0.1
498,phase2,lower,-20.0,4,-14.989076327008101,-18.414531026378345,-19.443353200786873,-7.383292473188664,-3.2588717983253535,0.010463424041682549,upper,0.1
499,phase2,upper,-15.0,2,-14.980146317154038,-18.414531026378345,-19.443353200786873,-7.383292473188664,-3.2588717983253535,0.004843204051177935,upper,0.1
500,phase2,upper,-15.0,2,-14.976581991051935,-18.414531026378345,-19.443353200786873,-7.383292473188664,-3.2588717983253535,0.0018490696786544272,upper,0.1
501,phase2,upper,-15.0,2,-14.97590423076784,-18.414531026378345,-19.443353200786873,-7.383292473188664,-3.2588717983253535,0.000292280092501144,upper,0.1
502,phase2,upper,-15.0,2,-14.976741038462269,-18.414531026378345,-19.443353200786873,-7.383292473188664,-3.2588717983253535,-0.0004806684516480362,upper,0.1
503,phase2,upper,-15.0,2,-14.978332073359713,-18.414531026378345,-19.443353200786873,-7.383292473188664,-3.2588717983253535,-0.0008290373912530377,upper,0.1
504,phase2,upper,-15.0,2,-14.980255842910648,-18.414531026378345,-19.443353200786873,-7.383292473188664,-3.2588717983253535,-0.0009502788900299645,upper,0.1
505,phase2,upper,-15.0,2,-14.982279294056827,-18.414531026378345,-19.443353200786873,-7.383292473188664,-3.2588717983253535,-0.000952823355731538,upper,0.1
506,phase2,upper,-15.0,2,-14.98427472063789,-18.414531026378345,-19.443353200786873,-7.383292473188664,-3.2588717983253535,-0.0008960949221222976,upper,0.1
507,phase2,upper,-15.0,2,-14.986173718255495,-18.414531026378345,-19.443353200786873,-7.383292473188664,-3.2588717983253535,-0.0008125187958107187,upper,0.1
508,phase2,upper,-15.0,2,-14.987941550981672,-18.414531026378345,-19.443353200786873,-7.383292473188664,-3.2588717983253535,-0.0007196317393871822,upper,0.1
509,phase2,upper,-15.0,2,-14.989562784281905,-18.414531026378345,-19.443353200786873,-7.383292473188664,-3.2588717983253535,-0.0006267521967189908,upper,0.1
510,phase2,upper,-15.0,2,-14.99103315372784,-18.414531026378345,-19.443353200786873,-7.383292473188664,-3.2588717983253535,-0.0005386587257353762,upper,0.1
511,phase2,upper,-15.0,2,-14.992354900300638,-18.414531026378345,-19.443353200786873,-7.383292473188664,-3.2588717983253535,-0.0004576223290076787,upper,0.1
512,phase2,upper,-15.0,2,-14.993534045800013,-18.414531026378345,-19.443353200786873,-7.383292473188664,-3.2588717983253535,-0.000384532245900481,upper,0.1
513,phase2,upper,-15.0,2,-14.994578765043936,-18.414531026378345,-19.443353200786873,-7.383292473188664,-3.2588717983253535,-0.0003195218064556923,upper,0.1
514,phase2,upper,-15.0,2,-14.995498387305208,-18.414531026378345,-19.443353200786873,-7.383292473188664,-3.2588717983253535,-0.0002623179966536577,upper,0.1
515,phase2,upper,-15.0,2,-14.996302766292509,-18.414531026378345,-19.443353200786873,-7.383292473188664,-3.2588717983253535,-0.0002124378480758806,upper,0.1
516,phase2,upper,-15.0,2,-14.997001872034403,-18.414531026378345,-19.443353200786873,-7.383292473188664,-3.2588717983253535,-0.00016929950570549038,upper,0.1
517,phase2,upper,-15.0,2,-14.99760552106294,-18.414531026378345,-19.443353200786873,-7.383292473188664,-3.2588717983253535,-0.0001322854441574462,upper,0.1
518,phase2,upper,-15.0,2,-14.998123196280186,-18.414531026378345,-19.443353200786873,-7.383292473188664,-3.2588717983253535,-0.00010077858717348663,upper,0.1
519,phase2,upper,-15.0,2,-14.998563927439598,-18.414531026378345,-19.443353200786873,-7.383292473188664,-3.2588717983253535,-7.418288052343267e-05,upper,0.1
520,phase2,upper,-15.0,2,-14.998936214213813,-18.414531026378345,-19.443353200786873,-7.383292473188664,-3.2588717983253535,-5.1934791911574396e-05,upper,0.1
521,phase2,upper,-15.0,2,-14.999247980158666,-18.414531026378345,-19.443353200786873,-7.383292473188664,-3.2588717983253535,-3.350940473035636e-05,upper,0.1
522,phase2,upper,-15.0,2,-14.999506549612176,-18.414531026378345,-19.443353200786873,-7.383292473188664,-3.2588717983253535,-1.842321452506325e-05,upper,0.1
523,phase2,upper,-15.0,2,-14.999718641837848,-18.414531026378345,-19.443353200786873,-7.383292473188664,-3.2588717983253535,-6.2348668181036725e-06,upper,0.1
524,phase2,upper,-15.0,2,-14.999890378167128,-18.414531026378345,-19.443353200786873,-7.383292473188664,-3.2588717983253535,3.4554158176292033e-06,upper,0.1
525,phase2,upper,-15.0,2,-15.000027298866053,-18.414531026378345,-19.443353200786873,-7.383292473188664,-3.2588717983253535,1.1007250348915967e-05,upper,0.1
526,phase2,upper,-15.0,2,-15.0001343871393,-18.414531026378345,-19.443353200786873,-7.383292473188664,-3.2588717983253535,1.6742050522926625e-05,upper,0.1
527,phase2,upper,-15.0,2,-15.000216098199337,-18.414531026378345,-19.443353200786873,-7.383292473188664,-3.2588717983253535,2.0945320430901245e-05,upper,0.1
528,phase2,upper,-15.0,2,-15.000276391729775,-18.414531026378345,-19.443353200786873,-7.383292473188664,-3.2588717983253535,2.386914168558266e-05,upper,0.1
529,phase2,upper,-15.0,2,-15.000318766395585,-18.414531026378345,-19.443353200786873,-7.383292473188664,-3.2588717983253535,2.5734751718654668e-05,upper,0.1
530,phase2,upper,-15.0,2,-15.000346295319348,-18.414531026378345,-19.443353200786873,-7.383292473188664,-3.2588717983253535,2.673513823751886e-05,upper,0.1
531,phase2,upper,-15.0,2,-15.00036166166493,-18.414531026378345,-19.443353200786873,-7.383292473188664,-3.2588717983253535,2.7037594616503664e-05,upper,0.1
532,phase2,upper,-15.0,2,-15.000367193656501,-18.414531026378345,-19.443353200786873,-7.383292473188664,-3.2588717983253535,2.6786195715332674e-05,upper,0.1
533,phase2,upper,-15.0,2,-15.000364898517466,-18.414531026378345,-19.443353200786873,-7.383292473188664,-3.2588717983253535,2.6104164935220334e-05,upper,0.1
534,phase2,upper,-15.0,2,-15.000356494945231,-18.414531026378345,-19.443353200786873,-7.383292473188664,-3.2588717983253535,2.5096112200879123e-05,upper,0.1
535,phase2,upper,-15.0,2,-15.000343443847253,-18.414531026378345,-19.443353200786873,-7.383292473188664,-3.2588717983253535,2.3850129605564078e-05,upper,0.1
536,phase2,upper,-15.0,2,-15.000326977154469,-18.414531026378345,-19.443353200786873,-7.383292473188664,-3.2588717983253535,2.2439737071694365e-05,upper,0.1
537,phase2,upper,-15.0,2,-15.000308124602663,-18.414531026378345,-19.443353200786873,-7.383292473188664,-3.2588717983253535,2.092567483947407e-05,upper,0.1
538,phase2,upper,-15.0,2,-15.000287738432622,-18.414531026378345,-19.443353200786873,-7.383292473188664,-3.2588717983253535,1.9357543109592805e-05,upper,0.1
539,phase2,upper,-15.0,2,-15.000266516008177,-18.414531026378345,-19.443353200786873,-7.383292473188664,-3.2588717983253535,1.777529189421168e-05,upper,0.1
540,phase2,upper,-15.0,2,-15.00024502038913,-18.414531026378345,-19.443353200786873,-7.383292473188664,-3.2588717983253535,1.621056620271833e-05,upper,0.1
541,phase2,upper,-15.0,2,-15.000223698925153,-18.414531026378345,-19.443353200786873,-7.383292473188664,-3.2588717983253535,1.4687913217692303e-05,upper,0.1
542,phase2,upper,-15.0,2,-15.000202899958367,-18.414531026378345,-19.443353200786873,-7.383292473188664,-3.2588717983253535,1.3225859191280193e-05,upper,0.1
543,phase2,upper,-15.0,2,-15.000182887737777,-18.414531026378345,-19.443353200786873,-7.383292473188664,-3.2588717983253535,1.1837864496154765e-05,upper,0.1
544,phase2,upper,-15.0,2,-15.000163855658913,-18.414531026378345,-19.443353200786873,-7.383292473188664,-3.2588717983253535,1.0533165662913972e-05,upper,0.1
545,phase2,upper,-15.0,2,-15.000145937948105,-18.414531026378345,-19.443353200786873,-7.383292473188664,-3.2588717983253535,9.317513388137626e-06,upper,0.1
546,phase2,upper,-15.0,2,-15.000129219913303,-18.414531026378345,-19.443353200786873,-7.383292473188664,-3.2588717983253535,8.193815455629972e-06,upper,0.1
547,phase2,upper,-15.0,2,-15.000113746883208,-18.414531026378345,-19.443353200786873,-7.383292473188664,-3.2588717983253535,7.162693315666257e-06,upper,0.1
548,phase2,upper,-15.0,2,-15.000099531954062,-18.414531026378345,-19.443353200786873,-7.383292473188664,-3.2588717983253535,6.222960756402565e-06,upper,0.1
549,phase2,upper,-15.0,2,-15.0000865626595,-18.414531026378345,-19.443353200786873,-7.383292473188664,-3.2588717983253535,5.372032703203444e-06,upper,0.1
550,phase2,upper,-15.0,2,-15.000074806673556,-18.414531026378345,-19.443353200786873,-7.383292473188664,-3.2588717983253535,4.606271723527318e-06,upper,0.1
551,phase2,upper,-15.0,2,-15.000064216650857,-18.414531026378345,-19.443353200786873,-7.383292473188664,-3.2588717983253535,3.9212793179888e-06,upper,0.1
552,phase2,upper,-15.0,2,-15.000054734301346,-18.414531026378345,-19.443353200786873,-7.383292473188664,-3.2588717983253535,3.312138560123112e-06,upper,0.1
553,phase2,upper,-15.0,2,-15.000046293789824,-18.414531026378345,-19.443353200786873,-7.383292473188664,-3.2588717983253535,2.7736141212202916e-06,upper,0.1
554,phase2,upper,-15.0,2,-15.000038824543545,-18.414531026378345,-19.443353200786873,-7.383292473188664,-3.2588717983253535,2.300315192747127e-06,upper,0.1
555,phase2,upper,-15.0,2,-15.00003225354387,-18.414531026378345,-19.443353200786873,-7.383292473188664,-3.2588717983253535,1.8868263107894953e-06,upper,0.1
556,phase2,upper,-15.0,2,-15.000026507171134,-18.414531026378345,-19.443353200786873,-7.383292473188664,-3.2588717983253535,1.527810593211135e-06,upper,0.1
557,phase2,upper,-15.0,2,-15.000021512665041,-18.414531026378345,-19.443353200786873,-7.383292473188664,-3.2588717983253535,1.2180894344036902e-06,upper,0.1
558,phase2,upper,-15.0,2,-15.000017199256611,-18.414531026378345,-19.443353200786873,-7.383292473188664,-3.2588717983253535,9.527022595448807e-07,upper,0.1
559,phase2,upper,-15.0,2,-15.000013499021536,-18.414531026378345,-19.443353200786873,-7.383292473188664,-3.2588717983253535,7.269495317560857e-07,upper,0.1
560,phase2,upper,-15.0,2,-15.000010347499236,-18.414531026378345,-19.443353200786873,-7.383292473188664,-3.2588717983253535,5.36421821791942e-07,upper,0.1
561,phase2,upper,-15.0,2,-15.000007684116614,-18.414531026378345,-19.443353200786873,-7.383292473188664,-3.2588717983253535,3.7701740129857167e-07,upper,0.1
562,phase2,upper,-15.0,2,-15.000005452450683,-18.414531026378345,-19.443353200786873,-7.383292473188664,-3.2588717983253535,2.44950500768274e-07,upper,0.1
563,phase2,upper,-15.0,2,-15.000003600359863,-18.414531026378345,-19.443353200786873,-7.383292473188664,-3.2588717983253535,1.3675208261704554e-07,upper,0.1
564,phase2,upper,-15.0,2,-15.000002080009693,-18.414531026378345,-19.443353200786873,-7.383292473188664,-3.2588717983253535,4.9264719901514025e-08,upper,0.1
565,phase2,upper,-15.0,2,-15.000000847815139,-18.414531026378345,-19.443353200786873,-7.383292473188664,-3.2588717983253535,-2.0367064026954766e-08,upper,0.1
566,phase2,upper,-15.0,2,-14.999999864318381,-18.414531026378345,-19.443353200786873,-7.383292473188664,-3.2588717983253535,-7.470984754700275e-08,upper,0.1
567,phase2,upper,-15.0,2,-14.99999909401816,-18.414531026378345,-19.443353200786873,-7.383292473188664,-3.2588717983253535,-1.1605679159722064e-07,upper,0.1
568,phase2,upper,-15.0,2,-14.999998505164099,-18.414531026378345,-19.443353200786873,-7.383292473188664,-3.2588717983253535,-1.4644474877414793e-07,upper,0.1
569,phase2,upper,-15.0,2,-14.999998069527278,-18.414531026378345,-19.443353200786873,-7.383292473188664,-3.2588717983253535,-1.676723424052702e-07,upper,0.1
570,phase2,upper,-15.0,2,-14.99999776215626,-18.414531026378345,-19.443353200786873,-7.383292473188664,-3.2588717983253535,-1.8131848076854185e-07,upper,0.1
571,phase2,upper,-15.0,2,-14.99999756112611,-18.414531026378345,-19.443353200786873,-7.383292473188664,-3.2588717983253535,-1.8876087816545016e-07,upper,0.1
572,phase2,upper,-15.0,2,-14.99999744728646,-18.414531026378345,-19.443353200786873,-7.383292473188664,-3.2588717983253535,-1.9119424664511975e-07,upper,0.1
573,phase2,upper,-15.0,2,-14.999997404013365,-18.414531026378345,-19.443353200786873,-7.383292473188664,-3.2588717983253535,-1.8964789958213682e-07,upper,0.1
574,phase2,upper,-15.0,2,-14.99999741696864,-18.414531026378345,-19.443353200786873,-7.383292473188664,-3.2588717983253535,-1.8500257510422222e-07,upper,0.1
575,phase2,upper,-15.0,2,-14.99999747386941,-18.414531026378345,-19.443353200786873,-7.383292473188664,-3.2588717983253535,-1.7800634191188693e-07,upper,0.1
576,phase2,upper,-15.0,2,-14.999997564269883,-18.414531026378345,-19.443353200786873,-7.383292473188664,-3.2588717983253535,-1.6928949648530088e-07,upper,0.1
577,phase2,upper,-15.0,2,-14.999997679356634,-18.414531026378345,-19.443353200786873,-7.383292473188664,-3.2588717983253535,-1.5937839838632964e-07,upper,0.1
578,phase2,upper,-15.0,2,-14.999997811758249,-18.414531026378345,-19.443353200786873,-7.383292473188664,-3.2588717983253535,-1.487082211877221e-07,upper,0.1
579,phase2,lower,-20.0,4,-14.999997811758249,-18.7674133776566,-19.582625420422264,-7.299423570733828,-3.1941264757935555,0.014100264938076153,upper,0.1
580,phase2,upper,-15.0,2,-14.98730758308799,-18.7674133776566,-19.582625420422264,-7.299423570733828,-3.1941264757935555,0.006909065052065664,upper,0.1
581,phase2,upper,-15.0,2,-14.981470161659981,-18.7674133776566,-19.582625420422264,-7.299423570733828,-3.1941264757935555,0.003038935708848547,upper,0.1
582,phase2,upper,-15.0,2,-14.979363458044833,-18.7674133776566,-19.582625420422264,-7.299423570733828,-3.1941264757935555,0.0009897338141886891,upper,0.1
583,phase2,upper,-15.0,2,-14.979259683217972,-18.7674133776566,-19.582625420422264,-7.299423570733828,-3.1941264757935555,-6.32979851707948e-05,upper,0.1
584,phase2,upper,-15.0,2,-14.980200576733246,-18.7674133776566,-19.582625420422264,-7.299423570733828,-3.1941264757935555,-0.0005736722366186321,upper,0.1
585,phase2,upper,-15.0,2,-14.981653582115193,-18.7674133776566,-19.582625420422264,-7.299423570733828,-3.1941264757935555,-0.0007907790607366115,upper,0.1
586,phase2,upper,-15.0,2,-14.98332243955729,-18.7674133776566,-19.582625420422264,-7.299423570733828,-3.1941264757935555,-0.0008517302104361021,upper,0.1
587,phase2,upper,-15.0,2,-14.985042678140598,-18.7674133776566,-19.582625420422264,-7.299423570733828,-3.1941264757935555,-0.000831843290942563,upper,0.1
588,phase2,upper,-15.0,2,-14.98672381050396,-18.7674133776566,-19.582625420422264,-7.299423570733828,-3.1941264757935555,-0.0007724002622076759,upper,0.1
589,phase2,upper,-15.0,2,-14.988317239692737,-18.7674133776566,-19.582625420422264,-7.299423570733828,-3.1941264757935555,-0.000695917607611781,upper,0.1
590,phase2,upper,-15.0,2,-14.989798341051426,-18.7674133776566,-19.582625420422264,-7.299423570733828,-3.1941264757935555,-0.0006145526408821618,upper,0.1
591,phase2,upper,-15.0,2,-14.991156375604177,-18.7674133776566,-19.582625420422264,-7.299423570733828,-3.1941264757935555,-0.000534736216653303,upper,0.1
592,phase2,upper,-15.0,2,-14.992388744911864,-18.7674133776566,-19.582625420422264,-7.299423570733828,-3.1941264757935555,-0.0004597298738918838,upper,0.1
593,phase2,upper,-15.0,2,-14.993497665415877,-18.7674133776566,-19.582625420422264,-7.299423570733828,-3.1941264757935555,-0.00039104056527513914,upper,0.1
594,phase2,upper,-15.0,2,-14.994488202080593,-18.7674133776566,-19.582625420422264,-7.299423570733828,-3.1941264757935555,-0.00032920590047142047,upper,0.1
595,phase2,upper,-15.0,2,-14.99536707497058,-18.7674133776566,-19.582625420422264,-7.299423570733828,-3.1941264757935555,-0.00027423194665247857,upper,0.1
596,phase2,upper,-15.0,2,-14.996141913070748,-18.7674133776566,-19.582625420422264,-7.299423570733828,-3.1941264757935555,-0.00022583876340601753,upper,0.1
597,phase2,upper,-15.0,2,-14.996820773216493,-18.7674133776566,-19.582625420422264,-7.299423570733828,-3.1941264757935555,-0.0001835991286652966,upper,0.1
598,phase2,lower,-20.0,4,-14.996820773216493,-19.099099821148965,-19.693931628059154,-7.2074858861222255,-3.1293852240685096,0.017190486387121156,upper,0.1
599,phase2,upper,-15.0,2,-14.981775144239693,-19.099099821148965,-19.693931628059154,-7.2074858861222255,-3.1293852240685096,0.008366284315628972,upper,0.1
600,phase2,upper,-15.0,2,-14.975093567610035,-19.099099821148965,-19.693931628059154,-7.2074858861222255,-3.1293852240685096,0.003629060774745709,upper,0.1
601,phase2,upper,-15.0,2,-14.972936912690283,-19.099099821148965,-19.693931628059154,-7.2074858861222255,-3.1293852240685096,0.0011309017879032699,upper,0.1
602,phase2,upper,-15.0,2,-14.973183706361997,-19.099099821148965,-19.693931628059154,-7.2074858861222255,-3.1293852240685096,-0.0001439362679444289,upper,0.1
603,phase2,upper,-15.0,2,-14.974660242791762,-19.099099821148965,-19.693931628059154,-7.2074858861222255,-3.1293852240685096,-0.0007537881394575139,upper,0.1
604,phase2,upper,-15.0,2,-14.976716892637603,-19.099099821148965,-19.693931628059154,-7.2074858861222255,-3.1293852240685096,-0.0010055072577516181,upper,0.1
605,phase2,upper,-15.0,2,-14.978994699372208,-19.099099821148965,-19.693931628059154,-7.2074858861222255,-3.1293852240685096,-0.0010676352589335132,upper,0.1
606,phase2,upper,-15.0,2,-14.981296600600489,-19.099099821148965,-19.693931628059154,-7.2074858861222255,-3.1293852240685096,-0.0010326076411395857,upper,0.1
607,phase2,upper,-15.0,2,-14.983516205724365,-19.099099821148965,-19.693931628059154,-7.2074858861222255,-3.1293852240685096,-0.0009509564839272298,upper,0.1
608,phase2,upper,-15.0,2,-14.985598263717728,-19.099099821148965,-19.693931628059154,-7.2074858861222255,-3.1293852240685096,-0.0008501247611887788,upper,0.1
609,phase2,upper,-15.0,2,-14.987516603170013,-19.099099821148965,-19.693931628059154,-7.2074858861222255,-3.1293852240685096,-0.0007448227764012922,upper,0.1
610,phase2,upper,-15.0,2,-14.989261726530332,-19.099099821148965,-19.693931628059154,-7.2074858861222255,-3.1293852240685096,-0.0006427346077960614,upper,0.1
611,phase2,upper,-15.0,2,-14.990833756857194,-19.099099821148965,-19.693931628059154,-7.2074858861222255,-3.1293852240685096,-0.0005476669357240505,upper,0.1
612,phase2,upper,-15.0,2,-14.992238367711364,-19.099099821148965,-19.693931628059154,-7.2074858861222255,-3.1293852240685096,-0.0004612901377073361,upper,0.1
613,phase2,upper,-15.0,2,-14.993484388935602,-19.099099821148965,-19.693931628059154,-7.2074858861222255,-3.1293852240685096,-0.00038410372710846936,upper,0.1
614,phase2,upper,-15.0,2,-14.994582365082119,-19.099099821148965,-19.693931628059154,-7.2074858861222255,-3.1293852240685096,-0.00031597370692441185,upper,0.1
615,phase2,upper,-15.0,2,-14.995543664597445,-19.099099821148965,-19.693931628059154,-7.2074858861222255,-3.1293852240685096,-0.0002564330778109552,upper,0.1
616,phase2,upper,-15.0,2,-14.996379914895677,-19.099099821148965,-19.693931628059154,-7.2074858861222255,-3.1293852240685096,-0.00020485082266579515,upper,0.1
617,phase2,upper,-15.0,2,-14.997102636153823,-19.099099821148965,-19.693931628059154,-7.2074858861222255,-3.1293852240685096,-0.00016052745963859687,upper,0.1
618,phase2,upper,-15.0,2,-14.997723000759507,-19.099099821148965,-19.693931628059154,-7.2074858861222255,-3.1293852240685096,-0.0001227492803274196,upper,0.1
619,phase2,upper,-15.0,2,-14.998251675449545,-19.099099821148965,-19.693931628059154,-7.2074858861222255,-3.1293852240685096,-9.08190941783609e-05,upper,0.1
620,phase2,upper,-15.0,2,-14.998698720075456,-19.099099821148965,-19.693931628059154,-7.2074858861222255,-3.1293852240685096,-6.407342295760146e-05,upper,0.1
621,phase2,upper,-15.0,2,-14.999073526539911,-19.099099821148965,-19.693931628059154,-7.2074858861222255,-3.1293852240685096,-4.1891740444218725e-05,upper,0.1
622,phase2,upper,-15.0,2,-14.999384787020533,-19.099099821148965,-19.693931628059154,-7.2074858861222255,-3.1293852240685096,-2.370094434036698e-05,upper,0.1
623,phase2,upper,-15.0,2,-14.999640483923109,-19.099099821148965,-19.693931628059154,-7.2074858861222255,-3.1293852240685096,-8.976907370455468e-06,upper,0.1
624,phase2,upper,-15.0,2,-14.999847896069598,-19.099099821148965,-19.693931628059154,-7.2074858861222255,-3.1293852240685096,2.7557967687865515e-06,upper,0.1
625,phase2,upper,-15.0,2,-15.000013616969767,-19.099099821148965,-19.693931628059154,-7.2074858861222255,-3.1293852240685096,1.1925323058104863e-05,upper,0.1
626,phase2,upper,-15.0,2,-15.000143581948805,-19.099099821148965,-19.693931628059154,-7.2074858861222255,-3.1293852240685096,1.8914716672708695e-05,upper,0.1
627,phase2,upper,-15.0,2,-15.000243101573442,-19.099099821148965,-19.693931628059154,-7.2074858861222255,-3.1293852240685096,2.40645279015884e-05,upper,0.1
628,phase2,upper,-15.0,2,-15.000316899329388,-19.099099821148965,-19.693931628059154,-7.2074858861222255,-3.1293852240685096,2.7675690670111626e-05,upper,0.1
629,phase2,upper,-15.0,2,-15.000369151906588,-19.099099821148965,-19.693931628059154,-7.2074858861222255,-3.1293852240685096,3.0012531202217592e-05,upper,0.1
630,phase2,upper,-15.0,2,-15.00040353077677,-19.099099821148965,-19.693931628059154,-7.2074858861222255,-3.1293852240685096,3.130581083047107e-05,upper,0.1
631,phase2,upper,-15.0,2,-15.000423244018913,-19.099099821148965,-19.693931628059154,-7.2074858861222255,-3.1293852240685096,3.17557330801832e-05,upper,0.1
632,phase2,upper,-15.0,2,-15.000431077574518,-19.099099821148965,-19.693931628059154,-7.2074858861222255,-3.1293852240685096,3.153486416074249e-05,upper,0.1
633,phase2,upper,-15.0,2,-15.000429435303996,-19.099099821148965,-19.693931628059154,-7.2074858861222255,-3.1293852240685096,3.0790930324271174e-05,upper,0.1
634,phase2,upper,-15.0,2,-15.000420377373963,-19.099099821148965,-19.693931628059154,-7.2074858861222255,-3.1293852240685096,2.964946663213597e-05,upper,0.1
635,phase2,upper,-15.0,2,-15.000405656637376,-19.099099821148965,-19.693931628059154,-7.2074858861222255,-3.1293852240685096,2.8216300373069227e-05,upper,0.1
636,phase2,upper,-15.0,2,-15.000386752777757,-19.099099821148965,-19.693931628059154,-7.2074858861222255,-3.1293852240685096,2.6579859268594185e-05,upper,0.1
637,phase2,upper,-15.0,2,-15.000364904078616,-19.099099821148965,-19.693931628059154,-7.2074858861222255,-3.1293852240685096,2.4813300052260457e-05,upper,0.1
638,phase2,upper,-15.0,2,-15.000341136752054,-19.099099821148965,-19.693931628059154,-7.2074858861222255,-3.1293852240685096,2.2976457297746296e-05,upper,0.1
639,phase2,lower,-20.0,4,-15.000341136752054,-19.408562323028416,-19.77883303748394,-7.108523973417491,-3.0650316912366544,0.019982120385947537,upper,0.1
640,phase2,upper,-15.0,2,-14.98235306228318,-19.408562323028416,-19.77883303748394,-7.108523973417491,-3.0650316912366544,0.00980109814073889,upper,0.1
641,phase2,upper,-15.0,2,-14.974064734456915,-19.408562323028416,-19.77883303748394,-7.108523973417491,-3.0650316912366544,0.004321069402493549,upper,0.1
642,phase2,upper,-15.0,2,-14.97105738125547,-19.408562323028416,-19.77883303748394,-7.108523973417491,-3.0650316912366544,0.0014186108744012828,upper,0.1
643,phase2,upper,-15.0,2,-14.970885743856488,-19.408562323028416,-19.77883303748394,-7.108523973417491,-3.0650316912366544,-7.369911896108565e-05,upper,0.1
644,phase2,upper,-15.0,2,-14.972193729689467,-19.408562323028416,-19.77883303748394,-7.108523973417491,-3.0650316912366544,-0.0007977911562640758,upper,0.1
645,phase2,upper,-15.0,2,-14.974227744444958,-19.408562323028416,-19.77883303748394,-7.108523973417491,-3.0650316912366544,-0.0011066655315485605,upper,0.1
646,phase2,upper,-15.0,2,-14.97656860001042,-19.408562323028416,-19.77883303748394,-7.108523973417491,-3.0650316912366544,-0.0011943966842737632,upper,0.1
647,phase2,upper,-15.0,2,-14.978983596009973,-19.408562323028416,-19.77883303748394,-7.108523973417491,-3.0650316912366544,-0.0011675928664480286,upper,0.1
648,phase2,upper,-15.0,2,-14.981344707118723,-19.408562323028416,-19.77883303748394,-7.108523973417491,-3.0650316912366544,-0.0010846876466552708,upper,0.1
649,phase2,upper,-15.0,2,-14.983583164549655,-19.408562323028416,-19.77883303748394,-7.108523973417491,-3.0650316912366544,-0.0009775542638944784,upper,0.1
650,phase2,upper,-15.0,2,-14.98566410102949,-19.408562323028416,-19.77883303748394,-7.108523973417491,-3.0650316912366544,-0.0008634042650089852,upper,0.1
651,phase2,upper,-15.0,2,-14.987572280087583,-19.408562323028416,-19.77883303748394,-7.108523973417491,-3.0650316912366544,-0.0007513446892070739,upper,0.1
652,phase2,lower,-20.0,4,-14.987572280087583,-19.696265604694258,-19.83977278752179,-7.004155859980764,-3.0018410108410554,0.022152348393048055,upper,0.1
653,phase2,upper,-15.0,2,-14.968690645894986,-19.696265604694258,-19.83977278752179,-7.004155859980764,-3.0018410108410554,0.010576812257724232,upper,0.1
654,phase2,upper,-15.0,2,-14.960766786900438,-19.696265604694258,-19.83977278752179,-7.004155859980764,-3.0018410108410554,0.004386931866500871,upper,0.1
655,phase2,upper,-15.0,2,-14.95873650566753,-19.696265604694258,-19.83977278752179,-7.004155859980764,-3.0018410108410554,0.0011452163918233603,upper,0.1
656,phase2,upper,-15.0,2,-14.9598027410149,-19.696265604694258,-19.83977278752179,-7.004155859980764,-3.0018410108410554,-0.00048802508897955246,upper,0.1
657,phase2,upper,-15.0,2,-14.962419680573598,-19.696265604694258,-19.83977278752179,-7.004155859980764,-3.0018410108410554,-0.001249055535077662,upper,0.1
658,phase2,upper,-15.0,2,-14.96573359840893,-19.696265604694258,-19.83977278752179,-7.004155859980764,-3.0018410108410554,-0.0015423676881415015,upper,0.1
659,phase2,upper,-15.0,2,-14.969274746038135,-19.696265604694258,-19.83977278752179,-7.004155859980764,-3.0018410108410554,-0.0015899807110323946,upper,0.1
660,phase2,upper,-15.0,2,-14.972787293585464,-19.696265604694258,-19.83977278752179,-7.004155859980764,-3.0018410108410554,-0.0015135073255957924,upper,0.1
661,phase2,upper,-15.0,2,-14.976135227417341,-19.696265604694258,-19.83977278752179,-7.004155859980764,-3.0018410108410554,-0.0013792798304823283,upper,0.1
662,phase2,upper,-15.0,2,-14.97925007940765,-19.696265604694258,-19.83977278752179,-7.004155859980764,-3.0018410108410554,-0.0012231752815572792,upper,0.1
663,phase2,upper,-15.0,2,-14.982101728949614,-19.696265604694258,-19.83977278752179,-7.004155859980764,-3.0018410108410554,-0.0010642822447629828,upper,0.1
664,phase2,upper,-15.0,2,-14.984681961252363,-19.696265604694258,-19.83977278752179,-7.004155859980764,-3.0018410108410554,-0.0009124323860238604,upper,0.1
665,phase2,upper,-15.0,2,-14.986995104329276,-19.696265604694258,-19.83977278752179,-7.004155859980764,-3.0018410108410554,-0.0007723571779265611,upper,0.1
666,phase2,upper,-15.0,2,-14.989052616402153,-19.696265604694258,-19.83977278752179,-7.004155859980764,-3.0018410108410554,-0.0006459867321588339,upper,0.1
667,phase2,lower,-20.0,4,-14.989052616402153,-19.961197711035954,-19.877992760345293,-6.895109883927508,-2.9399242650326776,0.024180620666332017,upper,0.1
668,phase2,upper,-15.0,2,-14.968525950152097,-19.961197711035954,-19.877992760345293,-6.895109883927508,-2.9399242650326776,0.011631312930035036,upper,0.1
669,phase2,upper,-15.0,2,-14.959842202082188,-19.961197711035954,-19.877992760345293,-6.895109883927508,-2.9399242650326776,0.004915720861321149,upper,0.1
670,phase2,upper,-15.0,2,-14.9575225658146,-19.961197711035954,-19.877992760345293,-6.895109883927508,-2.9399242650326776,0.0013933754101970563,upper,0.1
671,phase2,upper,-15.0,2,-14.958543262231641,-19.961197711035954,-19.877992760345293,-6.895109883927508,-2.9399242650326776,-0.0003868429888056747,upper,0.1
672,phase2,upper,-15.0,2,-14.9612350216542,-19.961197711035954,-19.877992760345293,-6.895109883927508,-2.9399242650326776,-0.0012223311316285545,upper,0.1
673,phase2,upper,-15.0,2,-14.964677400095539,-19.961197711035954,-19.877992760345293,-6.895109883927508,-2.9399242650326776,-0.0015510863668134027,upper,0.1
674,phase2,upper,-15.0,2,-14.968365090578292,-19.961197711035954,-19.877992760345293,-6.895109883927508,-2.9399242650326776,-0.0016134561691365764,upper,0.1
675,phase2,lower,-20.0,4,-14.968365090578292,-20.204329326519108,-19.895974416421424,-6.782942444977281,-2.8799876128767283,0.025598792347510425,upper,0.1
676,phase2,upper,-15.0,2,-14.94753277057909,-20.204329326519108,-19.895974416421424,-6.782942444977281,-2.8799876128767283,0.011792954347849043,upper,0.1
677,phase2,upper,-15.0,2,-14.939751480658538,-20.204329326519108,-19.895974416421424,-6.782942444977281,-2.8799876128767283,0.0044594439571447875,upper,0.1
678,phase2,upper,-15.0,2,-14.938923432315516,-20.204329326519108,-19.895974416421424,-6.782942444977281,-2.8799876128767283,0.0006643625684138216,upper,0.1
679,phase2,upper,-15.0,2,-14.941682764341826,-20.204329326519108,-19.895974416421424,-6.782942444977281,-2.8799876128767283,-0.001204606121602449,upper,0.1
680,phase2,upper,-15.0,2,-14.946172065962887,-20.204329326519108,-19.895974416421424,-6.782942444977281,-2.8799876128767283,-0.0020333100192846494,upper,0.1
681,phase2,upper,-15.0,2,-14.951368757075853,-20.204329326519108,-19.895974416421424,-6.782942444977281,-2.8799876128767283,-0.0023081558419581353,upper,0.1
682,phase2,upper,-15.0,2,-14.956713748206534,-20.204329326519108,-19.895974416421424,-6.782942444977281,-2.8799876128767283,-0.0022958450717212456,upper,0.1
683,phase2,upper,-15.0,2,-14.961906348264494,-20.204329326519108,-19.895974416421424,-6.782942444977281,-2.8799876128767283,-0.0021421810845403326,upper,0.1
684,phase2,upper,-15.0,2,-14.96679066870263,-20.204329326519108,-19.895974416421424,-6.782942444977281,-2.8799876128767283,-0.0019264061119054566,upper,0.1
685,phase2,upper,-15.0,2,-14.971292439452533,-20.204329326519108,-19.895974416421424,-6.782942444977281,-2.8799876128767283,-0.0016910984613278581,upper,0.1
686,phase2,upper,-15.0,2,-14.97538364875676,-20.204329326519108,-19.895974416421424,-6.782942444977281,-2.8799876128767283,-0.0014586352004619385,upper,0.1
687,phase2,upper,-15.0,2,-14.979062581894022,-20.204329326519108,-19.895974416421424,-6.782942444977281,-2.8799876128767283,-0.0012402672544073706,upper,0.1
688,phase2,upper,-15.0,2,-14.982342418309821,-20.204329326519108,-19.895974416421424,-6.782942444977281,-2.8799876128767283,-0.0010411298680240502,upper,0.1
689,phase2,upper,-15.0,2,-14.985244615954645,-20.204329326519108,-19.895974416421424,-6.782942444977281,-2.8799876128767283,-0.0008630148173130669,upper,0.1
690,phase2,upper,-15.0,2,-14.98779499909219,-20.204329326519108,-19.895974416421424,-6.782942444977281,-2.8799876128767283,-0.000705908499667367,upper,0.1
691,phase2,upper,-15.0,2,-14.990021394108501,-20.204329326519108,-19.895974416421424,-6.782942444977281,-2.8799876128767283,-0.0005688482290764578,upper,0.1
692,phase2,lower,-20.0,4,-14.990021394108501,-20.42400579891551,-19.89420401108869,-6.6677680528064105,-2.8216938348497695,0.02718464140574628,upper,0.1
693,phase2,upper,-15.0,2,-14.966974028305103,-20.42400579891551,-19.89420401108869,-6.6677680528064105,-2.8216938348497695,0.013148809143630286,upper,0.1
694,phase2,upper,-15.0,2,-14.957147228531593,-20.42400579891551,-19.89420401108869,-6.6677680528064105,-2.8216938348497695,0.005632778890550002,upper,0.1
695,phase2,upper,-15.0,2,-14.954422900326835,-20.42400579891551,-19.89420401108869,-6.6677680528064105,-2.8216938348497695,0.0016855440640236705,upper,0.1
696,phase2,upper,-15.0,2,-14.955425981316843,-20.42400579891551,-19.89420401108869,-6.6677680528064105,-2.8216938348497695,-0.00031459004053660056,upper,0.1
697,phase2,lower,-20.0,4,-14.955425981316843,-20.62130875116931,-19.874953958714674,-6.550922340555075,-2.765613644160993,0.02824810953733722,upper,0.1
698,phase2,upper,-15.0,2,-14.93258806184529,-20.62130875116931,-19.874953958714674,-6.550922340555075,-2.765613644160993,0.012737037232885124,upper,0.1
699,phase2,upper,-15.0,2,-14.9244712760057,-20.62130875116931,-19.874953958714674,-6.550922340555075,-2.765613644160993,0.004519979389772972,upper,0.1
700,phase2,upper,-15.0,2,-14.924188908864835,-20.62130875116931,-19.874953958714674,-6.550922340555075,-2.765613644160993,0.0002896334690534654,upper,0.1
701,phase2,upper,-15.0,2,-14.927936268460465,-20.62130875116931,-19.874953958714674,-6.550922340555075,-2.765613644160993,-0.0017716896596186365,upper,0.1
702,phase2,upper,-15.0,2,-14.93361136074574,-20.62130875116931,-19.874953958714674,-6.550922340555075,-2.765613644160993,-0.0026627884361534386,upper,0.1
703,phase2,upper,-15.0,2,-14.940055304739133,-20.62130875116931,-19.874953958714674,-6.550922340555075,-2.765613644160993,-0.0029321564152660433,upper,0.1
704,phase2,upper,-15.0,2,-14.946633464867146,-20.62130875116931,-19.874953958714674,-6.550922340555075,-2.765613644160993,-0.002880567759421752,upper,0.1
705,phase2,upper,-15.0,2,-14.953003988986007,-20.62130875116931,-19.874953958714674,-6.550922340555075,-2.765613644160993,-0.002672453073918039,upper,0.1
706,phase2,upper,-15.0,2,-14.958989503637317,-20.62130875116931,-19.874953958714674,-6.550922340555075,-2.765613644160993,-0.0023971547170090874,upper,0.1
707,phase2,upper,-15.0,2,-14.964505660553487,-20.62130875116931,-19.874953958714674,-6.550922340555075,-2.765613644160993,-0.0021026361118374917,upper,0.1
708,phase2,upper,-15.0,2,-14.96952107435421,-20.62130875116931,-19.874953958714674,-6.550922340555075,-2.765613644160993,-0.0018140481611895482,upper,0.1
709,phase2,upper,-15.0,2,-14.974034645073884,-20.62130875116931,-19.874953958714674,-6.550922340555075,-2.765613644160993,-0.0015439679046423411,upper,0.1
710,phase2,upper,-15.0,2,-14.978062553082964,-20.62130875116931,-19.874953958714674,-6.550922340555075,-2.765613644160993,-0.001298054600517068,upper,0.1
711,phase2,upper,-15.0,2,-14.981630673251349,-20.62130875116931,-19.874953958714674,-6.550922340555075,-2.765613644160993,-0.0010781817692516401,upper,0.1
712,phase2,upper,-15.0,2,-14.984770057178721,-20.62130875116931,-19.874953958714674,-6.550922340555075,-2.765613644160993,-0.0008841770392386714,upper,0.1
713,phase2,upper,-15.0,2,-14.987514178690835,-20.62130875116931,-19.874953958714674,-6.550922340555075,-2.765613644160993,-0.0007147924379533328,upper,0.1
714,phase2,upper,-15.0,2,-14.98989721405336,-20.62130875116931,-19.874953958714674,-6.550922340555075,-2.765613644160993,-0.0005682479387190433,upper,0.1
715,phase2,upper,-15.0,2,-14.991952946248714,-20.62130875116931,-19.874953958714674,-6.550922340555075,-2.765613644160993,-0.0004425372538259175,upper,0.1
716,phase2,upper,-15.0,2,-14.993714058527049,-20.62130875116931,-19.874953958714674,-6.550922340555075,-2.765613644160993,-0.00033560027942318503,upper,0.1
717,phase2,upper,-15.0,2,-14.99521168018635,-20.62130875116931,-19.874953958714674,-6.550922340555075,-2.765613644160993,-0.0002454200544022537,upper,0.1
718,phase2,upper,-15.0,2,-14.996475102266762,-20.62130875116931,-19.874953958714674,-6.550922340555075,-2.765613644160993,-0.0001700764582360574,upper,0.1
719,phase2,upper,-15.0,2,-14.997531611849853,-20.62130875116931,-19.874953958714674,-6.550922340555075,-2.765613644160993,-0.0001077747271718421,upper,0.1
720,phase2,upper,-15.0,2,-14.998406411534617,-20.62130875116931,-19.874953958714674,-6.550922340555075,-2.765613644160993,-5.6859042090703026e-05,upper,0.1
721,phase2,upper,-15.0,2,-14.999122601246233,-20.62130875116931,-19.874953958714674,-6.550922340555075,-2.765613644160993,-1.5817092949835465e-05,upper,0.1
722,phase2,upper,-15.0,2,-14.999701206026883,-20.62130875116931,-19.874953958714674,-6.550922340555075,-2.765613644160993,1.6720907571152714e-05,upper,0.1
723,phase2,upper,-15.0,2,-15.000161237627411,-20.62130875116931,-19.874953958714674,-6.550922340555075,-2.765613644160993,4.1986663077231564e-05,upper,0.1
724,phase2,lower,-20.0,4,-15.000161237627411,-20.796635483927073,-19.839872765904698,-6.4332679955295475,-2.7119625121719704,0.029038228548214643,upper,0.1
725,phase2,upper,-15.0,2,-14.974423162843397,-20.796635483927073,-19.839872765904698,-6.4332679955295475,-2.7119625121719704,0.0142692388992916,upper,0.1
726,phase2,upper,-15.0,2,-14.96269103329062,-20.796635483927073,-19.839872765904698,-6.4332679955295475,-2.7119625121719704,0.006324538637047358,upper,0.1
727,phase2,upper,-15.0,2,-14.958558109711719,-20.796635483927073,-19.839872765904698,-6.4332679955295475,-2.7119625121719704,0.002120079438371533,upper,0.1
728,phase2,upper,-15.0,2,-14.95848331673528,-20.796635483927073,-19.839872765904698,-6.4332679955295475,-2.7119625121719704,-3.942271721762427e-05,upper,0.1
729,phase2,upper,-15.0,2,-14.960506579562962,-20.796635483927073,-19.839872765904698,-6.4332679955295475,-2.7119625121719704,-0.0010859172149815229,upper,0.1
730,phase2,upper,-15.0,2,-14.963541903505796,-20.796635483927073,-19.839872765904698,-6.4332679955295475,-2.7119625121719704,-0.0015316821880106296,upper,0.1
731,phase2,upper,-15.0,2,-14.966987996632183,-20.796635483927073,-19.839872765904698,-6.4332679955295475,-2.7119625121719704,-0.0016581850428053217,upper,0.1
732,phase2,upper,-15.0,2,-14.97051347667956,-20.796635483927073,-19.839872765904698,-6.4332679955295475,-2.7119625121719704,-0.001619890556212472,upper,0.1
733,phase2,upper,-15.0,2,-14.973938112089495,-20.796635483927073,-19.839872765904698,-6.4332679955295475,-2.7119625121719704,-0.0015013360203164434,upper,0.1
734,phase2,upper,-15.0,2,-14.977166931638994,-20.796635483927073,-19.839872765904698,-6.4332679955295475,-2.7119625121719704,-0.0013485257454610242,upper,0.1
735,phase2,upper,-15.0,2,-14.980153476983977,-20.796635483927073,-19.839872765904698,-6.4332679955295475,-2.7119625121719704,-0.0011862111704398206,upper,0.1
736,phase2,lower,-20.0,4,-14.980153476983977,-20.95202680217823,-19.791627008517956,-6.316349422149202,-2.661439395372907,0.029168659706610575,upper,0.1
737,phase2,upper,-15.0,2,-14.955559769024466,-20.95202680217823,-19.791627008517956,-6.316349422149202,-2.661439395372907,0.013846475285637962,upper,0.1
738,phase2,upper,-15.0,2,-14.945455197246746,-20.95202680217823,-19.791627008517956,-6.316349422149202,-2.661439395372907,0.005663718998838381,upper,0.1
739,phase2,upper,-15.0,2,-14.943125557985184,-20.95202680217823,-19.791627008517956,-6.316349422149202,-2.661439395372907,0.0013879719321985117,upper,0.1
740,phase2,upper,-15.0,2,-14.94486364606823,-20.95202680217823,-19.791627008517956,-6.316349422149202,-2.661439395372907,-0.0007572733596849968,upper,0.1
741,phase2,upper,-15.0,2,-14.94862187810808,-20.95202680217823,-19.791627008517956,-6.316349422149202,-2.661439395372907,-0.00174825282274686,upper,0.1
742,phase2,upper,-15.0,2,-14.9532706421425,-20.95202680217823,-19.791627008517956,-6.316349422149202,-2.661439395372907,-0.002121207255448298,upper,0.1
743,phase2,upper,-15.0,2,-14.958189610345602,-20.95202680217823,-19.791627008517956,-6.316349422149202,-2.661439395372907,-0.002170382940306693,upper,0.1
744,phase2,upper,-15.0,2,-14.963042148118292,-20.95202680217823,-19.791627008517956,-6.316349422149202,-2.661439395372907,-0.0020568719490049667,upper,0.1
745,phase2,upper,-15.0,2,-14.967650469145097,-20.95202680217823,-19.791627008517956,-6.316349422149202,-2.661439395372907,-0.001868460546920682,upper,0.1
746,phase2,upper,-15.0,2,-14.971926278311043,-20.95202680217823,-19.791627008517956,-6.316349422149202,-2.661439395372907,-0.0016525540730037136,upper,0.1
747,phase2,upper,-15.0,2,-14.975832022845692,-20.95202680217823,-19.791627008517956,-6.316349422149202,-2.661439395372907,-0.0014343030182354072,upper,0.1
748,phase2,upper,-15.0,2,-14.979359068552641,-20.95202680217823,-19.791627008517956,-6.316349422149202,-2.661439395372907,-0.0012265922244162877,upper,0.1
749,phase2,upper,-15.0,2,-14.982515270207841,-20.95202680217823,-19.791627008517956,-6.316349422149202,-2.661439395372907,-0.0010355539545945384,upper,0.1
750,phase2,upper,-15.0,2,-14.985317786267608,-20.95202680217823,-19.791627008517956,-6.316349422149202,-2.661439395372907,-0.0008636167564593186,upper,0.1
751,phase2,upper,-15.0,2,-14.987788846662589,-20.95202680217823,-19.791627008517956,-6.316349422149202,-2.661439395372907,-0.0007111961443616083,upper,0.1
752,phase2,upper,-15.0,2,-14.989953204672233,-20.95202680217823,-19.791627008517956,-6.316349422149202,-2.661439395372907,-0.0005776353776849182,upper,0.1
753,phase2,upper,-15.0,2,-14.991836566533351,-20.95202680217823,-19.791627008517956,-6.316349422149202,-2.661439395372907,-0.0004617310929903669,upper,0.1
754,phase2,upper,-15.0,2,-14.993464602562657,-20.95202680217823,-19.791627008517956,-6.316349422149202,-2.661439395372907,-0.00036202821545940235,upper,0.1
755,phase2,upper,-15.0,2,-14.99486231489545,-20.95202680217823,-19.791627008517956,-6.316349422149202,-2.661439395372907,-0.0002769859241962357,upper,0.1
756,phase2,upper,-15.0,2,-14.996053631938235,-20.95202680217823,-19.791627008517956,-6.316349422149202,-2.661439395372907,-0.0002050709820018393,upper,0.1
757,phase2,upper,-15.0,2,-14.997061152624132,-20.95202680217823,-19.791627008517956,-6.316349422149202,-2.661439395372907,-0.0001448097108451193,upper,0.1
758,phase2,upper,-15.0,2,-14.997905993403332,-20.95202680217823,-19.791627008517956,-6.316349422149202,-2.661439395372907,-9.481609604071673e-05,upper,0.1
759,phase2,upper,-15.0,2,-14.99860770795795,-20.95202680217823,-19.791627008517956,-6.316349422149202,-2.661439395372907,-5.3805878823684456e-05,upper,0.1
760,phase2,lower,-20.0,4,-14.99860770795795,-21.086035248103144,-19.730302353155913,-6.199868096931998,-2.613419659334954,0.029635468028368743,upper,0.1
761,phase2,upper,-15.0,2,-14.972463913080178,-21.086035248103144,-19.730302353155913,-6.199868096931998,-2.613419659334954,0.014527141943937491,upper,0.1
762,phase2,lower,-20.0,4,-14.972463913080178,-21.187387530858878,-19.649002039945266,-6.078621706942468,-2.563922503225461,0.03307884880582451,upper,0.1
763,phase2,upper,-15.0,2,-14.943943790201718,-21.187387530858878,-19.649002039945266,-6.078621706942468,-2.563922503225461,0.015495129001469815,upper,0.1
764,phase2,upper,-15.0,2,-14.932201109433041,-21.187387530858878,-19.649002039945266,-6.078621706942468,-2.563922503225461,0.006109191096709828,upper,0.1
765,phase2,upper,-15.0,2,-14.929503595547123,-21.187387530858878,-19.649002039945266,-6.078621706942468,-2.563922503225461,0.001211605149479861,upper,0.1
766,phase2,upper,-15.0,2,-14.931572314927498,-21.187387530858878,-19.649002039945266,-6.078621706942468,-2.563922503225461,-0.0012368808489995546,upper,0.1
767,phase2,upper,-15.0,2,-14.936035813715492,-21.187387530858878,-19.649002039945266,-6.078621706942468,-2.563922503225461,-0.002357374626034478,upper,0.1
768,phase2,upper,-15.0,2,-14.941579035028484,-21.187387530858878,-19.649002039945266,-6.078621706942468,-2.563922503225461,-0.0027660965818316146,upper,0.1
769,phase2,upper,-15.0,2,-14.947474164791762,-21.187387530858878,-19.649002039945266,-6.078621706942468,-2.563922503225461,-0.002801508418676336,upper,0.1
770,phase2,upper,-15.0,2,-14.95332151403895,-21.187387530858878,-19.649002039945266,-6.078621706942468,-2.563922503225461,-0.0026491749310644055,upper,0.1
771,phase2,upper,-15.0,2,-14.958905984213091,-21.187387530858878,-19.649002039945266,-6.078621706942468,-2.563922503225461,-0.00241043114879668,upper,0.1
772,phase2,upper,-15.0,2,-14.9641172053163,-21.187387530858878,-19.649002039945266,-6.078621706942468,-2.563922503225461,-0.0021401667602812023,upper,0.1
773,phase2,upper,-15.0,2,-14.968904809865712,-21.187387530858878,-19.649002039945266,-6.078621706942468,-2.563922503225461,-0.0018676346511845524,upper,0.1
774,phase2,upper,-15.0,2,-14.973253147338774,-21.187387530858878,-19.649002039945266,-6.078621706942468,-2.563922503225461,-0.001607924717279518,upper,0.1
775,phase2,upper,-15.0,2,-14.977166799969432,-21.187387530858878,-19.649002039945266,-6.078621706942468,-2.563922503225461,-0.0013683018566442622,upper,0.1
776,phase2,upper,-15.0,2,-14.98066213855814,-21.187387530858878,-19.649002039945266,-6.078621706942468,-2.563922503225461,-0.0011517158880772391,upper,0.1
777,phase2,upper,-15.0,2,-14.983762288648547,-21.187387530858878,-19.649002039945266,-6.078621706942468,-2.563922503225461,-0.0009587521072113223,upper,0.1
778,phase2,upper,-15.0,2,-14.986494049819747,-21.187387530858878,-19.649002039945266,-6.078621706942468,-2.563922503225461,-0.0007887202883531247,upper,0.1
779,phase2,upper,-15.0,2,-14.988885956181072,-21.187387530858878,-19.649002039945266,-6.078621706942468,-2.563922503225461,-0.0006402662175380996,upper,0.1
780,phase2,upper,-15.0,2,-14.990967021881065,-21.187387530858878,-19.649002039945266,-6.078621706942468,-2.563922503225461,-0.0005117174117825791,upper,0.1
781,phase2,upper,-15.0,2,-14.992765911990167,-21.187387530858878,-19.649002039945266,-6.078621706942468,-2.563922503225461,-0.0004012798758766764,upper,0.1
782,phase2,lower,-20.0,4,-14.992765911990167,-21.283910133655805,-19.56818040471212,-5.966602996226687,-2.522749221161699,0.028969588673265212,upper,0.1
783,phase2,upper,-15.0,2,-14.967876606445937,-21.283910133655805,-19.56818040471212,-5.966602996226687,-2.522749221161699,0.014084574993158768,upper,0.1
784,phase2,upper,-15.0,2,-14.957033617890804,-21.283910133655805,-19.56818040471212,-5.966602996226687,-2.522749221161699,0.006102721544509783,upper,0.1
785,phase2,upper,-15.0,2,-14.953758683593414,-21.283910133655805,-19.56818040471212,-5.966602996226687,-2.522749221161699,0.0019009184518741483,upper,0.1
786,phase2,upper,-15.0,2,-14.954476179271158,-21.283910133655805,-19.56818040471212,-5.966602996226687,-2.522749221161699,-0.0002372404451804794,upper,0.1
787,phase2,upper,-15.0,2,-14.957211656163311,-21.283910133655805,-19.56818040471212,-5.966602996226687,-2.522749221161699,-0.0012549859957695121,upper,0.1
788,phase2,upper,-15.0,2,-14.960875637601236,-21.283910133655805,-19.56818040471212,-5.966602996226687,-2.522749221161699,-0.0016704889892718915,upper,0.1
789,phase2,upper,-15.0,2,-14.964869103080572,-21.283910133655805,-19.56818040471212,-5.966602996226687,-2.522749221161699,-0.0017681681916967638,upper,0.1
790,phase2,upper,-15.0,2,-14.968865845871074,-21.283910133655805,-19.56818040471212,-5.966602996226687,-2.522749221161699,-0.0017038440938965335,upper,0.1
791,phase2,upper,-15.0,2,-14.972692132686264,-21.283910133655805,-19.56818040471212,-5.966602996226687,-2.522749221161699,-0.001562553788115585,upper,0.1
792,phase2,upper,-15.0,2,-14.976259936883398,-21.283910133655805,-19.56818040471212,-5.966602996226687,-2.522749221161699,-0.0013903518546840743,upper,0.1
793,phase2,upper,-15.0,2,-14.979529708560007,-21.283910133655805,-19.56818040471212,-5.966602996226687,-2.522749221161699,-0.0012118133516278921,upper,0.1
794,phase2,upper,-15.0,2,-14.982489463998675,-21.283910133655805,-19.56818040471212,-5.966602996226687,-2.522749221161699,-0.0010396761774991337,upper,0.1
795,phase2,upper,-15.0,2,-14.985142921582494,-21.283910133655805,-19.56818040471212,-5.966602996226687,-2.522749221161699,-0.0008801599948481649,upper,0.1
796,phase2,upper,-15.0,2,-14.987502678123983,-21.283910133655805,-19.56818040471212,-5.966602996226687,-2.522749221161699,-0.000735905620849529,upper,0.1
797,phase2,upper,-15.0,2,-14.989586215222708,-21.283910133655805,-19.56818040471212,-5.966602996226687,-2.522749221161699,-0.0006076034269004303,upper,0.1
798,phase2,upper,-15.0,2,-14.991413512700962,-21.283910133655805,-19.56818040471212,-5.966602996226687,-2.522749221161699,-0.0004948983270360083,upper,0.1
799,phase2,upper,-15.0,2,-14.993005589534416,-21.283910133655805,-19.56818040471212,-5.966602996226687,-2.522749221161699,-0.00039689464869792346,upper,0.1
