episode,phase,route,return,steps,q_start_right,q_start_down,q_shield_right,q_d1_right,q_d2_right,mood_M,greedy_route,epsilon
0,phase1,lower,-10.0,4,0.0,-0.25,-0.25,-0.25,-0.25,nan,upper,0.1
1,phase1,upper,-15.0,2,-1.25,-0.25,-0.25,-0.25,-0.25,nan,lower,0.1
2,phase1,lower,-10.0,4,-1.25,-0.5,-0.5,-0.5,-0.475,nan,lower,0.1
3,phase1,lower,-10.0,4,-1.25,-0.75,-0.75,-0.7475,-0.6775,nan,lower,0.1
4,phase1,lower,-10.0,4,-1.25,-1.0,-0.99975,-0.9905,-0.85975,nan,lower,0.1
5,phase1,lower,-10.0,4,-1.25,-1.249975,-1.248825,-1.227425,-1.023775,nan,lower,0.1
6,phase1,lower,-10.0,4,-1.25,-1.49986,-1.496685,-1.45706,-1.1713975,nan,upper,0.1
7,phase1,upper,-15.0,2,-2.4000000000000004,-1.49986,-1.496685,-1.45706,-1.1713975,nan,lower,0.1
8,phase1,lower,-10.0,4,-2.4000000000000004,-1.7495425,-1.7427225000000002,-1.6784937500000001,-1.30425775,nan,lower,0.1
9,phase1,lower,-10.0,4,-2.4000000000000004,-1.9988605000000002,-1.9862996250000002,-1.8910701500000002,-1.4238319750000001,nan,lower,0.1
10,phase1,lower,-10.0,4,-2.4000000000000004,-2.2476044125000003,-2.2267766775,-2.0943463325000002,-1.5314487775,nan,lower,0.1
11,phase1,lower,-10.0,4,-2.4000000000000004,-2.495521639,-2.4635336430000003,-2.2880565770000003,-1.6283038997500001,nan,upper,0.1
12,phase1,upper,-15.0,2,-3.4575000000000005,-2.495521639,-2.4635336430000003,-2.2880565770000003,-1.6283038997500001,nan,lower,0.1
13,phase1,lower,-10.0,4,-3.4575000000000005,-2.7423228394,-2.6959859364000005,-2.4720813092750005,-1.715473509775,nan,lower,0.1
14,phase1,lower,-10.0,4,-3.4575000000000005,-2.9876891491,-2.9235954736875005,-2.6464205293250003,-1.7939261587975,nan,lower,0.1
15,phase1,lower,-10.0,4,-3.4575000000000005,-3.23127978155875,-3.1458779792512503,-2.81117109227225,-1.8645335429177499,nan,lower,0.1
16,phase1,lower,-10.0,4,-3.4575000000000005,-3.472739601328,-3.3624072905533504,-2.9665073373368003,-1.9280801886259749,nan,upper,0.1
17,phase1,upper,-15.0,2,-4.429500000000001,-3.472739601328,-3.3624072905533504,-2.9665073373368003,-1.9280801886259749,nan,lower,0.1
18,phase1,lower,-10.0,4,-4.429500000000001,-3.711706370250535,-3.5728172952316952,-3.1126646224657177,-1.9852721697633773,nan,lower,0.1
19,phase1,lower,-10.0,4,-4.429500000000001,-3.947817462748651,-3.7768020279550973,-3.2499253771954835,-2.0367449527870396,nan,lower,0.1
20,phase1,lower,-10.0,4,-4.429500000000001,-4.1807159192692955,-3.9741143628791358,-3.378607334754639,-2.0830704575083354,nan,lower,0.1
21,phase1,lower,-10.0,4,-4.429500000000001,-4.41005576363028,-4.164563660066686,-3.4990536470300087,-2.124763411757502,nan,lower,0.1
22,phase1,lower,-10.0,4,-4.429500000000001,-4.63550655327392,-4.348012658763018,-3.611624623502758,-2.162287070581752,nan,upper,0.1
23,phase1,upper,-15.0,2,-5.322525000000001,-4.63550655327392,-4.348012658763018,-3.611624623502758,-2.162287070581752,nan,lower,0.1
24,phase1,lower,-10.0,4,-5.322525000000001,-4.85675716382283,-4.524373855236992,-3.7166908682106574,-2.196058363523577,nan,lower,0.1
25,phase1,lower,-10.0,4,-5.322525000000001,-5.073518832964246,-4.693605556534359,-3.8146276177419494,-2.226452527171219,nan,lower,0.1
26,phase1,upper,-15.0,2,-6.142650000000001,-5.073518832964246,-4.693605556534359,-3.8146276177419494,-2.226452527171219,nan,lower,0.1
27,phase1,lower,-10.0,4,-6.142650000000001,-5.285527505321257,-4.855707762655118,-3.9058101086848764,-2.2538072744540973,nan,lower,0.1
28,phase1,lower,-10.0,4,-6.142650000000001,-5.492545531054643,-5.010717997258094,-3.9906098252617985,-2.2784265470086877,nan,lower,0.1
29,phase1,lower,-10.0,4,-6.142650000000001,-5.694362777674987,-5.158707180058465,-4.069391497436487,-2.300583892307819,nan,lower,0.1
30,phase1,lower,-10.0,4,-6.142650000000001,-5.890797217913335,-5.299775611796267,-4.1425107369236205,-2.320525503077037,nan,lower,0.1
31,phase1,lower,-10.0,4,-6.142650000000001,-6.081695057301628,-5.434049124309003,-4.210312213538963,-2.338472952769333,nan,lower,0.1
32,phase1,lower,-10.0,4,-6.142650000000001,-6.266930464002366,-5.561675433231999,-4.273128287462,-2.3546256574923996,nan,upper,0.1
33,phase1,upper,-15.0,2,-6.895524750000001,-6.266930464002366,-5.561675433231999,-4.273128287462,-2.3546256574923996,nan,lower,0.1
34,phase1,lower,-10.0,4,-6.895524750000001,-6.446404960925329,-5.682820718654999,-4.33127802446504,-2.3691630917431596,nan,lower,0.1
35,phase1,lower,-10.0,4,-6.895524750000001,-6.620046536698296,-5.7976664492360035,-4.385066531192852,-2.382246782568844,nan,lower,0.1
36,phase1,lower,-10.0,4,-6.895524750000001,-6.787808527952067,-5.906406457431689,-4.434784556330451,-2.3940221043119596,nan,lower,0.1
37,phase1,upper,-15.0,2,-7.586398050000001,-6.787808527952067,-5.906406457431689,-4.434784556330451,-2.3940221043119596,nan,lower,0.1
38,phase1,lower,-10.0,4,-7.586398050000001,-6.949668320900029,-6.009244267321565,-4.480708311128602,-2.4046198938807635,nan,lower,0.1
39,phase1,lower,-10.0,4,-7.586398050000001,-7.105625915542182,-6.106390671702268,-4.523099469403818,-2.4141579044926873,nan,lower,0.1
40,phase1,lower,-10.0,4,-7.586398050000001,-7.255702391158191,-6.198061551472423,-4.562205312912705,-2.4227421140434187,nan,lower,0.1
41,phase1,lower,-10.0,4,-7.586398050000001,-7.399938307189614,-6.284475927616452,-4.598258993025777,-2.430467902639077,nan,lower,0.1
42,phase1,lower,-10.0,4,-7.586398050000001,-7.538392069232298,-6.365854234157384,-4.631479883987106,-2.4374211123751692,nan,lower,0.1
43,phase1,lower,-10.0,4,-7.586398050000001,-7.6711382857248065,-6.442416799140356,-4.662074006825913,-2.443679001137652,nan,upper,0.1
44,phase1,upper,-15.0,2,-8.220141442500001,-7.6711382857248065,-6.442416799140356,-4.662074006825913,-2.443679001137652,nan,lower,0.1
45,phase1,lower,-10.0,4,-8.220141442500001,-7.798266137066362,-6.514382519908912,-4.690234506257086,-2.449311101023887,nan,lower,0.1
46,phase1,lower,-10.0,4,-8.220141442500001,-7.919877775350617,-6.581967718543729,-4.716142165733766,-2.454379990921498,nan,lower,0.1
47,phase1,lower,-10.0,4,-8.220141442500001,-8.036086769669929,-6.645385163262732,-4.739965948252539,-2.4589419918293483,nan,lower,0.1
48,phase1,lower,-10.0,4,-8.220141442500001,-8.147016609029208,-6.704843241761713,-4.761863552610221,-2.4630477926464134,nan,lower,0.1
49,phase1,lower,-10.0,4,-8.220141442500001,-8.25279927230246,-6.760545272846564,-4.78198197661384,-2.4667430133817723,nan,upper,0.1
50,phase1,upper,-15.0,2,-8.801272176000001,-8.25279927230246,-6.760545272846564,-4.78198197661384,-2.4667430133817723,nan,lower,0.1
51,phase1,lower,-10.0,4,-8.801272176000001,-8.35357387235687,-6.812688943223291,-4.800458080290633,-2.470068712043595,nan,lower,0.1
52,phase1,lower,-10.0,4,-8.801272176000001,-8.449485379443512,-6.8614658569300255,-4.817419143465929,-2.4730618408392355,nan,lower,0.1
53,phase1,lower,-10.0,4,-8.801272176000001,-8.540683427192164,-6.907061185583616,-4.83298341320326,-2.475755656755312,nan,lower,0.1
54,phase1,lower,-10.0,4,-8.801272176000001,-8.62732120303131,-6.94965340834558,-4.847260637558465,-2.4781800910797807,nan,lower,0.1
55,phase1,lower,-10.0,4,-8.801272176000001,-8.709554423562736,-6.9894141312668685,-4.860352582910597,-2.4803620819718026,nan,lower,0.1
56,phase1,lower,-10.0,4,-8.801272176000001,-8.78754039433315,-7.026507976431241,-4.872353532816717,-2.4823258737746223,nan,lower,0.1
57,phase1,lower,-10.0,4,-8.801272176000001,-8.861437152542958,-7.061092532069789,-4.883350766912508,-2.48409328639716,nan,upper,0.1
58,phase1,upper,-15.0,2,-9.333975348375,-8.861437152542958,-7.061092532069789,-4.883350766912508,-2.48409328639716,nan,lower,0.1
59,phase1,lower,-10.0,4,-9.333975348375,-8.931402690495641,-7.093318355554061,-4.893425018860973,-2.485683957757444,nan,lower,0.1
60,phase1,lower,-10.0,4,-9.333975348375,-8.997594257001483,-7.123329021884752,-4.90265091275062,-2.4871155619816996,nan,lower,0.1
61,phase1,lower,-10.0,4,-9.333975348375,-9.06016773348981,-7.151261210971339,-4.911097377673729,-2.4884040057835297,nan,lower,0.1
62,phase1,lower,-10.0,4,-9.333975348375,-9.119277081237962,-7.177244827641578,-4.9188280404847085,-2.4895636052051766,nan,lower,0.1
63,phase1,lower,-10.0,4,-9.333975348375,-9.175073855878324,-7.201403148925891,-4.925901596956756,-2.490607244684659,nan,lower,0.1
64,phase1,lower,-10.0,4,-9.333975348375,-9.22770678518308,-7.223852993728977,-4.932372161729546,-2.4915465202161933,nan,lower,0.1
65,phase1,lower,-10.0,4,-9.333975348375,-9.27732140603767,-7.244704910529034,-4.938289597578211,-2.492391868194574,nan,lower,0.1
66,phase1,lower,-10.0,4,-9.333975348375,-9.324059756486806,-7.264063379233952,-4.943699824639848,-2.4931526813751166,nan,lower,0.1
67,phase1,lower,-10.0,4,-9.333975348375,-9.36806011876152,-7.282027023774542,-4.948645110313374,-2.493837413237605,nan,upper,0.1
68,phase1,upper,-15.0,2,-9.822125164515,-9.36806011876152,-7.282027023774542,-4.948645110313374,-2.493837413237605,nan,lower,0.1
69,phase1,lower,-10.0,4,-9.822125164515,-9.409456809262823,-7.298688832428425,-4.953164340605797,-2.4944536719138446,nan,lower,0.1
70,phase1,lower,-10.0,4,-9.822125164515,-9.448380011579383,-7.314136383246162,-4.957293273736601,-2.49500830472246,nan,lower,0.1
71,phase1,lower,-10.0,4,-9.822125164515,-9.48495564874606,-7.328452072295207,-4.961064776835187,-2.495507474250214,nan,lower,0.1
72,phase1,lower,-10.0,4,-9.822125164515,-9.519305291100975,-7.3417133427492045,-4.96450904657669,-2.4959567268251925,nan,lower,0.1
73,phase1,lower,-10.0,4,-9.822125164515,-9.551546096265799,-7.353992913131953,-4.96765381460154,-2.4963610541426733,nan,lower,0.1
74,phase1,lower,-10.0,4,-9.822125164515,-9.581790777952415,-7.365359003278912,-4.970524538555654,-2.496724948728406,nan,lower,0.1
75,phase1,upper,-15.0,2,-10.26930526394325,-9.581790777952415,-7.365359003278912,-4.970524538555654,-2.496724948728406,nan,lower,0.1
76,phase1,upper,-15.0,2,-10.6788280918407,-9.581790777952415,-7.365359003278912,-4.970524538555654,-2.496724948728406,nan,lower,0.1
77,phase1,lower,-10.0,4,-10.6788280918407,-9.610147600485064,-7.375875556806586,-4.973144579572929,-2.4970524538555656,nan,lower,0.1
78,phase1,lower,-10.0,4,-10.6788280918407,-9.636720396117216,-7.385602459083221,-4.975535367001193,-2.4973472084700092,nan,lower,0.1
79,phase1,lower,-10.0,4,-10.6788280918407,-9.661608602413816,-7.394595749875018,-4.977716551148075,-2.4976124876230084,nan,lower,0.1
80,phase1,lower,-10.0,4,-10.6788280918407,-9.684907317159936,-7.402907830002324,-4.979706144795568,-2.4978512388607075,nan,lower,0.1
81,phase1,lower,-10.0,4,-10.6788280918407,-9.706707368444174,-7.410587661481648,-4.981520654202082,-2.4980661149746366,nan,lower,0.1
82,phase1,lower,-10.0,4,-10.6788280918407,-9.727095397747922,-7.417680960753691,-4.983175200279337,-2.498259503477173,nan,lower,0.1
83,phase1,lower,-10.0,4,-10.6788280918407,-9.746153954048498,-7.424230384706255,-4.984683630599121,-2.4984335531294555,nan,lower,0.1
84,phase1,lower,-10.0,4,-10.6788280918407,-9.763961597114275,-7.430275709295541,-4.986058622852155,-2.49859019781651,nan,lower,0.1
85,phase1,lower,-10.0,4,-10.6788280918407,-9.780593008332401,-7.435854000651203,-4.98731178034859,-2.498731178034859,nan,lower,0.1
86,phase1,lower,-10.0,4,-10.6788280918407,-9.796119107564282,-7.440999778620942,-4.988453720117217,-2.498858060231373,nan,lower,0.1
87,phase1,lower,-10.0,4,-10.6788280918407,-9.810607174669947,-7.445745172770569,-4.989494154128633,-2.4989722542082355,nan,lower,0.1
88,phase1,lower,-10.0,4,-10.6788280918407,-9.824120974480008,-7.450120070906375,-4.990441964136593,-2.499075028787412,nan,lower,0.1
89,phase1,lower,-10.0,4,-10.6788280918407,-9.836720884122645,-7.454152260229397,-4.991305270601675,-2.4991675259086708,nan,lower,0.1
90,phase1,lower,-10.0,4,-10.6788280918407,-9.84846402173332,-7.4578675612666245,-4.992091496132375,-2.4992507733178035,nan,lower,0.1
91,phase1,lower,-10.0,4,-10.6788280918407,-9.859404375686651,-7.4612899547532,-4.992807423850918,-2.4993256959860233,nan,lower,0.1
92,phase1,lower,-10.0,4,-10.6788280918407,-9.869592933593307,-7.464441701662972,-4.9934592510644285,-2.499393126387421,nan,lower,0.1
93,phase1,lower,-10.0,4,-10.6788280918407,-9.879077810400274,-7.467343456603118,-4.994052638596727,-2.499453813748679,nan,lower,0.1
94,phase1,lower,-10.0,4,-10.6788280918407,-9.887904375020558,-7.470014374802479,-4.994592756111922,-2.499508432373811,nan,lower,0.1
95,phase1,lower,-10.0,4,-10.6788280918407,-9.89611537499875,-7.472472212933424,-4.995084323738111,-2.49955758913643,nan,lower,0.1
96,phase1,lower,-10.0,4,-10.6788280918407,-9.903751058792217,-7.474733424013892,-4.995531650277943,-2.499601830222787,nan,lower,0.1
97,phase1,lower,-10.0,4,-10.6788280918407,-9.910849295314385,-7.4768132466402975,-4.995938668272427,-2.4996416472005083,nan,lower,0.1
98,phase1,lower,-10.0,4,-10.6788280918407,-9.917445690446977,-7.47872578880351,-4.996308966165236,-2.4996774824804575,nan,lower,0.1
99,phase1,lower,-10.0,4,-10.6788280918407,-9.92357370028263,-7.4804841065396825,-4.996645817796758,-2.499709734232412,nan,lower,0.1
100,phase1,lower,-10.0,4,-10.6788280918407,-9.929264740908335,-7.48210027766539,-4.996952209440324,-2.4997387608091706,nan,lower,0.1
101,phase1,lower,-10.0,4,-10.6788280918407,-9.93454829458404,-7.4835854708428835,-4.997230864577209,-2.4997648847282536,nan,lower,0.1
102,phase1,lower,-10.0,4,-10.6788280918407,-9.939452012209925,-7.484950010216316,-4.997484266592314,-2.499788396255428,nan,lower,0.1
103,phase1,lower,-10.0,4,-10.6788280918407,-9.944001812010564,-7.486203435853916,-4.997714679558625,-2.4998095566298852,nan,lower,0.1
104,phase1,lower,-10.0,4,-10.6788280918407,-9.9482219743949,-7.487354560224387,-4.997924167265751,-2.4998286009668966,nan,lower,0.1
105,phase1,lower,-10.0,4,-10.6788280918407,-9.952135232977849,-7.488411520928523,-4.998114610635866,-2.499845740870207,nan,lower,0.1
106,phase1,lower,-10.0,4,-10.6788280918407,-9.955762861772916,-7.489381829899257,-4.9982877236593,-2.4998611667831865,nan,lower,0.1
107,phase1,lower,-10.0,4,-10.6788280918407,-9.959124758585551,-7.490272419275261,-4.998445067971689,-2.4998750501048677,nan,lower,0.1
108,phase1,lower,-10.0,4,-10.6788280918407,-9.962239524654521,-7.491089684144904,-4.998588066185007,-2.499887545094381,nan,lower,0.1
109,phase1,lower,-10.0,4,-10.6788280918407,-9.96512454060356,-7.491839522348914,-4.998718014075944,-2.499898790584943,nan,lower,0.1
110,phase1,lower,-10.0,4,-10.6788280918407,-9.967796038778095,-7.492527371521617,-4.998836091726844,-2.4999089115264486,nan,lower,0.1
111,phase1,lower,-10.0,4,-10.6788280918407,-9.970269172052447,-7.4931582435421396,-4.998943373706804,-2.4999180203738036,nan,lower,0.1
112,phase1,lower,-10.0,4,-10.6788280918407,-9.972558079201416,-7.493736756558606,-4.999040838373504,-2.499926218336423,nan,lower,0.1
113,phase1,lower,-10.0,4,-10.6788280918407,-9.974675946937136,-7.494267164740096,-4.999129376369796,-2.499933596502781,nan,lower,0.1
114,phase1,lower,-10.0,4,-10.6788280918407,-9.976635068717432,-7.494753385903066,-4.999209798383094,-2.499940236852503,nan,lower,0.1
115,phase1,lower,-10.0,4,-10.6788280918407,-9.978446900435996,-7.495199027151069,-4.999282842230035,-2.4999462131672527,nan,lower,0.1
116,phase1,lower,-10.0,4,-10.6788280918407,-9.980122113107504,-7.495607408658966,-4.999349179323756,-2.4999515918505275,nan,lower,0.1
117,phase1,lower,-10.0,4,-10.6788280918407,-9.98167064266265,-7.495981585725445,-4.999409420576433,-2.4999564326654746,nan,lower,0.1
118,phase1,lower,-10.0,4,-10.6788280918407,-9.98310173696893,-7.4963243692105435,-4.999464121785337,-2.4999607893989273,nan,lower,0.1
119,phase1,lower,-10.0,4,-10.6788280918407,-9.98442400019309,-7.496638344468023,-4.999513788546696,-2.4999647104590346,nan,lower,0.1
120,phase1,lower,-10.0,4,-10.6788280918407,-9.985645434620583,-7.49692588887589,-4.999558880737929,-2.499968239413131,nan,lower,0.1
121,phase1,lower,-10.0,4,-10.6788280918407,-9.986773480046114,-7.4971891880620944,-4.99959981660545,-2.499971415471818,nan,lower,0.1
122,phase1,lower,-10.0,4,-10.6788280918407,-9.987815050847713,-7.49743025091643,-4.999636976492087,-2.499974273924636,nan,lower,0.1
123,phase1,lower,-10.0,4,-10.6788280918407,-9.988776570854585,-7.497650923473996,-4.999670706235342,-2.499976846532172,nan,lower,0.1
124,phase1,lower,-10.0,4,-10.6788280918407,-9.989664006116525,-7.4978529017501305,-4.999701320265025,-2.499979161878955,nan,lower,0.1
125,phase1,lower,-10.0,4,-10.6788280918407,-9.990482895679886,-7.49803774360162,-4.999729104426418,-2.4999812456910595,nan,lower,0.1
126,phase1,lower,-10.0,4,-10.6788280918407,-9.99123838047206,-7.4982068796841,-4.999754318552882,-2.4999831211219536,nan,lower,0.1
127,phase1,lower,-10.0,4,-10.6788280918407,-9.991935230393263,-7.498361623570979,-4.999777198809789,-2.4999848090097583,nan,lower,0.1
128,phase1,lower,-10.0,4,-10.6788280918407,-9.992577869711035,-7.4985031810948595,-4.999797959829786,-2.4999863281087826,nan,lower,0.1
129,phase1,lower,-10.0,4,-10.6788280918407,-9.993170400849417,-7.4986326589683525,-4.999816796657686,-2.4999876952979045,nan,lower,0.1
130,phase1,lower,-10.0,4,-10.6788280918407,-9.99371662666131,-7.498751072737286,-4.999833886521707,-2.4999889257681143,nan,lower,0.1
131,phase1,lower,-10.0,4,-10.6788280918407,-9.994220071268908,-7.498859354115728,-4.999849390446348,-2.499990033191303,nan,lower,0.1
132,phase1,lower,-10.0,4,-10.6788280918407,-9.99468399955359,-7.498958357748791,-4.999863454720844,-2.499991029872173,nan,lower,0.1
133,phase1,lower,-10.0,4,-10.6788280918407,-9.99511143537311,-7.499048867445996,-4.999876212235977,-2.4999919268849555,nan,lower,0.1
134,phase1,lower,-10.0,4,-10.6788280918407,-9.995505178580398,-7.4991316019249945,-4.999887783700875,-2.49999273419646,nan,lower,0.1
135,phase1,lower,-10.0,4,-10.6788280918407,-9.995867820914858,-7.499207220102583,-4.999898278750433,-2.499993460776814,nan,lower,0.1
136,phase1,lower,-10.0,4,-10.6788280918407,-9.996201760833632,-7.499276325967368,-4.999907796953071,-2.4999941146991325,nan,lower,0.1
137,phase1,lower,-10.0,4,-10.6788280918407,-9.996509217347006,-7.499339473065938,-4.999916428727677,-2.4999947032292194,nan,lower,0.1
138,phase1,lower,-10.0,4,-10.6788280918407,-9.996792242918898,-7.499397168632112,-4.999924256177831,-2.4999952329062975,nan,lower,0.1
139,phase1,lower,-10.0,4,-10.6788280918407,-9.99705273549022,-7.499449877386684,-4.999931353850678,-2.4999957096156677,nan,lower,0.1
140,phase1,lower,-10.0,4,-10.6788280918407,-9.997292449679867,-7.499498025033083,-4.999937789427177,-2.499996138654101,nan,lower,0.1
141,phase1,lower,-10.0,4,-10.6788280918407,-9.997513007215188,-7.499542001472492,-4.99994362434987,-2.499996524788691,nan,lower,0.1
142,phase1,lower,-10.0,4,-10.6788280918407,-9.997715906640918,-7.4995821637602305,-4.999948914393752,-2.499996872309822,nan,lower,0.1
143,phase1,lower,-10.0,4,-10.6788280918407,-9.99790253235285,-7.499618838823583,-4.999953710185359,-2.49999718507884,nan,lower,0.1
144,phase1,lower,-10.0,4,-10.6788280918407,-9.998074162999924,-7.499652325959761,-4.999958057674707,-2.4999974665709557,nan,lower,0.1
145,phase1,lower,-10.0,4,-10.6788280918407,-9.998231979295907,-7.499682899131256,-4.999961998564332,-2.49999771991386,nan,lower,0.1
146,phase1,lower,-10.0,4,-10.6788280918407,-9.998377071279442,-7.499710809074563,-4.999965570699286,-2.4999979479224743,nan,lower,0.1
147,phase1,lower,-10.0,4,-10.6788280918407,-9.998510445058955,-7.499736285237035,-4.999968808421604,-2.499998153130227,nan,lower,0.1
148,phase1,lower,-10.0,4,-10.6788280918407,-9.998633029076762,-7.499759537555493,-4.999971742892466,-2.499998337817204,nan,lower,0.1
149,phase1,lower,-10.0,4,-10.6788280918407,-9.998745679924635,-7.49978075808919,-4.9999744023849395,-2.4999985040354837,nan,lower,0.1
150,phase1,lower,-10.0,4,-10.6788280918407,-9.99884918774109,-7.499800122518765,-4.999976812549994,-2.4999986536319354,nan,lower,0.1
151,phase1,lower,-10.0,4,-10.6788280918407,-9.998944281218858,-7.499817791521888,-4.999978996658188,-2.499998788268742,nan,lower,0.1
152,phase1,lower,-10.0,4,-10.6788280918407,-9.99903163224916,-7.499833912035518,-4.999980975819243,-2.4999989094418678,nan,lower,0.1
153,phase1,lower,-10.0,4,-10.6788280918407,-9.999111860227796,-7.499848618413891,-4.999982769181505,-2.499999018497681,nan,lower,0.1
154,phase1,lower,-10.0,4,-10.6788280918407,-9.999185536046404,-7.499862033490652,-4.999984394113123,-2.499999116647913,nan,lower,0.1
155,phase1,lower,-10.0,4,-10.6788280918407,-9.99925318579083,-7.499874269552899,-4.999985866366602,-2.499999204983122,nan,lower,0.1
156,phase1,lower,-10.0,4,-10.6788280918407,-9.999315294167037,-7.499885429234269,-4.999987200228254,-2.49999928448481,nan,lower,0.1
157,phase1,lower,-10.0,4,-10.6788280918407,-9.99937230767376,-7.499895606333668,-4.99998840865391,-2.4999993560363287,nan,lower,0.1
158,phase1,lower,-10.0,4,-10.6788280918407,-9.99942463753975,-7.499904886565693,-4.999989503392152,-2.4999994204326956,nan,lower,0.1
159,phase1,lower,-10.0,4,-10.6788280918407,-9.999472662442344,-7.499913348248339,-4.999990495096206,-2.499999478389426,nan,lower,0.1
160,phase1,lower,-10.0,4,-10.6788280918407,-9.999516731022943,-7.499921062933126,-4.999991393425528,-2.4999995305504834,nan,lower,0.1
161,phase1,lower,-10.0,4,-10.6788280918407,-9.999557164213961,-7.499928095982366,-4.999992207138024,-2.499999577495435,nan,lower,0.1
162,phase1,lower,-10.0,4,-10.6788280918407,-9.999594257390802,-7.499934507097931,-4.999992944173765,-2.4999996197458914,nan,lower,0.1
163,phase1,lower,-10.0,4,-10.6788280918407,-9.999628282361515,-7.499940350805515,-4.999993611730977,-2.499999657771302,nan,lower,0.1
164,phase1,lower,-10.0,4,-10.6788280918407,-9.999659489205914,-7.4999456768980615,-4.9999942163350095,-2.499999691994172,nan,lower,0.1
165,phase1,lower,-10.0,4,-10.6788280918407,-9.999688107975128,-7.4999505308417564,-4.999994763900926,-2.499999722794755,nan,lower,0.1
166,phase1,lower,-10.0,4,-10.6788280918407,-9.99971435026179,-7.4999549541476735,-4.999995259790309,-2.4999997505152796,nan,lower,0.1
167,phase1,upper,-15.0,2,-11.053753301519228,-9.99971435026179,-7.4999549541476735,-4.999995259790309,-2.4999997505152796,nan,lower,0.1
168,phase1,lower,-10.0,4,-11.053753301519228,-9.999738410650378,-7.499958984711937,-4.999995708862806,-2.4999997754637517,nan,lower,0.1
169,phase1,lower,-10.0,4,-11.053753301519228,-9.999760468056534,-7.499962657127024,-4.999996115522901,-2.4999997979173765,nan,lower,0.1
170,phase1,lower,-10.0,4,-11.053753301519228,-9.999780686963582,-7.4999660029666115,-4.999996483762349,-2.4999998181256387,nan,lower,0.1
171,phase1,lower,-10.0,4,-11.053753301519228,-9.999799218563885,-7.499969051046185,-4.999996817198678,-2.4999998363130747,nan,lower,0.1
172,phase1,lower,-10.0,4,-11.053753301519228,-9.999816201812115,-7.499971827661435,-4.999997119110118,-2.4999998526817673,nan,lower,0.1
173,phase1,lower,-10.0,4,-11.053753301519228,-9.999831764397047,-7.4999743568063035,-4.999997392467283,-2.4999998674135906,nan,lower,0.1
174,phase1,lower,-10.0,4,-11.053753301519228,-9.999846023637973,-7.499976660372401,-4.999997639961914,-2.4999998806722314,nan,lower,0.1
175,phase1,upper,-15.0,2,-11.396905188343643,-9.999846023637973,-7.499976660372401,-4.999997639961914,-2.4999998806722314,nan,lower,0.1
176,phase1,lower,-10.0,4,-11.396905188343643,-9.999859087311416,-7.499978758331353,-4.999997864032946,-2.4999998926050084,nan,lower,0.1
177,phase1,lower,-10.0,4,-11.396905188343643,-9.99987105441341,-7.499980668901512,-4.999998066890153,-2.4999999033445075,nan,lower,0.1
178,phase1,lower,-10.0,4,-11.396905188343643,-9.99988201586222,-7.499982408700376,-4.999998250535588,-2.4999999130100568,nan,lower,0.1
179,phase1,lower,-10.0,4,-11.396905188343643,-9.999892055146034,-7.499983992883897,-4.999998416783035,-2.499999921709051,nan,lower,0.1
180,phase1,lower,-10.0,4,-11.396905188343643,-9.999901248919821,-7.499985435273811,-4.999998567275637,-2.499999929538146,nan,lower,0.1
181,phase1,lower,-10.0,4,-11.396905188343643,-9.99990966755522,-7.499986748473994,-4.999998703501888,-2.4999999365843313,nan,lower,0.1
182,phase1,lower,-10.0,4,-11.396905188343643,-9.999917375647097,-7.499987943976783,-4.999998826810132,-2.499999942925898,nan,lower,0.1
183,phase1,lower,-10.0,4,-11.396905188343643,-9.999924432480066,-7.4999890322601175,-4.999998938421709,-2.499999948633308,nan,lower,0.1
184,phase1,lower,-10.0,4,-11.396905188343643,-9.999930892458071,-7.499990022876276,-4.999999039442869,-2.4999999537699775,nan,lower,0.1
185,phase1,lower,-10.0,4,-11.396905188343643,-9.99993680549989,-7.499990924532936,-4.9999991308755805,-2.49999995839298,nan,lower,0.1
186,phase1,lower,-10.0,4,-11.396905188343643,-9.999942217403195,-7.4999917451672005,-4.99999921362732,-2.499999962553682,nan,lower,0.1
187,phase1,lower,-10.0,4,-11.396905188343643,-9.999947170179595,-7.499992492013212,-4.999999288519956,-2.4999999662983137,nan,lower,0.1
188,phase1,lower,-10.0,4,-11.396905188343643,-9.999951702362956,-7.499993171663887,-4.999999356297792,-2.4999999696684823,nan,lower,0.1
189,phase1,lower,-10.0,4,-11.396905188343643,-9.99995584929305,-7.499993790127277,-4.999999417634861,-2.499999972701634,nan,lower,0.1
190,phase1,lower,-10.0,4,-11.396905188343643,-9.999959643376473,-7.499994352878035,-4.999999473141538,-2.4999999754314706,nan,lower,0.1
191,phase1,lower,-10.0,4,-11.396905188343643,-9.99996311432663,-7.4999948649043855,-4.999999523370532,-2.4999999778883235,nan,lower,0.1
192,phase1,lower,-10.0,4,-11.396905188343643,-9.999966289384405,-7.499995330751,-4.999999568822311,-2.499999980099491,nan,lower,0.1
193,phase1,lower,-10.0,4,-11.396905188343643,-9.999969193521064,-7.499995754558131,-4.999999609950029,-2.499999982089542,nan,lower,0.1
194,phase1,lower,-10.0,4,-11.396905188343643,-9.999971849624771,-7.499996140097321,-4.99999964716398,-2.499999983880588,nan,lower,0.1
195,phase1,lower,-10.0,4,-11.396905188343643,-9.999974278672026,-7.499996490803987,-4.999999680835641,-2.499999985492529,nan,lower,0.1
196,phase1,lower,-10.0,4,-11.396905188343643,-9.999976499885221,-7.499996809807152,-4.99999971130133,-2.4999999869432763,nan,lower,0.1
197,phase1,lower,-10.0,4,-11.396905188343643,-9.999978530877414,-7.49999709995657,-4.999999738865524,-2.4999999882489488,nan,lower,0.1
198,phase1,lower,-10.0,4,-11.396905188343643,-9.99998038778533,-7.4999973638474655,-4.999999763803866,-2.4999999894240537,nan,lower,0.1
199,phase1,lower,-10.0,4,-11.396905188343643,-9.999982085391544,-7.499997603843106,-4.999999786365885,-2.499999990481648,nan,lower,0.1
200,phase1,lower,-10.0,4,-11.396905188343643,-9.9999836372367,-7.499997822095383,-4.999999806777462,-2.499999991433483,nan,lower,0.1
201,phase1,lower,-10.0,4,-11.396905188343643,-9.999985055722568,-7.499998020563591,-4.999999825243064,-2.499999992290135,nan,lower,0.1
202,phase1,lower,-10.0,4,-11.396905188343643,-9.99998635220667,-7.499998201031539,-4.999999841947771,-2.499999993061121,nan,lower,0.1
203,phase1,lower,-10.0,4,-11.396905188343643,-9.999987537089158,-7.499998365123162,-4.999999857059106,-2.4999999937550093,nan,lower,0.1
204,phase1,lower,-10.0,4,-11.396905188343643,-9.999988619892559,-7.499998514316756,-4.999999870728697,-2.4999999943795084,nan,lower,0.1
205,phase1,lower,-10.0,4,-11.396905188343643,-9.999989609334978,-7.49999864995795,-4.999999883093778,-2.4999999949415574,nan,lower,0.1
206,phase1,upper,-15.0,2,-11.710889164787982,-9.999989609334978,-7.49999864995795,-4.999999883093778,-2.4999999949415574,nan,lower,0.1
207,phase1,lower,-10.0,4,-11.710889164787982,-9.999990513397275,-7.499998773271533,-4.999999894278556,-2.4999999954474017,nan,lower,0.1
208,phase1,lower,-10.0,4,-11.710889164787982,-9.999991339384701,-7.499998885372235,-4.99999990439544,-2.4999999959026615,nan,lower,0.1
209,phase1,lower,-10.0,4,-11.710889164787982,-9.999992093983455,-7.499998987274555,-4.999999913546162,-2.4999999963123956,nan,lower,0.1
210,phase1,lower,-10.0,4,-11.710889164787982,-9.999992783312564,-7.499999079901716,-4.999999921822785,-2.499999996681156,nan,lower,0.1
211,phase1,lower,-10.0,4,-11.710889164787982,-9.99999341297148,-7.499999164093823,-4.999999929308622,-2.4999999970130404,nan,lower,0.1
212,phase1,lower,-10.0,4,-11.710889164787982,-9.999993988083713,-7.499999240615303,-4.999999936079064,-2.499999997311736,nan,lower,0.1
213,phase1,lower,-10.0,4,-11.710889164787982,-9.99999451333687,-7.499999310161678,-4.999999942202331,-2.4999999975805625,nan,lower,0.1
214,phase1,lower,-10.0,4,-11.710889164787982,-9.999994993019351,-7.4999993733657435,-4.999999947740155,-2.4999999978225063,nan,lower,0.1
215,phase1,lower,-10.0,4,-11.710889164787982,-9.999995431053991,-7.499999430803185,-4.999999952748389,-2.4999999980402556,nan,lower,0.1
216,phase1,lower,-10.0,4,-11.710889164787982,-9.99999583102891,-7.499999482997706,-4.999999957277576,-2.49999999823623,nan,lower,0.1
217,phase1,lower,-10.0,4,-11.710889164787982,-9.999996196225789,-7.499999530425693,-4.999999961373442,-2.499999998412607,nan,lower,0.1
218,phase1,lower,-10.0,4,-11.710889164787982,-9.99999652964578,-7.499999573520467,-4.999999965077358,-2.4999999985713464,nan,lower,0.1
219,phase1,lower,-10.0,4,-11.710889164787982,-9.999996834033247,-7.499999612676157,-4.999999968426757,-2.4999999987142116,nan,lower,0.1
220,phase1,upper,-15.0,2,-11.998107294060018,-9.999996834033247,-7.499999612676157,-4.999999968426757,-2.4999999987142116,nan,lower,0.1
221,phase1,lower,-10.0,4,-11.998107294060018,-9.999997111897539,-7.499999648251217,-4.999999971455503,-2.4999999988427906,nan,lower,0.1
222,phase1,lower,-10.0,4,-11.998107294060018,-9.999997365532906,-7.499999680571646,-4.999999974194232,-2.4999999989585113,nan,lower,0.1
223,phase1,lower,-10.0,4,-11.998107294060018,-9.99999759703678,-7.499999709933904,-4.99999997667066,-2.49999999906266,nan,lower,0.1
224,phase1,lower,-10.0,4,-11.998107294060018,-9.999997808326492,-7.49999973660758,-4.99999997890986,-2.499999999156394,nan,lower,0.1
225,phase1,lower,-10.0,4,-11.998107294060018,-9.999998001154601,-7.499999760837808,-4.999999980934513,-2.4999999992407544,nan,lower,0.1
226,phase1,lower,-10.0,4,-11.998107294060018,-9.999998177122922,-7.499999782847478,-4.999999982765138,-2.499999999316679,nan,lower,0.1
227,phase1,lower,-10.0,4,-11.998107294060018,-9.999998337695377,-7.499999802839244,-4.999999984420292,-2.499999999385011,nan,lower,0.1
228,phase1,lower,-10.0,4,-11.998107294060018,-9.999998484209764,-7.499999820997349,-4.999999985916764,-2.49999999944651,nan,lower,0.1
229,phase1,lower,-10.0,4,-11.998107294060018,-9.999998617888522,-7.49999983748929,-4.999999987269739,-2.499999999501859,nan,lower,0.1
230,phase1,lower,-10.0,4,-11.998107294060018,-9.9999987398486,-7.499999852467335,-4.9999999884929505,-2.499999999551673,nan,lower,0.1
231,phase1,lower,-10.0,4,-11.998107294060018,-9.999998851110472,-7.4999998660698965,-4.999999989598822,-2.4999999995965054,nan,lower,0.1
232,phase1,lower,-10.0,4,-11.998107294060018,-9.999998952606415,-7.4999998784227895,-4.999999990598591,-2.499999999636855,nan,lower,0.1
233,phase1,lower,-10.0,4,-11.998107294060018,-9.999999045188051,-7.499999889640369,-4.999999991502417,-2.4999999996731694,nan,lower,0.1
234,phase1,lower,-10.0,4,-11.998107294060018,-9.999999129633283,-7.499999899826574,-4.999999992319492,-2.4999999997058526,nan,lower,0.1
235,phase1,lower,-10.0,4,-11.998107294060018,-9.999999206652612,-7.499999909075866,-4.999999993058128,-2.4999999997352673,nan,lower,0.1
236,phase1,lower,-10.0,4,-11.998107294060018,-9.999999276894938,-7.499999917474092,-4.999999993725842,-2.499999999761741,nan,lower,0.1
237,phase1,lower,-10.0,4,-11.998107294060018,-9.999999340952854,-7.499999925099267,-4.999999994329432,-2.4999999997855666,nan,lower,0.1
238,phase1,lower,-10.0,4,-11.998107294060018,-9.999999399367496,-7.499999932022284,-4.999999994875045,-2.49999999980701,nan,lower,0.1
239,phase1,lower,-10.0,4,-11.998107294060018,-9.999999452632975,-7.49999993830756,-4.999999995368242,-2.4999999998263087,nan,lower,0.1
240,phase1,lower,-10.0,4,-11.998107294060018,-9.999999501200435,-7.499999944013629,-4.999999995814049,-2.499999999843678,nan,lower,0.1
241,phase1,lower,-10.0,4,-11.998107294060018,-9.999999545481755,-7.499999949193671,-4.999999996217012,-2.4999999998593103,nan,lower,0.1
242,phase1,upper,-15.0,2,-12.260772905829766,-9.999999545481755,-7.499999949193671,-4.999999996217012,-2.4999999998593103,nan,lower,0.1
243,phase1,lower,-10.0,4,-12.260772905829766,-9.999999585852947,-7.499999953896005,-4.999999996581241,-2.4999999998733795,nan,lower,0.1
244,phase1,lower,-10.0,4,-12.260772905829766,-9.999999622657253,-7.499999958164528,-4.999999996910455,-2.4999999998860414,nan,lower,0.1
245,phase1,upper,-15.0,2,-12.500924322304964,-9.999999622657253,-7.499999958164528,-4.999999996910455,-2.4999999998860414,nan,lower,0.1
246,phase1,lower,-10.0,4,-12.500924322304964,-9.99999965620798,-7.499999962039121,-4.999999997208014,-2.499999999897437,nan,lower,0.1
247,phase1,lower,-10.0,4,-12.500924322304964,-9.999999686791094,-7.49999996555601,-4.999999997476956,-2.4999999999076934,nan,lower,0.1
248,phase1,lower,-10.0,4,-12.500924322304964,-9.999999714667586,-7.499999968748105,-4.99999999772003,-2.4999999999169242,nan,lower,0.1
249,phase1,lower,-10.0,4,-12.500924322304964,-9.999999740075639,-7.499999971645297,-4.999999997939719,-2.499999999925232,nan,lower,0.1
250,phase1,lower,-10.0,4,-12.500924322304964,-9.999999763232605,-7.49999997427474,-4.999999998138271,-2.4999999999327085,nan,lower,0.1
251,phase1,lower,-10.0,4,-12.500924322304964,-9.999999784336818,-7.499999976661093,-4.999999998317715,-2.499999999939438,nan,lower,0.1
252,phase1,lower,-10.0,4,-12.500924322304964,-9.999999803569246,-7.4999999788267555,-4.999999998479887,-2.499999999945494,nan,lower,0.1
253,phase1,lower,-10.0,4,-12.500924322304964,-9.999999821094997,-7.499999980792069,-4.999999998626448,-2.4999999999509446,nan,lower,0.1
254,phase1,lower,-10.0,4,-12.500924322304964,-9.999999837064705,-7.499999982575507,-4.999999998758898,-2.49999999995585,nan,lower,0.1
255,phase1,lower,-10.0,4,-12.500924322304964,-9.999999851615785,-7.499999984193846,-4.999999998878593,-2.499999999960265,nan,lower,0.1
256,phase1,lower,-10.0,4,-12.500924322304964,-9.99999986487359,-7.4999999856623205,-4.99999999898676,-2.4999999999642384,nan,lower,0.1
257,phase1,upper,-15.0,2,-12.720437726426825,-9.99999986487359,-7.4999999856623205,-4.99999999898676,-2.4999999999642384,nan,lower,0.1
258,phase1,lower,-10.0,4,-12.720437726426825,-9.999999876952463,-7.499999986994764,-4.999999999084507,-2.4999999999678146,nan,lower,0.1
259,phase1,lower,-10.0,4,-12.720437726426825,-9.999999887956694,-7.499999988203738,-4.999999999172838,-2.499999999971033,nan,lower,0.1
260,phase1,lower,-10.0,4,-12.720437726426825,-9.999999897981398,-7.499999989300648,-4.999999999252657,-2.4999999999739297,nan,lower,0.1
261,phase1,lower,-10.0,4,-12.720437726426825,-9.999999907113324,-7.49999999029585,-4.999999999324785,-2.499999999976537,nan,lower,0.1
262,phase1,lower,-10.0,4,-12.720437726426825,-9.999999915431577,-7.499999991198743,-4.99999999938996,-2.499999999978883,nan,lower,0.1
263,phase1,lower,-10.0,4,-12.720437726426825,-9.999999923008293,-7.499999992017865,-4.999999999448852,-2.4999999999809948,nan,lower,0.1
264,phase1,upper,-15.0,2,-12.921039206501264,-9.999999923008293,-7.499999992017865,-4.999999999448852,-2.4999999999809948,nan,lower,0.1
265,phase1,lower,-10.0,4,-12.921039206501264,-9.99999992990925,-7.499999992760964,-4.999999999502067,-2.4999999999828955,nan,lower,0.1
266,phase1,lower,-10.0,4,-12.921039206501264,-9.999999936194422,-7.4999999934350745,-4.99999999955015,-2.499999999984606,nan,lower,0.1
267,phase1,lower,-10.0,4,-12.921039206501264,-9.999999941918487,-7.499999994046582,-4.999999999593595,-2.4999999999861453,nan,lower,0.1
268,phase1,lower,-10.0,4,-12.921039206501264,-9.999999947131297,-7.499999994601283,-4.99999999963285,-2.499999999987531,nan,lower,0.1
269,phase1,lower,-10.0,4,-12.921039206501264,-9.999999951878296,-7.49999999510444,-4.999999999668319,-2.499999999988778,nan,lower,0.1
270,phase1,lower,-10.0,4,-12.921039206501264,-9.99999995620091,-7.499999995560827,-4.999999999700364,-2.4999999999899,nan,lower,0.1
271,phase1,upper,-15.0,2,-13.104316013296547,-9.99999995620091,-7.499999995560827,-4.999999999700364,-2.4999999999899,nan,lower,0.1
272,phase1,lower,-10.0,4,-13.104316013296547,-9.9999999601369,-7.499999995974781,-4.999999999729318,-2.49999999999091,nan,lower,0.1
273,phase1,lower,-10.0,4,-13.104316013296547,-9.999999963720688,-7.499999996350234,-4.999999999755477,-2.499999999991819,nan,lower,0.1
274,phase1,lower,-10.0,4,-13.104316013296547,-9.999999966983642,-7.499999996690758,-4.999999999779112,-2.499999999992637,nan,lower,0.1
275,phase1,lower,-10.0,4,-13.104316013296547,-9.999999969954354,-7.499999996999594,-4.9999999998004645,-2.4999999999933733,nan,lower,0.1
276,phase1,lower,-10.0,4,-13.104316013296547,-9.999999972658879,-7.499999997279681,-4.999999999819756,-2.499999999994036,nan,lower,0.1
277,phase1,lower,-10.0,4,-13.104316013296547,-9.999999975120959,-7.499999997533688,-4.999999999837184,-2.4999999999946323,nan,lower,0.1
278,phase1,lower,-10.0,4,-13.104316013296547,-9.999999977362233,-7.4999999977640375,-4.999999999852928,-2.499999999995169,nan,lower,0.1
279,phase1,lower,-10.0,4,-13.104316013296547,-9.999999979402414,-7.499999997972926,-4.9999999998671525,-2.4999999999956524,nan,lower,0.1
280,phase1,upper,-15.0,2,-13.271727066667761,-9.999999979402414,-7.499999997972926,-4.9999999998671525,-2.4999999999956524,nan,lower,0.1
281,phase1,lower,-10.0,4,-13.271727066667761,-9.999999981259466,-7.499999998162349,-4.999999999880003,-2.499999999996087,nan,lower,0.1
282,phase1,lower,-10.0,4,-13.271727066667761,-9.999999982949754,-7.499999998334115,-4.999999999891611,-2.4999999999964784,nan,lower,0.1
283,phase1,lower,-10.0,4,-13.271727066667761,-9.999999984488191,-7.499999998489864,-4.999999999902098,-2.4999999999968305,nan,lower,0.1
284,phase1,lower,-10.0,4,-13.271727066667761,-9.999999985888358,-7.499999998631087,-4.999999999911571,-2.4999999999971476,nan,lower,0.1
285,phase1,lower,-10.0,4,-13.271727066667761,-9.999999987162631,-7.499999998759136,-4.999999999920129,-2.4999999999974327,nan,lower,0.1
286,phase1,lower,-10.0,4,-13.271727066667761,-9.999999988322282,-7.499999998875235,-4.9999999999278595,-2.4999999999976894,nan,lower,0.1
287,phase1,lower,-10.0,4,-13.271727066667761,-9.999999989377578,-7.499999998980497,-4.999999999934842,-2.4999999999979203,nan,lower,0.1
288,phase1,lower,-10.0,4,-13.271727066667761,-9.99999999033787,-7.499999999075932,-4.99999999994115,-2.499999999998128,nan,lower,0.1
289,phase1,lower,-10.0,4,-13.271727066667761,-9.999999991211675,-7.499999999162454,-4.999999999946848,-2.499999999998315,nan,lower,0.1
290,phase1,lower,-10.0,4,-13.271727066667761,-9.999999992006753,-7.4999999992408934,-4.999999999951995,-2.4999999999984834,nan,lower,0.1
291,phase1,lower,-10.0,4,-13.271727066667761,-9.999999992730167,-7.499999999312004,-4.999999999956644,-2.499999999998635,nan,lower,0.1
292,phase1,lower,-10.0,4,-13.271727066667761,-9.99999999338835,-7.499999999376468,-4.999999999960843,-2.499999999998771,nan,lower,0.1
293,phase1,lower,-10.0,4,-13.271727066667761,-9.999999993987162,-7.499999999434905,-4.999999999964635,-2.499999999998894,nan,lower,0.1
294,phase1,lower,-10.0,4,-13.271727066667761,-9.999999994531937,-7.499999999487878,-4.999999999968061,-2.499999999999005,nan,lower,0.1
295,phase1,lower,-10.0,4,-13.271727066667761,-9.999999995027531,-7.499999999535897,-4.9999999999711555,-2.4999999999991043,nan,lower,0.1
296,phase1,lower,-10.0,4,-13.271727066667761,-9.999999995478367,-7.499999999579423,-4.999999999973951,-2.499999999999194,nan,lower,0.1
297,phase1,lower,-10.0,4,-13.271727066667761,-9.999999995888473,-7.4999999996188755,-4.999999999976475,-2.4999999999992744,nan,lower,0.1
298,phase1,lower,-10.0,4,-13.271727066667761,-9.999999996261513,-7.499999999654635,-4.999999999978755,-2.4999999999993467,nan,lower,0.1
299,phase1,lower,-10.0,4,-13.271727066667761,-9.999999996600826,-7.499999999687048,-4.999999999980814,-2.499999999999412,nan,lower,0.1
300,phase1,lower,-10.0,4,-13.271727066667761,-9.999999996909448,-7.499999999716424,-4.999999999982673,-2.4999999999994706,nan,lower,0.1
301,phase1,lower,-10.0,4,-13.271727066667761,-9.999999997190146,-7.499999999743049,-4.999999999984353,-2.4999999999995235,nan,lower,0.1
302,phase1,lower,-10.0,4,-13.271727066667761,-9.999999997445437,-7.499999999767179,-4.99999999998587,-2.499999999999571,nan,lower,0.1
303,phase1,lower,-10.0,4,-13.271727066667761,-9.999999997677612,-7.499999999789048,-4.99999999998724,-2.499999999999614,nan,lower,0.1
304,phase1,lower,-10.0,4,-13.271727066667761,-9.999999997888755,-7.499999999808868,-4.999999999988478,-2.4999999999996527,nan,lower,0.1
305,phase1,lower,-10.0,4,-13.271727066667761,-9.999999998080767,-7.499999999826828,-4.999999999989595,-2.4999999999996874,nan,lower,0.1
306,phase1,lower,-10.0,4,-13.271727066667761,-9.999999998255372,-7.499999999843105,-4.999999999990604,-2.4999999999997184,nan,lower,0.1
307,phase1,lower,-10.0,4,-13.271727066667761,-9.999999998414145,-7.499999999857855,-4.999999999991515,-2.4999999999997464,nan,lower,0.1
308,phase1,lower,-10.0,4,-13.271727066667761,-9.999999998558517,-7.499999999871221,-4.999999999992339,-2.4999999999997717,nan,lower,0.1
309,phase1,lower,-10.0,4,-13.271727066667761,-9.999999998689788,-7.499999999883333,-4.999999999993082,-2.4999999999997944,nan,lower,0.1
310,phase1,lower,-10.0,4,-13.271727066667761,-9.999999998809143,-7.4999999998943085,-4.999999999993753,-2.499999999999815,nan,lower,0.1
311,phase1,lower,-10.0,4,-13.271727066667761,-9.999999998917659,-7.499999999904253,-4.99999999999436,-2.4999999999998335,nan,lower,0.1
312,phase1,lower,-10.0,4,-13.271727066667761,-9.999999999016318,-7.499999999913263,-4.999999999994907,-2.49999999999985,nan,lower,0.1
313,phase1,lower,-10.0,4,-13.271727066667761,-9.999999999106013,-7.499999999921427,-4.999999999995401,-2.499999999999865,nan,lower,0.1
314,phase1,lower,-10.0,4,-13.271727066667761,-9.999999999187555,-7.499999999928825,-4.999999999995848,-2.4999999999998783,nan,lower,0.1
315,phase1,lower,-10.0,4,-13.271727066667761,-9.999999999261682,-7.499999999935527,-4.999999999996251,-2.4999999999998903,nan,lower,0.1
316,phase1,lower,-10.0,4,-13.271727066667761,-9.999999999329066,-7.4999999999416,-4.999999999996615,-2.4999999999999014,nan,lower,0.1
317,phase1,lower,-10.0,4,-13.271727066667761,-9.99999999939032,-7.499999999947101,-4.999999999996944,-2.499999999999911,nan,lower,0.1
318,phase1,lower,-10.0,4,-13.271727066667761,-9.999999999445999,-7.499999999952085,-4.99999999999724,-2.49999999999992,nan,lower,0.1
319,phase1,lower,-10.0,4,-13.271727066667761,-9.999999999496607,-7.499999999956601,-4.999999999997509,-2.499999999999928,nan,lower,0.1
320,phase1,lower,-10.0,4,-13.271727066667761,-9.999999999542606,-7.499999999960692,-4.99999999999775,-2.499999999999935,nan,lower,0.1
321,phase1,lower,-10.0,4,-13.271727066667761,-9.999999999584414,-7.499999999964397,-4.999999999997969,-2.499999999999942,nan,lower,0.1
322,phase1,lower,-10.0,4,-13.271727066667761,-9.999999999622412,-7.499999999967755,-4.999999999998166,-2.4999999999999476,nan,lower,0.1
323,phase1,lower,-10.0,4,-13.271727066667761,-9.999999999656946,-7.499999999970796,-4.999999999998344,-2.499999999999953,nan,lower,0.1
324,phase1,lower,-10.0,4,-13.271727066667761,-9.999999999688331,-7.499999999973551,-4.999999999998505,-2.499999999999958,nan,lower,0.1
325,phase1,lower,-10.0,4,-13.271727066667761,-9.999999999716852,-7.499999999976047,-4.99999999999865,-2.499999999999962,nan,lower,0.1
326,phase1,lower,-10.0,4,-13.271727066667761,-9.999999999742771,-7.499999999978307,-4.999999999998781,-2.499999999999966,nan,lower,0.1
327,phase1,lower,-10.0,4,-13.271727066667761,-9.999999999766324,-7.499999999980354,-4.9999999999988995,-2.4999999999999694,nan,lower,0.1
328,phase1,lower,-10.0,4,-13.271727066667761,-9.999999999787727,-7.499999999982209,-4.999999999999007,-2.4999999999999725,nan,lower,0.1
329,phase1,lower,-10.0,4,-13.271727066667761,-9.999999999807175,-7.499999999983888,-4.999999999999104,-2.499999999999975,nan,lower,0.1
330,phase1,lower,-10.0,4,-13.271727066667761,-9.999999999824846,-7.49999999998541,-4.999999999999191,-2.499999999999978,nan,lower,0.1
331,phase1,lower,-10.0,4,-13.271727066667761,-9.999999999840902,-7.499999999986788,-4.99999999999927,-2.49999999999998,nan,lower,0.1
332,phase1,lower,-10.0,4,-13.271727066667761,-9.999999999855492,-7.499999999988036,-4.999999999999341,-2.4999999999999822,nan,lower,0.1
333,phase1,lower,-10.0,4,-13.271727066667761,-9.999999999868747,-7.499999999989167,-4.999999999999405,-2.499999999999984,nan,lower,0.1
334,phase1,lower,-10.0,4,-13.271727066667761,-9.999999999880789,-7.499999999990191,-4.999999999999463,-2.499999999999986,nan,lower,0.1
335,phase1,lower,-10.0,4,-13.271727066667761,-9.99999999989173,-7.499999999991118,-4.999999999999515,-2.499999999999987,nan,lower,0.1
336,phase1,lower,-10.0,4,-13.271727066667761,-9.999999999901668,-7.4999999999919575,-4.999999999999562,-2.4999999999999885,nan,lower,0.1
337,phase1,lower,-10.0,4,-13.271727066667761,-9.999999999910697,-7.499999999992718,-4.999999999999605,-2.49999999999999,nan,lower,0.1
338,phase1,lower,-10.0,4,-13.271727066667761,-9.999999999918899,-7.499999999993406,-4.999999999999643,-2.4999999999999907,nan,lower,0.1
339,phase1,lower,-10.0,4,-13.271727066667761,-9.999999999926349,-7.49999999999403,-4.999999999999678,-2.4999999999999916,nan,lower,0.1
340,phase1,lower,-10.0,4,-13.271727066667761,-9.999999999933117,-7.4999999999945945,-4.999999999999709,-2.4999999999999925,nan,lower,0.1
341,phase1,lower,-10.0,4,-13.271727066667761,-9.999999999939265,-7.499999999995106,-4.999999999999737,-2.4999999999999933,nan,lower,0.1
342,phase1,lower,-10.0,4,-13.271727066667761,-9.99999999994485,-7.499999999995569,-4.999999999999763,-2.499999999999994,nan,lower,0.1
343,phase1,lower,-10.0,4,-13.271727066667761,-9.999999999949921,-7.499999999995988,-4.999999999999786,-2.4999999999999942,nan,lower,0.1
344,phase1,lower,-10.0,4,-13.271727066667761,-9.999999999954527,-7.499999999996368,-4.999999999999806,-2.4999999999999947,nan,lower,0.1
345,phase1,lower,-10.0,4,-13.271727066667761,-9.99999999995871,-7.499999999996712,-4.999999999999825,-2.499999999999995,nan,lower,0.1
346,phase1,lower,-10.0,4,-13.271727066667761,-9.99999999996251,-7.499999999997023,-4.999999999999842,-2.4999999999999956,nan,lower,0.1
347,phase1,lower,-10.0,4,-13.271727066667761,-9.999999999965961,-7.499999999997304,-4.999999999999857,-2.499999999999996,nan,lower,0.1
348,phase1,lower,-10.0,4,-13.271727066667761,-9.999999999969095,-7.499999999997559,-4.999999999999871,-2.4999999999999964,nan,lower,0.1
349,phase1,lower,-10.0,4,-13.271727066667761,-9.99999999997194,-7.49999999999779,-4.999999999999884,-2.499999999999997,nan,lower,0.1
350,phase1,lower,-10.0,4,-13.271727066667761,-9.999999999974525,-7.499999999998,-4.999999999999895,-2.4999999999999973,nan,lower,0.1
351,phase1,lower,-10.0,4,-13.271727066667761,-9.999999999976872,-7.499999999998189,-4.999999999999906,-2.499999999999998,nan,lower,0.1
352,phase1,lower,-10.0,4,-13.271727066667761,-9.999999999979003,-7.49999999999836,-4.999999999999915,-2.4999999999999982,nan,lower,0.1
353,phase1,lower,-10.0,4,-13.271727066667761,-9.99999999998094,-7.499999999998516,-4.999999999999923,-2.4999999999999982,nan,lower,0.1
354,phase1,lower,-10.0,4,-13.271727066667761,-9.999999999982697,-7.499999999998656,-4.999999999999931,-2.4999999999999982,nan,lower,0.1
355,phase1,lower,-10.0,4,-13.271727066667761,-9.999999999984293,-7.499999999998783,-4.999999999999938,-2.4999999999999982,nan,lower,0.1
356,phase1,lower,-10.0,4,-13.271727066667761,-9.999999999985743,-7.499999999998899,-4.999999999999944,-2.4999999999999982,nan,lower,0.1
357,phase1,lower,-10.0,4,-13.271727066667761,-9.99999999998706,-7.4999999999990035,-4.999999999999949,-2.4999999999999982,nan,lower,0.1
358,phase1,lower,-10.0,4,-13.271727066667761,-9.999999999988253,-7.499999999999098,-4.999999999999954,-2.4999999999999982,nan,lower,0.1
359,phase1,lower,-10.0,4,-13.271727066667761,-9.999999999989338,-7.499999999999183,-4.999999999999958,-2.4999999999999982,nan,lower,0.1
360,phase1,lower,-10.0,4,-13.271727066667761,-9.999999999990322,-7.49999999999926,-4.999999999999963,-2.4999999999999982,nan,lower,0.1
361,phase1,lower,-10.0,4,-13.271727066667761,-9.999999999991216,-7.49999999999933,-4.999999999999966,-2.4999999999999982,nan,lower,0.1
362,phase1,lower,-10.0,4,-13.271727066667761,-9.999999999992028,-7.499999999999394,-4.99999999999997,-2.4999999999999982,nan,lower,0.1
363,phase1,upper,-15.0,2,-13.424612749231766,-9.999999999992028,-7.499999999999394,-4.99999999999997,-2.4999999999999982,nan,lower,0.1
364,phase1,upper,-15.0,2,-13.564204024616293,-9.999999999992028,-7.499999999999394,-4.99999999999997,-2.4999999999999982,nan,lower,0.1
365,phase1,lower,-10.0,4,-13.564204024616293,-9.999999999992765,-7.499999999999452,-4.9999999999999725,-2.4999999999999982,nan,lower,0.1
366,phase1,lower,-10.0,4,-13.564204024616293,-9.999999999993435,-7.499999999999504,-4.999999999999975,-2.4999999999999982,nan,lower,0.1
367,phase1,lower,-10.0,4,-13.564204024616293,-9.999999999994042,-7.4999999999995515,-4.999999999999978,-2.4999999999999982,nan,lower,0.1
368,phase1,lower,-10.0,4,-13.564204024616293,-9.999999999994593,-7.499999999999594,-4.99999999999998,-2.4999999999999982,nan,lower,0.1
369,phase1,lower,-10.0,4,-13.564204024616293,-9.999999999995094,-7.499999999999632,-4.999999999999981,-2.4999999999999982,nan,lower,0.1
370,phase1,lower,-10.0,4,-13.564204024616293,-9.999999999995548,-7.499999999999667,-4.999999999999983,-2.4999999999999982,nan,lower,0.1
371,phase1,lower,-10.0,4,-13.564204024616293,-9.99999999999596,-7.499999999999699,-4.999999999999985,-2.4999999999999982,nan,lower,0.1
372,phase1,lower,-10.0,4,-13.564204024616293,-9.999999999996334,-7.499999999999727,-4.999999999999986,-2.4999999999999982,nan,lower,0.1
373,phase1,lower,-10.0,4,-13.564204024616293,-9.999999999996673,-7.499999999999753,-4.999999999999987,-2.4999999999999982,nan,lower,0.1
374,phase1,lower,-10.0,4,-13.564204024616293,-9.99999999999698,-7.499999999999776,-4.999999999999988,-2.4999999999999982,nan,lower,0.1
375,phase1,lower,-10.0,4,-13.564204024616293,-9.999999999997259,-7.4999999999997975,-4.9999999999999885,-2.4999999999999982,nan,lower,0.1
376,phase1,lower,-10.0,4,-13.564204024616293,-9.999999999997513,-7.499999999999817,-4.999999999999989,-2.4999999999999982,nan,lower,0.1
377,phase1,lower,-10.0,4,-13.564204024616293,-9.999999999997744,-7.499999999999834,-4.99999999999999,-2.4999999999999982,nan,lower,0.1
378,phase1,lower,-10.0,4,-13.564204024616293,-9.999999999997954,-7.49999999999985,-4.999999999999991,-2.4999999999999982,nan,lower,0.1
379,phase1,lower,-10.0,4,-13.564204024616293,-9.999999999998144,-7.499999999999864,-4.999999999999992,-2.4999999999999982,nan,lower,0.1
380,phase1,lower,-10.0,4,-13.564204024616293,-9.999999999998316,-7.4999999999998765,-4.999999999999993,-2.4999999999999982,nan,lower,0.1
381,phase1,lower,-10.0,4,-13.564204024616293,-9.999999999998472,-7.499999999999888,-4.999999999999994,-2.4999999999999982,nan,lower,0.1
382,phase1,lower,-10.0,4,-13.564204024616293,-9.999999999998614,-7.499999999999899,-4.999999999999995,-2.4999999999999982,nan,lower,0.1
383,phase1,lower,-10.0,4,-13.564204024616293,-9.999999999998742,-7.4999999999999085,-4.999999999999995,-2.4999999999999982,nan,lower,0.1
384,phase1,lower,-10.0,4,-13.564204024616293,-9.99999999999886,-7.499999999999917,-4.999999999999995,-2.4999999999999982,nan,lower,0.1
385,phase1,lower,-10.0,4,-13.564204024616293,-9.999999999998966,-7.499999999999925,-4.999999999999995,-2.4999999999999982,nan,lower,0.1
386,phase1,lower,-10.0,4,-13.564204024616293,-9.999999999999062,-7.4999999999999325,-4.999999999999995,-2.4999999999999982,nan,lower,0.1
387,phase1,lower,-10.0,4,-13.564204024616293,-9.99999999999915,-7.499999999999939,-4.999999999999995,-2.4999999999999982,nan,lower,0.1
388,phase1,lower,-10.0,4,-13.564204024616293,-9.999999999999229,-7.499999999999944,-4.999999999999995,-2.4999999999999982,nan,lower,0.1
389,phase1,lower,-10.0,4,-13.564204024616293,-9.9999999999993,-7.499999999999949,-4.999999999999995,-2.4999999999999982,nan,lower,0.1
390,phase1,lower,-10.0,4,-13.564204024616293,-9.999999999999366,-7.499999999999954,-4.999999999999995,-2.4999999999999982,nan,lower,0.1
391,phase1,lower,-10.0,4,-13.564204024616293,-9.999999999999424,-7.499999999999958,-4.999999999999995,-2.4999999999999982,nan,lower,0.1
392,phase1,lower,-10.0,4,-13.564204024616293,-9.999999999999478,-7.499999999999962,-4.999999999999995,-2.4999999999999982,nan,lower,0.1
393,phase1,lower,-10.0,4,-13.564204024616293,-9.999999999999526,-7.499999999999965,-4.999999999999995,-2.4999999999999982,nan,lower,0.1
394,phase1,upper,-15.0,2,-13.691630917431597,-9.999999999999526,-7.499999999999965,-4.999999999999995,-2.4999999999999982,nan,lower,0.1
395,phase1,lower,-10.0,4,-13.691630917431597,-9.99999999999957,-7.499999999999968,-4.999999999999995,-2.4999999999999982,nan,lower,0.1
396,phase1,lower,-10.0,4,-13.691630917431597,-9.99999999999961,-7.499999999999971,-4.999999999999995,-2.4999999999999982,nan,lower,0.1
397,phase1,lower,-10.0,4,-13.691630917431597,-9.999999999999645,-7.499999999999973,-4.999999999999995,-2.4999999999999982,nan,lower,0.1
398,phase1,lower,-10.0,4,-13.691630917431597,-9.999999999999677,-7.499999999999975,-4.999999999999995,-2.4999999999999982,nan,lower,0.1
399,phase1,lower,-10.0,4,-13.691630917431597,-9.999999999999707,-7.499999999999977,-4.999999999999995,-2.4999999999999982,nan,lower,0.1
400,phase2,lower,-20.0,4,-13.691630917431597,-9.999999999999734,-8.499999999999986,-5.2700000000000005,-2.6890000000000023,-0.14700000000000313,lower,0.1
401,phase2,lower,-20.0,4,-13.691630917431597,-10.23229999999976,-9.546609999999996,-5.595917000000007,-2.9017249000000067,-0.1744827000000035,lower,0.1
402,phase2,lower,-20.0,4,-13.691630917431597,-10.570765429999787,-10.560451171000006,-5.918566408700014,-3.0957572563900104,-0.17010757797000323,lower,0.1
403,phase2,lower,-20.0,4,-13.691630917431597,-10.972830824272812,-11.520651983898114,-6.220527107276589,-3.2614348133039424,-0.15732427984946976,lower,0.1
404,phase2,lower,-20.0,4,-13.691630917431597,-11.419204792099864,-12.42204496385101,-6.495998333541078,-3.397862158999514,-0.1424898210655218,lower,0.1
405,phase2,lower,-20.0,4,-13.691630917431597,-11.897729648233948,-13.263785572728576,-6.742723147404545,-3.5065031683092767,-0.1273964215042368,lower,0.1
406,phase2,lower,-20.0,4,-13.691630917431597,-12.398992020037225,-14.046322585705198,-6.959782742867587,-3.5894520274035746,-0.11260426400367476,lower,0.1
407,phase2,lower,-20.0,4,-13.691630917431597,-12.91506891420733,-14.770587213016789,-7.146956123681315,-3.6489524119977794,-0.09832967377144138,lower,0.1
408,phase2,lower,-20.0,4,-13.691630917431597,-13.439117450482573,-15.437770792627106,-7.304500395081608,-3.6872523203805985,-0.08468321064875325,lower,0.1
409,phase2,lower,-20.0,4,-13.691630917431597,-13.965197674280905,-16.049257815819175,-7.433047130940411,-3.706551470655844,-0.0717347277433749,upper,0.1
410,phase2,upper,-15.0,2,-13.872491646406715,-13.965197674280905,-16.049257815819175,-7.433047130940411,-3.706551470655844,-0.06393413641075854,upper,0.1
411,phase2,upper,-15.0,2,-14.037358887356039,-13.965197674280905,-16.049257815819175,-7.433047130940411,-3.706551470655844,-0.055493590812902505,lower,0.1
412,phase2,lower,-20.0,4,-14.037358887356039,-14.473547920166343,-16.59636733336496,-7.526371286643791,-3.703962545974862,-0.05563273995723761,upper,0.1
413,phase2,upper,-15.0,2,-14.185736245704957,-14.473547920166343,-16.59636733336496,-7.526371286643791,-3.703962545974862,-0.04729156564349875,upper,0.1
414,phase2,upper,-15.0,2,-14.317723608936085,-14.473547920166343,-16.59636733336496,-7.526371286643791,-3.703962545974862,-0.03955253392048759,upper,0.1
415,phase2,upper,-15.0,2,-14.434141091818786,-14.473547920166343,-16.59636733336496,-7.526371286643791,-3.703962545974862,-0.03257521514107276,upper,0.1
416,phase2,upper,-15.0,2,-14.536051938287514,-14.473547920166343,-16.59636733336496,-7.526371286643791,-3.703962545974862,-0.02640423890880358,lower,0.1
417,phase2,lower,-20.0,4,-14.536051938287514,-14.959593676504129,-17.080818523361753,-7.585756075583662,-3.68199921948405,-0.040440067703722965,upper,0.1
418,phase2,upper,-15.0,2,-14.637261594894005,-14.959593676504129,-17.080818523361753,-7.585756075583662,-3.68199921948405,-0.027900851415616282,upper,0.1
419,phase2,upper,-15.0,2,-14.71952080357887,-14.959593676504129,-17.080818523361753,-7.585756075583662,-3.68199921948405,-0.01941020952985886,upper,0.1
420,phase2,upper,-15.0,2,-14.787125815092322,-14.959593676504129,-17.080818523361753,-7.585756075583662,-3.68199921948405,-0.013413154497972653,upper,0.1
421,phase2,upper,-15.0,2,-14.842940696015953,-14.959593676504129,-17.080818523361753,-7.585756075583662,-3.68199921948405,-0.009021797482445944,upper,0.1
422,phase2,upper,-15.0,2,-14.889002396058789,-14.959593676504129,-17.080818523361753,-7.585756075583662,-3.68199921948405,-0.005717672478142902,upper,0.1
423,phase2,lower,-20.0,4,-14.889002396058789,-15.42686206642022,-17.50968748311033,-7.616376347052162,-3.6455950323758786,-0.028158928291215732,upper,0.1
424,phase2,upper,-15.0,2,-14.947050538097939,-15.42686206642022,-17.50968748311033,-7.616376347052162,-3.6455950323758786,-0.014184343388997152,upper,0.1
425,phase2,upper,-15.0,2,-14.987213255262809,-15.42686206642022,-17.50968748311033,-7.616376347052162,-3.6455950323758786,-0.006073099387340877,upper,0.1
426,phase2,upper,-15.0,2,-15.01548272236985,-15.42686206642022,-17.50968748311033,-7.616376347052162,-3.6455950323758786,-0.001307090052653618,upper,0.1
427,phase2,upper,-15.0,2,-15.035481638604677,-15.42686206642022,-17.50968748311033,-7.616376347052162,-3.6455950323758786,0.0015180357121647768,upper,0.1
428,phase2,upper,-15.0,2,-15.049491524408621,-15.42686206642022,-17.50968748311033,-7.616376347052162,-3.6455950323758786,0.0031921372721413557,upper,0.1
429,phase2,upper,-15.0,2,-15.059020820982301,-15.42686206642022,-17.50968748311033,-7.616376347052162,-3.6455950323758786,0.004165092806282569,upper,0.1
430,phase2,upper,-15.0,2,-15.065120145956996,-15.42686206642022,-17.50968748311033,-7.616376347052162,-3.6455950323758786,0.00469783186957901,upper,0.1
431,phase2,upper,-15.0,2,-15.06855856690011,-15.42686206642022,-17.50968748311033,-7.616376347052162,-3.6455950323758786,0.00494552426111987,upper,0.1
432,phase2,upper,-15.0,2,-15.069923405446495,-15.42686206642022,-17.50968748311033,-7.616376347052162,-3.6455950323758786,0.005003486829277399,upper,0.1
433,phase2,upper,-15.0,2,-15.069677885971608,-15.42686206642022,-17.50968748311033,-7.616376347052162,-3.6455950323758786,0.004932596390172247,upper,0.1
434,phase2,upper,-15.0,2,-15.068195459951676,-15.42686206642022,-17.50968748311033,-7.616376347052162,-3.6455950323758786,0.004773430776142763,upper,0.1
435,phase2,upper,-15.0,2,-15.065781138670689,-15.42686206642022,-17.50968748311033,-7.616376347052162,-3.6455950323758786,0.00455420385643889,upper,0.1
436,phase2,upper,-15.0,2,-15.062685504058638,-15.42686206642022,-17.50968748311033,-7.616376347052162,-3.6455950323758786,0.004295277447062757,upper,0.1
437,phase2,upper,-15.0,2,-15.059114510579882,-15.42686206642022,-17.50968748311033,-7.616376347052162,-3.6455950323758786,0.004011779130943829,upper,0.1
438,phase2,upper,-15.0,2,-15.055236790209433,-15.42686206642022,-17.50968748311033,-7.616376347052162,-3.6455950323758786,0.0037151663678250003,upper,0.1
439,phase2,upper,-15.0,2,-15.051189405869927,-15.42686206642022,-17.50968748311033,-7.616376347052162,-3.6455950323758786,0.003414199111755567,upper,0.1
440,phase2,upper,-15.0,2,-15.047082579737985,-15.42686206642022,-17.50968748311033,-7.616376347052162,-3.6455950323758786,0.0031155755170354568,upper,0.1
441,phase2,upper,-15.0,2,-15.043003694277736,-15.42686206642022,-17.50968748311033,-7.616376347052162,-3.6455950323758786,0.002824371320944287,upper,0.1
442,phase2,upper,-15.0,2,-15.03902073941217,-15.42686206642022,-17.50968748311033,-7.616376347052162,-3.6455950323758786,0.002544360914690252,upper,0.1
443,phase2,upper,-15.0,2,-15.03518531157219,-15.42686206642022,-17.50968748311033,-7.616376347052162,-3.6455950323758786,0.0022782637590551586,upper,0.1
444,phase2,upper,-15.0,2,-15.031535233544759,-15.42686206642022,-17.50968748311033,-7.616376347052162,-3.6455950323758786,0.002027940931117276,upper,0.1
445,phase2,upper,-15.0,2,-15.028096843899704,-15.42686206642022,-17.50968748311033,-7.616376347052162,-3.6455950323758786,0.0017945562099557601,upper,0.1
446,phase2,upper,-15.0,2,-15.024886993579006,-15.42686206642022,-17.50968748311033,-7.616376347052162,-3.6455950323758786,0.0015787103840130638,upper,0.1
447,phase2,upper,-15.0,2,-15.02191478078392,-15.42686206642022,-17.50968748311033,-7.616376347052162,-3.6455950323758786,0.001380554285083808,upper,0.1
448,phase2,upper,-15.0,2,-15.019183051329208,-15.42686206642022,-17.50968748311033,-7.616376347052162,-3.6455950323758786,0.0011998842693762466,upper,0.1
449,phase2,upper,-15.0,2,-15.016689688939966,-15.42686206642022,-17.50968748311033,-7.616376347052162,-3.6455950323758786,0.0010362228426584036,upper,0.1
450,phase2,upper,-15.0,2,-15.014428717909349,-15.42686206642022,-17.50968748311033,-7.616376347052162,-3.6455950323758786,0.0008888865186014296,upper,0.1
451,phase2,upper,-15.0,2,-15.01239123878943,-15.42686206642022,-17.50968748311033,-7.616376347052162,-3.6455950323758786,0.0007570426186092057,upper,0.1
452,phase2,upper,-15.0,2,-15.010566216193212,-15.42686206642022,-17.50968748311033,-7.616376347052162,-3.6455950323758786,0.0006397564652492548,upper,0.1
453,phase2,upper,-15.0,2,-15.008941136271254,-15.42686206642022,-17.50968748311033,-7.616376347052162,-3.6455950323758786,0.0005360302344775711,upper,0.1
454,phase2,upper,-15.0,2,-15.007502549964482,-15.42686206642022,-17.50968748311033,-7.616376347052162,-3.6455950323758786,0.0004448345844147233,upper,0.1
455,phase2,upper,-15.0,2,-15.006236516719946,-15.42686206642022,-17.50968748311033,-7.616376347052162,-3.6455950323758786,0.0003651340546271351,upper,0.1
456,phase2,upper,-15.0,2,-15.005128961992867,-15.42686206642022,-17.50968748311033,-7.616376347052162,-3.6455950323758786,0.0002959071213532692,upper,0.1
457,phase2,upper,-15.0,2,-15.004165960553488,-15.42686206642022,-17.50968748311033,-7.616376347052162,-3.6455950323758786,0.00023616169653459387,upper,0.1
458,phase2,upper,-15.0,2,-15.003333956379011,-15.42686206642022,-17.50968748311033,-7.616376347052162,-3.6455950323758786,0.0001849467696230202,upper,0.1
459,phase2,upper,-15.0,2,-15.00261992874506,-15.42686206642022,-17.50968748311033,-7.616376347052162,-3.6455950323758786,0.00014136080976951185,upper,0.1
460,phase2,upper,-15.0,2,-15.00201151304261,-15.42686206642022,-17.50968748311033,-7.616376347052162,-3.6455950323758786,0.00010455747150974457,upper,0.1
461,phase2,upper,-15.0,2,-15.00149708383745,-15.42686206642022,-17.50968748311033,-7.616376347052162,-3.6455950323758786,7.374907904597952e-05,upper,0.1
462,phase2,upper,-15.0,2,-15.001065806760991,-15.42686206642022,-17.50968748311033,-7.616376347052162,-3.6455950323758786,4.8208302377422305e-05,upper,0.1
463,phase2,upper,-15.0,2,-15.000707664972914,-15.42686206642022,-17.50968748311033,-7.616376347052162,-3.6455950323758786,2.7268382560252747e-05,upper,0.1
464,phase2,upper,-15.0,2,-15.000413465165883,-15.42686206642022,-17.50968748311033,-7.616376347052162,-3.6455950323758786,1.0322212996547388e-05,upper,0.1
465,phase2,upper,-15.0,2,-15.00017482738751,-15.42686206642022,-17.50968748311033,-7.616376347052162,-3.6455950323758786,-3.1794614559359674e-06,upper,0.1
466,phase2,upper,-15.0,2,-14.999984162331334,-15.42686206642022,-17.50968748311033,-7.616376347052162,-3.6455950323758786,-1.3730505921997017e-05,upper,0.1
467,phase2,upper,-15.0,2,-14.999834639192708,-15.42686206642022,-17.50968748311033,-7.616376347052162,-3.6455950323758786,-2.1772331417747366e-05,upper,0.1
468,phase2,upper,-15.0,2,-14.99972014669281,-15.42686206642022,-17.50968748311033,-7.616376347052162,-3.6455950323758786,-2.769715044913867e-05,upper,0.1
469,phase2,upper,-15.0,2,-14.99963524943965,-15.42686206642022,-17.50968748311033,-7.616376347052162,-3.6455950323758786,-3.1851424906628414e-05,upper,0.1
470,phase2,upper,-15.0,2,-14.999575141414633,-15.42686206642022,-17.50968748311033,-7.616376347052162,-3.6455950323758786,-3.453940268378562e-05,upper,0.1
471,phase2,upper,-15.0,2,-14.999535598041932,-15.42686206642022,-17.50968748311033,-7.616376347052162,-3.6455950323758786,-3.602666003658977e-05,upper,0.1
472,phase2,upper,-15.0,2,-14.999512928011306,-15.42686206642022,-17.50968748311033,-7.616376347052162,-3.6455950323758786,-3.6543584379416127e-05,upper,0.1
473,phase2,upper,-15.0,2,-14.999503925778614,-15.42686206642022,-17.50968748311033,-7.616376347052162,-3.6455950323758786,-3.6288747283831395e-05,upper,0.1
474,phase2,upper,-15.0,2,-14.999505825457987,-15.42686206642022,-17.50968748311033,-7.616376347052162,-3.6455950323758786,-3.5432130197062714e-05,upper,0.1
475,phase2,upper,-15.0,2,-14.99951625664144,-15.42686206642022,-17.50968748311033,-7.616376347052162,-3.6455950323758786,-3.411817609214139e-05,upper,0.1
476,phase2,lower,-20.0,4,-14.99951625664144,-15.885175314447714,-17.894114150206082,-7.626309261402063,-3.6012321657143014,-0.020229533032287535,upper,0.1
477,phase2,upper,-15.0,2,-15.017709075902614,-15.885175314447714,-17.894114150206082,-7.626309261402063,-3.6012321657143014,-0.00992822192868736,upper,0.1
478,phase2,upper,-15.0,2,-15.026091735773205,-15.885175314447714,-17.894114150206082,-7.626309261402063,-3.6012321657143014,-0.004383303055848858,upper,0.1
479,phase2,upper,-15.0,2,-15.029134439903824,-15.885175314447714,-17.894114150206082,-7.626309261402063,-3.6012321657143014,-0.0014462705999377303,upper,0.1
480,phase2,upper,-15.0,2,-15.029310640755083,-15.885175314447714,-17.894114150206082,-7.626309261402063,-3.6012321657143014,6.407076116357428e-05,upper,0.1
481,phase2,upper,-15.0,2,-15.027991842261258,-15.885175314447714,-17.894114150206082,-7.626309261402063,-3.6012321657143014,0.0007972117628324897,upper,0.1
482,phase2,lower,-20.0,4,-15.027991842261258,-16.335351707437002,-18.238572766480573,-7.618938193444002,-3.5515275166868023,-0.013955254229406404,upper,0.1
483,phase2,upper,-15.0,2,-15.039217236083864,-16.335351707437002,-18.238572766480573,-7.618938193444002,-3.5515275166868023,-0.006118409453118792,upper,0.1
484,phase2,upper,-15.0,2,-15.042963599273213,-16.335351707437002,-18.238572766480573,-7.618938193444002,-3.5515275166868023,-0.0019799220281735827,upper,0.1
485,phase2,upper,-15.0,2,-15.042732469884129,-16.335351707437002,-18.238572766480573,-7.618938193444002,-3.5515275166868023,0.00013757085509188667,upper,0.1
486,phase2,upper,-15.0,2,-15.040460762256714,-16.335351707437002,-18.238572766480573,-7.618938193444002,-3.5515275166868023,0.0011560733683139187,upper,0.1
487,phase2,upper,-15.0,2,-15.037220377719049,-16.335351707437002,-18.238572766480573,-7.618938193444002,-3.5515275166868023,0.001582306152618844,upper,0.1
488,phase2,upper,-15.0,2,-15.033603575935455,-16.335351707437002,-18.238572766480573,-7.618938193444002,-3.5515275166868023,0.0016945959841935228,upper,0.1
489,phase2,upper,-15.0,2,-15.029935573432974,-16.335351707437002,-18.238572766480573,-7.618938193444002,-3.5515275166868023,0.0016456013598149463,upper,0.1
490,phase2,upper,-15.0,2,-15.026392100262843,-16.335351707437002,-18.238572766480573,-7.618938193444002,-3.5515275166868023,0.0015187929941318024,upper,0.1
491,phase2,upper,-15.0,2,-15.023064630850921,-16.335351707437002,-18.238572766480573,-7.618938193444002,-3.5515275166868023,0.0013595215604616504,upper,0.1
492,phase2,upper,-15.0,2,-15.019996768276593,-16.335351707437002,-18.238572766480573,-7.618938193444002,-3.5515275166868023,0.0011921181048616617,upper,0.1
493,phase2,upper,-15.0,2,-15.017204692304324,-16.335351707437002,-18.238572766480573,-7.618938193444002,-3.5515275166868023,0.0010293156486694418,upper,0.1
494,phase2,upper,-15.0,2,-15.014688774402966,-16.335351707437002,-18.238572766480573,-7.618938193444002,-3.5515275166868023,0.0008774473933978797,upper,0.1
495,phase2,upper,-15.0,2,-15.012440271881262,-16.335351707437002,-18.238572766480573,-7.618938193444002,-3.5515275166868023,0.0007393204667657838,upper,0.1
496,phase2,lower,-20.0,4,-15.012440271881262,-16.77500842492127,-18.54503050587703,-7.595861829986374,-3.4976199696983423,-0.00831155591734501,upper,0.1
497,phase2,upper,-15.0,2,-15.01859104805192,-16.77500842492127,-18.54503050587703,-7.595861829986374,-3.4976199696983423,-0.003819120417006809,upper,0.1
498,phase2,upper,-15.0,2,-15.020579842522501,-16.77500842492127,-18.54503050587703,-7.595861829986374,-3.4976199696983423,-0.0014439948142010435,upper,0.1
499,phase2,upper,-15.0,2,-15.020392572824296,-16.77500842492127,-18.54503050587703,-7.595861829986374,-3.4976199696983423,-0.00022398003607226825,upper,0.1
500,phase2,upper,-15.0,2,-15.019119731190926,-16.77500842492127,-18.54503050587703,-7.595861829986374,-3.4976199696983423,0.00036932883712838705,upper,0.1
501,phase2,upper,-15.0,2,-15.017358013676649,-16.77500842492127,-18.54503050587703,-7.595861829986374,-3.4976199696983423,0.0006259241254431161,upper,0.1
502,phase2,upper,-15.0,2,-15.01543140759961,-16.77500842492127,-18.54503050587703,-7.595861829986374,-3.4976199696983423,0.0007047485389940259,upper,0.1
503,phase2,upper,-15.0,2,-15.013513025829994,-16.77500842492127,-18.54503050587703,-7.595861829986374,-3.4976199696983423,0.0006926992844883257,upper,0.1
504,phase2,upper,-15.0,2,-15.01169235322261,-16.77500842492127,-18.54503050587703,-7.595861829986374,-3.4976199696983423,0.0006370615316781607,upper,0.1
505,phase2,upper,-15.0,2,-15.010012450297621,-16.77500842492127,-18.54503050587703,-7.595861829986374,-3.4976199696983423,0.000563341468017392,upper,0.1
506,phase2,lower,-20.0,4,-15.010012450297621,-17.201503625695633,-18.815049329348916,-7.558365073451191,-3.4403346431462656,-0.0031088112339722404,upper,0.1
507,phase2,upper,-15.0,2,-15.011795542716385,-17.201503625695633,-18.815049329348916,-7.558365073451191,-3.4403346431462656,-0.0013142793879806595,upper,0.1
508,phase2,upper,-15.0,2,-15.011955060988148,-17.201503625695633,-18.815049329348916,-7.558365073451191,-3.4403346431462656,-0.00038223060458676846,upper,0.1
509,phase2,upper,-15.0,2,-15.01129933102391,-17.201503625695633,-18.815049329348916,-7.558365073451191,-3.4403346431462656,8.13824576439901e-05,upper,0.1
510,phase2,upper,-15.0,2,-15.010269433056406,-17.201503625695633,-18.815049329348916,-7.558365073451191,-3.4403346431462656,0.00029275849695671076,upper,0.1
511,phase2,upper,-15.0,2,-15.00910400176936,-17.201503625695633,-18.815049329348916,-7.558365073451191,-3.4403346431462656,0.0003703592776204411,upper,0.1
512,phase2,upper,-15.0,2,-15.007929977043254,-17.201503625695633,-18.815049329348916,-7.558365073451191,-3.4403346431462656,0.00037893297525259364,upper,0.1
513,phase2,upper,-15.0,2,-15.006812637010173,-17.201503625695633,-18.815049329348916,-7.558365073451191,-3.4403346431462656,0.00035370943718953003,upper,0.1
514,phase2,lower,-20.0,4,-15.006812637010173,-17.61253985756749,-19.050223800812354,-7.507721583448706,-3.3804260443330114,0.0016684772377648927,upper,0.1
515,phase2,upper,-15.0,2,-15.004599938522205,-17.61253985756749,-19.050223800812354,-7.507721583448706,-3.3804260443330114,0.0009579367491518884,upper,0.1
516,phase2,upper,-15.0,2,-15.003126663921806,-17.61253985756749,-19.050223800812354,-7.507721583448706,-3.3804260443330114,0.0005523853253959647,upper,0.1
517,phase2,upper,-15.0,2,-15.002103976263818,-17.61253985756749,-19.050223800812354,-7.507721583448706,-3.3804260443330114,0.00031717004923641765,upper,0.1
518,phase2,upper,-15.0,2,-15.00136754868861,-17.61253985756749,-19.050223800812354,-7.507721583448706,-3.3804260443330114,0.0001779449042597534,upper,0.1
519,phase2,upper,-15.0,2,-15.000821966166416,-17.61253985756749,-19.050223800812354,-7.507721583448706,-3.3804260443330114,9.353057399320814e-05,upper,0.1
520,phase2,upper,-15.0,2,-15.000410165321737,-17.61253985756749,-19.050223800812354,-7.507721583448706,-3.3804260443330114,4.100286672157e-05,upper,0.1
521,phase2,upper,-15.0,2,-15.000096623913196,-17.61253985756749,-19.050223800812354,-7.507721583448706,-3.3804260443330114,7.498869781375926e-06,upper,0.1
522,phase2,upper,-15.0,2,-14.999858100043413,-17.61253985756749,-19.050223800812354,-7.507721583448706,-3.3804260443330114,-1.4286576239339778e-05,upper,0.1
523,phase2,upper,-15.0,2,-14.99967851636085,-17.61253985756749,-19.050223800812354,-7.507721583448706,-3.3804260443330114,-2.8577165161030598e-05,upper,0.1
524,phase2,lower,-20.0,4,-14.99967851636085,-18.00633397134062,-19.252309049157653,-7.445279298725482,-3.3186475487754286,0.005985141093320753,upper,0.1
525,phase2,upper,-15.0,2,-14.994133773434694,-18.00633397134062,-19.252309049157653,-7.445279298725482,-3.3186475487754286,0.0029088441917575506,upper,0.1
526,phase2,upper,-15.0,2,-14.991549865423849,-18.00633397134062,-19.252309049157653,-7.445279298725482,-3.3186475487754286,0.0012524115155584455,upper,0.1
527,phase2,upper,-15.0,2,-14.990588056925635,-18.00633397134062,-19.252309049157653,-7.445279298725482,-3.3186475487754286,0.00037506017326002956,upper,0.1
528,phase2,upper,-15.0,2,-14.99050557348939,-18.00633397134062,-19.252309049157653,-7.445279298725482,-3.3186475487754286,-7.56224425615934e-05,upper,0.1
529,phase2,upper,-15.0,2,-14.9908888232283,-18.00633397134062,-19.252309049157653,-7.445279298725482,-3.3186475487754286,-0.00029352073351913944,upper,0.1
530,phase2,lower,-20.0,4,-14.9908888232283,-18.38119564778249,-19.42293231927761,-7.372254692083032,-3.255610734496023,0.009915472664711683,upper,0.1
531,phase2,upper,-15.0,2,-14.982318462039295,-18.38119564778249,-19.42293231927761,-7.372254692083032,-3.255610734496023,0.0046170670813889675,upper,0.1
532,phase2,upper,-15.0,2,-14.978814328796748,-18.38119564778249,-19.42293231927761,-7.372254692083032,-3.255610734496023,0.0017905271728226894,upper,0.1
533,phase2,upper,-15.0,2,-14.978042895369104,-18.38119564778249,-19.42293231927761,-7.372254692083032,-3.255610734496023,0.0003173918710961556,upper,0.1
534,phase2,upper,-15.0,2,-14.978712157560885,-18.38119564778249,-19.42293231927761,-7.372254692083032,-3.255610734496023,-0.000417248783270626,upper,0.1
535,phase2,upper,-15.0,2,-14.980105536694918,-18.38119564778249,-19.42293231927761,-7.372254692083032,-3.255610734496023,-0.0007514802063580445,upper,0.1
536,phase2,lower,-20.0,4,-14.980105536694918,-18.736045647117724,-19.563964879218524,-7.289992226252339,-3.1919816251411772,0.013387905516736825,upper,0.1
537,phase2,upper,-15.0,2,-14.969099800711554,-18.736045647117724,-19.563964879218524,-7.289992226252339,-3.1919816251411772,0.006057143912401518,upper,0.1
538,phase2,upper,-15.0,2,-14.965071663690262,-18.736045647117724,-19.563964879218524,-7.289992226252339,-3.1919816251411772,0.0021690908634114836,upper,0.1
539,phase2,upper,-15.0,2,-14.964769089689101,-18.736045647117724,-19.563964879218524,-7.289992226252339,-3.1919816251411772,0.00016346913361137713,upper,0.1
540,phase2,upper,-15.0,2,-14.966394041915938,-18.736045647117724,-19.563964879218524,-7.289992226252339,-3.1919816251411772,-0.000817340733619563,upper,0.1
541,phase2,upper,-15.0,2,-14.968951876913653,-18.736045647117724,-19.563964879218524,-7.289992226252339,-3.1919816251411772,-0.0012446751516242292,upper,0.1
542,phase2,upper,-15.0,2,-14.971893058766225,-18.736045647117724,-19.563964879218524,-7.289992226252339,-3.1919816251411772,-0.0013774468374363317,upper,0.1
543,phase2,upper,-15.0,2,-14.974915581598411,-18.736045647117724,-19.563964879218524,-7.289992226252339,-3.1919816251411772,-0.0013577033262926863,upper,0.1
544,phase2,upper,-15.0,2,-14.977855785640916,-18.736045647117724,-19.563964879218524,-7.289992226252339,-3.1919816251411772,-0.0012631627875354101,upper,0.1
545,phase2,upper,-15.0,2,-14.980627828501294,-18.736045647117724,-19.563964879218524,-7.289992226252339,-3.1919816251411772,-0.0011361085250211254,upper,0.1
546,phase2,upper,-15.0,2,-14.983189970304911,-18.736045647117724,-19.563964879218524,-7.289992226252339,-3.1919816251411772,-0.0009992903504226869,upper,0.1
547,phase2,upper,-15.0,2,-14.985525664101521,-18.736045647117724,-19.563964879218524,-7.289992226252339,-3.1919816251411772,-0.0008646832392490873,upper,0.1
548,phase2,upper,-15.0,2,-14.987632845436313,-18.736045647117724,-19.563964879218524,-7.289992226252339,-3.1919816251411772,-0.000738317886434437,upper,0.1
549,phase2,upper,-15.0,2,-14.989517783674527,-18.736045647117724,-19.563964879218524,-7.289992226252339,-3.1919816251411772,-0.0006229497086253711,upper,0.1
550,phase2,upper,-15.0,2,-14.991191489295124,-18.736045647117724,-19.563964879218524,-7.289992226252339,-3.1919816251411772,-0.0005195372675355944,upper,0.1
551,phase2,lower,-20.0,4,-14.991191489295124,-19.069305153868587,-19.676748741667172,-7.199420693932825,-3.128097845851179,0.016626039579920142,upper,0.1
552,phase2,upper,-15.0,2,-14.977236549274421,-19.069305153868587,-19.676748741667172,-7.199420693932825,-3.128097845851179,0.007973268677124857,upper,0.1
553,phase2,upper,-15.0,2,-14.971431621502928,-19.069305153868587,-19.676748741667172,-7.199420693932825,-3.128097845851179,0.0033473893934366037,upper,0.1
554,phase2,upper,-15.0,2,-14.969995712419733,-19.069305153868587,-19.676748741667172,-7.199420693932825,-3.128097845851179,0.000925076171252587,upper,0.1
555,phase2,upper,-15.0,2,-14.970843172277931,-19.069305153868587,-19.676748741667172,-7.199420693932825,-3.128097845851179,-0.00029563874638489186,upper,0.1
556,phase2,upper,-15.0,2,-14.972823650579096,-19.069305153868587,-19.676748741667172,-7.199420693932825,-3.128097845851179,-0.0008652715087428308,upper,0.1
557,phase2,upper,-15.0,2,-14.975303792604164,-19.069305153868587,-19.676748741667172,-7.199420693932825,-3.128097845851179,-0.0010861477318632004,upper,0.1
558,phase2,upper,-15.0,2,-14.977936782597087,-19.069305153868587,-19.676748741667172,-7.199420693932825,-3.128097845851179,-0.001124107477405872,upper,0.1
559,phase2,upper,-15.0,2,-14.980535178379274,-19.069305153868587,-19.676748741667172,-7.199420693932825,-3.128097845851179,-0.0010699062712894816,upper,0.1
560,phase2,upper,-15.0,2,-14.983000575412008,-19.069305153868587,-19.676748741667172,-7.199420693932825,-3.128097845851179,-0.0009729753965820574,upper,0.1
561,phase2,lower,-20.0,4,-14.983000575412008,-19.38092519050537,-19.763529888264145,-7.102060317795119,-3.0647026804371773,0.019298231575778032,upper,0.1
562,phase2,upper,-15.0,2,-14.967040479849041,-19.38092519050537,-19.763529888264145,-7.102060317795119,-3.0647026804371773,0.009072898891462396,upper,0.1
563,phase2,upper,-15.0,2,-14.960730592076427,-19.38092519050537,-19.763529888264145,-7.102060317795119,-3.0647026804371773,0.003623949762961062,upper,0.1
564,phase2,upper,-15.0,2,-14.959578282218306,-19.38092519050537,-19.763529888264145,-7.102060317795119,-3.0647026804371773,0.0007874851897126404,upper,0.1
565,phase2,upper,-15.0,2,-14.961104431826305,-19.38092519050537,-19.763529888264145,-7.102060317795119,-3.0647026804371773,-0.0006256440254049293,upper,0.1
566,phase2,upper,-15.0,2,-14.963941241679628,-19.38092519050537,-19.763529888264145,-7.102060317795119,-3.0647026804371773,-0.0012687968969180223,upper,0.1
567,phase2,upper,-15.0,2,-14.967335597080494,-19.38092519050537,-19.763529888264145,-7.102060317795119,-3.0647026804371773,-0.0015007537916734205,upper,0.1
568,phase2,upper,-15.0,2,-14.970875371946127,-19.38092519050537,-19.763529888264145,-7.102060317795119,-3.0647026804371773,-0.0015182827647237176,upper,0.1
569,phase2,upper,-15.0,2,-14.974338332877933,-19.38092519050537,-19.763529888264145,-7.102060317795119,-3.0647026804371773,-0.0014290118164107823,upper,0.1
570,phase2,upper,-15.0,2,-14.977608506987414,-19.38092519050537,-19.763529888264145,-7.102060317795119,-3.0647026804371773,-0.001291500090979211,upper,0.1
571,phase2,upper,-15.0,2,-14.980629710915059,-19.38092519050537,-19.763529888264145,-7.102060317795119,-3.0647026804371773,-0.0011372829888385955,upper,0.1
572,phase2,upper,-15.0,2,-14.98337958216313,-19.38092519050537,-19.763529888264145,-7.102060317795119,-3.0647026804371773,-0.000983008846848632,upper,0.1
573,phase2,upper,-15.0,2,-14.985854950169008,-19.38092519050537,-19.763529888264145,-7.102060317795119,-3.0647026804371773,-0.00083712746612771,upper,0.1
574,phase2,upper,-15.0,2,-14.988063503684177,-19.38092519050537,-19.763529888264145,-7.102060317795119,-3.0647026804371773,-0.0007035814617233902,upper,0.1
575,phase2,upper,-15.0,2,-14.99001897484046,-19.38092519050537,-19.763529888264145,-7.102060317795119,-3.0647026804371773,-0.0005838475000533543,upper,0.1
576,phase2,upper,-15.0,2,-14.991738304818483,-19.38092519050537,-19.763529888264145,-7.102060317795119,-3.0647026804371773,-0.0004780679792944649,upper,0.1
577,phase2,upper,-15.0,2,-14.993239940566477,-19.38092519050537,-19.763529888264145,-7.102060317795119,-3.0647026804371773,-0.00038568045430307845,upper,0.1
578,phase2,upper,-15.0,2,-14.994542788858327,-19.38092519050537,-19.763529888264145,-7.102060317795119,-3.0647026804371773,-0.0003057689761462104,upper,0.1
579,phase2,upper,-15.0,2,-14.99566556173415,-19.38092519050537,-19.763529888264145,-7.102060317795119,-3.0647026804371773,-0.00023726086080557224,upper,0.1
580,phase2,lower,-20.0,4,-14.99566556173415,-19.669399195055973,-19.825362732399036,-6.998550736483917,-3.0018820838820095,0.021880224810909572,upper,0.1
581,phase2,upper,-15.0,2,-14.976720625072753,-19.669399195055973,-19.825362732399036,-6.998550736483917,-3.0018820838820095,0.01065853091952805,upper,0.1
582,phase2,upper,-15.0,2,-14.968380046405516,-19.669399195055973,-19.825362732399036,-6.998550736483917,-3.0018820838820095,0.004636987827181654,upper,0.1
583,phase2,upper,-15.0,2,-14.965762817450752,-19.669399195055973,-19.825362732399036,-6.998550736483917,-3.0018820838820095,0.00146357083555734,upper,0.1
584,phase2,upper,-15.0,2,-14.96617386360021,-19.669399195055973,-19.825362732399036,-6.998550736483917,-3.0018820838820095,-0.0001544223759230058,upper,0.1
585,phase2,upper,-15.0,2,-14.9681240029151,-19.669399195055973,-19.825362732399036,-6.998550736483917,-3.0018820838820095,-0.0009274467303056542,upper,0.1
586,phase2,upper,-15.0,2,-14.970790625571238,-19.669399195055973,-19.825362732399036,-6.998550736483917,-3.0018820838820095,-0.0012458559564991391,upper,0.1
587,phase2,upper,-15.0,2,-14.973720613176479,-19.669399195055973,-19.825362732399036,-6.998550736483917,-3.0018820838820095,-0.0013239660995523351,upper,0.1
588,phase2,upper,-15.0,2,-14.976666447460648,-19.669399195055973,-19.825362732399036,-6.998550736483917,-3.0018820838820095,-0.0012792411619747637,upper,0.1
589,phase2,upper,-15.0,2,-14.979495588275084,-19.669399195055973,-19.825362732399036,-6.998550736483917,-3.0018820838820095,-0.0011758306063689092,upper,0.1
590,phase2,upper,-15.0,2,-14.982140192091517,-19.669399195055973,-19.825362732399036,-6.998550736483917,-3.0018820838820095,-0.0010485172845051522,upper,0.1
591,phase2,upper,-15.0,2,-14.984569070974318,-19.669399195055973,-19.825362732399036,-6.998550736483917,-3.0018820838820095,-0.0009158985072547724,upper,0.1
592,phase2,upper,-15.0,2,-14.98677193916447,-19.669399195055973,-19.825362732399036,-6.998550736483917,-3.0018820838820095,-0.0007876477812992001,upper,0.1
593,phase2,upper,-15.0,2,-14.988750470932505,-19.669399195055973,-19.825362732399036,-6.998550736483917,-3.0018820838820095,-0.000668520849064455,upper,0.1
594,phase2,upper,-15.0,2,-14.99051315334347,-19.669399195055973,-19.825362732399036,-6.998550736483917,-3.0018820838820095,-0.0005605698598539319,upper,0.1
595,phase2,upper,-15.0,2,-14.992072269730997,-19.669399195055973,-19.825362732399036,-6.998550736483917,-3.0018820838820095,-0.00046437031479509464,upper,0.1
596,phase2,upper,-15.0,2,-14.993442093200457,-19.669399195055973,-19.825362732399036,-6.998550736483917,-3.0018820838820095,-0.000379703245566662,upper,0.1
597,phase2,upper,-15.0,2,-14.994637778609599,-19.669399195055973,-19.825362732399036,-6.998550736483917,-3.0018820838820095,-0.0003059360703820467,upper,0.1
598,phase2,upper,-15.0,2,-14.995674666860992,-19.669399195055973,-19.825362732399036,-6.998550736483917,-3.0018820838820095,-0.00024223619527469157,upper,0.1
599,phase2,upper,-15.0,2,-14.996567839743461,-19.669399195055973,-19.825362732399036,-6.998550736483917,-3.0018820838820095,-0.0001876913022498906,upper,0.1
600,phase2,upper,-15.0,2,-14.997331832443262,-19.669399195055973,-19.825362732399036,-6.998550736483917,-3.0018820838820095,-0.0001413771982987378,upper,0.1
601,phase2,upper,-15.0,2,-14.997980449185606,-19.669399195055973,-19.825362732399036,-6.998550736483917,-3.0018820838820095,-0.00010239590011970615,upper,0.1
602,phase2,upper,-15.0,2,-14.998526648984154,-19.669399195055973,-19.825362732399036,-6.998550736483917,-3.0018820838820095,-6.98966015310049e-05,upper,0.1
603,phase2,upper,-15.0,2,-14.998982480709312,-19.669399195055973,-19.825362732399036,-6.998550736483917,-3.0018820838820095,-4.3086634685451914e-05,upper,0.1
604,phase2,upper,-15.0,2,-14.999359053778631,-19.669399195055973,-19.825362732399036,-6.998550736483917,-3.0018820838820095,-2.1236470887286613e-05,upper,0.1
605,phase2,upper,-15.0,2,-14.999666535002332,-19.669399195055973,-19.825362732399036,-6.998550736483917,-3.0018820838820095,-3.6811013847021684e-06,upper,0.1
606,phase2,upper,-15.0,2,-14.999914164737795,-19.669399195055973,-19.825362732399036,-6.998550736483917,-3.0018820838820095,1.0180817371082846e-05,upper,0.1
607,phase2,upper,-15.0,2,-15.00011028720987,-19.669399195055973,-19.825362732399036,-6.998550736483917,-3.0018820838820095,2.088921133936606e-05,upper,0.1
608,phase2,upper,-15.0,2,-15.00026239102113,-19.669399195055973,-19.825362732399036,-6.998550736483917,-3.0018820838820095,2.8925698984261657e-05,upper,0.1
609,phase2,upper,-15.0,2,-15.000377156720564,-19.669399195055973,-19.825362732399036,-6.998550736483917,-3.0018820838820095,3.471721770287994e-05,upper,0.1
610,phase2,upper,-15.0,2,-15.000460508939478,-19.669399195055973,-19.825362732399036,-6.998550736483917,-3.0018820838820095,3.863993262753662e-05,upper,0.1
611,phase2,upper,-15.0,2,-15.000517671107962,-19.669399195055973,-19.825362732399036,-6.998550736483917,-3.0018820838820095,4.102326487834141e-05,upper,0.1
612,phase2,upper,-15.0,2,-15.00055322117355,-19.669399195055973,-19.825362732399036,-6.998550736483917,-3.0018820838820095,4.215392338733927e-05,upper,0.1
613,phase2,upper,-15.0,2,-15.000571147079864,-19.669399195055973,-19.825362732399036,-6.998550736483917,-3.0018820838820095,4.227985702893257e-05,upper,0.1
614,phase2,upper,-15.0,2,-15.000574901042432,-19.669399195055973,-19.825362732399036,-6.998550736483917,-3.0018820838820095,4.161406739061524e-05,upper,0.1
615,phase2,upper,-15.0,2,-15.000567451891753,-19.669399195055973,-19.825362732399036,-6.998550736483917,-3.0018820838820095,4.033824019183092e-05,upper,0.1
616,phase2,upper,-15.0,2,-15.000551334947723,-19.669399195055973,-19.825362732399036,-6.998550736483917,-3.0018820838820095,3.8606166939367924e-05,upper,0.1
617,phase2,upper,-15.0,2,-15.000528699050507,-19.669399195055973,-19.825362732399036,-6.998550736483917,-3.0018820838820095,3.6546939004591577e-05,upper,0.1
618,phase2,upper,-15.0,2,-15.00050135050549,-19.669399195055973,-19.825362732399036,-6.998550736483917,-3.0018820838820095,3.426790463513093e-05,upper,0.1
619,phase2,upper,-15.0,2,-15.000470793808137,-19.669399195055973,-19.825362732399036,-6.998550736483917,-3.0018820838820095,3.1857385949553726e-05,upper,0.1
620,phase2,lower,-20.0,4,-15.000470793808137,-19.934966877142926,-19.86437247816264,-6.8902436090825985,-2.9402356383747676,0.02396842472015899,upper,0.1
621,phase2,upper,-15.0,2,-14.978895358501074,-19.934966877142926,-19.86437247816264,-6.8902436090825985,-2.9402356383747676,0.011758305151819136,upper,0.1
622,phase2,upper,-15.0,2,-14.968952136914071,-19.934966877142926,-19.86437247816264,-6.8902436090825985,-2.9402356383747676,0.005185963053890746,upper,0.1
623,phase2,upper,-15.0,2,-14.965341953091707,-19.934966877142926,-19.86437247816264,-6.8902436090825985,-2.9402356383747676,0.0017048324671808778,upper,0.1
624,phase2,upper,-15.0,2,-14.965132393784472,-19.934966877142926,-19.86437247816264,-6.8902436090825985,-2.9402356383747676,-8.514240613950892e-05,upper,0.1
625,phase2,upper,-15.0,2,-14.966697234153935,-19.934966877142926,-19.86437247816264,-6.8902436090825985,-2.9402356383747676,-0.0009538088671198217,upper,0.1
626,phase2,upper,-15.0,2,-14.969132790844188,-19.934966877142926,-19.86437247816264,-6.8902436090825985,-2.9402356383747676,-0.0013245077363845071,upper,0.1
627,phase2,upper,-15.0,2,-14.971936408069025,-19.934966877142926,-19.86437247816264,-6.8902436090825985,-2.9402356383747676,-0.0014299846419145725,upper,0.1
628,phase2,upper,-15.0,2,-14.974829064966173,-19.934966877142926,-19.86437247816264,-6.8902436090825985,-2.9402356383747676,-0.001398089867719131,upper,0.1
629,phase2,upper,-15.0,2,-14.977657261866062,-19.934966877142926,-19.86437247816264,-6.8902436090825985,-2.9402356383747676,-0.0012988996444923738,upper,0.1
630,phase2,upper,-15.0,2,-14.98033855301768,-19.934966877142926,-19.86437247816264,-6.8902436090825985,-2.9402356383747676,-0.0011706376373775897,upper,0.1
631,phase2,upper,-15.0,2,-14.98283114075925,-19.934966877142926,-19.86437247816264,-6.8902436090825985,-2.9402356383747676,-0.001033944603670842,upper,0.1
632,phase2,upper,-15.0,2,-14.985116762624948,-19.934966877142926,-19.86437247816264,-6.8902436090825985,-2.9402356383747676,-0.0008997421780058109,upper,0.1
633,phase2,upper,-15.0,2,-14.987190946987681,-19.934966877142926,-19.86437247816264,-6.8902436090825985,-2.9402356383747676,-0.0007735733122469666,upper,0.1
634,phase2,upper,-15.0,2,-14.989057374668539,-19.934966877142926,-19.86437247816264,-6.8902436090825985,-2.9402356383747676,-0.0006580034603854744,upper,0.1
635,phase2,upper,-15.0,2,-14.990724546909341,-19.934966877142926,-19.86437247816264,-6.8902436090825985,-2.9402356383747676,-0.0005539532341517083,upper,0.1
636,phase2,upper,-15.0,2,-14.99220376444754,-19.934966877142926,-19.86437247816264,-6.8902436090825985,-2.9402356383747676,-0.0004614413109824169,upper,0.1
637,phase2,upper,-15.0,2,-14.993507864932921,-19.934966877142926,-19.86437247816264,-6.8902436090825985,-2.9402356383747676,-0.0003800010114604996,upper,0.1
638,phase2,upper,-15.0,2,-14.994650409617009,-19.934966877142926,-19.86437247816264,-6.8902436090825985,-2.9402356383747676,-0.0003089156079883758,upper,0.1
639,phase2,upper,-15.0,2,-14.995645144688469,-19.934966877142926,-19.86437247816264,-6.8902436090825985,-2.9402356383747676,-0.00024735236721954123,upper,0.1
640,phase2,upper,-15.0,2,-14.996505637018453,-19.934966877142926,-19.86437247816264,-6.8902436090825985,-2.9402356383747676,-0.0001944395513296603,upper,0.1
641,phase2,upper,-15.0,2,-14.997245025443826,-19.934966877142926,-19.86437247816264,-6.8902436090825985,-2.9402356383747676,-0.000149310914972059,upper,0.1
642,phase2,upper,-15.0,2,-14.997875851898959,-19.934966877142926,-19.86437247816264,-6.8902436090825985,-2.9402356383747676,-0.00011113138817224824,upper,0.1
643,phase2,upper,-15.0,2,-14.998409949863554,-19.934966877142926,-19.86437247816264,-6.8902436090825985,-2.9402356383747676,-7.911164886412135e-05,upper,0.1
644,phase2,upper,-15.0,2,-14.998858375205565,-19.934966877142926,-19.86437247816264,-6.8902436090825985,-2.9402356383747676,-5.251597481389014e-05,upper,0.1
645,phase2,upper,-15.0,2,-14.999231369027335,-19.934966877142926,-19.86437247816264,-6.8902436090825985,-2.9402356383747676,-3.066592149245044e-05,upper,0.1
646,phase2,upper,-15.0,2,-14.999538344923852,-19.934966877142926,-19.86437247816264,-6.8902436090825985,-2.9402356383747676,-1.2941339665558128e-05,upper,0.1
647,phase2,upper,-15.0,2,-14.999787894880452,-19.934966877142926,-19.86437247816264,-6.8902436090825985,-2.9402356383747676,1.220338860436935e-06,upper,0.1
648,phase2,upper,-15.0,2,-14.999987809285063,-19.934966877142926,-19.86437247816264,-6.8902436090825985,-2.9402356383747676,1.2325956317779653e-05,upper,0.1
649,phase2,upper,-15.0,2,-15.000145107435548,-19.934966877142926,-19.86437247816264,-6.8902436090825985,-2.9402356383747676,2.082923315298299e-05,upper,0.1
650,phase2,upper,-15.0,2,-15.00026607561342,-19.934966877142926,-19.86437247816264,-6.8902436090825985,-2.9402356383747676,2.71338512051624e-05,upper,0.1
651,phase2,upper,-15.0,2,-15.000356310343609,-19.934966877142926,-19.86437247816264,-6.8902436090825985,-2.9402356383747676,3.159682315781009e-05,upper,0.1
652,phase2,upper,-15.0,2,-15.000420764907934,-19.934966877142926,-19.86437247816264,-6.8902436090825985,-2.9402356383747676,3.453200712064906e-05,upper,0.1
653,phase2,upper,-15.0,2,-15.000463797552488,-19.934966877142926,-19.86437247816264,-6.8902436090825985,-2.9402356383747676,3.621366131379803e-05,upper,0.1
654,phase2,upper,-15.0,2,-15.000489220142365,-19.934966877142926,-19.86437247816264,-6.8902436090825985,-2.9402356383747676,3.687996027369459e-05,upper,0.1
655,phase2,lower,-20.0,4,-15.000489220142365,-20.177874245280652,-19.882530308107196,-6.778340834343446,-2.880230474960321,0.025637202155552943,upper,0.1
656,phase2,upper,-15.0,2,-14.977460056305642,-20.177874245280652,-19.882530308107196,-6.778340834343446,-2.880230474960321,0.012580894289786558,upper,0.1
657,phase2,upper,-15.0,2,-14.966861214773019,-20.177874245280652,-19.882530308107196,-6.778340834343446,-2.880230474960321,0.005553596590701209,upper,0.1
658,phase2,upper,-15.0,2,-14.963026779096564,-20.177874245280652,-19.882530308107196,-6.778340834343446,-2.880230474960321,0.0018318408855999666,upper,0.1
659,phase2,upper,-15.0,2,-14.962821920897774,-20.177874245280652,-19.882530308107196,-6.778340834343446,-2.880230474960321,-8.165271931666622e-05,upper,0.1
660,phase2,upper,-15.0,2,-14.964508621698856,-20.177874245280652,-19.882530308107196,-6.778340834343446,-2.880230474960321,-0.0010101630036991774,upper,0.1
661,phase2,upper,-15.0,2,-14.967121472013293,-20.177874245280652,-19.882530308107196,-6.778340834343446,-2.880230474960321,-0.0014063878958471348,upper,0.1
662,phase2,upper,-15.0,2,-14.970123823387853,-20.177874245280652,-19.882530308107196,-6.778340834343446,-2.880230474960321,-0.0015191917044194516,upper,0.1
663,phase2,upper,-15.0,2,-14.973218078804393,-20.177874245280652,-19.882530308107196,-6.778340834343446,-2.880230474960321,-0.0014852607740993293,upper,0.1
664,phase2,upper,-15.0,2,-14.976240771935064,-20.177874245280652,-19.882530308107196,-6.778340834343446,-2.880230474960321,-0.001379499156118565,upper,0.1
665,phase2,upper,-15.0,2,-14.97910432597153,-20.177874245280652,-19.882530308107196,-6.778340834343446,-2.880230474960321,-0.0012427509968099997,upper,0.1
666,phase2,upper,-15.0,2,-14.98176454563835,-20.177874245280652,-19.882530308107196,-6.778340834343446,-2.880230474960321,-0.0010970612700188116,upper,0.1
667,phase2,upper,-15.0,2,-14.984202325342274,-20.177874245280652,-19.882530308107196,-6.778340834343446,-2.880230474960321,-0.0009540854426772471,upper,0.1
668,phase2,upper,-15.0,2,-14.986413237241878,-20.177874245280652,-19.882530308107196,-6.778340834343446,-2.880230474960321,-0.000819730956536147,upper,0.1
669,phase2,upper,-15.0,2,-14.988401509888373,-20.177874245280652,-19.882530308107196,-6.778340834343446,-2.880230474960321,-0.0006967247207411969,upper,0.1
670,phase2,upper,-15.0,2,-14.990176472756497,-20.177874245280652,-19.882530308107196,-6.778340834343446,-2.880230474960321,-0.0005860378607609211,upper,0.1
671,phase2,upper,-15.0,2,-14.99175040224713,-20.177874245280652,-19.882530308107196,-6.778340834343446,-2.880230474960321,-0.0004876797816427506,upper,0.1
672,phase2,upper,-15.0,2,-14.993137178009789,-20.177874245280652,-19.882530308107196,-6.778340834343446,-2.880230474960321,-0.00040114326926465524,upper,0.1
673,phase2,upper,-15.0,2,-14.994351419069796,-20.177874245280652,-19.882530308107196,-6.778340834343446,-2.880230474960321,-0.0003256557710558703,upper,0.1
674,phase2,upper,-15.0,2,-14.99540791303669,-20.177874245280652,-19.882530308107196,-6.778340834343446,-2.880230474960321,-0.00026032241615858617,upper,0.1
675,phase2,upper,-15.0,2,-14.99632123123494,-20.177874245280652,-19.882530308107196,-6.778340834343446,-2.880230474960321,-0.00020420807068328848,upper,0.1
676,phase2,upper,-15.0,2,-14.997105466838558,-20.177874245280652,-19.882530308107196,-6.778340834343446,-2.880230474960321,-0.00015638466698629467,upper,0.1
677,phase2,upper,-15.0,2,-14.99777405788577,-20.177874245280652,-19.882530308107196,-6.778340834343446,-2.880230474960321,-0.00011595844544328682,upper,0.1
678,phase2,upper,-15.0,2,-14.998339671120682,-20.177874245280652,-19.882530308107196,-6.778340834343446,-2.880230474960321,-8.208534463296406e-05,upper,0.1
679,phase2,upper,-15.0,2,-14.998814130748295,-20.177874245280652,-19.882530308107196,-6.778340834343446,-2.880230474960321,-5.3979231679751345e-05,upper,0.1
680,phase2,upper,-15.0,2,-14.999208381031321,-20.177874245280652,-19.882530308107196,-6.778340834343446,-2.880230474960321,-3.0915693367928256e-05,upper,0.1
681,phase2,upper,-15.0,2,-14.999532474650538,-20.177874245280652,-19.882530308107196,-6.778340834343446,-2.880230474960321,-1.2233004243998656e-05,upper,0.1
682,phase2,upper,-15.0,2,-14.99979558069284,-20.177874245280652,-19.882530308107196,-6.778340834343446,-2.880230474960321,2.6687379001120076e-06,upper,0.1
683,phase2,upper,-15.0,2,-15.000006007463035,-20.177874245280652,-19.882530308107196,-6.778340834343446,-2.880230474960321,1.4329679443807468e-05,upper,0.1
684,phase2,upper,-15.0,2,-15.000171236281101,-20.177874245280652,-19.882530308107196,-6.778340834343446,-2.880230474960321,2.3233064479494978e-05,upper,0.1
685,phase2,upper,-15.0,2,-15.000297963162735,-20.177874245280652,-19.882530308107196,-6.778340834343446,-2.880230474960321,2.9808587597935447e-05,upper,0.1
686,phase2,upper,-15.0,2,-15.000392145864831,-20.177874245280652,-19.882530308107196,-6.778340834343446,-2.880230474960321,3.443604158908507e-05,upper,0.1
687,phase2,upper,-15.0,2,-15.000459054254021,-20.177874245280652,-19.882530308107196,-6.778340834343446,-2.880230474960321,3.74491107193773e-05,upper,0.1
688,phase2,upper,-15.0,2,-15.000503322352461,-20.177874245280652,-19.882530308107196,-6.778340834343446,-2.880230474960321,3.913919870115926e-05,upper,0.1
689,phase2,upper,-15.0,2,-15.0005290007476,-20.177874245280652,-19.882530308107196,-6.778340834343446,-2.880230474960321,3.9759208594641014e-05,upper,0.1
690,phase2,upper,-15.0,2,-15.000539608333076,-20.177874245280652,-19.882530308107196,-6.778340834343446,-2.880230474960321,3.952721322852245e-05,upper,0.1
691,phase2,upper,-15.0,2,-15.000538182584474,-20.177874245280652,-19.882530308107196,-6.778340834343446,-2.880230474960321,3.862997137154483e-05,upper,0.1
692,phase2,upper,-15.0,2,-15.000527327772378,-20.177874245280652,-19.882530308107196,-6.778340834343446,-2.880230474960321,3.722625809870925e-05,upper,0.1
693,phase2,upper,-15.0,2,-15.00050926068156,-20.177874245280652,-19.882530308107196,-6.778340834343446,-2.880230474960321,3.5449988372027396e-05,upper,0.1
694,phase2,upper,-15.0,2,-15.000485853543067,-20.177874245280652,-19.882530308107196,-6.778340834343446,-2.880230474960321,3.3413121342791724e-05,upper,0.1
695,phase2,upper,-15.0,2,-15.00045867399954,-20.177874245280652,-19.882530308107196,-6.778340834343446,-2.880230474960321,3.1208339661275936e-05,upper,0.1
696,phase2,upper,-15.0,2,-15.000429022016409,-20.177874245280652,-19.882530308107196,-6.778340834343446,-2.880230474960321,2.891150345100465e-05,upper,0.1
697,phase2,upper,-15.0,2,-15.00039796372564,-20.177874245280652,-19.882530308107196,-6.778340834343446,-2.880230474960321,2.658388279346236e-05,upper,0.1
698,phase2,lower,-20.0,4,-15.00039796372564,-20.398315926068793,-19.88162032658098,-6.663872958708621,-2.8221986599733864,0.026969288963955954,upper,0.1
699,phase2,upper,-15.0,2,-14.97611792767406,-20.398315926068793,-19.88162032658098,-6.663872958708621,-2.8221986599733864,0.013226199665545849,upper,0.1
700,phase2,upper,-15.0,2,-14.964932191101056,-20.398315926068793,-19.88162032658098,-6.663872958708621,-2.8221986599733864,0.005828981547678076,upper,0.1
701,phase2,upper,-15.0,2,-14.960875692087566,-20.398315926068793,-19.88162032658098,-6.663872958708621,-2.8221986599733864,0.0019112292855417322,upper,0.1
702,phase2,upper,-15.0,2,-14.960647432603135,-20.398315926068793,-19.88162032658098,-6.663872958708621,-2.8221986599733864,-0.0001029606689274651,upper,0.1
703,phase2,upper,-15.0,2,-14.962416700838608,-20.398315926068793,-19.88162032658098,-6.663872958708621,-2.8221986599733864,-0.001080133422670907,upper,0.1
704,phase2,upper,-15.0,2,-14.965166117859772,-20.398315926068793,-19.88162032658098,-6.663872958708621,-2.8221986599733864,-0.0014968076272819947,upper,0.1
705,phase2,upper,-15.0,2,-14.968329738683536,-20.398315926068793,-19.88162032658098,-6.663872958708621,-2.8221986599733864,-0.0016149677452459905,upper,0.1
706,phase2,upper,-15.0,2,-14.971593375173992,-20.398315926068793,-19.88162032658098,-6.663872958708621,-2.8221986599733864,-0.0015785271378884178,upper,0.1
707,phase2,upper,-15.0,2,-14.974784154966954,-20.398315926068793,-19.88162032658098,-6.663872958708621,-2.8221986599733864,-0.00146636755914791,upper,0.1
708,phase2,upper,-15.0,2,-14.977809208925775,-20.398315926068793,-19.88162032658098,-6.663872958708621,-2.8221986599733864,-0.0013215163709710549,upper,0.1
709,phase2,upper,-15.0,2,-14.980621442435552,-20.398315926068793,-19.88162032658098,-6.663872958708621,-2.8221986599733864,-0.0011672085641712467,upper,0.1
710,phase2,upper,-15.0,2,-14.983200269589705,-20.398315926068793,-19.88162032658098,-6.663872958708621,-2.8221986599733864,-0.001015738373201502,upper,0.1
711,phase2,upper,-15.0,2,-14.98554064179217,-20.398315926068793,-19.88162032658098,-6.663872958708621,-2.8221986599733864,-0.0008733450251850806,upper,0.1
712,phase2,upper,-15.0,2,-14.987646698423127,-20.398315926068793,-19.88162032658098,-6.663872958708621,-2.8221986599733864,-0.0007429156588294179,upper,0.1
713,phase2,upper,-15.0,2,-14.989528013914029,-20.398315926068793,-19.88162032658098,-6.663872958708621,-2.8221986599733864,-0.0006254854943166656,upper,0.1
714,phase2,upper,-15.0,2,-14.991197320938003,-20.398315926068793,-19.88162032658098,-6.663872958708621,-2.8221986599733864,-0.0005210741676762731,upper,0.1
715,phase2,upper,-15.0,2,-14.99266908749683,-20.398315926068793,-19.88162032658098,-6.663872958708621,-2.8221986599733864,-0.00042915473130851175,upper,0.1
716,phase2,upper,-15.0,2,-14.993958599984252,-20.398315926068793,-19.88162032658098,-6.663872958708621,-2.8221986599733864,-0.0003489186028044316,upper,0.1
717,phase2,upper,-15.0,2,-14.995081355634646,-20.398315926068793,-19.88162032658098,-6.663872958708621,-2.8221986599733864,-0.00027942651413833574,upper,0.1
718,phase2,upper,-15.0,2,-14.99605265150206,-20.398315926068793,-19.88162032658098,-6.663872958708621,-2.8221986599733864,-0.00021969524246630862,upper,0.1
719,phase2,upper,-15.0,2,-14.99688730367593,-20.398315926068793,-19.88162032658098,-6.663872958708621,-2.8221986599733864,-0.00016874774273814046,upper,0.1
720,phase2,upper,-15.0,2,-14.99759945653665,-20.398315926068793,-19.88162032658098,-6.663872958708621,-2.8221986599733864,-0.00012564209336078574,upper,0.1
721,phase2,upper,-15.0,2,-14.998202456665757,-20.398315926068793,-19.88162032658098,-6.663872958708621,-2.8221986599733864,-8.948792758987369e-05,upper,0.1
722,phase2,upper,-15.0,2,-14.998708774595384,-20.398315926068793,-19.88162032658098,-6.663872958708621,-2.8221986599733864,-5.945529301472192e-05,upper,0.1
723,phase2,upper,-15.0,2,-14.99912996268169,-20.398315926068793,-19.88162032658098,-6.663872958708621,-2.8221986599733864,-3.477880668226908e-05,upper,0.1
724,phase2,upper,-15.0,2,-14.999476640541625,-20.398315926068793,-19.88162032658098,-6.663872958708621,-2.8221986599733864,-1.4758810770835462e-05,upper,0.1
725,phase2,upper,-15.0,2,-14.999758501541072,-20.398315926068793,-19.88162032658098,-6.663872958708621,-2.8221986599733864,1.2394252489330784e-06,upper,0.1
726,phase2,upper,-15.0,2,-14.999984335228726,-20.398315926068793,-19.88162032658098,-6.663872958708621,-2.8221986599733864,1.378778993830827e-05,upper,0.1
727,phase2,upper,-15.0,2,-15.000162061630757,-20.398315926068793,-19.88162032658098,-6.663872958708621,-2.8221986599733864,2.3398261099343652e-05,upper,0.1
728,phase2,upper,-15.0,2,-15.00029877410034,-20.398315926068793,-19.88162032658098,-6.663872958708621,-2.8221986599733864,3.0526378272827245e-05,upper,0.1
729,phase2,upper,-15.0,2,-15.000400788034717,-20.398315926068793,-19.88162032658098,-6.663872958708621,-2.8221986599733864,3.55750390979488e-05,upper,0.1
730,phase2,upper,-15.0,2,-15.000473693277817,-20.398315926068793,-19.88162032658098,-6.663872958708621,-2.8221986599733864,3.8898460245473026e-05,upper,0.1
731,phase2,upper,-15.0,2,-15.00052240844695,-20.398315926068793,-19.88162032658098,-6.663872958708621,-2.8221986599733864,4.080618435655375e-05,upper,0.1
732,phase2,upper,-15.0,2,-15.000551235775509,-20.398315926068793,-19.88162032658098,-6.663872958708621,-2.8221986599733864,4.156704424651009e-05,upper,0.1
733,phase2,upper,-15.0,2,-15.000563915361932,-20.398315926068793,-19.88162032658098,-6.663872958708621,-2.8221986599733864,4.141301830804859e-05,upper,0.1
734,phase2,upper,-15.0,2,-15.000563677966898,-20.398315926068793,-19.88162032658098,-6.663872958708621,-2.8221986599733864,4.054292875879716e-05,upper,0.1
735,phase2,upper,-15.0,2,-15.000553295712724,-20.398315926068793,-19.88162032658098,-6.663872958708621,-2.8221986599733864,3.912594845254246e-05,upper,0.1
736,phase2,upper,-15.0,2,-15.000535130216198,-20.398315926068793,-19.88162032658098,-6.663872958708621,-2.8221986599733864,3.730489326073002e-05,upper,0.1
737,phase2,upper,-15.0,2,-15.00051117783355,-20.398315926068793,-19.88162032658098,-6.663872958708621,-2.8221986599733864,3.519928609950334e-05,upper,0.1
738,phase2,upper,-15.0,2,-15.000483111817621,-20.398315926068793,-19.88162032658098,-6.663872958708621,-2.8221986599733864,3.29081859356848e-05,upper,0.1
739,phase2,upper,-15.0,2,-15.000452321286138,-20.398315926068793,-19.88162032658098,-6.663872958708621,-2.8221986599733864,3.0512780864434462e-05,upper,0.1
740,phase2,lower,-20.0,4,-15.000452321286138,-20.596618904617234,-19.863375585555627,-6.547797346935864,-2.766417860580732,0.027991130217780325,upper,0.1
741,phase2,upper,-15.0,2,-14.975255391286236,-20.596618904617234,-19.863375585555627,-6.547797346935864,-2.766417860580732,0.013728781292945472,upper,0.1
742,phase2,upper,-15.0,2,-14.963646662536778,-20.596618904617234,-19.863375585555627,-6.547797346935864,-2.766417860580732,0.006052010269407755,upper,0.1
743,phase2,upper,-15.0,2,-14.959435889716895,-20.596618904617234,-19.863375585555627,-6.547797346935864,-2.766417860580732,0.0019861281861457947,upper,0.1
744,phase2,upper,-15.0,2,-14.959197514122748,-20.596618904617234,-19.863375585555627,-6.547797346935864,-2.766417860580732,-0.00010429791767715621,upper,0.1
745,phase2,upper,-15.0,2,-14.961031787405101,-20.596618904617234,-19.863375585555627,-6.547797346935864,-2.766417860580732,-0.0011185440918992696,upper,0.1
746,phase2,upper,-15.0,2,-14.963883000967186,-20.596618904617234,-19.863375585555627,-6.547797346935864,-2.766417860580732,-0.0015511258337337788,upper,0.1
747,phase2,upper,-15.0,2,-14.967163916901258,-20.596618904617234,-19.863375585555627,-6.547797346935864,-2.766417860580732,-0.0016739203879799353,upper,0.1
748,phase2,upper,-15.0,2,-14.970548549362688,-20.596618904617234,-19.863375585555627,-6.547797346935864,-2.766417860580732,-0.0016362741129701973,upper,0.1
749,phase2,upper,-15.0,2,-14.9738575531457,-20.596618904617234,-19.863375585555627,-6.547797346935864,-2.766417860580732,-0.0015200456971541827,upper,0.1
750,phase2,upper,-15.0,2,-14.97699459668473,-20.596618904617234,-19.863375585555627,-6.547797346935864,-2.766417860580732,-0.0013698855801913205,upper,0.1
751,phase2,upper,-15.0,2,-14.979910841936007,-20.596618904617234,-19.863375585555627,-6.547797346935864,-2.766417860580732,-0.0012099046931323587,upper,0.1
752,phase2,upper,-15.0,2,-14.982584952267786,-20.596618904617234,-19.863375585555627,-6.547797346935864,-2.766417860580732,-0.0010528603918384001,upper,0.1
753,phase2,upper,-15.0,2,-14.985011707955646,-20.596618904617234,-19.863375585555627,-6.547797346935864,-2.766417860580732,-0.0009052267037986577,upper,0.1
754,phase2,upper,-15.0,2,-14.987195418200022,-20.596618904617234,-19.863375585555627,-6.547797346935864,-2.766417860580732,-0.0007699992872057035,upper,0.1
755,phase2,upper,-15.0,2,-14.98914602749441,-20.596618904617234,-19.863375585555627,-6.547797346935864,-2.766417860580732,-0.0006482522104988101,upper,0.1
756,phase2,upper,-15.0,2,-14.990876753738096,-20.596618904617234,-19.863375585555627,-6.547797346935864,-2.766417860580732,-0.0005400058254307221,upper,0.1
757,phase2,upper,-15.0,2,-14.99240261237961,-20.596618904617234,-19.863375585555627,-6.547797346935864,-2.766417860580732,-0.000444713436441737,upper,0.1
758,phase2,upper,-15.0,2,-14.993739465538406,-20.596618904617234,-19.863375585555627,-6.547797346935864,-2.766417860580732,-0.0003615362165283964,upper,0.1
759,phase2,upper,-15.0,2,-14.99490339209828,-20.596618904617234,-19.863375585555627,-6.547797346935864,-2.766417860580732,-0.0002894998230967745,upper,0.1
760,phase2,upper,-15.0,2,-14.995910261664891,-20.596618904617234,-19.863375585555627,-6.547797346935864,-2.766417860580732,-0.00022758437504484706,upper,0.1
761,phase2,upper,-15.0,2,-14.996775443599482,-20.596618904617234,-19.863375585555627,-6.547797346935864,-2.766417860580732,-0.00017477645409071468,upper,0.1
762,phase2,upper,-15.0,2,-14.997513609422949,-20.596618904617234,-19.863375585555627,-6.547797346935864,-2.766417860580732,-0.00013009912318930688,upper,0.1
763,phase2,upper,-15.0,2,-14.998138602254793,-20.596618904617234,-19.863375585555627,-6.547797346935864,-2.766417860580732,-9.262896178677889e-05,upper,0.1
764,phase2,upper,-15.0,2,-14.99866335584439,-20.596618904617234,-19.863375585555627,-6.547797346935864,-2.766417860580732,-6.150524647280167e-05,upper,0.1
765,phase2,upper,-15.0,2,-14.999099851044036,-20.596618904617234,-19.863375585555627,-6.547797346935864,-2.766417860580732,-3.593425243602457e-05,upper,0.1
766,phase2,upper,-15.0,2,-14.99945910084629,-20.596618904617234,-19.863375585555627,-6.547797346935864,-2.766417860580732,-1.5190444617136384e-05,upper,0.1
767,phase2,upper,-15.0,2,-14.999751157233565,-20.596618904617234,-19.863375585555627,-6.547797346935864,-2.766417860580732,1.3843563669476826e-06,upper,0.1
768,phase2,upper,-15.0,2,-14.999985134546714,-20.596618904617234,-19.863375585555627,-6.547797346935864,-2.766417860580732,1.438314267591412e-05,upper,0.1
769,phase2,upper,-15.0,2,-15.000169245138009,-20.596618904617234,-19.863375585555627,-6.547797346935864,-2.766417860580732,2.433676408602529e-05,upper,0.1
770,phase2,upper,-15.0,2,-15.000310843881813,-20.596618904617234,-19.863375585555627,-6.547797346935864,-2.766417860580732,3.1717533375697235e-05,upper,0.1
771,phase2,upper,-15.0,2,-15.000416478757659,-20.596618904617234,-19.863375585555627,-6.547797346935864,-2.766417860580732,3.694316683814584e-05,upper,0.1
772,phase2,upper,-15.0,2,-15.000491945244503,-20.596618904617234,-19.863375585555627,-6.547797346935864,-2.766417860580732,4.038089481045099e-05,upper,0.1
773,phase2,upper,-15.0,2,-15.000542342700802,-20.596618904617234,-19.863375585555627,-6.547797346935864,-2.766417860580732,4.235161933866944e-05,upper,0.1
774,phase2,upper,-15.0,2,-15.000572131271477,-20.596618904617234,-19.863375585555627,-6.547797346935864,-2.766417860580732,4.313402702723195e-05,upper,0.1
775,phase2,upper,-15.0,2,-15.00058518817209,-20.596618904617234,-19.863375585555627,-6.547797346935864,-2.766417860580732,4.296858863194665e-05,upper,0.1
776,phase2,upper,-15.0,2,-15.000584862461459,-20.596618904617234,-19.863375585555627,-6.547797346935864,-2.766417860580732,4.20613953147468e-05,upper,0.1
777,phase2,upper,-15.0,2,-15.000574027633673,-20.596618904617234,-19.863375585555627,-6.547797346935864,-2.766417860580732,4.058779606788457e-05,upper,0.1
778,phase2,lower,-20.0,4,-15.000574027633673,-20.77325804369461,-19.829494621767466,-6.431012587909287,-2.713126061117326,0.02872032402157006,upper,0.1
779,phase2,upper,-15.0,2,-14.974743368941274,-20.77325804369461,-19.829494621767466,-6.431012587909287,-2.713126061117326,0.014091766563010776,upper,0.1
780,phase2,upper,-15.0,2,-14.962845069937451,-20.77325804369461,-19.829494621767466,-6.431012587909287,-2.713126061117326,0.00621785286537327,upper,0.1
781,phase2,upper,-15.0,2,-14.958530654943091,-20.77325804369461,-19.829494621767466,-6.431012587909287,-2.713126061117326,0.002047448734759218,upper,0.1
782,phase2,upper,-15.0,2,-14.958287309097159,-20.77325804369461,-19.829494621767466,-6.431012587909287,-2.713126061117326,-9.688825029360512e-05,upper,0.1
783,phase2,upper,-15.0,2,-14.960167152167527,-20.77325804369461,-19.829494621767466,-6.431012587909287,-2.713126061117326,-0.001137518041669787,upper,0.1
784,phase2,upper,-15.0,2,-14.963087945625801,-20.77325804369461,-19.829494621767466,-6.431012587909287,-2.713126061117326,-0.0015816368255229852,upper,0.1
785,phase2,upper,-15.0,2,-14.96644787577155,-20.77325804369461,-19.829494621767466,-6.431012587909287,-2.713126061117326,-0.0017080825454822677,upper,0.1
786,phase2,upper,-15.0,2,-14.969913016353233,-20.77325804369461,-19.829494621767466,-6.431012587909287,-2.713126061117326,-0.0016700162079723213,upper,0.1
787,phase2,upper,-15.0,2,-14.973299779376415,-20.77325804369461,-19.829494621767466,-6.431012587909287,-2.713126061117326,-0.00155138009206884,upper,0.1
788,phase2,upper,-15.0,2,-14.976509660814706,-20.77325804369461,-19.829494621767466,-6.431012587909287,-2.713126061117326,-0.001397955321832611,upper,0.1
789,phase2,upper,-15.0,2,-14.979492815295046,-20.77325804369461,-19.829494621767466,-6.431012587909287,-2.713126061117326,-0.0012344587610946412,upper,0.1
790,phase2,upper,-15.0,2,-14.982227557387397,-20.77325804369461,-19.829494621767466,-6.431012587909287,-2.713126061117326,-0.0010739647054221685,upper,0.1
791,phase2,upper,-15.0,2,-14.984708691137266,-20.77325804369461,-19.829494621767466,-6.431012587909287,-2.713126061117326,-0.0009231050876858253,upper,0.1
792,phase2,upper,-15.0,2,-14.986940758776159,-20.77325804369461,-19.829494621767466,-6.431012587909287,-2.713126061117326,-0.0007849461834501617,upper,0.1
793,phase2,upper,-15.0,2,-14.988934052413125,-20.77325804369461,-19.829494621767466,-6.431012587909287,-2.713126061117326,-0.0006605850801383317,upper,0.1
794,phase2,upper,-15.0,2,-14.990702196243964,-20.77325804369461,-19.829494621767466,-6.431012587909287,-2.713126061117326,-0.0005500395635897736,upper,0.1
795,phase2,upper,-15.0,2,-14.992260637002856,-20.77325804369461,-19.829494621767466,-6.431012587909287,-2.713126061117326,-0.0004527470351905398,upper,0.1
796,phase2,upper,-15.0,2,-14.993625672364296,-20.77325804369461,-19.829494621767466,-6.431012587909287,-2.713126061117326,-0.0003678462644786288,upper,0.1
797,phase2,upper,-15.0,2,-14.994813808087965,-20.77325804369461,-19.829494621767466,-6.431012587909287,-2.713126061117326,-0.000294337830958139,upper,0.1
798,phase2,upper,-15.0,2,-14.995841323831867,-20.77325804369461,-19.829494621767466,-6.431012587909287,-2.713126061117326,-0.00023117624188697587,upper,0.1
799,phase2,lower,-20.0,4,-14.995841323831867,-20.929089760119595,-19.781810447022007,-6.3144797403641695,-2.662609582376065,0.029107904989819484,upper,0.1
