episode,phase,route,return,steps,q_start_right,q_start_down,q_shield_right,q_d1_right,q_d2_right,mood_M,greedy_route,epsilon
0,phase1,upper,-15.0,2,-1.25,0.0,0.0,0.0,0.0,nan,lower,0.1
1,phase1,lower,-10.0,4,-1.25,-0.25,-0.25,-0.25,-0.25,nan,lower,0.1
2,phase1,lower,-10.0,4,-1.25,-0.5,-0.5,-0.5,-0.475,nan,lower,0.1
3,phase1,lower,-10.0,4,-1.25,-0.75,-0.75,-0.7475,-0.6775,nan,lower,0.1
4,phase1,lower,-10.0,4,-1.25,-1.0,-0.99975,-0.9905,-0.85975,nan,lower,0.1
5,phase1,lower,-10.0,4,-1.25,-1.249975,-1.248825,-1.227425,-1.023775,nan,lower,0.1
6,phase1,lower,-10.0,4,-1.25,-1.49986,-1.496685,-1.45706,-1.1713975,nan,upper,0.1
7,phase1,lower,-10.0,4,-1.25,-1.7495425,-1.7427225000000002,-1.6784937500000001,-1.30425775,nan,upper,0.1
8,phase1,upper,-15.0,2,-2.4000000000000004,-1.7495425,-1.7427225000000002,-1.6784937500000001,-1.30425775,nan,lower,0.1
9,phase1,lower,-10.0,4,-2.4000000000000004,-1.9988605000000002,-1.9862996250000002,-1.8910701500000002,-1.4238319750000001,nan,lower,0.1
10,phase1,lower,-10.0,4,-2.4000000000000004,-2.2476044125000003,-2.2267766775,-2.0943463325000002,-1.5314487775,nan,lower,0.1
11,phase1,lower,-10.0,4,-2.4000000000000004,-2.495521639,-2.4635336430000003,-2.2880565770000003,-1.6283038997500001,nan,upper,0.1
12,phase1,upper,-15.0,2,-3.4575000000000005,-2.495521639,-2.4635336430000003,-2.2880565770000003,-1.6283038997500001,nan,lower,0.1
13,phase1,lower,-10.0,4,-3.4575000000000005,-2.7423228394,-2.6959859364000005,-2.4720813092750005,-1.715473509775,nan,lower,0.1
14,phase1,lower,-10.0,4,-3.4575000000000005,-2.9876891491,-2.9235954736875005,-2.6464205293250003,-1.7939261587975,nan,lower,0.1
15,phase1,lower,-10.0,4,-3.4575000000000005,-3.23127978155875,-3.1458779792512503,-2.81117109227225,-1.8645335429177499,nan,lower,0.1
16,phase1,lower,-10.0,4,-3.4575000000000005,-3.472739601328,-3.3624072905533504,-2.9665073373368003,-1.9280801886259749,nan,upper,0.1
17,phase1,upper,-15.0,2,-4.429500000000001,-3.472739601328,-3.3624072905533504,-2.9665073373368003,-1.9280801886259749,nan,lower,0.1
18,phase1,lower,-10.0,4,-4.429500000000001,-3.711706370250535,-3.5728172952316952,-3.1126646224657177,-1.9852721697633773,nan,lower,0.1
19,phase1,lower,-10.0,4,-4.429500000000001,-3.947817462748651,-3.7768020279550973,-3.2499253771954835,-2.0367449527870396,nan,lower,0.1
20,phase1,lower,-10.0,4,-4.429500000000001,-4.1807159192692955,-3.9741143628791358,-3.378607334754639,-2.0830704575083354,nan,lower,0.1
21,phase1,lower,-10.0,4,-4.429500000000001,-4.41005576363028,-4.164563660066686,-3.4990536470300087,-2.124763411757502,nan,lower,0.1
22,phase1,lower,-10.0,4,-4.429500000000001,-4.63550655327392,-4.348012658763018,-3.611624623502758,-2.162287070581752,nan,upper,0.1
23,phase1,upper,-15.0,2,-5.322525000000001,-4.63550655327392,-4.348012658763018,-3.611624623502758,-2.162287070581752,nan,lower,0.1
24,phase1,upper,-15.0,2,-6.142650000000001,-4.63550655327392,-4.348012658763018,-3.611624623502758,-2.162287070581752,nan,lower,0.1
25,phase1,lower,-10.0,4,-6.142650000000001,-4.85675716382283,-4.524373855236992,-3.7166908682106574,-2.196058363523577,nan,lower,0.1
26,phase1,lower,-10.0,4,-6.142650000000001,-5.073518832964246,-4.693605556534359,-3.8146276177419494,-2.226452527171219,nan,lower,0.1
27,phase1,lower,-10.0,4,-6.142650000000001,-5.285527505321257,-4.855707762655118,-3.9058101086848764,-2.2538072744540973,nan,lower,0.1
28,phase1,lower,-10.0,4,-6.142650000000001,-5.492545531054643,-5.010717997258094,-3.9906098252617985,-2.2784265470086877,nan,lower,0.1
29,phase1,lower,-10.0,4,-6.142650000000001,-5.694362777674987,-5.158707180058465,-4.069391497436487,-2.300583892307819,nan,lower,0.1
30,phase1,lower,-10.0,4,-6.142650000000001,-5.890797217913335,-5.299775611796267,-4.1425107369236205,-2.320525503077037,nan,lower,0.1
31,phase1,lower,-10.0,4,-6.142650000000001,-6.081695057301628,-5.434049124309003,-4.210312213538963,-2.338472952769333,nan,lower,0.1
32,phase1,lower,-10.0,4,-6.142650000000001,-6.266930464002366,-5.561675433231999,-4.273128287462,-2.3546256574923996,nan,upper,0.1
33,phase1,upper,-15.0,2,-6.895524750000001,-6.266930464002366,-5.561675433231999,-4.273128287462,-2.3546256574923996,nan,lower,0.1
34,phase1,lower,-10.0,4,-6.895524750000001,-6.446404960925329,-5.682820718654999,-4.33127802446504,-2.3691630917431596,nan,lower,0.1
35,phase1,lower,-10.0,4,-6.895524750000001,-6.620046536698296,-5.7976664492360035,-4.385066531192852,-2.382246782568844,nan,lower,0.1
36,phase1,lower,-10.0,4,-6.895524750000001,-6.787808527952067,-5.906406457431689,-4.434784556330451,-2.3940221043119596,nan,lower,0.1
37,phase1,lower,-10.0,4,-6.895524750000001,-6.949668320900029,-6.009244267321565,-4.480708311128602,-2.4046198938807635,nan,upper,0.1
38,phase1,upper,-15.0,2,-7.586398050000001,-6.949668320900029,-6.009244267321565,-4.480708311128602,-2.4046198938807635,nan,lower,0.1
39,phase1,lower,-10.0,4,-7.586398050000001,-7.105625915542182,-6.106390671702268,-4.523099469403818,-2.4141579044926873,nan,lower,0.1
40,phase1,lower,-10.0,4,-7.586398050000001,-7.255702391158191,-6.198061551472423,-4.562205312912705,-2.4227421140434187,nan,lower,0.1
41,phase1,lower,-10.0,4,-7.586398050000001,-7.399938307189614,-6.284475927616452,-4.598258993025777,-2.430467902639077,nan,lower,0.1
42,phase1,lower,-10.0,4,-7.586398050000001,-7.538392069232298,-6.365854234157384,-4.631479883987106,-2.4374211123751692,nan,lower,0.1
43,phase1,lower,-10.0,4,-7.586398050000001,-7.6711382857248065,-6.442416799140356,-4.662074006825913,-2.443679001137652,nan,upper,0.1
44,phase1,upper,-15.0,2,-8.220141442500001,-7.6711382857248065,-6.442416799140356,-4.662074006825913,-2.443679001137652,nan,lower,0.1
45,phase1,upper,-15.0,2,-8.801272176000001,-7.6711382857248065,-6.442416799140356,-4.662074006825913,-2.443679001137652,nan,lower,0.1
46,phase1,lower,-10.0,4,-8.801272176000001,-7.798266137066362,-6.514382519908912,-4.690234506257086,-2.449311101023887,nan,lower,0.1
47,phase1,lower,-10.0,4,-8.801272176000001,-7.919877775350617,-6.581967718543729,-4.716142165733766,-2.454379990921498,nan,lower,0.1
48,phase1,lower,-10.0,4,-8.801272176000001,-8.036086769669929,-6.645385163262732,-4.739965948252539,-2.4589419918293483,nan,lower,0.1
49,phase1,lower,-10.0,4,-8.801272176000001,-8.147016609029208,-6.704843241761713,-4.761863552610221,-2.4630477926464134,nan,lower,0.1
50,phase1,lower,-10.0,4,-8.801272176000001,-8.25279927230246,-6.760545272846564,-4.78198197661384,-2.4667430133817723,nan,lower,0.1
51,phase1,lower,-10.0,4,-8.801272176000001,-8.35357387235687,-6.812688943223291,-4.800458080290633,-2.470068712043595,nan,lower,0.1
52,phase1,lower,-10.0,4,-8.801272176000001,-8.449485379443512,-6.8614658569300255,-4.817419143465929,-2.4730618408392355,nan,lower,0.1
53,phase1,lower,-10.0,4,-8.801272176000001,-8.540683427192164,-6.907061185583616,-4.83298341320326,-2.475755656755312,nan,lower,0.1
54,phase1,lower,-10.0,4,-8.801272176000001,-8.62732120303131,-6.94965340834558,-4.847260637558465,-2.4781800910797807,nan,lower,0.1
55,phase1,lower,-10.0,4,-8.801272176000001,-8.709554423562736,-6.9894141312668685,-4.860352582910597,-2.4803620819718026,nan,lower,0.1
56,phase1,lower,-10.0,4,-8.801272176000001,-8.78754039433315,-7.026507976431241,-4.872353532816717,-2.4823258737746223,nan,lower,0.1
57,phase1,lower,-10.0,4,-8.801272176000001,-8.861437152542958,-7.061092532069789,-4.883350766912508,-2.48409328639716,nan,upper,0.1
58,phase1,upper,-15.0,2,-9.333975348375,-8.861437152542958,-7.061092532069789,-4.883350766912508,-2.48409328639716,nan,lower,0.1
59,phase1,lower,-10.0,4,-9.333975348375,-8.931402690495641,-7.093318355554061,-4.893425018860973,-2.485683957757444,nan,lower,0.1
60,phase1,lower,-10.0,4,-9.333975348375,-8.997594257001483,-7.123329021884752,-4.90265091275062,-2.4871155619816996,nan,lower,0.1
61,phase1,lower,-10.0,4,-9.333975348375,-9.06016773348981,-7.151261210971339,-4.911097377673729,-2.4884040057835297,nan,lower,0.1
62,phase1,lower,-10.0,4,-9.333975348375,-9.119277081237962,-7.177244827641578,-4.9188280404847085,-2.4895636052051766,nan,lower,0.1
63,phase1,lower,-10.0,4,-9.333975348375,-9.175073855878324,-7.201403148925891,-4.925901596956756,-2.490607244684659,nan,lower,0.1
64,phase1,lower,-10.0,4,-9.333975348375,-9.22770678518308,-7.223852993728977,-4.932372161729546,-2.4915465202161933,nan,lower,0.1
65,phase1,lower,-10.0,4,-9.333975348375,-9.27732140603767,-7.244704910529034,-4.938289597578211,-2.492391868194574,nan,lower,0.1
66,phase1,lower,-10.0,4,-9.333975348375,-9.324059756486806,-7.264063379233952,-4.943699824639848,-2.4931526813751166,nan,lower,0.1
67,phase1,lower,-10.0,4,-9.333975348375,-9.36806011876152,-7.282027023774542,-4.948645110313374,-2.493837413237605,nan,upper,0.1
68,phase1,upper,-15.0,2,-9.822125164515,-9.36806011876152,-7.282027023774542,-4.948645110313374,-2.493837413237605,nan,lower,0.1
69,phase1,lower,-10.0,4,-9.822125164515,-9.409456809262823,-7.298688832428425,-4.953164340605797,-2.4944536719138446,nan,lower,0.1
70,phase1,lower,-10.0,4,-9.822125164515,-9.448380011579383,-7.314136383246162,-4.957293273736601,-2.49500830472246,nan,lower,0.1
71,phase1,lower,-10.0,4,-9.822125164515,-9.48495564874606,-7.328452072295207,-4.961064776835187,-2.495507474250214,nan,lower,0.1
72,phase1,lower,-10.0,4,-9.822125164515,-9.519305291100975,-7.3417133427492045,-4.96450904657669,-2.4959567268251925,nan,lower,0.1
73,phase1,lower,-10.0,4,-9.822125164515,-9.551546096265799,-7.353992913131953,-4.96765381460154,-2.4963610541426733,nan,lower,0.1
74,phase1,lower,-10.0,4,-9.822125164515,-9.581790777952415,-7.365359003278912,-4.970524538555654,-2.496724948728406,nan,lower,0.1
75,phase1,lower,-10.0,4,-9.822125164515,-9.610147600485064,-7.375875556806586,-4.973144579572929,-2.4970524538555656,nan,lower,0.1
76,phase1,lower,-10.0,4,-9.822125164515,-9.636720396117216,-7.385602459083221,-4.975535367001193,-2.4973472084700092,nan,lower,0.1
77,phase1,lower,-10.0,4,-9.822125164515,-9.661608602413816,-7.394595749875018,-4.977716551148075,-2.4976124876230084,nan,lower,0.1
78,phase1,lower,-10.0,4,-9.822125164515,-9.684907317159936,-7.402907830002324,-4.979706144795568,-2.4978512388607075,nan,lower,0.1
79,phase1,lower,-10.0,4,-9.822125164515,-9.706707368444174,-7.410587661481648,-4.981520654202082,-2.4980661149746366,nan,lower,0.1
80,phase1,lower,-10.0,4,-9.822125164515,-9.727095397747922,-7.417680960753691,-4.983175200279337,-2.498259503477173,nan,lower,0.1
81,phase1,lower,-10.0,4,-9.822125164515,-9.746153954048498,-7.424230384706255,-4.984683630599121,-2.4984335531294555,nan,lower,0.1
82,phase1,lower,-10.0,4,-9.822125164515,-9.763961597114275,-7.430275709295541,-4.986058622852155,-2.49859019781651,nan,lower,0.1
83,phase1,lower,-10.0,4,-9.822125164515,-9.780593008332401,-7.435854000651203,-4.98731178034859,-2.498731178034859,nan,lower,0.1
84,phase1,lower,-10.0,4,-9.822125164515,-9.796119107564282,-7.440999778620942,-4.988453720117217,-2.498858060231373,nan,lower,0.1
85,phase1,upper,-15.0,2,-10.26930526394325,-9.796119107564282,-7.440999778620942,-4.988453720117217,-2.498858060231373,nan,lower,0.1
86,phase1,lower,-10.0,4,-10.26930526394325,-9.810607174669947,-7.445745172770569,-4.989494154128633,-2.4989722542082355,nan,lower,0.1
87,phase1,lower,-10.0,4,-10.26930526394325,-9.824120974480008,-7.450120070906375,-4.990441964136593,-2.499075028787412,nan,lower,0.1
88,phase1,lower,-10.0,4,-10.26930526394325,-9.836720884122645,-7.454152260229397,-4.991305270601675,-2.4991675259086708,nan,lower,0.1
89,phase1,lower,-10.0,4,-10.26930526394325,-9.84846402173332,-7.4578675612666245,-4.992091496132375,-2.4992507733178035,nan,lower,0.1
90,phase1,lower,-10.0,4,-10.26930526394325,-9.859404375686651,-7.4612899547532,-4.992807423850918,-2.4993256959860233,nan,lower,0.1
91,phase1,lower,-10.0,4,-10.26930526394325,-9.869592933593307,-7.464441701662972,-4.9934592510644285,-2.499393126387421,nan,lower,0.1
92,phase1,lower,-10.0,4,-10.26930526394325,-9.879077810400274,-7.467343456603118,-4.994052638596727,-2.499453813748679,nan,lower,0.1
93,phase1,lower,-10.0,4,-10.26930526394325,-9.887904375020558,-7.470014374802479,-4.994592756111922,-2.499508432373811,nan,lower,0.1
94,phase1,lower,-10.0,4,-10.26930526394325,-9.89611537499875,-7.472472212933424,-4.995084323738111,-2.49955758913643,nan,lower,0.1
95,phase1,lower,-10.0,4,-10.26930526394325,-9.903751058792217,-7.474733424013892,-4.995531650277943,-2.499601830222787,nan,lower,0.1
96,phase1,lower,-10.0,4,-10.26930526394325,-9.910849295314385,-7.4768132466402975,-4.995938668272427,-2.4996416472005083,nan,lower,0.1
97,phase1,lower,-10.0,4,-10.26930526394325,-9.917445690446977,-7.47872578880351,-4.996308966165236,-2.4996774824804575,nan,lower,0.1
98,phase1,lower,-10.0,4,-10.26930526394325,-9.92357370028263,-7.4804841065396825,-4.996645817796758,-2.499709734232412,nan,lower,0.1
99,phase1,lower,-10.0,4,-10.26930526394325,-9.929264740908335,-7.48210027766539,-4.996952209440324,-2.4997387608091706,nan,lower,0.1
100,phase1,upper,-15.0,2,-10.6788280918407,-9.929264740908335,-7.48210027766539,-4.996952209440324,-2.4997387608091706,nan,lower,0.1
101,phase1,lower,-10.0,4,-10.6788280918407,-9.93454829458404,-7.4835854708428835,-4.997230864577209,-2.4997648847282536,nan,lower,0.1
102,phase1,lower,-10.0,4,-10.6788280918407,-9.939452012209925,-7.484950010216316,-4.997484266592314,-2.499788396255428,nan,lower,0.1
103,phase1,upper,-15.0,2,-11.053753301519228,-9.939452012209925,-7.484950010216316,-4.997484266592314,-2.499788396255428,nan,lower,0.1
104,phase1,lower,-10.0,4,-11.053753301519228,-9.944001812010564,-7.486203435853916,-4.997714679558625,-2.4998095566298852,nan,lower,0.1
105,phase1,lower,-10.0,4,-11.053753301519228,-9.9482219743949,-7.487354560224387,-4.997924167265751,-2.4998286009668966,nan,lower,0.1
106,phase1,lower,-10.0,4,-11.053753301519228,-9.952135232977849,-7.488411520928523,-4.998114610635866,-2.499845740870207,nan,lower,0.1
107,phase1,lower,-10.0,4,-11.053753301519228,-9.955762861772916,-7.489381829899257,-4.9982877236593,-2.4998611667831865,nan,lower,0.1
108,phase1,lower,-10.0,4,-11.053753301519228,-9.959124758585551,-7.490272419275261,-4.998445067971689,-2.4998750501048677,nan,lower,0.1
109,phase1,lower,-10.0,4,-11.053753301519228,-9.962239524654521,-7.491089684144904,-4.998588066185007,-2.499887545094381,nan,lower,0.1
110,phase1,lower,-10.0,4,-11.053753301519228,-9.96512454060356,-7.491839522348914,-4.998718014075944,-2.499898790584943,nan,lower,0.1
111,phase1,lower,-10.0,4,-11.053753301519228,-9.967796038778095,-7.492527371521617,-4.998836091726844,-2.4999089115264486,nan,lower,0.1
112,phase1,lower,-10.0,4,-11.053753301519228,-9.970269172052447,-7.4931582435421396,-4.998943373706804,-2.4999180203738036,nan,lower,0.1
113,phase1,lower,-10.0,4,-11.053753301519228,-9.972558079201416,-7.493736756558606,-4.999040838373504,-2.499926218336423,nan,lower,0.1
114,phase1,lower,-10.0,4,-11.053753301519228,-9.974675946937136,-7.494267164740096,-4.999129376369796,-2.499933596502781,nan,lower,0.1
115,phase1,lower,-10.0,4,-11.053753301519228,-9.976635068717432,-7.494753385903066,-4.999209798383094,-2.499940236852503,nan,lower,0.1
116,phase1,lower,-10.0,4,-11.053753301519228,-9.978446900435996,-7.495199027151069,-4.999282842230035,-2.4999462131672527,nan,lower,0.1
117,phase1,lower,-10.0,4,-11.053753301519228,-9.980122113107504,-7.495607408658966,-4.999349179323756,-2.4999515918505275,nan,lower,0.1
118,phase1,lower,-10.0,4,-11.053753301519228,-9.98167064266265,-7.495981585725445,-4.999409420576433,-2.4999564326654746,nan,lower,0.1
119,phase1,lower,-10.0,4,-11.053753301519228,-9.98310173696893,-7.4963243692105435,-4.999464121785337,-2.4999607893989273,nan,lower,0.1
120,phase1,upper,-15.0,2,-11.396905188343643,-9.98310173696893,-7.4963243692105435,-4.999464121785337,-2.4999607893989273,nan,lower,0.1
121,phase1,lower,-10.0,4,-11.396905188343643,-9.98442400019309,-7.496638344468023,-4.999513788546696,-2.4999647104590346,nan,lower,0.1
122,phase1,lower,-10.0,4,-11.396905188343643,-9.985645434620583,-7.49692588887589,-4.999558880737929,-2.499968239413131,nan,lower,0.1
123,phase1,lower,-10.0,4,-11.396905188343643,-9.986773480046114,-7.4971891880620944,-4.99959981660545,-2.499971415471818,nan,lower,0.1
124,phase1,lower,-10.0,4,-11.396905188343643,-9.987815050847713,-7.49743025091643,-4.999636976492087,-2.499974273924636,nan,lower,0.1
125,phase1,lower,-10.0,4,-11.396905188343643,-9.988776570854585,-7.497650923473996,-4.999670706235342,-2.499976846532172,nan,lower,0.1
126,phase1,lower,-10.0,4,-11.396905188343643,-9.989664006116525,-7.4978529017501305,-4.999701320265025,-2.499979161878955,nan,lower,0.1
127,phase1,lower,-10.0,4,-11.396905188343643,-9.990482895679886,-7.49803774360162,-4.999729104426418,-2.4999812456910595,nan,lower,0.1
128,phase1,lower,-10.0,4,-11.396905188343643,-9.99123838047206,-7.4982068796841,-4.999754318552882,-2.4999831211219536,nan,lower,0.1
129,phase1,lower,-10.0,4,-11.396905188343643,-9.991935230393263,-7.498361623570979,-4.999777198809789,-2.4999848090097583,nan,lower,0.1
130,phase1,lower,-10.0,4,-11.396905188343643,-9.992577869711035,-7.4985031810948595,-4.999797959829786,-2.4999863281087826,nan,lower,0.1
131,phase1,lower,-10.0,4,-11.396905188343643,-9.993170400849417,-7.4986326589683525,-4.999816796657686,-2.4999876952979045,nan,lower,0.1
132,phase1,lower,-10.0,4,-11.396905188343643,-9.99371662666131,-7.498751072737286,-4.999833886521707,-2.4999889257681143,nan,lower,0.1
133,phase1,lower,-10.0,4,-11.396905188343643,-9.994220071268908,-7.498859354115728,-4.999849390446348,-2.499990033191303,nan,lower,0.1
134,phase1,lower,-10.0,4,-11.396905188343643,-9.99468399955359,-7.498958357748791,-4.999863454720844,-2.499991029872173,nan,lower,0.1
135,phase1,lower,-10.0,4,-11.396905188343643,-9.99511143537311,-7.499048867445996,-4.999876212235977,-2.4999919268849555,nan,lower,0.1
136,phase1,lower,-10.0,4,-11.396905188343643,-9.995505178580398,-7.4991316019249945,-4.999887783700875,-2.49999273419646,nan,lower,0.1
137,phase1,lower,-10.0,4,-11.396905188343643,-9.995867820914858,-7.499207220102583,-4.999898278750433,-2.499993460776814,nan,lower,0.1
138,phase1,lower,-10.0,4,-11.396905188343643,-9.996201760833632,-7.499276325967368,-4.999907796953071,-2.4999941146991325,nan,lower,0.1
139,phase1,lower,-10.0,4,-11.396905188343643,-9.996509217347006,-7.499339473065938,-4.999916428727677,-2.4999947032292194,nan,lower,0.1
140,phase1,lower,-10.0,4,-11.396905188343643,-9.996792242918898,-7.499397168632112,-4.999924256177831,-2.4999952329062975,nan,lower,0.1
141,phase1,lower,-10.0,4,-11.396905188343643,-9.99705273549022,-7.499449877386684,-4.999931353850678,-2.4999957096156677,nan,lower,0.1
142,phase1,lower,-10.0,4,-11.396905188343643,-9.997292449679867,-7.499498025033083,-4.999937789427177,-2.499996138654101,nan,lower,0.1
143,phase1,lower,-10.0,4,-11.396905188343643,-9.997513007215188,-7.499542001472492,-4.99994362434987,-2.499996524788691,nan,lower,0.1
144,phase1,lower,-10.0,4,-11.396905188343643,-9.997715906640918,-7.4995821637602305,-4.999948914393752,-2.499996872309822,nan,lower,0.1
145,phase1,lower,-10.0,4,-11.396905188343643,-9.99790253235285,-7.499618838823583,-4.999953710185359,-2.49999718507884,nan,lower,0.1
146,phase1,lower,-10.0,4,-11.396905188343643,-9.998074162999924,-7.499652325959761,-4.999958057674707,-2.4999974665709557,nan,lower,0.1
147,phase1,lower,-10.0,4,-11.396905188343643,-9.998231979295907,-7.499682899131256,-4.999961998564332,-2.49999771991386,nan,lower,0.1
148,phase1,lower,-10.0,4,-11.396905188343643,-9.998377071279442,-7.499710809074563,-4.999965570699286,-2.4999979479224743,nan,lower,0.1
149,phase1,lower,-10.0,4,-11.396905188343643,-9.998510445058955,-7.499736285237035,-4.999968808421604,-2.499998153130227,nan,lower,0.1
150,phase1,lower,-10.0,4,-11.396905188343643,-9.998633029076762,-7.499759537555493,-4.999971742892466,-2.499998337817204,nan,lower,0.1
151,phase1,lower,-10.0,4,-11.396905188343643,-9.998745679924635,-7.49978075808919,-4.9999744023849395,-2.4999985040354837,nan,lower,0.1
152,phase1,lower,-10.0,4,-11.396905188343643,-9.99884918774109,-7.499800122518765,-4.999976812549994,-2.4999986536319354,nan,lower,0.1
153,phase1,lower,-10.0,4,-11.396905188343643,-9.998944281218858,-7.499817791521888,-4.999978996658188,-2.499998788268742,nan,lower,0.1
154,phase1,lower,-10.0,4,-11.396905188343643,-9.99903163224916,-7.499833912035518,-4.999980975819243,-2.4999989094418678,nan,lower,0.1
155,phase1,lower,-10.0,4,-11.396905188343643,-9.999111860227796,-7.499848618413891,-4.999982769181505,-2.499999018497681,nan,lower,0.1
156,phase1,lower,-10.0,4,-11.396905188343643,-9.999185536046404,-7.499862033490652,-4.999984394113123,-2.499999116647913,nan,lower,0.1
157,phase1,lower,-10.0,4,-11.396905188343643,-9.99925318579083,-7.499874269552899,-4.999985866366602,-2.499999204983122,nan,lower,0.1
158,phase1,lower,-10.0,4,-11.396905188343643,-9.999315294167037,-7.499885429234269,-4.999987200228254,-2.49999928448481,nan,lower,0.1
159,phase1,lower,-10.0,4,-11.396905188343643,-9.99937230767376,-7.499895606333668,-4.99998840865391,-2.4999993560363287,nan,lower,0.1
160,phase1,lower,-10.0,4,-11.396905188343643,-9.99942463753975,-7.499904886565693,-4.999989503392152,-2.4999994204326956,nan,lower,0.1
161,phase1,lower,-10.0,4,-11.396905188343643,-9.999472662442344,-7.499913348248339,-4.999990495096206,-2.499999478389426,nan,lower,0.1
162,phase1,lower,-10.0,4,-11.396905188343643,-9.999516731022943,-7.499921062933126,-4.999991393425528,-2.4999995305504834,nan,lower,0.1
163,phase1,lower,-10.0,4,-11.396905188343643,-9.999557164213961,-7.499928095982366,-4.999992207138024,-2.499999577495435,nan,lower,0.1
164,phase1,lower,-10.0,4,-11.396905188343643,-9.999594257390802,-7.499934507097931,-4.999992944173765,-2.4999996197458914,nan,lower,0.1
165,phase1,lower,-10.0,4,-11.396905188343643,-9.999628282361515,-7.499940350805515,-4.999993611730977,-2.499999657771302,nan,lower,0.1
166,phase1,lower,-10.0,4,-11.396905188343643,-9.999659489205914,-7.4999456768980615,-4.9999942163350095,-2.499999691994172,nan,lower,0.1
167,phase1,lower,-10.0,4,-11.396905188343643,-9.999688107975128,-7.4999505308417564,-4.999994763900926,-2.499999722794755,nan,lower,0.1
168,phase1,lower,-10.0,4,-11.396905188343643,-9.99971435026179,-7.4999549541476735,-4.999995259790309,-2.4999997505152796,nan,lower,0.1
169,phase1,lower,-10.0,4,-11.396905188343643,-9.999738410650378,-7.499958984711937,-4.999995708862806,-2.4999997754637517,nan,lower,0.1
170,phase1,lower,-10.0,4,-11.396905188343643,-9.999760468056534,-7.499962657127024,-4.999996115522901,-2.4999997979173765,nan,lower,0.1
171,phase1,lower,-10.0,4,-11.396905188343643,-9.999780686963582,-7.4999660029666115,-4.999996483762349,-2.4999998181256387,nan,lower,0.1
172,phase1,lower,-10.0,4,-11.396905188343643,-9.999799218563885,-7.499969051046185,-4.999996817198678,-2.4999998363130747,nan,lower,0.1
173,phase1,lower,-10.0,4,-11.396905188343643,-9.999816201812115,-7.499971827661435,-4.999997119110118,-2.4999998526817673,nan,lower,0.1
174,phase1,lower,-10.0,4,-11.396905188343643,-9.999831764397047,-7.4999743568063035,-4.999997392467283,-2.4999998674135906,nan,lower,0.1
175,phase1,lower,-10.0,4,-11.396905188343643,-9.999846023637973,-7.499976660372401,-4.999997639961914,-2.4999998806722314,nan,lower,0.1
176,phase1,lower,-10.0,4,-11.396905188343643,-9.999859087311416,-7.499978758331353,-4.999997864032946,-2.4999998926050084,nan,lower,0.1
177,phase1,lower,-10.0,4,-11.396905188343643,-9.99987105441341,-7.499980668901512,-4.999998066890153,-2.4999999033445075,nan,lower,0.1
178,phase1,lower,-10.0,4,-11.396905188343643,-9.99988201586222,-7.499982408700376,-4.999998250535588,-2.4999999130100568,nan,lower,0.1
179,phase1,lower,-10.0,4,-11.396905188343643,-9.999892055146034,-7.499983992883897,-4.999998416783035,-2.499999921709051,nan,lower,0.1
180,phase1,lower,-10.0,4,-11.396905188343643,-9.999901248919821,-7.499985435273811,-4.999998567275637,-2.499999929538146,nan,lower,0.1
181,phase1,lower,-10.0,4,-11.396905188343643,-9.99990966755522,-7.499986748473994,-4.999998703501888,-2.4999999365843313,nan,lower,0.1
182,phase1,lower,-10.0,4,-11.396905188343643,-9.999917375647097,-7.499987943976783,-4.999998826810132,-2.499999942925898,nan,lower,0.1
183,phase1,lower,-10.0,4,-11.396905188343643,-9.999924432480066,-7.4999890322601175,-4.999998938421709,-2.499999948633308,nan,lower,0.1
184,phase1,lower,-10.0,4,-11.396905188343643,-9.999930892458071,-7.499990022876276,-4.999999039442869,-2.4999999537699775,nan,lower,0.1
185,phase1,lower,-10.0,4,-11.396905188343643,-9.99993680549989,-7.499990924532936,-4.9999991308755805,-2.49999995839298,nan,lower,0.1
186,phase1,lower,-10.0,4,-11.396905188343643,-9.999942217403195,-7.4999917451672005,-4.99999921362732,-2.499999962553682,nan,lower,0.1
187,phase1,lower,-10.0,4,-11.396905188343643,-9.999947170179595,-7.499992492013212,-4.999999288519956,-2.4999999662983137,nan,lower,0.1
188,phase1,lower,-10.0,4,-11.396905188343643,-9.999951702362956,-7.499993171663887,-4.999999356297792,-2.4999999696684823,nan,lower,0.1
189,phase1,lower,-10.0,4,-11.396905188343643,-9.99995584929305,-7.499993790127277,-4.999999417634861,-2.499999972701634,nan,lower,0.1
190,phase1,lower,-10.0,4,-11.396905188343643,-9.999959643376473,-7.499994352878035,-4.999999473141538,-2.4999999754314706,nan,lower,0.1
191,phase1,lower,-10.0,4,-11.396905188343643,-9.99996311432663,-7.4999948649043855,-4.999999523370532,-2.4999999778883235,nan,lower,0.1
192,phase1,lower,-10.0,4,-11.396905188343643,-9.999966289384405,-7.499995330751,-4.999999568822311,-2.499999980099491,nan,lower,0.1
193,phase1,lower,-10.0,4,-11.396905188343643,-9.999969193521064,-7.499995754558131,-4.999999609950029,-2.499999982089542,nan,lower,0.1
194,phase1,lower,-10.0,4,-11.396905188343643,-9.999971849624771,-7.499996140097321,-4.99999964716398,-2.499999983880588,nan,lower,0.1
195,phase1,lower,-10.0,4,-11.396905188343643,-9.999974278672026,-7.499996490803987,-4.999999680835641,-2.499999985492529,nan,lower,0.1
196,phase1,lower,-10.0,4,-11.396905188343643,-9.999976499885221,-7.499996809807152,-4.99999971130133,-2.4999999869432763,nan,lower,0.1
197,phase1,lower,-10.0,4,-11.396905188343643,-9.999978530877414,-7.49999709995657,-4.999999738865524,-2.4999999882489488,nan,lower,0.1
198,phase1,lower,-10.0,4,-11.396905188343643,-9.99998038778533,-7.4999973638474655,-4.999999763803866,-2.4999999894240537,nan,lower,0.1
199,phase1,lower,-10.0,4,-11.396905188343643,-9.999982085391544,-7.499997603843106,-4.999999786365885,-2.499999990481648,nan,lower,0.1
200,phase1,lower,-10.0,4,-11.396905188343643,-9.9999836372367,-7.499997822095383,-4.999999806777462,-2.499999991433483,nan,lower,0.1
201,phase1,lower,-10.0,4,-11.396905188343643,-9.999985055722568,-7.499998020563591,-4.999999825243064,-2.499999992290135,nan,lower,0.1
202,phase1,lower,-10.0,4,-11.396905188343643,-9.99998635220667,-7.499998201031539,-4.999999841947771,-2.499999993061121,nan,lower,0.1
203,phase1,lower,-10.0,4,-11.396905188343643,-9.999987537089158,-7.499998365123162,-4.999999857059106,-2.4999999937550093,nan,lower,0.1
204,phase1,lower,-10.0,4,-11.396905188343643,-9.999988619892559,-7.499998514316756,-4.999999870728697,-2.4999999943795084,nan,lower,0.1
205,phase1,lower,-10.0,4,-11.396905188343643,-9.999989609334978,-7.49999864995795,-4.999999883093778,-2.4999999949415574,nan,lower,0.1
206,phase1,lower,-10.0,4,-11.396905188343643,-9.999990513397275,-7.499998773271533,-4.999999894278556,-2.4999999954474017,nan,lower,0.1
207,phase1,lower,-10.0,4,-11.396905188343643,-9.999991339384701,-7.499998885372235,-4.99999990439544,-2.4999999959026615,nan,lower,0.1
208,phase1,lower,-10.0,4,-11.396905188343643,-9.999992093983455,-7.499998987274555,-4.999999913546162,-2.4999999963123956,nan,lower,0.1
209,phase1,lower,-10.0,4,-11.396905188343643,-9.999992783312564,-7.499999079901716,-4.999999921822785,-2.499999996681156,nan,lower,0.1
210,phase1,lower,-10.0,4,-11.396905188343643,-9.99999341297148,-7.499999164093823,-4.999999929308622,-2.4999999970130404,nan,lower,0.1
211,phase1,lower,-10.0,4,-11.396905188343643,-9.999993988083713,-7.499999240615303,-4.999999936079064,-2.499999997311736,nan,lower,0.1
212,phase1,lower,-10.0,4,-11.396905188343643,-9.99999451333687,-7.499999310161678,-4.999999942202331,-2.4999999975805625,nan,lower,0.1
213,phase1,lower,-10.0,4,-11.396905188343643,-9.999994993019351,-7.4999993733657435,-4.999999947740155,-2.4999999978225063,nan,lower,0.1
214,phase1,lower,-10.0,4,-11.396905188343643,-9.999995431053991,-7.499999430803185,-4.999999952748389,-2.4999999980402556,nan,lower,0.1
215,phase1,lower,-10.0,4,-11.396905188343643,-9.99999583102891,-7.499999482997706,-4.999999957277576,-2.49999999823623,nan,lower,0.1
216,phase1,lower,-10.0,4,-11.396905188343643,-9.999996196225789,-7.499999530425693,-4.999999961373442,-2.499999998412607,nan,lower,0.1
217,phase1,lower,-10.0,4,-11.396905188343643,-9.99999652964578,-7.499999573520467,-4.999999965077358,-2.4999999985713464,nan,lower,0.1
218,phase1,lower,-10.0,4,-11.396905188343643,-9.999996834033247,-7.499999612676157,-4.999999968426757,-2.4999999987142116,nan,lower,0.1
219,phase1,lower,-10.0,4,-11.396905188343643,-9.999997111897539,-7.499999648251217,-4.999999971455503,-2.4999999988427906,nan,lower,0.1
220,phase1,lower,-10.0,4,-11.396905188343643,-9.999997365532906,-7.499999680571646,-4.999999974194232,-2.4999999989585113,nan,lower,0.1
221,phase1,lower,-10.0,4,-11.396905188343643,-9.99999759703678,-7.499999709933904,-4.99999997667066,-2.49999999906266,nan,lower,0.1
222,phase1,lower,-10.0,4,-11.396905188343643,-9.999997808326492,-7.49999973660758,-4.99999997890986,-2.499999999156394,nan,lower,0.1
223,phase1,lower,-10.0,4,-11.396905188343643,-9.999998001154601,-7.499999760837808,-4.999999980934513,-2.4999999992407544,nan,lower,0.1
224,phase1,lower,-10.0,4,-11.396905188343643,-9.999998177122922,-7.499999782847478,-4.999999982765138,-2.499999999316679,nan,lower,0.1
225,phase1,lower,-10.0,4,-11.396905188343643,-9.999998337695377,-7.499999802839244,-4.999999984420292,-2.499999999385011,nan,lower,0.1
226,phase1,lower,-10.0,4,-11.396905188343643,-9.999998484209764,-7.499999820997349,-4.999999985916764,-2.49999999944651,nan,lower,0.1
227,phase1,lower,-10.0,4,-11.396905188343643,-9.999998617888522,-7.49999983748929,-4.999999987269739,-2.499999999501859,nan,lower,0.1
228,phase1,lower,-10.0,4,-11.396905188343643,-9.9999987398486,-7.499999852467335,-4.9999999884929505,-2.499999999551673,nan,lower,0.1
229,phase1,lower,-10.0,4,-11.396905188343643,-9.999998851110472,-7.4999998660698965,-4.999999989598822,-2.4999999995965054,nan,lower,0.1
230,phase1,upper,-15.0,2,-11.710889164787982,-9.999998851110472,-7.4999998660698965,-4.999999989598822,-2.4999999995965054,nan,lower,0.1
231,phase1,lower,-10.0,4,-11.710889164787982,-9.999998952606415,-7.4999998784227895,-4.999999990598591,-2.499999999636855,nan,lower,0.1
232,phase1,lower,-10.0,4,-11.710889164787982,-9.999999045188051,-7.499999889640369,-4.999999991502417,-2.4999999996731694,nan,lower,0.1
233,phase1,lower,-10.0,4,-11.710889164787982,-9.999999129633283,-7.499999899826574,-4.999999992319492,-2.4999999997058526,nan,lower,0.1
234,phase1,lower,-10.0,4,-11.710889164787982,-9.999999206652612,-7.499999909075866,-4.999999993058128,-2.4999999997352673,nan,lower,0.1
235,phase1,lower,-10.0,4,-11.710889164787982,-9.999999276894938,-7.499999917474092,-4.999999993725842,-2.499999999761741,nan,lower,0.1
236,phase1,lower,-10.0,4,-11.710889164787982,-9.999999340952854,-7.499999925099267,-4.999999994329432,-2.4999999997855666,nan,lower,0.1
237,phase1,lower,-10.0,4,-11.710889164787982,-9.999999399367496,-7.499999932022284,-4.999999994875045,-2.49999999980701,nan,lower,0.1
238,phase1,lower,-10.0,4,-11.710889164787982,-9.999999452632975,-7.49999993830756,-4.999999995368242,-2.4999999998263087,nan,lower,0.1
239,phase1,upper,-15.0,2,-11.998107294060018,-9.999999452632975,-7.49999993830756,-4.999999995368242,-2.4999999998263087,nan,lower,0.1
240,phase1,lower,-10.0,4,-11.998107294060018,-9.999999501200435,-7.499999944013629,-4.999999995814049,-2.499999999843678,nan,lower,0.1
241,phase1,lower,-10.0,4,-11.998107294060018,-9.999999545481755,-7.499999949193671,-4.999999996217012,-2.4999999998593103,nan,lower,0.1
242,phase1,upper,-15.0,2,-12.260772905829766,-9.999999545481755,-7.499999949193671,-4.999999996217012,-2.4999999998593103,nan,lower,0.1
243,phase1,lower,-10.0,4,-12.260772905829766,-9.999999585852947,-7.499999953896005,-4.999999996581241,-2.4999999998733795,nan,lower,0.1
244,phase1,lower,-10.0,4,-12.260772905829766,-9.999999622657253,-7.499999958164528,-4.999999996910455,-2.4999999998860414,nan,lower,0.1
245,phase1,lower,-10.0,4,-12.260772905829766,-9.99999965620798,-7.499999962039121,-4.999999997208014,-2.499999999897437,nan,lower,0.1
246,phase1,lower,-10.0,4,-12.260772905829766,-9.999999686791094,-7.49999996555601,-4.999999997476956,-2.4999999999076934,nan,lower,0.1
247,phase1,lower,-10.0,4,-12.260772905829766,-9.999999714667586,-7.499999968748105,-4.99999999772003,-2.4999999999169242,nan,lower,0.1
248,phase1,lower,-10.0,4,-12.260772905829766,-9.999999740075639,-7.499999971645297,-4.999999997939719,-2.499999999925232,nan,lower,0.1
249,phase1,lower,-10.0,4,-12.260772905829766,-9.999999763232605,-7.49999997427474,-4.999999998138271,-2.4999999999327085,nan,lower,0.1
250,phase1,lower,-10.0,4,-12.260772905829766,-9.999999784336818,-7.499999976661093,-4.999999998317715,-2.499999999939438,nan,lower,0.1
251,phase1,upper,-15.0,2,-12.500924322304964,-9.999999784336818,-7.499999976661093,-4.999999998317715,-2.499999999939438,nan,lower,0.1
252,phase1,lower,-10.0,4,-12.500924322304964,-9.999999803569246,-7.4999999788267555,-4.999999998479887,-2.499999999945494,nan,lower,0.1
253,phase1,lower,-10.0,4,-12.500924322304964,-9.999999821094997,-7.499999980792069,-4.999999998626448,-2.4999999999509446,nan,lower,0.1
254,phase1,lower,-10.0,4,-12.500924322304964,-9.999999837064705,-7.499999982575507,-4.999999998758898,-2.49999999995585,nan,lower,0.1
255,phase1,lower,-10.0,4,-12.500924322304964,-9.999999851615785,-7.499999984193846,-4.999999998878593,-2.499999999960265,nan,lower,0.1
256,phase1,lower,-10.0,4,-12.500924322304964,-9.99999986487359,-7.4999999856623205,-4.99999999898676,-2.4999999999642384,nan,lower,0.1
257,phase1,lower,-10.0,4,-12.500924322304964,-9.999999876952463,-7.499999986994764,-4.999999999084507,-2.4999999999678146,nan,lower,0.1
258,phase1,lower,-10.0,4,-12.500924322304964,-9.999999887956694,-7.499999988203738,-4.999999999172838,-2.499999999971033,nan,lower,0.1
259,phase1,lower,-10.0,4,-12.500924322304964,-9.999999897981398,-7.499999989300648,-4.999999999252657,-2.4999999999739297,nan,lower,0.1
260,phase1,lower,-10.0,4,-12.500924322304964,-9.999999907113324,-7.49999999029585,-4.999999999324785,-2.499999999976537,nan,lower,0.1
261,phase1,lower,-10.0,4,-12.500924322304964,-9.999999915431577,-7.499999991198743,-4.99999999938996,-2.499999999978883,nan,lower,0.1
262,phase1,lower,-10.0,4,-12.500924322304964,-9.999999923008293,-7.499999992017865,-4.999999999448852,-2.4999999999809948,nan,lower,0.1
263,phase1,lower,-10.0,4,-12.500924322304964,-9.99999992990925,-7.499999992760964,-4.999999999502067,-2.4999999999828955,nan,lower,0.1
264,phase1,lower,-10.0,4,-12.500924322304964,-9.999999936194422,-7.4999999934350745,-4.99999999955015,-2.499999999984606,nan,lower,0.1
265,phase1,lower,-10.0,4,-12.500924322304964,-9.999999941918487,-7.499999994046582,-4.999999999593595,-2.4999999999861453,nan,lower,0.1
266,phase1,lower,-10.0,4,-12.500924322304964,-9.999999947131297,-7.499999994601283,-4.99999999963285,-2.499999999987531,nan,lower,0.1
267,phase1,lower,-10.0,4,-12.500924322304964,-9.999999951878296,-7.49999999510444,-4.999999999668319,-2.499999999988778,nan,lower,0.1
268,phase1,lower,-10.0,4,-12.500924322304964,-9.99999995620091,-7.499999995560827,-4.999999999700364,-2.4999999999899,nan,lower,0.1
269,phase1,lower,-10.0,4,-12.500924322304964,-9.9999999601369,-7.499999995974781,-4.999999999729318,-2.49999999999091,nan,lower,0.1
270,phase1,lower,-10.0,4,-12.500924322304964,-9.999999963720688,-7.499999996350234,-4.999999999755477,-2.499999999991819,nan,lower,0.1
271,phase1,lower,-10.0,4,-12.500924322304964,-9.999999966983642,-7.499999996690758,-4.999999999779112,-2.499999999992637,nan,lower,0.1
272,phase1,lower,-10.0,4,-12.500924322304964,-9.999999969954354,-7.499999996999594,-4.9999999998004645,-2.4999999999933733,nan,lower,0.1
273,phase1,lower,-10.0,4,-12.500924322304964,-9.999999972658879,-7.499999997279681,-4.999999999819756,-2.499999999994036,nan,lower,0.1
274,phase1,lower,-10.0,4,-12.500924322304964,-9.999999975120959,-7.499999997533688,-4.999999999837184,-2.4999999999946323,nan,lower,0.1
275,phase1,lower,-10.0,4,-12.500924322304964,-9.999999977362233,-7.4999999977640375,-4.999999999852928,-2.499999999995169,nan,lower,0.1
276,phase1,lower,-10.0,4,-12.500924322304964,-9.999999979402414,-7.499999997972926,-4.9999999998671525,-2.4999999999956524,nan,lower,0.1
277,phase1,lower,-10.0,4,-12.500924322304964,-9.999999981259466,-7.499999998162349,-4.999999999880003,-2.499999999996087,nan,lower,0.1
278,phase1,lower,-10.0,4,-12.500924322304964,-9.999999982949754,-7.499999998334115,-4.999999999891611,-2.4999999999964784,nan,lower,0.1
279,phase1,lower,-10.0,4,-12.500924322304964,-9.999999984488191,-7.499999998489864,-4.999999999902098,-2.4999999999968305,nan,lower,0.1
280,phase1,lower,-10.0,4,-12.500924322304964,-9.999999985888358,-7.499999998631087,-4.999999999911571,-2.4999999999971476,nan,lower,0.1
281,phase1,lower,-10.0,4,-12.500924322304964,-9.999999987162631,-7.499999998759136,-4.999999999920129,-2.4999999999974327,nan,lower,0.1
282,phase1,lower,-10.0,4,-12.500924322304964,-9.999999988322282,-7.499999998875235,-4.9999999999278595,-2.4999999999976894,nan,lower,0.1
283,phase1,lower,-10.0,4,-12.500924322304964,-9.999999989377578,-7.499999998980497,-4.999999999934842,-2.4999999999979203,nan,lower,0.1
284,phase1,lower,-10.0,4,-12.500924322304964,-9.99999999033787,-7.499999999075932,-4.99999999994115,-2.499999999998128,nan,lower,0.1
285,phase1,lower,-10.0,4,-12.500924322304964,-9.999999991211675,-7.499999999162454,-4.999999999946848,-2.499999999998315,nan,lower,0.1
286,phase1,lower,-10.0,4,-12.500924322304964,-9.999999992006753,-7.4999999992408934,-4.999999999951995,-2.4999999999984834,nan,lower,0.1
287,phase1,lower,-10.0,4,-12.500924322304964,-9.999999992730167,-7.499999999312004,-4.999999999956644,-2.499999999998635,nan,lower,0.1
288,phase1,lower,-10.0,4,-12.500924322304964,-9.99999999338835,-7.499999999376468,-4.999999999960843,-2.499999999998771,nan,lower,0.1
289,phase1,lower,-10.0,4,-12.500924322304964,-9.999999993987162,-7.499999999434905,-4.999999999964635,-2.499999999998894,nan,lower,0.1
290,phase1,lower,-10.0,4,-12.500924322304964,-9.999999994531937,-7.499999999487878,-4.999999999968061,-2.499999999999005,nan,lower,0.1
291,phase1,lower,-10.0,4,-12.500924322304964,-9.999999995027531,-7.499999999535897,-4.9999999999711555,-2.4999999999991043,nan,lower,0.1
292,phase1,lower,-10.0,4,-12.500924322304964,-9.999999995478367,-7.499999999579423,-4.999999999973951,-2.499999999999194,nan,lower,0.1
293,phase1,lower,-10.0,4,-12.500924322304964,-9.999999995888473,-7.4999999996188755,-4.999999999976475,-2.4999999999992744,nan,lower,0.1
294,phase1,lower,-10.0,4,-12.500924322304964,-9.999999996261513,-7.499999999654635,-4.999999999978755,-2.4999999999993467,nan,lower,0.1
295,phase1,lower,-10.0,4,-12.500924322304964,-9.999999996600826,-7.499999999687048,-4.999999999980814,-2.499999999999412,nan,lower,0.1
296,phase1,lower,-10.0,4,-12.500924322304964,-9.999999996909448,-7.499999999716424,-4.999999999982673,-2.4999999999994706,nan,lower,0.1
297,phase1,lower,-10.0,4,-12.500924322304964,-9.999999997190146,-7.499999999743049,-4.999999999984353,-2.4999999999995235,nan,lower,0.1
298,phase1,lower,-10.0,4,-12.500924322304964,-9.999999997445437,-7.499999999767179,-4.99999999998587,-2.499999999999571,nan,lower,0.1
299,phase1,lower,-10.0,4,-12.500924322304964,-9.999999997677612,-7.499999999789048,-4.99999999998724,-2.499999999999614,nan,lower,0.1
300,phase1,lower,-10.0,4,-12.500924322304964,-9.999999997888755,-7.499999999808868,-4.999999999988478,-2.4999999999996527,nan,lower,0.1
301,phase1,lower,-10.0,4,-12.500924322304964,-9.999999998080767,-7.499999999826828,-4.999999999989595,-2.4999999999996874,nan,lower,0.1
302,phase1,lower,-10.0,4,-12.500924322304964,-9.999999998255372,-7.499999999843105,-4.999999999990604,-2.4999999999997184,nan,lower,0.1
303,phase1,lower,-10.0,4,-12.500924322304964,-9.999999998414145,-7.499999999857855,-4.999999999991515,-2.4999999999997464,nan,lower,0.1
304,phase1,lower,-10.0,4,-12.500924322304964,-9.999999998558517,-7.499999999871221,-4.999999999992339,-2.4999999999997717,nan,lower,0.1
305,phase1,lower,-10.0,4,-12.500924322304964,-9.999999998689788,-7.499999999883333,-4.999999999993082,-2.4999999999997944,nan,lower,0.1
306,phase1,lower,-10.0,4,-12.500924322304964,-9.999999998809143,-7.4999999998943085,-4.999999999993753,-2.499999999999815,nan,lower,0.1
307,phase1,lower,-10.0,4,-12.500924322304964,-9.999999998917659,-7.499999999904253,-4.99999999999436,-2.4999999999998335,nan,lower,0.1
308,phase1,lower,-10.0,4,-12.500924322304964,-9.999999999016318,-7.499999999913263,-4.999999999994907,-2.49999999999985,nan,lower,0.1
309,phase1,lower,-10.0,4,-12.500924322304964,-9.999999999106013,-7.499999999921427,-4.999999999995401,-2.499999999999865,nan,lower,0.1
310,phase1,lower,-10.0,4,-12.500924322304964,-9.999999999187555,-7.499999999928825,-4.999999999995848,-2.4999999999998783,nan,lower,0.1
311,phase1,lower,-10.0,4,-12.500924322304964,-9.999999999261682,-7.499999999935527,-4.999999999996251,-2.4999999999998903,nan,lower,0.1
312,phase1,lower,-10.0,4,-12.500924322304964,-9.999999999329066,-7.4999999999416,-4.999999999996615,-2.4999999999999014,nan,lower,0.1
313,phase1,lower,-10.0,4,-12.500924322304964,-9.99999999939032,-7.499999999947101,-4.999999999996944,-2.499999999999911,nan,lower,0.1
314,phase1,lower,-10.0,4,-12.500924322304964,-9.999999999445999,-7.499999999952085,-4.99999999999724,-2.49999999999992,nan,lower,0.1
315,phase1,lower,-10.0,4,-12.500924322304964,-9.999999999496607,-7.499999999956601,-4.999999999997509,-2.499999999999928,nan,lower,0.1
316,phase1,lower,-10.0,4,-12.500924322304964,-9.999999999542606,-7.499999999960692,-4.99999999999775,-2.499999999999935,nan,lower,0.1
317,phase1,lower,-10.0,4,-12.500924322304964,-9.999999999584414,-7.499999999964397,-4.999999999997969,-2.499999999999942,nan,lower,0.1
318,phase1,lower,-10.0,4,-12.500924322304964,-9.999999999622412,-7.499999999967755,-4.999999999998166,-2.4999999999999476,nan,lower,0.1
319,phase1,lower,-10.0,4,-12.500924322304964,-9.999999999656946,-7.499999999970796,-4.999999999998344,-2.499999999999953,nan,lower,0.1
320,phase1,lower,-10.0,4,-12.500924322304964,-9.999999999688331,-7.499999999973551,-4.999999999998505,-2.499999999999958,nan,lower,0.1
321,phase1,lower,-10.0,4,-12.500924322304964,-9.999999999716852,-7.499999999976047,-4.99999999999865,-2.499999999999962,nan,lower,0.1
322,phase1,lower,-10.0,4,-12.500924322304964,-9.999999999742771,-7.499999999978307,-4.999999999998781,-2.499999999999966,nan,lower,0.1
323,phase1,lower,-10.0,4,-12.500924322304964,-9.999999999766324,-7.499999999980354,-4.9999999999988995,-2.4999999999999694,nan,lower,0.1
324,phase1,lower,-10.0,4,-12.500924322304964,-9.999999999787727,-7.499999999982209,-4.999999999999007,-2.4999999999999725,nan,lower,0.1
325,phase1,lower,-10.0,4,-12.500924322304964,-9.999999999807175,-7.499999999983888,-4.999999999999104,-2.499999999999975,nan,lower,0.1
326,phase1,upper,-15.0,2,-12.720437726426825,-9.999999999807175,-7.499999999983888,-4.999999999999104,-2.499999999999975,nan,lower,0.1
327,phase1,lower,-10.0,4,-12.720437726426825,-9.999999999824846,-7.49999999998541,-4.999999999999191,-2.499999999999978,nan,lower,0.1
328,phase1,lower,-10.0,4,-12.720437726426825,-9.999999999840902,-7.499999999986788,-4.99999999999927,-2.49999999999998,nan,lower,0.1
329,phase1,lower,-10.0,4,-12.720437726426825,-9.999999999855492,-7.499999999988036,-4.999999999999341,-2.4999999999999822,nan,lower,0.1
330,phase1,lower,-10.0,4,-12.720437726426825,-9.999999999868747,-7.499999999989167,-4.999999999999405,-2.499999999999984,nan,lower,0.1
331,phase1,lower,-10.0,4,-12.720437726426825,-9.999999999880789,-7.499999999990191,-4.999999999999463,-2.499999999999986,nan,lower,0.1
332,phase1,lower,-10.0,4,-12.720437726426825,-9.99999999989173,-7.499999999991118,-4.999999999999515,-2.499999999999987,nan,lower,0.1
333,phase1,lower,-10.0,4,-12.720437726426825,-9.999999999901668,-7.4999999999919575,-4.999999999999562,-2.4999999999999885,nan,lower,0.1
334,phase1,lower,-10.0,4,-12.720437726426825,-9.999999999910697,-7.499999999992718,-4.999999999999605,-2.49999999999999,nan,lower,0.1
335,phase1,lower,-10.0,4,-12.720437726426825,-9.999999999918899,-7.499999999993406,-4.999999999999643,-2.4999999999999907,nan,lower,0.1
336,phase1,lower,-10.0,4,-12.720437726426825,-9.999999999926349,-7.49999999999403,-4.999999999999678,-2.4999999999999916,nan,lower,0.1
337,phase1,lower,-10.0,4,-12.720437726426825,-9.999999999933117,-7.4999999999945945,-4.999999999999709,-2.4999999999999925,nan,lower,0.1
338,phase1,lower,-10.0,4,-12.720437726426825,-9.999999999939265,-7.499999999995106,-4.999999999999737,-2.4999999999999933,nan,lower,0.1
339,phase1,lower,-10.0,4,-12.720437726426825,-9.99999999994485,-7.499999999995569,-4.999999999999763,-2.499999999999994,nan,lower,0.1
340,phase1,lower,-10.0,4,-12.720437726426825,-9.999999999949921,-7.499999999995988,-4.999999999999786,-2.4999999999999942,nan,lower,0.1
341,phase1,lower,-10.0,4,-12.720437726426825,-9.999999999954527,-7.499999999996368,-4.999999999999806,-2.4999999999999947,nan,lower,0.1
342,phase1,lower,-10.0,4,-12.720437726426825,-9.99999999995871,-7.499999999996712,-4.999999999999825,-2.499999999999995,nan,lower,0.1
343,phase1,lower,-10.0,4,-12.720437726426825,-9.99999999996251,-7.499999999997023,-4.999999999999842,-2.4999999999999956,nan,lower,0.1
344,phase1,lower,-10.0,4,-12.720437726426825,-9.999999999965961,-7.499999999997304,-4.999999999999857,-2.499999999999996,nan,lower,0.1
345,phase1,lower,-10.0,4,-12.720437726426825,-9.999999999969095,-7.499999999997559,-4.999999999999871,-2.4999999999999964,nan,lower,0.1
346,phase1,lower,-10.0,4,-12.720437726426825,-9.99999999997194,-7.49999999999779,-4.999999999999884,-2.499999999999997,nan,lower,0.1
347,phase1,lower,-10.0,4,-12.720437726426825,-9.999999999974525,-7.499999999998,-4.999999999999895,-2.4999999999999973,nan,lower,0.1
348,phase1,lower,-10.0,4,-12.720437726426825,-9.999999999976872,-7.499999999998189,-4.999999999999906,-2.499999999999998,nan,lower,0.1
349,phase1,lower,-10.0,4,-12.720437726426825,-9.999999999979003,-7.49999999999836,-4.999999999999915,-2.4999999999999982,nan,lower,0.1
350,phase1,lower,-10.0,4,-12.720437726426825,-9.99999999998094,-7.499999999998516,-4.999999999999923,-2.4999999999999982,nan,lower,0.1
351,phase1,lower,-10.0,4,-12.720437726426825,-9.999999999982697,-7.499999999998656,-4.999999999999931,-2.4999999999999982,nan,lower,0.1
352,phase1,lower,-10.0,4,-12.720437726426825,-9.999999999984293,-7.499999999998783,-4.999999999999938,-2.4999999999999982,nan,lower,0.1
353,phase1,lower,-10.0,4,-12.720437726426825,-9.999999999985743,-7.499999999998899,-4.999999999999944,-2.4999999999999982,nan,lower,0.1
354,phase1,lower,-10.0,4,-12.720437726426825,-9.99999999998706,-7.4999999999990035,-4.999999999999949,-2.4999999999999982,nan,lower,0.1
355,phase1,lower,-10.0,4,-12.720437726426825,-9.999999999988253,-7.499999999999098,-4.999999999999954,-2.4999999999999982,nan,lower,0.1
356,phase1,lower,-10.0,4,-12.720437726426825,-9.999999999989338,-7.499999999999183,-4.999999999999958,-2.4999999999999982,nan,lower,0.1
357,phase1,lower,-10.0,4,-12.720437726426825,-9.999999999990322,-7.49999999999926,-4.999999999999963,-2.4999999999999982,nan,lower,0.1
358,phase1,lower,-10.0,4,-12.720437726426825,-9.999999999991216,-7.49999999999933,-4.999999999999966,-2.4999999999999982,nan,lower,0.1
359,phase1,lower,-10.0,4,-12.720437726426825,-9.999999999992028,-7.499999999999394,-4.99999999999997,-2.4999999999999982,nan,lower,0.1
360,phase1,lower,-10.0,4,-12.720437726426825,-9.999999999992765,-7.499999999999452,-4.9999999999999725,-2.4999999999999982,nan,lower,0.1
361,phase1,lower,-10.0,4,-12.720437726426825,-9.999999999993435,-7.499999999999504,-4.999999999999975,-2.4999999999999982,nan,lower,0.1
362,phase1,lower,-10.0,4,-12.720437726426825,-9.999999999994042,-7.4999999999995515,-4.999999999999978,-2.4999999999999982,nan,lower,0.1
363,phase1,lower,-10.0,4,-12.720437726426825,-9.999999999994593,-7.499999999999594,-4.99999999999998,-2.4999999999999982,nan,lower,0.1
364,phase1,lower,-10.0,4,-12.720437726426825,-9.999999999995094,-7.499999999999632,-4.999999999999981,-2.4999999999999982,nan,lower,0.1
365,phase1,lower,-10.0,4,-12.720437726426825,-9.999999999995548,-7.499999999999667,-4.999999999999983,-2.4999999999999982,nan,lower,0.1
366,phase1,lower,-10.0,4,-12.720437726426825,-9.99999999999596,-7.499999999999699,-4.999999999999985,-2.4999999999999982,nan,lower,0.1
367,phase1,lower,-10.0,4,-12.720437726426825,-9.999999999996334,-7.499999999999727,-4.999999999999986,-2.4999999999999982,nan,lower,0.1
368,phase1,lower,-10.0,4,-12.720437726426825,-9.999999999996673,-7.499999999999753,-4.999999999999987,-2.4999999999999982,nan,lower,0.1
369,phase1,lower,-10.0,4,-12.720437726426825,-9.99999999999698,-7.499999999999776,-4.999999999999988,-2.4999999999999982,nan,lower,0.1
370,phase1,lower,-10.0,4,-12.720437726426825,-9.999999999997259,-7.4999999999997975,-4.9999999999999885,-2.4999999999999982,nan,lower,0.1
371,phase1,lower,-10.0,4,-12.720437726426825,-9.999999999997513,-7.499999999999817,-4.999999999999989,-2.4999999999999982,nan,lower,0.1
372,phase1,lower,-10.0,4,-12.720437726426825,-9.999999999997744,-7.499999999999834,-4.99999999999999,-2.4999999999999982,nan,lower,0.1
373,phase1,lower,-10.0,4,-12.720437726426825,-9.999999999997954,-7.49999999999985,-4.999999999999991,-2.4999999999999982,nan,lower,0.1
374,phase1,lower,-10.0,4,-12.720437726426825,-9.999999999998144,-7.499999999999864,-4.999999999999992,-2.4999999999999982,nan,lower,0.1
375,phase1,lower,-10.0,4,-12.720437726426825,-9.999999999998316,-7.4999999999998765,-4.999999999999993,-2.4999999999999982,nan,lower,0.1
376,phase1,lower,-10.0,4,-12.720437726426825,-9.999999999998472,-7.499999999999888,-4.999999999999994,-2.4999999999999982,nan,lower,0.1
377,phase1,lower,-10.0,4,-12.720437726426825,-9.999999999998614,-7.499999999999899,-4.999999999999995,-2.4999999999999982,nan,lower,0.1
378,phase1,lower,-10.0,4,-12.720437726426825,-9.999999999998742,-7.4999999999999085,-4.999999999999995,-2.4999999999999982,nan,lower,0.1
379,phase1,lower,-10.0,4,-12.720437726426825,-9.99999999999886,-7.499999999999917,-4.999999999999995,-2.4999999999999982,nan,lower,0.1
380,phase1,lower,-10.0,4,-12.720437726426825,-9.999999999998966,-7.499999999999925,-4.999999999999995,-2.4999999999999982,nan,lower,0.1
381,phase1,lower,-10.0,4,-12.720437726426825,-9.999999999999062,-7.4999999999999325,-4.999999999999995,-2.4999999999999982,nan,lower,0.1
382,phase1,lower,-10.0,4,-12.720437726426825,-9.99999999999915,-7.499999999999939,-4.999999999999995,-2.4999999999999982,nan,lower,0.1
383,phase1,lower,-10.0,4,-12.720437726426825,-9.999999999999229,-7.499999999999944,-4.999999999999995,-2.4999999999999982,nan,lower,0.1
384,phase1,lower,-10.0,4,-12.720437726426825,-9.9999999999993,-7.499999999999949,-4.999999999999995,-2.4999999999999982,nan,lower,0.1
385,phase1,lower,-10.0,4,-12.720437726426825,-9.999999999999366,-7.499999999999954,-4.999999999999995,-2.4999999999999982,nan,lower,0.1
386,phase1,lower,-10.0,4,-12.720437726426825,-9.999999999999424,-7.499999999999958,-4.999999999999995,-2.4999999999999982,nan,lower,0.1
387,phase1,lower,-10.0,4,-12.720437726426825,-9.999999999999478,-7.499999999999962,-4.999999999999995,-2.4999999999999982,nan,lower,0.1
388,phase1,lower,-10.0,4,-12.720437726426825,-9.999999999999526,-7.499999999999965,-4.999999999999995,-2.4999999999999982,nan,lower,0.1
389,phase1,lower,-10.0,4,-12.720437726426825,-9.99999999999957,-7.499999999999968,-4.999999999999995,-2.4999999999999982,nan,lower,0.1
390,phase1,lower,-10.0,4,-12.720437726426825,-9.99999999999961,-7.499999999999971,-4.999999999999995,-2.4999999999999982,nan,lower,0.1
391,phase1,lower,-10.0,4,-12.720437726426825,-9.999999999999645,-7.499999999999973,-4.999999999999995,-2.4999999999999982,nan,lower,0.1
392,phase1,lower,-10.0,4,-12.720437726426825,-9.999999999999677,-7.499999999999975,-4.999999999999995,-2.4999999999999982,nan,lower,0.1
393,phase1,lower,-10.0,4,-12.720437726426825,-9.999999999999707,-7.499999999999977,-4.999999999999995,-2.4999999999999982,nan,lower,0.1
394,phase1,lower,-10.0,4,-12.720437726426825,-9.999999999999734,-7.499999999999979,-4.999999999999995,-2.4999999999999982,nan,lower,0.1
395,phase1,lower,-10.0,4,-12.720437726426825,-9.999999999999758,-7.4999999999999805,-4.999999999999995,-2.4999999999999982,nan,lower,0.1
396,phase1,upper,-15.0,2,-12.921039206501264,-9.999999999999758,-7.4999999999999805,-4.999999999999995,-2.4999999999999982,nan,lower,0.1
397,phase1,lower,-10.0,4,-12.921039206501264,-9.99999999999978,-7.499999999999982,-4.999999999999995,-2.4999999999999982,nan,lower,0.1
398,phase1,lower,-10.0,4,-12.921039206501264,-9.9999999999998,-7.499999999999983,-4.999999999999995,-2.4999999999999982,nan,lower,0.1
399,phase1,lower,-10.0,4,-12.921039206501264,-9.999999999999817,-7.499999999999984,-4.999999999999995,-2.4999999999999982,nan,lower,0.1
400,phase2,lower,-20.0,4,-12.921039206501264,-9.999999999999833,-8.499999999999991,-5.269999999999998,-2.6890000000000005,-0.14700000000000196,lower,0.1
401,phase2,lower,-20.0,4,-12.921039206501264,-10.232299999999851,-9.546609999999998,-5.595917000000002,-2.9017249000000036,-0.1744827000000022,lower,0.1
402,phase2,lower,-20.0,4,-12.921039206501264,-10.570765429999867,-10.560451171000004,-5.918566408700006,-3.095757256390006,-0.170107577970002,lower,0.1
403,phase2,lower,-20.0,4,-12.921039206501264,-10.972830824272881,-11.520651983898109,-6.220527107276578,-3.261434813303937,-0.15732427984946876,lower,0.1
404,phase2,lower,-20.0,4,-12.921039206501264,-11.419204792099926,-12.422044963851002,-6.495998333541066,-3.3978621589995077,-0.14248982106552097,lower,0.1
405,phase2,lower,-20.0,4,-12.921039206501264,-11.897729648234002,-13.263785572728565,-6.742723147404533,-3.50650316830927,-0.1273964215042362,lower,0.1
406,phase2,lower,-20.0,4,-12.921039206501264,-12.39899202003727,-14.046322585705184,-6.9597827428675725,-3.5894520274035675,-0.11260426400367426,lower,0.1
407,phase2,lower,-20.0,4,-12.921039206501264,-12.91506891420737,-14.770587213016771,-7.1469561236813,-3.6489524119977723,-0.09832967377144101,lower,0.1
408,phase2,lower,-20.0,4,-12.921039206501264,-13.439117450482607,-15.437770792627086,-7.304500395081592,-3.687252320380592,-0.08468321064875303,upper,0.1
409,phase2,upper,-15.0,2,-13.180530902880424,-13.439117450482607,-15.437770792627086,-7.304500395081592,-3.687252320380592,-0.08736868441127554,upper,0.1
410,phase2,upper,-15.0,2,-13.429235799317743,-13.439117450482607,-15.437770792627086,-7.304500395081592,-3.687252320380592,-0.08208815103306696,upper,0.1
411,phase2,upper,-15.0,2,-13.659601309285945,-13.439117450482607,-15.437770792627086,-7.304500395081592,-3.687252320380592,-0.0732623643632108,lower,0.1
412,phase2,lower,-20.0,4,-13.659601309285945,-13.954918912623944,-16.04206268265926,-7.42801053772847,-3.703025855407491,-0.06899258255021606,upper,0.1
413,phase2,upper,-15.0,2,-13.86459996143986,-13.954918912623944,-16.04206268265926,-7.42801053772847,-3.703025855407491,-0.06115684666374267,upper,0.1
414,phase2,upper,-15.0,2,-14.049365016754674,-13.954918912623944,-16.04206268265926,-7.42801053772847,-3.703025855407491,-0.05235370562346792,lower,0.1
415,phase2,lower,-20.0,4,-14.049365016754674,-14.460751624688596,-16.58749318449992,-7.520217663016858,-3.6999425989084154,-0.0550798135924101,upper,0.1
416,phase2,upper,-15.0,2,-14.215921274287053,-14.460751624688596,-16.58749318449992,-7.520217663016858,-3.6999425989084154,-0.04497955988071193,upper,0.1
417,phase2,upper,-15.0,2,-14.361168192767597,-14.460751624688596,-16.58749318449992,-7.520217663016858,-3.6999425989084154,-0.03613346780002588,upper,0.1
418,phase2,upper,-15.0,2,-14.486955568092167,-14.460751624688596,-16.58749318449992,-7.520217663016858,-3.6999425989084154,-0.028476300551575563,lower,0.1
419,phase2,lower,-20.0,4,-14.486955568092167,-14.949054451166147,-17.07362772381401,-7.580877181549649,-3.679181829747191,-0.04118332593356104,upper,0.1
420,phase2,upper,-15.0,2,-14.606565295183957,-14.949054451166147,-17.07362772381401,-7.580877181549649,-3.679181829747191,-0.028142136627037396,upper,0.1
421,phase2,upper,-15.0,2,-14.704176207479723,-14.949054451166147,-17.07362772381401,-7.580877181549649,-3.679181829747191,-0.019087219051900754,upper,0.1
422,phase2,upper,-15.0,2,-14.784307246162758,-14.949054451166147,-17.07362772381401,-7.580877181549649,-3.679181829747191,-0.0125617223727705,upper,0.1
423,phase2,upper,-15.0,2,-14.850117431159592,-14.949054451166147,-17.07362772381401,-7.580877181549649,-3.679181829747191,-0.007720609440254059,upper,0.1
424,phase2,upper,-15.0,2,-14.90395907372046,-14.949054451166147,-17.07362772381401,-7.580877181549649,-3.679181829747191,-0.004059197225119368,upper,0.1
425,phase2,upper,-15.0,2,-14.947683309248038,-14.949054451166147,-17.07362772381401,-7.580877181549649,-3.679181829747191,-0.0012638482064472305,upper,0.1
426,phase2,upper,-15.0,2,-14.98281026585821,-14.949054451166147,-17.07362772381401,-7.580877181549649,-3.679181829747191,0.0008702680464752286,lower,0.1
427,phase2,lower,-20.0,4,-14.98281026585821,-15.410728537189105,-17.498667879079786,-7.608924028372814,-3.641169339676194,-0.026773417366034363,upper,0.1
428,phase2,upper,-15.0,2,-15.035504695390141,-15.410728537189105,-17.498667879079786,-7.608924028372814,-3.641169339676194,-0.01106081468238565,upper,0.1
429,phase2,upper,-15.0,2,-15.06855928235419,-15.410728537189105,-17.498667879079786,-7.608924028372814,-3.641169339676194,-0.002275671495173614,upper,0.1
430,phase2,upper,-15.0,2,-15.08905727680069,-15.410728537189105,-17.498667879079786,-7.608924028372814,-3.641169339676194,0.0026021895470664897,upper,0.1
431,phase2,upper,-15.0,2,-15.101226329367815,-15.410728537189105,-17.498667879079786,-7.608924028372814,-3.641169339676194,0.005252783266436947,upper,0.1
432,phase2,upper,-15.0,2,-15.10767912693068,-15.410728537189105,-17.498667879079786,-7.608924028372814,-3.641169339676194,0.006616880906827797,upper,0.1
433,phase2,upper,-15.0,2,-15.110099606138748,-15.410728537189105,-17.498667879079786,-7.608924028372814,-3.641169339676194,0.007226455934445253,upper,0.1
434,phase2,upper,-15.0,2,-15.10962434107695,-15.410728537189105,-17.498667879079786,-7.608924028372814,-3.641169339676194,0.007386520667168836,upper,0.1
435,phase2,upper,-15.0,2,-15.107056197671241,-15.410728537189105,-17.498667879079786,-7.608924028372814,-3.641169339676194,0.0072753006267481084,upper,0.1
436,phase2,upper,-15.0,2,-15.102985552490464,-15.410728537189105,-17.498667879079786,-7.608924028372814,-3.641169339676194,0.006999524521740492,upper,0.1
437,phase2,upper,-15.0,2,-15.097860434253093,-15.410728537189105,-17.498667879079786,-7.608924028372814,-3.641169339676194,0.00662503443526441,upper,0.1
438,phase2,upper,-15.0,2,-15.092028308217763,-15.410728537189105,-17.498667879079786,-7.608924028372814,-3.641169339676194,0.006193816346949103,upper,0.1
439,phase2,upper,-15.0,2,-15.08576198999168,-15.410728537189105,-17.498667879079786,-7.608924028372814,-3.641169339676194,0.005733549740293365,upper,0.1
440,phase2,upper,-15.0,2,-15.07927655751867,-15.410728537189105,-17.498667879079786,-7.608924028372814,-3.641169339676194,0.00526302767888695,upper,0.1
441,phase2,upper,-15.0,2,-15.072741046967263,-15.410728537189105,-17.498667879079786,-7.608924028372814,-3.641169339676194,0.004795289580577956,upper,0.1
442,phase2,upper,-15.0,2,-15.066287026792269,-15.410728537189105,-17.498667879079786,-7.608924028372814,-3.641169339676194,0.004339479943778376,upper,0.1
443,phase2,upper,-15.0,2,-15.060015216541975,-15.410728537189105,-17.498667879079786,-7.608924028372814,-3.641169339676194,0.0039019909291390636,upper,0.1
444,phase2,upper,-15.0,2,-15.05400080824147,-15.410728537189105,-17.498667879079786,-7.608924028372814,-3.641169339676194,0.0034871965697522403,upper,0.1
445,phase2,upper,-15.0,2,-15.0482978691024,-15.410728537189105,-17.498667879079786,-7.608924028372814,-3.641169339676194,0.0030979489660564016,upper,0.1
446,phase2,upper,-15.0,2,-15.042943050996774,-15.410728537189105,-17.498667879079786,-7.608924028372814,-3.641169339676194,0.0027359313031839116,upper,0.1
447,phase2,upper,-15.0,2,-15.037958747597052,-15.410728537189105,-17.498667879079786,-7.608924028372814,-3.641169339676194,0.002401920998046196,upper,0.1
448,phase2,upper,-15.0,2,-15.033355793091417,-15.410728537189105,-17.498667879079786,-7.608924028372814,-3.641169339676194,0.002095993412288869,upper,0.1
449,phase2,upper,-15.0,2,-15.02913576983402,-15.410728537189105,-17.498667879079786,-7.608924028372814,-3.641169339676194,0.001817683937993724,upper,0.1
450,phase2,upper,-15.0,2,-15.025292976843945,-15.410728537189105,-17.498667879079786,-7.608924028372814,-3.641169339676194,0.0015661192545080448,upper,0.1
451,phase2,upper,-15.0,2,-15.021816101635128,-15.410728537189105,-17.498667879079786,-7.608924028372814,-3.641169339676194,0.001340124630848874,upper,0.1
452,phase2,upper,-15.0,2,-15.018689631682234,-15.410728537189105,-17.498667879079786,-7.608924028372814,-3.641169339676194,0.0011383119175081813,upper,0.1
453,phase2,upper,-15.0,2,-15.015895037416856,-15.410728537189105,-17.498667879079786,-7.608924028372814,-3.641169339676194,0.0009591515714802224,upper,0.1
454,phase2,upper,-15.0,2,-15.013411755210209,-15.410728537189105,-17.498667879079786,-7.608924028372814,-3.641169339676194,0.0008010312712225787,upper,0.1
455,phase2,upper,-15.0,2,-15.011217995914125,-15.410728537189105,-17.498667879079786,-7.608924028372814,-3.641169339676194,0.0006623031755267925,upper,0.1
456,phase2,upper,-15.0,2,-15.009291401985681,-15.410728537189105,-17.498667879079786,-7.608924028372814,-3.641169339676194,0.0005413215370896153,upper,0.1
457,phase2,upper,-15.0,2,-15.007609573903622,-15.410728537189105,-17.498667879079786,-7.608924028372814,-3.641169339676194,0.00043647212986312305,upper,0.1
458,phase2,upper,-15.0,2,-15.00615048444458,-15.410728537189105,-17.498667879079786,-7.608924028372814,-3.641169339676194,0.00034619475194682894,upper,0.1
459,phase2,upper,-15.0,2,-15.004892797399929,-15.410728537189105,-17.498667879079786,-7.608924028372814,-3.641169339676194,0.00026899990268038423,upper,0.1
460,phase2,upper,-15.0,2,-15.00381610546932,-15.410728537189105,-17.498667879079786,-7.608924028372814,-3.641169339676194,0.00020348059267360838,upper,0.1
461,phase2,upper,-15.0,2,-15.002901100360239,-15.410728537189105,-17.498667879079786,-7.608924028372814,-3.641169339676194,0.00014832012267891132,upper,0.1
462,phase2,upper,-15.0,2,-15.002129686551054,-15.410728537189105,-17.498667879079786,-7.608924028372814,-3.641169339676194,0.00010229655803013643,upper,0.1
463,phase2,upper,-15.0,2,-15.00148504873565,-15.410728537189105,-17.498667879079786,-7.608924028372814,-3.641169339676194,6.428452778049401e-05,upper,0.1
464,phase2,upper,-15.0,2,-15.000951681657007,-15.410728537189105,-17.498667879079786,-7.608924028372814,-3.641169339676194,3.325489035429583e-05,upper,0.1
465,phase2,upper,-15.0,2,-15.000515389850571,-15.410728537189105,-17.498667879079786,-7.608924028372814,-3.641169339676194,8.272729523263879e-06,upper,0.1
466,phase2,upper,-15.0,2,-15.000163263750437,-15.410728537189105,-17.498667879079786,-7.608924028372814,-3.641169339676194,-1.1505924937093027e-05,upper,0.1
467,phase2,upper,-15.0,2,-14.999883637655847,-15.410728537189105,-17.498667879079786,-7.608924028372814,-3.641169339676194,-2.6838319139181014e-05,upper,0.1
468,phase2,upper,-15.0,2,-14.999666034205436,-15.410728537189105,-17.498667879079786,-7.608924028372814,-3.641169339676194,-3.839986108998436e-05,upper,0.1
469,phase2,upper,-15.0,2,-14.999501099254818,-15.410728537189105,-17.498667879079786,-7.608924028372814,-3.641169339676194,-4.678944007498817e-05,upper,0.1
470,phase2,upper,-15.0,2,-14.99938053039181,-15.410728537189105,-17.498667879079786,-7.608924028372814,-3.641169339676194,-5.2534990308951266e-05,upper,0.1
471,phase2,upper,-15.0,2,-14.999297001745704,-15.410728537189105,-17.498667879079786,-7.608924028372814,-3.641169339676194,-5.609914586173653e-05,upper,0.1
472,phase2,lower,-20.0,4,-14.999297001745704,-15.869572960609448,-17.88360319870203,-7.619362268819123,-3.5974726256349454,-0.020536201974669197,upper,0.1
473,phase2,upper,-15.0,2,-15.017676179790634,-15.869572960609448,-17.88360319870203,-7.619362268819123,-3.5974726256349454,-0.010093135251121418,upper,0.1
474,phase2,upper,-15.0,2,-15.02612703915928,-15.869572960609448,-17.88360319870203,-7.619362268819123,-3.5974726256349454,-0.004472317491493238,upper,0.1
475,phase2,upper,-15.0,2,-15.029179388582396,-15.869572960609448,-17.88360319870203,-7.619362268819123,-3.5974726256349454,-0.0014951706647837002,upper,0.1
476,phase2,upper,-15.0,2,-15.029338566280837,-15.869572960609448,-17.88360319870203,-7.619362268819123,-3.5974726256349454,3.596520074015258e-05,upper,0.1
477,phase2,upper,-15.0,2,-15.02799281853721,-15.869572960609448,-17.88360319870203,-7.619362268819123,-3.5974726256349454,0.0007795758211213775,upper,0.1
478,phase2,upper,-15.0,2,-15.025912621210745,-15.869572960609448,-17.88360319870203,-7.619362268819123,-3.5974726256349454,0.0010977045905947293,upper,0.1
479,phase2,upper,-15.0,2,-15.023525722535682,-15.869572960609448,-17.88360319870203,-7.619362268819123,-3.5974726256349454,0.0011893470767962242,upper,0.1
480,phase2,upper,-15.0,2,-15.021068878300905,-15.869572960609448,-17.88360319870203,-7.619362268819123,-3.5974726256349454,0.0011637728757912561,upper,0.1
481,phase2,upper,-15.0,2,-15.018671758705509,-15.869572960609448,-17.88360319870203,-7.619362268819123,-3.5974726256349454,0.001080839897518373,upper,0.1
482,phase2,upper,-15.0,2,-15.01640351412844,-15.869572960609448,-17.88360319870203,-7.619362268819123,-3.5974726256349454,0.000973170330711953,upper,0.1
483,phase2,upper,-15.0,2,-15.014298756791463,-15.869572960609448,-17.88360319870203,-7.619362268819123,-3.5974726256349454,0.0008583575223618307,upper,0.1
484,phase2,upper,-15.0,2,-15.012372171838452,-15.869572960609448,-17.88360319870203,-7.619362268819123,-3.5974726256349454,0.0007456922032414608,upper,0.1
485,phase2,lower,-20.0,4,-15.012372171838452,-16.320304861435787,-18.2285881360542,-7.612525120632188,-3.5483806139975154,-0.01425212750677958,upper,0.1
486,phase2,upper,-15.0,2,-15.024124864427497,-16.320304861435787,-18.2285881360542,-7.612525120632188,-3.5483806139975154,-0.006709057318203619,upper,0.1
487,phase2,upper,-15.0,2,-15.028766105120656,-16.320304861435787,-18.2285881360542,-7.612525120632188,-3.5483806139975154,-0.002689414133485067,upper,0.1
488,phase2,upper,-15.0,2,-15.029608939340228,-16.320304861435787,-18.2285881360542,-7.612525120632188,-3.5483806139975154,-0.0005968172368386662,upper,0.1
489,phase2,upper,-15.0,2,-15.028481092580606,-16.320304861435787,-18.2285881360542,-7.612525120632188,-3.5483806139975154,0.00044597932960604167,upper,0.1
490,phase2,upper,-15.0,2,-15.026390567385576,-16.320304861435787,-18.2285881360542,-7.612525120632188,-3.5483806139975154,0.0009209397070706892,upper,0.1
491,phase2,upper,-15.0,2,-15.023892030244044,-16.320304861435787,-18.2285881360542,-7.612525120632188,-3.5483806139975154,0.0010927052515667,upper,0.1
492,phase2,upper,-15.0,2,-15.021288720423795,-16.320304861435787,-18.2285881360542,-7.612525120632188,-3.5483806139975154,0.0011063977221434094,upper,0.1
493,phase2,upper,-15.0,2,-15.018743908510613,-16.320304861435787,-18.2285881360542,-7.612525120632188,-3.5483806139975154,0.001041381639871297,upper,0.1
494,phase2,upper,-15.0,2,-15.016342582941379,-16.320304861435787,-18.2285881360542,-7.612525120632188,-3.5483806139975154,0.00094082687045373,upper,0.1
495,phase2,upper,-15.0,2,-15.01412572108594,-16.320304861435787,-18.2285881360542,-7.612525120632188,-3.5483806139975154,0.0008279720642808926,upper,0.1
496,phase2,lower,-20.0,4,-15.01412572108594,-16.760388014039776,-18.5354838605262,-7.589928386762266,-3.49498305267411,-0.008557859417232486,upper,0.1
497,phase2,upper,-15.0,2,-15.020556683742766,-16.760388014039776,-18.5354838605262,-7.589928386762266,-3.49498305267411,-0.0038839794555470546,upper,0.1
498,phase2,upper,-15.0,2,-15.022628737190585,-16.760388014039776,-18.5354838605262,-7.589928386762266,-3.49498305267411,-0.001414566946530697,upper,0.1
499,phase2,upper,-15.0,2,-15.022414155452319,-16.760388014039776,-18.5354838605262,-7.589928386762266,-3.49498305267411,-0.00014816796719555611,upper,0.1
500,phase2,upper,-15.0,2,-15.021052704667483,-16.760388014039776,-18.5354838605262,-7.589928386762266,-3.49498305267411,0.00046529018366563043,upper,0.1
501,phase2,upper,-15.0,2,-15.019169600195502,-16.760388014039776,-18.5354838605262,-7.589928386762266,-3.49498305267411,0.0007277824324193613,upper,0.1
502,phase2,upper,-15.0,2,-15.017105619879985,-16.760388014039776,-18.5354838605262,-7.589928386762266,-3.49498305267411,0.0008048935463798595,upper,0.1
503,phase2,upper,-15.0,2,-15.01504394655548,-16.760388014039776,-18.5354838605262,-7.589928386762266,-3.49498305267411,0.0007872122121769469,upper,0.1
504,phase2,upper,-15.0,2,-15.013080209918677,-16.760388014039776,-18.5354838605262,-7.589928386762266,-3.49498305267411,0.0007240802725052229,upper,0.1
505,phase2,upper,-15.0,2,-15.011261264788484,-16.760388014039776,-18.5354838605262,-7.589928386762266,-3.49498305267411,0.0006421510714434212,upper,0.1
506,phase2,upper,-15.0,2,-15.00960674221651,-16.760388014039776,-18.5354838605262,-7.589928386762266,-3.49498305267411,0.0005555991739712206,upper,0.1
507,phase2,upper,-15.0,2,-15.008121091266435,-16.760388014039776,-18.5354838605262,-7.589928386762266,-3.49498305267411,0.0004717408093260686,upper,0.1
508,phase2,upper,-15.0,2,-15.00680035742305,-16.760388014039776,-18.5354838605262,-7.589928386762266,-3.49498305267411,0.00039413069421342993,upper,0.1
509,phase2,upper,-15.0,2,-15.005636035683345,-16.760388014039776,-18.5354838605262,-7.589928386762266,-3.49498305267411,0.000324270392513943,upper,0.1
510,phase2,upper,-15.0,2,-15.004617287681564,-16.760388014039776,-18.5354838605262,-7.589928386762266,-3.49498305267411,0.0002625521444654346,upper,0.1
511,phase2,upper,-15.0,2,-15.003732235550983,-16.760388014039776,-18.5354838605262,-7.589928386762266,-3.49498305267411,0.00020878121318449803,upper,0.1
512,phase2,upper,-15.0,2,-15.002968727939336,-16.760388014039776,-18.5354838605262,-7.589928386762266,-3.49498305267411,0.00016246545420977118,upper,0.1
513,phase2,upper,-15.0,2,-15.002314798829937,-16.760388014039776,-18.5354838605262,-7.589928386762266,-3.49498305267411,0.00012297599268789195,upper,0.1
514,phase2,upper,-15.0,2,-15.001758943388484,-16.760388014039776,-18.5354838605262,-7.589928386762266,-3.49498305267411,8.963626699203396e-05,upper,0.1
515,phase2,upper,-15.0,2,-15.00129028169297,-16.760388014039776,-18.5354838605262,-7.589928386762266,-3.49498305267411,6.177105751066428e-05,upper,0.1
516,phase2,upper,-15.0,2,-15.000898651537865,-16.760388014039776,-18.5354838605262,-7.589928386762266,-3.49498305267411,3.873301066832313e-05,upper,0.1
517,phase2,upper,-15.0,2,-15.000574654889721,-16.760388014039776,-18.5354838605262,-7.589928386762266,-3.49498305267411,1.9916396894579407e-05,upper,0.1
518,phase2,upper,-15.0,2,-15.00030967316025,-16.760388014039776,-18.5354838605262,-7.589928386762266,-3.49498305267411,4.76355366610047e-06,upper,0.1
519,phase2,upper,-15.0,2,-15.000095861039707,-16.760388014039776,-18.5354838605262,-7.589928386762266,-3.49498305267411,-7.2329068981148205e-06,upper,0.1
520,phase2,upper,-15.0,2,-14.999926125429566,-16.760388014039776,-18.5354838605262,-7.589928386762266,-3.49498305267411,-1.6530363560355126e-05,upper,0.1
521,phase2,upper,-15.0,2,-14.999794094055696,-16.760388014039776,-18.5354838605262,-7.589928386762266,-3.49498305267411,-2.3537898354327514e-05,upper,0.1
522,phase2,upper,-15.0,2,-14.999694077094315,-16.760388014039776,-18.5354838605262,-7.589928386762266,-3.49498305267411,-2.8618844813795766e-05,upper,0.1
523,phase2,upper,-15.0,2,-14.999621024306027,-16.760388014039776,-18.5354838605262,-7.589928386762266,-3.49498305267411,-3.209379850516137e-05,upper,0.1
524,phase2,upper,-15.0,2,-14.999570479582818,-16.760388014039776,-18.5354838605262,-7.589928386762266,-3.49498305267411,-3.4243854854331966e-05,upper,0.1
525,phase2,upper,-15.0,2,-14.999538534376248,-16.760388014039776,-18.5354838605262,-7.589928386762266,-3.49498305267411,-3.5313922228669894e-05,upper,0.1
526,phase2,upper,-15.0,2,-14.999521781139341,-16.760388014039776,-18.5354838605262,-7.589928386762266,-3.49498305267411,-3.551600962665845e-05,upper,0.1
527,phase2,upper,-15.0,2,-14.999517267649107,-16.760388014039776,-18.5354838605262,-7.589928386762266,-3.49498305267411,-3.503242143767203e-05,upper,0.1
528,phase2,upper,-15.0,2,-14.99952245286236,-16.760388014039776,-18.5354838605262,-7.589928386762266,-3.49498305267411,-3.4018813975055705e-05,upper,0.1
529,phase2,upper,-15.0,2,-14.99953516478315,-16.760388014039776,-18.5354838605262,-7.589928386762266,-3.49498305267411,-3.260708403782499e-05,upper,0.1
530,phase2,upper,-15.0,2,-14.999553560677436,-16.760388014039776,-18.5354838605262,-7.589928386762266,-3.49498305267411,-3.090807100542962e-05,upper,0.1
531,phase2,upper,-15.0,2,-14.999576089854166,-16.760388014039776,-18.5354838605262,-7.589928386762266,-3.49498305267411,-2.9014062315426003e-05,upper,0.1
532,phase2,lower,-20.0,4,-14.999576089854166,-17.187923711344503,-18.806374179864196,-7.553215962261899,-3.4383686996222327,-0.0035046934763028406,upper,0.1
533,phase2,upper,-15.0,2,-15.002729570610054,-17.187923711344503,-18.806374179864196,-7.553215962261899,-3.4383686996222327,-0.0017300840113141447,upper,0.1
534,phase2,lower,-20.0,4,-15.002729570610054,-17.601325833806655,-19.043346473681126,-7.503997645026682,-3.3795174398888634,0.0009400308106695815,upper,0.1
535,phase2,upper,-15.0,2,-15.001792540488754,-17.601325833806655,-19.043346473681126,-7.503997645026682,-3.3795174398888634,0.0005343120002770665,upper,0.1
536,phase2,upper,-15.0,2,-15.00123448583636,-17.601325833806655,-19.043346473681126,-7.503997645026682,-3.3795174398888634,0.00030864344810532096,upper,0.1
537,phase2,upper,-15.0,2,-15.000889384976462,-17.601325833806655,-19.043346473681126,-7.503997645026682,-3.3795174398888634,0.0001822109065680476,upper,0.1
538,phase2,upper,-15.0,2,-15.000665708582574,-17.601325833806655,-19.043346473681126,-7.503997645026682,-3.3795174398888634,0.0001105931014943448,upper,0.1
539,phase2,upper,-15.0,2,-15.000512839835956,-17.601325833806655,-19.043346473681126,-7.503997645026682,-3.3795174398888634,6.936173123478774e-05,upper,0.1
540,phase2,upper,-15.0,2,-15.000402635197748,-17.601325833806655,-19.043346473681126,-7.503997645026682,-3.3795174398888634,4.507232617500048e-05,upper,0.1
541,phase2,upper,-15.0,2,-15.000319301173334,-17.601325833806655,-19.043346473681126,-7.503997645026682,-3.3795174398888634,3.0315291981114325e-05,upper,0.1
542,phase2,upper,-15.0,2,-15.000253838105563,-17.601325833806655,-19.043346473681126,-7.503997645026682,-3.3795174398888634,2.0997390821785398e-05,upper,0.1
543,phase2,upper,-15.0,2,-15.000200991669747,-17.601325833806655,-19.043346473681126,-7.503997645026682,-3.3795174398888634,1.4848474102729546e-05,upper,0.1
544,phase2,upper,-15.0,2,-15.000157580947121,-17.601325833806655,-19.043346473681126,-7.503997645026682,-3.3795174398888634,1.0601263768678288e-05,upper,0.1
545,phase2,upper,-15.0,2,-15.000121581853495,-17.601325833806655,-19.043346473681126,-7.503997645026682,-3.3795174398888634,7.5408315992200725e-06,upper,0.1
546,phase2,upper,-15.0,2,-15.0000916247999,-17.601325833806655,-19.043346473681126,-7.503997645026682,-3.3795174398888634,5.257135624491588e-06,upper,0.1
547,phase2,upper,-15.0,2,-15.000066719319394,-17.601325833806655,-19.043346473681126,-7.503997645026682,-3.3795174398888634,3.5090751929456917e-06,upper,0.1
548,phase2,upper,-15.0,2,-15.000046102900049,-17.601325833806655,-19.043346473681126,-7.503997645026682,-3.3795174398888634,2.149783775936993e-06,upper,0.1
549,phase2,upper,-15.0,2,-15.000029157672355,-17.601325833806655,-19.043346473681126,-7.503997645026682,-3.3795174398888634,1.0855430450673876e-06,upper,0.1
550,phase2,upper,-15.0,2,-15.000015364079538,-17.601325833806655,-19.043346473681126,-7.503997645026682,-3.3795174398888634,2.5315189578855216e-07,upper,0.1
551,phase2,upper,-15.0,2,-15.000004274644198,-17.601325833806655,-19.043346473681126,-7.503997645026682,-3.3795174398888634,-3.9257706192256877e-07,upper,0.1
552,phase2,upper,-15.0,2,-14.99999549861579,-17.601325833806655,-19.043346473681126,-7.503997645026682,-3.3795174398888634,-8.85764733166029e-07,upper,0.1
553,phase2,lower,-20.0,4,-14.99999549861579,-17.99552869498236,-19.245846706124077,-7.441991786855104,-3.3180142440007994,0.0058144302293596795,upper,0.1
554,phase2,upper,-15.0,2,-14.994754908092743,-17.99552869498236,-19.245846706124077,-7.441991786855104,-3.3180142440007994,0.0028482514723638403,upper,0.1
555,phase2,upper,-15.0,2,-14.992342228454804,-17.99552869498236,-19.245846706124077,-7.441991786855104,-3.3180142440007994,0.0012518576660874182,upper,0.1
556,phase2,upper,-15.0,2,-14.991469577774454,-17.99552869498236,-19.245846706124077,-7.441991786855104,-3.3180142440007994,0.00040653901974866877,upper,0.1
557,phase2,upper,-15.0,2,-14.991424146077339,-17.99552869498236,-19.245846706124077,-7.441991786855104,-3.3180142440007994,-2.786773923037198e-05,upper,0.1
558,phase2,upper,-15.0,2,-14.99181052279732,-17.99552869498236,-19.245846706124077,-7.441991786855104,-3.3180142440007994,-0.00023841419198222563,upper,0.1
559,phase2,upper,-15.0,2,-14.992408893269484,-17.99552869498236,-19.245846706124077,-7.441991786855104,-3.3180142440007994,-0.0003279654772074283,upper,0.1
560,phase2,upper,-15.0,2,-14.993096920485202,-17.99552869498236,-19.245846706124077,-7.441991786855104,-3.3180142440007994,-0.0003530790399862906,upper,0.1
561,phase2,upper,-15.0,2,-14.993806641423324,-17.99552869498236,-19.245846706124077,-7.441991786855104,-3.3180142440007994,-0.0003448256328451723,upper,0.1
562,phase2,upper,-15.0,2,-14.994500624640319,-17.99552869498236,-19.245846706124077,-7.441991786855104,-3.3180142440007994,-0.00032023770412543755,upper,0.1
563,phase2,upper,-15.0,2,-14.995158732269639,-17.99552869498236,-19.245846706124077,-7.441991786855104,-3.3180142440007994,-0.0002886073032072651,upper,0.1
564,phase2,upper,-15.0,2,-14.995770728264379,-17.99552869498236,-19.245846706124077,-7.441991786855104,-3.3180142440007994,-0.000254953162515682,upper,0.1
565,phase2,upper,-15.0,2,-14.996332116662632,-17.99552869498236,-19.245846706124077,-7.441991786855104,-3.3180142440007994,-0.00022193145202231433,upper,0.1
566,phase2,upper,-15.0,2,-14.996841770517916,-17.99552869498236,-19.245846706124077,-7.441991786855104,-3.3180142440007994,-0.00019089051225029533,upper,0.1
567,phase2,upper,-15.0,2,-14.997300558821689,-17.99552869498236,-19.245846706124077,-7.441991786855104,-3.3180142440007994,-0.00016245441961786045,upper,0.1
568,phase2,upper,-15.0,2,-14.997710534169286,-17.99552869498236,-19.245846706124077,-7.441991786855104,-3.3180142440007994,-0.0001368469276672469,upper,0.1
569,phase2,upper,-15.0,2,-14.998074439334584,-17.99552869498236,-19.245846706124077,-7.441991786855104,-3.3180142440007994,-0.00011407210574271412,upper,0.1
570,phase2,upper,-15.0,2,-14.99839539842445,-17.99552869498236,-19.245846706124077,-7.441991786855104,-3.3180142440007994,-9.401567425364044e-05,upper,0.1
571,phase2,upper,-15.0,2,-14.998676717490092,-17.99552869498236,-19.245846706124077,-7.441991786855104,-3.3180142440007994,-7.650228135755105e-05,upper,0.1
572,phase2,upper,-15.0,2,-14.998921752136804,-17.99552869498236,-19.245846706124077,-7.441991786855104,-3.3180142440007994,-6.132815974834954e-05,upper,0.1
573,phase2,lower,-20.0,4,-14.998921752136804,-18.370615691440307,-19.416758437238645,-7.36929800587844,-3.2551582072597887,0.009805125807414428,upper,0.1
574,phase2,upper,-15.0,2,-14.990254009178448,-18.370615691440307,-19.416758437238645,-7.36929800587844,-3.2551582072597887,0.00478628253388586,upper,0.1
575,phase2,upper,-15.0,2,-14.986351607485282,-18.370615691440307,-19.416758437238645,-7.36929800587844,-3.2551582072597887,0.0020893714498173583,upper,0.1
576,phase2,upper,-15.0,2,-14.9850330066068,-18.370615691440307,-19.416758437238645,-7.36929800587844,-3.2551582072597887,0.0006649052433408213,upper,0.1
577,phase2,upper,-15.0,2,-14.98509212508568,-18.370615691440307,-19.416758437238645,-7.36929800587844,-3.2551582072597887,-6.402824474917486e-05,upper,0.1
578,phase2,upper,-15.0,2,-14.985861152836108,-18.370615691440307,-19.416758437238645,-7.36929800587844,-3.2551582072597887,-0.0004145838776427761,upper,0.1
579,phase2,upper,-15.0,2,-14.986969958039559,-18.370615691440307,-19.416758437238645,-7.36929800587844,-3.2551582072597887,-0.0005611003407401515,upper,0.1
580,phase2,upper,-15.0,2,-14.988213550176292,-18.370615691440307,-19.416758437238645,-7.36929800587844,-3.2551582072597887,-0.0005993662610698417,upper,0.1
581,phase2,upper,-15.0,2,-14.989478954235125,-18.370615691440307,-19.416758437238645,-7.36929800587844,-3.2551582072597887,-0.0005819452644871513,upper,0.1
582,phase2,upper,-15.0,2,-14.990704767430891,-18.370615691440307,-19.416758437238645,-7.36929800587844,-3.2551582072597887,-0.000537598931349363,upper,0.1
583,phase2,upper,-15.0,2,-14.991858710057155,-18.370615691440307,-19.416758437238645,-7.36929800587844,-3.2551582072597887,-0.0004819711305100075,upper,0.1
584,phase2,upper,-15.0,2,-14.992925096896476,-18.370615691440307,-19.416758437238645,-7.36929800587844,-3.2551582072597887,-0.00042346939826772294,upper,0.1
585,phase2,upper,-15.0,2,-14.9938977898375,-18.370615691440307,-19.416758437238645,-7.36929800587844,-3.2551582072597887,-0.00036650575482430564,upper,0.1
586,phase2,upper,-15.0,2,-14.994776189163222,-18.370615691440307,-19.416758437238645,-7.36929800587844,-3.2551582072597887,-0.00031328515156477,upper,0.1
587,phase2,upper,-15.0,2,-14.995562918254931,-18.370615691440307,-19.416758437238645,-7.36929800587844,-3.2551582072597887,-0.00026479452839303565,upper,0.1
588,phase2,upper,-15.0,2,-14.996262459560295,-18.370615691440307,-19.416758437238645,-7.36929800587844,-3.2551582072597887,-0.00022135141058184985,upper,0.1
589,phase2,upper,-15.0,2,-14.996880331287054,-18.370615691440307,-19.416758437238645,-7.36929800587844,-3.2551582072597887,-0.0001829094132250059,upper,0.1
590,phase2,upper,-15.0,2,-14.997422576738401,-18.370615691440307,-19.416758437238645,-7.36929800587844,-3.2551582072597887,-0.00014922924571854053,upper,0.1
591,phase2,upper,-15.0,2,-14.997895438704523,-18.370615691440307,-19.416758437238645,-7.36929800587844,-3.2551582072597887,-0.00011997502020240517,upper,0.1
592,phase2,upper,-15.0,2,-14.99830514678408,-18.370615691440307,-19.416758437238645,-7.36929800587844,-3.2551582072597887,-9.476884823973079e-05,upper,0.1
593,phase2,upper,-15.0,2,-14.998657776209162,-18.370615691440307,-19.416758437238645,-7.36929800587844,-3.2551582072597887,-7.322196056509689e-05,upper,0.1
594,phase2,upper,-15.0,2,-14.998959153827727,-18.370615691440307,-19.416758437238645,-7.36929800587844,-3.2551582072597887,-5.495246753711995e-05,upper,0.1
595,phase2,upper,-15.0,2,-14.999214796478785,-18.370615691440307,-19.416758437238645,-7.36929800587844,-3.2551582072597887,-3.9595405536533224e-05,upper,0.1
596,phase2,upper,-15.0,2,-14.999429872439705,-18.370615691440307,-19.416758437238645,-7.36929800587844,-3.2551582072597887,-2.6808245714936833e-05,upper,0.1
597,phase2,upper,-15.0,2,-14.999609179779453,-18.370615691440307,-19.416758437238645,-7.36929800587844,-3.2551582072597887,-1.6273674534852106e-05,upper,0.1
598,phase2,upper,-15.0,2,-14.999757137332187,-18.370615691440307,-19.416758437238645,-7.36929800587844,-3.2551582072597887,-7.700695029669022e-06,upper,0.1
599,phase2,upper,-15.0,2,-14.999877785170861,-18.370615691440307,-19.416758437238645,-7.36929800587844,-3.2551582072597887,-8.2467141555187e-07,upper,0.1
600,phase2,upper,-15.0,2,-14.999974792218321,-18.370615691440307,-19.416758437238645,-7.36929800587844,-3.2551582072597887,4.593302018980918e-06,upper,0.1
601,phase2,upper,-15.0,2,-15.000051469153982,-18.370615691440307,-19.416758437238645,-7.36929800587844,-3.2551582072597887,8.76746621197333e-06,upper,0.1
602,phase2,upper,-15.0,2,-15.000110785151847,-18.370615691440307,-19.416758437238645,-7.36929800587844,-3.2551582072597887,1.1888737634379476e-05,upper,0.1
603,phase2,upper,-15.0,2,-15.00015538727336,-18.370615691440307,-19.416758437238645,-7.36929800587844,-3.2551582072597887,1.4126214680795788e-05,upper,0.1
604,phase2,upper,-15.0,2,-15.000187621566457,-18.370615691440307,-19.416758437238645,-7.36929800587844,-3.2551582072597887,1.562877316229103e-05,upper,0.1
605,phase2,upper,-15.0,2,-15.000209555107654,-18.370615691440307,-19.416758437238645,-7.36929800587844,-3.2551582072597887,1.652669517694792e-05,upper,0.1
606,phase2,lower,-20.0,4,-15.000209555107654,-18.72521509199448,-19.55774783642122,-7.287117403992864,-3.1915239765545094,0.013413509535027422,upper,0.1
607,phase2,upper,-15.0,2,-14.988165713821774,-18.72521509199448,-19.55774783642122,-7.287117403992864,-3.1915239765545094,0.006581454882000999,upper,0.1
608,phase2,upper,-15.0,2,-14.98262589203784,-18.72521509199448,-19.55774783642122,-7.287117403992864,-3.1915239765545094,0.002904398191721673,upper,0.1
609,phase2,upper,-15.0,2,-14.980625120062246,-18.72521509199448,-19.55774783642122,-7.287117403992864,-3.1915239765545094,0.0009571186508048532,upper,0.1
610,phase2,upper,-15.0,2,-14.980522978257603,-18.72521509199448,-19.55774783642122,-7.287117403992864,-3.1915239765545094,-4.392441094098787e-05,upper,0.1
611,phase2,upper,-15.0,2,-14.981410013369754,-18.72521509199448,-19.55774783642122,-7.287117403992864,-3.1915239765545094,-0.0005295583308257106,upper,0.1
612,phase2,upper,-15.0,2,-14.98278108522451,-18.72521509199448,-19.55774783642122,-7.287117403992864,-3.1915239765545094,-0.0007366809388808258,upper,0.1
613,phase2,upper,-15.0,2,-14.984355426019121,-18.72521509199448,-19.55774783642122,-7.287117403992864,-3.1915239765545094,-0.0007955215878505138,upper,0.1
614,phase2,upper,-15.0,2,-14.985977362424928,-18.72521509199448,-19.55774783642122,-7.287117403992864,-3.1915239765545094,-0.0007776057695664385,upper,0.1
615,phase2,upper,-15.0,2,-14.98756140896424,-18.72521509199448,-19.55774783642122,-7.287117403992864,-3.1915239765545094,-0.0007221278331365634,upper,0.1
616,phase2,lower,-20.0,4,-14.98756140896424,-19.059118281486978,-19.67111811781278,-7.197054366817541,-3.127937970256182,0.01641630379665033,upper,0.1
617,phase2,upper,-15.0,2,-14.97363720108095,-19.059118281486978,-19.67111811781278,-7.197054366817541,-3.127937970256182,0.007747373027318365,upper,0.1
618,phase2,upper,-15.0,2,-14.967935526465595,-19.059118281486978,-19.67111811781278,-7.197054366817541,-3.127937970256182,0.0031197153156454,upper,0.1
619,phase2,upper,-15.0,2,-14.966651674579778,-19.059118281486978,-19.67111811781278,-7.197054366817541,-3.127937970256182,0.0007038765694778256,upper,0.1
620,phase2,upper,-15.0,2,-14.967683321315977,-19.059118281486978,-19.67111811781278,-7.197054366817541,-3.127937970256182,-0.0005056880351767847,upper,0.1
621,phase2,upper,-15.0,2,-14.969867995650716,-19.059118281486978,-19.67111811781278,-7.197054366817541,-3.127937970256182,-0.0010616275384802709,upper,0.1
622,phase2,upper,-15.0,2,-14.972563315715483,-19.059118281486978,-19.67111811781278,-7.197054366817541,-3.127937970256182,-0.0012675706491216132,upper,0.1
623,phase2,upper,-15.0,2,-14.97541564571632,-19.059118281486978,-19.67111811781278,-7.197054366817541,-3.127937970256182,-0.0012901736691087106,upper,0.1
624,phase2,upper,-15.0,2,-14.978232368530387,-19.059118281486978,-19.67111811781278,-7.197054366817541,-3.127937970256182,-0.0012207147403054674,upper,0.1
625,phase2,upper,-15.0,2,-14.980911174155748,-19.059118281486978,-19.67111811781278,-7.197054366817541,-3.127937970256182,-0.0011089645545202837,upper,0.1
626,phase2,lower,-20.0,4,-14.980911174155748,-19.371316333218626,-19.758434385963405,-7.100148856159635,-3.0647823208221676,0.019119579869771225,upper,0.1
627,phase2,upper,-15.0,2,-14.965195063560628,-19.371316333218626,-19.758434385963405,-7.100148856159635,-3.0647823208221676,0.008930165376750874,upper,0.1
628,phase2,upper,-15.0,2,-14.959098511471383,-19.371316333218626,-19.758434385963405,-7.100148856159635,-3.0647823208221676,0.003506286648911595,upper,0.1
629,phase2,upper,-15.0,2,-14.958136890829039,-19.371316333218626,-19.758434385963405,-7.100148856159635,-3.0647823208221676,0.0006884991628590801,upper,0.1
630,phase2,upper,-15.0,2,-14.959835395088838,-19.371316333218626,-19.758434385963405,-7.100148856159635,-3.0647823208221676,-0.0007098948697542843,upper,0.1
631,phase2,upper,-15.0,2,-14.962828633990494,-19.371316333218626,-19.758434385963405,-7.100148856159635,-3.0647823208221676,-0.001340896616815496,upper,0.1
632,phase2,upper,-15.0,2,-14.966364953653368,-19.371316333218626,-19.758434385963405,-7.100148856159635,-3.0647823208221676,-0.0015625241788281743,upper,0.1
633,phase2,upper,-15.0,2,-14.970033241875056,-19.371316333218626,-19.758434385963405,-7.100148856159635,-3.0647823208221676,-0.0015711067565579958,upper,0.1
634,phase2,upper,-15.0,2,-14.97361208787963,-19.371316333218626,-19.758434385963405,-7.100148856159635,-3.0647823208221676,-0.0014740085613312928,upper,0.1
635,phase2,upper,-15.0,2,-14.976986274170528,-19.371316333218626,-19.758434385963405,-7.100148856159635,-3.0647823208221676,-0.001329619485950559,upper,0.1
636,phase2,upper,-15.0,2,-14.980100360088304,-19.371316333218626,-19.758434385963405,-7.100148856159635,-3.0647823208221676,-0.0011693567687620868,upper,0.1
637,phase2,upper,-15.0,2,-14.982932731982972,-19.371316333218626,-19.758434385963405,-7.100148856159635,-3.0647823208221676,-0.0010097784417939261,upper,0.1
638,phase2,upper,-15.0,2,-14.985480975660847,-19.371316333218626,-19.758434385963405,-7.100148856159635,-3.0647823208221676,-0.0008592595997663928,upper,0.1
639,phase2,upper,-15.0,2,-14.987753537390255,-19.371316333218626,-19.758434385963405,-7.100148856159635,-3.0647823208221676,-0.0007216774059945398,upper,0.1
640,phase2,upper,-15.0,2,-14.989764898919962,-19.371316333218626,-19.758434385963405,-7.100148856159635,-3.0647823208221676,-0.0005984491394416592,upper,0.1
641,phase2,lower,-20.0,4,-14.989764898919962,-19.6605667427186,-19.820935043364983,-6.997168940588556,-3.0022389088597072,0.021660831753743535,upper,0.1
642,phase2,upper,-15.0,2,-14.971499381169513,-19.6605667427186,-19.820935043364983,-6.997168940588556,-3.0022389088597072,0.010417385301446105,upper,0.1
643,phase2,upper,-15.0,2,-14.963827501761054,-19.6605667427186,-19.820935043364983,-6.997168940588556,-3.0022389088597072,0.004402839295449799,upper,0.1
644,phase2,lower,-20.0,4,-14.963827501761054,-19.922641017417334,-19.85761458844866,-6.887273561393631,-2.9393702439016294,0.024901991544096745,upper,0.1
645,phase2,upper,-15.0,2,-14.943391000571882,-19.922641017417334,-19.85761458844866,-6.887273561393631,-2.9393702439016294,0.011294577117485344,upper,0.1
646,phase2,upper,-15.0,2,-14.935893525743051,-19.922641017417334,-19.85761458844866,-6.887273561393631,-2.9393702439016294,0.004076160816645784,upper,0.1
647,phase2,upper,-15.0,2,-14.935302166649624,-19.922641017417334,-19.85761458844866,-6.887273561393631,-2.9393702439016294,0.0003510712801878561,upper,0.1
648,phase2,upper,-15.0,2,-14.93828215610764,-19.922641017417334,-19.85761458844866,-6.887273561393631,-2.9393702439016294,-0.0014722742483026542,upper,0.1
649,phase2,upper,-15.0,2,-14.942989413824803,-19.922641017417334,-19.85761458844866,-6.887273561393631,-2.9393702439016294,-0.0022685507180069155,upper,0.1
650,phase2,upper,-15.0,2,-14.94840562491431,-19.922641017417334,-19.85761458844866,-6.887273561393631,-2.9393702439016294,-0.002518201047182134,upper,0.1
651,phase2,upper,-15.0,2,-14.953971585120751,-19.922641017417334,-19.85761458844866,-6.887273561393631,-2.9393702439016294,-0.00248478763193205,upper,0.1
652,phase2,upper,-15.0,2,-14.959384598363382,-19.922641017417334,-19.85761458844866,-6.887273561393631,-2.9393702439016294,-0.002312494992373934,upper,0.1
653,phase2,upper,-15.0,2,-14.964486173256457,-19.922641017417334,-19.85761458844866,-6.887273561393631,-2.9393702439016294,-0.002079754949367287,upper,0.1
654,phase2,upper,-15.0,2,-14.96919948177621,-19.922641017417334,-19.85761458844866,-6.887273561393631,-2.9393702439016294,-0.0018287571116173418,upper,0.1
655,phase2,upper,-15.0,2,-14.973494292597488,-19.922641017417334,-19.85761458844866,-6.887273561393631,-2.9393702439016294,-0.001581702883532125,upper,0.1
656,phase2,upper,-15.0,2,-14.977367118563912,-19.922641017417334,-19.85761458844866,-6.887273561393631,-2.9393702439016294,-0.0013497692315940218,upper,0.1
657,phase2,upper,-15.0,2,-14.980829827586536,-19.922641017417334,-19.85761458844866,-6.887273561393631,-2.9393702439016294,-0.001138060862286687,upper,0.1
658,phase2,upper,-15.0,2,-14.983902994530336,-19.922641017417334,-19.85761458844866,-6.887273561393631,-2.9393702439016294,-0.0009483528998275673,upper,0.1
659,phase2,upper,-15.0,2,-14.986611936583756,-19.922641017417334,-19.85761458844866,-6.887273561393631,-2.9393702439016294,-0.0007806148850835994,upper,0.1
660,phase2,upper,-15.0,2,-14.98898429052157,-19.922641017417334,-19.85761458844866,-6.887273561393631,-2.9393702439016294,-0.0006338611474667816,upper,0.1
661,phase2,upper,-15.0,2,-14.99104849463416,-19.922641017417334,-19.85761458844866,-6.887273561393631,-2.9393702439016294,-0.0005066276294233712,upper,0.1
662,phase2,upper,-15.0,2,-14.992832816293495,-19.922641017417334,-19.85761458844866,-6.887273561393631,-2.9393702439016294,-0.00039724058803571863,upper,0.1
663,phase2,upper,-15.0,2,-14.994364719998083,-19.922641017417334,-19.85761458844866,-6.887273561393631,-2.9393702439016294,-0.000303968553550714,upper,0.1
664,phase2,upper,-15.0,2,-14.995670456231487,-19.922641017417334,-19.85761458844866,-6.887273561393631,-2.9393702439016294,-0.00022510818312877816,upper,0.1
665,phase2,upper,-15.0,2,-14.996774799315991,-19.922641017417334,-19.85761458844866,-6.887273561393631,-2.9393702439016294,-0.00015903220801649702,upper,0.1
666,phase2,upper,-15.0,2,-14.99770088953013,-19.922641017417334,-19.85761458844866,-6.887273561393631,-2.9393702439016294,-0.00010421529202524831,upper,0.1
667,phase2,upper,-15.0,2,-14.998470150364842,-19.922641017417334,-19.85761458844866,-6.887273561393631,-2.9393702439016294,-5.924677071845959e-05,upper,0.1
668,phase2,upper,-15.0,2,-14.999102261018756,-19.922641017417334,-19.85761458844866,-6.887273561393631,-2.9393702439016294,-2.2835436282786097e-05,upper,0.1
669,phase2,upper,-15.0,2,-14.999615169884294,-19.922641017417334,-19.85761458844866,-6.887273561393631,-2.9393702439016294,6.190594343522308e-06,upper,0.1
670,phase2,upper,-15.0,2,-15.00002513839899,-19.922641017417334,-19.85761458844866,-6.887273561393631,-2.9393702439016294,2.8887092221725844e-05,upper,0.1
671,phase2,upper,-15.0,2,-15.00034680708422,-19.922641017417334,-19.85761458844866,-6.887273561393631,-2.9393702439016294,4.6198863298988944e-05,upper,0.1
672,phase2,upper,-15.0,2,-15.000593277340176,-19.922641017417334,-19.85761458844866,-6.887273561393631,-2.9393702439016294,5.896608650641319e-05,upper,0.1
673,phase2,upper,-15.0,2,-15.000776203876416,-19.922641017417334,-19.85761458844866,-6.887273561393631,-2.9393702439016294,6.793134386209847e-05,upper,0.1
674,phase2,upper,-15.0,2,-15.000905893681532,-19.922641017417334,-19.85761458844866,-6.887273561393631,-2.9393702439016294,7.374699609815776e-05,upper,0.1
675,phase2,upper,-15.0,2,-15.00099140826063,-19.922641017417334,-19.85761458844866,-6.887273561393631,-2.9393702439016294,7.69826573369123e-05,upper,0.1
676,phase2,upper,-15.0,2,-15.001040666547217,-19.922641017417334,-19.85761458844866,-6.887273561393631,-2.9393702439016294,7.813259095109466e-05,upper,0.1
677,phase2,lower,-20.0,4,-15.001040666547217,-20.16606805518861,-19.8762755486287,-6.775770565933827,-2.87964096534176,0.025463971671264844,upper,0.1
678,phase2,lower,-20.0,4,-15.001040666547217,-20.364171230028482,-19.8598583505292,-6.650487281460848,-2.814012142501958,0.032906238309073035,upper,0.1
679,phase2,upper,-15.0,2,-14.971515251313056,-20.364171230028482,-19.8598583505292,-6.650487281460848,-2.814012142501958,0.016163394699822732,upper,0.1
680,phase2,upper,-15.0,2,-14.95792085262688,-20.364171230028482,-19.8598583505292,-6.650487281460848,-2.814012142501958,0.007151260031234672,upper,0.1
681,phase2,upper,-15.0,2,-14.952993824704144,-20.364171230028482,-19.8598583505292,-6.650487281460848,-2.814012142501958,0.0023775625435952137,upper,0.1
682,phase2,upper,-15.0,2,-14.952715924658628,-20.364171230028482,-19.8598583505292,-6.650487281460848,-2.814012142501958,-7.76080505791915e-05,upper,0.1
683,phase2,upper,-15.0,2,-14.954859824309342,-20.364171230028482,-19.8598583505292,-6.650487281460848,-2.814012142501958,-0.0012698854885576315,upper,0.1
684,phase2,upper,-15.0,2,-14.958188707924187,-20.364171230028482,-19.8598583505292,-6.650487281460848,-2.814012142501958,-0.0017797103593502092,upper,0.1
685,phase2,upper,-15.0,2,-14.96201537307666,-20.364171230028482,-19.8598583505292,-6.650487281460848,-2.814012142501958,-0.0019261535137407686,upper,0.1
686,phase2,upper,-15.0,2,-14.965958985640713,-20.364171230028482,-19.8598583505292,-6.650487281460848,-2.814012142501958,-0.0018844473332813878,upper,0.1
687,phase2,lower,-20.0,4,-14.965958985640713,-20.56543594467851,-19.843991997695852,-6.536236276551555,-2.760103655790489,0.02692602063382698,upper,0.1
688,phase2,upper,-15.0,2,-14.943881138724825,-20.56543594467851,-19.843991997695852,-6.536236276551555,-2.760103655790489,0.012366521128706762,upper,0.1
689,phase2,upper,-15.0,2,-14.935601340168015,-20.56543594467851,-19.843991997695852,-6.536236276551555,-2.760103655790489,0.004632535856123323,upper,0.1
690,phase2,upper,-15.0,2,-14.934684150850345,-20.56543594467851,-19.843991997695852,-6.536236276551555,-2.760103655790489,0.0006306711402965259,upper,0.1
691,phase2,upper,-15.0,2,-14.937575092762511,-20.56543594467851,-19.843991997695852,-6.536236276551555,-2.760103655790489,-0.0013391774812852736,upper,0.1
692,phase2,upper,-15.0,2,-14.942310756599037,-20.56543594467851,-19.843991997695852,-6.536236276551555,-2.760103655790489,-0.0022112078136511675,upper,0.1
693,phase2,upper,-15.0,2,-14.94780857910519,-20.56543594467851,-19.843991997695852,-6.536236276551555,-2.760103655790489,-0.002498472938069913,upper,0.1
694,phase2,upper,-15.0,2,-14.953475291809383,-20.56543594467851,-19.843991997695852,-6.536236276551555,-2.760103655790489,-0.0024823665311049146,upper,0.1
695,phase2,upper,-15.0,2,-14.95899063512556,-20.56543594467851,-19.843991997695852,-6.536236276551555,-2.760103655790489,-0.0023167916365235647,upper,0.1
696,phase2,upper,-15.0,2,-14.964187534297373,-20.56543594467851,-19.843991997695852,-6.536236276551555,-2.760103655790489,-0.002085448045224937,upper,0.1
697,phase2,upper,-15.0,2,-14.96898542541266,-20.56543594467851,-19.843991997695852,-6.536236276551555,-2.760103655790489,-0.0018333546045264872,upper,0.1
698,phase2,upper,-15.0,2,-14.97335291908882,-20.56543594467851,-19.843991997695852,-6.536236276551555,-2.760103655790489,-0.001584208285950438,upper,0.1
699,phase2,upper,-15.0,2,-14.97728670315576,-20.56543594467851,-19.843991997695852,-6.536236276551555,-2.760103655790489,-0.0013499547925883788,upper,0.1
700,phase2,upper,-15.0,2,-14.98079947285061,-20.56543594467851,-19.843991997695852,-6.536236276551555,-2.760103655790489,-0.0011360738193587554,upper,0.1
701,phase2,upper,-15.0,2,-14.983912912662591,-20.56543594467851,-19.843991997695852,-6.536236276551555,-2.760103655790489,-0.0009445043822572117,upper,0.1
702,phase2,upper,-15.0,2,-14.986653532865754,-20.56543594467851,-19.843991997695852,-6.536236276551555,-2.760103655790489,-0.0007752688041065096,upper,0.1
703,phase2,upper,-15.0,2,-14.989050142340805,-20.56543594467851,-19.843991997695852,-6.536236276551555,-2.760103655790489,-0.0006273776484176554,upper,0.1
704,phase2,upper,-15.0,2,-14.991132278102983,-20.56543594467851,-19.843991997695852,-6.536236276551555,-2.760103655790489,-0.0004993361484263485,upper,0.1
705,phase2,upper,-15.0,2,-14.992929209108254,-20.56543594467851,-19.843991997695852,-6.536236276551555,-2.760103655790489,-0.000389428807187468,upper,0.1
706,phase2,upper,-15.0,2,-14.994469296223771,-20.56543594467851,-19.843991997695852,-6.536236276551555,-2.760103655790489,-0.0002958797352598116,upper,0.1
707,phase2,upper,-15.0,2,-14.995779581499972,-20.56543594467851,-19.843991997695852,-6.536236276551555,-2.760103655790489,-0.0002169427672621428,upper,0.1
708,phase2,upper,-15.0,2,-14.996885530911884,-20.56543594467851,-19.843991997695852,-6.536236276551555,-2.760103655790489,-0.00015095142803556394,upper,0.1
709,phase2,lower,-20.0,4,-14.996885530911884,-20.743427406265475,-19.811332538412554,-6.420494888986344,-2.7079480216085186,0.028138318587098404,upper,0.1
710,phase2,upper,-15.0,2,-14.972350540575755,-20.743427406265475,-19.811332538412554,-6.420494888986344,-2.7079480216085186,0.013765396710338208,upper,0.1
711,phase2,upper,-15.0,2,-14.961405476345583,-20.743427406265475,-19.811332538412554,-6.420494888986344,-2.7079480216085186,0.006045501958160324,upper,0.1
712,phase2,upper,-15.0,2,-14.957806701541813,-20.743427406265475,-19.811332538412554,-6.420494888986344,-2.7079480216085186,0.001970256176137734,upper,0.1
713,phase2,upper,-15.0,2,-14.958106125117444,-20.743427406265475,-19.811332538412554,-6.420494888986344,-2.7079480216085186,-0.00011383455536413624,upper,0.1
714,phase2,upper,-15.0,2,-14.960397791087557,-20.743427406265475,-19.811332538412554,-6.420494888986344,-2.7079480216085186,-0.0011155658402795252,upper,0.1
715,phase2,upper,-15.0,2,-14.963628146257363,-20.743427406265475,-19.811332538412554,-6.420494888986344,-2.7079480216085186,-0.001534322396890267,upper,0.1
716,phase2,upper,-15.0,2,-14.967216126296512,-20.743427406265475,-19.811332538412554,-6.420494888986344,-2.7079480216085186,-0.0016443354973800638,upper,0.1
717,phase2,upper,-15.0,2,-14.970843583409234,-20.743427406265475,-19.811332538412554,-6.420494888986344,-2.7079480216085186,-0.001595960639963589,upper,0.1
718,phase2,upper,-15.0,2,-14.974339417785329,-20.743427406265475,-19.811332538412554,-6.420494888986344,-2.7079480216085186,-0.0014713609292936417,upper,0.1
719,phase2,upper,-15.0,2,-14.977615297375028,-20.743427406265475,-19.811332538412554,-6.420494888986344,-2.7079480216085186,-0.0013151353939939562,upper,0.1
720,phase2,upper,-15.0,2,-14.980629816787685,-20.743427406265475,-19.811332538412554,-6.420494888986344,-2.7079480216085186,-0.001151176641580527,upper,0.1
721,phase2,upper,-15.0,2,-14.983368366416238,-20.743427406265475,-19.811332538412554,-6.420494888986344,-2.7079480216085186,-0.0009919578921422003,upper,0.1
722,phase2,upper,-15.0,2,-14.985831708350451,-20.743427406265475,-19.811332538412554,-6.420494888986344,-2.7079480216085186,-0.0008436561898468738,upper,0.1
723,phase2,upper,-15.0,2,-14.988029401914536,-20.743427406265475,-19.811332538412554,-6.420494888986344,-2.7079480216085186,-0.0007089840131214277,upper,0.1
724,phase2,upper,-15.0,2,-14.98997595100111,-20.743427406265475,-19.811332538412554,-6.420494888986344,-2.7079480216085186,-0.0005887583962645977,upper,0.1
725,phase2,upper,-15.0,2,-14.991688496263878,-20.743427406265475,-19.811332538412554,-6.420494888986344,-2.7079480216085186,-0.0004827734405845993,upper,0.1
726,phase2,upper,-15.0,2,-14.993185398431663,-20.743427406265475,-19.811332538412554,-6.420494888986344,-2.7079480216085186,-0.0003902875515567225,upper,0.1
727,phase2,upper,-15.0,2,-14.994485347203462,-20.743427406265475,-19.811332538412554,-6.420494888986344,-2.7079480216085186,-0.0003102968495271344,upper,0.1
728,phase2,upper,-15.0,2,-14.99560678922948,-20.743427406265475,-19.811332538412554,-6.420494888986344,-2.7079480216085186,-0.00024168930263439187,upper,0.1
729,phase2,upper,-15.0,2,-14.996567556725294,-20.743427406265475,-19.811332538412554,-6.420494888986344,-2.7079480216085186,-0.00018333184029653362,upper,0.1
730,phase2,upper,-15.0,2,-14.997384627249183,-20.743427406265475,-19.811332538412554,-6.420494888986344,-2.7079480216085186,-0.00013411943190052384,upper,0.1
731,phase2,upper,-15.0,2,-14.998073972645475,-20.743427406265475,-19.811332538412554,-6.420494888986344,-2.7079480216085186,-9.300229247337808e-05,upper,0.1
732,phase2,upper,-15.0,2,-14.998650470761119,-20.743427406265475,-19.811332538412554,-6.420494888986344,-2.7079480216085186,-5.9000299230148497e-05,upper,0.1
733,phase2,upper,-15.0,2,-14.999127862577422,-20.743427406265475,-19.811332538412554,-6.420494888986344,-2.7079480216085186,-3.1209784559437876e-05,upper,0.1
734,phase2,upper,-15.0,2,-14.999518742777203,-20.743427406265475,-19.811332538412554,-6.420494888986344,-2.7079480216085186,-8.80569168055278e-06,upper,0.1
735,phase2,upper,-15.0,2,-14.99983457509233,-20.743427406265475,-19.811332538412554,-6.420494888986344,-2.7079480216085186,8.959141727835245e-06,upper,0.1
736,phase2,upper,-15.0,2,-15.000085725931617,-20.743427406265475,-19.811332538412554,-6.420494888986344,-2.7079480216085186,2.2756498232473436e-05,upper,0.1
737,phase2,upper,-15.0,2,-15.000281511262392,-20.743427406265475,-19.811332538412554,-6.420494888986344,-2.7079480216085186,3.318641820892324e-05,upper,0.1
738,phase2,upper,-15.0,2,-15.000430252782325,-20.743427406265475,-19.811332538412554,-6.420494888986344,-2.7079480216085186,4.078151946296581e-05,upper,0.1
739,phase2,upper,-15.0,2,-15.000539340223533,-20.743427406265475,-19.811332538412554,-6.420494888986344,-2.7079480216085186,4.601170079182494e-05,upper,0.1
740,phase2,upper,-15.0,2,-15.000615297264837,-20.743427406265475,-19.811332538412554,-6.420494888986344,-2.7079480216085186,4.9289021575577095e-05,upper,0.1
741,phase2,upper,-15.0,2,-15.000663849041164,-20.743427406265475,-19.811332538412554,-6.420494888986344,-2.7079480216085186,5.097260913415811e-05,upper,0.1
742,phase2,upper,-15.0,2,-15.000689989661659,-20.743427406265475,-19.811332538412554,-6.420494888986344,-2.7079480216085186,5.137348689501781e-05,upper,0.1
743,phase2,upper,-15.0,2,-15.000698048499617,-20.743427406265475,-19.811332538412554,-6.420494888986344,-2.7079480216085186,5.075924628290615e-05,upper,0.1
744,phase2,upper,-15.0,2,-15.000691754310777,-20.743427406265475,-19.811332538412554,-6.420494888986344,-2.7079480216085186,4.9358507620521996e-05,upper,0.1
745,phase2,upper,-15.0,2,-15.000674296481412,-20.743427406265475,-19.811332538412554,-6.420494888986344,-2.7079480216085186,4.7365132531647947e-05,upper,0.1
746,phase2,upper,-15.0,2,-15.000648382911068,-20.743427406265475,-19.811332538412554,-6.420494888986344,-2.7079480216085186,4.494216378691786e-05,upper,0.1
747,phase2,upper,-15.0,2,-15.000616294202894,-20.743427406265475,-19.811332538412554,-6.420494888986344,-2.7079480216085186,4.222547911856138e-05,upper,0.1
748,phase2,upper,-15.0,2,-15.000579933971844,-20.743427406265475,-19.811332538412554,-6.420494888986344,-2.7079480216085186,3.932715386899142e-05,upper,0.1
749,phase2,upper,-15.0,2,-15.000540875192298,-20.743427406265475,-19.811332538412554,-6.420494888986344,-2.7079480216085186,3.633853385544198e-05,upper,0.1
750,phase2,upper,-15.0,2,-15.000500402595206,-20.743427406265475,-19.811332538412554,-6.420494888986344,-2.7079480216085186,3.333302486201223e-05,upper,0.1
751,phase2,upper,-15.0,2,-15.000459551194274,-20.743427406265475,-19.811332538412554,-6.420494888986344,-2.7079480216085186,3.0368608968481146e-05,upper,0.1
752,phase2,upper,-15.0,2,-15.000419141073754,-20.743427406265475,-19.811332538412554,-6.420494888986344,-2.7079480216085186,2.7490100702555835e-05,upper,0.1
753,phase2,upper,-15.0,2,-15.000379808609608,-20.743427406265475,-19.811332538412554,-6.420494888986344,-2.7079480216085186,2.4731157940631267e-05,upper,0.1
754,phase2,upper,-15.0,2,-15.000342034323547,-20.743427406265475,-19.811332538412554,-6.420494888986344,-2.7079480216085186,2.2116063726840993e-05,upper,0.1
755,phase2,upper,-15.0,2,-15.000306167587643,-20.743427406265475,-19.811332538412554,-6.420494888986344,-2.7079480216085186,1.96612958631174e-05,upper,0.1
756,phase2,upper,-15.0,2,-15.000272448407491,-20.743427406265475,-19.811332538412554,-6.420494888986344,-2.7079480216085186,1.73769013534632e-05,upper,0.1
757,phase2,upper,-15.0,2,-15.00024102651591,-20.743427406265475,-19.811332538412554,-6.420494888986344,-2.7079480216085186,1.5267692655314193e-05,upper,0.1
758,phase2,upper,-15.0,2,-15.000211978008123,-20.743427406265475,-19.811332538412554,-6.420494888986344,-2.7079480216085186,1.3334282282554915e-05,upper,0.1
759,phase2,upper,-15.0,2,-15.000185319744313,-20.743427406265475,-19.811332538412554,-6.420494888986344,-2.7079480216085186,1.157397168420404e-05,upper,0.1
760,phase2,upper,-15.0,2,-15.00016102173747,-20.743427406265475,-19.811332538412554,-6.420494888986344,-2.7079480216085186,9.981509545234072e-06,upper,0.1
761,phase2,lower,-20.0,4,-15.00016102173747,-20.900208936121594,-19.76457592368689,-6.304816590865924,-2.658317926060619,0.02866589106040355,upper,0.1
762,phase2,upper,-15.0,2,-14.974348699138366,-20.900208936121594,-19.76457592368689,-6.304816590865924,-2.658317926060619,0.014049945413695086,upper,0.1
763,phase2,upper,-15.0,2,-14.962465349034096,-20.900208936121594,-19.76457592368689,-6.304816590865924,-2.658317926060619,0.006183478295986495,upper,0.1
764,phase2,upper,-15.0,2,-14.958165923937674,-20.900208936121594,-19.76457592368689,-6.304816590865924,-2.658317926060619,0.002017778319353297,upper,0.1
765,phase2,upper,-15.0,2,-14.95793896221487,-20.900208936121594,-19.76457592368689,-6.304816590865924,-2.658317926060619,-0.0001232974165714493,upper,0.1
766,phase2,upper,-15.0,2,-14.959836885723366,-20.900208936121594,-19.76457592368689,-6.304816590865924,-2.658317926060619,-0.0011614208426516,upper,0.1
767,phase2,upper,-15.0,2,-14.962777258303728,-20.900208936121594,-19.76457592368689,-6.304816590865924,-2.658317926060619,-0.0016034311972205027,upper,0.1
768,phase2,upper,-15.0,2,-14.966157861752015,-20.900208936121594,-19.76457592368689,-6.304816590865924,-2.658317926060619,-0.0017279871541552568,upper,0.1
769,phase2,upper,-15.0,2,-14.969644310177035,-20.900208936121594,-19.76457592368689,-6.304816590865924,-2.658317926060619,-0.0016881644542104499,upper,0.1
770,phase2,upper,-15.0,2,-14.973052575923797,-20.900208936121594,-19.76457592368689,-6.304816590865924,-2.658317926060619,-0.001567868680834678,upper,0.1
771,phase2,upper,-15.0,2,-14.976283769163816,-20.900208936121594,-19.76457592368689,-6.304816590865924,-2.658317926060619,-0.001412868347440988,upper,0.1
772,phase2,upper,-15.0,2,-14.979287724613243,-20.900208936121594,-19.76457592368689,-6.304816590865924,-2.658317926060619,-0.001247878761025903,upper,0.1
773,phase2,upper,-15.0,2,-14.982042503606822,-20.900208936121594,-19.76457592368689,-6.304816590865924,-2.658317926060619,-0.0010859769247262997,upper,0.1
774,phase2,upper,-15.0,2,-14.984542718932254,-20.900208936121594,-19.76457592368689,-6.304816590865924,-2.658317926060619,-0.0009337983365251326,upper,0.1
775,phase2,upper,-15.0,2,-14.98679277647115,-20.900208936121594,-19.76457592368689,-6.304816590865924,-2.658317926060619,-0.0007944121036876087,upper,0.1
776,phase2,upper,-15.0,2,-14.98880287910285,-20.900208936121594,-19.76457592368689,-6.304816590865924,-2.658317926060619,-0.0006689167802180038,upper,0.1
777,phase2,upper,-15.0,2,-14.990586601261178,-20.900208936121594,-19.76457592368689,-6.304816590865924,-2.658317926060619,-0.0005573301141694973,upper,0.1
778,phase2,upper,-15.0,2,-14.992159372285258,-20.900208936121594,-19.76457592368689,-6.304816590865924,-2.658317926060619,-0.00045908806518833934,upper,0.1
779,phase2,upper,-15.0,2,-14.99353749845117,-20.900208936121594,-19.76457592368689,-6.304816590865924,-2.658317926060619,-0.00037332676173274556,upper,0.1
780,phase2,upper,-15.0,2,-14.994737514528406,-20.900208936121594,-19.76457592368689,-6.304816590865924,-2.658317926060619,-0.0002990431804630534,upper,0.1
781,phase2,upper,-15.0,2,-14.99577574477086,-20.900208936121594,-19.76457592368689,-6.304816590865924,-2.658317926060619,-0.00023518749837128815,upper,0.1
782,phase2,upper,-15.0,2,-14.99666800277953,-20.900208936121594,-19.76457592368689,-6.304816590865924,-2.658317926060619,-0.00018071649766398032,upper,0.1
783,phase2,upper,-15.0,2,-14.997429387435394,-20.900208936121594,-19.76457592368689,-6.304816590865924,-2.658317926060619,-0.00013462441775245745,upper,0.1
784,phase2,upper,-15.0,2,-14.99807414785933,-20.900208936121594,-19.76457592368689,-6.304816590865924,-2.658317926060619,-9.596048132079975e-05,upper,0.1
785,phase2,upper,-15.0,2,-14.998615599475345,-20.900208936121594,-19.76457592368689,-6.304816590865924,-2.658317926060619,-6.383835361291925e-05,upper,0.1
786,phase2,upper,-15.0,2,-14.999066078682207,-20.900208936121594,-19.76457592368689,-6.304816590865924,-2.658317926060619,-3.744058703522449e-05,upper,0.1
787,phase2,upper,-15.0,2,-14.999436926997717,-20.900208936121594,-19.76457592368689,-6.304816590865924,-2.658317926060619,-1.601986633503596e-05,upper,0.1
788,phase2,lower,-20.0,4,-14.999436926997717,-21.036660052757824,-19.705447991584848,-6.190046823225265,-2.6114467386927243,0.028891289263244233,upper,0.1
789,phase2,upper,-15.0,2,-14.973721919506122,-21.036660052757824,-19.705447991584848,-6.190046823225265,-2.6114467386927243,0.01416568330500037,upper,0.1
790,phase2,upper,-15.0,2,-14.961995975474835,-21.036660052757824,-19.705447991584848,-6.190046823225265,-2.6114467386927243,0.006244927789523064,upper,0.1
791,phase2,upper,-15.0,2,-14.957866957088477,-21.036660052757824,-19.705447991584848,-6.190046823225265,-2.6114467386927243,0.0020541213772903824,upper,0.1
792,phase2,upper,-15.0,2,-14.957800302692707,-21.036660052757824,-19.705447991584848,-6.190046823225265,-2.6114467386927243,-9.708687653214821e-05,upper,0.1
793,phase2,upper,-15.0,2,-14.959838231943703,-21.036660052757824,-19.705447991584848,-6.190046823225265,-2.6114467386927243,-0.0011380138931289547,upper,0.1
794,phase2,upper,-15.0,2,-14.962894925803297,-21.036660052757824,-19.705447991584848,-6.190046823225265,-2.6114467386927243,-0.0015795565273020965,upper,0.1
795,phase2,upper,-15.0,2,-14.966368280064547,-21.036660052757824,-19.705447991584848,-6.190046823225265,-2.6114467386927243,-0.0017024771194781808,upper,0.1
796,phase2,upper,-15.0,2,-14.969925712238588,-21.036660052757824,-19.705447991584848,-6.190046823225265,-2.6114467386927243,-0.0016608971376218774,upper,0.1
797,phase2,upper,-15.0,2,-14.973385712667483,-21.036660052757824,-19.705447991584848,-6.190046823225265,-2.6114467386927243,-0.0015392008598240476,upper,0.1
798,phase2,upper,-15.0,2,-14.976652106711386,-21.036660052757824,-19.705447991584848,-6.190046823225265,-2.6114467386927243,-0.0013833368469838166,upper,0.1
799,phase2,upper,-15.0,2,-14.979677374998122,-21.036660052757824,-19.705447991584848,-6.190046823225265,-2.6114467386927243,-0.0012180479924799462,upper,0.1
