episode,phase,route,return,steps,q_start_right,q_start_down,q_shield_right,q_d1_right,q_d2_right,mood_M,greedy_route,epsilon
0,phase1,lower,-10.0,4,0.0,-0.25,-0.25,-0.25,-0.25,nan,upper,0.1
1,phase1,upper,-15.0,2,-1.25,-0.25,-0.25,-0.25,-0.25,nan,lower,0.1
2,phase1,lower,-10.0,4,-1.25,-0.5,-0.5,-0.5,-0.475,nan,lower,0.1
3,phase1,lower,-10.0,4,-1.25,-0.75,-0.75,-0.7475,-0.6775,nan,lower,0.1
4,phase1,lower,-10.0,4,-1.25,-1.0,-0.99975,-0.9905,-0.85975,nan,lower,0.1
5,phase1,lower,-10.0,4,-1.25,-1.249975,-1.248825,-1.227425,-1.023775,nan,lower,0.1
6,phase1,lower,-10.0,4,-1.25,-1.49986,-1.496685,-1.45706,-1.1713975,nan,upper,0.1
7,phase1,upper,-15.0,2,-2.4000000000000004,-1.49986,-1.496685,-1.45706,-1.1713975,nan,lower,0.1
8,phase1,lower,-10.0,4,-2.4000000000000004,-1.7495425,-1.7427225000000002,-1.6784937500000001,-1.30425775,nan,lower,0.1
9,phase1,lower,-10.0,4,-2.4000000000000004,-1.9988605000000002,-1.9862996250000002,-1.8910701500000002,-1.4238319750000001,nan,lower,0.1
10,phase1,lower,-10.0,4,-2.4000000000000004,-2.2476044125000003,-2.2267766775,-2.0943463325000002,-1.5314487775,nan,lower,0.1
11,phase1,lower,-10.0,4,-2.4000000000000004,-2.495521639,-2.4635336430000003,-2.2880565770000003,-1.6283038997500001,nan,upper,0.1
12,phase1,upper,-15.0,2,-3.4575000000000005,-2.495521639,-2.4635336430000003,-2.2880565770000003,-1.6283038997500001,nan,lower,0.1
13,phase1,lower,-10.0,4,-3.4575000000000005,-2.7423228394,-2.6959859364000005,-2.4720813092750005,-1.715473509775,nan,lower,0.1
14,phase1,lower,-10.0,4,-3.4575000000000005,-2.9876891491,-2.9235954736875005,-2.6464205293250003,-1.7939261587975,nan,lower,0.1
15,phase1,lower,-10.0,4,-3.4575000000000005,-3.23127978155875,-3.1458779792512503,-2.81117109227225,-1.8645335429177499,nan,lower,0.1
16,phase1,lower,-10.0,4,-3.4575000000000005,-3.472739601328,-3.3624072905533504,-2.9665073373368003,-1.9280801886259749,nan,upper,0.1
17,phase1,upper,-15.0,2,-4.429500000000001,-3.472739601328,-3.3624072905533504,-2.9665073373368003,-1.9280801886259749,nan,lower,0.1
18,phase1,lower,-10.0,4,-4.429500000000001,-3.711706370250535,-3.5728172952316952,-3.1126646224657177,-1.9852721697633773,nan,lower,0.1
19,phase1,lower,-10.0,4,-4.429500000000001,-3.947817462748651,-3.7768020279550973,-3.2499253771954835,-2.0367449527870396,nan,lower,0.1
20,phase1,lower,-10.0,4,-4.429500000000001,-4.1807159192692955,-3.9741143628791358,-3.378607334754639,-2.0830704575083354,nan,lower,0.1
21,phase1,lower,-10.0,4,-4.429500000000001,-4.41005576363028,-4.164563660066686,-3.4990536470300087,-2.124763411757502,nan,lower,0.1
22,phase1,lower,-10.0,4,-4.429500000000001,-4.63550655327392,-4.348012658763018,-3.611624623502758,-2.162287070581752,nan,upper,0.1
23,phase1,upper,-15.0,2,-5.322525000000001,-4.63550655327392,-4.348012658763018,-3.611624623502758,-2.162287070581752,nan,lower,0.1
24,phase1,lower,-10.0,4,-5.322525000000001,-4.85675716382283,-4.524373855236992,-3.7166908682106574,-2.196058363523577,nan,lower,0.1
25,phase1,lower,-10.0,4,-5.322525000000001,-5.073518832964246,-4.693605556534359,-3.8146276177419494,-2.226452527171219,nan,lower,0.1
26,phase1,lower,-10.0,4,-5.322525000000001,-5.285527505321257,-4.855707762655118,-3.9058101086848764,-2.2538072744540973,nan,lower,0.1
27,phase1,lower,-10.0,4,-5.322525000000001,-5.492545531054643,-5.010717997258094,-3.9906098252617985,-2.2784265470086877,nan,upper,0.1
28,phase1,upper,-15.0,2,-6.142650000000001,-5.492545531054643,-5.010717997258094,-3.9906098252617985,-2.2784265470086877,nan,lower,0.1
29,phase1,lower,-10.0,4,-6.142650000000001,-5.694362777674987,-5.158707180058465,-4.069391497436487,-2.300583892307819,nan,lower,0.1
30,phase1,upper,-15.0,2,-6.895524750000001,-5.694362777674987,-5.158707180058465,-4.069391497436487,-2.300583892307819,nan,lower,0.1
31,phase1,lower,-10.0,4,-6.895524750000001,-5.890797217913335,-5.299775611796267,-4.1425107369236205,-2.320525503077037,nan,lower,0.1
32,phase1,lower,-10.0,4,-6.895524750000001,-6.081695057301628,-5.434049124309003,-4.210312213538963,-2.338472952769333,nan,lower,0.1
33,phase1,lower,-10.0,4,-6.895524750000001,-6.266930464002366,-5.561675433231999,-4.273128287462,-2.3546256574923996,nan,lower,0.1
34,phase1,lower,-10.0,4,-6.895524750000001,-6.446404960925329,-5.682820718654999,-4.33127802446504,-2.3691630917431596,nan,lower,0.1
35,phase1,lower,-10.0,4,-6.895524750000001,-6.620046536698296,-5.7976664492360035,-4.385066531192852,-2.382246782568844,nan,lower,0.1
36,phase1,lower,-10.0,4,-6.895524750000001,-6.787808527952067,-5.906406457431689,-4.434784556330451,-2.3940221043119596,nan,lower,0.1
37,phase1,lower,-10.0,4,-6.895524750000001,-6.949668320900029,-6.009244267321565,-4.480708311128602,-2.4046198938807635,nan,upper,0.1
38,phase1,upper,-15.0,2,-7.586398050000001,-6.949668320900029,-6.009244267321565,-4.480708311128602,-2.4046198938807635,nan,lower,0.1
39,phase1,upper,-15.0,2,-8.220141442500001,-6.949668320900029,-6.009244267321565,-4.480708311128602,-2.4046198938807635,nan,lower,0.1
40,phase1,lower,-10.0,4,-8.220141442500001,-7.105625915542182,-6.106390671702268,-4.523099469403818,-2.4141579044926873,nan,lower,0.1
41,phase1,lower,-10.0,4,-8.220141442500001,-7.255702391158191,-6.198061551472423,-4.562205312912705,-2.4227421140434187,nan,lower,0.1
42,phase1,lower,-10.0,4,-8.220141442500001,-7.399938307189614,-6.284475927616452,-4.598258993025777,-2.430467902639077,nan,lower,0.1
43,phase1,lower,-10.0,4,-8.220141442500001,-7.538392069232298,-6.365854234157384,-4.631479883987106,-2.4374211123751692,nan,lower,0.1
44,phase1,lower,-10.0,4,-8.220141442500001,-7.6711382857248065,-6.442416799140356,-4.662074006825913,-2.443679001137652,nan,lower,0.1
45,phase1,lower,-10.0,4,-8.220141442500001,-7.798266137066362,-6.514382519908912,-4.690234506257086,-2.449311101023887,nan,lower,0.1
46,phase1,lower,-10.0,4,-8.220141442500001,-7.919877775350617,-6.581967718543729,-4.716142165733766,-2.454379990921498,nan,lower,0.1
47,phase1,lower,-10.0,4,-8.220141442500001,-8.036086769669929,-6.645385163262732,-4.739965948252539,-2.4589419918293483,nan,lower,0.1
48,phase1,lower,-10.0,4,-8.220141442500001,-8.147016609029208,-6.704843241761713,-4.761863552610221,-2.4630477926464134,nan,lower,0.1
49,phase1,lower,-10.0,4,-8.220141442500001,-8.25279927230246,-6.760545272846564,-4.78198197661384,-2.4667430133817723,nan,upper,0.1
50,phase1,upper,-15.0,2,-8.801272176000001,-8.25279927230246,-6.760545272846564,-4.78198197661384,-2.4667430133817723,nan,lower,0.1
51,phase1,lower,-10.0,4,-8.801272176000001,-8.35357387235687,-6.812688943223291,-4.800458080290633,-2.470068712043595,nan,lower,0.1
52,phase1,lower,-10.0,4,-8.801272176000001,-8.449485379443512,-6.8614658569300255,-4.817419143465929,-2.4730618408392355,nan,lower,0.1
53,phase1,lower,-10.0,4,-8.801272176000001,-8.540683427192164,-6.907061185583616,-4.83298341320326,-2.475755656755312,nan,lower,0.1
54,phase1,lower,-10.0,4,-8.801272176000001,-8.62732120303131,-6.94965340834558,-4.847260637558465,-2.4781800910797807,nan,lower,0.1
55,phase1,lower,-10.0,4,-8.801272176000001,-8.709554423562736,-6.9894141312668685,-4.860352582910597,-2.4803620819718026,nan,lower,0.1
56,phase1,lower,-10.0,4,-8.801272176000001,-8.78754039433315,-7.026507976431241,-4.872353532816717,-2.4823258737746223,nan,lower,0.1
57,phase1,lower,-10.0,4,-8.801272176000001,-8.861437152542958,-7.061092532069789,-4.883350766912508,-2.48409328639716,nan,upper,0.1
58,phase1,upper,-15.0,2,-9.333975348375,-8.861437152542958,-7.061092532069789,-4.883350766912508,-2.48409328639716,nan,lower,0.1
59,phase1,lower,-10.0,4,-9.333975348375,-8.931402690495641,-7.093318355554061,-4.893425018860973,-2.485683957757444,nan,lower,0.1
60,phase1,lower,-10.0,4,-9.333975348375,-8.997594257001483,-7.123329021884752,-4.90265091275062,-2.4871155619816996,nan,lower,0.1
61,phase1,lower,-10.0,4,-9.333975348375,-9.06016773348981,-7.151261210971339,-4.911097377673729,-2.4884040057835297,nan,lower,0.1
62,phase1,lower,-10.0,4,-9.333975348375,-9.119277081237962,-7.177244827641578,-4.9188280404847085,-2.4895636052051766,nan,lower,0.1
63,phase1,lower,-10.0,4,-9.333975348375,-9.175073855878324,-7.201403148925891,-4.925901596956756,-2.490607244684659,nan,lower,0.1
64,phase1,lower,-10.0,4,-9.333975348375,-9.22770678518308,-7.223852993728977,-4.932372161729546,-2.4915465202161933,nan,lower,0.1
65,phase1,lower,-10.0,4,-9.333975348375,-9.27732140603767,-7.244704910529034,-4.938289597578211,-2.492391868194574,nan,lower,0.1
66,phase1,lower,-10.0,4,-9.333975348375,-9.324059756486806,-7.264063379233952,-4.943699824639848,-2.4931526813751166,nan,lower,0.1
67,phase1,lower,-10.0,4,-9.333975348375,-9.36806011876152,-7.282027023774542,-4.948645110313374,-2.493837413237605,nan,upper,0.1
68,phase1,upper,-15.0,2,-9.822125164515,-9.36806011876152,-7.282027023774542,-4.948645110313374,-2.493837413237605,nan,lower,0.1
69,phase1,lower,-10.0,4,-9.822125164515,-9.409456809262823,-7.298688832428425,-4.953164340605797,-2.4944536719138446,nan,lower,0.1
70,phase1,lower,-10.0,4,-9.822125164515,-9.448380011579383,-7.314136383246162,-4.957293273736601,-2.49500830472246,nan,lower,0.1
71,phase1,lower,-10.0,4,-9.822125164515,-9.48495564874606,-7.328452072295207,-4.961064776835187,-2.495507474250214,nan,lower,0.1
72,phase1,lower,-10.0,4,-9.822125164515,-9.519305291100975,-7.3417133427492045,-4.96450904657669,-2.4959567268251925,nan,lower,0.1
73,phase1,lower,-10.0,4,-9.822125164515,-9.551546096265799,-7.353992913131953,-4.96765381460154,-2.4963610541426733,nan,lower,0.1
74,phase1,lower,-10.0,4,-9.822125164515,-9.581790777952415,-7.365359003278912,-4.970524538555654,-2.496724948728406,nan,lower,0.1
75,phase1,lower,-10.0,4,-9.822125164515,-9.610147600485064,-7.375875556806586,-4.973144579572929,-2.4970524538555656,nan,lower,0.1
76,phase1,lower,-10.0,4,-9.822125164515,-9.636720396117216,-7.385602459083221,-4.975535367001193,-2.4973472084700092,nan,lower,0.1
77,phase1,lower,-10.0,4,-9.822125164515,-9.661608602413816,-7.394595749875018,-4.977716551148075,-2.4976124876230084,nan,lower,0.1
78,phase1,lower,-10.0,4,-9.822125164515,-9.684907317159936,-7.402907830002324,-4.979706144795568,-2.4978512388607075,nan,lower,0.1
79,phase1,lower,-10.0,4,-9.822125164515,-9.706707368444174,-7.410587661481648,-4.981520654202082,-2.4980661149746366,nan,lower,0.1
80,phase1,lower,-10.0,4,-9.822125164515,-9.727095397747922,-7.417680960753691,-4.983175200279337,-2.498259503477173,nan,lower,0.1
81,phase1,lower,-10.0,4,-9.822125164515,-9.746153954048498,-7.424230384706255,-4.984683630599121,-2.4984335531294555,nan,lower,0.1
82,phase1,lower,-10.0,4,-9.822125164515,-9.763961597114275,-7.430275709295541,-4.986058622852155,-2.49859019781651,nan,lower,0.1
83,phase1,lower,-10.0,4,-9.822125164515,-9.780593008332401,-7.435854000651203,-4.98731178034859,-2.498731178034859,nan,lower,0.1
84,phase1,lower,-10.0,4,-9.822125164515,-9.796119107564282,-7.440999778620942,-4.988453720117217,-2.498858060231373,nan,lower,0.1
85,phase1,lower,-10.0,4,-9.822125164515,-9.810607174669947,-7.445745172770569,-4.989494154128633,-2.4989722542082355,nan,lower,0.1
86,phase1,lower,-10.0,4,-9.822125164515,-9.824120974480008,-7.450120070906375,-4.990441964136593,-2.499075028787412,nan,upper,0.1
87,phase1,upper,-15.0,2,-10.26930526394325,-9.824120974480008,-7.450120070906375,-4.990441964136593,-2.499075028787412,nan,lower,0.1
88,phase1,lower,-10.0,4,-10.26930526394325,-9.836720884122645,-7.454152260229397,-4.991305270601675,-2.4991675259086708,nan,lower,0.1
89,phase1,lower,-10.0,4,-10.26930526394325,-9.84846402173332,-7.4578675612666245,-4.992091496132375,-2.4992507733178035,nan,lower,0.1
90,phase1,lower,-10.0,4,-10.26930526394325,-9.859404375686651,-7.4612899547532,-4.992807423850918,-2.4993256959860233,nan,lower,0.1
91,phase1,lower,-10.0,4,-10.26930526394325,-9.869592933593307,-7.464441701662972,-4.9934592510644285,-2.499393126387421,nan,lower,0.1
92,phase1,lower,-10.0,4,-10.26930526394325,-9.879077810400274,-7.467343456603118,-4.994052638596727,-2.499453813748679,nan,lower,0.1
93,phase1,lower,-10.0,4,-10.26930526394325,-9.887904375020558,-7.470014374802479,-4.994592756111922,-2.499508432373811,nan,lower,0.1
94,phase1,lower,-10.0,4,-10.26930526394325,-9.89611537499875,-7.472472212933424,-4.995084323738111,-2.49955758913643,nan,lower,0.1
95,phase1,lower,-10.0,4,-10.26930526394325,-9.903751058792217,-7.474733424013892,-4.995531650277943,-2.499601830222787,nan,lower,0.1
96,phase1,lower,-10.0,4,-10.26930526394325,-9.910849295314385,-7.4768132466402975,-4.995938668272427,-2.4996416472005083,nan,lower,0.1
97,phase1,lower,-10.0,4,-10.26930526394325,-9.917445690446977,-7.47872578880351,-4.996308966165236,-2.4996774824804575,nan,lower,0.1
98,phase1,lower,-10.0,4,-10.26930526394325,-9.92357370028263,-7.4804841065396825,-4.996645817796758,-2.499709734232412,nan,lower,0.1
99,phase1,lower,-10.0,4,-10.26930526394325,-9.929264740908335,-7.48210027766539,-4.996952209440324,-2.4997387608091706,nan,lower,0.1
100,phase1,lower,-10.0,4,-10.26930526394325,-9.93454829458404,-7.4835854708428835,-4.997230864577209,-2.4997648847282536,nan,lower,0.1
101,phase1,lower,-10.0,4,-10.26930526394325,-9.939452012209925,-7.484950010216316,-4.997484266592314,-2.499788396255428,nan,lower,0.1
102,phase1,lower,-10.0,4,-10.26930526394325,-9.944001812010564,-7.486203435853916,-4.997714679558625,-2.4998095566298852,nan,lower,0.1
103,phase1,lower,-10.0,4,-10.26930526394325,-9.9482219743949,-7.487354560224387,-4.997924167265751,-2.4998286009668966,nan,lower,0.1
104,phase1,upper,-15.0,2,-10.6788280918407,-9.9482219743949,-7.487354560224387,-4.997924167265751,-2.4998286009668966,nan,lower,0.1
105,phase1,lower,-10.0,4,-10.6788280918407,-9.952135232977849,-7.488411520928523,-4.998114610635866,-2.499845740870207,nan,lower,0.1
106,phase1,lower,-10.0,4,-10.6788280918407,-9.955762861772916,-7.489381829899257,-4.9982877236593,-2.4998611667831865,nan,lower,0.1
107,phase1,lower,-10.0,4,-10.6788280918407,-9.959124758585551,-7.490272419275261,-4.998445067971689,-2.4998750501048677,nan,lower,0.1
108,phase1,lower,-10.0,4,-10.6788280918407,-9.962239524654521,-7.491089684144904,-4.998588066185007,-2.499887545094381,nan,lower,0.1
109,phase1,lower,-10.0,4,-10.6788280918407,-9.96512454060356,-7.491839522348914,-4.998718014075944,-2.499898790584943,nan,lower,0.1
110,phase1,upper,-15.0,2,-11.053753301519228,-9.96512454060356,-7.491839522348914,-4.998718014075944,-2.499898790584943,nan,lower,0.1
111,phase1,lower,-10.0,4,-11.053753301519228,-9.967796038778095,-7.492527371521617,-4.998836091726844,-2.4999089115264486,nan,lower,0.1
112,phase1,lower,-10.0,4,-11.053753301519228,-9.970269172052447,-7.4931582435421396,-4.998943373706804,-2.4999180203738036,nan,lower,0.1
113,phase1,lower,-10.0,4,-11.053753301519228,-9.972558079201416,-7.493736756558606,-4.999040838373504,-2.499926218336423,nan,lower,0.1
114,phase1,lower,-10.0,4,-11.053753301519228,-9.974675946937136,-7.494267164740096,-4.999129376369796,-2.499933596502781,nan,lower,0.1
115,phase1,upper,-15.0,2,-11.396905188343643,-9.974675946937136,-7.494267164740096,-4.999129376369796,-2.499933596502781,nan,lower,0.1
116,phase1,lower,-10.0,4,-11.396905188343643,-9.976635068717432,-7.494753385903066,-4.999209798383094,-2.499940236852503,nan,lower,0.1
117,phase1,lower,-10.0,4,-11.396905188343643,-9.978446900435996,-7.495199027151069,-4.999282842230035,-2.4999462131672527,nan,lower,0.1
118,phase1,lower,-10.0,4,-11.396905188343643,-9.980122113107504,-7.495607408658966,-4.999349179323756,-2.4999515918505275,nan,lower,0.1
119,phase1,lower,-10.0,4,-11.396905188343643,-9.98167064266265,-7.495981585725445,-4.999409420576433,-2.4999564326654746,nan,lower,0.1
120,phase1,lower,-10.0,4,-11.396905188343643,-9.98310173696893,-7.4963243692105435,-4.999464121785337,-2.4999607893989273,nan,lower,0.1
121,phase1,lower,-10.0,4,-11.396905188343643,-9.98442400019309,-7.496638344468023,-4.999513788546696,-2.4999647104590346,nan,lower,0.1
122,phase1,lower,-10.0,4,-11.396905188343643,-9.985645434620583,-7.49692588887589,-4.999558880737929,-2.499968239413131,nan,lower,0.1
123,phase1,lower,-10.0,4,-11.396905188343643,-9.986773480046114,-7.4971891880620944,-4.99959981660545,-2.499971415471818,nan,lower,0.1
124,phase1,lower,-10.0,4,-11.396905188343643,-9.987815050847713,-7.49743025091643,-4.999636976492087,-2.499974273924636,nan,lower,0.1
125,phase1,lower,-10.0,4,-11.396905188343643,-9.988776570854585,-7.497650923473996,-4.999670706235342,-2.499976846532172,nan,lower,0.1
126,phase1,lower,-10.0,4,-11.396905188343643,-9.989664006116525,-7.4978529017501305,-4.999701320265025,-2.499979161878955,nan,lower,0.1
127,phase1,upper,-15.0,2,-11.710889164787982,-9.989664006116525,-7.4978529017501305,-4.999701320265025,-2.499979161878955,nan,lower,0.1
128,phase1,lower,-10.0,4,-11.710889164787982,-9.990482895679886,-7.49803774360162,-4.999729104426418,-2.4999812456910595,nan,lower,0.1
129,phase1,lower,-10.0,4,-11.710889164787982,-9.99123838047206,-7.4982068796841,-4.999754318552882,-2.4999831211219536,nan,lower,0.1
130,phase1,lower,-10.0,4,-11.710889164787982,-9.991935230393263,-7.498361623570979,-4.999777198809789,-2.4999848090097583,nan,lower,0.1
131,phase1,lower,-10.0,4,-11.710889164787982,-9.992577869711035,-7.4985031810948595,-4.999797959829786,-2.4999863281087826,nan,lower,0.1
132,phase1,lower,-10.0,4,-11.710889164787982,-9.993170400849417,-7.4986326589683525,-4.999816796657686,-2.4999876952979045,nan,lower,0.1
133,phase1,lower,-10.0,4,-11.710889164787982,-9.99371662666131,-7.498751072737286,-4.999833886521707,-2.4999889257681143,nan,lower,0.1
134,phase1,lower,-10.0,4,-11.710889164787982,-9.994220071268908,-7.498859354115728,-4.999849390446348,-2.499990033191303,nan,lower,0.1
135,phase1,lower,-10.0,4,-11.710889164787982,-9.99468399955359,-7.498958357748791,-4.999863454720844,-2.499991029872173,nan,lower,0.1
136,phase1,lower,-10.0,4,-11.710889164787982,-9.99511143537311,-7.499048867445996,-4.999876212235977,-2.4999919268849555,nan,lower,0.1
137,phase1,lower,-10.0,4,-11.710889164787982,-9.995505178580398,-7.4991316019249945,-4.999887783700875,-2.49999273419646,nan,lower,0.1
138,phase1,lower,-10.0,4,-11.710889164787982,-9.995867820914858,-7.499207220102583,-4.999898278750433,-2.499993460776814,nan,lower,0.1
139,phase1,lower,-10.0,4,-11.710889164787982,-9.996201760833632,-7.499276325967368,-4.999907796953071,-2.4999941146991325,nan,lower,0.1
140,phase1,lower,-10.0,4,-11.710889164787982,-9.996509217347006,-7.499339473065938,-4.999916428727677,-2.4999947032292194,nan,lower,0.1
141,phase1,lower,-10.0,4,-11.710889164787982,-9.996792242918898,-7.499397168632112,-4.999924256177831,-2.4999952329062975,nan,lower,0.1
142,phase1,lower,-10.0,4,-11.710889164787982,-9.99705273549022,-7.499449877386684,-4.999931353850678,-2.4999957096156677,nan,lower,0.1
143,phase1,lower,-10.0,4,-11.710889164787982,-9.997292449679867,-7.499498025033083,-4.999937789427177,-2.499996138654101,nan,lower,0.1
144,phase1,lower,-10.0,4,-11.710889164787982,-9.997513007215188,-7.499542001472492,-4.99994362434987,-2.499996524788691,nan,lower,0.1
145,phase1,lower,-10.0,4,-11.710889164787982,-9.997715906640918,-7.4995821637602305,-4.999948914393752,-2.499996872309822,nan,lower,0.1
146,phase1,lower,-10.0,4,-11.710889164787982,-9.99790253235285,-7.499618838823583,-4.999953710185359,-2.49999718507884,nan,lower,0.1
147,phase1,lower,-10.0,4,-11.710889164787982,-9.998074162999924,-7.499652325959761,-4.999958057674707,-2.4999974665709557,nan,lower,0.1
148,phase1,lower,-10.0,4,-11.710889164787982,-9.998231979295907,-7.499682899131256,-4.999961998564332,-2.49999771991386,nan,lower,0.1
149,phase1,lower,-10.0,4,-11.710889164787982,-9.998377071279442,-7.499710809074563,-4.999965570699286,-2.4999979479224743,nan,lower,0.1
150,phase1,lower,-10.0,4,-11.710889164787982,-9.998510445058955,-7.499736285237035,-4.999968808421604,-2.499998153130227,nan,lower,0.1
151,phase1,lower,-10.0,4,-11.710889164787982,-9.998633029076762,-7.499759537555493,-4.999971742892466,-2.499998337817204,nan,lower,0.1
152,phase1,lower,-10.0,4,-11.710889164787982,-9.998745679924635,-7.49978075808919,-4.9999744023849395,-2.4999985040354837,nan,lower,0.1
153,phase1,lower,-10.0,4,-11.710889164787982,-9.99884918774109,-7.499800122518765,-4.999976812549994,-2.4999986536319354,nan,lower,0.1
154,phase1,lower,-10.0,4,-11.710889164787982,-9.998944281218858,-7.499817791521888,-4.999978996658188,-2.499998788268742,nan,lower,0.1
155,phase1,lower,-10.0,4,-11.710889164787982,-9.99903163224916,-7.499833912035518,-4.999980975819243,-2.4999989094418678,nan,lower,0.1
156,phase1,lower,-10.0,4,-11.710889164787982,-9.999111860227796,-7.499848618413891,-4.999982769181505,-2.499999018497681,nan,lower,0.1
157,phase1,lower,-10.0,4,-11.710889164787982,-9.999185536046404,-7.499862033490652,-4.999984394113123,-2.499999116647913,nan,lower,0.1
158,phase1,lower,-10.0,4,-11.710889164787982,-9.99925318579083,-7.499874269552899,-4.999985866366602,-2.499999204983122,nan,lower,0.1
159,phase1,lower,-10.0,4,-11.710889164787982,-9.999315294167037,-7.499885429234269,-4.999987200228254,-2.49999928448481,nan,lower,0.1
160,phase1,lower,-10.0,4,-11.710889164787982,-9.99937230767376,-7.499895606333668,-4.99998840865391,-2.4999993560363287,nan,lower,0.1
161,phase1,lower,-10.0,4,-11.710889164787982,-9.99942463753975,-7.499904886565693,-4.999989503392152,-2.4999994204326956,nan,lower,0.1
162,phase1,lower,-10.0,4,-11.710889164787982,-9.999472662442344,-7.499913348248339,-4.999990495096206,-2.499999478389426,nan,lower,0.1
163,phase1,lower,-10.0,4,-11.710889164787982,-9.999516731022943,-7.499921062933126,-4.999991393425528,-2.4999995305504834,nan,lower,0.1
164,phase1,lower,-10.0,4,-11.710889164787982,-9.999557164213961,-7.499928095982366,-4.999992207138024,-2.499999577495435,nan,lower,0.1
165,phase1,upper,-15.0,2,-11.998107294060018,-9.999557164213961,-7.499928095982366,-4.999992207138024,-2.499999577495435,nan,lower,0.1
166,phase1,lower,-10.0,4,-11.998107294060018,-9.999594257390802,-7.499934507097931,-4.999992944173765,-2.4999996197458914,nan,lower,0.1
167,phase1,lower,-10.0,4,-11.998107294060018,-9.999628282361515,-7.499940350805515,-4.999993611730977,-2.499999657771302,nan,lower,0.1
168,phase1,lower,-10.0,4,-11.998107294060018,-9.999659489205914,-7.4999456768980615,-4.9999942163350095,-2.499999691994172,nan,lower,0.1
169,phase1,lower,-10.0,4,-11.998107294060018,-9.999688107975128,-7.4999505308417564,-4.999994763900926,-2.499999722794755,nan,lower,0.1
170,phase1,lower,-10.0,4,-11.998107294060018,-9.99971435026179,-7.4999549541476735,-4.999995259790309,-2.4999997505152796,nan,lower,0.1
171,phase1,lower,-10.0,4,-11.998107294060018,-9.999738410650378,-7.499958984711937,-4.999995708862806,-2.4999997754637517,nan,lower,0.1
172,phase1,lower,-10.0,4,-11.998107294060018,-9.999760468056534,-7.499962657127024,-4.999996115522901,-2.4999997979173765,nan,lower,0.1
173,phase1,lower,-10.0,4,-11.998107294060018,-9.999780686963582,-7.4999660029666115,-4.999996483762349,-2.4999998181256387,nan,lower,0.1
174,phase1,lower,-10.0,4,-11.998107294060018,-9.999799218563885,-7.499969051046185,-4.999996817198678,-2.4999998363130747,nan,lower,0.1
175,phase1,lower,-10.0,4,-11.998107294060018,-9.999816201812115,-7.499971827661435,-4.999997119110118,-2.4999998526817673,nan,lower,0.1
176,phase1,lower,-10.0,4,-11.998107294060018,-9.999831764397047,-7.4999743568063035,-4.999997392467283,-2.4999998674135906,nan,lower,0.1
177,phase1,upper,-15.0,2,-12.260772905829766,-9.999831764397047,-7.4999743568063035,-4.999997392467283,-2.4999998674135906,nan,lower,0.1
178,phase1,lower,-10.0,4,-12.260772905829766,-9.999846023637973,-7.499976660372401,-4.999997639961914,-2.4999998806722314,nan,lower,0.1
179,phase1,lower,-10.0,4,-12.260772905829766,-9.999859087311416,-7.499978758331353,-4.999997864032946,-2.4999998926050084,nan,lower,0.1
180,phase1,lower,-10.0,4,-12.260772905829766,-9.99987105441341,-7.499980668901512,-4.999998066890153,-2.4999999033445075,nan,lower,0.1
181,phase1,lower,-10.0,4,-12.260772905829766,-9.99988201586222,-7.499982408700376,-4.999998250535588,-2.4999999130100568,nan,lower,0.1
182,phase1,lower,-10.0,4,-12.260772905829766,-9.999892055146034,-7.499983992883897,-4.999998416783035,-2.499999921709051,nan,lower,0.1
183,phase1,lower,-10.0,4,-12.260772905829766,-9.999901248919821,-7.499985435273811,-4.999998567275637,-2.499999929538146,nan,lower,0.1
184,phase1,lower,-10.0,4,-12.260772905829766,-9.99990966755522,-7.499986748473994,-4.999998703501888,-2.4999999365843313,nan,lower,0.1
185,phase1,lower,-10.0,4,-12.260772905829766,-9.999917375647097,-7.499987943976783,-4.999998826810132,-2.499999942925898,nan,lower,0.1
186,phase1,lower,-10.0,4,-12.260772905829766,-9.999924432480066,-7.4999890322601175,-4.999998938421709,-2.499999948633308,nan,lower,0.1
187,phase1,lower,-10.0,4,-12.260772905829766,-9.999930892458071,-7.499990022876276,-4.999999039442869,-2.4999999537699775,nan,lower,0.1
188,phase1,lower,-10.0,4,-12.260772905829766,-9.99993680549989,-7.499990924532936,-4.9999991308755805,-2.49999995839298,nan,lower,0.1
189,phase1,lower,-10.0,4,-12.260772905829766,-9.999942217403195,-7.4999917451672005,-4.99999921362732,-2.499999962553682,nan,lower,0.1
190,phase1,lower,-10.0,4,-12.260772905829766,-9.999947170179595,-7.499992492013212,-4.999999288519956,-2.4999999662983137,nan,lower,0.1
191,phase1,lower,-10.0,4,-12.260772905829766,-9.999951702362956,-7.499993171663887,-4.999999356297792,-2.4999999696684823,nan,lower,0.1
192,phase1,lower,-10.0,4,-12.260772905829766,-9.99995584929305,-7.499993790127277,-4.999999417634861,-2.499999972701634,nan,lower,0.1
193,phase1,lower,-10.0,4,-12.260772905829766,-9.999959643376473,-7.499994352878035,-4.999999473141538,-2.4999999754314706,nan,lower,0.1
194,phase1,lower,-10.0,4,-12.260772905829766,-9.99996311432663,-7.4999948649043855,-4.999999523370532,-2.4999999778883235,nan,lower,0.1
195,phase1,lower,-10.0,4,-12.260772905829766,-9.999966289384405,-7.499995330751,-4.999999568822311,-2.499999980099491,nan,lower,0.1
196,phase1,lower,-10.0,4,-12.260772905829766,-9.999969193521064,-7.499995754558131,-4.999999609950029,-2.499999982089542,nan,lower,0.1
197,phase1,lower,-10.0,4,-12.260772905829766,-9.999971849624771,-7.499996140097321,-4.99999964716398,-2.499999983880588,nan,lower,0.1
198,phase1,lower,-10.0,4,-12.260772905829766,-9.999974278672026,-7.499996490803987,-4.999999680835641,-2.499999985492529,nan,lower,0.1
199,phase1,lower,-10.0,4,-12.260772905829766,-9.999976499885221,-7.499996809807152,-4.99999971130133,-2.4999999869432763,nan,lower,0.1
200,phase1,lower,-10.0,4,-12.260772905829766,-9.999978530877414,-7.49999709995657,-4.999999738865524,-2.4999999882489488,nan,lower,0.1
201,phase1,lower,-10.0,4,-12.260772905829766,-9.99998038778533,-7.4999973638474655,-4.999999763803866,-2.4999999894240537,nan,lower,0.1
202,phase1,lower,-10.0,4,-12.260772905829766,-9.999982085391544,-7.499997603843106,-4.999999786365885,-2.499999990481648,nan,lower,0.1
203,phase1,lower,-10.0,4,-12.260772905829766,-9.9999836372367,-7.499997822095383,-4.999999806777462,-2.499999991433483,nan,lower,0.1
204,phase1,lower,-10.0,4,-12.260772905829766,-9.999985055722568,-7.499998020563591,-4.999999825243064,-2.499999992290135,nan,lower,0.1
205,phase1,lower,-10.0,4,-12.260772905829766,-9.99998635220667,-7.499998201031539,-4.999999841947771,-2.499999993061121,nan,lower,0.1
206,phase1,lower,-10.0,4,-12.260772905829766,-9.999987537089158,-7.499998365123162,-4.999999857059106,-2.4999999937550093,nan,lower,0.1
207,phase1,lower,-10.0,4,-12.260772905829766,-9.999988619892559,-7.499998514316756,-4.999999870728697,-2.4999999943795084,nan,lower,0.1
208,phase1,lower,-10.0,4,-12.260772905829766,-9.999989609334978,-7.49999864995795,-4.999999883093778,-2.4999999949415574,nan,lower,0.1
209,phase1,lower,-10.0,4,-12.260772905829766,-9.999990513397275,-7.499998773271533,-4.999999894278556,-2.4999999954474017,nan,lower,0.1
210,phase1,lower,-10.0,4,-12.260772905829766,-9.999991339384701,-7.499998885372235,-4.99999990439544,-2.4999999959026615,nan,lower,0.1
211,phase1,upper,-15.0,2,-12.500924322304964,-9.999991339384701,-7.499998885372235,-4.99999990439544,-2.4999999959026615,nan,lower,0.1
212,phase1,lower,-10.0,4,-12.500924322304964,-9.999992093983455,-7.499998987274555,-4.999999913546162,-2.4999999963123956,nan,lower,0.1
213,phase1,lower,-10.0,4,-12.500924322304964,-9.999992783312564,-7.499999079901716,-4.999999921822785,-2.499999996681156,nan,lower,0.1
214,phase1,lower,-10.0,4,-12.500924322304964,-9.99999341297148,-7.499999164093823,-4.999999929308622,-2.4999999970130404,nan,lower,0.1
215,phase1,lower,-10.0,4,-12.500924322304964,-9.999993988083713,-7.499999240615303,-4.999999936079064,-2.499999997311736,nan,lower,0.1
216,phase1,lower,-10.0,4,-12.500924322304964,-9.99999451333687,-7.499999310161678,-4.999999942202331,-2.4999999975805625,nan,lower,0.1
217,phase1,lower,-10.0,4,-12.500924322304964,-9.999994993019351,-7.4999993733657435,-4.999999947740155,-2.4999999978225063,nan,lower,0.1
218,phase1,lower,-10.0,4,-12.500924322304964,-9.999995431053991,-7.499999430803185,-4.999999952748389,-2.4999999980402556,nan,lower,0.1
219,phase1,lower,-10.0,4,-12.500924322304964,-9.99999583102891,-7.499999482997706,-4.999999957277576,-2.49999999823623,nan,lower,0.1
220,phase1,lower,-10.0,4,-12.500924322304964,-9.999996196225789,-7.499999530425693,-4.999999961373442,-2.499999998412607,nan,lower,0.1
221,phase1,lower,-10.0,4,-12.500924322304964,-9.99999652964578,-7.499999573520467,-4.999999965077358,-2.4999999985713464,nan,lower,0.1
222,phase1,lower,-10.0,4,-12.500924322304964,-9.999996834033247,-7.499999612676157,-4.999999968426757,-2.4999999987142116,nan,lower,0.1
223,phase1,lower,-10.0,4,-12.500924322304964,-9.999997111897539,-7.499999648251217,-4.999999971455503,-2.4999999988427906,nan,lower,0.1
224,phase1,lower,-10.0,4,-12.500924322304964,-9.999997365532906,-7.499999680571646,-4.999999974194232,-2.4999999989585113,nan,lower,0.1
225,phase1,lower,-10.0,4,-12.500924322304964,-9.99999759703678,-7.499999709933904,-4.99999997667066,-2.49999999906266,nan,lower,0.1
226,phase1,lower,-10.0,4,-12.500924322304964,-9.999997808326492,-7.49999973660758,-4.99999997890986,-2.499999999156394,nan,lower,0.1
227,phase1,lower,-10.0,4,-12.500924322304964,-9.999998001154601,-7.499999760837808,-4.999999980934513,-2.4999999992407544,nan,lower,0.1
228,phase1,lower,-10.0,4,-12.500924322304964,-9.999998177122922,-7.499999782847478,-4.999999982765138,-2.499999999316679,nan,lower,0.1
229,phase1,lower,-10.0,4,-12.500924322304964,-9.999998337695377,-7.499999802839244,-4.999999984420292,-2.499999999385011,nan,lower,0.1
230,phase1,lower,-10.0,4,-12.500924322304964,-9.999998484209764,-7.499999820997349,-4.999999985916764,-2.49999999944651,nan,lower,0.1
231,phase1,lower,-10.0,4,-12.500924322304964,-9.999998617888522,-7.49999983748929,-4.999999987269739,-2.499999999501859,nan,lower,0.1
232,phase1,lower,-10.0,4,-12.500924322304964,-9.9999987398486,-7.499999852467335,-4.9999999884929505,-2.499999999551673,nan,lower,0.1
233,phase1,lower,-10.0,4,-12.500924322304964,-9.999998851110472,-7.4999998660698965,-4.999999989598822,-2.4999999995965054,nan,lower,0.1
234,phase1,lower,-10.0,4,-12.500924322304964,-9.999998952606415,-7.4999998784227895,-4.999999990598591,-2.499999999636855,nan,lower,0.1
235,phase1,lower,-10.0,4,-12.500924322304964,-9.999999045188051,-7.499999889640369,-4.999999991502417,-2.4999999996731694,nan,lower,0.1
236,phase1,lower,-10.0,4,-12.500924322304964,-9.999999129633283,-7.499999899826574,-4.999999992319492,-2.4999999997058526,nan,lower,0.1
237,phase1,lower,-10.0,4,-12.500924322304964,-9.999999206652612,-7.499999909075866,-4.999999993058128,-2.4999999997352673,nan,lower,0.1
238,phase1,lower,-10.0,4,-12.500924322304964,-9.999999276894938,-7.499999917474092,-4.999999993725842,-2.499999999761741,nan,lower,0.1
239,phase1,lower,-10.0,4,-12.500924322304964,-9.999999340952854,-7.499999925099267,-4.999999994329432,-2.4999999997855666,nan,lower,0.1
240,phase1,lower,-10.0,4,-12.500924322304964,-9.999999399367496,-7.499999932022284,-4.999999994875045,-2.49999999980701,nan,lower,0.1
241,phase1,lower,-10.0,4,-12.500924322304964,-9.999999452632975,-7.49999993830756,-4.999999995368242,-2.4999999998263087,nan,lower,0.1
242,phase1,lower,-10.0,4,-12.500924322304964,-9.999999501200435,-7.499999944013629,-4.999999995814049,-2.499999999843678,nan,lower,0.1
243,phase1,lower,-10.0,4,-12.500924322304964,-9.999999545481755,-7.499999949193671,-4.999999996217012,-2.4999999998593103,nan,lower,0.1
244,phase1,lower,-10.0,4,-12.500924322304964,-9.999999585852947,-7.499999953896005,-4.999999996581241,-2.4999999998733795,nan,lower,0.1
245,phase1,lower,-10.0,4,-12.500924322304964,-9.999999622657253,-7.499999958164528,-4.999999996910455,-2.4999999998860414,nan,lower,0.1
246,phase1,lower,-10.0,4,-12.500924322304964,-9.99999965620798,-7.499999962039121,-4.999999997208014,-2.499999999897437,nan,lower,0.1
247,phase1,lower,-10.0,4,-12.500924322304964,-9.999999686791094,-7.49999996555601,-4.999999997476956,-2.4999999999076934,nan,lower,0.1
248,phase1,lower,-10.0,4,-12.500924322304964,-9.999999714667586,-7.499999968748105,-4.99999999772003,-2.4999999999169242,nan,lower,0.1
249,phase1,lower,-10.0,4,-12.500924322304964,-9.999999740075639,-7.499999971645297,-4.999999997939719,-2.499999999925232,nan,lower,0.1
250,phase1,lower,-10.0,4,-12.500924322304964,-9.999999763232605,-7.49999997427474,-4.999999998138271,-2.4999999999327085,nan,lower,0.1
251,phase1,lower,-10.0,4,-12.500924322304964,-9.999999784336818,-7.499999976661093,-4.999999998317715,-2.499999999939438,nan,lower,0.1
252,phase1,lower,-10.0,4,-12.500924322304964,-9.999999803569246,-7.4999999788267555,-4.999999998479887,-2.499999999945494,nan,lower,0.1
253,phase1,lower,-10.0,4,-12.500924322304964,-9.999999821094997,-7.499999980792069,-4.999999998626448,-2.4999999999509446,nan,lower,0.1
254,phase1,lower,-10.0,4,-12.500924322304964,-9.999999837064705,-7.499999982575507,-4.999999998758898,-2.49999999995585,nan,lower,0.1
255,phase1,lower,-10.0,4,-12.500924322304964,-9.999999851615785,-7.499999984193846,-4.999999998878593,-2.499999999960265,nan,lower,0.1
256,phase1,lower,-10.0,4,-12.500924322304964,-9.99999986487359,-7.4999999856623205,-4.99999999898676,-2.4999999999642384,nan,lower,0.1
257,phase1,lower,-10.0,4,-12.500924322304964,-9.999999876952463,-7.499999986994764,-4.999999999084507,-2.4999999999678146,nan,lower,0.1
258,phase1,upper,-15.0,2,-12.720437726426825,-9.999999876952463,-7.499999986994764,-4.999999999084507,-2.4999999999678146,nan,lower,0.1
259,phase1,lower,-10.0,4,-12.720437726426825,-9.999999887956694,-7.499999988203738,-4.999999999172838,-2.499999999971033,nan,lower,0.1
260,phase1,lower,-10.0,4,-12.720437726426825,-9.999999897981398,-7.499999989300648,-4.999999999252657,-2.4999999999739297,nan,lower,0.1
261,phase1,lower,-10.0,4,-12.720437726426825,-9.999999907113324,-7.49999999029585,-4.999999999324785,-2.499999999976537,nan,lower,0.1
262,phase1,lower,-10.0,4,-12.720437726426825,-9.999999915431577,-7.499999991198743,-4.99999999938996,-2.499999999978883,nan,lower,0.1
263,phase1,lower,-10.0,4,-12.720437726426825,-9.999999923008293,-7.499999992017865,-4.999999999448852,-2.4999999999809948,nan,lower,0.1
264,phase1,lower,-10.0,4,-12.720437726426825,-9.99999992990925,-7.499999992760964,-4.999999999502067,-2.4999999999828955,nan,lower,0.1
265,phase1,lower,-10.0,4,-12.720437726426825,-9.999999936194422,-7.4999999934350745,-4.99999999955015,-2.499999999984606,nan,lower,0.1
266,phase1,lower,-10.0,4,-12.720437726426825,-9.999999941918487,-7.499999994046582,-4.999999999593595,-2.4999999999861453,nan,lower,0.1
267,phase1,lower,-10.0,4,-12.720437726426825,-9.999999947131297,-7.499999994601283,-4.99999999963285,-2.499999999987531,nan,lower,0.1
268,phase1,lower,-10.0,4,-12.720437726426825,-9.999999951878296,-7.49999999510444,-4.999999999668319,-2.499999999988778,nan,lower,0.1
269,phase1,lower,-10.0,4,-12.720437726426825,-9.99999995620091,-7.499999995560827,-4.999999999700364,-2.4999999999899,nan,lower,0.1
270,phase1,lower,-10.0,4,-12.720437726426825,-9.9999999601369,-7.499999995974781,-4.999999999729318,-2.49999999999091,nan,lower,0.1
271,phase1,lower,-10.0,4,-12.720437726426825,-9.999999963720688,-7.499999996350234,-4.999999999755477,-2.499999999991819,nan,lower,0.1
272,phase1,lower,-10.0,4,-12.720437726426825,-9.999999966983642,-7.499999996690758,-4.999999999779112,-2.499999999992637,nan,lower,0.1
273,phase1,lower,-10.0,4,-12.720437726426825,-9.999999969954354,-7.499999996999594,-4.9999999998004645,-2.4999999999933733,nan,lower,0.1
274,phase1,lower,-10.0,4,-12.720437726426825,-9.999999972658879,-7.499999997279681,-4.999999999819756,-2.499999999994036,nan,lower,0.1
275,phase1,lower,-10.0,4,-12.720437726426825,-9.999999975120959,-7.499999997533688,-4.999999999837184,-2.4999999999946323,nan,lower,0.1
276,phase1,lower,-10.0,4,-12.720437726426825,-9.999999977362233,-7.4999999977640375,-4.999999999852928,-2.499999999995169,nan,lower,0.1
277,phase1,upper,-15.0,2,-12.921039206501264,-9.999999977362233,-7.4999999977640375,-4.999999999852928,-2.499999999995169,nan,lower,0.1
278,phase1,lower,-10.0,4,-12.921039206501264,-9.999999979402414,-7.499999997972926,-4.9999999998671525,-2.4999999999956524,nan,lower,0.1
279,phase1,lower,-10.0,4,-12.921039206501264,-9.999999981259466,-7.499999998162349,-4.999999999880003,-2.499999999996087,nan,lower,0.1
280,phase1,lower,-10.0,4,-12.921039206501264,-9.999999982949754,-7.499999998334115,-4.999999999891611,-2.4999999999964784,nan,lower,0.1
281,phase1,lower,-10.0,4,-12.921039206501264,-9.999999984488191,-7.499999998489864,-4.999999999902098,-2.4999999999968305,nan,lower,0.1
282,phase1,lower,-10.0,4,-12.921039206501264,-9.999999985888358,-7.499999998631087,-4.999999999911571,-2.4999999999971476,nan,lower,0.1
283,phase1,lower,-10.0,4,-12.921039206501264,-9.999999987162631,-7.499999998759136,-4.999999999920129,-2.4999999999974327,nan,lower,0.1
284,phase1,upper,-15.0,2,-13.104316013296547,-9.999999987162631,-7.499999998759136,-4.999999999920129,-2.4999999999974327,nan,lower,0.1
285,phase1,lower,-10.0,4,-13.104316013296547,-9.999999988322282,-7.499999998875235,-4.9999999999278595,-2.4999999999976894,nan,lower,0.1
286,phase1,lower,-10.0,4,-13.104316013296547,-9.999999989377578,-7.499999998980497,-4.999999999934842,-2.4999999999979203,nan,lower,0.1
287,phase1,lower,-10.0,4,-13.104316013296547,-9.99999999033787,-7.499999999075932,-4.99999999994115,-2.499999999998128,nan,lower,0.1
288,phase1,lower,-10.0,4,-13.104316013296547,-9.999999991211675,-7.499999999162454,-4.999999999946848,-2.499999999998315,nan,lower,0.1
289,phase1,lower,-10.0,4,-13.104316013296547,-9.999999992006753,-7.4999999992408934,-4.999999999951995,-2.4999999999984834,nan,lower,0.1
290,phase1,lower,-10.0,4,-13.104316013296547,-9.999999992730167,-7.499999999312004,-4.999999999956644,-2.499999999998635,nan,lower,0.1
291,phase1,lower,-10.0,4,-13.104316013296547,-9.99999999338835,-7.499999999376468,-4.999999999960843,-2.499999999998771,nan,lower,0.1
292,phase1,lower,-10.0,4,-13.104316013296547,-9.999999993987162,-7.499999999434905,-4.999999999964635,-2.499999999998894,nan,lower,0.1
293,phase1,lower,-10.0,4,-13.104316013296547,-9.999999994531937,-7.499999999487878,-4.999999999968061,-2.499999999999005,nan,lower,0.1
294,phase1,lower,-10.0,4,-13.104316013296547,-9.999999995027531,-7.499999999535897,-4.9999999999711555,-2.4999999999991043,nan,lower,0.1
295,phase1,lower,-10.0,4,-13.104316013296547,-9.999999995478367,-7.499999999579423,-4.999999999973951,-2.499999999999194,nan,lower,0.1
296,phase1,lower,-10.0,4,-13.104316013296547,-9.999999995888473,-7.4999999996188755,-4.999999999976475,-2.4999999999992744,nan,lower,0.1
297,phase1,lower,-10.0,4,-13.104316013296547,-9.999999996261513,-7.499999999654635,-4.999999999978755,-2.4999999999993467,nan,lower,0.1
298,phase1,lower,-10.0,4,-13.104316013296547,-9.999999996600826,-7.499999999687048,-4.999999999980814,-2.499999999999412,nan,lower,0.1
299,phase1,lower,-10.0,4,-13.104316013296547,-9.999999996909448,-7.499999999716424,-4.999999999982673,-2.4999999999994706,nan,lower,0.1
300,phase1,lower,-10.0,4,-13.104316013296547,-9.999999997190146,-7.499999999743049,-4.999999999984353,-2.4999999999995235,nan,lower,0.1
301,phase1,lower,-10.0,4,-13.104316013296547,-9.999999997445437,-7.499999999767179,-4.99999999998587,-2.499999999999571,nan,lower,0.1
302,phase1,lower,-10.0,4,-13.104316013296547,-9.999999997677612,-7.499999999789048,-4.99999999998724,-2.499999999999614,nan,lower,0.1
303,phase1,lower,-10.0,4,-13.104316013296547,-9.999999997888755,-7.499999999808868,-4.999999999988478,-2.4999999999996527,nan,lower,0.1
304,phase1,lower,-10.0,4,-13.104316013296547,-9.999999998080767,-7.499999999826828,-4.999999999989595,-2.4999999999996874,nan,lower,0.1
305,phase1,lower,-10.0,4,-13.104316013296547,-9.999999998255372,-7.499999999843105,-4.999999999990604,-2.4999999999997184,nan,lower,0.1
306,phase1,lower,-10.0,4,-13.104316013296547,-9.999999998414145,-7.499999999857855,-4.999999999991515,-2.4999999999997464,nan,lower,0.1
307,phase1,lower,-10.0,4,-13.104316013296547,-9.999999998558517,-7.499999999871221,-4.999999999992339,-2.4999999999997717,nan,lower,0.1
308,phase1,lower,-10.0,4,-13.104316013296547,-9.999999998689788,-7.499999999883333,-4.999999999993082,-2.4999999999997944,nan,lower,0.1
309,phase1,lower,-10.0,4,-13.104316013296547,-9.999999998809143,-7.4999999998943085,-4.999999999993753,-2.499999999999815,nan,lower,0.1
310,phase1,lower,-10.0,4,-13.104316013296547,-9.999999998917659,-7.499999999904253,-4.99999999999436,-2.4999999999998335,nan,lower,0.1
311,phase1,upper,-15.0,2,-13.271727066667761,-9.999999998917659,-7.499999999904253,-4.99999999999436,-2.4999999999998335,nan,lower,0.1
312,phase1,lower,-10.0,4,-13.271727066667761,-9.999999999016318,-7.499999999913263,-4.999999999994907,-2.49999999999985,nan,lower,0.1
313,phase1,lower,-10.0,4,-13.271727066667761,-9.999999999106013,-7.499999999921427,-4.999999999995401,-2.499999999999865,nan,lower,0.1
314,phase1,lower,-10.0,4,-13.271727066667761,-9.999999999187555,-7.499999999928825,-4.999999999995848,-2.4999999999998783,nan,lower,0.1
315,phase1,lower,-10.0,4,-13.271727066667761,-9.999999999261682,-7.499999999935527,-4.999999999996251,-2.4999999999998903,nan,lower,0.1
316,phase1,lower,-10.0,4,-13.271727066667761,-9.999999999329066,-7.4999999999416,-4.999999999996615,-2.4999999999999014,nan,lower,0.1
317,phase1,lower,-10.0,4,-13.271727066667761,-9.99999999939032,-7.499999999947101,-4.999999999996944,-2.499999999999911,nan,lower,0.1
318,phase1,lower,-10.0,4,-13.271727066667761,-9.999999999445999,-7.499999999952085,-4.99999999999724,-2.49999999999992,nan,lower,0.1
319,phase1,lower,-10.0,4,-13.271727066667761,-9.999999999496607,-7.499999999956601,-4.999999999997509,-2.499999999999928,nan,lower,0.1
320,phase1,lower,-10.0,4,-13.271727066667761,-9.999999999542606,-7.499999999960692,-4.99999999999775,-2.499999999999935,nan,lower,0.1
321,phase1,lower,-10.0,4,-13.271727066667761,-9.999999999584414,-7.499999999964397,-4.999999999997969,-2.499999999999942,nan,lower,0.1
322,phase1,lower,-10.0,4,-13.271727066667761,-9.999999999622412,-7.499999999967755,-4.999999999998166,-2.4999999999999476,nan,lower,0.1
323,phase1,lower,-10.0,4,-13.271727066667761,-9.999999999656946,-7.499999999970796,-4.999999999998344,-2.499999999999953,nan,lower,0.1
324,phase1,lower,-10.0,4,-13.271727066667761,-9.999999999688331,-7.499999999973551,-4.999999999998505,-2.499999999999958,nan,lower,0.1
325,phase1,lower,-10.0,4,-13.271727066667761,-9.999999999716852,-7.499999999976047,-4.99999999999865,-2.499999999999962,nan,lower,0.1
326,phase1,lower,-10.0,4,-13.271727066667761,-9.999999999742771,-7.499999999978307,-4.999999999998781,-2.499999999999966,nan,lower,0.1
327,phase1,lower,-10.0,4,-13.271727066667761,-9.999999999766324,-7.499999999980354,-4.9999999999988995,-2.4999999999999694,nan,lower,0.1
328,phase1,lower,-10.0,4,-13.271727066667761,-9.999999999787727,-7.499999999982209,-4.999999999999007,-2.4999999999999725,nan,lower,0.1
329,phase1,lower,-10.0,4,-13.271727066667761,-9.999999999807175,-7.499999999983888,-4.999999999999104,-2.499999999999975,nan,lower,0.1
330,phase1,lower,-10.0,4,-13.271727066667761,-9.999999999824846,-7.49999999998541,-4.999999999999191,-2.499999999999978,nan,lower,0.1
331,phase1,lower,-10.0,4,-13.271727066667761,-9.999999999840902,-7.499999999986788,-4.99999999999927,-2.49999999999998,nan,lower,0.1
332,phase1,lower,-10.0,4,-13.271727066667761,-9.999999999855492,-7.499999999988036,-4.999999999999341,-2.4999999999999822,nan,lower,0.1
333,phase1,lower,-10.0,4,-13.271727066667761,-9.999999999868747,-7.499999999989167,-4.999999999999405,-2.499999999999984,nan,lower,0.1
334,phase1,lower,-10.0,4,-13.271727066667761,-9.999999999880789,-7.499999999990191,-4.999999999999463,-2.499999999999986,nan,lower,0.1
335,phase1,lower,-10.0,4,-13.271727066667761,-9.99999999989173,-7.499999999991118,-4.999999999999515,-2.499999999999987,nan,lower,0.1
336,phase1,lower,-10.0,4,-13.271727066667761,-9.999999999901668,-7.4999999999919575,-4.999999999999562,-2.4999999999999885,nan,lower,0.1
337,phase1,lower,-10.0,4,-13.271727066667761,-9.999999999910697,-7.499999999992718,-4.999999999999605,-2.49999999999999,nan,lower,0.1
338,phase1,lower,-10.0,4,-13.271727066667761,-9.999999999918899,-7.499999999993406,-4.999999999999643,-2.4999999999999907,nan,lower,0.1
339,phase1,upper,-15.0,2,-13.424612749231766,-9.999999999918899,-7.499999999993406,-4.999999999999643,-2.4999999999999907,nan,lower,0.1
340,phase1,lower,-10.0,4,-13.424612749231766,-9.999999999926349,-7.49999999999403,-4.999999999999678,-2.4999999999999916,nan,lower,0.1
341,phase1,lower,-10.0,4,-13.424612749231766,-9.999999999933117,-7.4999999999945945,-4.999999999999709,-2.4999999999999925,nan,lower,0.1
342,phase1,lower,-10.0,4,-13.424612749231766,-9.999999999939265,-7.499999999995106,-4.999999999999737,-2.4999999999999933,nan,lower,0.1
343,phase1,lower,-10.0,4,-13.424612749231766,-9.99999999994485,-7.499999999995569,-4.999999999999763,-2.499999999999994,nan,lower,0.1
344,phase1,lower,-10.0,4,-13.424612749231766,-9.999999999949921,-7.499999999995988,-4.999999999999786,-2.4999999999999942,nan,lower,0.1
345,phase1,lower,-10.0,4,-13.424612749231766,-9.999999999954527,-7.499999999996368,-4.999999999999806,-2.4999999999999947,nan,lower,0.1
346,phase1,lower,-10.0,4,-13.424612749231766,-9.99999999995871,-7.499999999996712,-4.999999999999825,-2.499999999999995,nan,lower,0.1
347,phase1,lower,-10.0,4,-13.424612749231766,-9.99999999996251,-7.499999999997023,-4.999999999999842,-2.4999999999999956,nan,lower,0.1
348,phase1,lower,-10.0,4,-13.424612749231766,-9.999999999965961,-7.499999999997304,-4.999999999999857,-2.499999999999996,nan,lower,0.1
349,phase1,lower,-10.0,4,-13.424612749231766,-9.999999999969095,-7.499999999997559,-4.999999999999871,-2.4999999999999964,nan,lower,0.1
350,phase1,lower,-10.0,4,-13.424612749231766,-9.99999999997194,-7.49999999999779,-4.999999999999884,-2.499999999999997,nan,lower,0.1
351,phase1,lower,-10.0,4,-13.424612749231766,-9.999999999974525,-7.499999999998,-4.999999999999895,-2.4999999999999973,nan,lower,0.1
352,phase1,lower,-10.0,4,-13.424612749231766,-9.999999999976872,-7.499999999998189,-4.999999999999906,-2.499999999999998,nan,lower,0.1
353,phase1,lower,-10.0,4,-13.424612749231766,-9.999999999979003,-7.49999999999836,-4.999999999999915,-2.4999999999999982,nan,lower,0.1
354,phase1,lower,-10.0,4,-13.424612749231766,-9.99999999998094,-7.499999999998516,-4.999999999999923,-2.4999999999999982,nan,lower,0.1
355,phase1,lower,-10.0,4,-13.424612749231766,-9.999999999982697,-7.499999999998656,-4.999999999999931,-2.4999999999999982,nan,lower,0.1
356,phase1,lower,-10.0,4,-13.424612749231766,-9.999999999984293,-7.499999999998783,-4.999999999999938,-2.4999999999999982,nan,lower,0.1
357,phase1,lower,-10.0,4,-13.424612749231766,-9.999999999985743,-7.499999999998899,-4.999999999999944,-2.4999999999999982,nan,lower,0.1
358,phase1,lower,-10.0,4,-13.424612749231766,-9.99999999998706,-7.4999999999990035,-4.999999999999949,-2.4999999999999982,nan,lower,0.1
359,phase1,lower,-10.0,4,-13.424612749231766,-9.999999999988253,-7.499999999999098,-4.999999999999954,-2.4999999999999982,nan,lower,0.1
360,phase1,lower,-10.0,4,-13.424612749231766,-9.999999999989338,-7.499999999999183,-4.999999999999958,-2.4999999999999982,nan,lower,0.1
361,phase1,lower,-10.0,4,-13.424612749231766,-9.999999999990322,-7.49999999999926,-4.999999999999963,-2.4999999999999982,nan,lower,0.1
362,phase1,lower,-10.0,4,-13.424612749231766,-9.999999999991216,-7.49999999999933,-4.999999999999966,-2.4999999999999982,nan,lower,0.1
363,phase1,lower,-10.0,4,-13.424612749231766,-9.999999999992028,-7.499999999999394,-4.99999999999997,-2.4999999999999982,nan,lower,0.1
364,phase1,upper,-15.0,2,-13.564204024616293,-9.999999999992028,-7.499999999999394,-4.99999999999997,-2.4999999999999982,nan,lower,0.1
365,phase1,lower,-10.0,4,-13.564204024616293,-9.999999999992765,-7.499999999999452,-4.9999999999999725,-2.4999999999999982,nan,lower,0.1
366,phase1,lower,-10.0,4,-13.564204024616293,-9.999999999993435,-7.499999999999504,-4.999999999999975,-2.4999999999999982,nan,lower,0.1
367,phase1,lower,-10.0,4,-13.564204024616293,-9.999999999994042,-7.4999999999995515,-4.999999999999978,-2.4999999999999982,nan,lower,0.1
368,phase1,lower,-10.0,4,-13.564204024616293,-9.999999999994593,-7.499999999999594,-4.99999999999998,-2.4999999999999982,nan,lower,0.1
369,phase1,lower,-10.0,4,-13.564204024616293,-9.999999999995094,-7.499999999999632,-4.999999999999981,-2.4999999999999982,nan,lower,0.1
370,phase1,lower,-10.0,4,-13.564204024616293,-9.999999999995548,-7.499999999999667,-4.999999999999983,-2.4999999999999982,nan,lower,0.1
371,phase1,lower,-10.0,4,-13.564204024616293,-9.99999999999596,-7.499999999999699,-4.999999999999985,-2.4999999999999982,nan,lower,0.1
372,phase1,lower,-10.0,4,-13.564204024616293,-9.999999999996334,-7.499999999999727,-4.999999999999986,-2.4999999999999982,nan,lower,0.1
373,phase1,lower,-10.0,4,-13.564204024616293,-9.999999999996673,-7.499999999999753,-4.999999999999987,-2.4999999999999982,nan,lower,0.1
374,phase1,lower,-10.0,4,-13.564204024616293,-9.99999999999698,-7.499999999999776,-4.999999999999988,-2.4999999999999982,nan,lower,0.1
375,phase1,lower,-10.0,4,-13.564204024616293,-9.999999999997259,-7.4999999999997975,-4.9999999999999885,-2.4999999999999982,nan,lower,0.1
376,phase1,lower,-10.0,4,-13.564204024616293,-9.999999999997513,-7.499999999999817,-4.999999999999989,-2.4999999999999982,nan,lower,0.1
377,phase1,lower,-10.0,4,-13.564204024616293,-9.999999999997744,-7.499999999999834,-4.99999999999999,-2.4999999999999982,nan,lower,0.1
378,phase1,lower,-10.0,4,-13.564204024616293,-9.999999999997954,-7.49999999999985,-4.999999999999991,-2.4999999999999982,nan,lower,0.1
379,phase1,lower,-10.0,4,-13.564204024616293,-9.999999999998144,-7.499999999999864,-4.999999999999992,-2.4999999999999982,nan,lower,0.1
380,phase1,lower,-10.0,4,-13.564204024616293,-9.999999999998316,-7.4999999999998765,-4.999999999999993,-2.4999999999999982,nan,lower,0.1
381,phase1,lower,-10.0,4,-13.564204024616293,-9.999999999998472,-7.499999999999888,-4.999999999999994,-2.4999999999999982,nan,lower,0.1
382,phase1,lower,-10.0,4,-13.564204024616293,-9.999999999998614,-7.499999999999899,-4.999999999999995,-2.4999999999999982,nan,lower,0.1
383,phase1,lower,-10.0,4,-13.564204024616293,-9.999999999998742,-7.4999999999999085,-4.999999999999995,-2.4999999999999982,nan,lower,0.1
384,phase1,lower,-10.0,4,-13.564204024616293,-9.99999999999886,-7.499999999999917,-4.999999999999995,-2.4999999999999982,nan,lower,0.1
385,phase1,lower,-10.0,4,-13.564204024616293,-9.999999999998966,-7.499999999999925,-4.999999999999995,-2.4999999999999982,nan,lower,0.1
386,phase1,lower,-10.0,4,-13.564204024616293,-9.999999999999062,-7.4999999999999325,-4.999999999999995,-2.4999999999999982,nan,lower,0.1
387,phase1,lower,-10.0,4,-13.564204024616293,-9.99999999999915,-7.499999999999939,-4.999999999999995,-2.4999999999999982,nan,lower,0.1
388,phase1,lower,-10.0,4,-13.564204024616293,-9.999999999999229,-7.499999999999944,-4.999999999999995,-2.4999999999999982,nan,lower,0.1
389,phase1,lower,-10.0,4,-13.564204024616293,-9.9999999999993,-7.499999999999949,-4.999999999999995,-2.4999999999999982,nan,lower,0.1
390,phase1,lower,-10.0,4,-13.564204024616293,-9.999999999999366,-7.499999999999954,-4.999999999999995,-2.4999999999999982,nan,lower,0.1
391,phase1,lower,-10.0,4,-13.564204024616293,-9.999999999999424,-7.499999999999958,-4.999999999999995,-2.4999999999999982,nan,lower,0.1
392,phase1,lower,-10.0,4,-13.564204024616293,-9.999999999999478,-7.499999999999962,-4.999999999999995,-2.4999999999999982,nan,lower,0.1
393,phase1,lower,-10.0,4,-13.564204024616293,-9.999999999999526,-7.499999999999965,-4.999999999999995,-2.4999999999999982,nan,lower,0.1
394,phase1,upper,-15.0,2,-13.691630917431597,-9.999999999999526,-7.499999999999965,-4.999999999999995,-2.4999999999999982,nan,lower,0.1
395,phase1,lower,-10.0,4,-13.691630917431597,-9.99999999999957,-7.499999999999968,-4.999999999999995,-2.4999999999999982,nan,lower,0.1
396,phase1,lower,-10.0,4,-13.691630917431597,-9.99999999999961,-7.499999999999971,-4.999999999999995,-2.4999999999999982,nan,lower,0.1
397,phase1,lower,-10.0,4,-13.691630917431597,-9.999999999999645,-7.499999999999973,-4.999999999999995,-2.4999999999999982,nan,lower,0.1
398,phase1,upper,-15.0,2,-13.807930391437678,-9.999999999999645,-7.499999999999973,-4.999999999999995,-2.4999999999999982,nan,lower,0.1
399,phase1,lower,-10.0,4,-13.807930391437678,-9.999999999999677,-7.499999999999975,-4.999999999999995,-2.4999999999999982,nan,lower,0.1
400,phase2,lower,-20.0,4,-13.807930391437678,-9.999999999999707,-8.499999999999986,-5.2700000000000005,-2.6890000000000027,-0.14700000000000343,lower,0.1
401,phase2,lower,-20.0,4,-13.807930391437678,-10.232299999999737,-9.546609999999998,-5.595917000000008,-2.9017249000000076,-0.17448270000000385,lower,0.1
402,phase2,lower,-20.0,4,-13.807930391437678,-10.570765429999767,-10.560451171000008,-5.918566408700015,-3.0957572563900118,-0.1701075779700035,lower,0.1
403,phase2,lower,-20.0,4,-13.807930391437678,-10.972830824272794,-11.520651983898116,-6.220527107276592,-3.261434813303944,-0.15732427984947006,lower,0.1
404,phase2,lower,-20.0,4,-13.807930391437678,-11.41920479209985,-12.422044963851015,-6.495998333541081,-3.397862158999516,-0.142489821065522,lower,0.1
405,phase2,lower,-20.0,4,-13.807930391437678,-11.897729648233936,-13.263785572728581,-6.742723147404549,-3.506503168309279,-0.1273964215042369,lower,0.1
406,phase2,lower,-20.0,4,-13.807930391437678,-12.398992020037214,-14.046322585705203,-6.95978274286759,-3.5894520274035764,-0.11260426400367482,lower,0.1
407,phase2,lower,-20.0,4,-13.807930391437678,-12.915068914207321,-14.770587213016793,-7.146956123681319,-3.648952411997781,-0.09832967377144142,lower,0.1
408,phase2,lower,-20.0,4,-13.807930391437678,-13.439117450482565,-15.43777079262711,-7.304500395081612,-3.6872523203806002,-0.08468321064875335,lower,0.1
409,phase2,lower,-20.0,4,-13.807930391437678,-13.965197674280898,-16.04925781581918,-7.433047130940414,-3.7065514706558456,-0.07173472774337497,upper,0.1
410,phase2,upper,-15.0,2,-13.978614916437262,-13.965197674280898,-16.04925781581918,-7.433047130940414,-3.7065514706558456,-0.06136101054837406,lower,0.1
411,phase2,lower,-20.0,4,-13.978614916437262,-14.478828597928263,-16.600063807798314,-7.528958818747137,-3.705773818447204,-0.05704150743572442,upper,0.1
412,phase2,upper,-15.0,2,-14.12770007588123,-14.478828597928263,-16.600063807798314,-7.528958818747137,-3.705773818447204,-0.049794588902723695,upper,0.1
413,phase2,upper,-15.0,2,-14.262026368904296,-14.478828597928263,-16.600063807798314,-7.528958818747137,-3.705773818447204,-0.04251234161494243,upper,0.1
414,phase2,upper,-15.0,2,-14.381691753508335,-14.478828597928263,-16.600063807798314,-7.528958818747137,-3.705773818447204,-0.03564387138063962,upper,0.1
415,phase2,upper,-15.0,2,-14.487324478041804,-14.478828597928263,-16.600063807798314,-7.528958818747137,-3.705773818447204,-0.02939495274508295,lower,0.1
416,phase2,lower,-20.0,4,-14.487324478041804,-14.967407576385844,-17.08624547978909,-7.589525003639888,-3.6844897210403063,-0.041054895564890184,upper,0.1
417,phase2,upper,-15.0,2,-14.590323111708415,-14.967407576385844,-17.08624547978909,-7.589525003639888,-3.6844897210403063,-0.029552733996303312,upper,0.1
418,phase2,lower,-20.0,4,-14.590323111708415,-15.455888827322841,-17.529900277983725,-7.630438814590592,-3.655096933753551,-0.03373122989333817,upper,0.1
419,phase2,upper,-15.0,2,-14.679322202925086,-15.455888827322841,-17.529900277983725,-7.630438814590592,-3.655096933753551,-0.023540920708343134,upper,0.1
420,phase2,upper,-15.0,2,-14.752191151264967,-15.455888827322841,-17.529900277983725,-7.630438814590592,-3.655096933753551,-0.01650399428612208,upper,0.1
421,phase2,upper,-15.0,2,-14.812357032227961,-15.455888827322841,-17.529900277983725,-7.630438814590592,-3.655096933753551,-0.011443116912757113,upper,0.1
422,phase2,upper,-15.0,2,-14.862161578700304,-15.455888827322841,-17.529900277983725,-7.630438814590592,-3.655096933753551,-0.007680899607834581,upper,0.1
423,phase2,upper,-15.0,2,-14.903313101882894,-15.455888827322841,-17.529900277983725,-7.630438814590592,-3.655096933753551,-0.004817309228631331,upper,0.1
424,phase2,upper,-15.0,2,-14.93713509620614,-15.455888827322841,-17.529900277983725,-7.630438814590592,-3.655096933753551,-0.002607311023969711,upper,0.1
425,phase2,upper,-15.0,2,-14.964703743806163,-15.455888827322841,-17.529900277983725,-7.630438814590592,-3.655096933753551,-0.0008935434245004245,upper,0.1
426,phase2,upper,-15.0,2,-14.986924834498584,-15.455888827322841,-17.529900277983725,-7.630438814590592,-3.655096933753551,0.00043079718111297804,upper,0.1
427,phase2,upper,-15.0,2,-15.004577731556836,-15.455888827322841,-17.529900277983725,-7.630438814590592,-3.655096933753551,0.001442490960615635,upper,0.1
428,phase2,upper,-15.0,2,-15.018341461080263,-15.455888827322841,-17.529900277983725,-7.630438814590592,-3.655096933753551,0.002199729942324956,upper,0.1
429,phase2,upper,-15.0,2,-15.0288111244104,-15.455888827322841,-17.529900277983725,-7.630438814590592,-3.655096933753551,0.0027485593291876045,upper,0.1
430,phase2,upper,-15.0,2,-15.036509069681864,-15.455888827322841,-17.529900277983725,-7.630438814590592,-3.655096933753551,0.0031265761837100145,upper,0.1
431,phase2,upper,-15.0,2,-15.041893204422525,-15.455888827322841,-17.529900277983725,-7.630438814590592,-3.655096933753551,0.003365119218013882,upper,0.1
432,phase2,upper,-15.0,2,-15.045363714070517,-15.455888827322841,-17.529900277983725,-7.630438814590592,-3.655096933753551,0.0034906250744809147,upper,0.1
433,phase2,upper,-15.0,2,-15.047268847391003,-15.455888827322841,-17.529900277983725,-7.630438814590592,-3.655096933753551,0.0035255203384877507,upper,0.1
434,phase2,upper,-15.0,2,-15.047910106321646,-15.455888827322841,-17.529900277983725,-7.630438814590592,-3.655096933753551,0.0034888508387645616,upper,0.1
435,phase2,upper,-15.0,2,-15.047547007065566,-15.455888827322841,-17.529900277983725,-7.630438814590592,-3.655096933753551,0.003396758085536745,upper,0.1
436,phase2,upper,-15.0,2,-15.046401491292526,-15.455888827322841,-17.529900277983725,-7.630438814590592,-3.655096933753551,0.0032628626592349844,upper,0.1
437,phase2,upper,-15.0,2,-15.044662022795631,-15.455888827322841,-17.529900277983725,-7.630438814590592,-3.655096933753551,0.0030985871524783974,upper,0.1
438,phase2,upper,-15.0,2,-15.04248738496761,-15.455888827322841,-17.529900277983725,-7.630438814590592,-3.655096933753551,0.002913436543412242,upper,0.1
439,phase2,upper,-15.0,2,-15.040010186637515,-15.455888827322841,-17.529900277983725,-7.630438814590592,-3.655096933753551,0.002715245965608268,upper,0.1
440,phase2,upper,-15.0,2,-15.037340082005738,-15.455888827322841,-17.529900277983725,-7.630438814590592,-3.655096933753551,0.002510401628627862,upper,0.1
441,phase2,upper,-15.0,2,-15.034566711356392,-15.455888827322841,-17.529900277983725,-7.630438814590592,-3.655096933753551,0.0023040384316775145,upper,0.1
442,phase2,upper,-15.0,2,-15.031762371196978,-15.455888827322841,-17.529900277983725,-7.630438814590592,-3.655096933753551,0.0021002166708322056,upper,0.1
443,phase2,upper,-15.0,2,-15.02898442461018,-15.455888827322841,-17.529900277983725,-7.630438814590592,-3.655096933753551,0.0019020796621428016,upper,0.1
444,phase2,upper,-15.0,2,-15.026277464493214,-15.455888827322841,-17.529900277983725,-7.630438814590592,-3.655096933753551,0.0017119938148619544,upper,0.1
445,phase2,upper,-15.0,2,-15.023675243840415,-15.455888827322841,-17.529900277983725,-7.630438814590592,-3.655096933753551,0.001531672544330764,upper,0.1
446,phase2,upper,-15.0,2,-15.021202388255125,-15.455888827322841,-17.529900277983725,-7.630438814590592,-3.655096933753551,0.0013622853353491616,upper,0.1
447,phase2,upper,-15.0,2,-15.018875906479314,-15.455888827322841,-17.529900277983725,-7.630438814590592,-3.655096933753551,0.0012045532143150632,upper,0.1
448,phase2,upper,-15.0,2,-15.016706514954437,-15.455888827322841,-17.529900277983725,-7.630438814590592,-3.655096933753551,0.001058831842514458,upper,0.1
449,phase2,upper,-15.0,2,-15.01469979233451,-15.455888827322841,-17.529900277983725,-7.630438814590592,-3.655096933753551,0.0009251833949153923,upper,0.1
450,phase2,upper,-15.0,2,-15.012857179522992,-15.455888827322841,-17.529900277983725,-7.630438814590592,-3.655096933753551,0.0008034383354954548,upper,0.1
451,phase2,upper,-15.0,2,-15.011176840255075,-15.455888827322841,-17.529900277983725,-7.630438814590592,-3.655096933753551,0.000693248141145133,upper,0.1
452,phase2,upper,-15.0,2,-15.009654396546415,-15.455888827322841,-17.529900277983725,-7.630438814590592,-3.655096933753551,0.0005941299624667002,upper,0.1
453,phase2,lower,-20.0,4,-15.009654396546415,-15.91275525542271,-17.9130781389359,-7.639305972099316,-3.609233951510295,-0.019516756201248785,upper,0.1
454,phase2,upper,-15.0,2,-15.02638335006919,-15.91275525542271,-17.9130781389359,-7.639305972099316,-3.609233951510295,-0.009348830077470765,upper,0.1
455,phase2,upper,-15.0,2,-15.033482323678761,-15.91275525542271,-17.9130781389359,-7.639305972099316,-3.609233951510295,-0.0039077738472985575,upper,0.1
456,phase2,upper,-15.0,2,-15.035395585177001,-15.91275525542271,-17.9130781389359,-7.639305972099316,-3.609233951510295,-0.001054675621603037,upper,0.1
457,phase2,upper,-15.0,2,-15.03457817129028,-15.91275525542271,-17.9130781389359,-7.639305972099316,-3.609233951510295,0.00038608052556973304,upper,0.1
458,phase2,upper,-15.0,2,-15.032387270374235,-15.91275525542271,-17.9130781389359,-7.639305972099316,-3.609233951510295,0.0010606160363647364,upper,0.1
459,phase2,lower,-20.0,4,-15.032387270374235,-16.361832989341302,-18.25654145200419,-7.630995292362189,-3.5582861774286045,-0.013370686730843455,upper,0.1
460,phase2,lower,-20.0,4,-15.032387270374235,-16.81333745366535,-18.57106749717232,-7.613291097351127,-3.507691115120145,-0.011210846681675803,upper,0.1
461,phase2,upper,-15.0,2,-15.040617159526645,-16.81333745366535,-18.57106749717232,-7.613291097351127,-3.507691115120145,-0.004689085320293029,upper,0.1
462,phase2,upper,-15.0,2,-15.042672655894632,-16.81333745366535,-18.57106749717232,-7.613291097351127,-3.507691115120145,-0.0012739582589691293,upper,0.1
463,phase2,upper,-15.0,2,-15.041496250721222,-16.81333745366535,-18.57106749717232,-7.613291097351127,-3.507691115120145,0.0004468730453605879,upper,0.1
464,phase2,upper,-15.0,2,-15.038711847337897,-16.81333745366535,-18.57106749717232,-7.613291097351127,-3.507691115120145,0.0012494557260383293,upper,0.1
465,phase2,upper,-15.0,2,-15.035214346259126,-16.81333745366535,-18.57106749717232,-7.613291097351127,-3.507691115120145,0.0015600195426155254,upper,0.1
466,phase2,upper,-15.0,2,-15.031494482006744,-16.81333745366535,-18.57106749717232,-7.613291097351127,-3.507691115120145,0.0016124137638928652,upper,0.1
467,phase2,upper,-15.0,2,-15.02781808149315,-16.81333745366535,-18.57106749717232,-7.613291097351127,-3.507691115120145,0.0015346466731615503,upper,0.1
468,phase2,upper,-15.0,2,-15.024325226178584,-16.81333745366535,-18.57106749717232,-7.613291097351127,-3.507691115120145,0.001396468716858817,upper,0.1
469,phase2,upper,-15.0,2,-15.021085305152344,-16.81333745366535,-18.57106749717232,-7.613291097351127,-3.507691115120145,0.001235547530322243,upper,0.1
470,phase2,upper,-15.0,2,-15.01812774174588,-16.81333745366535,-18.57106749717232,-7.613291097351127,-3.507691115120145,0.0010718760878025554,upper,0.1
471,phase2,upper,-15.0,2,-15.015459273088325,-16.81333745366535,-18.57106749717232,-7.613291097351127,-3.507691115120145,0.0009157113193317995,upper,0.1
472,phase2,lower,-20.0,4,-15.015459273088325,-17.23828631782865,-18.839671670233706,-7.574438405463313,-3.448765918522593,-0.002314533702088617,upper,0.1
473,phase2,upper,-15.0,2,-15.015980990449473,-17.23828631782865,-18.839671670233706,-7.574438405463313,-3.448765918522593,-0.0008108659887397002,upper,0.1
474,phase2,upper,-15.0,2,-15.015202437521703,-17.23828631782865,-18.839671670233706,-7.574438405463313,-3.448765918522593,-5.3644529585583994e-05,upper,0.1
475,phase2,upper,-15.0,2,-15.013821623485454,-17.23828631782865,-18.839671670233706,-7.574438405463313,-3.448765918522593,0.0003011688359952812,upper,0.1
476,phase2,upper,-15.0,2,-15.012215237924194,-17.23828631782865,-18.839671670233706,-7.574438405463313,-3.448765918522593,0.00044204140940347657,upper,0.1
477,phase2,upper,-15.0,2,-15.010582995084915,-17.23828631782865,-18.839671670233706,-7.574438405463313,-3.448765918522593,0.0004719609269602764,upper,0.1
478,phase2,upper,-15.0,2,-15.0090271595824,-17.23828631782865,-18.839671670233706,-7.574438405463313,-3.448765918522593,0.00044695434661543357,upper,0.1
479,phase2,upper,-15.0,2,-15.007596418221981,-17.23828631782865,-18.839671670233706,-7.574438405463313,-3.448765918522593,0.0003972589969517548,upper,0.1
480,phase2,upper,-15.0,2,-15.006310126311378,-17.23828631782865,-18.839671670233706,-7.574438405463313,-3.448765918522593,0.0003389611619646914,upper,0.1
481,phase2,upper,-15.0,2,-15.005171739537671,-17.23828631782865,-18.839671670233706,-7.574438405463313,-3.448765918522593,0.00028039580318954435,upper,0.1
482,phase2,upper,-15.0,2,-15.004176276934054,-17.23828631782865,-18.839671670233706,-7.574438405463313,-3.448765918522593,0.0002256665554258547,upper,0.1
483,phase2,upper,-15.0,2,-15.003314481348603,-17.23828631782865,-18.839671670233706,-7.574438405463313,-3.448765918522593,0.00017658230847920743,upper,0.1
484,phase2,upper,-15.0,2,-15.002575146166663,-17.23828631782865,-18.839671670233706,-7.574438405463313,-3.448765918522593,0.0001337227722251303,upper,0.1
485,phase2,upper,-15.0,2,-15.00194641859724,-17.23828631782865,-18.839671670233706,-7.574438405463313,-3.448765918522593,9.702460669240115e-05,upper,0.1
486,phase2,upper,-15.0,2,-15.001416527663856,-17.23828631782865,-18.839671670233706,-7.574438405463313,-3.448765918522593,6.610342433392371e-05,upper,0.1
487,phase2,upper,-15.0,2,-15.000974185673215,-17.23828631782865,-18.839671670233706,-7.574438405463313,-3.448765918522593,4.0430106052698054e-05,upper,0.1
488,phase2,upper,-15.0,2,-15.000608802046058,-17.23828631782865,-18.839671670233706,-7.574438405463313,-3.448765918522593,1.9426634308401865e-05,upper,0.1
489,phase2,upper,-15.0,2,-15.000310587699587,-17.23828631782865,-18.839671670233706,-7.574438405463313,-3.448765918522593,2.5173783895284673e-06,upper,0.1
490,phase2,upper,-15.0,2,-15.000070594537089,-17.23828631782865,-18.839671670233706,-7.574438405463313,-3.448765918522593,-1.0844330576940313e-05,upper,0.1
491,phase2,upper,-15.0,2,-14.999880715866176,-17.23828631782865,-18.839671670233706,-7.574438405463313,-3.448765918522593,-2.116335702888019e-05,upper,0.1
492,phase2,upper,-15.0,2,-14.999733663049112,-17.23828631782865,-18.839671670233706,-7.574438405463313,-3.448765918522593,-2.8897554413884096e-05,upper,0.1
493,phase2,lower,-20.0,4,-14.999733663049112,-17.648450860868127,-19.073903953730884,-7.522738785602393,-3.3876035097061403,0.0022408351944949167,upper,0.1
494,phase2,upper,-15.0,2,-14.997580168238416,-17.648450860868127,-19.073903953730884,-7.522738785602393,-3.3876035097061403,0.0010777122545674134,upper,0.1
495,phase2,upper,-15.0,2,-14.996560306555883,-17.648450860868127,-19.073903953730884,-7.522738785602393,-3.3876035097061403,0.00045099119308255394,upper,0.1
496,phase2,upper,-15.0,2,-14.99616642665022,-17.648450860868127,-19.073903953730884,-7.522738785602393,-3.3876035097061403,0.000118875976416805,upper,0.1
497,phase2,upper,-15.0,2,-14.996115946031125,-17.648450860868127,-19.073903953730884,-7.522738785602393,-3.3876035097061403,-5.167227367788361e-05,upper,0.1
498,phase2,upper,-15.0,2,-14.996250728379552,-17.648450860868127,-19.073903953730884,-7.522738785602393,-3.3876035097061403,-0.0001338960759778819,upper,0.1
499,phase2,upper,-15.0,2,-14.996481685565083,-17.648450860868127,-19.073903953730884,-7.522738785602393,-3.3876035097061403,-0.00016814666129906112,upper,0.1
500,phase2,upper,-15.0,2,-14.996758237825489,-17.648450860868127,-19.073903953730884,-7.522738785602393,-3.3876035097061403,-0.00017667147321279007,upper,0.1
501,phase2,upper,-15.0,2,-14.997051442495223,-17.648450860868127,-19.073903953730884,-7.522738785602393,-3.3876035097061403,-0.0001717438561636064,upper,0.1
502,phase2,upper,-15.0,2,-14.997344643142098,-17.648450860868127,-19.073903953730884,-7.522738785602393,-3.3876035097061403,-0.00016013440879394358,upper,0.1
503,phase2,upper,-15.0,2,-14.997628260583769,-17.648450860868127,-19.073903953730884,-7.522738785602393,-3.3876035097061403,-0.0001455718834081957,upper,0.1
504,phase2,upper,-15.0,2,-14.997896868802172,-17.648450860868127,-19.073903953730884,-7.522738785602393,-3.3876035097061403,-0.00013009898825667098,upper,0.1
505,phase2,upper,-15.0,2,-14.998147534688712,-17.648450860868127,-19.073903953730884,-7.522738785602393,-3.3876035097061403,-0.00011482052844075124,upper,0.1
506,phase2,upper,-15.0,2,-14.998378859814814,-17.648450860868127,-19.073903953730884,-7.522738785602393,-3.3876035097061403,-0.00010031721972916571,upper,0.1
507,phase2,upper,-15.0,2,-14.998590414771384,-17.648450860868127,-19.073903953730884,-7.522738785602393,-3.3876035097061403,-8.687539192974076e-05,upper,0.1
508,phase2,upper,-15.0,2,-14.998782395303477,-17.648450860868127,-19.073903953730884,-7.522738785602393,-3.3876035097061403,-7.461515776193531e-05,upper,0.1
509,phase2,upper,-15.0,2,-14.998955405707996,-17.648450860868127,-19.073903953730884,-7.522738785602393,-3.3876035097061403,-6.35624595710926e-05,upper,0.1
510,phase2,upper,-15.0,2,-14.999110316901929,-17.648450860868127,-19.073903953730884,-7.522738785602393,-3.3876035097061403,-5.36899857211635e-05,upper,0.1
511,phase2,upper,-15.0,2,-14.999248169664314,-17.648450860868127,-19.073903953730884,-7.522738785602393,-3.3876035097061403,-4.494072617424427e-05,upper,0.1
512,phase2,upper,-15.0,2,-14.999370106297357,-17.648450860868127,-19.073903953730884,-7.522738785602393,-3.3876035097061403,-3.7241767742154625e-05,upper,0.1
513,phase2,upper,-15.0,2,-14.999477321005111,-17.648450860868127,-19.073903953730884,-7.522738785602393,-3.3876035097061403,-3.051253676220771e-05,upper,0.1
514,phase2,upper,-15.0,2,-14.999571023213075,-17.648450860868127,-19.073903953730884,-7.522738785602393,-3.3876035097061403,-2.4669829621052026e-05,upper,0.1
515,phase2,upper,-15.0,2,-14.999652410256065,-17.648450860868127,-19.073903953730884,-7.522738785602393,-3.3876035097061403,-1.9630942452218995e-05,upper,0.1
516,phase2,upper,-15.0,2,-14.999722647117107,-17.648450860868127,-19.073903953730884,-7.522738785602393,-3.3876035097061403,-1.5315642964437685e-05,upper,0.1
517,phase2,upper,-15.0,2,-14.999782851631382,-17.648450860868127,-19.073903953730884,-7.522738785602393,-3.3876035097061403,-1.1647412334611474e-05,upper,0.1
518,phase2,upper,-15.0,2,-14.9998340840092,-17.648450860868127,-19.073903953730884,-7.522738785602393,-3.3876035097061403,-8.554209497976807e-06,upper,0.1
519,phase2,upper,-15.0,2,-14.999877339808757,-17.648450860868127,-19.073903953730884,-7.522738785602393,-3.3876035097061403,-5.968911387294136e-06,upper,0.1
520,phase2,upper,-15.0,2,-14.999913545673362,-17.648450860868127,-19.073903953730884,-7.522738785602393,-3.3876035097061403,-3.829526325095242e-06,upper,0.1
521,phase2,upper,-15.0,2,-14.999943557277641,-17.648450860868127,-19.073903953730884,-7.522738785602393,-3.3876035097061403,-2.079244945653519e-06,upper,0.1
522,phase2,upper,-15.0,2,-14.999968159024442,-17.648450860868127,-19.073903953730884,-7.522738785602393,-3.3876035097061403,-6.663733225744676e-07,upper,0.1
523,phase2,upper,-15.0,2,-14.999988065110635,-17.648450860868127,-19.073903953730884,-7.522738785602393,-3.3876035097061403,4.5581932338975103e-07,upper,0.1
524,phase2,upper,-15.0,2,-15.000003921642538,-17.648450860868127,-19.073903953730884,-7.522738785602393,-3.3876035097061403,1.329314023912234e-06,upper,0.1
525,phase2,upper,-15.0,2,-15.000016309534137,-17.648450860868127,-19.073903953730884,-7.522738785602393,-3.3876035097061403,1.991597827713689e-06,upper,0.1
526,phase2,upper,-15.0,2,-15.000025747965926,-17.648450860868127,-19.073903953730884,-7.522738785602393,-3.3876035097061403,2.475947244728882e-06,upper,0.1
527,phase2,upper,-15.0,2,-15.00003269822056,-17.648450860868127,-19.073903953730884,-7.522738785602393,-3.3876035097061403,2.8117277714513328e-06,upper,0.1
528,phase2,upper,-15.0,2,-15.000037567744597,-17.648450860868127,-19.073903953730884,-7.522738785602393,-3.3876035097061403,3.0247003376193673e-06,upper,0.1
529,phase2,upper,-15.0,2,-15.000040714314096,-17.648450860868127,-19.073903953730884,-7.522738785602393,-3.3876035097061403,3.1373274856220988e-06,upper,0.1
530,phase2,upper,-15.0,2,-15.000042450206259,-17.648450860868127,-19.073903953730884,-7.522738785602393,-3.3876035097061403,3.1690737118473988e-06,upper,0.1
531,phase2,lower,-20.0,4,-15.000042450206259,-18.040993317988065,-19.274772673908892,-7.459033464366898,-3.3245602507342182,0.006625922625534797,upper,0.1
532,phase2,upper,-15.0,2,-14.994082568103645,-18.040993317988065,-19.274772673908892,-7.459033464366898,-3.3245602507342182,0.003248285936132917,upper,0.1
533,phase2,upper,-15.0,2,-14.991340437881275,-18.040993317988065,-19.274772673908892,-7.459033464366898,-3.3245602507342182,0.0014304565926280453,upper,0.1
534,phase2,upper,-15.0,2,-14.990349862515515,-18.040993317988065,-19.274772673908892,-7.459033464366898,-3.3245602507342182,0.00046785206791039556,upper,0.1
535,phase2,upper,-15.0,2,-14.990299496617993,-18.040993317988065,-19.274772673908892,-7.459033464366898,-3.3245602507342182,-2.6893524534734903e-05,upper,0.1
536,phase2,upper,-15.0,2,-14.990739403867648,-18.040993317988065,-19.274772673908892,-7.459033464366898,-3.3245602507342182,-0.000266779651500683,upper,0.1
537,phase2,upper,-15.0,2,-14.991419570907809,-18.040993317988065,-19.274772673908892,-7.459033464366898,-3.3245602507342182,-0.0003689340313629775,upper,0.1
538,phase2,upper,-15.0,2,-14.99220094849437,-18.040993317988065,-19.274772673908892,-7.459033464366898,-3.3245602507342182,-0.00039775022188352386,upper,0.1
539,phase2,upper,-15.0,2,-14.993006368430681,-18.040993317988065,-19.274772673908892,-7.459033464366898,-3.3245602507342182,-0.0003885991275962531,upper,0.1
540,phase2,upper,-15.0,2,-14.993793395701767,-18.040993317988065,-19.274772673908892,-7.459033464366898,-3.3245602507342182,-0.0003608665945393754,upper,0.1
541,phase2,upper,-15.0,2,-14.994539256998618,-18.040993317988065,-19.274772673908892,-7.459033464366898,-3.3245602507342182,-0.0003251254377124252,upper,0.1
542,phase2,upper,-15.0,2,-14.99523242682367,-18.040993317988065,-19.274772673908892,-7.459033464366898,-3.3245602507342182,-0.0002870836307206868,upper,0.1
543,phase2,upper,-15.0,2,-14.995867891716541,-18.040993317988065,-19.274772673908892,-7.459033464366898,-3.3245602507342182,-0.0002497601080729731,upper,0.1
544,phase2,upper,-15.0,2,-14.996444453407602,-18.040993317988065,-19.274772673908892,-7.459033464366898,-3.3245602507342182,-0.00021468571801811046,upper,0.1
545,phase2,upper,-15.0,2,-14.996963168183802,-18.040993317988065,-19.274772673908892,-7.459033464366898,-3.3245602507342182,-0.00018256761290230274,upper,0.1
546,phase2,upper,-15.0,2,-14.99742642452695,-18.040993317988065,-19.274772673908892,-7.459033464366898,-3.3245602507342182,-0.00015365799057001671,upper,0.1
547,phase2,upper,-15.0,2,-14.997837383632575,-18.040993317988065,-19.274772673908892,-7.459033464366898,-3.3245602507342182,-0.00012795965730075064,upper,0.1
548,phase2,upper,-15.0,2,-14.998199629851102,-18.040993317988065,-19.274772673908892,-7.459033464366898,-3.3245602507342182,-0.0001053412956741034,upper,0.1
549,phase2,upper,-15.0,2,-14.99851694551993,-18.040993317988065,-19.274772673908892,-7.459033464366898,-3.3245602507342182,-8.560257410249381e-05,upper,0.1
550,phase2,upper,-15.0,2,-14.998793161854875,-18.040993317988065,-19.274772673908892,-7.459033464366898,-3.3245602507342182,-6.851123406940601e-05,upper,0.1
551,phase2,upper,-15.0,2,-14.999032058153935,-18.040993317988065,-19.274772673908892,-7.459033464366898,-3.3245602507342182,-5.382439209204519e-05,upper,0.1
552,phase2,upper,-15.0,2,-14.999237293012753,-18.040993317988065,-19.274772673908892,-7.459033464366898,-3.3245602507342182,-4.1300845972852616e-05,upper,0.1
553,phase2,upper,-15.0,2,-14.999412357667211,-18.040993317988065,-19.274772673908892,-7.459033464366898,-3.3245602507342182,-3.0708173766683976e-05,upper,0.1
554,phase2,upper,-15.0,2,-14.999560545220211,-18.040993317988065,-19.274772673908892,-7.459033464366898,-3.3245602507342182,-2.1826757434374794e-05,upper,0.1
555,phase2,upper,-15.0,2,-14.999684931617136,-18.040993317988065,-19.274772673908892,-7.459033464366898,-3.3245602507342182,-1.4451946165508085e-05,upper,0.1
556,phase2,upper,-15.0,2,-14.99978836548873,-18.040993317988065,-19.274772673908892,-7.459033464366898,-3.3245602507342182,-8.3950643029717e-06,upper,0.1
557,phase2,upper,-15.0,2,-14.999873464756162,-18.040993317988065,-19.274772673908892,-7.459033464366898,-3.3245602507342182,-3.4836829862048745e-06,upper,0.1
558,phase2,upper,-15.0,2,-14.99994261839703,-18.040993317988065,-19.274772673908892,-7.459033464366898,-3.3245602507342182,4.3858737801436576e-07,upper,0.1
559,phase2,upper,-15.0,2,-14.999997992117141,-18.040993317988065,-19.274772673908892,-7.459033464366898,-3.3245602507342182,3.512620113687138e-06,upper,0.1
560,phase2,upper,-15.0,2,-15.000041536924044,-18.040993317988065,-19.274772673908892,-7.459033464366898,-3.3245602507342182,5.8645022204395046e-06,upper,0.1
561,phase2,upper,-15.0,2,-15.000074999790076,-18.040993317988065,-19.274772673908892,-7.459033464366898,-3.3245602507342182,7.606396432158117e-06,upper,0.1
562,phase2,upper,-15.0,2,-15.000099935744819,-18.040993317988065,-19.274772673908892,-7.459033464366898,-3.3245602507342182,8.837481991877014e-06,upper,0.1
563,phase2,upper,-15.0,2,-15.000117720861265,-18.040993317988065,-19.274772673908892,-7.459033464366898,-3.3245602507342182,9.644935042138653e-06,upper,0.1
564,phase2,upper,-15.0,2,-15.000129565703443,-18.040993317988065,-19.274772673908892,-7.459033464366898,-3.3245602507342182,1.0104919542814509e-05,upper,0.1
565,phase2,upper,-15.0,2,-15.000136528890119,-18.040993317988065,-19.274772673908892,-7.459033464366898,-3.3245602507342182,1.0283566963078939e-05,upper,0.1
566,phase2,upper,-15.0,2,-15.000139530502642,-18.040993317988065,-19.274772673908892,-7.459033464366898,-3.3245602507342182,1.0237928566566646e-05,upper,0.1
567,phase2,upper,-15.0,2,-15.000139365126785,-18.040993317988065,-19.274772673908892,-7.459033464366898,-3.3245602507342182,1.0016888463740003e-05,upper,0.1
568,phase2,upper,-15.0,2,-15.000136714370612,-18.040993317988065,-19.274772673908892,-7.459033464366898,-3.3245602507342182,9.662029060746432e-06,upper,0.1
569,phase2,upper,-15.0,2,-15.000132158743906,-18.040993317988065,-19.274772673908892,-7.459033464366898,-3.3245602507342182,9.208443308564642e-06,upper,0.1
570,phase2,upper,-15.0,2,-15.000126188820952,-18.040993317988065,-19.274772673908892,-7.459033464366898,-3.3245602507342182,8.685490380455605e-06,upper,0.1
571,phase2,upper,-15.0,2,-15.00011921563821,-18.040993317988065,-19.274772673908892,-7.459033464366898,-3.3245602507342182,8.117493189088487e-06,upper,0.1
572,phase2,upper,-15.0,2,-15.000111580302734,-18.040993317988065,-19.274772673908892,-7.459033464366898,-3.3245602507342182,7.5243775643880875e-06,upper,0.1
573,phase2,upper,-15.0,2,-15.000103562806602,-18.040993317988065,-19.274772673908892,-7.459033464366898,-3.3245602507342182,6.922254019402014e-06,upper,0.1
574,phase2,upper,-15.0,2,-15.000095390058071,-18.040993317988065,-19.274772673908892,-7.459033464366898,-3.3245602507342182,6.32394387539836e-06,upper,0.1
575,phase2,upper,-15.0,2,-15.000087243152008,-18.040993317988065,-19.274772673908892,-7.459033464366898,-3.3245602507342182,5.73945214925918e-06,upper,0.1
576,phase2,upper,-15.0,2,-15.00007926391109,-18.040993317988065,-19.274772673908892,-7.459033464366898,-3.3245602507342182,5.176390054807206e-06,upper,0.1
577,phase2,upper,-15.0,2,-15.000071560735725,-18.040993317988065,-19.274772673908892,-7.459033464366898,-3.3245602507342182,4.640350271014503e-06,upper,0.1
578,phase2,upper,-15.0,2,-15.000064213804992,-18.040993317988065,-19.274772673908892,-7.459033464366898,-3.3245602507342182,4.135238310457957e-06,upper,0.1
579,phase2,upper,-15.0,2,-15.000057279673602,-18.040993317988065,-19.274772673908892,-7.459033464366898,-3.3245602507342182,3.663563399979677e-06,upper,0.1
580,phase2,upper,-15.0,2,-15.000050795311141,-18.040993317988065,-19.274772673908892,-7.459033464366898,-3.3245602507342182,3.226692288060465e-06,upper,0.1
581,phase2,upper,-15.0,2,-15.000044781630042,-18.040993317988065,-19.274772673908892,-7.459033464366898,-3.3245602507342182,2.825069331773e-06,upper,0.1
582,phase2,upper,-15.0,2,-15.000039246548024,-18.040993317988065,-19.274772673908892,-7.459033464366898,-3.3245602507342182,2.4584061081406678e-06,upper,0.1
583,phase2,upper,-15.0,2,-15.000034187629373,-18.040993317988065,-19.274772673908892,-7.459033464366898,-3.3245602507342182,2.125843649936144e-06,upper,0.1
584,phase2,upper,-15.0,2,-15.000029594347515,-18.040993317988065,-19.274772673908892,-7.459033464366898,-3.3245602507342182,1.826090238104688e-06,upper,0.1
585,phase2,upper,-15.0,2,-15.000025450009117,-18.040993317988065,-19.274772673908892,-7.459033464366898,-3.3245602507342182,1.5575374956724132e-06,upper,0.1
586,phase2,upper,-15.0,2,-15.00002173337744,-18.040993317988065,-19.274772673908892,-7.459033464366898,-3.3245602507342182,1.3183573327841079e-06,upper,0.1
587,phase2,upper,-15.0,2,-15.000018420030026,-18.040993317988065,-19.274772673908892,-7.459033464366898,-3.3245602507342182,1.1065820928839805e-06,upper,0.1
588,phase2,upper,-15.0,2,-15.000015483483066,-18.040993317988065,-19.274772673908892,-7.459033464366898,-3.3245602507342182,9.201700494356551e-07,upper,0.1
589,phase2,upper,-15.0,2,-15.000012896112153,-18.040993317988065,-19.274772673908892,-7.459033464366898,-3.3245602507342182,7.570582081176435e-07,upper,0.1
590,phase2,lower,-20.0,4,-15.000012896112153,-18.41437057222776,-19.444010318617885,-7.38462928031023,-3.260303645007334,0.0105817035858306,upper,0.1
591,phase2,upper,-15.0,2,-14.99048777802149,-18.41437057222776,-19.444010318617885,-7.38462928031023,-3.260303645007334,0.005185279002714181,upper,0.1
592,phase2,upper,-15.0,2,-14.986105293272699,-18.41437057222776,-19.444010318617885,-7.38462928031023,-3.260303645007334,0.0022810040238032472,upper,0.1
593,phase2,upper,-15.0,2,-14.984522602678604,-18.41437057222776,-19.444010318617885,-7.38462928031023,-3.260303645007334,0.0007431699423040443,upper,0.1
594,phase2,upper,-15.0,2,-14.984443150080045,-18.41437057222776,-19.444010318617885,-7.38462928031023,-3.260303645007334,-4.7122616456482134e-05,upper,0.1
595,phase2,upper,-15.0,2,-14.985147834085561,-18.41437057222776,-19.444010318617885,-7.38462928031023,-3.260303645007334,-0.0004301909510988053,upper,0.1
596,phase2,upper,-15.0,2,-14.986237002439239,-18.41437057222776,-19.444010318617885,-7.38462928031023,-3.260303645007334,-0.0005931788586795937,upper,0.1
597,phase2,upper,-15.0,2,-14.987488321019104,-18.41437057222776,-19.444010318617885,-7.38462928031023,-3.260303645007334,-0.0006389763829410328,upper,0.1
598,phase2,upper,-15.0,2,-14.988778351351208,-18.41437057222776,-19.444010318617885,-7.38462928031023,-3.260303645007334,-0.0006241031541969159,upper,0.1
599,phase2,upper,-15.0,2,-14.990039173580282,-18.41437057222776,-19.444010318617885,-7.38462928031023,-3.260303645007334,-0.0005795383598936208,upper,0.1
600,phase2,upper,-15.0,2,-14.991234303811286,-18.41437057222776,-19.444010318617885,-7.38462928031023,-3.260303645007334,-0.0005221794753004854,upper,0.1
601,phase2,upper,-15.0,2,-14.992345248367307,-18.41437057222776,-19.444010318617885,-7.38462928031023,-3.260303645007334,-0.00046115035601603785,upper,0.1
602,phase2,upper,-15.0,2,-14.99336393476814,-18.41437057222776,-19.444010318617885,-7.38462928031023,-3.260303645007334,-0.00040127762619103795,upper,0.1
603,phase2,upper,-15.0,2,-14.994288400531932,-18.41437057222776,-19.444010318617885,-7.38462928031023,-3.260303645007334,-0.00034500956276960724,upper,0.1
604,phase2,upper,-15.0,2,-14.995120297544318,-18.41437057222776,-19.444010318617885,-7.38462928031023,-3.260303645007334,-0.0002934777132687274,upper,0.1
605,phase2,upper,-15.0,2,-14.99586341643442,-18.41437057222776,-19.444010318617885,-7.38462928031023,-3.260303645007334,-0.0002470861478377653,upper,0.1
606,phase2,upper,-15.0,2,-14.9965227909539,-18.41437057222776,-19.444010318617885,-7.38462928031023,-3.260303645007334,-0.00020583999062951893,upper,0.1
607,phase2,upper,-15.0,2,-14.997104137962905,-18.41437057222776,-19.444010318617885,-7.38462928031023,-3.260303645007334,-0.0001695296752219567,upper,0.1
608,phase2,upper,-15.0,2,-14.997613496352741,-18.41437057222776,-19.444010318617885,-7.38462928031023,-3.260303645007334,-0.0001378350505793496,upper,0.1
609,phase2,upper,-15.0,2,-14.998056987668528,-18.41437057222776,-19.444010318617885,-7.38462928031023,-3.260303645007334,-0.00011038470487764645,upper,0.1
610,phase2,upper,-15.0,2,-14.998440654083035,-18.41437057222776,-19.444010318617885,-7.38462928031023,-3.260303645007334,-8.67900591236456e-05,upper,0.1
611,phase2,upper,-15.0,2,-14.998770347661488,-18.41437057222776,-19.444010318617885,-7.38462928031023,-3.260303645007334,-6.666507920792101e-05,upper,0.1
612,phase2,upper,-15.0,2,-14.99905165510872,-18.41437057222776,-19.444010318617885,-7.38462928031023,-3.260303645007334,-4.963766013203909e-05,upper,0.1
613,phase2,upper,-15.0,2,-14.999289848009493,-18.41437057222776,-19.444010318617885,-7.38462928031023,-3.260303645007334,-3.5356089604143676e-05,upper,0.1
614,phase2,upper,-15.0,2,-14.999489851940728,-18.41437057222776,-19.444010318617885,-7.38462928031023,-3.260303645007334,-2.3492533067898482e-05,upper,0.1
615,phase2,upper,-15.0,2,-14.999656229839616,-18.41437057222776,-19.444010318617885,-7.38462928031023,-3.260303645007334,-1.3744667260086834e-05,upper,0.1
616,phase2,upper,-15.0,2,-14.999793176252366,-18.41437057222776,-19.444010318617885,-7.38462928031023,-3.260303645007334,-5.836132669423546e-06,upper,0.1
617,phase2,upper,-15.0,2,-14.99990451989486,-18.41437057222776,-19.444010318617885,-7.38462928031023,-3.260303645007334,4.837836412111956e-07,upper,0.1
618,phase2,upper,-15.0,2,-14.999993732510275,-18.41437057222776,-19.444010318617885,-7.38462928031023,-3.260303645007334,5.440972692191006e-06,upper,0.1
619,phase2,upper,-15.0,2,-15.000063942411172,-18.41437057222776,-19.444010318617885,-7.38462928031023,-3.260303645007334,9.237661796308889e-06,upper,0.1
620,phase2,upper,-15.0,2,-15.000117951400734,-18.41437057222776,-19.444010318617885,-7.38462928031023,-3.260303645007334,1.2053786281321561e-05,upper,0.1
621,phase2,upper,-15.0,2,-15.000158254011879,-18.41437057222776,-19.444010318617885,-7.38462928031023,-3.260303645007334,1.4048488991725185e-05,upper,0.1
622,phase2,upper,-15.0,2,-15.000187058202556,-18.41437057222776,-19.444010318617885,-7.38462928031023,-3.260303645007334,1.5361684731462046e-05,upper,0.1
623,phase2,upper,-15.0,2,-15.000206306811426,-18.41437057222776,-19.444010318617885,-7.38462928031023,-3.260303645007334,1.611564285676299e-05,upper,0.1
624,phase2,upper,-15.0,2,-15.0002176992178,-18.41437057222776,-19.444010318617885,-7.38462928031023,-3.260303645007334,1.6416552987608883e-05,upper,0.1
625,phase2,upper,-15.0,2,-15.000222712767401,-18.41437057222776,-19.444010318617885,-7.38462928031023,-3.260303645007334,1.6356047754171024e-05,upper,0.1
626,phase2,upper,-15.0,2,-15.000222623625087,-18.41437057222776,-19.444010318617885,-7.38462928031023,-3.260303645007334,1.6012663481256506e-05,upper,0.1
627,phase2,upper,-15.0,2,-15.000218526799216,-18.41437057222776,-19.444010318617885,-7.38462928031023,-3.260303645007334,1.54532252721511e-05,upper,0.1
628,phase2,upper,-15.0,2,-15.00021135515257,-18.41437057222776,-19.444010318617885,-7.38462928031023,-3.260303645007334,1.4734147408661236e-05,upper,0.1
629,phase2,upper,-15.0,2,-15.000201897272785,-18.41437057222776,-19.444010318617885,-7.38462928031023,-3.260303645007334,1.3902643566870246e-05,upper,0.1
630,phase2,upper,-15.0,2,-15.000190814123362,-18.41437057222776,-19.444010318617885,-7.38462928031023,-3.260303645007334,1.2997844212321444e-05,upper,0.1
631,phase2,upper,-15.0,2,-15.000178654435254,-18.41437057222776,-19.444010318617885,-7.38462928031023,-3.260303645007334,1.2051820816481707e-05,upper,0.1
632,phase2,upper,-15.0,2,-15.000165868830463,-18.41437057222776,-19.444010318617885,-7.38462928031023,-3.260303645007334,1.1090518312548497e-05,upper,0.1
633,phase2,upper,-15.0,2,-15.000152822693861,-18.41437057222776,-19.444010318617885,-7.38462928031023,-3.260303645007334,1.0134598576258678e-05,upper,0.1
634,phase2,upper,-15.0,2,-15.000139807828644,-18.41437057222776,-19.444010318617885,-7.38462928031023,-3.260303645007334,9.200198733287964e-06,upper,0.1
635,phase2,upper,-15.0,2,-15.00012705294519,-18.41437057222776,-19.444010318617885,-7.38462928031023,-3.260303645007334,8.299608825340286e-06,upper,0.1
636,phase2,upper,-15.0,2,-15.000114733043631,-18.41437057222776,-19.444010318617885,-7.38462928031023,-3.260303645007334,7.4418738545128845e-06,upper,0.1
637,phase2,upper,-15.0,2,-15.000102977757406,-18.41437057222776,-19.444010318617885,-7.38462928031023,-3.260303645007334,6.6333255196138215e-06,upper,0.1
638,phase2,upper,-15.0,2,-15.000091878729597,-18.41437057222776,-19.444010318617885,-7.38462928031023,-3.260303645007334,5.878049091173932e-06,upper,0.1
639,phase2,upper,-15.0,2,-15.000081496095817,-18.41437057222776,-19.444010318617885,-7.38462928031023,-3.260303645007334,5.178290878765299e-06,upper,0.1
640,phase2,upper,-15.0,2,-15.000071864147857,-18.41437057222776,-19.444010318617885,-7.38462928031023,-3.260303645007334,4.534811649965383e-06,upper,0.1
641,phase2,upper,-15.0,2,-15.000062996251208,-18.41437057222776,-19.444010318617885,-7.38462928031023,-3.260303645007334,3.947191189342713e-06,upper,0.1
642,phase2,upper,-15.0,2,-15.000054889087354,-18.41437057222776,-19.444010318617885,-7.38462928031023,-3.260303645007334,3.414088958537483e-06,upper,0.1
643,phase2,upper,-15.0,2,-15.000047526288837,-18.41437057222776,-19.444010318617885,-7.38462928031023,-3.260303645007334,2.9334655493943928e-06,upper,0.1
644,phase2,upper,-15.0,2,-15.00004088153141,-18.41437057222776,-19.444010318617885,-7.38462928031023,-3.260303645007334,2.5027693253247427e-06,upper,0.1
645,phase2,upper,-15.0,2,-15.000034921143714,-18.41437057222776,-19.444010318617885,-7.38462928031023,-3.260303645007334,2.1190923344520976e-06,upper,0.1
646,phase2,upper,-15.0,2,-15.000029606290655,-18.41437057222776,-19.444010318617885,-7.38462928031023,-3.260303645007334,1.7792992590910493e-06,upper,0.1
647,phase2,upper,-15.0,2,-15.000024894782321,-18.41437057222776,-19.444010318617885,-7.38462928031023,-3.260303645007334,1.4801328466574434e-06,upper,0.1
648,phase2,upper,-15.0,2,-15.00002074255598,-18.41437057222776,-19.444010318617885,-7.38462928031023,-3.260303645007334,1.2182989543956233e-06,upper,0.1
649,phase2,upper,-15.0,2,-15.00001710487438,-18.41437057222776,-19.444010318617885,-7.38462928031023,-3.260303645007334,9.905340382353639e-07,upper,0.1
650,phase2,lower,-20.0,4,-15.00001710487438,-18.76733365538614,-19.58337186390321,-7.300803183126895,-3.1954410147962915,0.014123093791571575,upper,0.1
651,phase2,upper,-15.0,2,-14.987304044347704,-18.76733365538614,-19.58337186390321,-7.300803183126895,-3.1954410147962915,0.0069206242538180016,upper,0.1
652,phase2,upper,-15.0,2,-14.981454752656402,-18.76733365538614,-19.58337186390321,-7.300803183126895,-3.1954410147962915,0.003044361527144117,upper,0.1
653,phase2,lower,-20.0,4,-14.981454752656402,-19.096197550863415,-19.692730079693437,-7.207468170620376,-3.129592977800315,0.017988513623269906,upper,0.1
654,phase2,upper,-15.0,2,-14.965892563210245,-19.096197550863415,-19.692730079693437,-7.207468170620376,-3.129592977800315,0.008314486808425139,upper,0.1
655,phase2,upper,-15.0,2,-14.959599587441755,-19.096197550863415,-19.692730079693437,-7.207468170620376,-3.129592977800315,0.0031579810447540523,upper,0.1
656,phase2,upper,-15.0,2,-14.95830715158417,-19.096197550863415,-19.692730079693437,-7.207468170620376,-3.129592977800315,0.0004748755726246808,upper,0.1
657,phase2,upper,-15.0,2,-14.959650674019988,-19.096197550863415,-19.692730079693437,-7.207468170620376,-3.129592977800315,-0.0008587144812826209,upper,0.1
658,phase2,upper,-15.0,2,-14.962317810120886,-19.096197550863415,-19.692730079693437,-7.207468170620376,-3.129592977800315,-0.0014607634991318022,upper,0.1
659,phase2,upper,-15.0,2,-14.965579385605935,-19.096197550863415,-19.692730079693437,-7.207468170620376,-3.129592977800315,-0.0016710198607232537,upper,0.1
660,phase2,upper,-15.0,2,-14.969030761418631,-19.096197550863415,-19.692730079693437,-7.207468170620376,-3.129592977800315,-0.0016761469491521483,upper,0.1
661,phase2,upper,-15.0,2,-14.972448929995334,-19.096197550863415,-19.692730079693437,-7.207468170620376,-3.129592977800315,-0.001578521893503702,upper,0.1
662,phase2,upper,-15.0,2,-14.975713305356352,-19.096197550863415,-19.692730079693437,-7.207468170620376,-3.129592977800315,-0.0014340743188388989,upper,0.1
663,phase2,upper,-15.0,2,-14.978761607430458,-19.096197550863415,-19.692730079693437,-7.207468170620376,-3.129592977800315,-0.0012731100886969916,upper,0.1
664,phase2,upper,-15.0,2,-14.981565117749886,-19.096197550863415,-19.692730079693437,-7.207468170620376,-3.129592977800315,-0.001111781708983709,upper,0.1
665,phase2,upper,-15.0,2,-14.984114658436422,-19.096197550863415,-19.692730079693437,-7.207468170620376,-3.129592977800315,-0.000958415161544895,upper,0.1
666,phase2,upper,-15.0,2,-14.986412533819939,-19.096197550863415,-19.692730079693437,-7.207468170620376,-3.129592977800315,-0.0008170065196328766,upper,0.1
667,phase2,upper,-15.0,2,-14.988467810431313,-19.096197550863415,-19.692730079693437,-7.207468170620376,-3.129592977800315,-0.0006891598130884619,upper,0.1
668,phase2,upper,-15.0,2,-14.990293485553908,-19.096197550863415,-19.692730079693437,-7.207468170620376,-3.129592977800315,-0.0005751651793006038,upper,0.1
669,phase2,upper,-15.0,2,-14.991904740473515,-19.096197550863415,-19.692730079693437,-7.207468170620376,-3.129592977800315,-0.0004746018079987013,upper,0.1
670,phase2,upper,-15.0,2,-14.993317830160896,-19.096197550863415,-19.692730079693437,-7.207468170620376,-3.129592977800315,-0.00038667734629752065,upper,0.1
671,phase2,upper,-15.0,2,-14.994549357164784,-19.096197550863415,-19.692730079693437,-7.207468170620376,-3.129592977800315,-0.0003104204295591404,upper,0.1
672,phase2,upper,-15.0,2,-14.995615785844793,-19.096197550863415,-19.692730079693437,-7.207468170620376,-3.129592977800315,-0.00024479076913386054,upper,0.1
673,phase2,upper,-15.0,2,-14.996533113206414,-19.096197550863415,-19.692730079693437,-7.207468170620376,-3.129592977800315,-0.00018874249128567785,upper,0.1
674,phase2,upper,-15.0,2,-14.997316646197952,-19.096197550863415,-19.692730079693437,-7.207468170620376,-3.129592977800315,-0.00014126059709331502,upper,0.1
675,phase2,upper,-15.0,2,-14.997980854303746,-19.096197550863415,-19.692730079693437,-7.207468170620376,-3.129592977800315,-0.00010138168548037675,upper,0.1
676,phase2,upper,-15.0,2,-14.998539277163651,-19.096197550863415,-19.692730079693437,-7.207468170620376,-3.129592977800315,-6.820525590543015e-05,upper,0.1
677,phase2,upper,-15.0,2,-14.99900447336206,-19.096197550863415,-19.692730079693437,-7.207468170620376,-3.129592977800315,-4.0899228355745936e-05,upper,0.1
678,phase2,upper,-15.0,2,-14.999388000438147,-19.096197550863415,-19.692730079693437,-7.207468170620376,-3.129592977800315,-1.8701821681477683e-05,upper,0.1
679,phase2,upper,-15.0,2,-14.999700418661133,-19.096197550863415,-19.692730079693437,-7.207468170620376,-3.129592977800315,-9.210869669606106e-07,upper,0.1
680,phase2,upper,-15.0,2,-14.999951312790369,-19.096197550863415,-19.692730079693437,-7.207468170620376,-3.129592977800315,1.3067090807029392e-05,upper,0.1
681,phase2,upper,-15.0,2,-15.000149327232531,-19.096197550863415,-19.692730079693437,-7.207468170620376,-3.129592977800315,2.3821992356506066e-05,upper,0.1
682,phase2,upper,-15.0,2,-15.000302210902314,-19.096197550863415,-19.692730079693437,-7.207468170620376,-3.129592977800315,3.184170489199099e-05,upper,0.1
683,phase2,lower,-20.0,4,-15.000302210902314,-19.405822146212014,-19.77779020679046,-7.108589002396427,-3.065266895554782,0.019950843918288372,upper,0.1
684,phase2,upper,-15.0,2,-14.982489766801143,-19.405822146212014,-19.77779020679046,-7.108589002396427,-3.065266895554782,0.00979787823530682,upper,0.1
685,phase2,upper,-15.0,2,-14.974325848922852,-19.405822146212014,-19.77779020679046,-7.108589002396427,-3.065266895554782,0.004334528867348324,upper,0.1
686,phase2,upper,-15.0,2,-14.971405418671774,-19.405822146212014,-19.77779020679046,-7.108589002396427,-3.065266895554782,0.001441952728344345,upper,0.1
687,phase2,upper,-15.0,2,-14.97129242902478,-19.405822146212014,-19.77779020679046,-7.108589002396427,-3.065266895554782,-4.465150019174245e-05,upper,0.1
688,phase2,upper,-15.0,2,-14.972637296889543,-19.405822146212014,-19.77779020679046,-7.108589002396427,-3.065266895554782,-0.0007656850280375262,upper,0.1
689,phase2,upper,-15.0,2,-14.974691255146588,-19.405822146212014,-19.77779020679046,-7.108589002396427,-3.065266895554782,-0.0010732310011890088,upper,0.1
690,phase2,upper,-15.0,2,-14.977038840695215,-19.405822146212014,-19.77779020679046,-7.108589002396427,-3.065266895554782,-0.0011607945479048863,upper,0.1
691,phase2,upper,-15.0,2,-14.97945031341436,-19.405822146212014,-19.77779020679046,-7.108589002396427,-3.065266895554782,-0.0011346159212741614,upper,0.1
692,phase2,upper,-15.0,2,-14.981800046440489,-19.405822146212014,-19.77779020679046,-7.108589002396427,-3.065266895554782,-0.0010528803162651722,upper,0.1
693,phase2,upper,-15.0,2,-14.984021235543514,-19.405822146212014,-19.77779020679046,-7.108589002396427,-3.065266895554782,-0.0009472862481005234,upper,0.1
694,phase2,upper,-15.0,2,-14.986080629502665,-19.405822146212014,-19.77779020679046,-7.108589002396427,-3.065266895554782,-0.0008349179250363187,upper,0.1
695,phase2,upper,-15.0,2,-14.98796432020082,-19.405822146212014,-19.77779020679046,-7.108589002396427,-3.065266895554782,-0.0007247870872817382,upper,0.1
696,phase2,upper,-15.0,2,-14.989669662296143,-19.405822146212014,-19.77779020679046,-7.108589002396427,-3.065266895554782,-0.0006214430322343206,upper,0.1
697,phase2,upper,-15.0,2,-14.991200607455555,-19.405822146212014,-19.77779020679046,-7.108589002396427,-3.065266895554782,-0.0005269690381743284,upper,0.1
698,phase2,upper,-15.0,2,-14.992564955603022,-19.405822146212014,-19.77779020679046,-7.108589002396427,-3.065266895554782,-0.00044208976385876704,upper,0.1
699,phase2,upper,-15.0,2,-14.993772695014751,-19.405822146212014,-19.77779020679046,-7.108589002396427,-3.065266895554782,-0.00036678804001704453,upper,0.1
700,phase2,upper,-15.0,2,-14.994834971353374,-19.405822146212014,-19.77779020679046,-7.108589002396427,-3.065266895554782,-0.00030065024993126667,upper,0.1
701,phase2,upper,-15.0,2,-14.995763428544938,-19.405822146212014,-19.77779020679046,-7.108589002396427,-3.065266895554782,-0.0002430610048686851,upper,0.1
702,phase2,upper,-15.0,2,-14.996569776295438,-19.405822146212014,-19.77779020679046,-7.108589002396427,-3.065266895554782,-0.00019331367988683495,upper,0.1
703,phase2,upper,-15.0,2,-14.997265500958495,-19.405822146212014,-19.77779020679046,-7.108589002396427,-3.065266895554782,-0.00015067360267708292,upper,0.1
704,phase2,upper,-15.0,2,-14.997861670893002,-19.405822146212014,-19.77779020679046,-7.108589002396427,-3.065266895554782,-0.00011441430426812927,upper,0.1
705,phase2,upper,-15.0,2,-14.998368806743352,-19.405822146212014,-19.77779020679046,-7.108589002396427,-3.065266895554782,-8.38382144156397e-05,upper,0.1
706,phase2,upper,-15.0,2,-14.998796798022752,-19.405822146212014,-19.77779020679046,-7.108589002396427,-3.065266895554782,-5.828820298473858e-05,upper,0.1
707,phase2,lower,-20.0,4,-14.998796798022752,-19.693071411652546,-19.838449945554554,-7.003994260636073,-3.0018867373612466,0.02228848247402145,upper,0.1
708,phase2,upper,-15.0,2,-14.979042760101985,-19.693071411652546,-19.838449945554554,-7.003994260636073,-3.0018867373612466,0.010912764020479755,upper,0.1
709,phase2,upper,-15.0,2,-14.970087821675063,-19.693071411652546,-19.838449945554554,-7.003994260636073,-3.0018867373612466,0.00479652660033059,upper,0.1
710,phase2,upper,-15.0,2,-14.966991800943678,-19.693071411652546,-19.838449945554554,-7.003994260636073,-3.0018867373612466,0.0015628094732159827,upper,0.1
711,phase2,upper,-15.0,2,-14.967023546023013,-19.693071411652546,-19.838449945554554,-7.003994260636073,-3.0018867373612466,-9.502470534325015e-05,upper,0.1
712,phase2,upper,-15.0,2,-14.968670798375685,-19.693071411652546,-19.838449945554554,-7.003994260636073,-3.0018867373612466,-0.0008953000143200069,upper,0.1
713,phase2,upper,-15.0,2,-14.971095318068773,-19.693071411652546,-19.838449945554554,-7.003994260636073,-3.0018867373612466,-0.0012328855845283196,upper,0.1
714,phase2,upper,-15.0,2,-14.973832739996231,-19.693071411652546,-19.838449945554554,-7.003994260636073,-3.0018867373612466,-0.001324750153231345,upper,0.1
715,phase2,upper,-15.0,2,-14.976626985236113,-19.693071411652546,-19.838449945554554,-7.003994260636073,-3.0018867373612466,-0.0012899680660189328,upper,0.1
716,phase2,upper,-15.0,2,-14.97933869011576,-19.693071411652546,-19.838449945554554,-7.003994260636073,-3.0018867373612466,-0.001193708769445086,upper,0.1
717,phase2,upper,-15.0,2,-14.981894385722049,-19.693071411652546,-19.838449945554554,-7.003994260636073,-3.0018867373612466,-0.0010714343993143837,upper,0.1
718,phase2,upper,-15.0,2,-14.984258142472802,-19.693071411652546,-19.838449945554554,-7.003994260636073,-3.0018867373612466,-0.0009422193627793113,upper,0.1
719,phase2,upper,-15.0,2,-14.986415625522763,-19.693071411652546,-19.838449945554554,-7.003994260636073,-3.0018867373612466,-0.0008160895074663044,upper,0.1
720,phase2,upper,-15.0,2,-14.988365029342562,-19.693071411652546,-19.838449945554554,-7.003994260636073,-3.0018867373612466,-0.0006980719992984463,upper,0.1
721,phase2,upper,-15.0,2,-14.990111845008569,-19.693071411652546,-19.838449945554554,-7.003994260636073,-3.0018867373612466,-0.0005904348213820352,upper,0.1
722,phase2,upper,-15.0,2,-14.991665779677115,-19.693071411652546,-19.838449945554554,-7.003994260636073,-3.0018867373612466,-0.0004939288125829183,upper,0.1
723,phase2,upper,-15.0,2,-14.993038898751509,-19.693071411652546,-19.838449945554554,-7.003994260636073,-3.0018867373612466,-0.0004084792449758988,upper,0.1
724,phase2,upper,-15.0,2,-14.994244474456595,-19.693071411652546,-19.838449945554554,-7.003994260636073,-3.0018867373612466,-0.00033357287287818843,upper,0.1
725,phase2,upper,-15.0,2,-14.995296252121125,-19.693071411652546,-19.838449945554554,-7.003994260636073,-3.0018867373612466,-0.0002684758869077332,upper,0.1
726,phase2,upper,-15.0,2,-14.996207971046495,-19.693071411652546,-19.838449945554554,-7.003994260636073,-3.0018867373612466,-0.00021235746450742332,upper,0.1
727,phase2,upper,-15.0,2,-14.996993046343048,-19.693071411652546,-19.838449945554554,-7.003994260636073,-3.0018867373612466,-0.00016436020414914624,upper,0.1
728,phase2,upper,-15.0,2,-14.997664356774193,-19.693071411652546,-19.838449945554554,-7.003994260636073,-3.0018867373612466,-0.00012364034747479612,upper,0.1
729,phase2,upper,-15.0,2,-14.998234105324586,-19.693071411652546,-19.838449945554554,-7.003994260636073,-3.0018867373612466,-8.939056564702744e-05,upper,0.1
730,phase2,upper,-15.0,2,-14.998713731517094,-19.693071411652546,-19.838449945554554,-7.003994260636073,-3.0018867373612466,-6.08524959211952e-05,upper,0.1
731,phase2,upper,-15.0,2,-14.999113861628098,-19.693071411652546,-19.838449945554554,-7.003994260636073,-3.0018867373612466,-3.732311966786319e-05,upper,0.1
732,phase2,upper,-15.0,2,-14.999444287192324,-19.693071411652546,-19.838449945554554,-7.003994260636073,-3.0018867373612466,-1.8157351707100668e-05,upper,0.1
733,phase2,upper,-15.0,2,-14.999713964811994,-19.693071411652546,-19.838449945554554,-7.003994260636073,-3.0018867373612466,-2.7682462847019538e-06,upper,0.1
734,phase2,upper,-15.0,2,-14.999931031987822,-19.693071411652546,-19.838449945554554,-7.003994260636073,-3.0018867373612466,9.374321555823915e-06,upper,0.1
735,phase2,upper,-15.0,2,-15.000102834856353,-19.693071411652546,-19.838449945554554,-7.003994260636073,-3.0018867373612466,1.8745955410808543e-05,upper,0.1
736,phase2,upper,-15.0,2,-15.000235964563096,-19.693071411652546,-19.838449945554554,-7.003994260636073,-3.0018867373612466,2.577065983702074e-05,upper,0.1
737,phase2,upper,-15.0,2,-15.000336299643564,-19.693071411652546,-19.838449945554554,-7.003994260636073,-3.0018867373612466,3.082414090191637e-05,upper,0.1
738,phase2,upper,-15.0,2,-15.000409052292602,-19.693071411652546,-19.838449945554554,-7.003994260636073,-3.0018867373612466,3.4237312175220926e-05,upper,0.1
739,phase2,upper,-15.0,2,-15.000458816815838,-19.693071411652546,-19.838449945554554,-7.003994260636073,-3.0018867373612466,3.629988112145571e-05,upper,0.1
740,phase2,upper,-15.0,2,-15.0004896188995,-19.693071411652546,-19.838449945554554,-7.003994260636073,-3.0018867373612466,3.726392412514664e-05,upper,0.1
741,phase2,upper,-15.0,2,-15.000504964621129,-19.693071411652546,-19.838449945554554,-7.003994260636073,-3.0018867373612466,3.734738260690455e-05,upper,0.1
742,phase2,upper,-15.0,2,-15.000507888364252,-19.693071411652546,-19.838449945554554,-7.003994260636073,-3.0018867373612466,3.6737430983393915e-05,upper,0.1
743,phase2,upper,-15.0,2,-15.000500999001922,-19.693071411652546,-19.838449945554554,-7.003994260636073,-3.0018867373612466,3.559368140940744e-05,upper,0.1
744,phase2,upper,-15.0,2,-15.000486523882882,-19.693071411652546,-19.838449945554554,-7.003994260636073,-3.0018867373612466,3.40512014288073e-05,upper,0.1
745,phase2,upper,-15.0,2,-15.000466350294603,-19.693071411652546,-19.838449945554554,-7.003994260636073,-3.0018867373612466,3.222332955710354e-05,upper,0.1
746,phase2,upper,-15.0,2,-15.000442064193328,-19.693071411652546,-19.838449945554554,-7.003994260636073,-3.0018867373612466,3.0204280900376192e-05,upper,0.1
747,phase2,lower,-20.0,4,-15.000442064193328,-19.957582081189937,-19.876410568781093,-6.894737539018663,-2.939808981993752,0.02430366561190295,upper,0.1
748,phase2,upper,-15.0,2,-14.978568870888001,-19.957582081189937,-19.876410568781093,-6.894737539018663,-2.939808981993752,0.011922067592717009,upper,0.1
749,phase2,upper,-15.0,2,-14.968490875835577,-19.957582081189937,-19.876410568781093,-6.894737539018663,-2.939808981993752,0.0052575471673633745,upper,0.1
750,phase2,upper,-15.0,2,-14.964834383501978,-19.957582081189937,-19.876410568781093,-6.894737539018663,-2.939808981993752,0.00172770139760797,upper,0.1
751,phase2,upper,-15.0,2,-14.964625770456077,-19.957582081189937,-19.876410568781093,-6.894737539018663,-2.939808981993752,-8.7226171037601e-05,upper,0.1
752,phase2,upper,-15.0,2,-14.966215983274004,-19.957582081189937,-19.876410568781093,-6.894737539018663,-2.939808981993752,-0.0009679138763665728,upper,0.1
753,phase2,upper,-15.0,2,-14.96868867651288,-19.957582081189937,-19.876410568781093,-6.894737539018663,-2.939808981993752,-0.001343656933686441,upper,0.1
754,phase2,upper,-15.0,2,-14.971534173256167,-19.957582081189937,-19.876410568781093,-6.894737539018663,-2.939808981993752,-0.001450473106852847,upper,0.1
755,phase2,upper,-15.0,2,-14.974469575500951,-19.957582081189937,-19.876410568781093,-6.894737539018663,-2.939808981993752,-0.0014180087442974484,upper,0.1
756,phase2,upper,-15.0,2,-14.977339269387377,-19.957582081189937,-19.876410568781093,-6.894737539018663,-2.939808981993752,-0.0013173232781869416,upper,0.1
757,phase2,upper,-15.0,2,-14.980059691282335,-19.957582081189937,-19.876410568781093,-6.894737539018663,-2.939808981993752,-0.0011871755396773097,upper,0.1
758,phase2,lower,-20.0,4,-14.980059691282335,-20.20053338793476,-19.894299555559808,-6.782478914341056,-2.8798089744721236,0.025653576710453888,upper,0.1
759,phase2,upper,-15.0,2,-14.958431817011716,-20.20053338793476,-19.894299555559808,-6.782478914341056,-2.8798089744721236,0.01210347435578353,upper,0.1
760,phase2,upper,-15.0,2,-14.94963844487366,-20.20053338793476,-19.894299555559808,-6.782478914341056,-2.8798089744721236,0.004872634875078722,upper,0.1
761,phase2,upper,-15.0,2,-14.947732046328415,-20.20053338793476,-19.894299555559808,-6.782478914341056,-2.8798089744721236,0.0010998519908076458,upper,0.1
762,phase2,upper,-15.0,2,-14.949427466770182,-20.20053338793476,-19.894299555559808,-6.782478914341056,-2.8798089744721236,-0.00078743528363736,upper,0.1
763,phase2,upper,-15.0,2,-14.952909266608021,-20.20053338793476,-19.894299555559808,-6.782478914341056,-2.8798089744721236,-0.0016534395584458495,upper,0.1
764,phase2,upper,-15.0,2,-14.957175187174546,-20.20053338793476,-19.894299555559808,-6.782478914341056,-2.8798089744721236,-0.0019729031386447947,upper,0.1
765,phase2,upper,-15.0,2,-14.961674325710332,-20.20053338793476,-19.894299555559808,-6.782478914341056,-2.8798089744721236,-0.002006349608709066,upper,0.1
766,phase2,upper,-15.0,2,-14.966107375864684,-20.20053338793476,-19.894299555559808,-6.782478914341056,-2.8798089744721236,-0.0018964213413713194,upper,0.1
767,phase2,upper,-15.0,2,-14.970316046839267,-20.20053338793476,-19.894299555559808,-6.782478914341056,-2.8798089744721236,-0.001720854922270143,upper,0.1
768,phase2,upper,-15.0,2,-14.974221603626043,-20.20053338793476,-19.894299555559808,-6.782478914341056,-2.8798089744721236,-0.0015216266446284054,upper,0.1
769,phase2,upper,-15.0,2,-14.977790507198932,-20.20053338793476,-19.894299555559808,-6.782478914341056,-2.8798089744721236,-0.001320999383741481,upper,0.1
770,phase2,upper,-15.0,2,-14.981015043231817,-20.20053338793476,-19.894299555559808,-6.782478914341056,-2.8798089744721236,-0.001130367189188809,upper,0.1
771,phase2,upper,-15.0,2,-14.983902273104615,-20.20053338793476,-19.894299555559808,-6.782478914341056,-2.8798089744721236,-0.0009551376795206136,upper,0.1
772,phase2,upper,-15.0,2,-14.986467633475646,-20.20053338793476,-19.894299555559808,-6.782478914341056,-2.8798089744721236,-0.0007974329884749859,upper,0.1
773,phase2,upper,-15.0,2,-14.988731155768857,-20.20053338793476,-19.894299555559808,-6.782478914341056,-2.8798089744721236,-0.0006575882257609,upper,0.1
774,phase2,upper,-15.0,2,-14.990715181709758,-20.20053338793476,-19.894299555559808,-6.782478914341056,-2.8798089744721236,-0.0005349858691625407,upper,0.1
775,phase2,upper,-15.0,2,-14.992442949088915,-20.20053338793476,-19.894299555559808,-6.782478914341056,-2.8798089744721236,-0.0004285224158751301,upper,0.1
776,phase2,upper,-15.0,2,-14.99393769646778,-20.20053338793476,-19.894299555559808,-6.782478914341056,-2.8798089744721236,-0.00033687056269932975,upper,0.1
777,phase2,upper,-15.0,2,-14.99522208722628,-20.20053338793476,-19.894299555559808,-6.782478914341056,-2.8798089744721236,-0.0002586270290030928,upper,0.1
778,phase2,upper,-15.0,2,-14.996317837479973,-20.20053338793476,-19.894299555559808,-6.782478914341056,-2.8798089744721236,-0.00019239589394007663,upper,0.1
779,phase2,upper,-15.0,2,-14.99724547934459,-20.20053338793476,-19.894299555559808,-6.782478914341056,-2.8798089744721236,-0.00013683516322510902,upper,0.1
780,phase2,upper,-15.0,2,-14.998024217485735,-20.20053338793476,-19.894299555559808,-6.782478914341056,-2.8798089744721236,-9.068206516078475e-05,upper,0.1
781,phase2,upper,-15.0,2,-14.998671852032267,-20.20053338793476,-19.894299555559808,-6.782478914341056,-2.8798089744721236,-5.2765825447066115e-05,upper,0.1
782,phase2,upper,-15.0,2,-14.999204749793433,-20.20053338793476,-19.894299555559808,-6.782478914341056,-2.8798089744721236,-2.2012926857269935e-05,upper,0.1
783,phase2,upper,-15.0,2,-14.9996378510746,-20.20053338793476,-19.894299555559808,-6.782478914341056,-2.8798089744721236,2.552227872466785e-06,upper,0.1
784,phase2,upper,-15.0,2,-14.999984702760619,-20.20053338793476,-19.894299555559808,-6.782478914341056,-2.8798089744721236,2.1809506094955678e-05,upper,0.1
785,phase2,upper,-15.0,2,-15.000257510572085,-20.20053338793476,-19.894299555559808,-6.782478914341056,-2.8798089744721236,3.654701383066266e-05,upper,0.1
786,phase2,upper,-15.0,2,-15.000467204964165,-20.20053338793476,-19.894299555559808,-6.782478914341056,-2.8798089744721236,4.746615734696958e-05,upper,0.1
787,phase2,upper,-15.0,2,-15.00062351629085,-20.20053338793476,-19.894299555559808,-6.782478914341056,-2.8798089744721236,5.518734417161567e-05,upper,0.1
788,phase2,upper,-15.0,2,-15.000735055745782,-20.20053338793476,-19.894299555559808,-6.782478914341056,-2.8798089744721236,6.0256013191419217e-05,upper,0.1
789,phase2,upper,-15.0,2,-15.00080939929879,-20.20053338793476,-19.894299555559808,-6.782478914341056,-2.8798089744721236,6.314877567651603e-05,upper,0.1
790,phase2,upper,-15.0,2,-15.000853172424536,-20.20053338793476,-19.894299555559808,-6.782478914341056,-2.8798089744721236,6.427951119211565e-05,upper,0.1
791,phase2,upper,-15.0,2,-15.000872133897147,-20.20053338793476,-19.894299555559808,-6.782478914341056,-2.8798089744721236,6.400530616168813e-05,upper,0.1
792,phase2,upper,-15.0,2,-15.000871257322187,-20.20053338793476,-19.894299555559808,-6.782478914341056,-2.8798089744721236,6.263215498633501e-05,upper,0.1
793,phase2,upper,-15.0,2,-15.000854809408878,-20.20053338793476,-19.894299555559808,-6.782478914341056,-2.8798089744721236,6.0420367965059024e-05,upper,0.1
794,phase2,upper,-15.0,2,-15.000826424261323,-20.20053338793476,-19.894299555559808,-6.782478914341056,-2.8798089744721236,5.7589649094402285e-05,upper,0.1
795,phase2,upper,-15.0,2,-15.000789173195832,-20.20053338793476,-19.894299555559808,-6.782478914341056,-2.8798089744721236,5.432382157842372e-05,upper,0.1
796,phase2,upper,-15.0,2,-15.000745629778983,-20.20053338793476,-19.894299555559808,-6.782478914341056,-2.8798089744721236,5.077519047988985e-05,upper,0.1
797,phase2,upper,-15.0,2,-15.000697929933443,-20.20053338793476,-19.894299555559808,-6.782478914341056,-2.8798089744721236,4.706854103491586e-05,upper,0.1
798,phase2,upper,-15.0,2,-15.000647827080877,-20.20053338793476,-19.894299555559808,-6.782478914341056,-2.8798089744721236,4.3304778203313975e-05,upper,0.1
799,phase2,upper,-15.0,2,-15.000596742387788,-20.20053338793476,-19.894299555559808,-6.782478914341056,-2.8798089744721236,3.956421840238574e-05,upper,0.1
