episode,phase,route,return,steps,q_start_right,q_start_down,q_shield_right,q_d1_right,q_d2_right,mood_M,greedy_route,epsilon
0,phase1,upper,-15.0,2,-1.25,0.0,0.0,0.0,0.0,-0.3375,lower,0.1
1,phase1,lower,-10.0,4,-1.25,-0.55375,-0.530125,-0.5135875000000001,-0.50201125,-0.27100875,lower,0.1
2,phase1,lower,-10.0,4,-1.25,-1.045295375,-1.0160688875,-0.9958017087500001,-0.932357849875,-0.239254559625,lower,0.1
3,phase1,lower,-10.0,4,-1.25,-1.5077018299125,-1.48148342702625,-1.458618989217125,-1.3083222471461124,-0.21751829514933751,upper,0.1
4,phase1,upper,-15.0,2,-2.6295164656344037,-1.5077018299125,-1.48148342702625,-1.458618989217125,-1.3083222471461124,-0.4125464646231754,lower,0.1
5,phase1,lower,-10.0,4,-2.6295164656344037,-2.126371807784733,-2.0558933590800095,-1.9891594382734477,-1.6978310966799806,-0.2460156125566561,lower,0.1
6,phase1,upper,-15.0,2,-3.961518772966362,-2.126371807784733,-2.0558933590800095,-1.9891594382734477,-1.6978310966799806,-0.39170921314094237,lower,0.1
7,phase1,lower,-10.0,4,-3.961518772966362,-2.721862254741109,-2.6115938531631198,-2.49438650856696,-2.0367340549059603,-0.22526534212824995,lower,0.1
8,phase1,lower,-10.0,4,-3.961518772966362,-3.1635742224987347,-3.0563130374016954,-2.907464607985498,-2.284394374515764,-0.17049087565313195,lower,0.1
9,phase1,lower,-10.0,4,-3.961518772966362,-3.5562898920768498,-3.4634413941239286,-3.2790479168089846,-2.4853552732798265,-0.146001763598913,lower,0.1
10,phase1,lower,-10.0,4,-3.961518772966362,-3.9284066295205795,-3.8519762480150206,-3.6220819697043756,-2.6535723666503714,-0.13013582456712666,lower,0.1
11,phase1,lower,-10.0,4,-3.961518772966362,-4.287885833480438,-4.226408769360596,-3.9397192283082356,-2.794707123939358,-0.11710882429806319,upper,0.1
12,phase1,upper,-15.0,2,-5.102435616376856,-4.287885833480438,-4.226408769360596,-3.9397192283082356,-2.794707123939358,-0.29534105957825885,lower,0.1
13,phase1,lower,-10.0,4,-5.102435616376856,-4.797545080688886,-4.699644802058427,-4.311310891025081,-2.967086095935076,-0.1481529852515499,lower,0.1
14,phase1,lower,-10.0,4,-5.102435616376856,-5.171092739552235,-5.069004484140546,-4.594638547147998,-3.069008511816481,-0.10158932582465714,upper,0.1
15,phase1,upper,-15.0,2,-6.157463015208767,-5.171092739552235,-5.069004484140546,-4.594638547147998,-3.069008511816481,-0.2599819706597017,lower,0.1
16,phase1,lower,-10.0,4,-6.157463015208767,-5.644867687604798,-5.500100149060788,-4.906740244349695,-3.188680940195276,-0.12026451763696136,lower,0.1
17,phase1,upper,-15.0,2,-7.158828536743695,-5.644867687604798,-5.500100149060788,-4.906740244349695,-3.188680940195276,-0.24382425217629844,lower,0.1
18,phase1,upper,-15.0,2,-8.202064997406273,-5.644867687604798,-5.500100149060788,-4.906740244349695,-3.188680940195276,-0.2805675104307235,lower,0.1
19,phase1,lower,-10.0,4,-8.202064997406273,-6.132901693138048,-5.931112966620346,-5.204657762128521,-3.2947316586995665,-0.11538753709044469,lower,0.1
20,phase1,lower,-10.0,4,-8.202064997406273,-6.466571603867678,-6.243213298922165,-5.405872958190048,-3.330735952520124,-0.06597385222052374,lower,0.1
21,phase1,lower,-10.0,4,-8.202064997406273,-6.753612240371598,-6.512512117514355,-5.565374065289069,-3.341044023481233,-0.047708106256824166,lower,0.1
22,phase1,lower,-10.0,4,-8.202064997406273,-7.022439523717016,-6.75884471591648,-5.69860081623546,-3.338344538593321,-0.03808361509794919,lower,0.1
23,phase1,lower,-10.0,4,-8.202064997406273,-7.280355296525117,-6.987195943649471,-5.810511535570625,-3.326838608207215,-0.031105182099154534,lower,0.1
24,phase1,lower,-10.0,4,-8.202064997406273,-7.5290340251267915,-7.198708465036412,-5.903300437352533,-3.3084049145104557,-0.02516719396130951,lower,0.1
25,phase1,lower,-10.0,4,-8.202064997406273,-7.768651943682932,-7.393604204341209,-5.97844044777209,-3.2842429378353093,-0.019831141834830097,lower,0.1
26,phase1,lower,-10.0,4,-8.202064997406273,-7.998995197400107,-7.571955159078013,-6.037218406626647,-3.25531370817725,-0.014968872851418652,lower,0.1
27,phase1,lower,-10.0,4,-8.202064997406273,-8.219763179134175,-7.733881792694573,-6.080870260668709,-3.222460537222292,-0.010534744203501326,upper,0.1
28,phase1,upper,-15.0,2,-8.964652889086361,-8.219763179134175,-7.733881792694573,-6.080870260668709,-3.222460537222292,-0.1413204787668032,lower,0.1
29,phase1,lower,-10.0,4,-8.964652889086361,-8.548363471380336,-7.961993743681204,-6.168287149891821,-3.226817924064437,-0.03790663765562222,lower,0.1
30,phase1,lower,-10.0,4,-8.964652889086361,-8.773842472500483,-8.108172283377431,-6.196094588629385,-3.1925845154848655,-0.008099760810078724,lower,0.1
31,phase1,lower,-10.0,4,-8.964652889086361,-8.964565238317249,-8.221594268106655,-6.199858311499554,-3.147611603090712,0.0018887827889534498,lower,0.1
32,phase1,lower,-10.0,4,-8.964652889086361,-9.138568236786131,-8.315670523093218,-6.18992166528337,-3.0996413988918916,0.006368715562526165,upper,0.1
33,phase1,upper,-15.0,2,-9.649435133321296,-9.138568236786131,-8.315670523093218,-6.18992166528337,-3.0996413988918916,-0.11579347476006259,lower,0.1
34,phase1,lower,-10.0,4,-9.649435133321296,-9.410492592700896,-8.471327288141364,-6.223760575063748,-3.0887465473038005,-0.020175760045208394,lower,0.1
35,phase1,lower,-10.0,4,-9.649435133321296,-9.584734246285631,-8.551423882438975,-6.20547215695842,-3.044375603093368,0.006381732681376911,lower,0.1
36,phase1,lower,-10.0,4,-9.649435133321296,-9.725659650487726,-8.602408838477793,-6.168427894994751,-2.9924342112256603,0.014389803749311994,upper,0.1
37,phase1,upper,-15.0,2,-10.26806488735172,-9.725659650487726,-8.602408838477793,-6.168427894994751,-2.9924342112256603,-0.09662369019676585,lower,0.1
38,phase1,lower,-10.0,4,-10.26806488735172,-9.950295890463822,-8.707055897029182,-6.171242648173585,-2.97422884573035,-0.00936768359553981,lower,0.1
39,phase1,lower,-10.0,4,-10.26806488735172,-10.084402806356344,-8.743308732986078,-6.128458222799879,-2.92682845690078,0.014209368682549055,lower,0.1
40,phase1,lower,-10.0,4,-10.26806488735172,-10.187504967205022,-8.754162239716456,-6.070831272859239,-2.8739768261859155,0.02071390872630169,lower,0.1
41,phase1,lower,-10.0,4,-10.26806488735172,-10.275528176602496,-8.751579126890974,-6.007220880788929,-2.8220166103250595,0.022545719529560745,upper,0.1
42,phase1,upper,-15.0,2,-10.823985050656907,-10.275528176602496,-8.751579126890974,-6.007220880788929,-2.8220166103250595,-0.07905163283060236,lower,0.1
43,phase1,lower,-10.0,4,-10.823985050656907,-10.444279741178887,-8.803299206621837,-5.9854119141365345,-2.804012456265824,-0.001382007113902942,lower,0.1
44,phase1,lower,-10.0,4,-10.823985050656907,-10.531425494125696,-8.795574667422025,-5.925533944486463,-2.760996808572632,0.01893157529533755,lower,0.1
45,phase1,lower,-10.0,4,-10.823985050656907,-10.590801993689524,-8.767275730371408,-5.855182726045876,-2.714226371651253,0.023907158973713486,lower,0.1
46,phase1,lower,-10.0,4,-10.823985050656907,-10.636932924281371,-8.729269710675824,-5.782202876005504,-2.6692789626968363,0.024723835874542032,lower,0.1
47,phase1,lower,-10.0,4,-10.823985050656907,-10.673915150633729,-8.68498010384048,-5.7091316337807205,-2.627556925142077,0.024362700991519444,lower,0.1
48,phase1,lower,-10.0,4,-10.823985050656907,-10.703095215062037,-8.63584550894643,-5.637041430703591,-2.58934580294534,0.023625375285118627,lower,0.1
49,phase1,lower,-10.0,4,-10.823985050656907,-10.72510740669387,-8.5827653726274,-5.566564347868887,-2.5546281766601178,0.022733854303339785,lower,0.1
50,phase1,lower,-10.0,4,-10.823985050656907,-10.740412734414216,-8.526479707020648,-5.498167408887902,-2.523300757069393,0.021755757907913675,lower,0.1
51,phase1,upper,-15.0,2,-11.328859708192807,-10.740412734414216,-8.526479707020648,-5.498167408887902,-2.523300757069393,-0.06741919153664304,lower,0.1
52,phase1,lower,-10.0,4,-11.328859708192807,-10.829696704057838,-8.523846376135833,-5.471554840906387,-2.52276114980359,-0.0006935638532463327,lower,0.1
53,phase1,lower,-10.0,4,-11.328859708192807,-10.84973587873356,-8.474296208986539,-5.415738890806468,-2.500711998470708,0.016061862768292287,lower,0.1
54,phase1,lower,-10.0,4,-11.328859708192807,-10.847736235267394,-8.41168463254134,-5.354426062742994,-2.4755679753496436,0.019522444722783062,lower,0.1
55,phase1,lower,-10.0,4,-11.328859708192807,-10.836560874744285,-8.345386242112548,-5.294093499204834,-2.4520692810958815,0.019444070041776663,lower,0.1
56,phase1,lower,-10.0,4,-11.328859708192807,-10.819943748443512,-8.2782454886144,-5.236598137890267,-2.4313226414447815,0.01842629852071899,lower,0.1
57,phase1,lower,-10.0,4,-11.328859708192807,-10.799190253791954,-8.211346332458549,-5.18253201501776,-2.413470937636704,0.01716591009280959,lower,0.1
58,phase1,lower,-10.0,4,-11.328859708192807,-10.774956542575085,-8.145278591479999,-5.132117504244622,-2.398403312659223,0.0158534301842872,lower,0.1
59,phase1,lower,-10.0,4,-11.328859708192807,-10.747720660299718,-8.080473517060792,-5.085448459743759,-2.385944360480869,0.0145443600894459,lower,0.1
60,phase1,lower,-10.0,4,-11.328859708192807,-10.717906021895324,-8.017292391605286,-5.042557339463249,-2.375904816504729,0.013257859202911665,lower,0.1
61,phase1,lower,-10.0,4,-11.328859708192807,-10.685912585583699,-7.956049867075417,-5.003435927238596,-2.3680954047842158,0.012002978994062318,lower,0.1
62,phase1,lower,-10.0,4,-11.328859708192807,-10.652123632638215,-7.897020302925752,-4.9680435795013755,-2.3623308633552784,0.010785640660594308,lower,0.1
63,phase1,lower,-10.0,4,-11.328859708192807,-10.616906223072434,-7.840439887064904,-4.93631201589142,-2.358431329287064,0.009610496359414647,lower,0.1
64,phase1,lower,-10.0,4,-11.328859708192807,-10.580610142748208,-7.786507896168922,-4.908149052064256,-2.35622299120333,0.008481432776966552,lower,0.1
65,phase1,lower,-10.0,4,-11.328859708192807,-10.54356662859101,-7.735387948451325,-4.883441912872347,-2.35553851526568,0.007401716149568461,lower,0.1
66,phase1,lower,-10.0,4,-11.328859708192807,-10.50608721604243,-7.687209439355428,-4.862060296274448,-2.3562173782176696,0.006374044196870125,lower,0.1
67,phase1,lower,-10.0,4,-11.328859708192807,-10.468462798596546,-7.642069177232753,-4.84385923413538,-2.3581061423749965,0.005400575362790601,lower,0.1
68,phase1,lower,-10.0,4,-11.328859708192807,-10.430962918633655,-7.600033192667635,-4.828681763316946,-2.3610586815102894,0.004482953870188792,lower,0.1
69,phase1,lower,-10.0,4,-11.328859708192807,-10.393835287553884,-7.5611386861932655,-4.816361412066301,-2.364936360001495,0.00362233527912628,lower,0.1
70,phase1,lower,-10.0,4,-11.328859708192807,-10.35730552566661,-7.525396079317983,-4.806724504834582,-2.369608166177929,0.0028194135515911267,lower,0.1
71,phase1,lower,-10.0,4,-11.328859708192807,-10.321577108835315,-7.492791136280728,-4.799592288545624,-2.374950800720102,0.002074449638697971,lower,0.1
72,phase1,upper,-15.0,2,-11.803064410867973,-10.321577108835315,-7.492791136280728,-4.799592288545624,-2.374950800720102,-0.0662712747697543,lower,0.1
73,phase1,lower,-10.0,4,-11.803064410867973,-10.348342658872635,-7.506344933353188,-4.824923348166404,-2.401947046359135,-0.015022507086986246,lower,0.1
74,phase1,lower,-10.0,4,-11.803064410867973,-10.327663142698977,-7.488433015710286,-4.827888503798677,-2.4105159316435256,-0.0019799363250178497,lower,0.1
75,phase1,lower,-10.0,4,-11.803064410867973,-10.295522072692624,-7.464466710975192,-4.826278247280795,-2.4147841795193274,0.0009556015847414683,lower,0.1
76,phase1,lower,-10.0,4,-11.803064410867973,-10.261556495094613,-7.441107340840994,-4.824719385349569,-2.4184088031292794,0.0012522708374470863,lower,0.1
77,phase1,lower,-10.0,4,-11.803064410867973,-10.228384535915549,-7.4200274874994125,-4.824337111874565,-2.422271686419321,0.0008937812915691969,lower,0.1
78,phase1,lower,-10.0,4,-11.803064410867973,-10.196744427911522,-7.401569727416003,-4.825324823422522,-2.4265247291555343,0.00040576396513281173,lower,0.1
79,phase1,lower,-10.0,4,-11.803064410867973,-10.166861770293352,-7.385719888805243,-4.827628457840011,-2.431133204385703,-7.388446089578614e-05,lower,0.1
80,phase1,lower,-10.0,4,-11.803064410867973,-10.138814078159347,-7.3723664621189045,-4.831129465345648,-2.436019885099614,-0.0005104492092479727,lower,0.1
81,phase1,lower,-10.0,4,-11.803064410867973,-10.112628720843626,-7.361370259810313,-4.835694356566281,-2.441103032394675,-0.0008967312953622767,lower,0.1
82,phase1,lower,-10.0,4,-11.803064410867973,-10.088309932906121,-7.352583631754088,-4.841188648349256,-2.4463061603426697,-0.0012329110628524625,lower,0.1
83,phase1,lower,-10.0,4,-11.803064410867973,-10.065846922747484,-7.345856257252097,-4.847481221683611,-2.4515602926267346,-0.0015211749928670233,lower,0.1
84,phase1,lower,-10.0,4,-11.803064410867973,-10.045216913691526,-7.341037345972379,-4.854446017411566,-2.4568042203230753,-0.0017642688559866488,lower,0.1
85,phase1,upper,-15.0,2,-12.235130967875122,-10.045216913691526,-7.341037345972379,-4.854446017411566,-2.4568042203230753,-0.058029475060085656,lower,0.1
86,phase1,lower,-10.0,4,-12.235130967875122,-10.077025484473689,-7.373423934075734,-4.886775876503181,-2.479353296929703,-0.01547437233170202,lower,0.1
87,phase1,lower,-10.0,4,-12.235130967875122,-10.070592264532426,-7.379010741026706,-4.899370249887133,-2.4862531995271593,-0.00438013731799606,lower,0.1
88,phase1,upper,-15.0,2,-12.627000709428929,-10.070592264532426,-7.379010741026706,-4.899370249887133,-2.4862531995271593,-0.050178852632479384,lower,0.1
89,phase1,lower,-10.0,4,-12.627000709428929,-10.096595079551085,-7.407486667936556,-4.927116234807033,-2.5033141021838516,-0.012612799377058483,lower,0.1
90,phase1,lower,-10.0,4,-12.627000709428929,-10.089035757828984,-7.412289761117559,-4.937254115395986,-2.5068027000805304,-0.0028716943573119033,lower,0.1
91,phase1,lower,-10.0,4,-12.627000709428929,-10.073945683079423,-7.4118232220793,-4.942808929303688,-2.5070202106664325,-0.0004941927928824352,lower,0.1
92,phase1,lower,-10.0,4,-12.627000709428929,-10.058178210493004,-7.410855827814252,-4.947220496043779,-2.5066452012192557,-4.3736050702968357e-05,lower,0.1
93,phase1,lower,-10.0,4,-12.627000709428929,-10.04348533467076,-7.410542144016821,-4.951379707169256,-2.5063368665626182,-7.767710309081037e-05,lower,0.1
94,phase1,lower,-10.0,4,-12.627000709428929,-10.030260924998148,-7.411085370759356,-4.955499666612811,-2.506223993662931,-0.00021497136934591805,lower,0.1
95,phase1,lower,-10.0,4,-12.627000709428929,-10.018536843806679,-7.412444492342942,-4.959613669704634,-2.506300250397759,-0.00035667937987317165,lower,0.1
96,phase1,lower,-10.0,4,-12.627000709428929,-10.00824862010219,-7.41452162459891,-4.963708045726571,-2.506528765603535,-0.0004787460123854229,lower,0.1
97,phase1,lower,-10.0,4,-12.627000709428929,-9.99930679196301,-7.417211247820891,-4.967757837861165,-2.506869452582688,-0.0005769086737318043,lower,0.1
98,phase1,lower,-10.0,4,-12.627000709428929,-9.991616455355157,-7.420412779597532,-4.971736568205235,-2.507285819132242,-0.0006520478286039782,lower,0.1
99,phase1,lower,-10.0,4,-12.627000709428929,-9.985082930825138,-7.424033449344867,-4.9756190392109385,-2.507746349133149,-0.0007062902481349878,lower,0.1
100,phase1,lower,-10.0,4,-12.627000709428929,-9.979613643900434,-7.427988635187831,-4.979382219928993,-2.5082244663958178,-0.0007419723295484229,lower,0.1
101,phase1,lower,-10.0,4,-12.627000709428929,-9.975118918125768,-7.432201560994322,-4.98300556849635,-2.5086981471553123,-0.0007613650962957571,lower,0.1
102,phase1,lower,-10.0,4,-12.627000709428929,-9.97151241099929,-7.436602853112642,-4.986471158522483,-2.5091494645757386,-0.0007666028021966969,lower,0.1
103,phase1,lower,-10.0,4,-12.627000709428929,-9.968711397732601,-7.44113008535607,-4.989763714565585,-2.509564140188046,-0.0007596665615246988,lower,0.1
104,phase1,lower,-10.0,4,-12.627000709428929,-9.96663696640032,-7.445727342776616,-4.992870591266204,-2.509931121557909,-0.0007423833188777399,lower,0.1
105,phase1,lower,-10.0,4,-12.627000709428929,-9.96521414902494,-7.4503448092786275,-4.99578171116173,-2.510242190526443,-0.000716429449960111,lower,0.1
106,phase1,lower,-10.0,4,-12.627000709428929,-9.964372001555272,-7.454938377847262,-4.998489470315272,-2.5104916022685955,-0.0006833360134931503,lower,0.1
107,phase1,lower,-10.0,4,-12.627000709428929,-9.964043641596614,-7.459469280942448,-5.00098861870111,-2.5106757542378295,-0.0006444947511259705,lower,0.1
108,phase1,lower,-10.0,4,-12.627000709428929,-9.96416625080721,-7.463903738673861,-5.0032761211431485,-2.510792883695395,-0.0006011645028025269,lower,0.1
109,phase1,lower,-10.0,4,-12.627000709428929,-9.964681047646398,-7.468212622729954,-5.005351003791459,-2.5108427923899264,-0.0005544778723045584,lower,0.1
110,phase1,lower,-10.0,4,-12.627000709428929,-9.965533235239826,-7.472371134422912,-5.007214190450731,-2.510826596902691,-0.0005054480352242677,lower,0.1
111,phase1,lower,-10.0,4,-12.627000709428929,-9.966671928389838,-7.476358495565828,-5.008868332486772,-2.5107465031602163,-0.00045497560787064785,lower,0.1
112,phase1,lower,-10.0,4,-12.627000709428929,-9.968050063154521,-7.480157651204633,-5.01031763551368,-2.5106056036240716,-0.00040385551176441085,lower,0.1
113,phase1,lower,-10.0,4,-12.627000709428929,-9.96962429192012,-7.483754983485301,-5.011567685595898,-2.510407695690471,-0.00035278378034934456,lower,0.1
114,phase1,upper,-15.0,2,-12.97566478150412,-9.96962429192012,-7.483754983485301,-5.011567685595898,-2.510407695690471,-0.04001165176894436,lower,0.1
115,phase1,lower,-10.0,4,-12.97566478150412,-10.007047847668687,-7.512125122983056,-5.030114838063027,-2.5223998124143483,-0.009824458468226945,lower,0.1
116,phase1,lower,-10.0,4,-12.97566478150412,-10.016397587821528,-7.520250589759524,-5.034257604493248,-2.5233915137769616,-0.0018415365418290141,lower,0.1
117,phase1,lower,-10.0,4,-12.97566478150412,-10.018440270902975,-7.522915490306574,-5.034434124171004,-2.5216431680744953,0.00024222988812999018,lower,0.1
118,phase1,lower,-10.0,4,-12.97566478150412,-10.018669785944018,-7.524035579787393,-5.033443789941756,-2.5193356284187214,0.0007606905909313972,lower,0.1
119,phase1,lower,-10.0,4,-12.97566478150412,-10.018521743796517,-7.524642042164313,-5.032052944416659,-2.517035124654772,0.0008654673475105329,lower,0.1
120,phase1,lower,-10.0,4,-12.97566478150412,-10.018354853020536,-7.525003136016546,-5.030485259340183,-2.514879998885523,0.0008623085314659741,lower,0.1
121,phase1,lower,-10.0,4,-12.97566478150412,-10.01824360364182,-7.525187597614979,-5.0288181251107025,-2.512896031235885,0.0008321526696321265,lower,0.1
122,phase1,upper,-15.0,2,-13.286718922483562,-10.01824360364182,-7.525187597614979,-5.0288181251107025,-2.512896031235885,-0.03226002469236666,lower,0.1
123,phase1,lower,-10.0,4,-13.286718922483562,-10.047972025262265,-7.546061953758017,-5.041681852341031,-2.5212956872101437,-0.007149209472360458,lower,0.1
124,phase1,lower,-10.0,4,-13.286718922483562,-10.054215306636964,-7.550076373653291,-5.042641674115564,-2.520714598831931,-0.0005655029836523751,lower,0.1
125,phase1,lower,-10.0,4,-13.286718922483562,-10.054310366023884,-7.54957741938866,-5.040419390682081,-2.518030404782496,0.0010980089831458704,lower,0.1
126,phase1,lower,-10.0,4,-13.286718922483562,-10.052848863275532,-7.5478420812994695,-5.037359550664072,-2.515048202685322,0.0014580378470826583,lower,0.1
127,phase1,lower,-10.0,4,-13.286718922483562,-10.05103595101555,-7.545740081278914,-5.03410776466913,-2.512226520183417,0.001475672262071983,lower,0.1
128,phase1,lower,-10.0,4,-13.286718922483562,-10.049178259006021,-7.5435041876099405,-5.030854704266498,-2.5096676193961187,0.001406100203579771,lower,0.1
129,phase1,lower,-10.0,4,-13.286718922483562,-10.047345361683192,-7.541200196219647,-5.027667129590022,-2.5073805998324,0.0013168956228553083,lower,0.1
130,phase1,lower,-10.0,4,-13.286718922483562,-10.045545639076268,-7.538851325846769,-5.02457618921832,-2.5053512023685465,0.0012257915910049873,lower,0.1
131,phase1,lower,-10.0,4,-13.286718922483562,-10.043772995321415,-7.536470817024394,-5.0216011652327035,-2.5035602397763004,0.001137302347471691,lower,0.1
132,phase1,lower,-10.0,4,-13.286718922483562,-10.042019205378988,-7.534070192552298,-5.0187560305836385,-2.5019883813389505,0.00105245621751563,lower,0.1
133,phase1,lower,-10.0,4,-13.286718922483562,-10.040277093500555,-7.531661105592077,-5.016051413751668,-2.500617320340197,0.0009713803350583962,lower,0.1
134,phase1,lower,-10.0,4,-13.286718922483562,-10.038541252408153,-7.52925553512342,-5.013495321831599,-2.499429989978822,0.000893984975926567,lower,0.1
135,phase1,lower,-10.0,4,-13.286718922483562,-10.036808094201348,-7.526865588892717,-5.011093515456378,-2.4984105357879542,0.0008201426272426357,lower,0.1
136,phase1,lower,-10.0,4,-13.286718922483562,-10.035075715305966,-7.524503244050587,-5.008849775257807,-2.4975442321959016,0.0007497327506164749,lower,0.1
137,phase1,lower,-10.0,4,-13.286718922483562,-10.033343708704875,-7.522180108814525,-5.006766125444463,-2.4968173924586323,0.0006826509240718063,lower,0.1
138,phase1,lower,-10.0,4,-13.286718922483562,-10.031612962884175,-7.519907223198314,-5.004843033499444,-2.4962172843696475,0.000618808651742662,lower,0.1
139,phase1,lower,-10.0,4,-13.286718922483562,-10.02988546112902,-7.517694899806311,-5.003079592369113,-2.4957320543540327,0.0005581308700394744,lower,0.1
140,phase1,lower,-10.0,4,-13.286718922483562,-10.028164087213712,-7.515552601458753,-5.001473687944115,-2.4953506599557786,0.0005005530461716194,lower,0.1
141,phase1,lower,-10.0,4,-13.286718922483562,-10.026452440896662,-7.513488851572816,-5.000022153506256,-2.495062810057198,0.0004460183898979244,lower,0.1
142,phase1,lower,-10.0,4,-13.286718922483562,-10.02475466541337,-7.51151117326878,-4.998720912365387,-2.4948589120211797,0.00039447532528146266,lower,0.1
143,phase1,lower,-10.0,4,-13.286718922483562,-10.023075288406158,-7.50962605343561,-4.997565109666593,-2.494730024944707,0.0003458752629115568,lower,0.1
144,phase1,lower,-10.0,4,-13.286718922483562,-10.021419077172483,-7.5078389282988685,-4.996549234180754,-2.4946678182531894,0.00030017067937736675,lower,0.1
145,phase1,lower,-10.0,4,-13.286718922483562,-10.01979090867368,-7.506154187339462,-4.995667230763491,-2.494664534920672,0.000257313497638823,lower,0.1
146,phase1,lower,-10.0,4,-13.286718922483562,-10.018195654392384,-7.504575192702328,-4.994912604065982,-2.49471295866159,0.00021725375529833282,lower,0.1
147,phase1,lower,-10.0,4,-13.286718922483562,-10.016638079843611,-7.503104311507224,-4.9942785140003325,-2.4948063845018655,0.00017993854373202765,lower,0.1
148,phase1,lower,-10.0,4,-13.286718922483562,-10.015122758320615,-7.501742958728902,-4.993757863398456,-2.4949385921987997,0.0001453111984065617,lower,0.1
149,phase1,upper,-15.0,2,-13.56471510853404,-10.015122758320615,-7.501742958728902,-4.993757863398456,-2.4949385921987997,-0.026295802886659926,lower,0.1
150,phase1,lower,-10.0,4,-13.56471510853404,-10.037451000959438,-7.517149550425477,-5.005003909565302,-2.5032661939572973,-0.00623520077277398,lower,0.1
151,phase1,lower,-10.0,4,-13.56471510853404,-10.041032536601538,-7.51931502366189,-5.006868231826978,-2.5043193219158852,-0.0009751510124169804,lower,0.1
152,phase1,lower,-10.0,4,-13.56471510853404,-10.039738421218749,-7.51809831676685,-5.006296858058242,-2.503597031212359,0.0003554140556503888,lower,0.1
153,phase1,lower,-10.0,4,-13.56471510853404,-10.037254538123474,-7.5161099772207285,-5.005142500415839,-2.5025453702958136,0.0006461003327225563,lower,0.1
154,phase1,lower,-10.0,4,-13.56471510853404,-10.03455859173375,-7.51403528318625,-5.0039021030823125,-2.5015342317279243,0.0006648289720027492,lower,0.1
155,phase1,lower,-10.0,4,-13.56471510853404,-10.031907914804197,-7.512048993592712,-5.0027106399758665,-2.5006486028488584,0.0006155202789394137,lower,0.1
156,phase1,lower,-10.0,4,-13.56471510853404,-10.029368054432004,-7.510191189582586,-5.001605522661602,-2.4998988280404486,0.0005521693815400781,lower,0.1
157,phase1,lower,-10.0,4,-13.56471510853404,-10.026953415503675,-7.508466980829183,-5.000597090749706,-2.4992764307667867,0.0004889205398044309,lower,0.1
158,phase1,lower,-10.0,4,-13.56471510853404,-10.024664743550401,-7.506872838144948,-4.9996875301458665,-2.498768883646686,0.0004293294012207746,lower,0.1
159,phase1,lower,-10.0,4,-13.56471510853404,-10.022499156548756,-7.505403448376323,-4.998876060901872,-2.498363468610686,0.0003741428093250905,lower,0.1
160,phase1,lower,-10.0,4,-13.56471510853404,-10.020452857203122,-7.504053415538348,-4.9981604563475726,-2.4980482400301285,0.0003233676179232076,lower,0.1
161,phase1,lower,-10.0,4,-13.56471510853404,-10.018521882180513,-7.502817613095029,-4.997537570250708,-2.497812221060961,0.0002768210634684682,lower,0.1
162,phase1,lower,-10.0,4,-13.56471510853404,-10.016702316314843,-7.501691196275304,-4.997003585400232,-2.49764539957469,0.00023427726085344046,lower,0.1
163,phase1,lower,-10.0,4,-13.56471510853404,-10.01499035477612,-7.500669540272391,-4.996554174883267,-2.497538674245844,0.00019550616497841677,lower,0.1
164,phase1,lower,-10.0,4,-13.56471510853404,-10.013382317777268,-7.499748172857941,-4.996184628341142,-2.4974837907691816,0.00016028382343602718,lower,0.1
165,phase1,lower,-10.0,4,-13.56471510853404,-10.011874647844243,-7.498922717684675,-4.995889958376882,-2.4974732787328757,0.00012839491371041334,lower,0.1
166,phase1,lower,-10.0,4,-13.56471510853404,-10.010463899405945,-7.49818885084395,-4.995664992274209,-2.4975003918124092,9.963317645877252e-05,lower,0.1
167,phase1,lower,-10.0,4,-13.56471510853404,-10.009146724690932,-7.497542269774633,-4.9955044513980065,-2.4975590518376833,7.38012604159625e-05,lower,0.1
168,phase1,lower,-10.0,4,-13.56471510853404,-10.007919858064929,-7.496978672860168,-4.995403019792044,-2.497643796710835,5.071039974828101e-05,lower,0.1
169,phase1,lower,-10.0,4,-13.56471510853404,-10.00678010018468,-7.496493748000986,-4.9953554031644245,-2.4977497319929105,3.0180048868412706e-05,lower,0.1
170,phase1,lower,-10.0,4,-13.56471510853404,-10.005724302922328,-7.496083168577583,-4.995356379278863,-2.497872485934102,1.2037517190061672e-05,lower,0.1
171,phase1,lower,-10.0,4,-13.56471510853404,-10.004749355722383,-7.495742595384573,-4.995400840649125,-2.4980081677137,-3.88237876102004e-06,lower,0.1
172,phase1,lower,-10.0,4,-13.56471510853404,-10.003852173829486,-7.495467683280527,-4.995483830336374,-2.4981533286596274,-1.7737637598446327e-05,lower,0.1
173,phase1,lower,-10.0,4,-13.56471510853404,-10.003029688648429,-7.495254091452977,-4.995600571566013,-2.498304926226512,-2.9679365759058103e-05,lower,0.1
174,phase1,lower,-10.0,4,-13.56471510853404,-10.002278840358066,-7.495097496340431,-4.995746491808421,-2.4984602905231443,-3.985203931430215e-05,lower,0.1
175,phase1,lower,-10.0,4,-13.56471510853404,-10.001596572791685,-7.494993606383522,-4.995917241904934,-2.4986170931936553,-4.839373539221743e-05,lower,0.1
176,phase1,lower,-10.0,4,-13.56471510853404,-10.00097983051272,-7.494938177895939,-4.9961087107650775,-2.4987733184709753,-5.543633494590661e-05,lower,0.1
177,phase1,lower,-10.0,4,-13.56471510853404,-10.000425557952493,-7.494927031453216,-4.996317036112388,-2.4989272362356414,-6.110569946476635e-05,lower,0.1
178,phase1,upper,-15.0,2,-13.8119178388298,-10.000425557952493,-7.494927031453216,-4.996317036112388,-2.4989272362356414,-0.02084519237175486,lower,0.1
179,phase1,lower,-10.0,4,-13.8119178388298,-10.018636378437145,-7.508050042897858,-5.005704393935618,-2.5054934244830385,-0.00505578103478968,lower,0.1
180,phase1,lower,-10.0,4,-13.8119178388298,-10.022127947814527,-7.51071478899399,-5.007649482163029,-2.5063147154803835,-0.0009012455010134738,lower,0.1
181,phase1,lower,-10.0,4,-13.8119178388298,-10.021797752883385,-7.510667887688379,-5.007614982774568,-2.5057164893277757,0.00016358393463216834,lower,0.1
182,phase1,lower,-10.0,4,-13.8119178388298,-10.020537540822717,-7.509959032957914,-5.007060210029858,-2.5048381346919126,0.0004100435600107252,lower,0.1
183,phase1,lower,-10.0,4,-13.8119178388298,-10.019110650832227,-7.509125203509952,-5.006378971268396,-2.50397300332923,0.00044172462458406264,lower,0.1
184,phase1,lower,-10.0,4,-13.8119178388298,-10.017714553937873,-7.5083026866946065,-5.005680700690125,-2.5031903702129013,0.0004188933758590825,lower,0.1
185,phase1,upper,-15.0,2,-14.030283210834781,-10.017714553937873,-7.5083026866946065,-5.005680700690125,-2.5031903702129013,-0.015750393237042075,lower,0.1
186,phase1,lower,-10.0,4,-14.030283210834781,-10.030948721126883,-7.517709115417927,-5.01212891314692,-2.507492166121888,-0.003498270061605961,lower,0.1
187,phase1,lower,-10.0,4,-14.030283210834781,-10.032773203611434,-7.518997535975496,-5.012807081532369,-2.507417047501589,-0.0002995334544803088,lower,0.1
188,phase1,lower,-10.0,4,-14.030283210834781,-10.031665216956872,-7.518195253581335,-5.011972669994433,-2.506323026138199,0.000496535457561106,lower,0.1
189,phase1,lower,-10.0,4,-14.030283210834781,-10.029871338707514,-7.516896488873242,-5.010766141407381,-2.5050890881992607,0.0006576293703490257,lower,0.1
190,phase1,lower,-10.0,4,-14.030283210834781,-10.027981987290772,-7.515518826677811,-5.0094976774908,-2.5039363679256765,0.0006534148877119437,lower,0.1
191,phase1,lower,-10.0,4,-14.030283210834781,-10.026147597830535,-7.514168555043302,-5.008255265805173,-2.50291217926447,0.0006085202689339494,lower,0.1
192,phase1,lower,-10.0,4,-14.030283210834781,-10.02440202530977,-7.512870424194805,-5.007066536994394,-2.5020186038917287,0.0005558656139410287,lower,0.1
193,phase1,lower,-10.0,4,-14.030283210834781,-10.022748586145728,-7.511628486907877,-5.005941954732895,-2.5012465970429214,0.0005040053631341001,lower,0.1
194,phase1,lower,-10.0,4,-14.030283210834781,-10.021182971395122,-7.510442067632182,-5.004886446354436,-2.500584981854377,0.00045502995459528457,lower,0.1
195,phase1,lower,-10.0,4,-14.030283210834781,-10.019699354059693,-7.509309832231413,-5.003902626838835,-2.500022772981521,0.0004093244347343861,lower,0.1
196,phase1,lower,-10.0,4,-14.030283210834781,-10.018292009885604,-7.508230720208909,-5.002991772869232,-2.499549731620511,0.0003668330161128452,lower,0.1
197,phase1,lower,-10.0,4,-14.030283210834781,-10.016955731203433,-7.507204065853519,-5.002154185431194,-2.4991564550255276,0.00032739461867360915,lower,0.1
198,phase1,lower,-10.0,4,-14.030283210834781,-10.015685909511637,-7.5062295242370745,-5.001389378117276,-2.4988343468106757,0.0002908313158871589,lower,0.1
199,phase1,upper,-15.0,2,-14.222813539371105,-10.015685909511637,-7.5062295242370745,-5.001389378117276,-2.4988343468106757,-0.011597709425315822,lower,0.1
200,phase1,lower,-10.0,4,-14.222813539371105,-10.025178209466965,-7.51279674416063,-5.005939055216256,-2.5022455524450784,-0.0025974676188231655,lower,0.1
201,phase1,lower,-10.0,4,-14.222813539371105,-10.026277783793272,-7.513413080302779,-5.006296020863251,-2.502429693772628,-0.0002505085382478748,lower,0.1
202,phase1,lower,-10.0,4,-14.222813539371105,-10.025216771128646,-7.51251184774368,-5.005584558918718,-2.5018549530990892,0.0003309351547268518,lower,0.1
203,phase1,lower,-10.0,4,-14.222813539371105,-10.023648437150895,-7.511267596782311,-5.004638496083271,-2.5011675868546113,0.0004459926531930368,lower,0.1
204,phase1,lower,-10.0,4,-14.222813539371105,-10.022008959726163,-7.509989428650943,-5.003681738798506,-2.500530347166648,0.0004398461631404465,lower,0.1
205,phase1,lower,-10.0,4,-14.222813539371105,-10.020411145071815,-7.50875702924389,-5.002775150714038,-2.499978210631025,0.00040410071863331736,lower,0.1
206,phase1,lower,-10.0,4,-14.222813539371105,-10.018882042842252,-7.507589596810813,-5.001935474779366,-2.4995128848372214,0.00036296110947606056,lower,0.1
207,phase1,lower,-10.0,4,-14.222813539371105,-10.01742613324058,-7.506490623065849,-5.001167061411029,-2.499127878363176,0.0003227227598126465,lower,0.1
208,phase1,lower,-10.0,4,-14.222813539371105,-10.016042131739276,-7.5054596927869675,-5.000470405062184,-2.4988151159537244,0.0002849276855550529,lower,0.1
209,phase1,lower,-10.0,4,-14.222813539371105,-10.014727452927046,-7.504495533720878,-4.999844504177241,-2.498566651170555,0.0002498615135647225,lower,0.1
210,phase1,lower,-10.0,4,-14.222813539371105,-10.01347938564422,-7.503596756194402,-4.999287568878415,-2.4983750790236092,0.00021748278058687445,lower,0.1
211,phase1,lower,-10.0,4,-14.222813539371105,-10.01229538819671,-7.502761992315889,-4.998797280232563,-2.4982336061329082,0.00018766958386176255,lower,0.1
212,phase1,upper,-15.0,2,-14.391788704530766,-10.01229538819671,-7.502761992315889,-4.998797280232563,-2.4982336061329082,-0.00800066962211235,lower,0.1
213,phase1,lower,-10.0,4,-14.391788704530766,-10.01854265126853,-7.507148541280705,-5.001981979717552,-2.5006637731453947,-0.0018057355249506452,lower,0.1
214,phase1,lower,-10.0,4,-14.391788704530766,-10.019028402242204,-7.507461857535437,-5.002291642585865,-2.5008708427212767,-0.00019276772041042093,lower,0.1
215,phase1,lower,-10.0,4,-14.391788704530766,-10.018045238719898,-7.506753982997255,-5.001876369665511,-2.5005541617990783,0.0002047004539154663,lower,0.1
216,phase1,lower,-10.0,4,-14.391788704530766,-10.01673188273911,-7.505832396473603,-5.001308775685576,-2.5001582847714725,0.0002814277355151706,lower,0.1
217,phase1,lower,-10.0,4,-14.391788704530766,-10.015388649150596,-7.504908448792257,-5.000741478911109,-2.4997948196615045,0.0002751325908935906,lower,0.1
218,phase1,lower,-10.0,4,-14.391788704530766,-10.01409300978296,-7.504035452862204,-5.000214895540001,-2.4994874356833114,0.00024887948810056395,lower,0.1
219,phase1,lower,-10.0,4,-14.391788704530766,-10.012863262551594,-7.5032250490156205,-4.999739150826578,-2.4992369515894217,0.0002193101459337052,lower,0.1
220,phase1,lower,-10.0,4,-14.391788704530766,-10.011702062066657,-7.502478062039306,-4.999315933641571,-2.4990385989681725,0.00019073101836569858,lower,0.1
221,phase1,lower,-10.0,4,-14.391788704530766,-10.010608004147393,-7.501792640657224,-4.998944376727877,-2.498886574622725,0.0001641747624243083,lower,0.1
222,phase1,lower,-10.0,4,-14.391788704530766,-10.009578710512194,-7.501166369349728,-4.998622681951076,-2.4987752163072137,0.0001398090134232526,lower,0.1
223,phase1,lower,-10.0,4,-14.391788704530766,-10.008611648283868,-7.50059678772002,-4.998348606804036,-2.4986992830962502,0.00011757660718238751,lower,0.1
224,phase1,lower,-10.0,4,-14.391788704530766,-10.007704343281018,-7.500081495130672,-4.998119641400103,-2.498653999923306,9.736560880243861e-05,lower,0.1
225,phase1,lower,-10.0,4,-14.391788704530766,-10.006854429418063,-7.49961815252401,-4.997933097138174,-2.4986350415311276,7.905430869180853e-05,lower,0.1
226,phase1,lower,-10.0,4,-14.391788704530766,-10.006059652850835,-7.499204463294811,-4.997786166498621,-2.4986385023214304,6.252295661029487e-05,lower,0.1
227,phase1,lower,-10.0,4,-14.391788704530766,-10.005317863234284,-7.498838154034515,-4.99767597036093,-2.4986608643525234,4.7656642681527184e-05,lower,0.1
228,phase1,lower,-10.0,4,-14.391788704530766,-10.004627001335894,-7.498516959833874,-4.997599597717604,-2.4986989666253048,3.434582432739917e-05,lower,0.1
229,phase1,lower,-10.0,4,-14.391788704530766,-10.003985085943798,-7.498238614632366,-4.997554139538319,-2.4987499763742433,2.2486234283377286e-05,lower,0.1
230,phase1,lower,-10.0,4,-14.391788704530766,-10.0033902012018,-7.498000846069955,-4.997536717657267,-2.498811362436138,1.197863620143411e-05,lower,0.1
231,phase1,lower,-10.0,4,-14.391788704530766,-10.002840484916035,-7.4978013740993195,-4.997544509277455,-2.498880870601164,2.7285552530073893e-06,lower,0.1
232,phase1,lower,-10.0,4,-14.391788704530766,-10.002334118134636,-7.497637912635272,-4.997574767572333,-2.4989565008105425,-5.353980461317652e-06,lower,0.1
233,phase1,lower,-10.0,4,-14.391788704530766,-10.001869316167115,-7.497508173588186,-4.9976248388009,-2.499036486060242,-1.2354677381247797e-05,lower,0.1
234,phase1,lower,-10.0,4,-14.391788704530766,-10.001444321118866,-7.497409872706577,-4.997692176305561,-2.499119272875329,-1.8355190167885118e-05,lower,0.1
235,phase1,lower,-10.0,4,-14.391788704530766,-10.001057395948788,-7.49734073672915,-4.997774351723582,-2.4992035032279105,-2.343331160716851e-05,lower,0.1
236,phase1,lower,-10.0,4,-14.391788704530766,-10.00070682000727,-7.497298511415976,-4.9978690637100325,-2.4992879977809483,-2.7663139918538767e-05,lower,0.1
237,phase1,lower,-10.0,4,-14.391788704530766,-10.000390885974069,-7.497280970091566,-4.997974144441392,-2.4993717403497557,-3.111522527344613e-05,lower,0.1
238,phase1,lower,-10.0,4,-14.391788704530766,-10.000107898088565,-7.4972859223896435,-4.99808756414384,-2.4994538634824344,-3.3856697682607985e-05,lower,0.1
239,phase1,lower,-10.0,4,-14.391788704530766,-9.999856171546588,-7.497311222940732,-4.998207433868031,-2.499533635069565,-3.5951378595838614e-05,lower,0.1
240,phase1,lower,-10.0,4,-14.391788704530766,-9.999634032926737,-7.49735477978962,-4.998332006712531,-2.4996104459020927,-3.745987862315169e-05,lower,0.1
241,phase1,lower,-10.0,4,-14.391788704530766,-9.999439821503787,-7.497414562370742,-4.998459677680588,-2.4996837981043716,-3.8439683761294955e-05,lower,0.1
242,phase1,upper,-15.0,2,-14.539482375989513,-9.999439821503787,-7.497414562370742,-4.998459677680588,-2.4996837981043716,-0.004975857492217607,lower,0.1
243,phase1,lower,-10.0,4,-14.539482375989513,-10.003715567333478,-7.500599182125231,-5.000766383592785,-2.50127747525425,-0.0012244192482254652,lower,0.1
244,phase1,lower,-10.0,4,-14.539482375989513,-10.004505906136055,-7.501303143997745,-5.001303076406587,-2.5015034357570434,-0.00023678198654239583,lower,0.1
245,phase1,lower,-10.0,4,-14.539482375989513,-10.004398733710113,-7.501365835312416,-5.001366999168322,-2.501389222662484,1.7001587376122034e-05,lower,0.1
246,phase1,lower,-10.0,4,-14.539482375989513,-10.004080142441707,-7.501273352441222,-5.001304433462099,-2.50120554879163,7.648348345662496e-05,lower,0.1
247,phase1,lower,-10.0,4,-14.539482375989513,-10.003730628306547,-7.501152492618719,-5.0012086066354025,-2.5010221671746096,8.503170430479123e-05,lower,0.1
248,phase1,lower,-10.0,4,-14.539482375989513,-10.00339628620389,-7.501034924383105,-5.001105252021675,-2.5008556191243536,8.070049630104419e-05,lower,0.1
249,phase1,lower,-10.0,4,-14.539482375989513,-10.003087519575141,-7.50092735906513,-5.001001968920903,-2.5007084932559622,7.355165058513367e-05,lower,0.1
250,phase1,lower,-10.0,4,-14.539482375989513,-10.002805307038614,-7.500830158177068,-5.0009013725089675,-2.500579845895604,6.620882471627524e-05,lower,0.1
251,phase1,lower,-10.0,4,-14.539482375989513,-10.002548204210214,-7.500742239031426,-5.00080461422941,-2.5004679561547274,5.932160566950426e-05,lower,0.1
252,phase1,lower,-10.0,4,-14.539482375989513,-10.002314218247232,-7.500662342879825,-5.000712338982308,-2.5003710441634945,5.3018088010776265e-05,lower,0.1
253,phase1,lower,-10.0,4,-14.539482375989513,-10.00210131443128,-7.500589340459706,-5.000624957973937,-2.500287448718494,4.729101385543412e-05,lower,0.1
254,phase1,lower,-10.0,4,-14.539482375989513,-10.001907555121655,-7.500522285575167,-5.0005427370761035,-2.5002156621161453,4.2100363054131016e-05,lower,0.1
255,phase1,lower,-10.0,4,-14.539482375989513,-10.001731137840258,-7.5004604052187815,-5.000465833916097,-2.500154327915805,3.740052138236007e-05,lower,0.1
256,phase1,lower,-10.0,4,-14.539482375989513,-10.001570404108866,-7.500403075979262,-5.00039431941442,-2.5001022297310627,3.3147365488641033e-05,lower,0.1
257,phase1,lower,-10.0,4,-14.539482375989513,-10.001423838666966,-7.500349799623021,-5.000328193529004,-2.5000582784945493,2.9299985693017e-05,lower,0.1
258,phase1,upper,-15.0,2,-14.667651136725379,-10.001423838666966,-7.500349799623021,-5.000328193529004,-2.5000582784945493,-0.0022636099622559344,lower,0.1
259,phase1,lower,-10.0,4,-14.667651136725379,-10.003353683728601,-7.501744714235654,-5.001278571316444,-2.500729321442784,-0.0005247067100333677,lower,0.1
260,phase1,lower,-10.0,4,-14.667651136725379,-10.003665022818337,-7.501985222994745,-5.001412046605967,-2.5007734397457395,-6.915959345381302e-05,lower,0.1
261,phase1,lower,-10.0,4,-14.667651136725379,-10.003559286470086,-7.501926121304506,-5.001331461321494,-2.5006671461670247,4.571955114852227e-05,lower,0.1
262,phase1,lower,-10.0,4,-14.667651136725379,-10.003354822357494,-7.50179375652951,-5.00119794484282,-2.5005355355668923,7.048903878943443e-05,lower,0.1
263,phase1,lower,-10.0,4,-14.667651136725379,-10.003135275639785,-7.501647618489049,-5.001055027189432,-2.500410423251696,7.172287917889557e-05,lower,0.1
264,phase1,lower,-10.0,4,-14.667651136725379,-10.00292195933345,-7.5015030072021345,-5.000914820320702,-2.500298954087738,6.708912771964064e-05,lower,0.1
265,phase1,lower,-10.0,4,-14.667651136725379,-10.002719683905372,-7.501363610655982,-5.000780948151001,-2.5002018304081908,6.125727767817036e-05,lower,0.1
266,phase1,lower,-10.0,4,-14.667651136725379,-10.002528945030523,-7.501230138342813,-5.000654660245216,-2.500118147896263,5.5443389774714347e-05,lower,0.1
267,phase1,lower,-10.0,4,-14.667651136725379,-10.002349165310955,-7.5011025934169275,-5.0005364731203965,-2.5000466721502685,4.99474029520316e-05,lower,0.1
268,phase1,lower,-10.0,4,-14.667651136725379,-10.002179555458895,-7.500980857082276,-5.000426620761878,-2.4999861697259944,4.4827549478064296e-05,lower,0.1
269,phase1,lower,-10.0,4,-14.667651136725379,-10.002019340826703,-7.500864827237896,-5.000325186929001,-2.4999354884649243,4.007953836832032e-05,lower,0.1
270,phase1,lower,-10.0,4,-14.667651136725379,-10.00186781788329,-7.500754441230937,-5.000232151411005,-2.4998935717897894,3.568407622515179e-05,lower,0.1
271,phase1,lower,-10.0,4,-14.667651136725379,-10.001724364549453,-7.500649670111308,-5.0001474121274,-2.4998594560359995,3.1619378546597995e-05,lower,0.1
272,phase1,lower,-10.0,4,-14.667651136725379,-10.001588437664946,-7.500550507354603,-5.0000707996818745,-2.4998322638324617,2.7864369920402425e-05,lower,0.1
273,phase1,lower,-10.0,4,-14.667651136725379,-10.001459566700984,-7.500456957915901,-5.00000208891977,-2.4998111969572663,2.439940871195736e-05,lower,0.1
274,phase1,lower,-10.0,4,-14.667651136725379,-10.001337346354635,-7.500369028951602,-4.999941008815344,-2.499795529542829,2.120635660393993e-05,lower,0.1
275,phase1,lower,-10.0,4,-14.667651136725379,-10.00122142889339,-7.500286722363434,-4.999887251142233,-2.499784601826087,1.8268479308483154e-05,lower,0.1
276,phase1,lower,-10.0,4,-14.667651136725379,-10.001111516609017,-7.50021002902304,-4.999840478134855,-2.4997778144589082,1.557030944853338e-05,lower,0.1
277,phase1,lower,-10.0,4,-14.667651136725379,-10.001007354571916,-7.500138924474448,-4.999800329271438,-2.4997746233466906,1.3097507576733894e-05,lower,0.1
278,phase1,lower,-10.0,4,-14.667651136725379,-10.00090872380535,-7.500073365911741,-4.999766427278798,-2.4997745349719382,1.0836731576783378e-05,lower,0.1
279,phase1,lower,-10.0,4,-14.667651136725379,-10.00081543495757,-7.500013290244426,-4.9997383834422084,-2.499777102158326,8.775517483287649e-06,lower,0.1
280,phase1,lower,-10.0,4,-14.667651136725379,-10.00072732252052,-7.499958613080935,-4.999715802291872,-2.499781920232465,6.902172549905929e-06,lower,0.1
281,phase1,lower,-10.0,4,-14.667651136725379,-10.000644239621266,-7.499909228478453,-4.999698285728123,-2.4997886235431492,5.205680583284704e-06,lower,0.1
282,phase1,lower,-10.0,4,-14.667651136725379,-10.00056605339446,-7.499865009323797,-4.999685436639631,-2.499796882300843,3.6756191763733384e-06,lower,0.1
283,phase1,lower,-10.0,4,-14.667651136725379,-10.000492640930133,-7.499825808225391,-4.999676862062287,-2.499806399703186,2.302088248438985e-06,lower,0.1
284,phase1,upper,-15.0,2,-14.778272405293587,-10.000492640930133,-7.499825808225391,-4.999676862062287,-2.499806399703186,-1.3237234710097856e-05,lower,0.1
285,phase1,lower,-10.0,4,-14.778272405293587,-10.000437871170899,-7.49980124858392,-4.999679028762361,-2.49982170630436,-2.655342287762807e-06,lower,0.1
286,phase1,lower,-10.0,4,-14.778272405293587,-10.000376598720258,-7.499773510657557,-4.999679135420434,-2.499833475200269,-6.351091375394326e-07,lower,0.1
287,phase1,lower,-10.0,4,-14.778272405293587,-10.00031686151221,-7.499748189874908,-4.9996809029857605,-2.4998447283654373,-7.962769214865441e-07,lower,0.1
288,phase1,lower,-10.0,4,-14.778272405293587,-10.00026071099771,-7.499726608706247,-4.999685072041899,-2.499856129376864,-1.4489196806115104e-06,lower,0.1
289,phase1,lower,-10.0,4,-14.778272405293587,-10.000208604796276,-7.499708947097342,-4.999691600725728,-2.499867731052455,-2.1497067985925176e-06,lower,0.1
290,phase1,lower,-10.0,4,-14.778272405293587,-10.000160573762502,-7.499695076017593,-4.999700249896556,-2.4998794387627394,-2.786480505210842e-06,lower,0.1
291,phase1,lower,-10.0,4,-14.778272405293587,-10.000116531820467,-7.499684780449095,-4.99971073940843,-2.4998911324235316,-3.3349215026267907e-06,lower,0.1
292,phase1,lower,-10.0,4,-14.778272405293587,-10.000076358112683,-7.499677820058548,-4.999722790201306,-2.4999026978365424,-3.793870354764983e-06,lower,0.1
293,phase1,lower,-10.0,4,-14.778272405293587,-10.00003991879059,-7.499673946683686,-4.9997361358862875,-2.49991403400406,-4.168138037365518e-06,lower,0.1
294,phase1,lower,-10.0,4,-14.778272405293587,-10.000007072904134,-7.499672910284024,-4.99975052608259,-2.499925054122001,-4.463938592409621e-06,lower,0.1
295,phase1,lower,-10.0,4,-14.778272405293587,-9.999977674186855,-7.49967446175445,-4.999765727436491,-2.499935684951837,-4.687675701610079e-06,lower,0.1
296,phase1,lower,-10.0,4,-14.778272405293587,-9.999951571851746,-7.499678354822672,-4.999781523911452,-2.4999458658159663,-4.845619799659449e-06,lower,0.1
297,phase1,lower,-10.0,4,-14.778272405293587,-9.999928611206657,-7.499684347612239,-4.999797716783782,-2.4999555475431072,-4.943821205618136e-06,lower,0.1
298,phase1,upper,-15.0,2,-14.873085908071992,-9.999928611206657,-7.499684347612239,-4.999797716783782,-2.4999555475431072,0.0018785644869556348,lower,0.1
299,phase1,lower,-10.0,4,-14.873085908071992,-9.998213476808955,-7.498505593785562,-4.998983497306664,-2.499383252432163,0.00044724225923031553,lower,0.1
300,phase1,lower,-10.0,4,-14.873085908071992,-9.997840170473307,-7.498279508672725,-4.998844663388821,-2.49933055397606,7.045451632111435e-05,lower,0.1
301,phase1,lower,-10.0,4,-14.873085908071992,-9.99782069522856,-7.4983034999304365,-4.998885744675151,-2.4994053621836336,-2.6199518080140316e-05,lower,0.1
302,phase1,lower,-10.0,4,-14.873085908071992,-9.99789255526502,-7.498391265828249,-4.998974106030445,-2.4995043353611113,-4.856866458977819e-05,lower,0.1
303,phase1,lower,-10.0,4,-14.873085908071992,-9.997986138119474,-7.498493613292368,-4.9990737100597,-2.49960082478426,-5.136557414657426e-05,lower,0.1
304,phase1,lower,-10.0,4,-14.873085908071992,-9.998083114653495,-7.498597685110481,-4.999174327643841,-2.4996885086815763,-4.9126882049401655e-05,lower,0.1
305,phase1,lower,-10.0,4,-14.873085908071992,-9.998178785893037,-7.498700192701847,-4.999272705432636,-2.4997664124809527,-4.570948096798989e-05,lower,0.1
306,phase1,lower,-10.0,4,-14.873085908071992,-9.99827206510679,-7.498800318931774,-4.999367546450993,-2.499834930542629,-4.213153317173574e-05,lower,0.1
307,phase1,lower,-10.0,4,-14.873085908071992,-9.998362808869143,-7.498897847402868,-4.9994581640065965,-2.499894772261348,-3.86569071516495e-05,lower,0.1
308,phase1,upper,-15.0,2,-14.953744928863937,-9.998362808869143,-7.498897847402868,-4.9994581640065965,-2.499894772261348,0.003429816019451311,lower,0.1
309,phase1,lower,-10.0,4,-14.953744928863937,-9.99532947830501,-7.496807541011397,-4.998014516744082,-2.4988759677964985,0.0007974310201740754,lower,0.1
310,phase1,lower,-10.0,4,-14.953744928863937,-9.994759596657492,-7.496465764735028,-4.99780951849936,-2.498807829850289,0.00010669994121880704,lower,0.1
311,phase1,upper,-15.0,2,-15.021593233958574,-9.994759596657492,-7.496465764735028,-4.99780951849936,-2.498807829850289,0.004779620990871317,lower,0.1
312,phase1,lower,-10.0,4,-15.021593233958574,-9.990628554573462,-7.493635045425306,-4.995870064705781,-2.4975265018216652,0.0010535477071938353,lower,0.1
313,phase1,lower,-10.0,4,-15.021593233958574,-9.989981010722172,-7.493275987550821,-4.99568826207617,-2.497575363002788,8.017510542515961e-05,lower,0.1
314,phase1,upper,-15.0,2,-15.078176473052979,-9.989981010722172,-7.493275987550821,-4.99568826207617,-2.497575363002788,0.005786068522451393,lower,0.1
315,phase1,lower,-10.0,4,-15.078176473052979,-9.98510304673483,-7.489960956208585,-4.993452722424676,-2.4961718036066194,0.0012075010757758224,lower,0.1
316,phase1,lower,-10.0,4,-15.078176473052979,-9.984502086714006,-7.489680570708247,-4.993378214745342,-2.4963855473796,1.665755981006812e-05,lower,0.1
317,phase1,lower,-10.0,4,-15.078176473052979,-9.985004943309601,-7.49017965991712,-4.993869311761384,-2.4969614452495965,-0.0002752300514670502,lower,0.1
318,phase1,lower,-10.0,4,-15.078176473052979,-9.985770122016673,-7.4908617373823745,-4.994497324306579,-2.4975719477662803,-0.0003296598971238549,lower,0.1
319,phase1,lower,-10.0,4,-15.078176473052979,-9.986575977460655,-7.491570455424857,-4.995144559044546,-2.498135608497462,-0.000322395850863633,lower,0.1
320,phase1,lower,-10.0,4,-15.078176473052979,-9.987365581522852,-7.492265826077904,-4.995776736991323,-2.4986359570839847,-0.0003000835288407843,lower,0.1
321,phase1,lower,-10.0,4,-15.078176473052979,-9.988125681154314,-7.492938276395401,-4.996382405053561,-2.499073382555168,-0.0002750488715997838,lower,0.1
322,phase1,lower,-10.0,4,-15.078176473052979,-9.988854484662863,-7.493585910121835,-4.996956748879924,-2.4994523729455365,-0.0002504985812555547,lower,0.1
323,phase1,upper,-15.0,2,-15.12504216722641,-9.988854484662863,-7.493585910121835,-4.996956748879924,-2.4994523729455365,0.0064201719773012336,lower,0.1
324,phase1,lower,-10.0,4,-15.12504216722641,-9.983549472429187,-7.490006034139336,-4.994555452032139,-2.4977189160227113,0.0013744086770215258,lower,0.1
325,phase1,lower,-10.0,4,-15.12504216722641,-9.982958160790883,-7.489769425628267,-4.994510547504057,-2.4977795622991885,6.181579721056406e-05,lower,0.1
326,phase1,lower,-10.0,4,-15.12504216722641,-9.983583653057133,-7.490388498014212,-4.995066931413074,-2.4982505071693906,-0.0002602028755626457,lower,0.1
327,phase1,lower,-10.0,4,-15.12504216722641,-9.984498320140847,-7.491203999979544,-4.995754967728287,-2.498770188115579,-0.0003206094117951321,lower,0.1
328,phase1,lower,-10.0,4,-15.12504216722641,-9.985457436595333,-7.492042134039494,-4.996447491995784,-2.4992482818146167,-0.0003130929758844653,lower,0.1
329,phase1,lower,-10.0,4,-15.12504216722641,-9.986397690018045,-7.492857705240922,-4.9971090404265475,-2.499666103572479,-0.0002890570539247283,lower,0.1
330,phase1,lower,-10.0,4,-15.12504216722641,-9.987303842888865,-7.493639365114475,-4.9977291012396465,-2.5000235820691246,-0.00026208600140961984,lower,0.1
331,phase1,lower,-10.0,4,-15.12504216722641,-9.988173272512695,-7.494384512007971,-4.99830429349466,-2.5003251957650536,-0.00023571512902529956,lower,0.1
332,phase1,lower,-10.0,4,-15.12504216722641,-9.989006540078345,-7.495092694154299,-4.9988335606202,-2.5005762643788,-0.00021081271946637054,lower,0.1
333,phase1,lower,-10.0,4,-15.12504216722641,-9.98980488693346,-7.495763918974204,-4.99931683111196,-2.500781991023532,-0.0001875422440007907,lower,0.1
334,phase1,lower,-10.0,4,-15.12504216722641,-9.990569578157134,-7.4963982556668,-4.999754607566011,-2.500947233562817,-0.00016588376834590827,lower,0.1
335,phase1,lower,-10.0,4,-15.12504216722641,-9.99130174129961,-7.496995771923539,-5.000147808413743,-2.5010764678820854,-0.00014577229632114637,lower,0.1
336,phase1,lower,-10.0,4,-15.12504216722641,-9.992002339428693,-7.497556550946089,-5.000497682107283,-2.5011738003222157,-0.00012713425224556904,lower,0.1
337,phase1,lower,-10.0,4,-15.12504216722641,-9.992672181407453,-7.498080722352093,-5.000805745273047,-2.5012429914227874,-0.00010989687139483862,lower,0.1
338,phase1,lower,-10.0,4,-15.12504216722641,-9.993311942686173,-7.4985684902786724,-5.001073731451026,-2.5012874810206545,-9.399038854118314e-05,lower,0.1
339,phase1,lower,-10.0,4,-15.12504216722641,-9.993922188795109,-7.499020155125686,-5.001303546430487,-2.501310412172718,-7.934832259170144e-05,lower,0.1
340,phase1,lower,-10.0,4,-15.12504216722641,-9.994503398918498,-7.499436128790324,-5.00149722874385,-2.5013146533478845,-6.590727338178438e-05,lower,0.1
341,phase1,lower,-10.0,4,-15.12504216722641,-9.995055988451725,-7.499816944074447,-5.001656914605138,-2.5013028188580235,-5.360661228509184e-05,lower,0.1
342,phase1,lower,-10.0,4,-15.12504216722641,-9.995580329965053,-7.5001632590950695,-5.001784806812042,-2.5012772876341804,-4.23881713385109e-05,lower,0.1
343,phase1,lower,-10.0,4,-15.12504216722641,-9.99607677223226,-7.50047585750122,-5.0018831472267316,-2.5012402204856934,-3.2195960365237095e-05,lower,0.1
344,phase1,lower,-10.0,4,-15.12504216722641,-9.996545657123486,-7.500755645231063,-5.0019541925053215,-2.5011935759820014,-2.297592033369119e-05,lower,0.1
345,phase1,lower,-10.0,4,-15.12504216722641,-9.996987334262544,-7.501003644467203,-5.002000192785495,-2.5011391250904254,-1.4675714580925679e-05,lower,0.1
346,phase1,lower,-10.0,4,-15.12504216722641,-9.997402173426133,-7.5012209853747445,-5.00202337307358,-2.5010784646939306,-7.24455704650319e-06,lower,0.1
347,phase1,lower,-10.0,4,-15.12504216722641,-9.997790574722336,-7.50140889613818,-5.002025917098971,-2.5010130301026354,-6.330754804010759e-07,lower,0.1
348,phase1,lower,-10.0,4,-15.12504216722641,-9.998152976631852,-7.501568691750039,-5.002009953426325,-2.500944106662362,5.206793086598731e-06,lower,0.1
349,phase1,lower,-10.0,4,-15.12504216722641,-9.998489862029892,-7.501701761946214,-5.001977543635171,-2.500872840553168,1.0321877726627076e-05,lower,0.1
350,phase1,lower,-10.0,4,-15.12504216722641,-9.99880176233157,-7.501809558629883,-5.001930672392913,-2.500800248860797,1.4757823192647418e-05,lower,0.1
351,phase1,lower,-10.0,4,-15.12504216722641,-9.99908925992053,-7.50189358307763,-5.001871239261313,-2.5007272289944784,1.8559117120735907e-05,lower,0.1
352,phase1,lower,-10.0,4,-15.12504216722641,-9.99935298903083,-7.501955373177454,-5.001801052088608,-2.500654567515611,2.176909827187047e-05,lower,0.1
353,phase1,lower,-10.0,4,-15.12504216722641,-9.99959363525705,-7.501996490908617,-5.001721821849943,-2.500582948433623,2.4429949133629966e-05,lower,0.1
354,phase1,lower,-10.0,4,-15.12504216722641,-9.999811933867987,-7.502018510237388,-5.001635158807973,-2.5005129610177836,2.6582676046269693e-05,lower,0.1
355,phase1,lower,-10.0,4,-15.12504216722641,-10.000008667096484,-7.502023005570511,-5.001542569873606,-2.500445107166926,2.8267079817467403e-05,lower,0.1
356,phase1,lower,-10.0,4,-15.12504216722641,-10.000184660572051,-7.502011540879334,-5.001445457054081,-2.5003798083729536,2.9521719558997436e-05,lower,0.1
357,phase1,lower,-10.0,4,-15.12504216722641,-10.000340779055175,-7.501985659581782,-5.0013451168821685,-2.500317412308608,3.0383872227687446e-05,lower,0.1
358,phase1,lower,-10.0,4,-15.12504216722641,-10.000477921622831,-7.501946875246536,-5.001242740726224,-2.5002581990652484,3.088949009042758e-05,lower,0.1
359,phase1,lower,-10.0,4,-15.12504216722641,-10.00059701644412,-7.501896663163588,-5.001139415886437,-2.500202387062294,3.107315806932559e-05,lower,0.1
360,phase1,lower,-10.0,4,-15.12504216722641,-10.000699015273804,-7.501836452807716,-5.001036127387828,-2.500150138646477,3.0968052659059614e-05,lower,0.1
361,phase1,lower,-10.0,4,-15.12504216722641,-10.000784887779801,-7.501767621205967,-5.000933760385524,-2.500101565396095,3.060590385452628e-05,lower,0.1
362,phase1,lower,-10.0,4,-15.12504216722641,-10.00085561580895,-7.501691487207,-5.000833103102584,-2.5000567331429733,3.0016961281588454e-05,lower,0.1
363,phase1,lower,-10.0,4,-15.12504216722641,-10.000912187683602,-7.501609306638699,-5.000734850225302,-2.5000156667228413,2.9229965493717752e-05,lower,0.1
364,phase1,lower,-10.0,4,-15.12504216722641,-10.000955592610167,-7.501522268330886,-5.000639606685363,-2.499978354463206,2.8272125180928445e-05,lower,0.1
365,phase1,lower,-10.0,4,-15.12504216722641,-10.000986815269576,-7.501431490971929,-5.0005478917626345,-2.4999447524165284,2.716910084040132e-05,lower,0.1
366,phase1,lower,-10.0,4,-15.12504216722641,-10.001006830649056,-7.501338020761434,-5.000460143446677,-2.499914788345588,2.5944995275281648e-05,lower,0.1
367,phase1,lower,-10.0,4,-15.12504216722641,-10.001016599164545,-7.501242829815969,-5.0003767229992775,-2.499888365467196,2.462235112664852e-05,lower,0.1
368,phase1,upper,-15.0,2,-15.16280296190557,-10.001016599164545,-7.501242829815969,-5.0003767229992775,-2.499888365467196,0.007163795900410101,lower,0.1
369,phase1,lower,-10.0,4,-15.16280296190557,-9.994591805919319,-7.49664913594463,-4.9971495441292495,-2.4976615030853364,0.001737337724680273,lower,0.1
370,phase1,lower,-10.0,4,-15.16280296190557,-9.993233934969638,-7.495660201907228,-4.996486968646738,-2.4974095357039325,0.0003077028159036599,lower,0.1
371,phase1,lower,-10.0,4,-15.16280296190557,-9.993199629129082,-7.495614535014475,-4.9965117075577306,-2.497646228987775,-6.032814884323323e-05,lower,0.1
372,phase1,lower,-10.0,4,-15.16280296190557,-9.99349541505158,-7.495807461461477,-4.996721629794277,-2.497979767233088,-0.0001469606868814948,lower,0.1
373,phase1,lower,-10.0,4,-15.16280296190557,-9.993858884310763,-7.49605388878056,-4.996980633423205,-2.49830899314016,-0.00015954236219265378,lower,0.1
374,phase1,upper,-15.0,2,-15.19294329677837,-9.993858884310763,-7.49605388878056,-4.996980633423205,-2.49830899314016,0.007505620306907037,lower,0.1
375,phase1,lower,-10.0,4,-15.19294329677837,-9.987323326481526,-7.491477287572158,-4.993869998529385,-2.496243529932641,0.0016872639335960317,lower,0.1
376,phase1,lower,-10.0,4,-15.19294329677837,-9.986220185050351,-7.490765739339162,-4.993506381335452,-2.4962625830532845,0.00016465669827341135,lower,0.1
377,phase1,lower,-10.0,4,-15.19294329677837,-9.986526549450787,-7.4910587997846765,-4.993869296213256,-2.4967718484885513,-0.00021752986219782504,lower,0.1
378,phase1,lower,-10.0,4,-15.19294329677837,-9.987175551360155,-7.491599263999734,-4.994417025044896,-2.497353264074007,-0.00029797821647420674,lower,0.1
379,phase1,lower,-10.0,4,-15.19294329677837,-9.987886103018939,-7.492188206621897,-4.99500174505838,-2.4979009833977934,-0.00029954875759174846,lower,0.1
380,phase1,lower,-10.0,4,-15.19294329677837,-9.988585907261067,-7.492774432980108,-4.9955810451903,-2.4983917279017636,-0.00028140382098239107,lower,0.1
381,phase1,upper,-15.0,2,-15.216371532514044,-9.988585907261067,-7.492774432980108,-4.9955810451903,-2.4983917279017636,0.007736158537780872,lower,0.1
382,phase1,lower,-10.0,4,-15.216371532514044,-9.982042217148969,-7.488294404516739,-4.99260540921205,-2.496348750570219,0.0016658220358946002,lower,0.1
383,phase1,lower,-10.0,4,-15.216371532514044,-9.98116819605344,-7.487844846162586,-4.992479679298062,-2.496464900895004,8.410944236789068e-05,lower,0.1
384,phase1,lower,-10.0,4,-15.216371532514044,-9.981760162566223,-7.488435610080389,-4.993092438375393,-2.4970759776309666,-0.00030638272628774783,lower,0.1
385,phase1,lower,-10.0,4,-15.216371532514044,-9.9827034517713,-7.489274551110333,-4.993877807405226,-2.4977468460007635,-0.0003820832188770737,lower,0.1
386,phase1,lower,-10.0,4,-15.216371532514044,-9.983704436602194,-7.490153008849869,-4.994681691661774,-2.4983685117206633,-0.00037586709106936114,lower,0.1
387,phase1,lower,-10.0,4,-15.216371532514044,-9.984687574208923,-7.49101678484912,-4.995460283506227,-2.4989181415771817,-0.0003495410039461209,lower,0.1
388,phase1,lower,-10.0,4,-15.216371532514044,-9.985635082176493,-7.491852234234602,-4.996199813440904,-2.499395310476687,-0.0003194425749691504,lower,0.1
389,phase1,lower,-10.0,4,-15.216371532514044,-9.986544295699778,-7.492656104083032,-4.996895126132512,-2.499805091940605,-0.000289828194711514,lower,0.1
390,phase1,lower,-10.0,4,-15.216371532514044,-9.987416321913344,-7.493427616876996,-4.997543903720969,-2.500153598528716,-0.00026174840569306775,lower,0.1
391,phase1,lower,-10.0,4,-15.216371532514044,-9.988253024974833,-7.494166452020999,-4.998145057468254,-2.500446829422211,-0.00023540706909049125,lower,0.1
392,phase1,lower,-10.0,4,-15.216371532514044,-9.989056234041632,-7.494872281549498,-4.998698235299367,-2.5006903947677492,-0.00021078823003507714,lower,0.1
393,phase1,lower,-10.0,4,-15.216371532514044,-9.98982754819945,-7.49554470679212,-4.999203632904796,-2.500889470757634,-0.00018782240881398747,lower,0.1
394,phase1,lower,-10.0,4,-15.216371532514044,-9.99056830422665,-7.496183290802943,-4.99966189167481,-2.5010488137932088,-0.0001664304083117451,lower,0.1
395,phase1,lower,-10.0,4,-15.216371532514044,-9.99127959025176,-7.496787606684926,-5.000074025166548,-2.501172788207013,-0.00014653453641225406,lower,0.1
396,phase1,lower,-10.0,4,-15.216371532514044,-9.991962272977847,-7.497357281734723,-5.000441358010742,-2.501265395566508,-0.00012806116060907428,lower,0.1
397,phase1,lower,-10.0,4,-15.216371532514044,-9.992617028898083,-7.497892033129944,-5.0007654724631045,-2.5013303025116134,-0.0001109409677037938,lower,0.1
398,phase1,lower,-10.0,4,-15.216371532514044,-9.993244376192202,-7.498391694987173,-5.001048160876691,-2.501370866457876,-9.510863375926291e-05,lower,0.1
399,phase1,lower,-10.0,4,-15.216371532514044,-9.993844705842081,-7.498856237622858,-5.001291383246539,-2.5013901591309917,-8.050236541036376e-05,lower,0.1
400,phase2,lower,-20.0,4,-15.216371532514044,-9.994596435609198,-8.99922150946641,-5.001306199629207,-2.501181635261343,nan,lower,0.1
401,phase2,lower,-20.0,4,-15.216371532514044,-10.22029019668778,-10.27453421299083,-5.0012875149740275,-2.5010043899721417,nan,lower,0.1
402,phase2,lower,-20.0,4,-15.216371532514044,-10.603426799133237,-11.358547208288309,-5.001245046223745,-2.5008537314763206,nan,lower,0.1
403,phase2,lower,-20.0,4,-15.216371532514044,-11.091694860506497,-12.279951883978624,-5.001186349011631,-2.5007256717548727,nan,lower,0.1
404,phase2,lower,-20.0,4,-15.216371532514044,-11.644933414027316,-13.063137053733575,-5.001117247423117,-2.5006168209916417,nan,lower,0.1
405,phase2,lower,-20.0,4,-15.216371532514044,-12.232663959983254,-13.728834082787007,-5.001042183458396,-2.5005242978428956,nan,lower,0.1
406,phase2,lower,-20.0,4,-15.216371532514044,-12.832089478403818,-14.294665297887715,-5.000964500616071,-2.5004456531664614,nan,lower,0.1
407,phase2,lower,-20.0,4,-15.216371532514044,-13.426475851326403,-14.775610178296969,-5.00088667349863,-2.500378805191492,nan,lower,0.1
408,phase2,lower,-20.0,4,-15.216371532514044,-14.003846000371988,-15.184401652577218,-5.000810493252559,-2.500321984412768,nan,lower,0.1
409,phase2,lower,-20.0,4,-15.216371532514044,-14.555929348202772,-15.53186297867852,-5.0007372169265905,-2.500273686750853,nan,lower,0.1
410,phase2,lower,-20.0,4,-15.216371532514044,-15.077319392774134,-15.82719411441573,-5.00066768740023,-2.500232633738225,nan,lower,0.1
411,phase2,lower,-20.0,4,-15.216371532514044,-15.564800601020375,-16.078215150363405,-5.00060242935093,-2.500197738677491,nan,upper,0.1
412,phase2,upper,-15.0,2,-15.242214539341788,-15.564800601020375,-16.078215150363405,-5.00060242935093,-2.500197738677491,nan,upper,0.1
413,phase2,upper,-15.0,2,-15.255436284639643,-15.564800601020375,-16.078215150363405,-5.00060242935093,-2.500197738677491,nan,upper,0.1
414,phase2,upper,-15.0,2,-15.25924167921295,-15.564800601020375,-16.078215150363405,-5.00060242935093,-2.500197738677491,nan,upper,0.1
415,phase2,upper,-15.0,2,-15.256158139009873,-15.564800601020375,-16.078215150363405,-5.00060242935093,-2.500197738677491,nan,upper,0.1
416,phase2,lower,-20.0,4,-15.256158139009873,-16.01681278342183,-16.291573242211534,-5.000541725749914,-2.5001680778758675,nan,upper,0.1
417,phase2,upper,-15.0,2,-15.248166723085427,-16.01681278342183,-16.291573242211534,-5.000541725749914,-2.5001680778758675,nan,upper,0.1
418,phase2,upper,-15.0,2,-15.236809173810594,-16.01681278342183,-16.291573242211534,-5.000541725749914,-2.5001680778758675,nan,upper,0.1
419,phase2,upper,-15.0,2,-15.223275138048788,-16.01681278342183,-16.291573242211534,-5.000541725749914,-2.5001680778758675,nan,upper,0.1
420,phase2,upper,-15.0,2,-15.208473106604785,-16.01681278342183,-16.291573242211534,-5.000541725749914,-2.5001680778758675,nan,upper,0.1
421,phase2,upper,-15.0,2,-15.193087993987886,-16.01681278342183,-16.291573242211534,-5.000541725749914,-2.5001680778758675,nan,upper,0.1
422,phase2,upper,-15.0,2,-15.177627770257448,-16.01681278342183,-16.291573242211534,-5.000541725749914,-2.5001680778758675,nan,upper,0.1
423,phase2,upper,-15.0,2,-15.162461133781415,-16.01681278342183,-16.291573242211534,-5.000541725749914,-2.5001680778758675,nan,upper,0.1
424,phase2,upper,-15.0,2,-15.147847863417399,-16.01681278342183,-16.291573242211534,-5.000541725749914,-2.5001680778758675,nan,upper,0.1
425,phase2,upper,-15.0,2,-15.133963198652506,-16.01681278342183,-16.291573242211534,-5.000541725749914,-2.5001680778758675,nan,upper,0.1
426,phase2,upper,-15.0,2,-15.120917356390189,-16.01681278342183,-16.291573242211534,-5.000541725749914,-2.5001680778758675,nan,upper,0.1
427,phase2,upper,-15.0,2,-15.108771094836886,-16.01681278342183,-16.291573242211534,-5.000541725749914,-2.5001680778758675,nan,upper,0.1
428,phase2,upper,-15.0,2,-15.097548071230795,-16.01681278342183,-16.291573242211534,-5.000541725749914,-2.5001680778758675,nan,upper,0.1
429,phase2,upper,-15.0,2,-15.087244605072701,-16.01681278342183,-16.291573242211534,-5.000541725749914,-2.5001680778758675,nan,upper,0.1
430,phase2,upper,-15.0,2,-15.077837347159342,-16.01681278342183,-16.291573242211534,-5.000541725749914,-2.5001680778758675,nan,upper,0.1
431,phase2,upper,-15.0,2,-15.069289263005855,-16.01681278342183,-16.291573242211534,-5.000541725749914,-2.5001680778758675,nan,upper,0.1
432,phase2,lower,-20.0,4,-15.069289263005855,-16.433026852240285,-16.47291851474229,-5.000485678568807,-2.5001428661944876,nan,upper,0.1
433,phase2,upper,-15.0,2,-15.061554263787329,-16.433026852240285,-16.47291851474229,-5.000485678568807,-2.5001428661944876,nan,upper,0.1
434,phase2,upper,-15.0,2,-15.05458075591673,-16.433026852240285,-16.47291851474229,-5.000485678568807,-2.5001428661944876,nan,upper,0.1
435,phase2,upper,-15.0,2,-15.048314329472095,-16.433026852240285,-16.47291851474229,-5.000485678568807,-2.5001428661944876,nan,upper,0.1
436,phase2,upper,-15.0,2,-15.042699763952724,-16.433026852240285,-16.47291851474229,-5.000485678568807,-2.5001428661944876,nan,upper,0.1
437,phase2,upper,-15.0,2,-15.037682495676043,-16.433026852240285,-16.47291851474229,-5.000485678568807,-2.5001428661944876,nan,upper,0.1
438,phase2,upper,-15.0,2,-15.033209663193428,-16.433026852240285,-16.47291851474229,-5.000485678568807,-2.5001428661944876,nan,upper,0.1
439,phase2,upper,-15.0,2,-15.029230824302887,-16.433026852240285,-16.47291851474229,-5.000485678568807,-2.5001428661944876,nan,upper,0.1
440,phase2,upper,-15.0,2,-15.025698419657656,-16.433026852240285,-16.47291851474229,-5.000485678568807,-2.5001428661944876,nan,upper,0.1
441,phase2,upper,-15.0,2,-15.02256804285918,-16.433026852240285,-16.47291851474229,-5.000485678568807,-2.5001428661944876,nan,upper,0.1
442,phase2,upper,-15.0,2,-15.01979856465795,-16.433026852240285,-16.47291851474229,-5.000485678568807,-2.5001428661944876,nan,upper,0.1
443,phase2,upper,-15.0,2,-15.017352148952757,-16.433026852240285,-16.47291851474229,-5.000485678568807,-2.5001428661944876,nan,upper,0.1
444,phase2,upper,-15.0,2,-15.015194190254318,-16.433026852240285,-16.47291851474229,-5.000485678568807,-2.5001428661944876,nan,upper,0.1
445,phase2,upper,-15.0,2,-15.013293195813974,-16.433026852240285,-16.47291851474229,-5.000485678568807,-2.5001428661944876,nan,upper,0.1
446,phase2,upper,-15.0,2,-15.01162063042501,-16.433026852240285,-16.47291851474229,-5.000485678568807,-2.5001428661944876,nan,upper,0.1
447,phase2,upper,-15.0,2,-15.010150737746923,-16.433026852240285,-16.47291851474229,-5.000485678568807,-2.5001428661944876,nan,upper,0.1
448,phase2,upper,-15.0,2,-15.008860348687698,-16.433026852240285,-16.47291851474229,-5.000485678568807,-2.5001428661944876,nan,upper,0.1
449,phase2,upper,-15.0,2,-15.007728684746935,-16.433026852240285,-16.47291851474229,-5.000485678568807,-2.5001428661944876,nan,upper,0.1
450,phase2,upper,-15.0,2,-15.006737162142928,-16.433026852240285,-16.47291851474229,-5.000485678568807,-2.5001428661944876,nan,upper,0.1
451,phase2,upper,-15.0,2,-15.005869200913317,-16.433026852240285,-16.47291851474229,-5.000485678568807,-2.5001428661944876,nan,upper,0.1
452,phase2,upper,-15.0,2,-15.005110041904373,-16.433026852240285,-16.47291851474229,-5.000485678568807,-2.5001428661944876,nan,upper,0.1
453,phase2,upper,-15.0,2,-15.004446573577564,-16.433026852240285,-16.47291851474229,-5.000485678568807,-2.5001428661944876,nan,upper,0.1
454,phase2,upper,-15.0,2,-15.003867169805948,-16.433026852240285,-16.47291851474229,-5.000485678568807,-2.5001428661944876,nan,upper,0.1
455,phase2,upper,-15.0,2,-15.003361539260322,-16.433026852240285,-16.47291851474229,-5.000485678568807,-2.5001428661944876,nan,upper,0.1
456,phase2,upper,-15.0,2,-15.00292058655775,-16.433026852240285,-16.47291851474229,-5.000485678568807,-2.5001428661944876,nan,upper,0.1
457,phase2,upper,-15.0,2,-15.002536285032592,-16.433026852240285,-16.47291851474229,-5.000485678568807,-2.5001428661944876,nan,upper,0.1
458,phase2,upper,-15.0,2,-15.002201560767432,-16.433026852240285,-16.47291851474229,-5.000485678568807,-2.5001428661944876,nan,upper,0.1
459,phase2,upper,-15.0,2,-15.001910187368587,-16.433026852240285,-16.47291851474229,-5.000485678568807,-2.5001428661944876,nan,upper,0.1
460,phase2,upper,-15.0,2,-15.001656690872128,-16.433026852240285,-16.47291851474229,-5.000485678568807,-2.5001428661944876,nan,upper,0.1
461,phase2,upper,-15.0,2,-15.001436264108813,-16.433026852240285,-16.47291851474229,-5.000485678568807,-2.5001428661944876,nan,upper,0.1
462,phase2,upper,-15.0,2,-15.00124468982987,-16.433026852240285,-16.47291851474229,-5.000485678568807,-2.5001428661944876,nan,upper,0.1
463,phase2,upper,-15.0,2,-15.001078271892162,-16.433026852240285,-16.47291851474229,-5.000485678568807,-2.5001428661944876,nan,upper,0.1
464,phase2,upper,-15.0,2,-15.000933773814594,-16.433026852240285,-16.47291851474229,-5.000485678568807,-2.5001428661944876,nan,upper,0.1
465,phase2,upper,-15.0,2,-15.000808364042722,-16.433026852240285,-16.47291851474229,-5.000485678568807,-2.5001428661944876,nan,upper,0.1
466,phase2,lower,-20.0,4,-15.000808364042722,-16.814010601615585,-16.62705358931627,-5.0004342567126585,-2.5001214362653146,nan,upper,0.1
467,phase2,upper,-15.0,2,-15.000699567291583,-16.814010601615585,-16.62705358931627,-5.0004342567126585,-2.5001214362653146,nan,upper,0.1
468,phase2,upper,-15.0,2,-15.000605221374826,-16.814010601615585,-16.62705358931627,-5.0004342567126585,-2.5001214362653146,nan,upper,0.1
469,phase2,upper,-15.0,2,-15.000523438969035,-16.814010601615585,-16.62705358931627,-5.0004342567126585,-2.5001214362653146,nan,upper,0.1
470,phase2,upper,-15.0,2,-15.000452573804047,-16.814010601615585,-16.62705358931627,-5.0004342567126585,-2.5001214362653146,nan,upper,0.1
471,phase2,upper,-15.0,2,-15.000391190811753,-16.814010601615585,-16.62705358931627,-5.0004342567126585,-2.5001214362653146,nan,upper,0.1
472,phase2,upper,-15.0,2,-15.000338039806556,-16.814010601615585,-16.62705358931627,-5.0004342567126585,-2.5001214362653146,nan,upper,0.1
473,phase2,upper,-15.0,2,-15.000292032309654,-16.814010601615585,-16.62705358931627,-5.0004342567126585,-2.5001214362653146,nan,upper,0.1
474,phase2,upper,-15.0,2,-15.000252221166175,-16.814010601615585,-16.62705358931627,-5.0004342567126585,-2.5001214362653146,nan,upper,0.1
475,phase2,upper,-15.0,2,-15.000217782638773,-16.814010601615585,-16.62705358931627,-5.0004342567126585,-2.5001214362653146,nan,upper,0.1
476,phase2,upper,-15.0,2,-15.00018800069335,-16.814010601615585,-16.62705358931627,-5.0004342567126585,-2.5001214362653146,nan,upper,0.1
477,phase2,upper,-15.0,2,-15.000162253222184,-16.814010601615585,-16.62705358931627,-5.0004342567126585,-2.5001214362653146,nan,upper,0.1
478,phase2,upper,-15.0,2,-15.000139999976767,-16.814010601615585,-16.62705358931627,-5.0004342567126585,-2.5001214362653146,nan,upper,0.1
479,phase2,upper,-15.0,2,-15.000120772007476,-16.814010601615585,-16.62705358931627,-5.0004342567126585,-2.5001214362653146,nan,upper,0.1
480,phase2,upper,-15.0,2,-15.000104162429494,-16.814010601615585,-16.62705358931627,-5.0004342567126585,-2.5001214362653146,nan,upper,0.1
481,phase2,upper,-15.0,2,-15.00008981835474,-16.814010601615585,-16.62705358931627,-5.0004342567126585,-2.5001214362653146,nan,upper,0.1
482,phase2,upper,-15.0,2,-15.000077433847748,-16.814010601615585,-16.62705358931627,-5.0004342567126585,-2.5001214362653146,nan,upper,0.1
483,phase2,upper,-15.0,2,-15.000066743779872,-16.814010601615585,-16.62705358931627,-5.0004342567126585,-2.5001214362653146,nan,upper,0.1
484,phase2,upper,-15.0,2,-15.000057518470785,-16.814010601615585,-16.62705358931627,-5.0004342567126585,-2.5001214362653146,nan,upper,0.1
485,phase2,upper,-15.0,2,-15.000049559019375,-16.814010601615585,-16.62705358931627,-5.0004342567126585,-2.5001214362653146,nan,upper,0.1
486,phase2,upper,-15.0,2,-15.000042693237797,-16.814010601615585,-16.62705358931627,-5.0004342567126585,-2.5001214362653146,nan,upper,0.1
487,phase2,upper,-15.0,2,-15.000036772112756,-16.814010601615585,-16.62705358931627,-5.0004342567126585,-2.5001214362653146,nan,upper,0.1
488,phase2,upper,-15.0,2,-15.000031666727377,-16.814010601615585,-16.62705358931627,-5.0004342567126585,-2.5001214362653146,nan,upper,0.1
489,phase2,upper,-15.0,2,-15.000027265585075,-16.814010601615585,-16.62705358931627,-5.0004342567126585,-2.5001214362653146,nan,upper,0.1
490,phase2,upper,-15.0,2,-15.000023472284097,-16.814010601615585,-16.62705358931627,-5.0004342567126585,-2.5001214362653146,nan,upper,0.1
491,phase2,upper,-15.0,2,-15.000020203497748,-16.814010601615585,-16.62705358931627,-5.0004342567126585,-2.5001214362653146,nan,upper,0.1
492,phase2,upper,-15.0,2,-15.000017387220911,-16.814010601615585,-16.62705358931627,-5.0004342567126585,-2.5001214362653146,nan,upper,0.1
493,phase2,upper,-15.0,2,-15.000014961248427,-16.814010601615585,-16.62705358931627,-5.0004342567126585,-2.5001214362653146,nan,upper,0.1
494,phase2,upper,-15.0,2,-15.000012871855217,-16.814010601615585,-16.62705358931627,-5.0004342567126585,-2.5001214362653146,nan,upper,0.1
495,phase2,upper,-15.0,2,-15.000011072651882,-16.814010601615585,-16.62705358931627,-5.0004342567126585,-2.5001214362653146,nan,upper,0.1
496,phase2,upper,-15.0,2,-15.000009523592803,-16.814010601615585,-16.62705358931627,-5.0004342567126585,-2.5001214362653146,nan,upper,0.1
497,phase2,upper,-15.0,2,-15.000008190116782,-16.814010601615585,-16.62705358931627,-5.0004342567126585,-2.5001214362653146,nan,upper,0.1
498,phase2,upper,-15.0,2,-15.000007042402729,-16.814010601615585,-16.62705358931627,-5.0004342567126585,-2.5001214362653146,nan,upper,0.1
499,phase2,upper,-15.0,2,-15.000006054725263,-16.814010601615585,-16.62705358931627,-5.0004342567126585,-2.5001214362653146,nan,upper,0.1
500,phase2,upper,-15.0,2,-15.000005204896976,-16.814010601615585,-16.62705358931627,-5.0004342567126585,-2.5001214362653146,nan,upper,0.1
501,phase2,upper,-15.0,2,-15.000004473785857,-16.814010601615585,-16.62705358931627,-5.0004342567126585,-2.5001214362653146,nan,upper,0.1
502,phase2,upper,-15.0,2,-15.000003844897892,-16.814010601615585,-16.62705358931627,-5.0004342567126585,-2.5001214362653146,nan,upper,0.1
503,phase2,upper,-15.0,2,-15.000003304016134,-16.814010601615585,-16.62705358931627,-5.0004342567126585,-2.5001214362653146,nan,upper,0.1
504,phase2,upper,-15.0,2,-15.000002838888701,-16.814010601615585,-16.62705358931627,-5.0004342567126585,-2.5001214362653146,nan,upper,0.1
505,phase2,upper,-15.0,2,-15.000002438959134,-16.814010601615585,-16.62705358931627,-5.0004342567126585,-2.5001214362653146,nan,upper,0.1
506,phase2,upper,-15.0,2,-15.000002095133443,-16.814010601615585,-16.62705358931627,-5.0004342567126585,-2.5001214362653146,nan,upper,0.1
507,phase2,upper,-15.0,2,-15.000001799578879,-16.814010601615585,-16.62705358931627,-5.0004342567126585,-2.5001214362653146,nan,upper,0.1
508,phase2,upper,-15.0,2,-15.00000154555018,-16.814010601615585,-16.62705358931627,-5.0004342567126585,-2.5001214362653146,nan,upper,0.1
509,phase2,upper,-15.0,2,-15.000001327239566,-16.814010601615585,-16.62705358931627,-5.0004342567126585,-2.5001214362653146,nan,upper,0.1
510,phase2,upper,-15.0,2,-15.000001139647258,-16.814010601615585,-16.62705358931627,-5.0004342567126585,-2.5001214362653146,nan,upper,0.1
511,phase2,upper,-15.0,2,-15.000000978469753,-16.814010601615585,-16.62705358931627,-5.0004342567126585,-2.5001214362653146,nan,upper,0.1
512,phase2,upper,-15.0,2,-15.000000840003436,-16.814010601615585,-16.62705358931627,-5.0004342567126585,-2.5001214362653146,nan,upper,0.1
513,phase2,upper,-15.0,2,-15.000000721061443,-16.814010601615585,-16.62705358931627,-5.0004342567126585,-2.5001214362653146,nan,upper,0.1
514,phase2,upper,-15.0,2,-15.000000618901971,-16.814010601615585,-16.62705358931627,-5.0004342567126585,-2.5001214362653146,nan,upper,0.1
515,phase2,upper,-15.0,2,-15.000000531166458,-16.814010601615585,-16.62705358931627,-5.0004342567126585,-2.5001214362653146,nan,upper,0.1
516,phase2,upper,-15.0,2,-15.000000455826305,-16.814010601615585,-16.62705358931627,-5.0004342567126585,-2.5001214362653146,nan,upper,0.1
517,phase2,upper,-15.0,2,-15.000000391136952,-16.814010601615585,-16.62705358931627,-5.0004342567126585,-2.5001214362653146,nan,upper,0.1
518,phase2,upper,-15.0,2,-15.000000335598314,-16.814010601615585,-16.62705358931627,-5.0004342567126585,-2.5001214362653146,nan,upper,0.1
519,phase2,upper,-15.0,2,-15.000000287920685,-16.814010601615585,-16.62705358931627,-5.0004342567126585,-2.5001214362653146,nan,upper,0.1
520,phase2,upper,-15.0,2,-15.000000246995382,-16.814010601615585,-16.62705358931627,-5.0004342567126585,-2.5001214362653146,nan,upper,0.1
521,phase2,upper,-15.0,2,-15.000000211869455,-16.814010601615585,-16.62705358931627,-5.0004342567126585,-2.5001214362653146,nan,upper,0.1
522,phase2,upper,-15.0,2,-15.00000018172391,-16.814010601615585,-16.62705358931627,-5.0004342567126585,-2.5001214362653146,nan,upper,0.1
523,phase2,upper,-15.0,2,-15.000000155854966,-16.814010601615585,-16.62705358931627,-5.0004342567126585,-2.5001214362653146,nan,upper,0.1
524,phase2,upper,-15.0,2,-15.000000133657917,-16.814010601615585,-16.62705358931627,-5.0004342567126585,-2.5001214362653146,nan,upper,0.1
525,phase2,upper,-15.0,2,-15.000000114613247,-16.814010601615585,-16.62705358931627,-5.0004342567126585,-2.5001214362653146,nan,upper,0.1
526,phase2,upper,-15.0,2,-15.000000098274674,-16.814010601615585,-16.62705358931627,-5.0004342567126585,-2.5001214362653146,nan,upper,0.1
527,phase2,upper,-15.0,2,-15.000000084258875,-16.814010601615585,-16.62705358931627,-5.0004342567126585,-2.5001214362653146,nan,upper,0.1
528,phase2,upper,-15.0,2,-15.000000072236636,-16.814010601615585,-16.62705358931627,-5.0004342567126585,-2.5001214362653146,nan,upper,0.1
529,phase2,upper,-15.0,2,-15.000000061925244,-16.814010601615585,-16.62705358931627,-5.0004342567126585,-2.5001214362653146,nan,upper,0.1
530,phase2,upper,-15.0,2,-15.000000053081944,-16.814010601615585,-16.62705358931627,-5.0004342567126585,-2.5001214362653146,nan,upper,0.1
531,phase2,upper,-15.0,2,-15.000000045498318,-16.814010601615585,-16.62705358931627,-5.0004342567126585,-2.5001214362653146,nan,upper,0.1
532,phase2,lower,-20.0,4,-15.000000045498318,-17.160967049770687,-16.758060689425726,-5.000387333645557,-2.500103220825517,nan,upper,0.1
533,phase2,upper,-15.0,2,-15.000000038995434,-17.160967049770687,-16.758060689425726,-5.000387333645557,-2.500103220825517,nan,upper,0.1
534,phase2,upper,-15.0,2,-15.000000033419704,-17.160967049770687,-16.758060689425726,-5.000387333645557,-2.500103220825517,nan,upper,0.1
535,phase2,upper,-15.0,2,-15.000000028639295,-17.160967049770687,-16.758060689425726,-5.000387333645557,-2.500103220825517,nan,upper,0.1
536,phase2,upper,-15.0,2,-15.000000024541066,-17.160967049770687,-16.758060689425726,-5.000387333645557,-2.500103220825517,nan,upper,0.1
537,phase2,upper,-15.0,2,-15.000000021027923,-17.160967049770687,-16.758060689425726,-5.000387333645557,-2.500103220825517,nan,upper,0.1
538,phase2,lower,-20.0,4,-15.000000021027923,-17.475531095718942,-16.8694096860587,-5.000344716722552,-2.5000877377016897,nan,upper,0.1
539,phase2,upper,-15.0,2,-15.000000018016546,-17.475531095718942,-16.8694096860587,-5.000344716722552,-2.5000877377016897,nan,upper,0.1
540,phase2,upper,-15.0,2,-15.000000015435456,-17.475531095718942,-16.8694096860587,-5.000344716722552,-2.5000877377016897,nan,upper,0.1
541,phase2,lower,-20.0,4,-15.000000015435456,-17.759612884269906,-16.964049940658278,-5.000306169869423,-2.500074577046436,nan,upper,0.1
542,phase2,upper,-15.0,2,-15.00000001322332,-17.759612884269906,-16.964049940658278,-5.000306169869423,-2.500074577046436,nan,upper,0.1
543,phase2,upper,-15.0,2,-15.000000011327526,-17.759612884269906,-16.964049940658278,-5.000306169869423,-2.500074577046436,nan,upper,0.1
544,phase2,upper,-15.0,2,-15.000000009702946,-17.759612884269906,-16.964049940658278,-5.000306169869423,-2.500074577046436,nan,upper,0.1
545,phase2,upper,-15.0,2,-15.00000000831087,-17.759612884269906,-16.964049940658278,-5.000306169869423,-2.500074577046436,nan,upper,0.1
546,phase2,upper,-15.0,2,-15.000000007118102,-17.759612884269906,-16.964049940658278,-5.000306169869423,-2.500074577046436,nan,upper,0.1
547,phase2,lower,-20.0,4,-15.000000007118102,-18.01527844272816,-17.04448837503995,-5.000271430945975,-2.500063390489471,nan,upper,0.1
548,phase2,upper,-15.0,2,-15.000000006096169,-18.01527844272816,-17.04448837503995,-5.000271430945975,-2.500063390489471,nan,upper,0.1
549,phase2,upper,-15.0,2,-15.00000000522066,-18.01527844272816,-17.04448837503995,-5.000271430945975,-2.500063390489471,nan,upper,0.1
550,phase2,upper,-15.0,2,-15.000000004470639,-18.01527844272816,-17.04448837503995,-5.000271430945975,-2.500063390489471,nan,upper,0.1
551,phase2,upper,-15.0,2,-15.00000000382816,-18.01527844272816,-17.04448837503995,-5.000271430945975,-2.500063390489471,nan,upper,0.1
552,phase2,upper,-15.0,2,-15.000000003277833,-18.01527844272816,-17.04448837503995,-5.000271430945975,-2.500063390489471,nan,upper,0.1
553,phase2,upper,-15.0,2,-15.000000002806471,-18.01527844272816,-17.04448837503995,-5.000271430945975,-2.500063390489471,nan,upper,0.1
554,phase2,upper,-15.0,2,-15.000000002402768,-18.01527844272816,-17.04448837503995,-5.000271430945975,-2.500063390489471,nan,upper,0.1
555,phase2,upper,-15.0,2,-15.00000000205703,-18.01527844272816,-17.04448837503995,-5.000271430945975,-2.500063390489471,nan,upper,0.1
556,phase2,lower,-20.0,4,-15.00000000205703,-18.24465993257493,-17.112855833425854,-5.000240224877499,-2.5000538819160503,nan,upper,0.1
557,phase2,upper,-15.0,2,-15.00000000176095,-18.24465993257493,-17.112855833425854,-5.000240224877499,-2.5000538819160503,nan,upper,0.1
558,phase2,upper,-15.0,2,-15.000000001507413,-18.24465993257493,-17.112855833425854,-5.000240224877499,-2.5000538819160503,nan,upper,0.1
559,phase2,upper,-15.0,2,-15.000000001290314,-18.24465993257493,-17.112855833425854,-5.000240224877499,-2.5000538819160503,nan,upper,0.1
560,phase2,upper,-15.0,2,-15.000000001104429,-18.24465993257493,-17.112855833425854,-5.000240224877499,-2.5000538819160503,nan,upper,0.1
561,phase2,upper,-15.0,2,-15.000000000945276,-18.24465993257493,-17.112855833425854,-5.000240224877499,-2.5000538819160503,nan,upper,0.1
562,phase2,upper,-15.0,2,-15.00000000080902,-18.24465993257493,-17.112855833425854,-5.000240224877499,-2.5000538819160503,nan,upper,0.1
563,phase2,upper,-15.0,2,-15.000000000692372,-18.24465993257493,-17.112855833425854,-5.000240224877499,-2.5000538819160503,nan,upper,0.1
564,phase2,upper,-15.0,2,-15.000000000592516,-18.24465993257493,-17.112855833425854,-5.000240224877499,-2.5000538819160503,nan,upper,0.1
565,phase2,upper,-15.0,2,-15.000000000507038,-18.24465993257493,-17.112855833425854,-5.000240224877499,-2.5000538819160503,nan,upper,0.1
566,phase2,upper,-15.0,2,-15.000000000433872,-18.24465993257493,-17.112855833425854,-5.000240224877499,-2.5000538819160503,nan,upper,0.1
567,phase2,upper,-15.0,2,-15.000000000371248,-18.24465993257493,-17.112855833425854,-5.000240224877499,-2.5000538819160503,nan,upper,0.1
568,phase2,upper,-15.0,2,-15.000000000317648,-18.24465993257493,-17.112855833425854,-5.000240224877499,-2.5000538819160503,nan,upper,0.1
569,phase2,upper,-15.0,2,-15.000000000271775,-18.24465993257493,-17.112855833425854,-5.000240224877499,-2.5000538819160503,nan,upper,0.1
570,phase2,upper,-15.0,2,-15.000000000232518,-18.24465993257493,-17.112855833425854,-5.000240224877499,-2.5000538819160503,nan,upper,0.1
571,phase2,upper,-15.0,2,-15.000000000198922,-18.24465993257493,-17.112855833425854,-5.000240224877499,-2.5000538819160503,nan,upper,0.1
572,phase2,upper,-15.0,2,-15.000000000170173,-18.24465993257493,-17.112855833425854,-5.000240224877499,-2.5000538819160503,nan,upper,0.1
573,phase2,upper,-15.0,2,-15.000000000145574,-18.24465993257493,-17.112855833425854,-5.000240224877499,-2.5000538819160503,nan,upper,0.1
574,phase2,upper,-15.0,2,-15.000000000124526,-18.24465993257493,-17.112855833425854,-5.000240224877499,-2.5000538819160503,nan,upper,0.1
575,phase2,upper,-15.0,2,-15.000000000106517,-18.24465993257493,-17.112855833425854,-5.000240224877499,-2.5000538819160503,nan,upper,0.1
576,phase2,upper,-15.0,2,-15.00000000009111,-18.24465993257493,-17.112855833425854,-5.000240224877499,-2.5000538819160503,nan,upper,0.1
577,phase2,upper,-15.0,2,-15.000000000077927,-18.24465993257493,-17.112855833425854,-5.000240224877499,-2.5000538819160503,nan,upper,0.1
578,phase2,upper,-15.0,2,-15.000000000066649,-18.24465993257493,-17.112855833425854,-5.000240224877499,-2.5000538819160503,nan,upper,0.1
579,phase2,upper,-15.0,2,-15.000000000057002,-18.24465993257493,-17.112855833425854,-5.000240224877499,-2.5000538819160503,nan,upper,0.1
580,phase2,upper,-15.0,2,-15.000000000048749,-18.24465993257493,-17.112855833425854,-5.000240224877499,-2.5000538819160503,nan,upper,0.1
581,phase2,upper,-15.0,2,-15.00000000004169,-18.24465993257493,-17.112855833425854,-5.000240224877499,-2.5000538819160503,nan,upper,0.1
582,phase2,upper,-15.0,2,-15.00000000003565,-18.24465993257493,-17.112855833425854,-5.000240224877499,-2.5000538819160503,nan,upper,0.1
583,phase2,upper,-15.0,2,-15.000000000030484,-18.24465993257493,-17.112855833425854,-5.000240224877499,-2.5000538819160503,nan,upper,0.1
584,phase2,upper,-15.0,2,-15.000000000026066,-18.24465993257493,-17.112855833425854,-5.000240224877499,-2.5000538819160503,nan,upper,0.1
585,phase2,upper,-15.0,2,-15.000000000022288,-18.24465993257493,-17.112855833425854,-5.000240224877499,-2.5000538819160503,nan,upper,0.1
586,phase2,upper,-15.0,2,-15.000000000019057,-18.24465993257493,-17.112855833425854,-5.000240224877499,-2.5000538819160503,nan,upper,0.1
587,phase2,upper,-15.0,2,-15.000000000016293,-18.24465993257493,-17.112855833425854,-5.000240224877499,-2.5000538819160503,nan,upper,0.1
588,phase2,upper,-15.0,2,-15.00000000001393,-18.24465993257493,-17.112855833425854,-5.000240224877499,-2.5000538819160503,nan,upper,0.1
589,phase2,upper,-15.0,2,-15.000000000011909,-18.24465993257493,-17.112855833425854,-5.000240224877499,-2.5000538819160503,nan,upper,0.1
590,phase2,upper,-15.0,2,-15.00000000001018,-18.24465993257493,-17.112855833425854,-5.000240224877499,-2.5000538819160503,nan,upper,0.1
591,phase2,upper,-15.0,2,-15.000000000008702,-18.24465993257493,-17.112855833425854,-5.000240224877499,-2.5000538819160503,nan,upper,0.1
592,phase2,lower,-20.0,4,-15.000000000008702,-18.449889317702567,-17.1709634921436,-5.000212273433282,-2.500045799628643,nan,upper,0.1
593,phase2,upper,-15.0,2,-15.00000000000744,-18.449889317702567,-17.1709634921436,-5.000212273433282,-2.500045799628643,nan,upper,0.1
594,phase2,upper,-15.0,2,-15.00000000000636,-18.449889317702567,-17.1709634921436,-5.000212273433282,-2.500045799628643,nan,upper,0.1
595,phase2,upper,-15.0,2,-15.000000000005436,-18.449889317702567,-17.1709634921436,-5.000212273433282,-2.500045799628643,nan,upper,0.1
596,phase2,upper,-15.0,2,-15.000000000004647,-18.449889317702567,-17.1709634921436,-5.000212273433282,-2.500045799628643,nan,upper,0.1
597,phase2,upper,-15.0,2,-15.000000000003972,-18.449889317702567,-17.1709634921436,-5.000212273433282,-2.500045799628643,nan,upper,0.1
598,phase2,upper,-15.0,2,-15.000000000003395,-18.449889317702567,-17.1709634921436,-5.000212273433282,-2.500045799628643,nan,upper,0.1
599,phase2,upper,-15.0,2,-15.0000000000029,-18.449889317702567,-17.1709634921436,-5.000212273433282,-2.500045799628643,nan,upper,0.1
600,phase2,upper,-15.0,2,-15.00000000000248,-18.449889317702567,-17.1709634921436,-5.000212273433282,-2.500045799628643,nan,upper,0.1
601,phase2,upper,-15.0,2,-15.00000000000212,-18.449889317702567,-17.1709634921436,-5.000212273433282,-2.500045799628643,nan,upper,0.1
602,phase2,upper,-15.0,2,-15.00000000000181,-18.449889317702567,-17.1709634921436,-5.000212273433282,-2.500045799628643,nan,upper,0.1
603,phase2,upper,-15.0,2,-15.000000000001547,-18.449889317702567,-17.1709634921436,-5.000212273433282,-2.500045799628643,nan,upper,0.1
604,phase2,upper,-15.0,2,-15.000000000001322,-18.449889317702567,-17.1709634921436,-5.000212273433282,-2.500045799628643,nan,upper,0.1
605,phase2,upper,-15.0,2,-15.00000000000113,-18.449889317702567,-17.1709634921436,-5.000212273433282,-2.500045799628643,nan,upper,0.1
606,phase2,upper,-15.0,2,-15.000000000000965,-18.449889317702567,-17.1709634921436,-5.000212273433282,-2.500045799628643,nan,upper,0.1
607,phase2,upper,-15.0,2,-15.000000000000824,-18.449889317702567,-17.1709634921436,-5.000212273433282,-2.500045799628643,nan,upper,0.1
608,phase2,upper,-15.0,2,-15.000000000000703,-18.449889317702567,-17.1709634921436,-5.000212273433282,-2.500045799628643,nan,upper,0.1
609,phase2,upper,-15.0,2,-15.0000000000006,-18.449889317702567,-17.1709634921436,-5.000212273433282,-2.500045799628643,nan,upper,0.1
610,phase2,upper,-15.0,2,-15.000000000000513,-18.449889317702567,-17.1709634921436,-5.000212273433282,-2.500045799628643,nan,upper,0.1
611,phase2,upper,-15.0,2,-15.000000000000439,-18.449889317702567,-17.1709634921436,-5.000212273433282,-2.500045799628643,nan,upper,0.1
612,phase2,upper,-15.0,2,-15.000000000000375,-18.449889317702567,-17.1709634921436,-5.000212273433282,-2.500045799628643,nan,upper,0.1
613,phase2,upper,-15.0,2,-15.00000000000032,-18.449889317702567,-17.1709634921436,-5.000212273433282,-2.500045799628643,nan,upper,0.1
614,phase2,upper,-15.0,2,-15.000000000000274,-18.449889317702567,-17.1709634921436,-5.000212273433282,-2.500045799628643,nan,upper,0.1
615,phase2,upper,-15.0,2,-15.000000000000234,-18.449889317702567,-17.1709634921436,-5.000212273433282,-2.500045799628643,nan,upper,0.1
616,phase2,upper,-15.0,2,-15.0000000000002,-18.449889317702567,-17.1709634921436,-5.000212273433282,-2.500045799628643,nan,upper,0.1
617,phase2,upper,-15.0,2,-15.00000000000017,-18.449889317702567,-17.1709634921436,-5.000212273433282,-2.500045799628643,nan,upper,0.1
618,phase2,upper,-15.0,2,-15.000000000000146,-18.449889317702567,-17.1709634921436,-5.000212273433282,-2.500045799628643,nan,upper,0.1
619,phase2,upper,-15.0,2,-15.000000000000124,-18.449889317702567,-17.1709634921436,-5.000212273433282,-2.500045799628643,nan,upper,0.1
620,phase2,upper,-15.0,2,-15.000000000000107,-18.449889317702567,-17.1709634921436,-5.000212273433282,-2.500045799628643,nan,upper,0.1
621,phase2,upper,-15.0,2,-15.00000000000009,-18.449889317702567,-17.1709634921436,-5.000212273433282,-2.500045799628643,nan,upper,0.1
622,phase2,upper,-15.0,2,-15.000000000000078,-18.449889317702567,-17.1709634921436,-5.000212273433282,-2.500045799628643,nan,upper,0.1
623,phase2,upper,-15.0,2,-15.000000000000068,-18.449889317702567,-17.1709634921436,-5.000212273433282,-2.500045799628643,nan,upper,0.1
624,phase2,upper,-15.0,2,-15.000000000000057,-18.449889317702567,-17.1709634921436,-5.000212273433282,-2.500045799628643,nan,upper,0.1
625,phase2,upper,-15.0,2,-15.000000000000048,-18.449889317702567,-17.1709634921436,-5.000212273433282,-2.500045799628643,nan,upper,0.1
626,phase2,upper,-15.0,2,-15.00000000000004,-18.449889317702567,-17.1709634921436,-5.000212273433282,-2.500045799628643,nan,upper,0.1
627,phase2,upper,-15.0,2,-15.000000000000036,-18.449889317702567,-17.1709634921436,-5.000212273433282,-2.500045799628643,nan,upper,0.1
628,phase2,upper,-15.0,2,-15.00000000000003,-18.449889317702567,-17.1709634921436,-5.000212273433282,-2.500045799628643,nan,upper,0.1
629,phase2,upper,-15.0,2,-15.000000000000027,-18.449889317702567,-17.1709634921436,-5.000212273433282,-2.500045799628643,nan,upper,0.1
630,phase2,upper,-15.0,2,-15.000000000000023,-18.449889317702567,-17.1709634921436,-5.000212273433282,-2.500045799628643,nan,upper,0.1
631,phase2,upper,-15.0,2,-15.00000000000002,-18.449889317702567,-17.1709634921436,-5.000212273433282,-2.500045799628643,nan,upper,0.1
632,phase2,upper,-15.0,2,-15.000000000000018,-18.449889317702567,-17.1709634921436,-5.000212273433282,-2.500045799628643,nan,upper,0.1
633,phase2,upper,-15.0,2,-15.000000000000016,-18.449889317702567,-17.1709634921436,-5.000212273433282,-2.500045799628643,nan,upper,0.1
634,phase2,upper,-15.0,2,-15.000000000000014,-18.449889317702567,-17.1709634921436,-5.000212273433282,-2.500045799628643,nan,upper,0.1
635,phase2,upper,-15.0,2,-15.000000000000012,-18.449889317702567,-17.1709634921436,-5.000212273433282,-2.500045799628643,nan,upper,0.1
636,phase2,upper,-15.0,2,-15.00000000000001,-18.449889317702567,-17.1709634921436,-5.000212273433282,-2.500045799628643,nan,upper,0.1
637,phase2,lower,-20.0,4,-15.00000000000001,-18.633050443868722,-17.220350809337052,-5.000187302362586,-2.5000389296843464,nan,upper,0.1
638,phase2,upper,-15.0,2,-15.000000000000009,-18.633050443868722,-17.220350809337052,-5.000187302362586,-2.5000389296843464,nan,upper,0.1
639,phase2,upper,-15.0,2,-15.000000000000007,-18.633050443868722,-17.220350809337052,-5.000187302362586,-2.5000389296843464,nan,upper,0.1
640,phase2,upper,-15.0,2,-15.000000000000007,-18.633050443868722,-17.220350809337052,-5.000187302362586,-2.5000389296843464,nan,upper,0.1
641,phase2,upper,-15.0,2,-15.000000000000007,-18.633050443868722,-17.220350809337052,-5.000187302362586,-2.5000389296843464,nan,upper,0.1
642,phase2,upper,-15.0,2,-15.000000000000007,-18.633050443868722,-17.220350809337052,-5.000187302362586,-2.5000389296843464,nan,upper,0.1
643,phase2,upper,-15.0,2,-15.000000000000007,-18.633050443868722,-17.220350809337052,-5.000187302362586,-2.5000389296843464,nan,upper,0.1
644,phase2,upper,-15.0,2,-15.000000000000007,-18.633050443868722,-17.220350809337052,-5.000187302362586,-2.5000389296843464,nan,upper,0.1
645,phase2,upper,-15.0,2,-15.000000000000007,-18.633050443868722,-17.220350809337052,-5.000187302362586,-2.5000389296843464,nan,upper,0.1
646,phase2,upper,-15.0,2,-15.000000000000007,-18.633050443868722,-17.220350809337052,-5.000187302362586,-2.5000389296843464,nan,upper,0.1
647,phase2,upper,-15.0,2,-15.000000000000007,-18.633050443868722,-17.220350809337052,-5.000187302362586,-2.5000389296843464,nan,upper,0.1
648,phase2,upper,-15.0,2,-15.000000000000007,-18.633050443868722,-17.220350809337052,-5.000187302362586,-2.5000389296843464,nan,upper,0.1
649,phase2,upper,-15.0,2,-15.000000000000007,-18.633050443868722,-17.220350809337052,-5.000187302362586,-2.5000389296843464,nan,upper,0.1
650,phase2,upper,-15.0,2,-15.000000000000007,-18.633050443868722,-17.220350809337052,-5.000187302362586,-2.5000389296843464,nan,upper,0.1
651,phase2,upper,-15.0,2,-15.000000000000007,-18.633050443868722,-17.220350809337052,-5.000187302362586,-2.5000389296843464,nan,upper,0.1
652,phase2,upper,-15.0,2,-15.000000000000007,-18.633050443868722,-17.220350809337052,-5.000187302362586,-2.5000389296843464,nan,upper,0.1
653,phase2,upper,-15.0,2,-15.000000000000007,-18.633050443868722,-17.220350809337052,-5.000187302362586,-2.5000389296843464,nan,upper,0.1
654,phase2,upper,-15.0,2,-15.000000000000007,-18.633050443868722,-17.220350809337052,-5.000187302362586,-2.5000389296843464,nan,upper,0.1
655,phase2,upper,-15.0,2,-15.000000000000007,-18.633050443868722,-17.220350809337052,-5.000187302362586,-2.5000389296843464,nan,upper,0.1
656,phase2,upper,-15.0,2,-15.000000000000007,-18.633050443868722,-17.220350809337052,-5.000187302362586,-2.5000389296843464,nan,upper,0.1
657,phase2,upper,-15.0,2,-15.000000000000007,-18.633050443868722,-17.220350809337052,-5.000187302362586,-2.5000389296843464,nan,upper,0.1
658,phase2,upper,-15.0,2,-15.000000000000007,-18.633050443868722,-17.220350809337052,-5.000187302362586,-2.5000389296843464,nan,upper,0.1
659,phase2,upper,-15.0,2,-15.000000000000007,-18.633050443868722,-17.220350809337052,-5.000187302362586,-2.5000389296843464,nan,upper,0.1
660,phase2,upper,-15.0,2,-15.000000000000007,-18.633050443868722,-17.220350809337052,-5.000187302362586,-2.5000389296843464,nan,upper,0.1
661,phase2,upper,-15.0,2,-15.000000000000007,-18.633050443868722,-17.220350809337052,-5.000187302362586,-2.5000389296843464,nan,upper,0.1
662,phase2,upper,-15.0,2,-15.000000000000007,-18.633050443868722,-17.220350809337052,-5.000187302362586,-2.5000389296843464,nan,upper,0.1
663,phase2,upper,-15.0,2,-15.000000000000007,-18.633050443868722,-17.220350809337052,-5.000187302362586,-2.5000389296843464,nan,upper,0.1
664,phase2,upper,-15.0,2,-15.000000000000007,-18.633050443868722,-17.220350809337052,-5.000187302362586,-2.5000389296843464,nan,upper,0.1
665,phase2,upper,-15.0,2,-15.000000000000007,-18.633050443868722,-17.220350809337052,-5.000187302362586,-2.5000389296843464,nan,upper,0.1
666,phase2,upper,-15.0,2,-15.000000000000007,-18.633050443868722,-17.220350809337052,-5.000187302362586,-2.5000389296843464,nan,upper,0.1
667,phase2,upper,-15.0,2,-15.000000000000007,-18.633050443868722,-17.220350809337052,-5.000187302362586,-2.5000389296843464,nan,upper,0.1
668,phase2,upper,-15.0,2,-15.000000000000007,-18.633050443868722,-17.220350809337052,-5.000187302362586,-2.5000389296843464,nan,upper,0.1
669,phase2,upper,-15.0,2,-15.000000000000007,-18.633050443868722,-17.220350809337052,-5.000187302362586,-2.5000389296843464,nan,upper,0.1
670,phase2,upper,-15.0,2,-15.000000000000007,-18.633050443868722,-17.220350809337052,-5.000187302362586,-2.5000389296843464,nan,upper,0.1
671,phase2,upper,-15.0,2,-15.000000000000007,-18.633050443868722,-17.220350809337052,-5.000187302362586,-2.5000389296843464,nan,upper,0.1
672,phase2,upper,-15.0,2,-15.000000000000007,-18.633050443868722,-17.220350809337052,-5.000187302362586,-2.5000389296843464,nan,upper,0.1
673,phase2,upper,-15.0,2,-15.000000000000007,-18.633050443868722,-17.220350809337052,-5.000187302362586,-2.5000389296843464,nan,upper,0.1
674,phase2,upper,-15.0,2,-15.000000000000007,-18.633050443868722,-17.220350809337052,-5.000187302362586,-2.5000389296843464,nan,upper,0.1
675,phase2,upper,-15.0,2,-15.000000000000007,-18.633050443868722,-17.220350809337052,-5.000187302362586,-2.5000389296843464,nan,upper,0.1
676,phase2,upper,-15.0,2,-15.000000000000007,-18.633050443868722,-17.220350809337052,-5.000187302362586,-2.5000389296843464,nan,upper,0.1
677,phase2,upper,-15.0,2,-15.000000000000007,-18.633050443868722,-17.220350809337052,-5.000187302362586,-2.5000389296843464,nan,upper,0.1
678,phase2,upper,-15.0,2,-15.000000000000007,-18.633050443868722,-17.220350809337052,-5.000187302362586,-2.5000389296843464,nan,upper,0.1
679,phase2,upper,-15.0,2,-15.000000000000007,-18.633050443868722,-17.220350809337052,-5.000187302362586,-2.5000389296843464,nan,upper,0.1
680,phase2,upper,-15.0,2,-15.000000000000007,-18.633050443868722,-17.220350809337052,-5.000187302362586,-2.5000389296843464,nan,upper,0.1
681,phase2,upper,-15.0,2,-15.000000000000007,-18.633050443868722,-17.220350809337052,-5.000187302362586,-2.5000389296843464,nan,upper,0.1
682,phase2,upper,-15.0,2,-15.000000000000007,-18.633050443868722,-17.220350809337052,-5.000187302362586,-2.5000389296843464,nan,upper,0.1
683,phase2,upper,-15.0,2,-15.000000000000007,-18.633050443868722,-17.220350809337052,-5.000187302362586,-2.5000389296843464,nan,upper,0.1
684,phase2,upper,-15.0,2,-15.000000000000007,-18.633050443868722,-17.220350809337052,-5.000187302362586,-2.5000389296843464,nan,upper,0.1
685,phase2,upper,-15.0,2,-15.000000000000007,-18.633050443868722,-17.220350809337052,-5.000187302362586,-2.5000389296843464,nan,upper,0.1
686,phase2,upper,-15.0,2,-15.000000000000007,-18.633050443868722,-17.220350809337052,-5.000187302362586,-2.5000389296843464,nan,upper,0.1
687,phase2,upper,-15.0,2,-15.000000000000007,-18.633050443868722,-17.220350809337052,-5.000187302362586,-2.5000389296843464,nan,upper,0.1
688,phase2,upper,-15.0,2,-15.000000000000007,-18.633050443868722,-17.220350809337052,-5.000187302362586,-2.5000389296843464,nan,upper,0.1
689,phase2,upper,-15.0,2,-15.000000000000007,-18.633050443868722,-17.220350809337052,-5.000187302362586,-2.5000389296843464,nan,upper,0.1
690,phase2,upper,-15.0,2,-15.000000000000007,-18.633050443868722,-17.220350809337052,-5.000187302362586,-2.5000389296843464,nan,upper,0.1
691,phase2,upper,-15.0,2,-15.000000000000007,-18.633050443868722,-17.220350809337052,-5.000187302362586,-2.5000389296843464,nan,upper,0.1
692,phase2,upper,-15.0,2,-15.000000000000007,-18.633050443868722,-17.220350809337052,-5.000187302362586,-2.5000389296843464,nan,upper,0.1
693,phase2,upper,-15.0,2,-15.000000000000007,-18.633050443868722,-17.220350809337052,-5.000187302362586,-2.5000389296843464,nan,upper,0.1
694,phase2,upper,-15.0,2,-15.000000000000007,-18.633050443868722,-17.220350809337052,-5.000187302362586,-2.5000389296843464,nan,upper,0.1
695,phase2,upper,-15.0,2,-15.000000000000007,-18.633050443868722,-17.220350809337052,-5.000187302362586,-2.5000389296843464,nan,upper,0.1
696,phase2,upper,-15.0,2,-15.000000000000007,-18.633050443868722,-17.220350809337052,-5.000187302362586,-2.5000389296843464,nan,upper,0.1
697,phase2,upper,-15.0,2,-15.000000000000007,-18.633050443868722,-17.220350809337052,-5.000187302362586,-2.5000389296843464,nan,upper,0.1
698,phase2,upper,-15.0,2,-15.000000000000007,-18.633050443868722,-17.220350809337052,-5.000187302362586,-2.5000389296843464,nan,upper,0.1
699,phase2,upper,-15.0,2,-15.000000000000007,-18.633050443868722,-17.220350809337052,-5.000187302362586,-2.5000389296843464,nan,upper,0.1
700,phase2,upper,-15.0,2,-15.000000000000007,-18.633050443868722,-17.220350809337052,-5.000187302362586,-2.5000389296843464,nan,upper,0.1
701,phase2,upper,-15.0,2,-15.000000000000007,-18.633050443868722,-17.220350809337052,-5.000187302362586,-2.5000389296843464,nan,upper,0.1
702,phase2,upper,-15.0,2,-15.000000000000007,-18.633050443868722,-17.220350809337052,-5.000187302362586,-2.5000389296843464,nan,upper,0.1
703,phase2,upper,-15.0,2,-15.000000000000007,-18.633050443868722,-17.220350809337052,-5.000187302362586,-2.5000389296843464,nan,upper,0.1
704,phase2,upper,-15.0,2,-15.000000000000007,-18.633050443868722,-17.220350809337052,-5.000187302362586,-2.5000389296843464,nan,upper,0.1
705,phase2,upper,-15.0,2,-15.000000000000007,-18.633050443868722,-17.220350809337052,-5.000187302362586,-2.5000389296843464,nan,upper,0.1
706,phase2,upper,-15.0,2,-15.000000000000007,-18.633050443868722,-17.220350809337052,-5.000187302362586,-2.5000389296843464,nan,upper,0.1
707,phase2,upper,-15.0,2,-15.000000000000007,-18.633050443868722,-17.220350809337052,-5.000187302362586,-2.5000389296843464,nan,upper,0.1
708,phase2,upper,-15.0,2,-15.000000000000007,-18.633050443868722,-17.220350809337052,-5.000187302362586,-2.5000389296843464,nan,upper,0.1
709,phase2,upper,-15.0,2,-15.000000000000007,-18.633050443868722,-17.220350809337052,-5.000187302362586,-2.5000389296843464,nan,upper,0.1
710,phase2,upper,-15.0,2,-15.000000000000007,-18.633050443868722,-17.220350809337052,-5.000187302362586,-2.5000389296843464,nan,upper,0.1
711,phase2,lower,-20.0,4,-15.000000000000007,-18.796145498688972,-17.262326283290882,-5.00016504646085,-2.5000330902316943,nan,upper,0.1
712,phase2,upper,-15.0,2,-15.000000000000007,-18.796145498688972,-17.262326283290882,-5.00016504646085,-2.5000330902316943,nan,upper,0.1
713,phase2,upper,-15.0,2,-15.000000000000007,-18.796145498688972,-17.262326283290882,-5.00016504646085,-2.5000330902316943,nan,upper,0.1
714,phase2,upper,-15.0,2,-15.000000000000007,-18.796145498688972,-17.262326283290882,-5.00016504646085,-2.5000330902316943,nan,upper,0.1
715,phase2,upper,-15.0,2,-15.000000000000007,-18.796145498688972,-17.262326283290882,-5.00016504646085,-2.5000330902316943,nan,upper,0.1
716,phase2,upper,-15.0,2,-15.000000000000007,-18.796145498688972,-17.262326283290882,-5.00016504646085,-2.5000330902316943,nan,upper,0.1
717,phase2,lower,-20.0,4,-15.000000000000007,-18.94107261637926,-17.29800209776638,-5.000145253026477,-2.50002812669694,nan,upper,0.1
718,phase2,upper,-15.0,2,-15.000000000000007,-18.94107261637926,-17.29800209776638,-5.000145253026477,-2.50002812669694,nan,upper,0.1
719,phase2,lower,-20.0,4,-15.000000000000007,-19.069612038587326,-17.328323571055392,-5.0001276840770466,-2.500023907692399,nan,upper,0.1
720,phase2,upper,-15.0,2,-15.000000000000007,-19.069612038587326,-17.328323571055392,-5.0001276840770466,-2.500023907692399,nan,upper,0.1
721,phase2,upper,-15.0,2,-15.000000000000007,-19.069612038587326,-17.328323571055392,-5.0001276840770466,-2.500023907692399,nan,upper,0.1
722,phase2,upper,-15.0,2,-15.000000000000007,-19.069612038587326,-17.328323571055392,-5.0001276840770466,-2.500023907692399,nan,upper,0.1
723,phase2,upper,-15.0,2,-15.000000000000007,-19.069612038587326,-17.328323571055392,-5.0001276840770466,-2.500023907692399,nan,upper,0.1
724,phase2,upper,-15.0,2,-15.000000000000007,-19.069612038587326,-17.328323571055392,-5.0001276840770466,-2.500023907692399,nan,upper,0.1
725,phase2,upper,-15.0,2,-15.000000000000007,-19.069612038587326,-17.328323571055392,-5.0001276840770466,-2.500023907692399,nan,upper,0.1
726,phase2,upper,-15.0,2,-15.000000000000007,-19.069612038587326,-17.328323571055392,-5.0001276840770466,-2.500023907692399,nan,upper,0.1
727,phase2,upper,-15.0,2,-15.000000000000007,-19.069612038587326,-17.328323571055392,-5.0001276840770466,-2.500023907692399,nan,upper,0.1
728,phase2,upper,-15.0,2,-15.000000000000007,-19.069612038587326,-17.328323571055392,-5.0001276840770466,-2.500023907692399,nan,upper,0.1
729,phase2,upper,-15.0,2,-15.000000000000007,-19.069612038587326,-17.328323571055392,-5.0001276840770466,-2.500023907692399,nan,upper,0.1
730,phase2,upper,-15.0,2,-15.000000000000007,-19.069612038587326,-17.328323571055392,-5.0001276840770466,-2.500023907692399,nan,upper,0.1
731,phase2,upper,-15.0,2,-15.000000000000007,-19.069612038587326,-17.328323571055392,-5.0001276840770466,-2.500023907692399,nan,upper,0.1
732,phase2,upper,-15.0,2,-15.000000000000007,-19.069612038587326,-17.328323571055392,-5.0001276840770466,-2.500023907692399,nan,upper,0.1
733,phase2,upper,-15.0,2,-15.000000000000007,-19.069612038587326,-17.328323571055392,-5.0001276840770466,-2.500023907692399,nan,upper,0.1
734,phase2,upper,-15.0,2,-15.000000000000007,-19.069612038587326,-17.328323571055392,-5.0001276840770466,-2.500023907692399,nan,upper,0.1
735,phase2,upper,-15.0,2,-15.000000000000007,-19.069612038587326,-17.328323571055392,-5.0001276840770466,-2.500023907692399,nan,upper,0.1
736,phase2,upper,-15.0,2,-15.000000000000007,-19.069612038587326,-17.328323571055392,-5.0001276840770466,-2.500023907692399,nan,upper,0.1
737,phase2,upper,-15.0,2,-15.000000000000007,-19.069612038587326,-17.328323571055392,-5.0001276840770466,-2.500023907692399,nan,upper,0.1
738,phase2,upper,-15.0,2,-15.000000000000007,-19.069612038587326,-17.328323571055392,-5.0001276840770466,-2.500023907692399,nan,upper,0.1
739,phase2,upper,-15.0,2,-15.000000000000007,-19.069612038587326,-17.328323571055392,-5.0001276840770466,-2.500023907692399,nan,upper,0.1
740,phase2,upper,-15.0,2,-15.000000000000007,-19.069612038587326,-17.328323571055392,-5.0001276840770466,-2.500023907692399,nan,upper,0.1
741,phase2,upper,-15.0,2,-15.000000000000007,-19.069612038587326,-17.328323571055392,-5.0001276840770466,-2.500023907692399,nan,upper,0.1
742,phase2,upper,-15.0,2,-15.000000000000007,-19.069612038587326,-17.328323571055392,-5.0001276840770466,-2.500023907692399,nan,upper,0.1
743,phase2,upper,-15.0,2,-15.000000000000007,-19.069612038587326,-17.328323571055392,-5.0001276840770466,-2.500023907692399,nan,upper,0.1
744,phase2,upper,-15.0,2,-15.000000000000007,-19.069612038587326,-17.328323571055392,-5.0001276840770466,-2.500023907692399,nan,upper,0.1
745,phase2,upper,-15.0,2,-15.000000000000007,-19.069612038587326,-17.328323571055392,-5.0001276840770466,-2.500023907692399,nan,upper,0.1
746,phase2,upper,-15.0,2,-15.000000000000007,-19.069612038587326,-17.328323571055392,-5.0001276840770466,-2.500023907692399,nan,upper,0.1
747,phase2,upper,-15.0,2,-15.000000000000007,-19.069612038587326,-17.328323571055392,-5.0001276840770466,-2.500023907692399,nan,upper,0.1
748,phase2,upper,-15.0,2,-15.000000000000007,-19.069612038587326,-17.328323571055392,-5.0001276840770466,-2.500023907692399,nan,upper,0.1
749,phase2,upper,-15.0,2,-15.000000000000007,-19.069612038587326,-17.328323571055392,-5.0001276840770466,-2.500023907692399,nan,upper,0.1
750,phase2,upper,-15.0,2,-15.000000000000007,-19.069612038587326,-17.328323571055392,-5.0001276840770466,-2.500023907692399,nan,upper,0.1
751,phase2,upper,-15.0,2,-15.000000000000007,-19.069612038587326,-17.328323571055392,-5.0001276840770466,-2.500023907692399,nan,upper,0.1
752,phase2,upper,-15.0,2,-15.000000000000007,-19.069612038587326,-17.328323571055392,-5.0001276840770466,-2.500023907692399,nan,upper,0.1
753,phase2,upper,-15.0,2,-15.000000000000007,-19.069612038587326,-17.328323571055392,-5.0001276840770466,-2.500023907692399,nan,upper,0.1
754,phase2,upper,-15.0,2,-15.000000000000007,-19.069612038587326,-17.328323571055392,-5.0001276840770466,-2.500023907692399,nan,upper,0.1
755,phase2,upper,-15.0,2,-15.000000000000007,-19.069612038587326,-17.328323571055392,-5.0001276840770466,-2.500023907692399,nan,upper,0.1
756,phase2,upper,-15.0,2,-15.000000000000007,-19.069612038587326,-17.328323571055392,-5.0001276840770466,-2.500023907692399,nan,upper,0.1
757,phase2,upper,-15.0,2,-15.000000000000007,-19.069612038587326,-17.328323571055392,-5.0001276840770466,-2.500023907692399,nan,upper,0.1
758,phase2,upper,-15.0,2,-15.000000000000007,-19.069612038587326,-17.328323571055392,-5.0001276840770466,-2.500023907692399,nan,upper,0.1
759,phase2,upper,-15.0,2,-15.000000000000007,-19.069612038587326,-17.328323571055392,-5.0001276840770466,-2.500023907692399,nan,upper,0.1
760,phase2,upper,-15.0,2,-15.000000000000007,-19.069612038587326,-17.328323571055392,-5.0001276840770466,-2.500023907692399,nan,upper,0.1
761,phase2,upper,-15.0,2,-15.000000000000007,-19.069612038587326,-17.328323571055392,-5.0001276840770466,-2.500023907692399,nan,upper,0.1
762,phase2,lower,-20.0,4,-15.000000000000007,-19.183418768457535,-17.35409418800864,-5.0001121176193495,-2.500020321538539,nan,upper,0.1
763,phase2,upper,-15.0,2,-15.000000000000007,-19.183418768457535,-17.35409418800864,-5.0001121176193495,-2.500020321538539,nan,upper,0.1
764,phase2,upper,-15.0,2,-15.000000000000007,-19.183418768457535,-17.35409418800864,-5.0001121176193495,-2.500020321538539,nan,upper,0.1
765,phase2,upper,-15.0,2,-15.000000000000007,-19.183418768457535,-17.35409418800864,-5.0001121176193495,-2.500020321538539,nan,upper,0.1
766,phase2,upper,-15.0,2,-15.000000000000007,-19.183418768457535,-17.35409418800864,-5.0001121176193495,-2.500020321538539,nan,upper,0.1
767,phase2,upper,-15.0,2,-15.000000000000007,-19.183418768457535,-17.35409418800864,-5.0001121176193495,-2.500020321538539,nan,upper,0.1
768,phase2,upper,-15.0,2,-15.000000000000007,-19.183418768457535,-17.35409418800864,-5.0001121176193495,-2.500020321538539,nan,upper,0.1
769,phase2,upper,-15.0,2,-15.000000000000007,-19.183418768457535,-17.35409418800864,-5.0001121176193495,-2.500020321538539,nan,upper,0.1
770,phase2,upper,-15.0,2,-15.000000000000007,-19.183418768457535,-17.35409418800864,-5.0001121176193495,-2.500020321538539,nan,upper,0.1
771,phase2,lower,-20.0,4,-15.000000000000007,-19.284020081390203,-17.37599687745025,-5.000098348207228,-2.5000172733077584,nan,upper,0.1
772,phase2,upper,-15.0,2,-15.000000000000007,-19.284020081390203,-17.37599687745025,-5.000098348207228,-2.5000172733077584,nan,upper,0.1
773,phase2,upper,-15.0,2,-15.000000000000007,-19.284020081390203,-17.37599687745025,-5.000098348207228,-2.5000172733077584,nan,upper,0.1
774,phase2,lower,-20.0,4,-15.000000000000007,-19.37281660079921,-17.394612098063796,-5.0000861869723074,-2.5000146823115945,nan,upper,0.1
775,phase2,upper,-15.0,2,-15.000000000000007,-19.37281660079921,-17.394612098063796,-5.0000861869723074,-2.5000146823115945,nan,upper,0.1
776,phase2,upper,-15.0,2,-15.000000000000007,-19.37281660079921,-17.394612098063796,-5.0000861869723074,-2.5000146823115945,nan,upper,0.1
777,phase2,lower,-20.0,4,-15.000000000000007,-19.4510859253889,-17.410433211400072,-5.000075461273201,-2.5000124799648553,nan,upper,0.1
778,phase2,upper,-15.0,2,-15.000000000000007,-19.4510859253889,-17.410433211400072,-5.000075461273201,-2.5000124799648553,nan,upper,0.1
779,phase2,upper,-15.0,2,-15.000000000000007,-19.4510859253889,-17.410433211400072,-5.000075461273201,-2.5000124799648553,nan,upper,0.1
780,phase2,upper,-15.0,2,-15.000000000000007,-19.4510859253889,-17.410433211400072,-5.000075461273201,-2.5000124799648553,nan,upper,0.1
781,phase2,upper,-15.0,2,-15.000000000000007,-19.4510859253889,-17.410433211400072,-5.000075461273201,-2.5000124799648553,nan,upper,0.1
782,phase2,upper,-15.0,2,-15.000000000000007,-19.4510859253889,-17.410433211400072,-5.000075461273201,-2.5000124799648553,nan,upper,0.1
783,phase2,upper,-15.0,2,-15.000000000000007,-19.4510859253889,-17.410433211400072,-5.000075461273201,-2.5000124799648553,nan,upper,0.1
784,phase2,upper,-15.0,2,-15.000000000000007,-19.4510859253889,-17.410433211400072,-5.000075461273201,-2.5000124799648553,nan,upper,0.1
785,phase2,upper,-15.0,2,-15.000000000000007,-19.4510859253889,-17.410433211400072,-5.000075461273201,-2.5000124799648553,nan,upper,0.1
786,phase2,lower,-20.0,4,-15.000000000000007,-19.519988018290576,-17.42387954888104,-5.000066014076949,-2.500010607970127,nan,upper,0.1
787,phase2,upper,-15.0,2,-15.000000000000007,-19.519988018290576,-17.42387954888104,-5.000066014076949,-2.500010607970127,nan,upper,0.1
788,phase2,upper,-15.0,2,-15.000000000000007,-19.519988018290576,-17.42387954888104,-5.000066014076949,-2.500010607970127,nan,upper,0.1
789,phase2,upper,-15.0,2,-15.000000000000007,-19.519988018290576,-17.42387954888104,-5.000066014076949,-2.500010607970127,nan,upper,0.1
790,phase2,upper,-15.0,2,-15.000000000000007,-19.519988018290576,-17.42387954888104,-5.000066014076949,-2.500010607970127,nan,upper,0.1
791,phase2,upper,-15.0,2,-15.000000000000007,-19.519988018290576,-17.42387954888104,-5.000066014076949,-2.500010607970127,nan,upper,0.1
792,phase2,upper,-15.0,2,-15.000000000000007,-19.519988018290576,-17.42387954888104,-5.000066014076949,-2.500010607970127,nan,upper,0.1
793,phase2,upper,-15.0,2,-15.000000000000007,-19.519988018290576,-17.42387954888104,-5.000066014076949,-2.500010607970127,nan,upper,0.1
794,phase2,upper,-15.0,2,-15.000000000000007,-19.519988018290576,-17.42387954888104,-5.000066014076949,-2.500010607970127,nan,upper,0.1
795,phase2,upper,-15.0,2,-15.000000000000007,-19.519988018290576,-17.42387954888104,-5.000066014076949,-2.500010607970127,nan,upper,0.1
796,phase2,upper,-15.0,2,-15.000000000000007,-19.519988018290576,-17.42387954888104,-5.000066014076949,-2.500010607970127,nan,upper,0.1
797,phase2,upper,-15.0,2,-15.000000000000007,-19.519988018290576,-17.42387954888104,-5.000066014076949,-2.500010607970127,nan,upper,0.1
798,phase2,upper,-15.0,2,-15.000000000000007,-19.519988018290576,-17.42387954888104,-5.000066014076949,-2.500010607970127,nan,upper,0.1
799,phase2,upper,-15.0,2,-15.000000000000007,-19.519988018290576,-17.42387954888104,-5.000066014076949,-2.500010607970127,nan,upper,0.1
