episode,phase,route,return,steps,q_start_right,q_start_down,q_shield_right,q_d1_right,q_d2_right,mood_M,greedy_route,epsilon
0,phase1,lower,-10.0,4,0.0,-0.25,-0.3175,-0.36475,-0.397825,-0.189975,upper,0.1
1,phase1,upper,-15.0,2,-1.4209775,-0.25,-0.3175,-0.36475,-0.397825,-0.43058775,lower,0.1
2,phase1,lower,-10.0,4,-1.4209775,-0.894278975,-0.9128177824999999,-0.92524819775,-0.8914690134250001,-0.28350809377499997,lower,0.1
3,phase1,lower,-10.0,4,-1.4209775,-1.4012901401474998,-1.4106714709057497,-1.412333353345775,-1.2872342259255176,-0.23096535147515249,lower,0.1
4,phase1,lower,-10.0,4,-1.4209775,-1.860097089550962,-1.874099126509571,-1.8666513385815031,-1.6244126554770466,-0.20430663600096394,upper,0.1
5,phase1,upper,-15.0,2,-2.7834741474008675,-1.860097089550962,-1.874099126509571,-1.8666513385815031,-1.6244126554770466,-0.4014050658904723,lower,0.1
6,phase1,lower,-10.0,4,-2.7834741474008675,-2.472761852548248,-2.444117594225644,-2.3842606525532157,-1.9772141730830322,-0.2325675627885589,lower,0.1
7,phase1,upper,-15.0,2,-4.097778197963545,-2.472761852548248,-2.444117594225644,-2.3842606525532157,-1.9772141730830322,-0.38100448937960024,lower,0.1
8,phase1,lower,-10.0,4,-4.097778197963545,-3.062801467157628,-2.994891333392839,-2.8741714705151487,-2.2824333269652994,-0.21241513017795288,lower,0.1
9,phase1,lower,-10.0,4,-4.097778197963545,-3.497184070941307,-3.4323073055055313,-3.2688797907427887,-2.498430558600761,-0.15760299467147895,lower,0.1
10,phase1,lower,-10.0,4,-4.097778197963545,-3.8825390896020604,-3.831002768005523,-3.620449074413378,-2.670315318292205,-0.13361316200427023,lower,0.1
11,phase1,lower,-10.0,4,-4.097778197963545,-4.24763730324625,-4.210232210025892,-3.9424501170399813,-2.8120402678148175,-0.1183678037248816,upper,0.1
12,phase1,upper,-15.0,2,-5.234024568478448,-4.24763730324625,-4.210232210025892,-3.9424501170399813,-2.8120402678148175,-0.2923924966416598,lower,0.1
13,phase1,lower,-10.0,4,-5.234024568478448,-4.757050040901708,-4.684151336094597,-4.315167150363952,-2.9828457878767978,-0.14775732839935912,lower,0.1
14,phase1,lower,-10.0,4,-5.234024568478448,-5.132741765980421,-5.055871769383336,-4.600505637403772,-3.0840879686039395,-0.10181321709744628,lower,0.1
15,phase1,lower,-10.0,4,-5.234024568478448,-5.4666866617084136,-5.38990199304865,-4.844765770764629,-3.1543672248545382,-0.08256806891709857,upper,0.1
16,phase1,lower,-10.0,4,-5.234024568478448,-5.783319456867826,-5.702833068184206,-5.060718526326722,-3.2052845687366838,-0.07086659042916324,upper,0.1
17,phase1,upper,-15.0,2,-6.255205379287883,-5.783319456867826,-5.702833068184206,-5.060718526326722,-3.2052845687366838,-0.24153781310784964,lower,0.1
18,phase1,lower,-10.0,4,-6.255205379287883,-6.242654849796528,-6.106117303761946,-5.327585020772007,-3.2938463181510866,-0.10257829005084389,lower,0.1
19,phase1,lower,-10.0,4,-6.255205379287883,-6.571321556238829,-6.406701884452049,-5.510597245161556,-3.322521007621361,-0.06023074923298771,upper,0.1
20,phase1,upper,-15.0,2,-7.196929937254177,-6.571321556238829,-6.406701884452049,-5.510597245161556,-3.322521007621361,-0.21198038621643311,lower,0.1
21,phase1,lower,-10.0,4,-7.196929937254177,-6.995641936654941,-6.763694332701109,-5.72271683467137,-3.3753398977303233,-0.08037958489332445,lower,0.1
22,phase1,lower,-10.0,4,-7.196929937254177,-7.29478880266355,-7.021473136074176,-5.855686335753691,-3.3743217670033805,-0.04102991565949341,upper,0.1
23,phase1,upper,-15.0,2,-8.053655040109565,-7.29478880266355,-7.021473136074176,-5.855686335753691,-3.3743217670033805,-0.18041492446696064,lower,0.1
24,phase1,lower,-10.0,4,-8.053655040109565,-7.679830668024877,-7.3286763354584,-6.015220950861398,-3.3977624973347003,-0.06000483023674351,lower,0.1
25,phase1,lower,-10.0,4,-8.053655040109565,-7.948719581981298,-7.543152673068554,-6.102587123373507,-3.3741932818613543,-0.024561485060055455,lower,0.1
26,phase1,lower,-10.0,4,-8.053655040109565,-8.180268227644074,-7.72111954714624,-6.158768869713559,-3.3359221112982778,-0.01200054636209414,upper,0.1
27,phase1,upper,-15.0,2,-8.819351518576145,-8.180268227644074,-7.72111954714624,-6.158768869713559,-3.3359221112982778,-0.14632997770747652,lower,0.1
28,phase1,lower,-10.0,4,-8.819351518576145,-8.51605033953102,-7.96217535098524,-6.254904335688937,-3.3335071369630715,-0.03806018750131272,lower,0.1
29,phase1,lower,-10.0,4,-8.819351518576145,-8.744917009427622,-8.117971542890702,-6.287734603807914,-3.2912576904952604,-0.006962438179938128,lower,0.1
30,phase1,lower,-10.0,4,-8.819351518576145,-8.938488657135874,-8.239906657439288,-6.2946416810412185,-3.2383153827814914,0.0033728163426022875,upper,0.1
31,phase1,upper,-15.0,2,-9.509754399749486,-8.938488657135874,-8.239906657439288,-6.2946416810412185,-3.2383153827814914,-0.1213573170054891,lower,0.1
32,phase1,lower,-10.0,4,-9.509754399749486,-9.227852042471156,-8.420473555521133,-6.341552273857653,-3.221243290300015,-0.021996774136189418,lower,0.1
33,phase1,lower,-10.0,4,-9.509754399749486,-9.416911290498724,-8.522140175912932,-6.33258162488768,-3.16951279328401,0.00577542936478068,lower,0.1
34,phase1,lower,-10.0,4,-9.509754399749486,-9.572236292611843,-8.592886980216779,-6.302448522434091,-3.109980301997055,0.014315215321840217,upper,0.1
35,phase1,upper,-15.0,2,-10.132241826749471,-9.572236292611843,-8.592886980216779,-6.302448522434091,-3.109980301997055,-0.10050951162874605,lower,0.1
36,phase1,lower,-10.0,4,-10.132241826749471,-9.814759921838208,-8.718221695329953,-6.311924854654264,-3.085391837830264,-0.010019142299021795,lower,0.1
37,phase1,lower,-10.0,4,-10.132241826749471,-9.964123327256502,-8.771797538795045,-6.272745407546483,-3.0306679607952227,0.014594294330919362,lower,0.1
38,phase1,lower,-10.0,4,-10.132241826749471,-10.081755883512528,-8.798005123953251,-6.216842214125789,-2.9703782595315187,0.021537853967109142,lower,0.1
39,phase1,lower,-10.0,4,-10.132241826749471,-10.183996738986203,-8.809158714463125,-6.1534933371458544,-2.9110941697399664,0.023636219660256808,upper,0.1
40,phase1,upper,-15.0,2,-10.691710112764467,-10.183996738986203,-8.809158714463125,-6.1534933371458544,-2.9110941697399664,-0.08218431803015952,lower,0.1
41,phase1,lower,-10.0,4,-10.691710112764467,-10.370478822761038,-8.875747670428275,-6.1325593008055135,-2.887254091526184,-0.0010988828324122908,lower,0.1
42,phase1,lower,-10.0,4,-10.691710112764467,-10.471994702076934,-8.879263388537433,-6.07094688244777,-2.8374481135221568,0.02023584296354796,lower,0.1
43,phase1,lower,-10.0,4,-10.691710112764467,-10.54450931205579,-8.860179411395865,-5.997495831317966,-2.78382801344288,0.02558200130448994,lower,0.1
44,phase1,lower,-10.0,4,-10.691710112764467,-10.603052520815757,-8.829817485248428,-5.920471095170601,-2.7322156129640653,0.026582306396806987,lower,0.1
45,phase1,lower,-10.0,4,-10.691710112764467,-10.651804941501897,-8.79175864725034,-5.8426062551246325,-2.6840836493703613,0.02634122573126444,lower,0.1
46,phase1,lower,-10.0,4,-10.691710112764467,-10.692093208918603,-8.74752718588228,-5.765105524452969,-2.6397412450105944,0.02569342903212355,upper,0.1
47,phase1,upper,-15.0,2,-11.19817449712642,-10.692093208918603,-8.74752718588228,-5.765105524452969,-2.6397412450105944,-0.06899595404714777,lower,0.1
48,phase1,lower,-10.0,4,-11.19817449712642,-10.809732965257405,-8.757749188167072,-5.730468629549547,-2.6284119580931606,0.0021351414519421574,lower,0.1
49,phase1,lower,-10.0,4,-11.19817449712642,-10.852612960241624,-8.715772431209157,-5.663552296553921,-2.5946177660595313,0.0201491335839274,lower,0.1
50,phase1,lower,-10.0,4,-11.19817449712642,-10.870794687112841,-8.657661769301882,-5.589726845959564,-2.5579423588487877,0.024004690118845148,lower,0.1
51,phase1,lower,-10.0,4,-11.19817449712642,-10.877877174224786,-8.593490733411883,-5.516049873829206,-2.523440975418422,0.024066052189731502,lower,0.1
52,phase1,lower,-10.0,4,-11.19817449712642,-10.877779083172737,-8.526406600672136,-5.44466004803236,-2.4923061824504513,0.023095992371763754,lower,0.1
53,phase1,lower,-10.0,4,-11.19817449712642,-10.871855441788089,-8.457694413186431,-5.376341231997686,-2.4647036092011563,0.021836261587929985,lower,0.1
54,phase1,lower,-10.0,4,-11.19817449712642,-10.860786703498785,-8.388119902494916,-5.311473499025088,-2.440526252980473,0.020490993509809412,lower,0.1
55,phase1,lower,-10.0,4,-11.19817449712642,-10.845078129239571,-8.318283932609647,-5.250289390850142,-2.419595483539882,0.019121010811392634,lower,0.1
56,phase1,lower,-10.0,4,-11.19817449712642,-10.825189799846324,-8.248714798313513,-5.19294537140748,-2.4017149595903717,0.017748623302713935,lower,0.1
57,phase1,lower,-10.0,4,-11.19817449712642,-10.8015685387206,-8.179891397900814,-5.139544035293839,-2.386685436059922,0.016385470232143352,lower,0.1
58,phase1,lower,-10.0,4,-11.19817449712642,-10.774653901429692,-8.112248532591732,-5.09014310624619,-2.3743091618876337,0.015039909077805657,lower,0.1
59,phase1,lower,-10.0,4,-11.19817449712642,-10.744877446375872,-8.046177902279535,-5.044760803924655,-2.364391493681214,0.013718970870361901,lower,0.1
60,phase1,lower,-10.0,4,-11.19817449712642,-10.712660418182912,-7.982028353105117,-5.003380123707479,-2.356741748501537,0.012428874886090608,lower,0.1
61,phase1,lower,-10.0,4,-11.19817449712642,-10.67841122427765,-7.920106273230016,-4.965952704138412,-2.3511738300868923,0.01117516411631702,lower,0.1
62,phase1,lower,-10.0,4,-11.19817449712642,-10.6425230814682,-7.86067632924929,-4.93240245941769,-2.3475067673579137,0.009962743573943127,lower,0.1
63,phase1,lower,-10.0,4,-11.19817449712642,-10.60537193702976,-7.803962551504635,-4.902629022193214,-2.3455651993235587,0.008795896252953562,lower,0.1
64,phase1,lower,-10.0,4,-11.19817449712642,-10.56731469184959,-7.750149730524954,-4.876511006980862,-2.3451798131259523,0.007678296408235079,lower,0.1
65,phase1,lower,-10.0,4,-11.19817449712642,-10.528687728949714,-7.699385077477591,-4.853909095574613,-2.346187735164744,0.006613025120477586,lower,0.1
66,phase1,upper,-15.0,2,-11.673969061070157,-10.528687728949714,-7.699385077477591,-4.853909095574613,-2.346187735164744,-0.06745721698747838,lower,0.1
67,phase1,lower,-10.0,4,-11.673969061070157,-10.556468959091232,-7.698444354399657,-4.867333920600901,-2.371298357664295,-0.012181675957522037,lower,0.1
68,phase1,lower,-10.0,4,-11.673969061070157,-10.531630006983843,-7.663341102546347,-4.857395836663271,-2.3770413923477984,0.0016822737133145504,lower,0.1
69,phase1,lower,-10.0,4,-11.673969061070157,-10.493287070198111,-7.621742943098839,-4.84339732705144,-2.3786935374903027,0.004589687254768738,lower,0.1
70,phase1,lower,-10.0,4,-11.673969061070157,-10.452001938958892,-7.5809851870919145,-4.830365380380517,-2.3801840840227553,0.0046364392391112,lower,0.1
71,phase1,lower,-10.0,4,-11.673969061070157,-10.410727468456994,-7.542984797399726,-4.819523629648799,-2.382434245851661,0.003974412340874993,lower,0.1
72,phase1,lower,-10.0,4,-11.673969061070157,-10.37037623024448,-7.508205748731337,-4.811078187414502,-2.385573855205764,0.003175112089451747,lower,0.1
73,phase1,lower,-10.0,4,-11.673969061070157,-10.331301581212658,-7.476714068982443,-4.804960063506027,-2.3895304692342307,0.0023896604513614908,lower,0.1
74,phase1,upper,-15.0,2,-12.108419352349562,-10.331301581212658,-7.476714068982443,-4.804960063506027,-2.3895304692342307,-0.05931590583502143,lower,0.1
75,phase1,lower,-10.0,4,-12.108419352349562,-10.349227145241155,-7.487333826280649,-4.828236356423077,-2.4132342999064305,-0.013158324052901762,lower,0.1
76,phase1,lower,-10.0,4,-12.108419352349562,-10.324880304992716,-7.469942703836286,-4.831403556264234,-2.420472998234813,-0.0014846263620493052,lower,0.1
77,phase1,lower,-10.0,4,-12.108419352349562,-10.290722708602916,-7.447440788455948,-4.830516343040653,-2.4239746631500907,0.0010761062613430278,lower,0.1
78,phase1,lower,-10.0,4,-12.108419352349562,-10.255426020953012,-7.425801785125804,-4.829742623873353,-2.4270168856532663,0.001266148591470122,lower,0.1
79,phase1,lower,-10.0,4,-12.108419352349562,-10.221324063637969,-7.406498341020598,-4.830088183111556,-2.430374295298145,0.0008756524061047863,lower,0.1
80,phase1,lower,-10.0,4,-12.108419352349562,-10.189053404210737,-7.389805369703178,-4.83171735119811,-2.434164980604895,0.0003782506527273922,lower,0.1
81,phase1,lower,-10.0,4,-12.108419352349562,-10.158788175172527,-7.375678573009749,-4.834571141249106,-2.438340887515611,-0.00010247667056851239,lower,0.1
82,phase1,lower,-10.0,4,-12.108419352349562,-10.130569443959761,-7.363988430877748,-4.838532635949063,-2.4428177459645606,-0.0005360656415953516,lower,0.1
83,phase1,upper,-15.0,2,-12.5032956568105,-10.130569443959761,-7.363988430877748,-4.838532635949063,-2.4428177459645606,-0.0515146455093797,lower,0.1
84,phase1,lower,-10.0,4,-12.5032956568105,-10.150274523610001,-7.386699390702574,-4.865953418009925,-2.4632462590800417,-0.013156802508125114,lower,0.1
85,phase1,lower,-10.0,4,-12.5032956568105,-10.135758132576571,-7.385797050424928,-4.875943140748368,-2.469730846922933,-0.0032875562560726744,lower,0.1
86,phase1,lower,-10.0,4,-12.5032956568105,-10.113720824991871,-7.3801338706805035,-4.88178140366082,-2.4728116749038493,-0.0009500066714750844,lower,0.1
87,phase1,lower,-10.0,4,-12.5032956568105,-10.091217135565062,-7.374590280415157,-4.886933073681227,-2.475222374764299,-0.0005759910257559773,lower,0.1
88,phase1,lower,-10.0,4,-12.5032956568105,-10.070072841973252,-7.370338508998944,-4.892255023687744,-2.4776290623458586,-0.0006880482466182564,lower,0.1
89,phase1,lower,-10.0,4,-12.5032956568105,-10.050718652097778,-7.367570803872886,-4.897912623833697,-2.4801553925511413,-0.0008960898050774382,lower,0.1
90,phase1,lower,-10.0,4,-12.5032956568105,-10.033210348099859,-7.366224530544094,-4.903889811116972,-2.48278744533947,-0.00109902092392098,lower,0.1
91,phase1,lower,-10.0,4,-12.5032956568105,-10.01750088517581,-7.3661748247094465,-4.910125173390335,-2.4854808561253092,-0.0012724974440942928,lower,0.1
92,phase1,lower,-10.0,4,-12.5032956568105,-10.003513526828858,-7.367285729334722,-4.916548509908248,-2.4881888117177136,-0.0014124952534124028,lower,0.1
93,phase1,lower,-10.0,4,-12.5032956568105,-9.991161992807516,-7.369423728869383,-4.923090840198796,-2.490869028771518,-0.0015203009350278547,lower,0.1
94,phase1,lower,-10.0,4,-12.5032956568105,-9.980356437255228,-7.372461296465063,-4.929687270585879,-2.4934851650566974,-0.0015985151520007906,lower,0.1
95,phase1,lower,-10.0,4,-12.5032956568105,-9.971005586813012,-7.376277789621571,-4.936277888355321,-2.496006771527392,-0.0016499851410268324,lower,0.1
96,phase1,lower,-10.0,4,-12.5032956568105,-9.963017793720791,-7.380759639609624,-4.942808067418614,-2.498408877742559,-0.0016775172514384836,lower,0.1
97,phase1,lower,-10.0,4,-12.5032956568105,-9.95630174383597,-7.385800348097928,-4.949228561997034,-2.500671501329268,-0.0016837980595847055,lower,0.1
98,phase1,lower,-10.0,4,-12.5032956568105,-9.950767022515793,-7.39130042458045,-4.955495496270362,-2.5027791587963844,-0.0016713719823775615,lower,0.1
99,phase1,lower,-10.0,4,-12.5032956568105,-9.946324597506397,-7.397167297954085,-4.961570285801843,-2.5047203981001633,-0.001642634823210823,lower,0.1
100,phase1,lower,-10.0,4,-12.5032956568105,-9.942887238892055,-7.403315209589572,-4.967419506699062,-2.5064873580893723,-0.0015998323452814911,lower,0.1
101,phase1,lower,-10.0,4,-12.5032956568105,-9.94036988507256,-7.409665088886881,-4.973014722570501,-2.5080753557806594,-0.0015450608686043863,lower,0.1
102,phase1,lower,-10.0,4,-12.5032956568105,-9.938689960235736,-7.416144411105451,-4.97833227719612,-2.50948250121249,-0.0014802690009440525,lower,0.1
103,phase1,lower,-10.0,4,-12.5032956568105,-9.937767647423557,-7.422687037358595,-4.9833530597330595,-2.5107093392343947,-0.001407260186077943,lower,0.1
104,phase1,lower,-10.0,4,-12.5032956568105,-9.937526120584533,-7.4292330370415165,-4.988062248499136,-2.5117585174286514,-0.0013276959145096857,lower,0.1
105,phase1,lower,-10.0,4,-12.5032956568105,-9.93789173855329,-7.435728493357758,-4.992449038720779,-2.5126344792769673,-0.0012430994925034262,lower,0.1
106,phase1,lower,-10.0,4,-12.5032956568105,-9.938794203576991,-7.442125292954058,-4.996506359043198,-2.5133431816310474,-0.0011548602852953706,lower,0.1
107,phase1,lower,-10.0,4,-12.5032956568105,-9.940166686771464,-7.448380900955889,-5.000230581061432,-2.513891835509429,-0.001064238361113197,lower,0.1
108,phase1,lower,-10.0,4,-12.5032956568105,-9.941945922714908,-7.454458122916924,-5.003621225634418,-2.514288669218312,-0.0009723694701375702,lower,0.1
109,phase1,lower,-10.0,4,-12.5032956568105,-9.944072275258232,-7.460324855360314,-5.006680669286328,-2.5145427127787103,-0.0008802702985183496,lower,0.1
110,phase1,lower,-10.0,4,-12.5032956568105,-9.946489776537106,-7.465953826703738,-5.009413853577144,-2.514663602634238,-0.0007888439426157996,lower,0.1
111,phase1,lower,-10.0,4,-12.5032956568105,-9.949146141102124,-7.471322330429426,-5.011827999935279,-2.5146614056120535,-0.0006988855530475999,lower,0.1
112,phase1,lower,-10.0,4,-12.5032956568105,-9.951992757032597,-7.476411952390269,-5.013932332086794,-2.5145464611128077,-0.0006110881020513706,lower,0.1
113,phase1,lower,-10.0,4,-12.5032956568105,-9.954984655860212,-7.481208294138871,-5.015737807886467,-2.5143292405131787,-0.0005260482312339522,lower,0.1
114,phase1,lower,-10.0,4,-12.5032956568105,-9.958080463096188,-7.485700694132832,-5.017256862053763,-2.51402022277602,-0.0004442721400619203,lower,0.1
115,phase1,lower,-10.0,4,-12.5032956568105,-9.961242331125908,-7.489881948611154,-5.018503161040214,-2.5136297852778764,-0.0003661814785204068,lower,0.1
116,phase1,lower,-10.0,4,-12.5032956568105,-9.9644358562051,-7.493748033857629,-5.019491371002063,-2.513168108881164,-0.0002921192102777288,lower,0.1
117,phase1,upper,-15.0,2,-12.858623606936087,-9.9644358562051,-7.493748033857629,-5.019491371002063,-2.513168108881164,-0.04308841485345073,lower,0.1
118,phase1,lower,-10.0,4,-12.858623606936087,-10.006146647338458,-7.524259497726365,-5.039110106000877,-2.525856312763416,-0.010497745999407417,lower,0.1
119,phase1,lower,-10.0,4,-12.858623606936087,-10.017405903776716,-7.5328471854939165,-5.043157531958613,-2.5266737927667005,-0.0018711749456954577,lower,0.1
120,phase1,lower,-10.0,4,-12.858623606936087,-10.020634089399561,-7.535473974962539,-5.042904565769476,-2.5245381379428866,0.00038665031966864615,lower,0.1
121,phase1,lower,-10.0,4,-12.858623606936087,-10.021770092668158,-7.536374121252042,-5.041378509984771,-2.5218058414958477,0.0009527417570923874,lower,0.1
122,phase1,lower,-10.0,4,-12.858623606936087,-10.022373027945163,-7.5366686415901105,-5.03941221865702,-2.519090478161861,0.0010701146105214139,lower,0.1
123,phase1,lower,-10.0,4,-12.858623606936087,-10.022839486160187,-7.536654808660587,-5.03725238774296,-2.516543383547125,0.001068972965950278,lower,0.1
124,phase1,lower,-10.0,4,-12.858623606936087,-10.023258942740872,-7.536414127307786,-5.034987314475875,-2.5141939810858736,0.0010369069226109583,lower,0.1
125,phase1,lower,-10.0,4,-12.858623606936087,-10.023641244967214,-7.535973384646657,-5.032660814225856,-2.5120401461380433,0.0009970480853206771,lower,0.1
126,phase1,lower,-10.0,4,-12.858623606936087,-10.02397711565837,-7.5353469550821695,-5.030302687250028,-2.5100721313689354,0.0009554267271551885,lower,0.1
127,phase1,lower,-10.0,4,-12.858623606936087,-10.024254215546309,-7.53454759512529,-5.027936983208885,-2.508278839306129,0.0009135586612225646,lower,0.1
128,phase1,lower,-10.0,4,-12.858623606936087,-10.024461350709105,-7.533588913225712,-5.025584347801311,-2.506649410778032,0.0008717887550047226,lower,0.1
129,phase1,lower,-10.0,4,-12.858623606936087,-10.02458949708126,-7.532485673955567,-5.023262782923131,-2.5051735765775036,0.0008301769743492672,lower,0.1
130,phase1,upper,-15.0,2,-13.176474394298042,-10.02458949708126,-7.532485673955567,-5.023262782923131,-2.5051735765775036,-0.03516068987698811,lower,0.1
131,phase1,lower,-10.0,4,-13.176474394298042,-10.05702373565798,-7.553927816250432,-5.036859946209368,-2.5149520690929816,-0.00785267617074135,lower,0.1
132,phase1,lower,-10.0,4,-13.176474394298042,-10.063781552270893,-7.557084625409889,-5.037612843321115,-2.514925928877911,-0.0006940453560541121,lower,0.1
133,phase1,lower,-10.0,4,-13.176474394298042,-10.063736500405241,-7.5553938787500785,-5.034997915844745,-2.5125784240777183,0.0011127093537607188,lower,0.1
134,phase1,lower,-10.0,4,-13.176474394298042,-10.06190079982134,-7.552428024781986,-5.031556895295307,-2.509875905431322,0.001500989796817092,lower,0.1
135,phase1,lower,-10.0,4,-13.176474394298042,-10.059602631500269,-7.549139523335261,-5.0279843038641285,-2.507319783450516,0.001516246058908269,lower,0.1
136,phase1,lower,-10.0,4,-13.176474394298042,-10.057191699230751,-7.54578626245058,-5.02448024364075,-2.5050235373268843,0.001436246220188804,lower,0.1
137,phase1,lower,-10.0,4,-13.176474394298042,-10.054758533954564,-7.542442878657813,-5.021110363163249,-2.5029989056314417,0.001334700090837492,lower,0.1
138,phase1,lower,-10.0,4,-13.176474394298042,-10.052325738343134,-7.539136243358116,-5.017901870866547,-2.501231863134474,0.0012310853396949402,lower,0.1
139,phase1,lower,-10.0,4,-13.176474394298042,-10.049898812038906,-7.535881105980356,-5.014869351946045,-2.4997027239091545,0.0011304748254904148,lower,0.1
140,phase1,lower,-10.0,4,-13.176474394298042,-10.047479614090111,-7.532689253373285,-5.0120218977408815,-2.498391398580211,0.0010341228912964528,lower,0.1
141,phase1,lower,-10.0,4,-13.176474394298042,-10.045069867416261,-7.529571680649173,-5.009365243210129,-2.4972787120145723,0.0009422782855531814,lower,0.1
142,phase1,lower,-10.0,4,-13.176474394298042,-10.042671998282554,-7.526538950542659,-5.006902555825892,-2.496346680485558,0.0008549305040924664,lower,0.1
143,phase1,lower,-10.0,4,-13.176474394298042,-10.04028925605488,-7.523601112564427,-5.0046348466799175,-2.495578518674454,0.0007720066743263506,lower,0.1
144,phase1,lower,-10.0,4,-13.176474394298042,-10.03792563569894,-7.520767541896909,-5.002561263845141,-2.494958580926901,0.0006934223558731454,lower,0.1
145,phase1,lower,-10.0,4,-13.176474394298042,-10.035585746198452,-7.518046789474877,-5.0006793388141215,-2.494472290677981,0.0006190935493191022,lower,0.1
146,phase1,lower,-10.0,4,-13.176474394298042,-10.033274666331709,-7.515446463641194,-4.998985206295342,-2.494106071916891,0.0005489384817885736,lower,0.1
147,phase1,upper,-15.0,2,-13.460897030243723,-10.033274666331709,-7.515446463641194,-4.998985206295342,-2.494106071916891,-0.02879428706284614,lower,0.1
148,phase1,lower,-10.0,4,-13.460897030243723,-10.057406704419218,-7.531459377283557,-5.010414166473024,-2.5029055396278523,-0.00656243165566573,lower,0.1
149,phase1,lower,-10.0,4,-13.460897030243723,-10.060718160195751,-7.5327886103129105,-5.011498710973907,-2.503697037770028,-0.0007544298928003671,lower,0.1
150,phase1,lower,-10.0,4,-13.460897030243723,-10.058604192110987,-7.530380813364638,-5.009948551461306,-2.5025776942819706,0.0006939642416987218,lower,0.1
151,phase1,lower,-10.0,4,-13.460897030243723,-10.055157286418824,-7.527138358475883,-5.007820334583087,-2.5011471198977318,0.0009895124609359378,lower,0.1
152,phase1,lower,-10.0,4,-13.460897030243723,-10.051464832409689,-7.5238266521817545,-5.005665493736052,-2.499810967546504,0.000984422766952087,lower,0.1
153,phase1,lower,-10.0,4,-13.460897030243723,-10.047815033896638,-7.520644119127851,-5.003633197792529,-2.498659008257538,0.0009049998864181109,lower,0.1
154,phase1,lower,-10.0,4,-13.460897030243723,-10.044283442521984,-7.517639262367117,-5.001763848723936,-2.497698453233774,0.0008111679572899743,lower,0.1
155,phase1,lower,-10.0,4,-13.460897030243723,-10.040888973344936,-7.514821292325525,-5.000067372932462,-2.4969158868624417,0.0007186255232002822,lower,0.1
156,phase1,lower,-10.0,4,-13.460897030243723,-10.037635442272114,-7.512189338919079,-4.99854427547485,-2.4962936438568795,0.0006313188542318327,lower,0.1
157,phase1,lower,-10.0,4,-13.460897030243723,-10.034522644968002,-7.509740056905958,-4.99719145263197,-2.4958140806407485,0.0005500750727177222,lower,0.1
158,phase1,lower,-10.0,4,-13.460897030243723,-10.031549318596351,-7.507469519305071,-4.99600392909601,-2.495460633097123,0.00047489756998368455,lower,0.1
159,phase1,lower,-10.0,4,-13.460897030243723,-10.028713930854238,-7.505373620234211,-4.994975490525509,-2.4952180245160123,0.00040557642622387146,lower,0.1
160,phase1,lower,-10.0,4,-13.460897030243723,-10.026014881008635,-7.503448105728079,-4.994099003347741,-2.4950722520783817,0.0003418507246141589,lower,0.1
161,phase1,lower,-10.0,4,-13.460897030243723,-10.023450537828426,-7.501688526600964,-4.993366634234178,-2.4950105187956324,0.0002834516206157461,lower,0.1
162,phase1,lower,-10.0,4,-13.460897030243723,-10.021019230247125,-7.500090188540156,-4.99277002741953,-2.4950211551096726,0.00023011363551058908,lower,0.1
163,phase1,lower,-10.0,4,-13.460897030243723,-10.018719223804469,-7.4986481167116334,-4.992300456836765,-2.4950935417000943,0.00018157746332120084,lower,0.1
164,phase1,lower,-10.0,4,-13.460897030243723,-10.016548693378196,-7.497357037030748,-4.991948958921098,-2.495218036339994,0.00013759050996217984,lower,0.1
165,phase1,lower,-10.0,4,-13.460897030243723,-10.014505696284486,-7.496211372477126,-4.991706448834167,-2.4953859053161302,9.790683787201952e-05,lower,0.1
166,phase1,lower,-10.0,4,-13.460897030243723,-10.012588147749664,-7.495205252062172,-4.991563821908542,-2.4955892593078555,6.22869746649724e-05,lower,0.1
167,phase1,lower,-10.0,4,-13.460897030243723,-10.010793799903716,-7.494332530069208,-4.991512041750005,-2.4958209934579236,3.049771634978997e-05,lower,0.1
168,phase1,lower,-10.0,4,-13.460897030243723,-10.00912022497555,-7.493586813390456,-4.991542216243396,-2.4960747313340645,2.3119644563692995e-06,lower,0.1
169,phase1,lower,-10.0,4,-13.460897030243723,-10.00756480304903,-7.4929614950253445,-4.991645662574209,-2.4963447724833285,-2.249139094372818e-05,lower,0.1
170,phase1,lower,-10.0,4,-13.460897030243723,-10.006124714498512,-7.492449792039887,-4.991813962270698,-2.4966260432964464,-4.412753996182518e-05,lower,0.1
171,phase1,lower,-10.0,4,-13.460897030243723,-10.004796937038615,-7.492044786506761,-4.992039007180161,-2.496914050919318,-6.280577528583121e-05,lower,0.1
172,phase1,lower,-10.0,4,-13.460897030243723,-10.003578247183187,-7.491739468148171,-4.992313037214107,-2.497204839970365,-7.872947251508663e-05,lower,0.1
173,phase1,lower,-10.0,4,-13.460897030243723,-10.002465225804949,-7.491526777588504,-4.99262867062813,-2.4974949518446254,-9.209603412030907e-05,lower,0.1
174,phase1,lower,-10.0,4,-13.460897030243723,-10.001454267414012,-7.491399649292118,-4.992978927541605,-2.497781386407287,-0.00010309680353522155,lower,0.1
175,phase1,lower,-10.0,4,-13.460897030243723,-10.000541592725003,-7.491351053414004,-4.993357247348765,-2.4980615659003456,-0.00011191695628268137,lower,0.1
176,phase1,lower,-10.0,4,-13.460897030243723,-9.999723264054559,-7.4913740359285415,-4.993757500624905,-2.4983333009058906,-0.00011873537510709067,lower,0.1
177,phase1,upper,-15.0,2,-13.71488006431642,-9.999723264054559,-7.4913740359285415,-4.993757500624905,-2.4983333009058906,-0.023382413925331677,lower,0.1
178,phase1,lower,-10.0,4,-13.71488006431642,-10.019932513774755,-7.506117874011735,-5.004433278329294,-2.505776255796292,-0.005709333735815941,lower,0.1
179,phase1,lower,-10.0,4,-13.71488006431642,-10.023689450160688,-7.509173299423453,-5.006778811478542,-2.5067827553900552,-0.0010588096831942433,lower,0.1
180,phase1,lower,-10.0,4,-13.71488006431642,-10.023190763801841,-7.509208964659469,-5.006907134516536,-2.50619413638945,0.000133749798501283,lower,0.1
181,phase1,lower,-10.0,4,-13.71488006431642,-10.021672209068951,-7.508517010695275,-5.006450445625037,-2.5052856994459214,0.0004106199952486041,lower,0.1
182,phase1,lower,-10.0,4,-13.71488006431642,-10.01998713123586,-7.507696473235156,-5.005848457083062,-2.5043858216076487,0.0004473660117958892,lower,0.1
183,phase1,lower,-10.0,4,-13.71488006431642,-10.018355436025175,-7.506897983266496,-5.005222715252,-2.5035721134905824,0.00042333928090835187,lower,0.1
184,phase1,lower,-10.0,4,-13.71488006431642,-10.01682868539649,-7.50615440149359,-5.004609184359447,-2.502856406392478,0.0003859934317532311,lower,0.1
185,phase1,lower,-10.0,4,-13.71488006431642,-10.015413862917622,-7.505468498252793,-5.00402021863096,-2.502233859195869,0.00034773062527738264,lower,0.1
186,phase1,lower,-10.0,4,-13.71488006431642,-10.01410636888839,-7.5048360751507355,-5.0034611625397485,-2.5016959474681433,0.0003116469599841408,lower,0.1
187,phase1,lower,-10.0,4,-13.71488006431642,-10.01289885725064,-7.50425194837393,-5.002934873531096,-2.5012338546633512,0.00027837691358219226,lower,0.1
188,phase1,lower,-10.0,4,-13.71488006431642,-10.011783627140746,-7.503711396894419,-5.002443019826906,-2.5008393154153956,0.0002479130256052675,lower,0.1
189,phase1,lower,-10.0,4,-13.71488006431642,-10.010753282393068,-7.503210423764886,-5.001986508408985,-2.5005047851710063,0.00022008956467854435,lower,0.1
190,phase1,lower,-10.0,4,-13.71488006431642,-10.009800915922039,-7.502745718620587,-5.001565670844482,-2.5002234344579866,0.00019471081862278735,lower,0.1
191,phase1,lower,-10.0,4,-13.71488006431642,-10.008920156455133,-7.502314555700105,-5.001180375215867,-2.499989100236777,0.0001715847479480135,lower,0.1
192,phase1,lower,-10.0,4,-13.71488006431642,-10.008105170106477,-7.501914688040087,-5.000830110116769,-2.499796229467831,0.00015053136453406317,lower,0.1
193,phase1,lower,-10.0,4,-13.71488006431642,-10.007350643671757,-7.501544252472306,-5.000514054005131,-2.4996398241108055,0.0001313843142231634,lower,0.1
194,phase1,lower,-10.0,4,-13.71488006431642,-10.00665175866901,-7.501201687945243,-5.000231134380843,-2.4995153898481792,0.00011399060785979203,lower,0.1
195,phase1,lower,-10.0,4,-13.71488006431642,-10.006004160049558,-7.50088566659631,-4.999980078786592,-2.4994188889622904,9.820984072268416e-05,lower,0.1
196,phase1,lower,-10.0,4,-13.71488006431642,-10.005403921847584,-7.500595036292445,-4.999759458867275,-2.499346697284984,8.39132763733251e-05,lower,0.1
197,phase1,lower,-10.0,4,-13.71488006431642,-10.004847511343335,-7.500328773275824,-4.999567728426693,-2.499295564996117,7.098290994724012e-05,lower,0.1
198,phase1,upper,-15.0,2,-13.94015959797833,-10.004847511343335,-7.500328773275824,-4.999567728426693,-2.499295564996117,-0.018237908799355503,lower,0.1
199,phase1,lower,-10.0,4,-13.94015959797833,-10.020809755456003,-7.511620545406682,-5.007477477503749,-2.504914535877959,-0.004336654346802745,lower,0.1
200,phase1,lower,-10.0,4,-13.94015959797833,-10.023793823363194,-7.513690222183542,-5.0088481090047985,-2.505492730830807,-0.0006845127886063427,lower,0.1
201,phase1,lower,-10.0,4,-13.94015959797833,-10.023399524754975,-7.513364456690639,-5.008492746209053,-2.5048389850521864,0.0002460384658998058,lower,0.1
202,phase1,lower,-10.0,4,-13.94015959797833,-10.022174583329232,-7.512451334571227,-5.007697668160486,-2.503955643642716,0.00045584736598366715,lower,0.1
203,phase1,lower,-10.0,4,-13.94015959797833,-10.020791995824046,-7.511426256373118,-5.0068103186256945,-2.5030998416583543,0.0004766319026850923,lower,0.1
204,phase1,lower,-10.0,4,-13.94015959797833,-10.019426453166536,-7.510411509534509,-5.005927433465073,-2.5023313883896794,0.0004495823297366491,lower,0.1
205,phase1,lower,-10.0,4,-13.94015959797833,-10.01812033470657,-7.5094364615817675,-5.0050781106616,-2.5016583535265218,0.00041208300383768304,lower,0.1
206,phase1,lower,-10.0,4,-13.94015959797833,-10.016881072690635,-7.508506549622964,-5.004272605666497,-2.5010757142341054,0.0003739314478344006,lower,0.1
207,phase1,lower,-10.0,4,-13.94015959797833,-10.015707082080818,-7.507621466292354,-5.0035154177819585,-2.500575577623111,0.00033759990625482623,lower,0.1
208,phase1,lower,-10.0,4,-13.94015959797833,-10.014594680586342,-7.506779861874086,-5.002808870759233,-2.5001498500717227,0.00030362160908700925,lower,0.1
209,phase1,lower,-10.0,4,-13.94015959797833,-10.013539939266938,-7.505980481043644,-5.002154154727112,-2.4997909017316284,0.0002720225388686266,lower,0.1
210,phase1,lower,-10.0,4,-13.94015959797833,-10.012539173159627,-7.505222368840475,-5.001551682916956,-2.4994917011701623,0.0002427017984070786,lower,0.1
211,phase1,lower,-10.0,4,-13.94015959797833,-10.011589061109145,-7.50450484439851,-5.001001257127612,-2.4992458122157175,0.0002155323531048844,lower,0.1
212,phase1,lower,-10.0,4,-13.94015959797833,-10.010686660320287,-7.503827426437777,-5.0005021743165585,-2.4990473571576195,0.00019038735043642988,lower,0.1
213,phase1,lower,-10.0,4,-13.94015959797833,-10.009829388316643,-7.503189757880052,-5.00005331045147,-2.4988909738741296,0.0001671466007390219,lower,0.1
214,phase1,lower,-10.0,4,-13.94015959797833,-10.009014993332318,-7.50259154075694,-4.999653192046987,-2.498771774076404,0.00014569775757816868,lower,0.1
215,phase1,lower,-10.0,4,-13.94015959797833,-10.00824152009296,-7.502032483079136,-4.999300058869993,-2.498685304417603,0.00012593608430582214,lower,0.1
216,phase1,upper,-15.0,2,-14.139258378316132,-10.00824152009296,-7.502032483079136,-4.999300058869993,-2.498685304417603,-0.013804412326109156,lower,0.1
217,phase1,lower,-10.0,4,-14.139258378316132,-10.020044587485078,-7.510288376424296,-5.0051352030073595,-2.5029278093134524,-0.0032369127967238685,lower,0.1
218,phase1,lower,-10.0,4,-14.139258378316132,-10.02198218789605,-7.511548896445897,-5.0060184141100175,-2.503348194082806,-0.0004668501544733578,lower,0.1
219,phase1,lower,-10.0,4,-14.139258378316132,-10.021359023890062,-7.5110082649404735,-5.005610760793942,-2.502842836814443,0.000233086380326077,lower,0.1
220,phase1,lower,-10.0,4,-14.139258378316132,-10.020114170252809,-7.510042199614576,-5.004889815346165,-2.502172912050673,0.0003852281684643383,lower,0.1
221,phase1,lower,-10.0,4,-14.139258378316132,-10.018760267837369,-7.50901232423437,-5.004118764774014,-2.5015327122868056,0.00039411624058686675,lower,0.1
222,phase1,upper,-15.0,2,-14.31425390356101,-10.018760267837369,-7.50901232423437,-5.004118764774014,-2.5015327122868056,-0.009847611005101967,lower,0.1
223,phase1,lower,-10.0,4,-14.31425390356101,-10.02664832338166,-7.514463768744268,-5.007886593739016,-2.5041281215905773,-0.0020918812677473376,lower,0.1
224,phase1,lower,-10.0,4,-14.31425390356101,-10.027312561058894,-7.514794953467215,-5.00802539435546,-2.5039740841654132,-7.742558975561554e-05,lower,0.1
225,phase1,lower,-10.0,4,-14.31425390356101,-10.026130483330506,-7.51382880027261,-5.007235047142038,-2.503197639037648,0.0004140288559142199,lower,0.1
226,phase1,lower,-10.0,4,-14.31425390356101,-10.024527689054393,-7.512576441337764,-5.006238186461822,-2.5023536812062197,0.0005036355593118079,lower,0.1
227,phase1,lower,-10.0,4,-14.31425390356101,-10.02287929227935,-7.511302641759454,-5.00523062119111,-2.5015800511220907,0.0004892586300254624,lower,0.1
228,phase1,lower,-10.0,4,-14.31425390356101,-10.021281294460339,-7.510074637201666,-5.004267057878196,-2.500904526203809,0.0004499169383856529,lower,0.1
229,phase1,lower,-10.0,4,-14.31425390356101,-10.019755703489924,-7.508907851852151,-5.003363780877007,-2.5003263685445942,0.0004064619274295472,lower,0.1
230,phase1,lower,-10.0,4,-14.31425390356101,-10.018305102591459,-7.5078044817461365,-5.0025260756214855,-2.499837946741564,0.00036429046078164014,lower,0.1
231,phase1,lower,-10.0,4,-14.31425390356101,-10.016927179092223,-7.506763621380555,-5.001755631940947,-2.499430431032867,0.0003246992068896701,lower,0.1
232,phase1,upper,-15.0,2,-14.467594371725527,-10.016927179092223,-7.506763621380555,-5.001755631940947,-2.499430431032867,-0.006586337511229265,lower,0.1
233,phase1,lower,-10.0,4,-14.467594371725527,-10.021838527081162,-7.5101377990104545,-5.004100379736971,-2.5012286950258447,-0.001371437032775148,lower,0.1
234,phase1,lower,-10.0,4,-14.467594371725527,-10.021902747603589,-7.510082142755846,-5.004033860916391,-2.5011827447914334,-2.296524669252693e-05,lower,0.1
235,phase1,lower,-10.0,4,-14.467594371725527,-10.020741355840837,-7.509172626346428,-5.003372163936399,-2.5007238804196685,0.000300385593559498,lower,0.1
236,phase1,lower,-10.0,4,-14.467594371725527,-10.019314135857194,-7.508090981485133,-5.002599604065451,-2.5002245766592575,0.0003537619713799343,lower,0.1
237,phase1,lower,-10.0,4,-14.467594371725527,-10.017873434645745,-7.50701594853315,-5.00184570748749,-2.4997765175672253,0.0003377606311939494,lower,0.1
238,phase1,lower,-10.0,4,-14.467594371725527,-10.016483701466411,-7.505992983105892,-5.001145033061346,-2.4993973688787734,0.00030557091836178995,lower,0.1
239,phase1,lower,-10.0,4,-14.467594371725527,-10.015159615803833,-7.5050324290271355,-5.000506340639874,-2.4990856968557167,0.0002712039492804777,lower,0.1
240,phase1,lower,-10.0,4,-14.467594371725527,-10.01390281357181,-7.504135527657391,-4.99993106710329,-2.498835523377255,0.00023826274458600433,lower,0.1
241,phase1,lower,-10.0,4,-14.467594371725527,-10.01271164851024,-7.5033012593532025,-4.999418316721582,-2.4986401541525525,0.00020758994674415027,lower,0.1
242,phase1,lower,-10.0,4,-14.467594371725527,-10.011583778642468,-7.502528102916351,-4.998966257492043,-2.498493158267088,0.0001793005458502152,lower,0.1
243,phase1,lower,-10.0,4,-14.467594371725527,-10.01051684057859,-7.5018144557854285,-4.998572553931148,-2.4983885932144254,0.00015332192375440168,lower,0.1
244,phase1,lower,-10.0,4,-14.467594371725527,-10.009508612367895,-7.50115870839862,-4.998234536468444,-2.498321031979909,0.0001295370621569328,lower,0.1
245,phase1,lower,-10.0,4,-14.467594371725527,-10.008557038615026,-7.5005592354492725,-4.997949294348045,-2.498285539990646,0.00010782224149781639,lower,0.1
246,phase1,upper,-15.0,2,-14.601417800342897,-10.008557038615026,-7.5005592354492725,-4.997949294348045,-2.498285539990646,-0.0038664937727755713,lower,0.1
247,phase1,lower,-10.0,4,-14.601417800342897,-10.011237102693949,-7.502518191730522,-4.999466415776533,-2.4995045124288913,-0.0008661765848550221,lower,0.1
248,phase1,upper,-15.0,2,-14.718276554313444,-10.011237102693949,-7.502518191730522,-4.999466415776533,-2.4995045124288913,-0.0019347649623160518,lower,0.1
249,phase1,lower,-10.0,4,-14.718276554313444,-10.01210650006369,-7.50319650546537,-5.000076271422184,-2.4999793219819066,-0.0003456230239475754,lower,0.1
250,phase1,lower,-10.0,4,-14.718276554313444,-10.01152656132541,-7.5028616547119835,-4.999966351014643,-2.499908614324369,5.598279450475221e-05,lower,0.1
251,phase1,upper,-15.0,2,-14.818186099328704,-10.01152656132541,-7.5028616547119835,-4.999966351014643,-2.499908614324369,0.0005721218564389841,lower,0.1
252,phase1,lower,-10.0,4,-14.818186099328704,-10.010145160993272,-7.501977735094131,-4.999466331672104,-2.499570222029837,0.00026756021136088953,lower,0.1
253,phase1,lower,-10.0,4,-14.818186099328704,-10.009087614213133,-7.501337511319494,-4.999136554412778,-2.499377888459943,0.00017012661293643765,lower,0.1
254,phase1,lower,-10.0,4,-14.818186099328704,-10.008159489972128,-7.5008009830845435,-4.998879759200018,-2.4992499656009888,0.00012921866387812143,lower,0.1
255,phase1,lower,-10.0,4,-14.818186099328704,-10.007307342485879,-7.500328773251883,-4.998668845584287,-2.4991614106346365,0.00010471106178219048,lower,0.1
256,phase1,lower,-10.0,4,-14.818186099328704,-10.006515245606874,-7.4999083911468825,-4.998495211505529,-2.4991025454188764,8.584999304712798e-05,lower,0.1
257,phase1,lower,-10.0,4,-14.818186099328704,-10.005777295167134,-7.499534602616707,-4.9983550596503195,-2.4990680692200686,6.969320683781731e-05,lower,0.1
258,phase1,lower,-10.0,4,-14.818186099328704,-10.005090302025936,-7.499204188900899,-4.998245791353783,-2.4990541150789873,5.537880254886444e-05,lower,0.1
259,phase1,lower,-10.0,4,-14.818186099328704,-10.004451849791138,-7.498914535446206,-4.998165077402545,-2.4990574458850374,4.260165263154774e-05,lower,0.1
260,phase1,lower,-10.0,4,-14.818186099328704,-10.003859776869277,-7.498663243113368,-4.998110636313686,-2.4990752206895848,3.120829306677606e-05,lower,0.1
261,phase1,lower,-10.0,4,-14.818186099328704,-10.003312036029927,-7.498448014797359,-4.998080197022455,-2.4991049139886012,2.108911226261835e-05,lower,0.1
262,phase1,lower,-10.0,4,-14.818186099328704,-10.002806653705635,-7.4982666183058635,-4.998071507339343,-2.499144276982019,1.2149558997440603e-05,lower,0.1
263,phase1,lower,-10.0,4,-14.818186099328704,-10.00234171556256,-7.498116872031249,-4.998082351682941,-2.499191311229701,4.3023515511705465e-06,lower,0.1
264,phase1,lower,-10.0,4,-14.818186099328704,-10.001915359093033,-7.497996638739595,-4.998110568708436,-2.4992442467640674,-2.5347299261982192e-06,lower,0.1
265,phase1,lower,-10.0,4,-14.818186099328704,-10.001525768314623,-7.49790382316679,-4.998154066624376,-2.499301522472426,-8.439563006609705e-06,lower,0.1
266,phase1,lower,-10.0,4,-14.818186099328704,-10.001171169406545,-7.49783637191825,-4.998210835866528,-2.4993617680932236,-1.348600096947414e-05,lower,0.1
267,phase1,lower,-10.0,4,-14.818186099328704,-10.000849827058587,-7.497792274961505,-4.9982789592697,-2.499423787580374,-1.7744076681788054e-05,lower,0.1
268,phase1,lower,-10.0,4,-14.818186099328704,-10.000560041517891,-7.497769568254013,-4.998356619980271,-2.499486543702377,-2.1280168175729114e-05,lower,0.1
269,phase1,lower,-10.0,4,-14.818186099328704,-10.000300146342862,-7.497766337154465,-4.998442107358569,-2.499549143776897,-2.415714596258459e-05,lower,0.1
270,phase1,lower,-10.0,4,-14.818186099328704,-10.000068506855389,-7.497780720328745,-4.998533821103622,-2.499610826454756,-2.6434507675314186e-05,lower,0.1
271,phase1,lower,-10.0,4,-14.818186099328704,-9.999863519259632,-7.4978109139098486,-4.9986302738121875,-2.4996709494751777,-2.8168502055511712e-05,lower,0.1
272,phase1,lower,-10.0,4,-14.818186099328704,-9.999683610376504,-7.4978551757119325,-4.998730092164145,-2.4997289783205217,-2.941224352610158e-05,lower,0.1
273,phase1,lower,-10.0,4,-14.818186099328704,-9.999527237929222,-7.497911829334631,-4.998832016908227,-2.4997844757046024,-3.0215818487968944e-05,lower,0.1
274,phase1,lower,-10.0,4,-14.818186099328704,-9.999392891306401,-7.497979268025585,-4.998934901805867,-2.499837091834246,-3.062638449830333e-05,lower,0.1
275,phase1,lower,-10.0,4,-14.818186099328704,-9.999279092724368,-7.4980559581972654,-4.999037711676329,-2.4998865553889242,-3.068826349718007e-05,lower,0.1
276,phase1,lower,-10.0,4,-14.818186099328704,-9.999184398708806,-7.4981404425189435,-4.999139519673163,-2.499932665168174,-3.0443030220802152e-05,lower,0.1
277,phase1,lower,-10.0,4,-14.818186099328704,-9.999107401817017,-7.498231342526278,-4.999239503910167,-2.499975282360974,-2.9929596879367096e-05,lower,0.1
278,phase1,lower,-10.0,4,-14.818186099328704,-9.999046732525134,-7.498327360709851,-4.999336943544241,-2.500014323395344,-2.9184295089928957e-05,lower,0.1
279,phase1,lower,-10.0,4,-14.818186099328704,-9.999001061209185,-7.4984272820601845,-4.999431214412706,-2.500049753330137,-2.824095595021463e-05,lower,0.1
280,phase1,lower,-10.0,4,-14.818186099328704,-9.99896910015464,-7.498529975060662,-4.999521784313624,-2.500081579754317,-2.7130989024428608e-05,lower,0.1
281,phase1,upper,-15.0,2,-14.903696124932713,-9.99896910015464,-7.498529975060662,-4.999521784313624,-2.500081579754317,0.0022259934894890455,lower,0.1
282,phase1,lower,-10.0,4,-14.903696124932713,-9.996921793504702,-7.497214923710043,-4.998614580114383,-2.4994143076354667,0.0005150917263997722,lower,0.1
283,phase1,upper,-15.0,2,-14.975746546428347,-9.996921793504702,-7.497214923710043,-4.998614580114383,-2.4994143076354667,0.0038895390583627634,lower,0.1
284,phase1,lower,-10.0,4,-14.975746546428347,-9.99345052137271,-7.494912394259253,-4.997022597025552,-2.4983241004263315,0.000875922020077381,lower,0.1
285,phase1,lower,-10.0,4,-14.975746546428347,-9.992808378843295,-7.494611054231171,-4.996851070627021,-2.4983156572584932,8.663766572703663e-05,lower,0.1
286,phase1,lower,-10.0,4,-14.975746546428347,-9.992910672482928,-7.49482914637682,-4.9970538730871015,-2.498563076029547,-0.0001119626687253023,lower,0.1
287,phase1,lower,-10.0,4,-14.975746546428347,-9.99320328627417,-7.49517395432428,-4.997350495696026,-2.4988495085263143,-0.00015412779667516586,lower,0.1
288,phase1,lower,-10.0,4,-14.975746546428347,-9.993539068096188,-7.495541917010714,-4.9976643795805735,-2.499119818841163,-0.00015527343002861796,lower,0.1
289,phase1,lower,-10.0,4,-14.975746546428347,-9.993879099074666,-7.4959060624493095,-4.997973559423146,-2.499361678958642,-0.00014606032489476256,lower,0.1
290,phase1,lower,-10.0,4,-14.975746546428347,-9.994213249704536,-7.4962595581624925,-4.998270916006049,-2.499573971530783,-0.00013461888413387031,lower,0.1
291,phase1,lower,-10.0,4,-14.975746546428347,-9.994539037546053,-7.496600754172217,-4.998553570378056,-2.499758401050547,-0.000123090488509107,lower,0.1
292,phase1,lower,-10.0,4,-14.975746546428347,-9.994855990648329,-7.496929249149469,-4.99882002883253,-2.499917274144707,-0.00011202490120600741,lower,0.1
293,phase1,lower,-10.0,4,-14.975746546428347,-9.995164138909528,-7.497244880785066,-4.999069391982294,-2.5000529193866474,-0.00010154939731179646,lower,0.1
294,phase1,lower,-10.0,4,-14.975746546428347,-9.995463607554662,-7.4975474880557345,-4.999301115830717,-2.5001675424634913,-9.167965268507886e-05,lower,0.1
295,phase1,lower,-10.0,4,-14.975746546428347,-9.995754507292185,-7.4978368737879535,-4.9995149225122235,-2.5002631965489877,-8.240242864148491e-05,lower,0.1
296,phase1,lower,-10.0,4,-14.975746546428347,-9.99603690612754,-7.49811281608581,-4.999710753429256,-2.500341782752431,-7.36975489074561e-05,lower,0.1
297,phase1,lower,-10.0,4,-14.975746546428347,-9.996310824917384,-7.49837508884484,-4.999888735987127,-2.5004050580068,-6.554370712568298e-05,lower,0.1
298,phase1,lower,-10.0,4,-14.975746546428347,-9.996576240646542,-7.498623481220599,-5.000049156025007,-2.5004546443857905,-5.791995509515642e-05,lower,0.1
299,phase1,lower,-10.0,4,-14.975746546428347,-9.996833092663534,-7.498857813768249,-5.00019243362785,-2.5004920382696882,-5.08060303529235e-05,lower,0.1
300,phase1,lower,-10.0,4,-14.975746546428347,-9.997081290201324,-7.499077951023159,-5.000319101516508,-2.500518618965181,-4.4182369379348104e-05,lower,0.1
301,phase1,lower,-10.0,4,-14.975746546428347,-9.99732072041595,-7.499283810807392,-5.000429785639125,-2.5005356567042014,-3.8030036463597915e-05,lower,0.1
302,phase1,lower,-10.0,4,-14.975746546428347,-9.99755125648791,-7.499475370654106,-5.0005251877205685,-2.5005443200349933,-3.233063314988381e-05,lower,0.1
303,phase1,lower,-10.0,4,-14.975746546428347,-9.997772765474364,-7.4996526717421235,-5.000606069579766,-2.500545682643412,-2.7066208219586702e-05,lower,0.1
304,phase1,lower,-10.0,4,-14.975746546428347,-9.997985115688538,-7.499815820706296,-5.0006732390540325,-2.50054072964932,-2.2219175336307415e-05,lower,0.1
305,phase1,lower,-10.0,4,-14.975746546428347,-9.998188183448116,-7.499964989657011,-5.000727537390109,-2.5005303634240446,-1.77722413641352e-05,lower,0.1
306,phase1,lower,-10.0,4,-14.975746546428347,-9.998381859086233,-7.500100414710021,-5.000769827978086,-2.5005154089737647,-1.3708346708900588e-05,lower,0.1
307,phase1,upper,-15.0,2,-15.03670491151652,-9.998381859086233,-7.500100414710021,-5.000769827978086,-2.5005154089737647,0.004750821784815198,lower,0.1
308,phase1,lower,-10.0,4,-15.03670491151652,-9.994277975042278,-7.497220739314236,-4.9986998285300785,-2.4990258084799684,0.0011339530664284778,lower,0.1
309,phase1,lower,-10.0,4,-15.03670491151652,-9.993551693709689,-7.496733712439314,-4.99832790687634,-2.4988488653365093,0.00018416715086949398,lower,0.1
310,phase1,lower,-10.0,4,-15.03670491151652,-9.99370414514687,-7.496863021083668,-4.998401968412613,-2.498993420664462,-5.743326559662795e-05,lower,0.1
311,phase1,lower,-10.0,4,-15.03670491151652,-9.994071722679587,-7.497138388424182,-4.998587696041013,-2.499198655491066,-0.00011153496354987458,lower,0.1
312,phase1,lower,-10.0,4,-15.03670491151652,-9.994478770721242,-7.4974363861880065,-4.998795070193171,-2.499397680592118,-0.00011651084094675203,lower,0.1
313,phase1,lower,-10.0,4,-15.03670491151652,-9.994879392024771,-7.497725512035922,-4.998999295914384,-2.499574958290601,-0.00010910517155458662,lower,0.1
314,phase1,lower,-10.0,4,-15.03670491151652,-9.995262198680285,-7.497998471922149,-4.999193161365591,-2.499728414795208,-9.904751080092707e-05,lower,0.1
315,phase1,lower,-10.0,4,-15.03670491151652,-9.995624968764192,-7.498254220175829,-4.9993743388400596,-2.4998593816503423,-8.888737198638541e-05,lower,0.1
316,phase1,lower,-10.0,4,-15.03670491151652,-9.995967892540143,-7.4984932208747175,-4.9995419785077475,-2.499969934411848,-7.926704890953636e-05,lower,0.1
317,phase1,lower,-10.0,4,-15.03670491151652,-9.996291765717618,-7.498716218743867,-4.999695776028342,-2.500062197131203,-7.032342584214937e-05,lower,0.1
318,phase1,lower,-10.0,4,-15.03670491151652,-9.996597502103501,-7.498923938462305,-4.999835700978302,-2.5001381687756314,-6.206069749057708e-05,lower,0.1
319,phase1,lower,-10.0,4,-15.03670491151652,-9.996886000367123,-7.499117026735011,-4.999961903760742,-2.500199687730491,-5.444947305970796e-05,lower,0.1
320,phase1,lower,-10.0,4,-15.03670491151652,-9.997158107529664,-7.499296055317544,-5.000074672453384,-2.5002484323315923,-4.745310353545867e-05,lower,0.1
321,phase1,lower,-10.0,4,-15.03670491151652,-9.997414610101632,-7.499461537076628,-5.000174405135723,-2.5002859303013074,-4.103463228759232e-05,lower,0.1
322,phase1,lower,-10.0,4,-15.03670491151652,-9.99765623396819,-7.499613942729203,-5.000261588282543,-2.500313569891831,-3.5158573691706395e-05,lower,0.1
323,phase1,lower,-10.0,4,-15.03670491151652,-9.997883647560613,-7.49975371532251,-5.000336778499993,-2.5003326108456636,-2.9791303368422407e-05,lower,0.1
324,phase1,lower,-10.0,4,-15.03670491151652,-9.998097466509833,-7.499881281990951,-5.000400586685838,-2.500344194700325,-2.4901071806852708e-05,lower,0.1
325,phase1,lower,-10.0,4,-15.03670491151652,-9.99829825902257,-7.4999970631536685,-5.000453664199309,-2.500349354345099,-2.045791495086805e-05,lower,0.1
326,phase1,lower,-10.0,4,-15.03670491151652,-9.998486551559136,-7.500101479456191,-5.000496690780691,-2.500349022841288,-1.643353796822582e-05,lower,0.1
327,phase1,lower,-10.0,4,-15.03670491151652,-9.998662834533013,-7.500194956770782,-5.000530364020011,-2.5003440415460774,-1.2801195030913059e-05,lower,0.1
328,phase1,lower,-10.0,4,-15.03670491151652,-9.998827567832318,-7.500277929548994,-5.0005553902056485,-2.5003351675877954,-9.535572982295941e-06,lower,0.1
329,phase1,lower,-10.0,4,-15.03670491151652,-9.998981186019671,-7.500350842791988,-5.000572476405723,-2.500323080741636,-6.612682181685737e-06,lower,0.1
330,phase1,lower,-10.0,4,-15.03670491151652,-9.999124103110868,-7.500414152875989,-5.000582323652724,-2.5003083897539287,-4.009756105949795e-06,lower,0.1
331,phase1,lower,-10.0,4,-15.03670491151652,-9.999256716867876,-7.500468327443668,-5.00058562111682,-2.500291638161051,-1.7051604495992227e-06,lower,0.1
332,phase1,lower,-10.0,4,-15.03670491151652,-9.99937941256986,-7.500513844547614,-5.00058304116606,-2.500273309646511,3.2168805849951345e-07,lower,0.1
333,phase1,lower,-10.0,4,-15.03670491151652,-9.999492566248383,-7.5005511912093805,-5.000575235222748,-2.500253832976883,2.0903932664606634e-06,lower,0.1
334,phase1,lower,-10.0,4,-15.03670491151652,-9.999596547390542,-7.500580861536906,-5.000562830334855,-2.5002335865542418,3.6196420477704406e-06,lower,0.1
335,phase1,lower,-10.0,4,-15.03670491151652,-9.999691721127336,-7.500603354524163,-5.000546426389561,-2.5002129026196784,4.927258179864337e-06,lower,0.1
336,phase1,lower,-10.0,4,-15.03670491151652,-9.999778449934656,-7.500619171639764,-5.000526593903281,-2.5001920711394194,6.030248372179517e-06,lower,0.1
337,phase1,lower,-10.0,4,-15.03670491151652,-9.999857094881632,-7.50062881429568,-5.0005038723287045,-2.5001713434021196,6.944841238564357e-06,lower,0.1
338,phase1,lower,-10.0,4,-15.03670491151652,-9.99992801646592,-7.500632781273181,-5.000478768824877,-2.5001509353530715,7.686520047233142e-06,lower,0.1
339,phase1,lower,-10.0,4,-15.03670491151652,-9.999991575078605,-7.500631566170516,-5.000451757441108,-2.500131030688414,8.270050086770034e-06,lower,0.1
340,phase1,lower,-10.0,4,-15.03670491151652,-10.000048131142718,-7.500625654925503,-5.000423278669693,-2.5001117837299485,8.709501471369859e-06,lower,0.1
341,phase1,lower,-10.0,4,-15.03670491151652,-10.000098044969672,-7.50061552345613,-5.0003937393261575,-2.5000933220988877,9.018268171891334e-06,lower,0.1
342,phase1,lower,-10.0,4,-15.03670491151652,-10.000141676376963,-7.500601635453318,-5.000363512719051,-2.500075749204797,9.209084012308948e-06,lower,0.1
343,phase1,lower,-10.0,4,-15.03670491151652,-10.000179384108987,-7.500584440352025,-5.000332939074294,-2.5000591465641007,9.294036312640094e-06,lower,0.1
344,phase1,lower,-10.0,4,-15.03670491151652,-10.00021152510061,-7.500564371499936,-5.000302326181756,-2.500043575960852,9.284577797534605e-06,lower,0.1
345,phase1,lower,-10.0,4,-15.03670491151652,-10.000238453620526,-7.500541844536888,-5.000271950234214,-2.500029081460986,9.191537321909321e-06,lower,0.1
346,phase1,lower,-10.0,4,-15.03670491151652,-10.00026052032857,-7.5005172559928495,-5.0002420568310795,-2.500015691289942,9.025129898302261e-06,lower,0.1
347,phase1,lower,-10.0,4,-15.03670491151652,-10.00027807127809,-7.500490982107772,-5.0002128621213675,-2.5000034195824186,8.794966443307749e-06,lower,0.1
348,phase1,lower,-10.0,4,-15.03670491151652,-10.000291446891259,-7.500463377872674,-5.0001845540623195,-2.4999922680120177,8.510063596258781e-06,lower,0.1
349,phase1,lower,-10.0,4,-15.03670491151652,-10.000300980932163,-7.500434776288071,-5.000157293771912,-2.499982227307694,8.178853899791447e-06,lower,0.1
350,phase1,lower,-10.0,4,-15.03670491151652,-10.000306999499244,-7.500405487833109,-5.000131216955212,-2.499973278663195,7.809196576008061e-06,lower,0.1
351,phase1,lower,-10.0,4,-15.03670491151652,-10.000309820055712,-7.500375800136491,-5.000106435386127,-2.4999653950450726,7.408389075722571e-06,lower,0.1
352,phase1,lower,-10.0,4,-15.03670491151652,-10.00030975051362,-7.500345977838518,-5.000083038427706,-2.499958542404336,6.983179530526984e-06,lower,0.1
353,phase1,lower,-10.0,4,-15.03670491151652,-10.000307088384533,-7.500316262632104,-5.000061094575545,-2.4999526807963943,6.539780191884417e-06,lower,0.1
354,phase1,lower,-10.0,4,-15.03670491151652,-10.000302120007117,-7.500286873469612,-5.000040653010317,-2.499947765413599,6.083881901987789e-06,lower,0.1
355,phase1,lower,-10.0,4,-15.03670491151652,-10.000295119859654,-7.500258006921572,-5.000021745146767,-2.4999437475344126,5.6206696062761695e-06,lower,0.1
356,phase1,lower,-10.0,4,-15.03670491151652,-10.0002863499632,-7.500229837672912,-5.000004386167785,-2.499940575393016,5.15483888676763e-06,lower,0.1
357,phase1,lower,-10.0,4,-15.03670491151652,-10.000276059379173,-7.500202519142063,-4.999988576533434,-2.4999381949729838,4.6906134698014576e-06,lower,0.1
358,phase1,lower,-10.0,4,-15.03670491151652,-10.00026448380334,-7.500176184208312,-4.999974303455935,-2.499936550728535,4.231763639771272e-06,lower,0.1
359,phase1,lower,-10.0,4,-15.03670491151652,-10.00025184525656,-7.500150946032916,-4.99996154233277,-2.499935586236744,3.7816254741521095e-06,lower,0.1
360,phase1,lower,-10.0,4,-15.03670491151652,-10.00023835187127,-7.500126898959814,-4.999950258131102,-2.4999352447840315,3.3431207986602898e-06,lower,0.1
361,phase1,lower,-10.0,4,-15.03670491151652,-10.000224197771406,-7.500104119482231,-4.999940406717721,-2.4999354698901857,2.918777754128746e-06,lower,0.1
362,phase1,lower,-10.0,4,-15.03670491151652,-10.000209563042509,-7.500082667261987,-4.999931936129672,-2.4999362057731163,2.5107518564742262e-06,lower,0.1
363,phase1,lower,-10.0,4,-15.03670491151652,-10.000194613787786,-7.500062586189012,-4.999924787781623,-2.4999373977575026,2.120847428501695e-06,lower,0.1
364,phase1,lower,-10.0,4,-15.03670491151652,-10.000179502265222,-7.5000439054692265,-4.999918897606879,-2.4999389926304683,1.7505392791866576e-06,lower,0.1
365,phase1,lower,-10.0,4,-15.03670491151652,-10.000164367100272,-7.500026640729754,-4.999914197129688,-2.4999409389473737,1.4009945069013726e-06,lower,0.1
366,phase1,lower,-10.0,4,-15.03670491151652,-10.000149333568164,-7.500010795131204,-4.999910614467274,-2.4999431872907865,1.0730943045160472e-06,lower,0.1
367,phase1,lower,-10.0,4,-15.03670491151652,-10.000134513939594,-7.499996360477601,-4.999908075260652,-2.4999456904856614,7.674556484438536e-07,lower,0.1
368,phase1,lower,-10.0,4,-15.03670491151652,-10.000120007883313,-7.4999833183153735,-4.999906503533922,-2.4999484037737094,4.844527588880748e-07,lower,0.1
369,phase1,lower,-10.0,4,-15.03670491151652,-10.000105902919035,-7.499971641013656,-4.999905822482301,-2.499951284949893,2.2423822459665177e-07,lower,0.1
370,phase1,lower,-10.0,4,-15.03670491151652,-10.000092274914095,-7.499961292818994,-4.999905955189645,-2.4999542944639375,-1.323630763051759e-08,lower,0.1
371,phase1,lower,-10.0,4,-15.03670491151652,-10.000079188617262,-7.499952230878365,-4.999906825276695,-2.4999573954896848,-2.2819996946694829e-07,lower,0.1
372,phase1,lower,-10.0,4,-15.03670491151652,-10.000066698223344,-7.499944406225229,-4.99990835748167,-2.4999605539650402,-4.2104311710518444e-07,lower,0.1
373,phase1,lower,-10.0,4,-15.03670491151652,-10.000054847962339,-7.499937764724087,-4.999910478175181,-2.499963738605209,-5.922984610731617e-07,lower,0.1
374,phase1,lower,-10.0,4,-15.03670491151652,-10.000043672707129,-7.499932247969794,-4.999913115811782,-2.499966920891817,-7.426229442984212e-07,lower,0.1
375,phase1,lower,-10.0,4,-15.03670491151652,-10.000033198594046,-7.49992779413854,-4.999916201320702,-2.4999700750404377,-8.727804251970016e-07,lower,0.1
376,phase1,lower,-10.0,4,-15.03670491151652,-10.000023443650878,-7.499924338788126,-4.999919668438553,-2.4999731779489407,-9.83625212010174e-07,lower,0.1
377,phase1,lower,-10.0,4,-15.03670491151652,-10.000014418427295,-7.499921815605758,-4.999923453986965,-2.499976209128989,-1.076086486892109e-06,lower,0.1
378,phase1,lower,-10.0,4,-15.03670491151652,-10.00000612662298,-7.499920157102184,-4.999927498098274,-2.499979150622899,-1.1511536484663398e-06,lower,0.1
379,phase1,lower,-10.0,4,-15.03670491151652,-9.999998565709184,-7.49991929525153,-4.9999317443924465,-2.4999819869079714,-1.2098625946843178e-06,lower,0.1
380,phase1,lower,-10.0,4,-15.03670491151652,-9.999991727539754,-7.4999191620767,-4.9999361401085585,-2.499984704790285,-1.2532829580764584e-06,lower,0.1
381,phase1,lower,-10.0,4,-15.03670491151652,-9.999985598948111,-7.499919690180647,-4.999940636194124,-2.499987293289838,-1.2825062994345786e-06,lower,0.1
382,phase1,lower,-10.0,4,-15.03670491151652,-9.999980162327034,-7.499920813224242,-4.999945187355632,-2.4999897435187943,-1.2986352582443128e-06,lower,0.1
383,phase1,lower,-10.0,4,-15.03670491151652,-9.999975396188487,-7.499922466351818,-4.999949752073602,-2.499992048554478,-1.3027736517934982e-06,lower,0.1
384,phase1,lower,-10.0,4,-15.03670491151652,-9.999971275701107,-7.499924586565807,-4.9999542925854445,-2.499994203308643,-1.2960175087682453e-06,lower,0.1
385,phase1,lower,-10.0,4,-15.03670491151652,-9.999967773203336,-7.499927113052148,-4.999958774839358,-2.4999962043944213,-1.2794470181820448e-06,lower,0.1
386,phase1,lower,-10.0,4,-15.03670491151652,-9.999964858690532,-7.499929987458408,-4.999963168422397,-2.499998049992238,-1.2541193690191534e-06,lower,0.1
387,phase1,upper,-15.0,2,-15.08735056943977,-9.999964858690532,-7.499929987458408,-4.999963168422397,-2.499998049992238,0.005658540456428463,lower,0.1
388,phase1,lower,-10.0,4,-15.08735056943977,-9.994868685156534,-7.496367483543989,-4.997471477057837,-2.4982525611303186,0.0013576956151968847,lower,0.1
389,phase1,lower,-10.0,4,-15.08735056943977,-9.993796638941603,-7.495663002214261,-4.99700897681318,-2.4980699682309098,0.00022550544553576093,lower,0.1
390,phase1,lower,-10.0,4,-15.08735056943977,-9.993780320367886,-7.495705923051828,-4.997087243633495,-2.498272135551077,-6.50286200516534e-05,lower,0.1
391,phase1,lower,-10.0,4,-15.08735056943977,-9.994031406394326,-7.4959370144130935,-4.997308099993127,-2.498548571095256,-0.0001324518995795793,lower,0.1
392,phase1,lower,-10.0,4,-15.08735056943977,-9.994341173905825,-7.496209019084338,-4.99756359369327,-2.498819219318439,-0.0001411581259157073,lower,0.1
393,phase1,lower,-10.0,4,-15.08735056943977,-9.994655000737,-7.496483837984378,-4.997823282777631,-2.4990650878437655,-0.00013481599824593593,lower,0.1
394,phase1,lower,-10.0,4,-15.08735056943977,-9.99495921886016,-7.496752095148278,-4.998077647172864,-2.4992832365182083,-0.00012500316599105935,lower,0.1
395,phase1,lower,-10.0,4,-15.08735056943977,-9.995251009338364,-7.49701181000509,-4.998323007770109,-2.4994748249426095,-0.00011476785262657628,lower,0.1
396,phase1,upper,-15.0,2,-15.128969803192229,-9.995251009338364,-7.49701181000509,-4.998323007770109,-2.4994748249426095,0.006300715677064583,lower,0.1
397,phase1,upper,-15.0,2,-15.156756239257025,-9.995251009338364,-7.49701181000509,-4.998323007770109,-2.4994748249426095,0.009967581993202378,lower,0.1
398,phase1,upper,-15.0,2,-15.174334842058526,-9.995251009338364,-7.49701181000509,-4.998323007770109,-2.4994748249426095,0.011976250747964481,lower,0.1
399,phase1,lower,-10.0,4,-15.174334842058526,-9.984648463731869,-7.489645433428376,-4.993225344379764,-2.495909449936689,0.0027981611462356525,lower,0.1
400,phase2,lower,-20.0,4,-15.174334842058526,-9.98524810009545,-8.690075022742542,-4.993547437046595,-2.4964003159442862,nan,lower,0.1
401,phase2,lower,-20.0,4,-15.174334842058526,-10.129827330813102,-9.74649171245903,-4.993889782514318,-2.496832278030972,nan,lower,0.1
402,phase2,lower,-20.0,4,-15.174334842058526,-10.383827056610613,-10.676179480865663,-4.994242881976316,-2.4972124046672555,nan,lower,0.1
403,phase2,lower,-20.0,4,-15.174334842058526,-10.718909347521219,-11.494347088998941,-4.994599224699229,-2.4975469161071846,nan,lower,0.1
404,phase2,lower,-20.0,4,-15.174334842058526,-11.111961876498546,-12.214377345282976,-4.9949529476681835,-2.4978412861743227,nan,lower,0.1
405,phase2,lower,-20.0,4,-15.174334842058526,-11.544251732752677,-12.8480464175692,-4.99529954828892,-2.498100331833404,nan,lower,0.1
406,phase2,lower,-20.0,4,-15.174334842058526,-12.000707094930661,-13.405716793255566,-4.995635642314259,-2.4983282920133956,nan,lower,0.1
407,phase2,lower,-20.0,4,-15.174334842058526,-12.469308258729649,-13.896507055142608,-4.995958760278155,-2.4985288969717883,nan,lower,0.1
408,phase2,lower,-20.0,4,-15.174334842058526,-12.940572114299204,-14.328441259758874,-4.996267176681391,-2.498705429335174,nan,lower,0.1
409,phase2,lower,-20.0,4,-15.174334842058526,-13.407116411754364,-14.708580369789576,-4.9965597669998445,-2.498860777814953,nan,lower,0.1
410,phase2,lower,-20.0,4,-15.174334842058526,-13.86329208671859,-15.043137897454809,-4.996835888297658,-2.4989974844771585,nan,lower,0.1
411,phase2,lower,-20.0,4,-15.174334842058526,-14.304873584006936,-15.337581656355951,-4.997095279839198,-2.4991177863398994,nan,lower,0.1
412,phase2,lower,-20.0,4,-15.174334842058526,-14.728798552688819,-15.59672329117394,-4.997337980619282,-2.4992236519791113,nan,lower,0.1
413,phase2,upper,-15.0,2,-15.19912436779728,-14.728798552688819,-15.59672329117394,-4.997337980619282,-2.4992236519791113,nan,lower,0.1
414,phase2,lower,-20.0,4,-15.19912436779728,-15.132949521307033,-15.824797053907382,-4.997564261182461,-2.499316813741618,nan,lower,0.1
415,phase2,lower,-20.0,4,-15.19912436779728,-15.515971225219076,-16.02552911878039,-4.99777456748956,-2.4993987960926236,nan,upper,0.1
416,phase2,upper,-15.0,2,-15.215453985633092,-15.515971225219076,-16.02552911878039,-4.99777456748956,-2.4993987960926236,nan,upper,0.1
417,phase2,upper,-15.0,2,-15.224997104292028,-15.515971225219076,-16.02552911878039,-4.99777456748956,-2.4993987960926236,nan,upper,0.1
418,phase2,upper,-15.0,2,-15.229147337079702,-15.515971225219076,-16.02552911878039,-4.99777456748956,-2.4993987960926236,nan,upper,0.1
419,phase2,upper,-15.0,2,-15.229061555696529,-15.515971225219076,-16.02552911878039,-4.99777456748956,-2.4993987960926236,nan,upper,0.1
420,phase2,upper,-15.0,2,-15.22569664019137,-15.515971225219076,-16.02552911878039,-4.99777456748956,-2.4993987960926236,nan,upper,0.1
421,phase2,upper,-15.0,2,-15.21984081800542,-15.515971225219076,-16.02552911878039,-4.99777456748956,-2.4993987960926236,nan,upper,0.1
422,phase2,upper,-15.0,2,-15.212140361525341,-15.515971225219076,-16.02552911878039,-4.99777456748956,-2.4993987960926236,nan,upper,0.1
423,phase2,upper,-15.0,2,-15.203122306821204,-15.515971225219076,-16.02552911878039,-4.99777456748956,-2.4993987960926236,nan,upper,0.1
424,phase2,upper,-15.0,2,-15.193213764040093,-15.515971225219076,-16.02552911878039,-4.99777456748956,-2.4993987960926236,nan,upper,0.1
425,phase2,upper,-15.0,2,-15.182758310308225,-15.515971225219076,-16.02552911878039,-4.99777456748956,-2.4993987960926236,nan,upper,0.1
426,phase2,upper,-15.0,2,-15.172029887269828,-15.515971225219076,-16.02552911878039,-4.99777456748956,-2.4993987960926236,nan,upper,0.1
427,phase2,upper,-15.0,2,-15.161244566092208,-15.515971225219076,-16.02552911878039,-4.99777456748956,-2.4993987960926236,nan,upper,0.1
428,phase2,upper,-15.0,2,-15.150570491620531,-15.515971225219076,-16.02552911878039,-4.99777456748956,-2.4993987960926236,nan,upper,0.1
429,phase2,upper,-15.0,2,-15.140136273270329,-15.515971225219076,-16.02552911878039,-4.99777456748956,-2.4993987960926236,nan,upper,0.1
430,phase2,upper,-15.0,2,-15.130038052244839,-15.515971225219076,-16.02552911878039,-4.99777456748956,-2.4993987960926236,nan,upper,0.1
431,phase2,upper,-15.0,2,-15.120345441930374,-15.515971225219076,-16.02552911878039,-4.99777456748956,-2.4993987960926236,nan,upper,0.1
432,phase2,upper,-15.0,2,-15.111106510139054,-15.515971225219076,-16.02552911878039,-4.99777456748956,-2.4993987960926236,nan,upper,0.1
433,phase2,upper,-15.0,2,-15.102351947613855,-15.515971225219076,-16.02552911878039,-4.99777456748956,-2.4993987960926236,nan,upper,0.1
434,phase2,upper,-15.0,2,-15.0940985463487,-15.515971225219076,-16.02552911878039,-4.99777456748956,-2.4993987960926236,nan,upper,0.1
435,phase2,upper,-15.0,2,-15.086352093341544,-15.515971225219076,-16.02552911878039,-4.99777456748956,-2.4993987960926236,nan,upper,0.1
436,phase2,upper,-15.0,2,-15.079109769988683,-15.515971225219076,-16.02552911878039,-4.99777456748956,-2.4993987960926236,nan,upper,0.1
437,phase2,upper,-15.0,2,-15.072362134096391,-15.515971225219076,-16.02552911878039,-4.99777456748956,-2.4993987960926236,nan,upper,0.1
438,phase2,upper,-15.0,2,-15.066094750130413,-15.515971225219076,-16.02552911878039,-4.99777456748956,-2.4993987960926236,nan,upper,0.1
439,phase2,upper,-15.0,2,-15.060289523585281,-15.515971225219076,-16.02552911878039,-4.99777456748956,-2.4993987960926236,nan,upper,0.1
440,phase2,upper,-15.0,2,-15.054925787009102,-15.515971225219076,-16.02552911878039,-4.99777456748956,-2.4993987960926236,nan,upper,0.1
441,phase2,upper,-15.0,2,-15.04998117807158,-15.515971225219076,-16.02552911878039,-4.99777456748956,-2.4993987960926236,nan,upper,0.1
442,phase2,upper,-15.0,2,-15.04543234394613,-15.515971225219076,-16.02552911878039,-4.99777456748956,-2.4993987960926236,nan,upper,0.1
443,phase2,upper,-15.0,2,-15.041255501046559,-15.515971225219076,-16.02552911878039,-4.99777456748956,-2.4993987960926236,nan,upper,0.1
444,phase2,upper,-15.0,2,-15.037426874690059,-15.515971225219076,-16.02552911878039,-4.99777456748956,-2.4993987960926236,nan,upper,0.1
445,phase2,upper,-15.0,2,-15.03392303944405,-15.515971225219076,-16.02552911878039,-4.99777456748956,-2.4993987960926236,nan,upper,0.1
446,phase2,upper,-15.0,2,-15.030721177661546,-15.515971225219076,-16.02552911878039,-4.99777456748956,-2.4993987960926236,nan,upper,0.1
447,phase2,upper,-15.0,2,-15.027799270938848,-15.515971225219076,-16.02552911878039,-4.99777456748956,-2.4993987960926236,nan,upper,0.1
448,phase2,upper,-15.0,2,-15.02513623687127,-15.515971225219076,-16.02552911878039,-4.99777456748956,-2.4993987960926236,nan,upper,0.1
449,phase2,upper,-15.0,2,-15.022712021478393,-15.515971225219076,-16.02552911878039,-4.99777456748956,-2.4993987960926236,nan,upper,0.1
450,phase2,upper,-15.0,2,-15.02050765596886,-15.515971225219076,-16.02552911878039,-4.99777456748956,-2.4993987960926236,nan,upper,0.1
451,phase2,upper,-15.0,2,-15.018505285072326,-15.515971225219076,-16.02552911878039,-4.99777456748956,-2.4993987960926236,nan,upper,0.1
452,phase2,upper,-15.0,2,-15.016688172945008,-15.515971225219076,-16.02552911878039,-4.99777456748956,-2.4993987960926236,nan,upper,0.1
453,phase2,upper,-15.0,2,-15.015040691623206,-15.515971225219076,-16.02552911878039,-4.99777456748956,-2.4993987960926236,nan,upper,0.1
454,phase2,upper,-15.0,2,-15.013548296128228,-15.515971225219076,-16.02552911878039,-4.99777456748956,-2.4993987960926236,nan,upper,0.1
455,phase2,upper,-15.0,2,-15.01219748959267,-15.515971225219076,-16.02552911878039,-4.99777456748956,-2.4993987960926236,nan,upper,0.1
456,phase2,upper,-15.0,2,-15.0109757811614,-15.515971225219076,-16.02552911878039,-4.99777456748956,-2.4993987960926236,nan,upper,0.1
457,phase2,upper,-15.0,2,-15.009871638903501,-15.515971225219076,-16.02552911878039,-4.99777456748956,-2.4993987960926236,nan,upper,0.1
458,phase2,upper,-15.0,2,-15.008874439538774,-15.515971225219076,-16.02552911878039,-4.99777456748956,-2.4993987960926236,nan,upper,0.1
459,phase2,upper,-15.0,2,-15.00797441642137,-15.515971225219076,-16.02552911878039,-4.99777456748956,-2.4993987960926236,nan,upper,0.1
460,phase2,upper,-15.0,2,-15.007162606922783,-15.515971225219076,-16.02552911878039,-4.99777456748956,-2.4993987960926236,nan,upper,0.1
461,phase2,upper,-15.0,2,-15.00643080010739,-15.515971225219076,-16.02552911878039,-4.99777456748956,-2.4993987960926236,nan,upper,0.1
462,phase2,upper,-15.0,2,-15.005771485388005,-15.515971225219076,-16.02552911878039,-4.99777456748956,-2.4993987960926236,nan,upper,0.1
463,phase2,upper,-15.0,2,-15.005177802679725,-15.515971225219076,-16.02552911878039,-4.99777456748956,-2.4993987960926236,nan,upper,0.1
464,phase2,upper,-15.0,2,-15.004643494431845,-15.515971225219076,-16.02552911878039,-4.99777456748956,-2.4993987960926236,nan,upper,0.1
465,phase2,upper,-15.0,2,-15.004162859804868,-15.515971225219076,-16.02552911878039,-4.99777456748956,-2.4993987960926236,nan,upper,0.1
466,phase2,upper,-15.0,2,-15.003730711168547,-15.515971225219076,-16.02552911878039,-4.99777456748956,-2.4993987960926236,nan,upper,0.1
467,phase2,upper,-15.0,2,-15.003342333023753,-15.515971225219076,-16.02552911878039,-4.99777456748956,-2.4993987960926236,nan,upper,0.1
468,phase2,upper,-15.0,2,-15.002993443392882,-15.515971225219076,-16.02552911878039,-4.99777456748956,-2.4993987960926236,nan,upper,0.1
469,phase2,upper,-15.0,2,-15.002680157677878,-15.515971225219076,-16.02552911878039,-4.99777456748956,-2.4993987960926236,nan,upper,0.1
470,phase2,upper,-15.0,2,-15.002398954949618,-15.515971225219076,-16.02552911878039,-4.99777456748956,-2.4993987960926236,nan,upper,0.1
471,phase2,upper,-15.0,2,-15.002146646605578,-15.515971225219076,-16.02552911878039,-4.99777456748956,-2.4993987960926236,nan,upper,0.1
472,phase2,upper,-15.0,2,-15.001920347312833,-15.515971225219076,-16.02552911878039,-4.99777456748956,-2.4993987960926236,nan,upper,0.1
473,phase2,upper,-15.0,2,-15.001717448139226,-15.515971225219076,-16.02552911878039,-4.99777456748956,-2.4993987960926236,nan,upper,0.1
474,phase2,upper,-15.0,2,-15.00153559176598,-15.515971225219076,-16.02552911878039,-4.99777456748956,-2.4993987960926236,nan,upper,0.1
475,phase2,upper,-15.0,2,-15.00137264966911,-15.515971225219076,-16.02552911878039,-4.99777456748956,-2.4993987960926236,nan,upper,0.1
476,phase2,upper,-15.0,2,-15.001226701154057,-15.515971225219076,-16.02552911878039,-4.99777456748956,-2.4993987960926236,nan,upper,0.1
477,phase2,upper,-15.0,2,-15.001096014127382,-15.515971225219076,-16.02552911878039,-4.99777456748956,-2.4993987960926236,nan,upper,0.1
478,phase2,upper,-15.0,2,-15.00097902749049,-15.515971225219076,-16.02552911878039,-4.99777456748956,-2.4993987960926236,nan,upper,0.1
479,phase2,upper,-15.0,2,-15.000874335043019,-15.515971225219076,-16.02552911878039,-4.99777456748956,-2.4993987960926236,nan,upper,0.1
480,phase2,upper,-15.0,2,-15.000780670787078,-15.515971225219076,-16.02552911878039,-4.99777456748956,-2.4993987960926236,nan,upper,0.1
481,phase2,upper,-15.0,2,-15.000696895527943,-15.515971225219076,-16.02552911878039,-4.99777456748956,-2.4993987960926236,nan,upper,0.1
482,phase2,upper,-15.0,2,-15.000621984671666,-15.515971225219076,-16.02552911878039,-4.99777456748956,-2.4993987960926236,nan,upper,0.1
483,phase2,upper,-15.0,2,-15.000555017125293,-15.515971225219076,-16.02552911878039,-4.99777456748956,-2.4993987960926236,nan,upper,0.1
484,phase2,upper,-15.0,2,-15.00049516521078,-15.515971225219076,-16.02552911878039,-4.99777456748956,-2.4993987960926236,nan,upper,0.1
485,phase2,upper,-15.0,2,-15.000441685509143,-15.515971225219076,-16.02552911878039,-4.99777456748956,-2.4993987960926236,nan,upper,0.1
486,phase2,upper,-15.0,2,-15.000393910556864,-15.515971225219076,-16.02552911878039,-4.99777456748956,-2.4993987960926236,nan,upper,0.1
487,phase2,upper,-15.0,2,-15.000351241321802,-15.515971225219076,-16.02552911878039,-4.99777456748956,-2.4993987960926236,nan,upper,0.1
488,phase2,upper,-15.0,2,-15.000313140391135,-15.515971225219076,-16.02552911878039,-4.99777456748956,-2.4993987960926236,nan,upper,0.1
489,phase2,upper,-15.0,2,-15.000279125808795,-15.515971225219076,-16.02552911878039,-4.99777456748956,-2.4993987960926236,nan,upper,0.1
490,phase2,upper,-15.0,2,-15.000248765504583,-15.515971225219076,-16.02552911878039,-4.99777456748956,-2.4993987960926236,nan,upper,0.1
491,phase2,upper,-15.0,2,-15.000221672261736,-15.515971225219076,-16.02552911878039,-4.99777456748956,-2.4993987960926236,nan,upper,0.1
492,phase2,upper,-15.0,2,-15.000197499173906,-15.515971225219076,-16.02552911878039,-4.99777456748956,-2.4993987960926236,nan,upper,0.1
493,phase2,upper,-15.0,2,-15.000175935546586,-15.515971225219076,-16.02552911878039,-4.99777456748956,-2.4993987960926236,nan,upper,0.1
494,phase2,upper,-15.0,2,-15.00015670320172,-15.515971225219076,-16.02552911878039,-4.99777456748956,-2.4993987960926236,nan,upper,0.1
495,phase2,upper,-15.0,2,-15.000139553147749,-15.515971225219076,-16.02552911878039,-4.99777456748956,-2.4993987960926236,nan,upper,0.1
496,phase2,upper,-15.0,2,-15.000124262580627,-15.515971225219076,-16.02552911878039,-4.99777456748956,-2.4993987960926236,nan,upper,0.1
497,phase2,upper,-15.0,2,-15.000110632184287,-15.515971225219076,-16.02552911878039,-4.99777456748956,-2.4993987960926236,nan,upper,0.1
498,phase2,upper,-15.0,2,-15.000098483701906,-15.515971225219076,-16.02552911878039,-4.99777456748956,-2.4993987960926236,nan,upper,0.1
499,phase2,upper,-15.0,2,-15.000087657751845,-15.515971225219076,-16.02552911878039,-4.99777456748956,-2.4993987960926236,nan,upper,0.1
500,phase2,upper,-15.0,2,-15.00007801186449,-15.515971225219076,-16.02552911878039,-4.99777456748956,-2.4993987960926236,nan,upper,0.1
501,phase2,upper,-15.0,2,-15.000069418718473,-15.515971225219076,-16.02552911878039,-4.99777456748956,-2.4993987960926236,nan,upper,0.1
502,phase2,upper,-15.0,2,-15.000061764556651,-15.515971225219076,-16.02552911878039,-4.99777456748956,-2.4993987960926236,nan,upper,0.1
503,phase2,upper,-15.0,2,-15.000054947764122,-15.515971225219076,-16.02552911878039,-4.99777456748956,-2.4993987960926236,nan,upper,0.1
504,phase2,upper,-15.0,2,-15.000048877592183,-15.515971225219076,-16.02552911878039,-4.99777456748956,-2.4993987960926236,nan,upper,0.1
505,phase2,upper,-15.0,2,-15.000043473013706,-15.515971225219076,-16.02552911878039,-4.99777456748956,-2.4993987960926236,nan,upper,0.1
506,phase2,upper,-15.0,2,-15.000038661696736,-15.515971225219076,-16.02552911878039,-4.99777456748956,-2.4993987960926236,nan,upper,0.1
507,phase2,upper,-15.0,2,-15.000034379084441,-15.515971225219076,-16.02552911878039,-4.99777456748956,-2.4993987960926236,nan,upper,0.1
508,phase2,upper,-15.0,2,-15.000030567570665,-15.515971225219076,-16.02552911878039,-4.99777456748956,-2.4993987960926236,nan,upper,0.1
509,phase2,upper,-15.0,2,-15.000027175761378,-15.515971225219076,-16.02552911878039,-4.99777456748956,-2.4993987960926236,nan,upper,0.1
510,phase2,upper,-15.0,2,-15.000024157813304,-15.515971225219076,-16.02552911878039,-4.99777456748956,-2.4993987960926236,nan,upper,0.1
511,phase2,upper,-15.0,2,-15.000021472841803,-15.515971225219076,-16.02552911878039,-4.99777456748956,-2.4993987960926236,nan,upper,0.1
512,phase2,upper,-15.0,2,-15.000019084390951,-15.515971225219076,-16.02552911878039,-4.99777456748956,-2.4993987960926236,nan,upper,0.1
513,phase2,upper,-15.0,2,-15.000016959959382,-15.515971225219076,-16.02552911878039,-4.99777456748956,-2.4993987960926236,nan,upper,0.1
514,phase2,upper,-15.0,2,-15.00001507057616,-15.515971225219076,-16.02552911878039,-4.99777456748956,-2.4993987960926236,nan,upper,0.1
515,phase2,upper,-15.0,2,-15.000013390421495,-15.515971225219076,-16.02552911878039,-4.99777456748956,-2.4993987960926236,nan,upper,0.1
516,phase2,upper,-15.0,2,-15.000011896487653,-15.515971225219076,-16.02552911878039,-4.99777456748956,-2.4993987960926236,nan,upper,0.1
517,phase2,upper,-15.0,2,-15.000010568275863,-15.515971225219076,-16.02552911878039,-4.99777456748956,-2.4993987960926236,nan,upper,0.1
518,phase2,upper,-15.0,2,-15.00000938752548,-15.515971225219076,-16.02552911878039,-4.99777456748956,-2.4993987960926236,nan,upper,0.1
519,phase2,upper,-15.0,2,-15.000008337972018,-15.515971225219076,-16.02552911878039,-4.99777456748956,-2.4993987960926236,nan,upper,0.1
520,phase2,upper,-15.0,2,-15.000007405131019,-15.515971225219076,-16.02552911878039,-4.99777456748956,-2.4993987960926236,nan,upper,0.1
521,phase2,upper,-15.0,2,-15.000006576105063,-15.515971225219076,-16.02552911878039,-4.99777456748956,-2.4993987960926236,nan,upper,0.1
522,phase2,lower,-20.0,4,-15.000006576105063,-15.877118172446433,-16.20219857262549,-4.997969474921928,-2.4994709405615088,nan,upper,0.1
523,phase2,upper,-15.0,2,-15.00000583941145,-15.877118172446433,-16.20219857262549,-4.997969474921928,-2.4994709405615088,nan,upper,0.1
524,phase2,upper,-15.0,2,-15.00000518482839,-15.877118172446433,-16.20219857262549,-4.997969474921928,-2.4994709405615088,nan,upper,0.1
525,phase2,upper,-15.0,2,-15.000004603257741,-15.877118172446433,-16.20219857262549,-4.997969474921928,-2.4994709405615088,nan,upper,0.1
526,phase2,upper,-15.0,2,-15.00000408660252,-15.877118172446433,-16.20219857262549,-4.997969474921928,-2.4994709405615088,nan,upper,0.1
527,phase2,upper,-15.0,2,-15.00000362765764,-15.877118172446433,-16.20219857262549,-4.997969474921928,-2.4994709405615088,nan,upper,0.1
528,phase2,upper,-15.0,2,-15.000003220012454,-15.877118172446433,-16.20219857262549,-4.997969474921928,-2.4994709405615088,nan,upper,0.1
529,phase2,upper,-15.0,2,-15.000002857963842,-15.877118172446433,-16.20219857262549,-4.997969474921928,-2.4994709405615088,nan,upper,0.1
530,phase2,upper,-15.0,2,-15.00000253643872,-15.877118172446433,-16.20219857262549,-4.997969474921928,-2.4994709405615088,nan,upper,0.1
531,phase2,upper,-15.0,2,-15.000002250924947,-15.877118172446433,-16.20219857262549,-4.997969474921928,-2.4994709405615088,nan,upper,0.1
532,phase2,upper,-15.0,2,-15.000001997409761,-15.877118172446433,-16.20219857262549,-4.997969474921928,-2.4994709405615088,nan,upper,0.1
533,phase2,upper,-15.0,2,-15.0000017723249,-15.877118172446433,-16.20219857262549,-4.997969474921928,-2.4994709405615088,nan,upper,0.1
534,phase2,upper,-15.0,2,-15.000001572497705,-15.877118172446433,-16.20219857262549,-4.997969474921928,-2.4994709405615088,nan,upper,0.1
535,phase2,upper,-15.0,2,-15.00000139510756,-15.877118172446433,-16.20219857262549,-4.997969474921928,-2.4994709405615088,nan,upper,0.1
536,phase2,upper,-15.0,2,-15.000001237647082,-15.877118172446433,-16.20219857262549,-4.997969474921928,-2.4994709405615088,nan,upper,0.1
537,phase2,upper,-15.0,2,-15.00000109788757,-15.877118172446433,-16.20219857262549,-4.997969474921928,-2.4994709405615088,nan,upper,0.1
538,phase2,upper,-15.0,2,-15.000000973848222,-15.877118172446433,-16.20219857262549,-4.997969474921928,-2.4994709405615088,nan,upper,0.1
539,phase2,upper,-15.0,2,-15.000000863768737,-15.877118172446433,-16.20219857262549,-4.997969474921928,-2.4994709405615088,nan,upper,0.1
540,phase2,upper,-15.0,2,-15.000000766084913,-15.877118172446433,-16.20219857262549,-4.997969474921928,-2.4994709405615088,nan,upper,0.1
541,phase2,upper,-15.0,2,-15.000000679406938,-15.877118172446433,-16.20219857262549,-4.997969474921928,-2.4994709405615088,nan,upper,0.1
542,phase2,upper,-15.0,2,-15.000000602500053,-15.877118172446433,-16.20219857262549,-4.997969474921928,-2.4994709405615088,nan,upper,0.1
543,phase2,upper,-15.0,2,-15.000000534267361,-15.877118172446433,-16.20219857262549,-4.997969474921928,-2.4994709405615088,nan,upper,0.1
544,phase2,upper,-15.0,2,-15.000000473734515,-15.877118172446433,-16.20219857262549,-4.997969474921928,-2.4994709405615088,nan,upper,0.1
545,phase2,upper,-15.0,2,-15.000000420036102,-15.877118172446433,-16.20219857262549,-4.997969474921928,-2.4994709405615088,nan,upper,0.1
546,phase2,upper,-15.0,2,-15.00000037240353,-15.877118172446433,-16.20219857262549,-4.997969474921928,-2.4994709405615088,nan,upper,0.1
547,phase2,lower,-20.0,4,-15.00000037240353,-16.21612782046792,-16.357691080901063,-4.998149650798678,-2.499534427694128,nan,upper,0.1
548,phase2,upper,-15.0,2,-15.000000330154256,-16.21612782046792,-16.357691080901063,-4.998149650798678,-2.499534427694128,nan,upper,0.1
549,phase2,upper,-15.0,2,-15.000000292682197,-16.21612782046792,-16.357691080901063,-4.998149650798678,-2.499534427694128,nan,upper,0.1
550,phase2,upper,-15.0,2,-15.00000025944921,-16.21612782046792,-16.357691080901063,-4.998149650798678,-2.499534427694128,nan,upper,0.1
551,phase2,upper,-15.0,2,-15.000000229977518,-16.21612782046792,-16.357691080901063,-4.998149650798678,-2.499534427694128,nan,upper,0.1
552,phase2,upper,-15.0,2,-15.000000203842962,-16.21612782046792,-16.357691080901063,-4.998149650798678,-2.499534427694128,nan,upper,0.1
553,phase2,upper,-15.0,2,-15.000000180669025,-16.21612782046792,-16.357691080901063,-4.998149650798678,-2.499534427694128,nan,upper,0.1
554,phase2,upper,-15.0,2,-15.000000160121493,-16.21612782046792,-16.357691080901063,-4.998149650798678,-2.499534427694128,nan,upper,0.1
555,phase2,upper,-15.0,2,-15.000000141903735,-16.21612782046792,-16.357691080901063,-4.998149650798678,-2.499534427694128,nan,upper,0.1
556,phase2,upper,-15.0,2,-15.00000012575249,-16.21612782046792,-16.357691080901063,-4.998149650798678,-2.499534427694128,nan,upper,0.1
557,phase2,upper,-15.0,2,-15.00000011143413,-16.21612782046792,-16.357691080901063,-4.998149650798678,-2.499534427694128,nan,upper,0.1
558,phase2,upper,-15.0,2,-15.000000098741339,-16.21612782046792,-16.357691080901063,-4.998149650798678,-2.499534427694128,nan,upper,0.1
559,phase2,upper,-15.0,2,-15.000000087490168,-16.21612782046792,-16.357691080901063,-4.998149650798678,-2.499534427694128,nan,upper,0.1
560,phase2,upper,-15.0,2,-15.000000077517402,-16.21612782046792,-16.357691080901063,-4.998149650798678,-2.499534427694128,nan,upper,0.1
561,phase2,upper,-15.0,2,-15.000000068678242,-16.21612782046792,-16.357691080901063,-4.998149650798678,-2.499534427694128,nan,upper,0.1
562,phase2,lower,-20.0,4,-15.000000068678242,-16.533115411719898,-16.494546109288777,-4.998315824026132,-2.4995902963708323,nan,upper,0.1
563,phase2,upper,-15.0,2,-15.00000006084423,-16.533115411719898,-16.494546109288777,-4.998315824026132,-2.4995902963708323,nan,upper,0.1
564,phase2,upper,-15.0,2,-15.000000053901413,-16.533115411719898,-16.494546109288777,-4.998315824026132,-2.4995902963708323,nan,upper,0.1
565,phase2,upper,-15.0,2,-15.000000047748715,-16.533115411719898,-16.494546109288777,-4.998315824026132,-2.4995902963708323,nan,upper,0.1
566,phase2,upper,-15.0,2,-15.000000042296485,-16.533115411719898,-16.494546109288777,-4.998315824026132,-2.4995902963708323,nan,upper,0.1
567,phase2,upper,-15.0,2,-15.000000037465208,-16.533115411719898,-16.494546109288777,-4.998315824026132,-2.4995902963708323,nan,upper,0.1
568,phase2,upper,-15.0,2,-15.000000033184369,-16.533115411719898,-16.494546109288777,-4.998315824026132,-2.4995902963708323,nan,upper,0.1
569,phase2,upper,-15.0,2,-15.000000029391432,-16.533115411719898,-16.494546109288777,-4.998315824026132,-2.4995902963708323,nan,upper,0.1
570,phase2,upper,-15.0,2,-15.000000026030945,-16.533115411719898,-16.494546109288777,-4.998315824026132,-2.4995902963708323,nan,upper,0.1
571,phase2,upper,-15.0,2,-15.000000023053738,-16.533115411719898,-16.494546109288777,-4.998315824026132,-2.4995902963708323,nan,upper,0.1
572,phase2,upper,-15.0,2,-15.000000020416216,-16.533115411719898,-16.494546109288777,-4.998315824026132,-2.4995902963708323,nan,upper,0.1
573,phase2,upper,-15.0,2,-15.000000018079724,-16.533115411719898,-16.494546109288777,-4.998315824026132,-2.4995902963708323,nan,upper,0.1
574,phase2,upper,-15.0,2,-15.000000016009997,-16.533115411719898,-16.494546109288777,-4.998315824026132,-2.4995902963708323,nan,upper,0.1
575,phase2,upper,-15.0,2,-15.000000014176656,-16.533115411719898,-16.494546109288777,-4.998315824026132,-2.4995902963708323,nan,upper,0.1
576,phase2,upper,-15.0,2,-15.000000012552773,-16.533115411719898,-16.494546109288777,-4.998315824026132,-2.4995902963708323,nan,upper,0.1
577,phase2,upper,-15.0,2,-15.000000011114478,-16.533115411719898,-16.494546109288777,-4.998315824026132,-2.4995902963708323,nan,upper,0.1
578,phase2,upper,-15.0,2,-15.000000009840614,-16.533115411719898,-16.494546109288777,-4.998315824026132,-2.4995902963708323,nan,upper,0.1
579,phase2,upper,-15.0,2,-15.000000008712428,-16.533115411719898,-16.494546109288777,-4.998315824026132,-2.4995902963708323,nan,upper,0.1
580,phase2,upper,-15.0,2,-15.000000007713302,-16.533115411719898,-16.494546109288777,-4.998315824026132,-2.4995902963708323,nan,upper,0.1
581,phase2,upper,-15.0,2,-15.000000006828508,-16.533115411719898,-16.494546109288777,-4.998315824026132,-2.4995902963708323,nan,upper,0.1
582,phase2,upper,-15.0,2,-15.000000006044992,-16.533115411719898,-16.494546109288777,-4.998315824026132,-2.4995902963708323,nan,upper,0.1
583,phase2,upper,-15.0,2,-15.00000000535119,-16.533115411719898,-16.494546109288777,-4.998315824026132,-2.4995902963708323,nan,upper,0.1
584,phase2,upper,-15.0,2,-15.000000004736853,-16.533115411719898,-16.494546109288777,-4.998315824026132,-2.4995902963708323,nan,upper,0.1
585,phase2,upper,-15.0,2,-15.000000004192898,-16.533115411719898,-16.494546109288777,-4.998315824026132,-2.4995902963708323,nan,upper,0.1
586,phase2,upper,-15.0,2,-15.000000003711284,-16.533115411719898,-16.494546109288777,-4.998315824026132,-2.4995902963708323,nan,upper,0.1
587,phase2,upper,-15.0,2,-15.000000003284878,-16.533115411719898,-16.494546109288777,-4.998315824026132,-2.4995902963708323,nan,upper,0.1
588,phase2,upper,-15.0,2,-15.000000002907367,-16.533115411719898,-16.494546109288777,-4.998315824026132,-2.4995902963708323,nan,upper,0.1
589,phase2,upper,-15.0,2,-15.000000002573156,-16.533115411719898,-16.494546109288777,-4.998315824026132,-2.4995902963708323,nan,upper,0.1
590,phase2,upper,-15.0,2,-15.00000000227729,-16.533115411719898,-16.494546109288777,-4.998315824026132,-2.4995902963708323,nan,upper,0.1
591,phase2,upper,-15.0,2,-15.000000002015378,-16.533115411719898,-16.494546109288777,-4.998315824026132,-2.4995902963708323,nan,upper,0.1
592,phase2,upper,-15.0,2,-15.000000001783533,-16.533115411719898,-16.494546109288777,-4.998315824026132,-2.4995902963708323,nan,upper,0.1
593,phase2,upper,-15.0,2,-15.000000001578309,-16.533115411719898,-16.494546109288777,-4.998315824026132,-2.4995902963708323,nan,upper,0.1
594,phase2,upper,-15.0,2,-15.000000001396655,-16.533115411719898,-16.494546109288777,-4.998315824026132,-2.4995902963708323,nan,upper,0.1
595,phase2,upper,-15.0,2,-15.000000001235872,-16.533115411719898,-16.494546109288777,-4.998315824026132,-2.4995902963708323,nan,upper,0.1
596,phase2,upper,-15.0,2,-15.000000001093564,-16.533115411719898,-16.494546109288777,-4.998315824026132,-2.4995902963708323,nan,upper,0.1
597,phase2,upper,-15.0,2,-15.000000000967614,-16.533115411719898,-16.494546109288777,-4.998315824026132,-2.4995902963708323,nan,upper,0.1
598,phase2,upper,-15.0,2,-15.000000000856144,-16.533115411719898,-16.494546109288777,-4.998315824026132,-2.4995902963708323,nan,upper,0.1
599,phase2,upper,-15.0,2,-15.000000000757494,-16.533115411719898,-16.494546109288777,-4.998315824026132,-2.4995902963708323,nan,upper,0.1
600,phase2,upper,-15.0,2,-15.000000000670191,-16.533115411719898,-16.494546109288777,-4.998315824026132,-2.4995902963708323,nan,upper,0.1
601,phase2,upper,-15.0,2,-15.000000000592934,-16.533115411719898,-16.494546109288777,-4.998315824026132,-2.4995902963708323,nan,upper,0.1
602,phase2,upper,-15.0,2,-15.000000000524567,-16.533115411719898,-16.494546109288777,-4.998315824026132,-2.4995902963708323,nan,upper,0.1
603,phase2,upper,-15.0,2,-15.00000000046407,-16.533115411719898,-16.494546109288777,-4.998315824026132,-2.4995902963708323,nan,upper,0.1
604,phase2,upper,-15.0,2,-15.000000000410537,-16.533115411719898,-16.494546109288777,-4.998315824026132,-2.4995902963708323,nan,upper,0.1
605,phase2,upper,-15.0,2,-15.00000000036317,-16.533115411719898,-16.494546109288777,-4.998315824026132,-2.4995902963708323,nan,upper,0.1
606,phase2,upper,-15.0,2,-15.000000000321261,-16.533115411719898,-16.494546109288777,-4.998315824026132,-2.4995902963708323,nan,upper,0.1
607,phase2,upper,-15.0,2,-15.00000000028418,-16.533115411719898,-16.494546109288777,-4.998315824026132,-2.4995902963708323,nan,upper,0.1
608,phase2,upper,-15.0,2,-15.000000000251372,-16.533115411719898,-16.494546109288777,-4.998315824026132,-2.4995902963708323,nan,upper,0.1
609,phase2,upper,-15.0,2,-15.000000000222347,-16.533115411719898,-16.494546109288777,-4.998315824026132,-2.4995902963708323,nan,upper,0.1
610,phase2,upper,-15.0,2,-15.000000000196666,-16.533115411719898,-16.494546109288777,-4.998315824026132,-2.4995902963708323,nan,upper,0.1
611,phase2,upper,-15.0,2,-15.000000000173948,-16.533115411719898,-16.494546109288777,-4.998315824026132,-2.4995902963708323,nan,upper,0.1
612,phase2,upper,-15.0,2,-15.00000000015385,-16.533115411719898,-16.494546109288777,-4.998315824026132,-2.4995902963708323,nan,upper,0.1
613,phase2,upper,-15.0,2,-15.00000000013607,-16.533115411719898,-16.494546109288777,-4.998315824026132,-2.4995902963708323,nan,upper,0.1
614,phase2,upper,-15.0,2,-15.000000000120343,-16.533115411719898,-16.494546109288777,-4.998315824026132,-2.4995902963708323,nan,upper,0.1
615,phase2,upper,-15.0,2,-15.00000000010643,-16.533115411719898,-16.494546109288777,-4.998315824026132,-2.4995902963708323,nan,upper,0.1
616,phase2,upper,-15.0,2,-15.000000000094124,-16.533115411719898,-16.494546109288777,-4.998315824026132,-2.4995902963708323,nan,upper,0.1
617,phase2,upper,-15.0,2,-15.000000000083238,-16.533115411719898,-16.494546109288777,-4.998315824026132,-2.4995902963708323,nan,upper,0.1
618,phase2,upper,-15.0,2,-15.00000000007361,-16.533115411719898,-16.494546109288777,-4.998315824026132,-2.4995902963708323,nan,upper,0.1
619,phase2,upper,-15.0,2,-15.000000000065095,-16.533115411719898,-16.494546109288777,-4.998315824026132,-2.4995902963708323,nan,upper,0.1
620,phase2,upper,-15.0,2,-15.000000000057563,-16.533115411719898,-16.494546109288777,-4.998315824026132,-2.4995902963708323,nan,upper,0.1
621,phase2,upper,-15.0,2,-15.000000000050902,-16.533115411719898,-16.494546109288777,-4.998315824026132,-2.4995902963708323,nan,upper,0.1
622,phase2,upper,-15.0,2,-15.00000000004501,-16.533115411719898,-16.494546109288777,-4.998315824026132,-2.4995902963708323,nan,upper,0.1
623,phase2,upper,-15.0,2,-15.000000000039797,-16.533115411719898,-16.494546109288777,-4.998315824026132,-2.4995902963708323,nan,upper,0.1
624,phase2,upper,-15.0,2,-15.00000000003519,-16.533115411719898,-16.494546109288777,-4.998315824026132,-2.4995902963708323,nan,upper,0.1
625,phase2,upper,-15.0,2,-15.000000000031115,-16.533115411719898,-16.494546109288777,-4.998315824026132,-2.4995902963708323,nan,upper,0.1
626,phase2,upper,-15.0,2,-15.00000000002751,-16.533115411719898,-16.494546109288777,-4.998315824026132,-2.4995902963708323,nan,upper,0.1
627,phase2,upper,-15.0,2,-15.000000000024324,-16.533115411719898,-16.494546109288777,-4.998315824026132,-2.4995902963708323,nan,upper,0.1
628,phase2,upper,-15.0,2,-15.000000000021505,-16.533115411719898,-16.494546109288777,-4.998315824026132,-2.4995902963708323,nan,upper,0.1
629,phase2,upper,-15.0,2,-15.000000000019012,-16.533115411719898,-16.494546109288777,-4.998315824026132,-2.4995902963708323,nan,upper,0.1
630,phase2,upper,-15.0,2,-15.000000000016808,-16.533115411719898,-16.494546109288777,-4.998315824026132,-2.4995902963708323,nan,upper,0.1
631,phase2,upper,-15.0,2,-15.00000000001486,-16.533115411719898,-16.494546109288777,-4.998315824026132,-2.4995902963708323,nan,upper,0.1
632,phase2,upper,-15.0,2,-15.000000000013136,-16.533115411719898,-16.494546109288777,-4.998315824026132,-2.4995902963708323,nan,upper,0.1
633,phase2,upper,-15.0,2,-15.000000000011612,-16.533115411719898,-16.494546109288777,-4.998315824026132,-2.4995902963708323,nan,upper,0.1
634,phase2,upper,-15.0,2,-15.000000000010266,-16.533115411719898,-16.494546109288777,-4.998315824026132,-2.4995902963708323,nan,upper,0.1
635,phase2,upper,-15.0,2,-15.000000000009075,-16.533115411719898,-16.494546109288777,-4.998315824026132,-2.4995902963708323,nan,upper,0.1
636,phase2,upper,-15.0,2,-15.000000000008022,-16.533115411719898,-16.494546109288777,-4.998315824026132,-2.4995902963708323,nan,upper,0.1
637,phase2,upper,-15.0,2,-15.000000000007091,-16.533115411719898,-16.494546109288777,-4.998315824026132,-2.4995902963708323,nan,upper,0.1
638,phase2,upper,-15.0,2,-15.000000000006269,-16.533115411719898,-16.494546109288777,-4.998315824026132,-2.4995902963708323,nan,upper,0.1
639,phase2,upper,-15.0,2,-15.00000000000554,-16.533115411719898,-16.494546109288777,-4.998315824026132,-2.4995902963708323,nan,upper,0.1
640,phase2,upper,-15.0,2,-15.000000000004897,-16.533115411719898,-16.494546109288777,-4.998315824026132,-2.4995902963708323,nan,upper,0.1
641,phase2,upper,-15.0,2,-15.000000000004329,-16.533115411719898,-16.494546109288777,-4.998315824026132,-2.4995902963708323,nan,upper,0.1
642,phase2,upper,-15.0,2,-15.000000000003826,-16.533115411719898,-16.494546109288777,-4.998315824026132,-2.4995902963708323,nan,upper,0.1
643,phase2,upper,-15.0,2,-15.000000000003382,-16.533115411719898,-16.494546109288777,-4.998315824026132,-2.4995902963708323,nan,upper,0.1
644,phase2,upper,-15.0,2,-15.00000000000299,-16.533115411719898,-16.494546109288777,-4.998315824026132,-2.4995902963708323,nan,upper,0.1
645,phase2,upper,-15.0,2,-15.000000000002643,-16.533115411719898,-16.494546109288777,-4.998315824026132,-2.4995902963708323,nan,upper,0.1
646,phase2,upper,-15.0,2,-15.000000000002336,-16.533115411719898,-16.494546109288777,-4.998315824026132,-2.4995902963708323,nan,upper,0.1
647,phase2,upper,-15.0,2,-15.000000000002064,-16.533115411719898,-16.494546109288777,-4.998315824026132,-2.4995902963708323,nan,upper,0.1
648,phase2,upper,-15.0,2,-15.000000000001824,-16.533115411719898,-16.494546109288777,-4.998315824026132,-2.4995902963708323,nan,upper,0.1
649,phase2,upper,-15.0,2,-15.000000000001613,-16.533115411719898,-16.494546109288777,-4.998315824026132,-2.4995902963708323,nan,upper,0.1
650,phase2,upper,-15.0,2,-15.000000000001425,-16.533115411719898,-16.494546109288777,-4.998315824026132,-2.4995902963708323,nan,upper,0.1
651,phase2,upper,-15.0,2,-15.00000000000126,-16.533115411719898,-16.494546109288777,-4.998315824026132,-2.4995902963708323,nan,upper,0.1
652,phase2,upper,-15.0,2,-15.000000000001114,-16.533115411719898,-16.494546109288777,-4.998315824026132,-2.4995902963708323,nan,upper,0.1
653,phase2,upper,-15.0,2,-15.000000000000984,-16.533115411719898,-16.494546109288777,-4.998315824026132,-2.4995902963708323,nan,upper,0.1
654,phase2,upper,-15.0,2,-15.00000000000087,-16.533115411719898,-16.494546109288777,-4.998315824026132,-2.4995902963708323,nan,upper,0.1
655,phase2,upper,-15.0,2,-15.00000000000077,-16.533115411719898,-16.494546109288777,-4.998315824026132,-2.4995902963708323,nan,upper,0.1
656,phase2,upper,-15.0,2,-15.00000000000068,-16.533115411719898,-16.494546109288777,-4.998315824026132,-2.4995902963708323,nan,upper,0.1
657,phase2,upper,-15.0,2,-15.0000000000006,-16.533115411719898,-16.494546109288777,-4.998315824026132,-2.4995902963708323,nan,upper,0.1
658,phase2,upper,-15.0,2,-15.000000000000531,-16.533115411719898,-16.494546109288777,-4.998315824026132,-2.4995902963708323,nan,upper,0.1
659,phase2,lower,-20.0,4,-15.000000000000531,-16.828487095428162,-16.61499847505726,-4.998468760707496,-2.4996394608063324,nan,upper,0.1
660,phase2,upper,-15.0,2,-15.000000000000469,-16.828487095428162,-16.61499847505726,-4.998468760707496,-2.4996394608063324,nan,upper,0.1
661,phase2,upper,-15.0,2,-15.000000000000414,-16.828487095428162,-16.61499847505726,-4.998468760707496,-2.4996394608063324,nan,upper,0.1
662,phase2,upper,-15.0,2,-15.000000000000366,-16.828487095428162,-16.61499847505726,-4.998468760707496,-2.4996394608063324,nan,upper,0.1
663,phase2,upper,-15.0,2,-15.000000000000323,-16.828487095428162,-16.61499847505726,-4.998468760707496,-2.4996394608063324,nan,upper,0.1
664,phase2,lower,-20.0,4,-15.000000000000323,-17.102868460983654,-16.721014909335288,-4.998609244719356,-2.4996827255095724,nan,upper,0.1
665,phase2,lower,-20.0,4,-15.000000000000323,-17.35704603478585,-16.814326229581376,-4.998738062414182,-2.4997207984484238,nan,upper,0.1
666,phase2,upper,-15.0,2,-15.000000000000286,-17.35704603478585,-16.814326229581376,-4.998738062414182,-2.4997207984484238,nan,upper,0.1
667,phase2,upper,-15.0,2,-15.000000000000252,-17.35704603478585,-16.814326229581376,-4.998738062414182,-2.4997207984484238,nan,upper,0.1
668,phase2,upper,-15.0,2,-15.000000000000222,-17.35704603478585,-16.814326229581376,-4.998738062414182,-2.4997207984484238,nan,upper,0.1
669,phase2,upper,-15.0,2,-15.000000000000195,-17.35704603478585,-16.814326229581376,-4.998738062414182,-2.4997207984484238,nan,upper,0.1
670,phase2,upper,-15.0,2,-15.000000000000172,-17.35704603478585,-16.814326229581376,-4.998738062414182,-2.4997207984484238,nan,upper,0.1
671,phase2,upper,-15.0,2,-15.000000000000153,-17.35704603478585,-16.814326229581376,-4.998738062414182,-2.4997207984484238,nan,upper,0.1
672,phase2,upper,-15.0,2,-15.000000000000135,-17.35704603478585,-16.814326229581376,-4.998738062414182,-2.4997207984484238,nan,upper,0.1
673,phase2,upper,-15.0,2,-15.000000000000119,-17.35704603478585,-16.814326229581376,-4.998738062414182,-2.4997207984484238,nan,upper,0.1
674,phase2,upper,-15.0,2,-15.000000000000105,-17.35704603478585,-16.814326229581376,-4.998738062414182,-2.4997207984484238,nan,upper,0.1
675,phase2,upper,-15.0,2,-15.000000000000092,-17.35704603478585,-16.814326229581376,-4.998738062414182,-2.4997207984484238,nan,upper,0.1
676,phase2,upper,-15.0,2,-15.000000000000082,-17.35704603478585,-16.814326229581376,-4.998738062414182,-2.4997207984484238,nan,upper,0.1
677,phase2,upper,-15.0,2,-15.000000000000073,-17.35704603478585,-16.814326229581376,-4.998738062414182,-2.4997207984484238,nan,upper,0.1
678,phase2,upper,-15.0,2,-15.000000000000064,-17.35704603478585,-16.814326229581376,-4.998738062414182,-2.4997207984484238,nan,upper,0.1
679,phase2,upper,-15.0,2,-15.000000000000057,-17.35704603478585,-16.814326229581376,-4.998738062414182,-2.4997207984484238,nan,upper,0.1
680,phase2,upper,-15.0,2,-15.00000000000005,-17.35704603478585,-16.814326229581376,-4.998738062414182,-2.4997207984484238,nan,upper,0.1
681,phase2,upper,-15.0,2,-15.000000000000044,-17.35704603478585,-16.814326229581376,-4.998738062414182,-2.4997207984484238,nan,upper,0.1
682,phase2,upper,-15.0,2,-15.000000000000039,-17.35704603478585,-16.814326229581376,-4.998738062414182,-2.4997207984484238,nan,upper,0.1
683,phase2,upper,-15.0,2,-15.000000000000034,-17.35704603478585,-16.814326229581376,-4.998738062414182,-2.4997207984484238,nan,upper,0.1
684,phase2,upper,-15.0,2,-15.00000000000003,-17.35704603478585,-16.814326229581376,-4.998738062414182,-2.4997207984484238,nan,upper,0.1
685,phase2,upper,-15.0,2,-15.000000000000027,-17.35704603478585,-16.814326229581376,-4.998738062414182,-2.4997207984484238,nan,upper,0.1
686,phase2,upper,-15.0,2,-15.000000000000023,-17.35704603478585,-16.814326229581376,-4.998738062414182,-2.4997207984484238,nan,upper,0.1
687,phase2,lower,-20.0,4,-15.000000000000023,-17.591919658161313,-16.89645564952131,-4.99885599073829,-2.4997543026346127,nan,upper,0.1
688,phase2,upper,-15.0,2,-15.000000000000021,-17.591919658161313,-16.89645564952131,-4.99885599073829,-2.4997543026346127,nan,upper,0.1
689,phase2,upper,-15.0,2,-15.00000000000002,-17.591919658161313,-16.89645564952131,-4.99885599073829,-2.4997543026346127,nan,upper,0.1
690,phase2,upper,-15.0,2,-15.000000000000018,-17.591919658161313,-16.89645564952131,-4.99885599073829,-2.4997543026346127,nan,upper,0.1
691,phase2,upper,-15.0,2,-15.000000000000016,-17.591919658161313,-16.89645564952131,-4.99885599073829,-2.4997543026346127,nan,upper,0.1
692,phase2,upper,-15.0,2,-15.000000000000014,-17.591919658161313,-16.89645564952131,-4.99885599073829,-2.4997543026346127,nan,upper,0.1
693,phase2,upper,-15.0,2,-15.000000000000012,-17.591919658161313,-16.89645564952131,-4.99885599073829,-2.4997543026346127,nan,upper,0.1
694,phase2,upper,-15.0,2,-15.00000000000001,-17.591919658161313,-16.89645564952131,-4.99885599073829,-2.4997543026346127,nan,upper,0.1
695,phase2,upper,-15.0,2,-15.000000000000009,-17.591919658161313,-16.89645564952131,-4.99885599073829,-2.4997543026346127,nan,upper,0.1
696,phase2,upper,-15.0,2,-15.000000000000009,-17.591919658161313,-16.89645564952131,-4.99885599073829,-2.4997543026346127,nan,upper,0.1
697,phase2,upper,-15.0,2,-15.000000000000009,-17.591919658161313,-16.89645564952131,-4.99885599073829,-2.4997543026346127,nan,upper,0.1
698,phase2,upper,-15.0,2,-15.000000000000009,-17.591919658161313,-16.89645564952131,-4.99885599073829,-2.4997543026346127,nan,upper,0.1
699,phase2,upper,-15.0,2,-15.000000000000009,-17.591919658161313,-16.89645564952131,-4.99885599073829,-2.4997543026346127,nan,upper,0.1
700,phase2,upper,-15.0,2,-15.000000000000009,-17.591919658161313,-16.89645564952131,-4.99885599073829,-2.4997543026346127,nan,upper,0.1
701,phase2,lower,-20.0,4,-15.000000000000009,-17.808463977124514,-16.96874369046735,-4.998963788165849,-2.499783786318459,nan,upper,0.1
702,phase2,upper,-15.0,2,-15.000000000000009,-17.808463977124514,-16.96874369046735,-4.998963788165849,-2.499783786318459,nan,upper,0.1
703,phase2,upper,-15.0,2,-15.000000000000009,-17.808463977124514,-16.96874369046735,-4.998963788165849,-2.499783786318459,nan,upper,0.1
704,phase2,upper,-15.0,2,-15.000000000000009,-17.808463977124514,-16.96874369046735,-4.998963788165849,-2.499783786318459,nan,upper,0.1
705,phase2,upper,-15.0,2,-15.000000000000009,-17.808463977124514,-16.96874369046735,-4.998963788165849,-2.499783786318459,nan,upper,0.1
706,phase2,upper,-15.0,2,-15.000000000000009,-17.808463977124514,-16.96874369046735,-4.998963788165849,-2.499783786318459,nan,upper,0.1
707,phase2,upper,-15.0,2,-15.000000000000009,-17.808463977124514,-16.96874369046735,-4.998963788165849,-2.499783786318459,nan,upper,0.1
708,phase2,upper,-15.0,2,-15.000000000000009,-17.808463977124514,-16.96874369046735,-4.998963788165849,-2.499783786318459,nan,upper,0.1
709,phase2,upper,-15.0,2,-15.000000000000009,-17.808463977124514,-16.96874369046735,-4.998963788165849,-2.499783786318459,nan,upper,0.1
710,phase2,upper,-15.0,2,-15.000000000000009,-17.808463977124514,-16.96874369046735,-4.998963788165849,-2.499783786318459,nan,upper,0.1
711,phase2,upper,-15.0,2,-15.000000000000009,-17.808463977124514,-16.96874369046735,-4.998963788165849,-2.499783786318459,nan,upper,0.1
712,phase2,upper,-15.0,2,-15.000000000000009,-17.808463977124514,-16.96874369046735,-4.998963788165849,-2.499783786318459,nan,upper,0.1
713,phase2,upper,-15.0,2,-15.000000000000009,-17.808463977124514,-16.96874369046735,-4.998963788165849,-2.499783786318459,nan,upper,0.1
714,phase2,upper,-15.0,2,-15.000000000000009,-17.808463977124514,-16.96874369046735,-4.998963788165849,-2.499783786318459,nan,upper,0.1
715,phase2,upper,-15.0,2,-15.000000000000009,-17.808463977124514,-16.96874369046735,-4.998963788165849,-2.499783786318459,nan,upper,0.1
716,phase2,upper,-15.0,2,-15.000000000000009,-17.808463977124514,-16.96874369046735,-4.998963788165849,-2.499783786318459,nan,upper,0.1
717,phase2,upper,-15.0,2,-15.000000000000009,-17.808463977124514,-16.96874369046735,-4.998963788165849,-2.499783786318459,nan,upper,0.1
718,phase2,upper,-15.0,2,-15.000000000000009,-17.808463977124514,-16.96874369046735,-4.998963788165849,-2.499783786318459,nan,upper,0.1
719,phase2,upper,-15.0,2,-15.000000000000009,-17.808463977124514,-16.96874369046735,-4.998963788165849,-2.499783786318459,nan,upper,0.1
720,phase2,upper,-15.0,2,-15.000000000000009,-17.808463977124514,-16.96874369046735,-4.998963788165849,-2.499783786318459,nan,upper,0.1
721,phase2,upper,-15.0,2,-15.000000000000009,-17.808463977124514,-16.96874369046735,-4.998963788165849,-2.499783786318459,nan,upper,0.1
722,phase2,upper,-15.0,2,-15.000000000000009,-17.808463977124514,-16.96874369046735,-4.998963788165849,-2.499783786318459,nan,upper,0.1
723,phase2,upper,-15.0,2,-15.000000000000009,-17.808463977124514,-16.96874369046735,-4.998963788165849,-2.499783786318459,nan,upper,0.1
724,phase2,upper,-15.0,2,-15.000000000000009,-17.808463977124514,-16.96874369046735,-4.998963788165849,-2.499783786318459,nan,upper,0.1
725,phase2,upper,-15.0,2,-15.000000000000009,-17.808463977124514,-16.96874369046735,-4.998963788165849,-2.499783786318459,nan,upper,0.1
726,phase2,upper,-15.0,2,-15.000000000000009,-17.808463977124514,-16.96874369046735,-4.998963788165849,-2.499783786318459,nan,upper,0.1
727,phase2,upper,-15.0,2,-15.000000000000009,-17.808463977124514,-16.96874369046735,-4.998963788165849,-2.499783786318459,nan,upper,0.1
728,phase2,upper,-15.0,2,-15.000000000000009,-17.808463977124514,-16.96874369046735,-4.998963788165849,-2.499783786318459,nan,upper,0.1
729,phase2,upper,-15.0,2,-15.000000000000009,-17.808463977124514,-16.96874369046735,-4.998963788165849,-2.499783786318459,nan,upper,0.1
730,phase2,upper,-15.0,2,-15.000000000000009,-17.808463977124514,-16.96874369046735,-4.998963788165849,-2.499783786318459,nan,upper,0.1
731,phase2,upper,-15.0,2,-15.000000000000009,-17.808463977124514,-16.96874369046735,-4.998963788165849,-2.499783786318459,nan,upper,0.1
732,phase2,lower,-20.0,4,-15.000000000000009,-18.007697542725655,-17.03237010219117,-4.999062187944162,-2.499809731960244,nan,upper,0.1
733,phase2,lower,-20.0,4,-15.000000000000009,-18.190658249861517,-17.08837315248153,-4.999151893226092,-2.4998325641250148,nan,upper,0.1
734,phase2,upper,-15.0,2,-15.000000000000009,-18.190658249861517,-17.08837315248153,-4.999151893226092,-2.4998325641250148,nan,upper,0.1
735,phase2,upper,-15.0,2,-15.000000000000009,-18.190658249861517,-17.08837315248153,-4.999151893226092,-2.4998325641250148,nan,upper,0.1
736,phase2,upper,-15.0,2,-15.000000000000009,-18.190658249861517,-17.08837315248153,-4.999151893226092,-2.4998325641250148,nan,upper,0.1
737,phase2,upper,-15.0,2,-15.000000000000009,-18.190658249861517,-17.08837315248153,-4.999151893226092,-2.4998325641250148,nan,upper,0.1
738,phase2,upper,-15.0,2,-15.000000000000009,-18.190658249861517,-17.08837315248153,-4.999151893226092,-2.4998325641250148,nan,upper,0.1
739,phase2,upper,-15.0,2,-15.000000000000009,-18.190658249861517,-17.08837315248153,-4.999151893226092,-2.4998325641250148,nan,upper,0.1
740,phase2,upper,-15.0,2,-15.000000000000009,-18.190658249861517,-17.08837315248153,-4.999151893226092,-2.4998325641250148,nan,upper,0.1
741,phase2,upper,-15.0,2,-15.000000000000009,-18.190658249861517,-17.08837315248153,-4.999151893226092,-2.4998325641250148,nan,upper,0.1
742,phase2,upper,-15.0,2,-15.000000000000009,-18.190658249861517,-17.08837315248153,-4.999151893226092,-2.4998325641250148,nan,upper,0.1
743,phase2,upper,-15.0,2,-15.000000000000009,-18.190658249861517,-17.08837315248153,-4.999151893226092,-2.4998325641250148,nan,upper,0.1
744,phase2,upper,-15.0,2,-15.000000000000009,-18.190658249861517,-17.08837315248153,-4.999151893226092,-2.4998325641250148,nan,upper,0.1
745,phase2,upper,-15.0,2,-15.000000000000009,-18.190658249861517,-17.08837315248153,-4.999151893226092,-2.4998325641250148,nan,upper,0.1
746,phase2,upper,-15.0,2,-15.000000000000009,-18.190658249861517,-17.08837315248153,-4.999151893226092,-2.4998325641250148,nan,upper,0.1
747,phase2,upper,-15.0,2,-15.000000000000009,-18.190658249861517,-17.08837315248153,-4.999151893226092,-2.4998325641250148,nan,upper,0.1
748,phase2,upper,-15.0,2,-15.000000000000009,-18.190658249861517,-17.08837315248153,-4.999151893226092,-2.4998325641250148,nan,upper,0.1
749,phase2,upper,-15.0,2,-15.000000000000009,-18.190658249861517,-17.08837315248153,-4.999151893226092,-2.4998325641250148,nan,upper,0.1
750,phase2,upper,-15.0,2,-15.000000000000009,-18.190658249861517,-17.08837315248153,-4.999151893226092,-2.4998325641250148,nan,upper,0.1
751,phase2,upper,-15.0,2,-15.000000000000009,-18.190658249861517,-17.08837315248153,-4.999151893226092,-2.4998325641250148,nan,upper,0.1
752,phase2,upper,-15.0,2,-15.000000000000009,-18.190658249861517,-17.08837315248153,-4.999151893226092,-2.4998325641250148,nan,upper,0.1
753,phase2,upper,-15.0,2,-15.000000000000009,-18.190658249861517,-17.08837315248153,-4.999151893226092,-2.4998325641250148,nan,upper,0.1
754,phase2,upper,-15.0,2,-15.000000000000009,-18.190658249861517,-17.08837315248153,-4.999151893226092,-2.4998325641250148,nan,upper,0.1
755,phase2,upper,-15.0,2,-15.000000000000009,-18.190658249861517,-17.08837315248153,-4.999151893226092,-2.4998325641250148,nan,upper,0.1
756,phase2,upper,-15.0,2,-15.000000000000009,-18.190658249861517,-17.08837315248153,-4.999151893226092,-2.4998325641250148,nan,upper,0.1
757,phase2,upper,-15.0,2,-15.000000000000009,-18.190658249861517,-17.08837315248153,-4.999151893226092,-2.4998325641250148,nan,upper,0.1
758,phase2,upper,-15.0,2,-15.000000000000009,-18.190658249861517,-17.08837315248153,-4.999151893226092,-2.4998325641250148,nan,upper,0.1
759,phase2,upper,-15.0,2,-15.000000000000009,-18.190658249861517,-17.08837315248153,-4.999151893226092,-2.4998325641250148,nan,upper,0.1
760,phase2,upper,-15.0,2,-15.000000000000009,-18.190658249861517,-17.08837315248153,-4.999151893226092,-2.4998325641250148,nan,upper,0.1
761,phase2,upper,-15.0,2,-15.000000000000009,-18.190658249861517,-17.08837315248153,-4.999151893226092,-2.4998325641250148,nan,upper,0.1
762,phase2,upper,-15.0,2,-15.000000000000009,-18.190658249861517,-17.08837315248153,-4.999151893226092,-2.4998325641250148,nan,upper,0.1
763,phase2,upper,-15.0,2,-15.000000000000009,-18.190658249861517,-17.08837315248153,-4.999151893226092,-2.4998325641250148,nan,upper,0.1
764,phase2,upper,-15.0,2,-15.000000000000009,-18.190658249861517,-17.08837315248153,-4.999151893226092,-2.4998325641250148,nan,upper,0.1
765,phase2,lower,-20.0,4,-15.000000000000009,-18.35838403817592,-17.137666601370878,-4.999233573733963,-2.499852656430013,nan,upper,0.1
766,phase2,upper,-15.0,2,-15.000000000000009,-18.35838403817592,-17.137666601370878,-4.999233573733963,-2.499852656430013,nan,upper,0.1
767,phase2,upper,-15.0,2,-15.000000000000009,-18.35838403817592,-17.137666601370878,-4.999233573733963,-2.499852656430013,nan,upper,0.1
768,phase2,upper,-15.0,2,-15.000000000000009,-18.35838403817592,-17.137666601370878,-4.999233573733963,-2.499852656430013,nan,upper,0.1
769,phase2,upper,-15.0,2,-15.000000000000009,-18.35838403817592,-17.137666601370878,-4.999233573733963,-2.499852656430013,nan,upper,0.1
770,phase2,upper,-15.0,2,-15.000000000000009,-18.35838403817592,-17.137666601370878,-4.999233573733963,-2.499852656430013,nan,upper,0.1
771,phase2,upper,-15.0,2,-15.000000000000009,-18.35838403817592,-17.137666601370878,-4.999233573733963,-2.499852656430013,nan,upper,0.1
772,phase2,upper,-15.0,2,-15.000000000000009,-18.35838403817592,-17.137666601370878,-4.999233573733963,-2.499852656430013,nan,upper,0.1
773,phase2,upper,-15.0,2,-15.000000000000009,-18.35838403817592,-17.137666601370878,-4.999233573733963,-2.499852656430013,nan,upper,0.1
774,phase2,upper,-15.0,2,-15.000000000000009,-18.35838403817592,-17.137666601370878,-4.999233573733963,-2.499852656430013,nan,upper,0.1
775,phase2,upper,-15.0,2,-15.000000000000009,-18.35838403817592,-17.137666601370878,-4.999233573733963,-2.499852656430013,nan,upper,0.1
776,phase2,upper,-15.0,2,-15.000000000000009,-18.35838403817592,-17.137666601370878,-4.999233573733963,-2.499852656430013,nan,upper,0.1
777,phase2,upper,-15.0,2,-15.000000000000009,-18.35838403817592,-17.137666601370878,-4.999233573733963,-2.499852656430013,nan,upper,0.1
778,phase2,upper,-15.0,2,-15.000000000000009,-18.35838403817592,-17.137666601370878,-4.999233573733963,-2.499852656430013,nan,upper,0.1
779,phase2,upper,-15.0,2,-15.000000000000009,-18.35838403817592,-17.137666601370878,-4.999233573733963,-2.499852656430013,nan,upper,0.1
780,phase2,upper,-15.0,2,-15.000000000000009,-18.35838403817592,-17.137666601370878,-4.999233573733963,-2.499852656430013,nan,upper,0.1
781,phase2,upper,-15.0,2,-15.000000000000009,-18.35838403817592,-17.137666601370878,-4.999233573733963,-2.499852656430013,nan,upper,0.1
782,phase2,upper,-15.0,2,-15.000000000000009,-18.35838403817592,-17.137666601370878,-4.999233573733963,-2.499852656430013,nan,upper,0.1
783,phase2,upper,-15.0,2,-15.000000000000009,-18.35838403817592,-17.137666601370878,-4.999233573733963,-2.499852656430013,nan,upper,0.1
784,phase2,upper,-15.0,2,-15.000000000000009,-18.35838403817592,-17.137666601370878,-4.999233573733963,-2.499852656430013,nan,upper,0.1
785,phase2,upper,-15.0,2,-15.000000000000009,-18.35838403817592,-17.137666601370878,-4.999233573733963,-2.499852656430013,nan,upper,0.1
786,phase2,upper,-15.0,2,-15.000000000000009,-18.35838403817592,-17.137666601370878,-4.999233573733963,-2.499852656430013,nan,upper,0.1
787,phase2,upper,-15.0,2,-15.000000000000009,-18.35838403817592,-17.137666601370878,-4.999233573733963,-2.499852656430013,nan,upper,0.1
788,phase2,lower,-20.0,4,-15.000000000000009,-18.511897945759316,-17.181054638054448,-4.999307863657489,-2.4998703376584115,nan,upper,0.1
789,phase2,lower,-20.0,4,-15.000000000000009,-18.652196748834733,-17.219245025126813,-4.9993753605375995,-2.4998858971394022,nan,upper,0.1
790,phase2,upper,-15.0,2,-15.000000000000009,-18.652196748834733,-17.219245025126813,-4.9993753605375995,-2.4998858971394022,nan,upper,0.1
791,phase2,upper,-15.0,2,-15.000000000000009,-18.652196748834733,-17.219245025126813,-4.9993753605375995,-2.4998858971394022,nan,upper,0.1
792,phase2,upper,-15.0,2,-15.000000000000009,-18.652196748834733,-17.219245025126813,-4.9993753605375995,-2.4998858971394022,nan,upper,0.1
793,phase2,upper,-15.0,2,-15.000000000000009,-18.652196748834733,-17.219245025126813,-4.9993753605375995,-2.4998858971394022,nan,upper,0.1
794,phase2,upper,-15.0,2,-15.000000000000009,-18.652196748834733,-17.219245025126813,-4.9993753605375995,-2.4998858971394022,nan,upper,0.1
795,phase2,upper,-15.0,2,-15.000000000000009,-18.652196748834733,-17.219245025126813,-4.9993753605375995,-2.4998858971394022,nan,upper,0.1
796,phase2,upper,-15.0,2,-15.000000000000009,-18.652196748834733,-17.219245025126813,-4.9993753605375995,-2.4998858971394022,nan,upper,0.1
797,phase2,upper,-15.0,2,-15.000000000000009,-18.652196748834733,-17.219245025126813,-4.9993753605375995,-2.4998858971394022,nan,upper,0.1
798,phase2,upper,-15.0,2,-15.000000000000009,-18.652196748834733,-17.219245025126813,-4.9993753605375995,-2.4998858971394022,nan,upper,0.1
799,phase2,upper,-15.0,2,-15.000000000000009,-18.652196748834733,-17.219245025126813,-4.9993753605375995,-2.4998858971394022,nan,upper,0.1
