episode,phase,route,return,steps,q_start_right,q_start_down,q_shield_right,q_d1_right,q_d2_right,mood_M,greedy_route,epsilon
0,phase1,upper,-15.0,2,-1.25,0.0,0.0,0.0,0.0,-0.3375,lower,0.1
1,phase1,lower,-10.0,4,-1.25,-0.55375,-0.530125,-0.5135875000000001,-0.50201125,-0.27100875,lower,0.1
2,phase1,lower,-10.0,4,-1.25,-1.045295375,-1.0160688875,-0.9958017087500001,-0.932357849875,-0.239254559625,lower,0.1
3,phase1,lower,-10.0,4,-1.25,-1.5077018299125,-1.48148342702625,-1.458618989217125,-1.3083222471461124,-0.21751829514933751,upper,0.1
4,phase1,upper,-15.0,2,-2.6295164656344037,-1.5077018299125,-1.48148342702625,-1.458618989217125,-1.3083222471461124,-0.4125464646231754,lower,0.1
5,phase1,lower,-10.0,4,-2.6295164656344037,-2.126371807784733,-2.0558933590800095,-1.9891594382734477,-1.6978310966799806,-0.2460156125566561,lower,0.1
6,phase1,lower,-10.0,4,-2.6295164656344037,-2.590738014215251,-2.519806884795019,-2.43013563070929,-1.991758440405591,-0.19028430862796283,lower,0.1
7,phase1,lower,-10.0,4,-2.6295164656344037,-3.004900779038395,-2.9463037333277162,-2.8312015695774946,-2.2346789727558343,-0.16465553953623405,upper,0.1
8,phase1,upper,-15.0,2,-3.888294707247982,-3.004900779038395,-2.9463037333277162,-2.8312015695774946,-2.2346789727558343,-0.3518427773609355,lower,0.1
9,phase1,lower,-10.0,4,-3.888294707247982,-3.565699574092169,-3.472372346455895,-3.287246732126313,-2.498593160927755,-0.19259014172093958,lower,0.1
10,phase1,lower,-10.0,4,-3.888294707247982,-3.9796979788773874,-3.8901717391609494,-3.6513013513161674,-2.6799841818294157,-0.1410146895011731,upper,0.1
11,phase1,upper,-15.0,2,-5.052923551312826,-3.9796979788773874,-3.8901717391609494,-3.6513013513161674,-2.6799841818294157,-0.3090539505218945,lower,0.1
12,phase1,lower,-10.0,4,-5.052923551312826,-4.498893910375449,-4.376071480732921,-4.047070880145198,-2.873291072114726,-0.15894904779820218,lower,0.1
13,phase1,lower,-10.0,4,-5.052923551312826,-4.879665810429578,-4.7574931151866675,-4.353335069285046,-2.9933194290464566,-0.11119040661460551,lower,0.1
14,phase1,lower,-10.0,4,-5.052923551312826,-5.217519906858431,-5.101328603992148,-4.6178971433987925,-3.0801616105516936,-0.09111362500295933,upper,0.1
15,phase1,upper,-15.0,2,-6.100426290772381,-5.217519906858431,-5.101328603992148,-4.6178971433987925,-3.0801616105516936,-0.25616292678594504,lower,0.1
16,phase1,lower,-10.0,4,-6.100426290772381,-5.686447410679154,-5.528730936630569,-4.926592775766491,-3.196855020066338,-0.11848037323774911,lower,0.1
17,phase1,lower,-10.0,4,-6.100426290772381,-6.02730809918827,-5.856401410884632,-5.151380273091475,-3.2513994896822993,-0.07571766066002833,lower,0.1
18,phase1,upper,-15.0,2,-7.064051776421548,-6.02730809918827,-5.856401410884632,-5.151380273091475,-3.2513994896822993,-0.22349570180527983,lower,0.1
19,phase1,lower,-10.0,4,-7.064051776421548,-6.461363561982657,-6.239587108658444,-5.402428092117332,-3.326192187718764,-0.09407229631318216,lower,0.1
20,phase1,lower,-10.0,4,-7.064051776421548,-6.7738509833321,-6.526648789441884,-5.574245515937151,-3.3456233095098993,-0.054586721473001684,lower,0.1
21,phase1,lower,-10.0,4,-7.064051776421548,-7.048258813268779,-6.776623637384366,-5.7098190296148665,-3.3442931930096824,-0.039367467509748524,lower,0.1
22,phase1,lower,-10.0,4,-7.064051776421548,-7.306526016439111,-7.004910531389678,-5.8214398698921554,-3.332216072876839,-0.030945136896029027,upper,0.1
23,phase1,upper,-15.0,2,-7.919415381685031,-7.306526016439111,-7.004910531389678,-5.8214398698921554,-3.332216072876839,-0.17876539540127268,lower,0.1
24,phase1,lower,-10.0,4,-7.919415381685031,-7.687253323795313,-7.308542046246393,-5.978448789034718,-3.3584373322606074,-0.06015574744704651,lower,0.1
25,phase1,lower,-10.0,4,-7.919415381685031,-7.953522368742763,-7.520705636923044,-6.064656166891064,-3.338099256175276,-0.0251957244749713,upper,0.1
26,phase1,upper,-15.0,2,-8.704968733413283,-7.953522368742763,-7.520705636923044,-6.064656166891064,-3.338099256175276,-0.156104495569115,lower,0.1
27,phase1,lower,-10.0,4,-8.704968733413283,-8.300734741572995,-7.779260470369255,-6.178098986443208,-3.3434412514050287,-0.04419740519595966,lower,0.1
28,phase1,lower,-10.0,4,-8.704968733413283,-8.538364979128986,-7.950408881927604,-6.225787044839055,-3.3068690497482596,-0.011852702945197892,lower,0.1
29,phase1,lower,-10.0,4,-8.704968733413283,-8.740236802059526,-8.087039086449787,-6.24619512749031,-3.258481276418217,-0.0009154753423836551,upper,0.1
30,phase1,upper,-15.0,2,-9.406817666996297,-8.740236802059526,-8.087039086449787,-6.24619512749031,-3.258481276418217,-0.1262072703956313,lower,0.1
31,phase1,lower,-10.0,4,-9.406817666996297,-9.03850357385462,-8.282328932581624,-6.305782924910644,-3.2453163025667293,-0.02599912576660207,lower,0.1
32,phase1,lower,-10.0,4,-9.406817666996297,-9.236285322917261,-8.398137065733113,-6.308293434212148,-3.1966420935818975,0.0022481614211254455,lower,0.1
33,phase1,lower,-10.0,4,-9.406817666996297,-9.400447151919833,-8.482606357941735,-6.288620080850561,-3.139507544517697,0.011153971467687485,lower,0.1
34,phase1,lower,-10.0,4,-9.406817666996297,-9.548624498201104,-8.548899026770567,-6.256955105312376,-3.0813031462515115,0.01471583819118773,upper,0.1
35,phase1,upper,-15.0,2,-10.036246687231667,-9.548624498201104,-8.548899026770567,-6.256955105312376,-3.0813031462515115,-0.10274411456175958,lower,0.1
36,phase1,lower,-10.0,4,-10.036246687231667,-9.791121654163634,-8.67494083907003,-6.268672766638618,-3.0604282287943465,-0.011537325631999322,lower,0.1
37,phase1,lower,-10.0,4,-10.036246687231667,-9.939887165723071,-8.728945664967522,-6.231621218096985,-3.0089038370630727,0.013298511526371997,lower,0.1
38,phase1,lower,-10.0,4,-10.036246687231667,-10.05682435527378,-8.755639737498456,-6.177920281980679,-2.95149964545981,0.020333410142857743,upper,0.1
39,phase1,upper,-15.0,2,-10.605766567164647,-10.05682435527378,-8.755639737498456,-6.177920281980679,-2.95149964545981,-0.08604543299751005,lower,0.1
40,phase1,lower,-10.0,4,-10.605766567164647,-10.254146783194006,-8.834444430055175,-6.16378343970556,-2.9276899786916433,-0.0030530200189501956,lower,0.1
41,phase1,lower,-10.0,4,-10.605766567164647,-10.364924265897178,-8.848469770097404,-6.107330254218763,-2.8770557698053185,0.018948085707429507,lower,0.1
42,phase1,lower,-10.0,4,-10.605766567164647,-10.446225539180515,-8.838974253127265,-6.038024943081103,-2.822238277858203,0.024620940290391413,lower,0.1
43,phase1,lower,-10.0,4,-10.605766567164647,-10.513341564313839,-8.817472345016265,-5.964335761213097,-2.7692108493693635,0.02584772666031651,lower,0.1
44,phase1,lower,-10.0,4,-10.605766567164647,-10.570491688389795,-8.787586149918916,-5.889087806564114,-2.7195065673874197,0.025796589849419918,lower,0.1
45,phase1,lower,-10.0,4,-10.605766567164647,-10.61898420367823,-8.750846014439587,-5.813547016575171,-2.6734693509410157,0.025319187905359846,upper,0.1
46,phase1,upper,-15.0,2,-11.119292931125267,-10.61898420367823,-8.750846014439587,-5.813547016575171,-2.6734693509410157,-0.07115237393464437,lower,0.1
47,phase1,lower,-10.0,4,-11.119292931125267,-10.746207521295544,-8.769002379122528,-5.781052562197984,-2.660899637405152,0.0014884637607121744,lower,0.1
48,phase1,lower,-10.0,4,-11.119292931125267,-10.7971473896936,-8.733385126422153,-5.715087034956194,-2.6253003803614754,0.020000883913502153,lower,0.1
49,phase1,lower,-10.0,4,-11.119292931125267,-10.822770367844305,-8.68073317930172,-5.6415388244454565,-2.5866474211153845,0.02407683901857801,lower,0.1
50,phase1,lower,-10.0,4,-11.119292931125267,-10.836897493873325,-8.62131033114374,-5.567639047660682,-2.5501131655976974,0.024275710838243897,lower,0.1
51,phase1,lower,-10.0,4,-11.119292931125267,-10.843490637845946,-8.558328651573643,-5.495607148945087,-2.516933132865719,0.023412396435204347,lower,0.1
52,phase1,lower,-10.0,4,-11.119292931125267,-10.84390328242703,-8.493107317927254,-5.426281838397708,-2.4872950848873945,0.022242787635112633,lower,0.1
53,phase1,lower,-10.0,4,-11.119292931125267,-10.838805177105451,-8.426440322722685,-5.360089762023248,-2.461107553337477,0.020975092705315987,lower,0.1
54,phase1,lower,-10.0,4,-11.119292931125267,-10.82869110823239,-8.358957107180059,-5.297306364384908,-2.438204654630379,0.01967156033495225,lower,0.1
55,phase1,lower,-10.0,4,-11.119292931125267,-10.8140133038257,-8.29121613186111,-5.238128492626383,-2.4184010524558186,0.018355245970095715,lower,0.1
56,phase1,lower,-10.0,4,-11.119292931125267,-10.795213865256155,-8.223728039333434,-5.182696852327045,-2.4015070789280353,0.01703837357094251,lower,0.1
57,phase1,lower,-10.0,4,-11.119292931125267,-10.772730746450035,-8.156960627983189,-5.1311050280832475,-2.38733325432073,0.01572985870134228,lower,0.1
58,phase1,lower,-10.0,4,-11.119292931125267,-10.746996861772143,-8.091339463812744,-5.083404826583382,-2.3756919741105396,0.014437295790380047,lower,0.1
59,phase1,lower,-10.0,4,-11.119292931125267,-10.71843755576486,-8.027247753996965,-5.039610533865915,-2.3663984244535907,0.013167477636789961,lower,0.1
60,phase1,lower,-10.0,4,-11.119292931125267,-10.68746784571496,-7.965026396424949,-4.999702773089906,-2.3592712701697556,0.01192652860797787,lower,0.1
61,phase1,lower,-10.0,4,-11.119292931125267,-10.654489825038779,-7.904974401937588,-4.9636321424601455,-2.3541332563375144,0.010719938961410637,lower,0.1
62,phase1,lower,-10.0,4,-11.119292931125267,-10.61989033766339,-7.847349698020423,-4.931322678263397,-2.350811757869312,0.009552576561365043,lower,0.1
63,phase1,lower,-10.0,4,-11.119292931125267,-10.584038954793865,-7.7923702755407005,-4.902675152337736,-2.349139283511363,0.0084286960690933,lower,0.1
64,phase1,lower,-10.0,4,-11.119292931125267,-10.547286260406365,-7.74021563035704,-4.877570204124264,-2.3489539337703302,0.007351950697482651,lower,0.1
65,phase1,lower,-10.0,4,-11.119292931125267,-10.509962441773698,-7.6910284517830165,-4.855871305415063,-2.350099810922076,0.0063254076018374565,lower,0.1
66,phase1,lower,-10.0,4,-11.119292931125267,-10.472376175932975,-7.644916512627315,-4.837427555850595,-2.3524273793979393,0.005351566885829207,lower,0.1
67,phase1,lower,-10.0,4,-11.119292931125267,-10.434813799405163,-7.601954718902318,-4.82207630773923,-2.3557937753676543,0.004432383896764569,lower,0.1
68,phase1,lower,-10.0,4,-11.119292931125267,-10.39753874584779,-7.562187280757471,-4.809645619480691,-2.3600630649418903,0.0035692943969175446,lower,0.1
69,phase1,lower,-10.0,4,-11.119292931125267,-10.360791234381532,-7.525629969602297,-4.799956537653091,-2.3651064510135495,0.0027632421748194844,lower,0.1
70,phase1,upper,-15.0,2,-11.604963340123119,-10.360791234381532,-7.525629969602297,-4.799956537653091,-2.3651064510135495,-0.07113306397461334,lower,0.1
71,phase1,upper,-15.0,2,-12.11157088531968,-10.360791234381532,-7.525629969602297,-4.799956537653091,-2.3651064510135495,-0.0968734002581201,lower,0.1
72,phase1,lower,-10.0,4,-12.11157088531968,-10.414461168135917,-7.555043514420952,-4.836764967936012,-2.401560260835739,-0.021908049187906103,lower,0.1
73,phase1,lower,-10.0,4,-12.11157088531968,-10.398236647033535,-7.537313454110534,-4.840219432507545,-2.4110361623575502,-0.0026669136457827375,lower,0.1
74,phase1,lower,-10.0,4,-12.11157088531968,-10.36454455002244,-7.509539281338157,-4.83633422748081,-2.4141677832195305,0.001814789350265562,lower,0.1
75,phase1,lower,-10.0,4,-12.11157088531968,-10.327410712738773,-7.48149031640728,-4.831931124918934,-2.416321990207499,0.0024253782555358257,lower,0.1
76,phase1,lower,-10.0,4,-12.11157088531968,-10.29063583267564,-7.455666558256507,-4.828724625976248,-2.4188164347194614,0.002057825847449007,lower,0.1
77,phase1,lower,-10.0,4,-12.11157088531968,-10.255286861971022,-7.432631764335271,-4.827067954193756,-2.4219011732238123,0.0014795292822415455,lower,0.1
78,phase1,lower,-10.0,4,-12.11157088531968,-10.221689775853429,-7.412431592237143,-4.826950399464156,-2.4255509391724193,0.0008926815415015305,lower,0.1
79,phase1,lower,-10.0,4,-12.11157088531968,-10.189960544104448,-7.394971112631058,-4.828263808999962,-2.4296754087227863,0.0003490899225880575,lower,0.1
80,phase1,lower,-10.0,4,-12.11157088531968,-10.16014742002678,-7.380115740966937,-4.8308746228634964,-2.4341747387669,-0.00013952622884404664,lower,0.1
81,phase1,lower,-10.0,4,-12.11157088531968,-10.132269825726755,-7.367718675346149,-4.834644056597733,-2.4389539635203294,-0.000572190104863572,lower,0.1
82,phase1,lower,-10.0,4,-12.11157088531968,-10.106329681783071,-7.3576288121770945,-4.839434351677836,-2.4439264477266978,-0.0009508437509242436,lower,0.1
83,phase1,lower,-10.0,4,-12.11157088531968,-10.082315354198304,-7.3496934742108895,-4.845111186507847,-2.4490144272049346,-0.0012782476522374643,lower,0.1
84,phase1,lower,-10.0,4,-12.11157088531968,-10.060203589086576,-7.343759750701834,-4.851544942492448,-2.454148774323687,-0.0015574037254878004,lower,0.1
85,phase1,lower,-10.0,4,-12.11157088531968,-10.03996086860104,-7.339675450591565,-4.8586115523513875,-2.4592685590238323,-0.0017913850955780638,lower,0.1
86,phase1,upper,-15.0,2,-12.511233006138406,-10.03996086860104,-7.339675450591565,-4.8586115523513875,-2.4592685590238323,-0.05170616345629933,lower,0.1
87,phase1,lower,-10.0,4,-12.511233006138406,-10.066467873910764,-7.3687362374587595,-4.888205551449996,-2.47972925120356,-0.013967813959815716,lower,0.1
88,phase1,lower,-10.0,4,-12.511233006138406,-10.059265742829396,-7.374144137468362,-4.900306270930452,-2.4862913106301194,-0.004135332667049842,lower,0.1
89,phase1,lower,-10.0,4,-12.511233006138406,-10.044475381693639,-7.374367327050065,-4.907936035868741,-2.489305658316824,-0.0016895219308757903,lower,0.1
90,phase1,lower,-10.0,4,-12.511233006138406,-10.02898514596707,-7.374195679273008,-4.914509390190407,-2.4914775467450396,-0.0011782946748604638,lower,0.1
91,phase1,lower,-10.0,4,-12.511233006138406,-10.014566664505038,-7.37479006040917,-4.920888783071736,-2.4934857363556167,-0.001154741374933971,lower,0.1
92,phase1,lower,-10.0,4,-12.511233006138406,-10.00162827133289,-7.376353451431047,-4.927260607040948,-2.495475770507296,-0.0012365672994078696,lower,0.1
93,phase1,lower,-10.0,4,-12.511233006138406,-9.990213699912173,-7.378840784253314,-4.933634248671944,-2.4974564905692107,-0.0013244024168378326,lower,0.1
94,phase1,lower,-10.0,4,-12.511233006138406,-9.980268370521442,-7.382147435494995,-4.939975009760847,-2.499405017872939,-0.001393998007873232,lower,0.1
95,phase1,lower,-10.0,4,-12.511233006138406,-9.971710875225883,-7.386159146420827,-4.946239622526706,-2.501294254672927,-0.0014409794761420219,lower,0.1
96,phase1,lower,-10.0,4,-12.511233006138406,-9.964452583873905,-7.3907651144236475,-4.952385802870749,-2.5030998062641774,-0.0014661545164569305,lower,0.1
97,phase1,lower,-10.0,4,-12.511233006138406,-9.95840337599369,-7.395861298938568,-4.958374842767311,-2.504801451419436,-0.0014716036422672317,lower,0.1
98,phase1,lower,-10.0,4,-12.511233006138406,-9.953473611566219,-7.401351127535582,-4.964172301265798,-2.5063831830543917,-0.0014596383950052118,lower,0.1
99,phase1,lower,-10.0,4,-12.511233006138406,-9.94957503771866,-7.407145510028629,-4.9697481467193905,-2.5078328886495584,-0.0014325230977283924,lower,0.1
100,phase1,lower,-10.0,4,-12.511233006138406,-9.946621355737612,-7.413162666001643,-4.975076716715814,-2.5091419548791025,-0.0013924006362351308,lower,0.1
101,phase1,lower,-10.0,4,-12.511233006138406,-9.944528647336627,-7.419327898851018,-4.980136599345996,-2.510304871991298,-0.0013412733759312272,lower,0.1
102,phase1,lower,-10.0,4,-12.511233006138406,-9.943215718526403,-7.425573350918241,-4.984910468936298,-2.511318857781632,-0.0012809994987327625,lower,0.1
103,phase1,lower,-10.0,4,-12.511233006138406,-9.942604381314446,-7.431837748478828,-4.989384890038466,-2.512183506054637,-0.001213294084126238,lower,0.1
104,phase1,lower,-10.0,4,-12.511233006138406,-9.942619682706598,-7.43806613882123,-4.9935500977927,-2.5129004603884413,-0.0011397319933473381,lower,0.1
105,phase1,lower,-10.0,4,-12.511233006138406,-9.943190087112074,-7.444209620189281,-4.997399760774137,-2.5134731128449856,-0.0010617516847602091,lower,0.1
106,phase1,lower,-10.0,4,-12.511233006138406,-9.94424761693608,-7.4502250652022495,-5.000930731445151,-2.5139063268911506,-0.000980659649611028,lower,0.1
107,phase1,lower,-10.0,4,-12.511233006138406,-9.945727955447348,-7.4560748385089815,-5.004142788656019,-2.5142061836454648,-0.0008976353159326383,lower,0.1
108,phase1,lower,-10.0,4,-12.511233006138406,-9.94757051553785,-7.461726509615388,-5.007038376073124,-2.514379750488346,-0.0008137363186355197,lower,0.1
109,phase1,lower,-10.0,4,-12.511233006138406,-9.949718477632375,-7.467152561981996,-5.00962233991359,-2.5144348710279822,-0.0007299040541602678,lower,0.1
110,phase1,lower,-10.0,4,-12.511233006138406,-9.95211879971608,-7.472330099606716,-5.011901668911275,-2.5143799753856446,-0.0006469694495186717,lower,0.1
111,phase1,lower,-10.0,4,-12.511233006138406,-9.95472220220971,-7.477240552387416,-5.013885239025106,-2.514223909748364,-0.0005656588838734956,lower,0.1
112,phase1,lower,-10.0,4,-12.511233006138406,-9.957483130222966,-7.481869381602823,-5.015583565022796,-2.513975784130811,-0.0004866002076581576,lower,0.1
113,phase1,lower,-10.0,4,-12.511233006138406,-9.960359695547844,-7.486205786862901,-5.017008560728593,-2.5136448372901428,-0.0004103288101750376,lower,0.1
114,phase1,lower,-10.0,4,-12.511233006138406,-9.963313600608506,-7.490242415865388,-5.018173309410263,-2.513240317746151,-0.0003372936918688814,lower,0.1
115,phase1,lower,-10.0,4,-12.511233006138406,-9.966310046456876,-7.493975078257689,-5.019091845496033,-2.512771379873131,-0.00026786350218982403,lower,0.1
116,phase1,upper,-15.0,2,-12.869497253030048,-9.966310046456876,-7.493975078257689,-5.019091845496033,-2.512771379873131,-0.042572177655350485,lower,0.1
117,phase1,lower,-10.0,4,-12.869497253030048,-10.007391509526773,-7.524054182763016,-5.038435151096222,-2.525306335827736,-0.010359598336408803,lower,0.1
118,phase1,lower,-10.0,4,-12.869497253030048,-10.018381415353165,-7.532468718725652,-5.042394063104892,-2.5261114797075757,-0.0018353035072005443,lower,0.1
119,phase1,lower,-10.0,4,-12.869497253030048,-10.021441918846893,-7.53499785156417,-5.042109407943815,-2.524001224210149,0.0003937613564143419,lower,0.1
120,phase1,lower,-10.0,4,-12.869497253030048,-10.022443126897848,-7.5358269477309605,-5.040573159962877,-2.521304380103025,0.0009508202599449566,lower,0.1
121,phase1,lower,-10.0,4,-12.869497253030048,-10.022925770747209,-7.536063915352881,-5.038608072186263,-2.5186269381830666,0.0010645788883785123,lower,0.1
122,phase1,lower,-10.0,4,-12.869497253030048,-10.023281464208237,-7.536002376240894,-5.036457482663717,-2.516118020461115,0.0010614267372157334,lower,0.1
123,phase1,lower,-10.0,4,-12.869497253030048,-10.023598271348009,-7.535722652663613,-5.034208160363178,-2.5138062896793385,0.0010279296304620566,lower,0.1
124,phase1,lower,-10.0,4,-12.869497253030048,-10.023885572812153,-7.535250966061899,-5.0319029158425135,-2.5116892699863445,0.0009869370320935516,lower,0.1
125,phase1,lower,-10.0,4,-12.869497253030048,-10.024133868808244,-7.534601256327485,-5.02957072060224,-2.509756993091334,0.0009443946856606292,lower,0.1
126,phase1,lower,-10.0,4,-12.869497253030048,-10.024330652343073,-7.533785853566014,-5.027234878954305,-2.507998194911615,0.000901786692084281,lower,0.1
127,phase1,lower,-10.0,4,-12.869497253030048,-10.024464564442491,-7.5328179209218495,-5.024915349607424,-2.5064018822914726,0.0008594405032224437,lower,0.1
128,phase1,lower,-10.0,4,-12.869497253030048,-10.024526403637527,-7.53171175689832,-5.022629498625879,-2.5049576774698292,0.0008174027073523225,lower,0.1
129,phase1,lower,-10.0,4,-12.869497253030048,-10.02450927652699,-7.530482571903486,-5.020392424119604,-2.5036558458781646,0.0007756688699585403,lower,0.1
130,phase1,lower,-10.0,4,-12.869497253030048,-10.024408504081677,-7.529146164712189,-5.018217157616259,-2.5024872476023887,0.0007342415780911362,lower,0.1
131,phase1,lower,-10.0,4,-12.869497253030048,-10.024221452724445,-7.527718608645422,-5.01611482467326,-2.501443275912647,0.0006931428176848277,lower,0.1
132,phase1,lower,-10.0,4,-12.869497253030048,-10.023947339780626,-7.526215973482931,-5.014094787894258,-2.5005157991727875,0.0006524142818423353,lower,0.1
133,phase1,lower,-10.0,4,-12.869497253030048,-10.023587030297199,-7.524654087036465,-5.012164779489898,-2.49969710988748,0.0006121145947616425,lower,0.1
134,phase1,lower,-10.0,4,-12.869497253030048,-10.02314283283584,-7.523048334619069,-5.010331026061981,-2.498979881292094,0.0005723158795649292,lower,0.1
135,phase1,lower,-10.0,4,-12.869497253030048,-10.022618298722554,-7.5214134933073815,-5.008598366934766,-2.4983571309989387,0.0005331003440537344,lower,0.1
136,phase1,lower,-10.0,4,-12.869497253030048,-10.022018027871388,-7.519763597707157,-5.0069703668550485,-2.497822190988483,0.0004945570826274182,lower,0.1
137,phase1,lower,-10.0,4,-12.869497253030048,-10.0213474834806,-7.518111834045456,-5.005449423631842,-2.4973686831956527,0.00045677915830713036,lower,0.1
138,phase1,lower,-10.0,4,-12.869497253030048,-10.020612817294609,-7.516470459599613,-5.004036871123917,-2.496990499959297,0.000419860986706857,lower,0.1
139,phase1,lower,-10.0,4,-12.869497253030048,-10.019820706637073,-7.5148507446726525,-5.002733077863039,-2.4966817886408306,0.0003838960274184633,lower,0.1
140,phase1,lower,-10.0,4,-12.869497253030048,-10.018978204015955,-7.513262934521379,-5.00153754150774,-2.496436939764593,0.0003489747797896667,lower,0.1
141,phase1,lower,-10.0,4,-12.869497253030048,-10.018092599764687,-7.511716228832394,-5.000448979250722,-2.4962505780831767,0.0003151830745710619,lower,0.1
142,phase1,lower,-10.0,4,-12.869497253030048,-10.017171297904344,-7.510218776522074,-4.999465414248756,-2.4961175560236875,0.000282600648962127,lower,0.1
143,phase1,lower,-10.0,4,-12.869497253030048,-10.016221705182051,-7.508777683808575,-4.998584258104552,-2.496032949024054,0.0002512999896942144,lower,0.1
144,phase1,lower,-10.0,4,-12.869497253030048,-10.015251133053978,-7.507399033667581,-4.99780238940308,-2.4959920523210792,0.00022134542671988834,lower,0.1
145,phase1,lower,-10.0,4,-12.869497253030048,-10.01426671223129,-7.506087914938865,-4.997116228288151,-2.4959903788030475,0.00019279245868401444,lower,0.1
146,phase1,lower,-10.0,4,-12.869497253030048,-10.013275319289232,-7.504848459497928,-4.996521807056965,-2.496023657588772,0.00016568729051318152,lower,0.1
147,phase1,lower,-10.0,4,-12.869497253030048,-10.01228351474864,-7.503683886046443,-4.996014836749068,-2.496087833041499,0.0001400665630820865,lower,0.1
148,phase1,lower,-10.0,4,-12.869497253030048,-10.011297491971646,-7.502596549207004,-4.995590769710492,-2.496179063969771,0.00011595725491695918,lower,0.1
149,phase1,lower,-10.0,4,-12.869497253030048,-10.010323036165756,-7.50158799273211,-4.995244858122343,-2.496293722807941,9.33767362007183e-05,lower,0.1
150,phase1,lower,-10.0,4,-12.869497253030048,-10.00936549275981,-7.500659005754618,-4.99497220849488,-2.496428394606441,7.233295589827084e-05,lower,0.1
151,phase1,lower,-10.0,4,-12.869497253030048,-10.008429744398983,-7.499809681117288,-4.994767832142074,-2.4965798756960353,5.282474356320331e-05,lower,0.1
152,phase1,lower,-10.0,4,-12.869497253030048,-10.007520195801606,-7.499039474922716,-4.994626691667204,-2.4967451719212024,3.4842208281682255e-05,lower,0.1
153,phase1,lower,-10.0,4,-12.869497253030048,-10.006640765726264,-7.4983472665422175,-4.994543743506241,-2.4969214963654864,1.836721821033596e-05,lower,0.1
154,phase1,lower,-10.0,4,-12.869497253030048,-10.00579488531147,-7.497731418413178,-4.994513976592385,-2.4971062665162913,3.373945245429275e-06,lower,0.1
155,phase1,lower,-10.0,4,-12.869497253030048,-10.00498550207092,-7.4971898350393404,-4.994532447221384,-2.497297100838233,-1.0170539510781542e-05,lower,0.1
156,phase1,lower,-10.0,4,-12.869497253030048,-10.00421508885332,-7.496720020687584,-4.994594310213011,-2.4974918147430247,-2.2305632664470262e-05,lower,0.1
157,phase1,lower,-10.0,4,-12.869497253030048,-10.003485657106145,-7.49631913534823,-4.994694846478872,-2.497688415960034,-3.3076539840642925e-05,lower,0.1
158,phase1,upper,-15.0,2,-13.190492620914668,-10.003485657106145,-7.49631913534823,-4.994694846478872,-2.497688415960034,-0.0350443860037317,lower,0.1
159,phase1,lower,-10.0,4,-13.190492620914668,-10.034308952333712,-7.518041173556181,-5.010269474593937,-2.508693090556886,-0.008448749004530864,lower,0.1
160,phase1,lower,-10.0,4,-13.190492620914668,-10.040286048560036,-7.522147485505818,-5.013320437610354,-2.5100272401262824,-0.0014530084361374224,lower,0.1
161,phase1,lower,-10.0,4,-13.190492620914668,-10.039779899847138,-7.5216904348285745,-5.013050745447382,-2.508977339091388,0.00033751044332859916,lower,0.1
162,phase1,lower,-10.0,4,-13.190492620914668,-10.037667193946286,-7.520125418755657,-5.011919400204131,-2.5074628199852818,0.0007490419926052716,lower,0.1
163,phase1,lower,-10.0,4,-13.190492620914668,-10.035238878633878,-7.518359292515016,-5.010590312611513,-2.505977809621332,0.0007984511059978035,lower,0.1
164,phase1,lower,-10.0,4,-13.190492620914668,-10.032832314026592,-7.516623621502678,-5.009248158739709,-2.5046388585775134,0.0007557999077284385,lower,0.1
165,phase1,lower,-10.0,4,-13.190492620914668,-10.030531224857246,-7.514972286586366,-5.007948439180878,-2.5034633689355554,0.0006926353672638378,lower,0.1
166,phase1,lower,-10.0,4,-13.190492620914668,-10.02835195919962,-7.513413450231127,-5.006710772146115,-2.502443523138214,0.0006277413265664933,lower,0.1
167,phase1,lower,-10.0,4,-13.190492620914668,-10.02629314110886,-7.51194436564474,-5.0055439031925095,-2.501565854264208,0.0005658852409564256,lower,0.1
168,phase1,lower,-10.0,4,-13.190492620914668,-10.024348966845588,-7.510560394760183,-5.0044525385659355,-2.5008163697031027,0.0005081193993477892,lower,0.1
169,phase1,lower,-10.0,4,-13.190492620914668,-10.022512802177634,-7.509257202472863,-5.003439324894881,-2.500181838424156,0.0004545199978102318,lower,0.1
170,phase1,upper,-15.0,2,-13.476826237691741,-10.022512802177634,-7.509257202472863,-5.003439324894881,-2.500181838424156,-0.0282556649438738,lower,0.1
171,phase1,lower,-10.0,4,-13.476826237691741,-10.046617340656644,-7.526118582437677,-5.015166710959031,-2.508512896744887,-0.0064883998630557785,lower,0.1
172,phase1,lower,-10.0,4,-13.476826237691741,-10.050407024711497,-7.528557620731625,-5.016679586816963,-2.509006734182158,-0.0007908230734667954,lower,0.1
173,phase1,lower,-10.0,4,-13.476826237691741,-10.04893382507963,-7.527278101968987,-5.015527393877966,-2.507629458369941,0.0006408927763546803,lower,0.1
174,phase1,lower,-10.0,4,-13.476826237691741,-10.046191449269847,-7.525114564186794,-5.013728404327543,-2.5059468310744952,0.0009441915521160326,lower,0.1
175,phase1,lower,-10.0,4,-13.476826237691741,-10.043233988364637,-7.522812031625794,-5.011828079083486,-2.5043565279460864,0.0009527760596475204,lower,0.1
176,phase1,lower,-10.0,4,-13.476826237691741,-10.04033429423707,-7.520561994622036,-5.009978208026435,-2.50294724211045,0.0008879659814039744,lower,0.1
177,phase1,lower,-10.0,4,-13.476826237691741,-10.037557894892302,-7.518410345304585,-5.008224059736231,-2.5017269456306503,0.0008083068056783306,lower,0.1
178,phase1,lower,-10.0,4,-13.476826237691741,-10.03491566380842,-7.516365499621304,-5.0065809666268155,-2.5006834617975344,0.0007290889122924866,lower,0.1
179,phase1,lower,-10.0,4,-13.476826237691741,-10.032404467368645,-7.514426865874059,-5.005054907439579,-2.4998004668943743,0.0006541195276867614,lower,0.1
180,phase1,lower,-10.0,4,-13.476826237691741,-10.030017999644269,-7.5125921794878145,-5.00364817712737,-2.499061649929834,0.000584168665244262,lower,0.1
181,phase1,lower,-10.0,4,-13.476826237691741,-10.027749665829903,-7.510859255848442,-5.002361069961554,-2.498451730590274,0.0005192139896768801,lower,0.1
182,phase1,lower,-10.0,4,-13.476826237691741,-10.025593332241048,-7.509226291376757,-5.001192482887383,-2.4979566481722917,0.0004590369746730182,lower,0.1
183,phase1,lower,-10.0,4,-13.476826237691741,-10.023543494877412,-7.50769180713044,-5.0001402142084945,-2.49756353617259,0.0004033805870920207,lower,0.1
184,phase1,lower,-10.0,4,-13.476826237691741,-10.021595283574332,-7.506254522499209,-4.999201165658686,-2.497260645726009,0.00035199028576141995,lower,0.1
185,phase1,lower,-10.0,4,-13.476826237691741,-10.019744416209633,-7.504913232386099,-4.998371504930383,-2.4970372610007012,0.00030462393499652396,lower,0.1
186,phase1,lower,-10.0,4,-13.476826237691741,-10.017987136285782,-7.503666704598245,-4.997646805366513,-2.496883617694898,0.0002610534344802323,lower,0.1
187,phase1,lower,-10.0,4,-13.476826237691741,-10.016320145025997,-7.502513599355785,-4.997022168596595,-2.4967908272563446,0.00022106416234075521,lower,0.1
188,phase1,lower,-10.0,4,-13.476826237691741,-10.014740532712867,-7.501452409124496,-4.996492332823312,-2.4967508071670435,0.00018445387832019268,lower,0.1
189,phase1,lower,-10.0,4,-13.476826237691741,-10.013245711863542,-7.50048141621415,-4.996051768501394,-2.496756217028216,0.0001510315433293655,lower,0.1
190,phase1,lower,-10.0,4,-13.476826237691741,-10.011833353909607,-7.499598665588043,-4.9956947627674495,-2.49680040002498,0.00012061618894635936,lower,0.1
191,phase1,lower,-10.0,4,-13.476826237691741,-10.010501330507399,-7.498801950522266,-4.995415493768444,-2.496877329321104,9.303587959889718e-05,lower,0.1
192,phase1,lower,-10.0,4,-13.476826237691741,-10.009247660217246,-7.498088808983138,-4.995208095886735,-2.496981558943033,6.812678204715761e-05,lower,0.1
193,phase1,lower,-10.0,4,-13.476826237691741,-10.008070460989993,-7.497456528817487,-4.995066716739554,-2.497108178734283,4.5732346194364966e-05,lower,0.1
194,phase1,lower,-10.0,4,-13.476826237691741,-10.006967908661167,-7.496902160062933,-4.9949855667301915,-2.4972527729885265,2.5702596061140962e-05,lower,0.1
195,phase1,lower,-10.0,4,-13.476826237691741,-10.005938201464888,-7.496422532881988,-4.994958961842671,-2.4974113823993016,7.893526612169955e-06,lower,0.1
196,phase1,upper,-15.0,2,-13.732062679657593,-10.005938201464888,-7.496422532881988,-4.994958961842671,-2.4974113823993016,-0.02271942588862548,lower,0.1
197,phase1,lower,-10.0,4,-13.732062679657593,-10.02543411790636,-7.510332491036153,-5.005004108160939,-2.504596392498224,-0.005464662791573162,lower,0.1
198,phase1,lower,-10.0,4,-13.732062679657593,-10.028842151731755,-7.512834646381827,-5.006943965800274,-2.505512185369432,-0.0009318887636328758,lower,0.1
199,phase1,lower,-10.0,4,-13.732062679657593,-10.028080101084033,-7.5124004656003125,-5.0067501604751365,-2.5048868696634186,0.0002229966925819905,lower,0.1
200,phase1,lower,-10.0,4,-13.732062679657593,-10.026311440512337,-7.511271597013407,-5.006016586503514,-2.503964802421845,0.00048367963730514804,lower,0.1
201,phase1,lower,-10.0,4,-13.732062679657593,-10.024372144488868,-7.510035302016444,-5.005171967049399,-2.5030653152772913,0.0005101716633867871,lower,0.1
202,phase1,lower,-10.0,4,-13.732062679657593,-10.022479305744579,-7.508840465625051,-5.004334039801795,-2.5022628207024407,0.0004777084949689659,lower,0.1
203,phase1,lower,-10.0,4,-13.732062679657593,-10.020685484087153,-7.507720618007667,-5.003536800870092,-2.501567533801276,0.00043266615623350086,lower,0.1
204,phase1,lower,-10.0,4,-13.732062679657593,-10.018999597938594,-7.506679605231336,-5.002791069356694,-2.5009734468457294,0.0003871743504753321,lower,0.1
205,phase1,lower,-10.0,4,-13.732062679657593,-10.017419141752441,-7.505714191999977,-5.0021007248862555,-2.500471018799821,0.0003442682419661771,lower,0.1
206,phase1,lower,-10.0,4,-13.732062679657593,-10.015938805359426,-7.50481992265285,-5.001467144820513,-2.500050488235536,0.00030457509623037693,lower,0.1
207,phase1,lower,-10.0,4,-13.732062679657593,-10.01455279950216,-7.503992552725913,-5.000890489659951,-2.4997026970327427,0.0002680920531415325,lower,0.1
208,phase1,lower,-10.0,4,-13.732062679657593,-10.013255491976707,-7.503228321762879,-5.000370137434943,-2.499419255854933,0.00023465872451016692,lower,0.1
209,phase1,lower,-10.0,4,-13.732062679657593,-10.012041582103265,-7.50252393473787,-4.999904880285538,-2.499192538172796,0.00020408263970402113,lower,0.1
210,phase1,lower,-10.0,4,-13.732062679657593,-10.010906142990992,-7.501876480750758,-4.999493047624735,-2.4990156322038026,0.0001761722631836017,lower,0.1
211,phase1,lower,-10.0,4,-13.732062679657593,-10.009844621730103,-7.501283348031863,-4.999132600803835,-2.498882285071892,0.0001507453417485903,lower,0.1
212,phase1,lower,-10.0,4,-13.732062679657593,-10.008852823552706,-7.500742149353906,-4.998821212286876,-2.498786848179305,0.00012763062968831646,lower,0.1
213,phase1,lower,-10.0,4,-13.732062679657593,-10.007926888566107,-7.500250660147132,-4.998556333725259,-2.4987242260248683,0.00010666781821728741,lower,0.1
214,phase1,lower,-10.0,4,-13.732062679657593,-10.007063264687815,-7.499806768612155,-4.998335254916877,-2.498689828887631,8.770697444102021e-05,lower,0.1
215,phase1,lower,-10.0,4,-13.732062679657593,-10.00625867880325,-7.4994084364546865,-4.998155154892621,-2.498679529301147,7.060785374551539e-05,lower,0.1
216,phase1,lower,-10.0,4,-13.732062679657593,-10.005510107500024,-7.499053668807209,-4.998013146087408,-2.4986896221078165,5.523919486875231e-05,lower,0.1
217,phase1,lower,-10.0,4,-13.732062679657593,-10.00481474835536,-7.498740491997755,-4.997906312399783,-2.4987167878468197,4.147803562404645e-05,lower,0.1
218,phase1,lower,-10.0,4,-13.732062679657593,-10.004169992487538,-7.498466937953859,-4.997831741836473,-2.4987580592235976,2.920906538010248e-05,lower,0.1
219,phase1,lower,-10.0,4,-13.732062679657593,-10.003573398875329,-7.498231034158522,-4.997786554351497,-2.498810790414108,1.8324022253218754e-05,lower,0.1
220,phase1,lower,-10.0,4,-13.732062679657593,-10.003022670783619,-7.498030798196447,-4.997767925416007,-2.498872628967162,8.721138950613419e-06,lower,0.1
221,phase1,lower,-10.0,4,-13.732062679657593,-10.002515634499847,-7.49786423604101,-4.997773105791875,-2.4989414900808544,3.046386971234378e-07,lower,0.1
222,phase1,lower,-10.0,4,-13.732062679657593,-10.002050220479136,-7.497729343335329,-4.997799437927509,-2.499015533043287,-7.015719088045707e-06,lower,0.1
223,phase1,lower,-10.0,4,-13.732062679657593,-10.001624446911933,-7.49762410901469,-4.997844369347176,-2.4990931396427465,-1.332504498105216e-05,lower,0.1
224,phase1,lower,-10.0,4,-13.732062679657593,-10.001236405662691,-7.497546520703051,-4.9979054633642885,-2.4991728943677414,-1.8703680149463443e-05,lower,0.1
225,phase1,lower,-10.0,4,-13.732062679657593,-10.000884250478862,-7.497494571393759,-4.997980407413696,-2.499253566232404,-2.3227514529636237e-05,lower,0.1
226,phase1,upper,-15.0,2,-13.958401947826587,-10.000884250478862,-7.497494571393759,-4.997980407413696,-2.499253566232404,-0.017680848385859066,lower,0.1
227,phase1,lower,-10.0,4,-13.958401947826587,-10.016458046117625,-7.508590568143546,-5.005854030071561,-2.504784999640464,-0.004266563037372888,lower,0.1
228,phase1,lower,-10.0,4,-13.958401947826587,-10.019511205053853,-7.510792427144593,-5.007406099466279,-2.5054389165612574,-0.0007372186989948081,lower,0.1
229,phase1,lower,-10.0,4,-13.958401947826587,-10.019302824092021,-7.510682835153578,-5.007278278872234,-2.5048901393542162,0.0001669673697720209,lower,0.1
230,phase1,lower,-10.0,4,-13.958401947826587,-10.018290554565382,-7.51000445038115,-5.006710991499831,-2.5041067142573863,0.0003756906394994596,lower,0.1
231,phase1,lower,-10.0,4,-13.958401947826587,-10.01712382257141,-7.5092146945771585,-5.006039353444689,-2.503337880114474,0.00040177242996789435,lower,0.1
232,phase1,lower,-10.0,4,-13.958401947826587,-10.015971314585013,-7.508430497377187,-5.005356807740383,-2.502642473463212,0.00038139534551217364,lower,0.1
233,phase1,lower,-10.0,4,-13.958401947826587,-10.01487397705327,-7.507679247281223,-5.004691667899873,-2.502029344602452,0.0003506264929039784,lower,0.1
234,phase1,lower,-10.0,4,-13.958401947826587,-10.013838940232452,-7.506965336948713,-5.004054164250773,-2.501494637489625,0.0003189257345258665,lower,0.1
235,phase1,lower,-10.0,4,-13.958401947826587,-10.012864546743003,-7.506287709177506,-5.003449052560825,-2.501031655208428,0.0002886868719819077,lower,0.1
236,phase1,lower,-10.0,4,-13.958401947826587,-10.01194704480167,-7.5056443961722215,-5.002879055956403,-2.5006334401506427,0.0002604326294302135,lower,0.1
237,phase1,lower,-10.0,4,-13.958401947826587,-10.011082390572238,-7.505033618081104,-5.002345859341324,-2.500293419984671,0.0002341957663359819,lower,0.1
238,phase1,lower,-10.0,4,-13.958401947826587,-10.010266737133422,-7.504453982017074,-5.0018504437866484,-2.500005541990267,0.0002098861519356462,lower,0.1
239,phase1,lower,-10.0,4,-13.958401947826587,-10.009496564085046,-7.50390445553017,-5.001393237210086,-2.4997642739648915,0.00018738812464624046,lower,0.1
240,phase1,lower,-10.0,4,-13.958401947826587,-10.008768703917378,-7.503384292248653,-5.0009742089762685,-2.499564572224273,0.0001665860421583027,lower,0.1
241,phase1,lower,-10.0,4,-13.958401947826587,-10.008080335312563,-7.502892955599799,-5.000592943227584,-2.4994018433581022,0.000147370667417536,lower,0.1
242,phase1,lower,-10.0,4,-13.958401947826587,-10.00742896374061,-7.502430051589861,-5.000248700965684,-2.4992719067333495,0.00012964041436504085,lower,0.1
243,phase1,lower,-10.0,4,-13.958401947826587,-10.006812396152608,-7.501995272438323,-4.999940474213213,-2.4991709594852756,0.00011330120457514382,lower,0.1
244,phase1,lower,-10.0,4,-13.958401947826587,-10.006228712697062,-7.501588350516645,-4.999667033718924,-2.499095544324047,9.826594999255424e-05,lower,0.1
245,phase1,lower,-10.0,4,-13.958401947826587,-10.005676237124028,-7.501209021509506,-4.999426971096741,-2.499042520100094,8.445394537003189e-05,lower,0.1
246,phase1,lower,-10.0,4,-13.958401947826587,-10.005153507011743,-7.500856995661055,-4.999218736070909,-2.499009034964858,7.179025595683372e-05,lower,0.1
247,phase1,lower,-10.0,4,-13.958401947826587,-10.004659244646314,-7.500531936034319,-4.999040669383965,-2.4989925019350716,6.020513040176118e-05,lower,0.1
248,phase1,lower,-10.0,4,-13.958401947826587,-10.004192329167752,-7.500233442804607,-4.998891031844242,-2.4989905766640605,4.963345166600583e-05,lower,0.1
249,phase1,upper,-15.0,2,-14.158201310317315,-10.004192329167752,-7.500233442804607,-4.998891031844242,-2.4989905766640605,-0.01323765824013566,lower,0.1
250,phase1,lower,-10.0,4,-14.158201310317315,-10.01571033294756,-7.508332036468051,-5.004627725561931,-2.5031029241727842,-0.0031502645029568115,lower,0.1
251,phase1,lower,-10.0,4,-14.158201310317315,-10.01780774135227,-7.509747058009355,-5.005625045870892,-2.5035563224315123,-0.0005008939117102243,lower,0.1
252,phase1,lower,-10.0,4,-14.158201310317315,-10.017452477538518,-7.509432781509627,-5.005375426499099,-2.503114911735999,0.00017340624700471545,lower,0.1
253,phase1,lower,-10.0,4,-14.158201310317315,-10.016494442313324,-7.5087012682801815,-5.004811782027629,-2.502506071567184,0.00032471879280296053,lower,0.1
254,phase1,lower,-10.0,4,-14.158201310317315,-10.015422877996487,-7.507897331116566,-5.004185702875914,-2.5019163545540635,0.00033893425755041225,lower,0.1
255,phase1,lower,-10.0,4,-14.158201310317315,-10.0143652824767,-7.507109449944486,-5.003566851237621,-2.501389104929692,0.00031852387915057073,lower,0.1
256,phase1,lower,-10.0,4,-14.158201310317315,-10.013353027732244,-7.506358612551565,-5.002975822176179,-2.500930117184954,0.00029062212148870574,lower,0.1
257,phase1,lower,-10.0,4,-14.158201310317315,-10.012392026304836,-7.50564839236761,-5.002419557534429,-2.500535685531857,0.00026234124246113827,lower,0.1
258,phase1,lower,-10.0,4,-14.158201310317315,-10.011481555792898,-7.504978155785237,-5.001900844624337,-2.500200024437717,0.00023547587558645535,lower,0.1
259,phase1,upper,-15.0,2,-14.333677717612122,-10.011481555792898,-7.504978155785237,-5.001900844624337,-2.500200024437717,-0.009326627308987999,lower,0.1
260,phase1,lower,-10.0,4,-14.333677717612122,-10.01922518037022,-7.510370608073602,-5.005637803587449,-2.502869028536149,-0.0020854487996934306,lower,0.1
261,phase1,lower,-10.0,4,-14.333677717612122,-10.020216627060282,-7.5109720869167855,-5.0059854718654515,-2.5029445508043415,-0.00019581534976596658,lower,0.1
262,phase1,lower,-10.0,4,-14.333677717612122,-10.019468406860723,-7.51034718649813,-5.0054583739134895,-2.5024118867631615,0.0002736101602659303,lower,0.1
263,phase1,lower,-10.0,4,-14.333677717612122,-10.018310035680223,-7.509439657888908,-5.004728674113141,-2.5017909071740654,0.0003677495350568871,lower,0.1
264,phase1,lower,-10.0,4,-14.333677717612122,-10.01709202331954,-7.508497377103881,-5.003977873172072,-2.5012125797762907,0.0003642446332861158,lower,0.1
265,phase1,lower,-10.0,4,-14.333677717612122,-10.015904738528016,-7.507583897143907,-5.00325624652958,-2.500705090764936,0.00033677930840884913,lower,0.1
266,phase1,lower,-10.0,4,-14.333677717612122,-10.014769553012037,-7.506714298400806,-5.002578500809362,-2.500269859382169,0.0003048256278276723,lower,0.1
267,phase1,lower,-10.0,4,-14.333677717612122,-10.01368968448587,-7.505891186621627,-5.001949297717649,-2.4999017028611226,0.00027345067922135907,lower,0.1
268,phase1,upper,-15.0,2,-14.487150210273295,-10.01368968448587,-7.505891186621627,-5.001949297717649,-2.4999017028611226,-0.006021003794295335,lower,0.1
269,phase1,lower,-10.0,4,-14.487150210273295,-10.018328738114311,-7.5090796706793,-5.004145978295239,-2.501537255558154,-0.0012674001232780385,lower,0.1
270,phase1,lower,-10.0,4,-14.487150210273295,-10.01854449148176,-7.509135038697814,-5.004136012407005,-2.5014887289582695,-3.570374342368667e-05,lower,0.1
271,phase1,lower,-10.0,4,-14.487150210273295,-10.017635679572448,-7.508403574201924,-5.003574217045513,-2.5010604324976935,0.0002619913079972073,lower,0.1
272,phase1,lower,-10.0,4,-14.487150210273295,-10.016476676858199,-7.50750631711724,-5.002902420989178,-2.500592224744046,0.00031349647794706893,lower,0.1
273,phase1,lower,-10.0,4,-14.487150210273295,-10.01529749405395,-7.506606225010321,-5.002239304423329,-2.5001681591120875,0.00030153364264121605,lower,0.1
274,phase1,lower,-10.0,4,-14.487150210273295,-10.01415698687121,-7.50574490249258,-5.0016170417150265,-2.4998048185534505,0.0002745639435845762,lower,0.1
275,phase1,lower,-10.0,4,-14.487150210273295,-10.01306867088412,-7.504932014852144,-5.001044296063998,-2.499501340338333,0.0002453639475374209,lower,0.1
276,phase1,lower,-10.0,4,-14.487150210273295,-10.012034177728138,-7.504168973973518,-5.000523043784282,-2.4992526768049026,0.00021722982094745966,lower,0.1
277,phase1,lower,-10.0,4,-14.487150210273295,-10.011052150513823,-7.503455165666023,-5.0000531162692345,-2.4990530856439923,0.00019094301114035714,lower,0.1
278,phase1,lower,-10.0,4,-14.487150210273295,-10.010120603319017,-7.502789548038435,-4.999633468991461,-2.498897025302037,0.00016662172964131716,lower,0.1
279,phase1,lower,-10.0,4,-14.487150210273295,-10.00923753823428,-7.502171029951487,-4.999262573360675,-2.4987793629089285,0.00014421287465357727,lower,0.1
280,phase1,lower,-10.0,4,-14.487150210273295,-10.008401095818813,-7.501598534457739,-4.998938569103282,-2.4986954016872853,0.00012362250007374358,lower,0.1
281,phase1,lower,-10.0,4,-14.487150210273295,-10.00760957943264,-7.501070986590498,-4.998659347364855,-2.498640862500546,0.00010475017573816729,lower,0.1
282,phase1,lower,-10.0,4,-14.487150210273295,-10.006861444990262,-7.500587288050481,-4.998422610387115,-2.4986118552152385,8.749779132418744e-05,lower,0.1
283,phase1,lower,-10.0,4,-14.487150210273295,-10.006155281284093,-7.5001462944382356,-4.9982259204808805,-2.498604849231741,7.177157132532525e-05,lower,0.1
284,phase1,upper,-15.0,2,-14.620881502622655,-10.006155281284093,-7.5001462944382356,-4.9982259204808805,-2.498604849231741,-0.0033086958131319996,lower,0.1
285,phase1,lower,-10.0,4,-14.620881502622655,-10.008532208831324,-7.501876492759935,-4.999557528261322,-2.4996601958185893,-0.0007541679197318339,lower,0.1
286,phase1,lower,-10.0,4,-14.620881502622655,-10.008545388351944,-7.501940017765578,-4.999711977994439,-2.4997978763449495,-9.084976516833724e-05,lower,0.1
287,phase1,lower,-10.0,4,-14.620881502622655,-10.007966616081958,-7.501596104134688,-4.999575633998026,-2.4997189542838933,7.104084434030503e-05,lower,0.1
288,phase1,lower,-10.0,4,-14.620881502622655,-10.007265628127325,-7.50117729756651,-4.999383681644765,-2.4996065294359293,0.00010086928818603494,lower,0.1
289,phase1,lower,-10.0,4,-14.620881502622655,-10.006566012711877,-7.500770003397637,-4.999197985990305,-2.4995063070791943,9.674987107732506e-05,lower,0.1
290,phase1,lower,-10.0,4,-14.620881502622655,-10.005899336896483,-7.50039535698664,-4.999034162360012,-2.4994277420232476,8.469370528613174e-05,lower,0.1
291,phase1,lower,-10.0,4,-14.620881502622655,-10.005272714570742,-7.500057273032081,-4.998895392927089,-2.499370905292358,7.154756069241014e-05,lower,0.1
292,phase1,lower,-10.0,4,-14.620881502622655,-10.004686777612253,-7.499755193136802,-4.998781449081435,-2.499333607039458,5.906649939856095e-05,lower,0.1
293,phase1,lower,-10.0,4,-14.620881502622655,-10.004140459315249,-7.4994874540558065,-4.998691118514921,-2.4993132721467575,4.765480243713095e-05,lower,0.1
294,phase1,lower,-10.0,4,-14.620881502622655,-10.003632269467111,-7.499252166834178,-4.998622875251224,-2.4993074220413236,3.736041276999155e-05,lower,0.1
295,phase1,lower,-10.0,4,-14.620881502622655,-10.003160634832325,-7.499047437844748,-4.9985750791756995,-2.4993137870723503,2.813925611598739e-05,lower,0.1
296,phase1,lower,-10.0,4,-14.620881502622655,-10.002723989803062,-7.498871417927825,-4.998546047446288,-2.499330321714971,1.992545117146899e-05,lower,0.1
297,phase1,lower,-10.0,4,-14.620881502622655,-10.002320799709484,-7.498722308404802,-4.998534089137746,-2.4993551949339414,1.2649903307833583e-05,lower,0.1
298,phase1,lower,-10.0,4,-14.620881502622655,-10.001949565666038,-7.498598357773786,-4.998537527704138,-2.499386774887785,6.245166833258111e-06,lower,0.1
299,phase1,lower,-10.0,4,-14.620881502622655,-10.001608824226663,-7.498497857698625,-4.998554718062885,-2.4994236130212326,6.466515687098786e-07,lower,0.1
300,phase1,lower,-10.0,4,-14.620881502622655,-10.001297145587449,-7.498419140248306,-4.9985840603478335,-2.4994644288353642,-4.207144227773671e-06,lower,0.1
301,phase1,lower,-10.0,4,-14.620881502622655,-10.001013131483338,-7.4983605766149655,-4.998624011088968,-2.4995080956256586,-8.3746590295826e-06,lower,0.1
302,phase1,lower,-10.0,4,-14.620881502622655,-10.000755413189628,-7.498320577116108,-4.998673092211055,-2.4995536272134755,-1.1911359306034776e-05,lower,0.1
303,phase1,lower,-10.0,4,-14.620881502622655,-10.000522649805651,-7.49829759220798,-4.998729898126525,-2.499600165627853,-1.4869844715132887e-05,lower,0.1
304,phase1,lower,-10.0,4,-14.620881502622655,-10.000313526906128,-7.498290114246869,-4.998793101149381,-2.4996469696785106,-1.7299952730966173e-05,lower,0.1
305,phase1,lower,-10.0,4,-14.620881502622655,-10.00012675559766,-7.498296679765541,-4.998861455428556,-2.4996934043593293,-1.924885861025065e-05,lower,0.1
306,phase1,lower,-10.0,4,-14.620881502622655,-9.999961071987197,-7.4983158720653,-4.998933799577954,-2.4997389310239524,-2.0761169652491704e-05,lower,0.1
307,phase1,lower,-10.0,4,-14.620881502622655,-9.999815237047695,-7.498346323955555,-4.999009058162689,-2.499783098278693,-2.1879013720637746e-05,lower,0.1
308,phase1,lower,-10.0,4,-14.620881502622655,-9.999688036850829,-7.498386720501424,-4.999086242185491,-2.4998255335417974,-2.2642122396368585e-05,lower,0.1
309,phase1,lower,-10.0,4,-14.620881502622655,-9.999578283126047,-7.498435801665507,-4.9991644487035645,-2.4998659352219477,-2.308790933627762e-05,lower,0.1
310,phase1,lower,-10.0,4,-14.620881502622655,-9.999484814098397,-7.49849236475276,-4.999242859693844,-2.499904065472658,-2.3251544489757784e-05,lower,0.1
311,phase1,lower,-10.0,4,-14.620881502622655,-9.999406495553874,-7.498555266587565,-4.999320740273622,-2.4999397434827477,-2.3166024874672056e-05,lower,0.1
312,phase1,lower,-10.0,4,-14.620881502622655,-9.999342222079632,-7.498623425369751,-4.999397436373565,-2.4999728392664404,-2.286224260334556e-05,lower,0.1
313,phase1,lower,-10.0,4,-14.620881502622655,-9.999290918426986,-7.498695822171806,-4.999472371951128,-2.500003267919696,-2.2369050817629193e-05,lower,0.1
314,phase1,lower,-10.0,4,-14.620881502622655,-9.999251540947203,-7.498771502052864,-4.999545045824213,-2.5000309843122386,-2.1713328140600267e-05,lower,0.1
315,phase1,lower,-10.0,4,-14.620881502622655,-9.999223079053095,-7.49884957477658,-4.999615028197449,-2.500055978187295,-2.092004218403163e-05,lower,0.1
316,phase1,lower,-10.0,4,-14.620881502622655,-9.99920455666341,-7.498929215129777,-4.999681956946574,-2.5000782696433896,-2.001231257772393e-05,lower,0.1
317,phase1,lower,-10.0,4,-14.620881502622655,-9.999195033591366,-7.499009662846972,-4.99974553372017,-2.5000979049746053,-1.901147390719908e-05,lower,0.1
318,phase1,lower,-10.0,4,-14.620881502622655,-9.999193606843443,-7.499090222152755,-4.999805519912114,-2.500114952847565,-1.7937138866310576e-05,lower,0.1
319,phase1,lower,-10.0,4,-14.620881502622655,-9.999199411799353,-7.499170260939528,-4.9998617325527475,-2.5001295007950275,-1.6807261854724807e-05,lower,0.1
320,phase1,lower,-10.0,4,-14.620881502622655,-9.999211623249039,-7.4992492096026035,-4.99991404016176,-2.5001416520074153,-1.563820317512234e-05,lower,0.1
321,phase1,lower,-10.0,4,-14.620881502622655,-9.999229456267253,-7.499326559558066,-4.999962358601105,-2.500151522404852,-1.4444793916421925e-05,lower,0.1
322,phase1,lower,-10.0,4,-14.620881502622655,-9.999252166910859,-7.499401861471389,-5.000006646961956,-2.500159237973401,-1.3240401547607723e-05,lower,0.1
323,phase1,lower,-10.0,4,-14.620881502622655,-9.999279052728305,-7.499474723226555,-5.0000469035156225,-2.500164932350135,-1.2036996189086894e-05,lower,0.1
324,phase1,lower,-10.0,4,-14.620881502622655,-9.999309453074702,-7.499544807666514,-5.000083161754615,-2.500168744642532,-1.0845217481986312e-05,lower,0.1
325,phase1,lower,-10.0,4,-14.620881502622655,-9.999342749229617,-7.499611830136317,-5.00011548654648,-2.5001708174684043,-9.674441932545486e-06,lower,0.1
326,phase1,lower,-10.0,4,-14.620881502622655,-9.999378364318027,-7.4996755558602315,-5.000143970419775,-2.500171295203228,-8.532850575632677e-06,lower,0.1
327,phase1,upper,-15.0,2,-14.736668816271324,-9.999378364318027,-7.4996755558602315,-5.000143970419775,-2.500171295203228,-0.0009575689506188256,lower,0.1
328,phase1,lower,-10.0,4,-14.736668816271324,-10.000269895527804,-7.500333689926715,-5.000587254918599,-2.5004632898663934,-0.00023529106439383957,lower,0.1
329,phase1,lower,-10.0,4,-14.736668816271324,-10.00048803692565,-7.500509002245242,-5.000686673741696,-2.500491884553167,-4.437527221834796e-05,lower,0.1
330,phase1,lower,-10.0,4,-14.736668816271324,-10.000530071202608,-7.500555291880015,-5.000691957692836,-2.5004547707987546,5.3651025580376395e-06,lower,0.1
331,phase1,lower,-10.0,4,-14.736668816271324,-10.000527764678045,-7.500566259404975,-5.000670039640949,-2.5004041501190035,1.7643701643540625e-05,lower,0.1
332,phase1,lower,-10.0,4,-14.736668816271324,-10.000515734819258,-7.500566561254164,-5.0006391994330395,-2.5003535802110104,2.002275608665706e-05,lower,0.1
333,phase1,lower,-10.0,4,-14.736668816271324,-10.00050279698227,-7.50056258304946,-5.000604729325852,-2.500306374741425,1.982208848467637e-05,lower,0.1
334,phase1,lower,-10.0,4,-14.736668816271324,-10.000490935709353,-7.500555923985168,-5.00056842023252,-2.5002631501490806,1.8981223066527557e-05,lower,0.1
335,phase1,lower,-10.0,4,-14.736668816271324,-10.000480351436174,-7.5005469701228185,-5.000531088181895,-2.500223829312323,1.801014368869705e-05,lower,0.1
336,phase1,lower,-10.0,4,-14.736668816271324,-10.000470804175517,-7.500535834242742,-5.000493250102344,-2.500188171856796,1.7039509376352344e-05,lower,0.1
337,phase1,lower,-10.0,4,-14.736668816271324,-10.000461971623801,-7.50052259674961,-5.000455307150634,-2.500155912969478,1.6099812533755597e-05,lower,0.1
338,phase1,lower,-10.0,4,-14.736668816271324,-10.000453544305103,-7.500507361786212,-5.000417596710897,-2.5001267983145037,1.5195556438350967e-05,lower,0.1
339,phase1,lower,-10.0,4,-14.736668816271324,-10.000445250052419,-7.500490265150114,-5.000380409124228,-2.50010059150343,1.4324933586726644e-05,lower,0.1
340,phase1,upper,-15.0,2,-14.836196635804669,-10.000445250052419,-7.500490265150114,-5.000380409124228,-2.50010059150343,0.0010657477832188497,lower,0.1
341,phase1,lower,-10.0,4,-14.836196635804669,-9.99949057855729,-7.499809073851736,-4.999880317262396,-2.499752500207499,0.000265931636115744,lower,0.1
342,phase1,lower,-10.0,4,-14.836196635804669,-9.99928308961423,-7.499657260634999,-4.999758202838533,-2.499697266223405,5.4784755492644636e-05,lower,0.1
343,phase1,lower,-10.0,4,-14.836196635804669,-9.999271200436363,-7.499642943076953,-4.999737746371636,-2.4997158403486868,1.7405217954900696e-08,lower,0.1
344,phase1,lower,-10.0,4,-14.836196635804669,-9.999308359035727,-7.49966244949243,-4.999745133718504,-2.499750369415612,-1.3279424268143293e-05,lower,0.1
345,phase1,lower,-10.0,4,-14.836196635804669,-9.999355719563239,-7.499688644394657,-4.999760438298053,-2.499785820544759,-1.5646305860448682e-05,lower,0.1
346,phase1,lower,-10.0,4,-14.836196635804669,-9.999403093721655,-7.499714669928137,-4.999778107258313,-2.4998185153258574,-1.5196255770347006e-05,lower,0.1
347,phase1,lower,-10.0,4,-14.836196635804669,-9.999447927972497,-7.499738999859865,-4.999796451212079,-2.499847767014004,-1.4080378571460796e-05,lower,0.1
348,phase1,lower,-10.0,4,-14.836196635804669,-9.999489707501949,-7.499761474574545,-4.999814844684403,-2.499873659163747,-1.2864984913866675e-05,lower,0.1
349,phase1,lower,-10.0,4,-14.836196635804669,-9.999528462695631,-7.499782254236988,-4.999832976981322,-2.4998964568326043,-1.169523582353604e-05,lower,0.1
350,phase1,lower,-10.0,4,-14.836196635804669,-9.999564367562009,-7.499801546881606,-4.9998506487396766,-2.4999164517465875,-1.0604537322296395e-05,lower,0.1
351,phase1,lower,-10.0,4,-14.836196635804669,-9.999597629577558,-7.499819541767556,-4.999867714080635,-2.4999339227813024,-9.596832670879661e-06,lower,0.1
352,phase1,lower,-10.0,4,-14.836196635804669,-9.999628457945962,-7.499836396632577,-4.999884061946753,-2.4999491270353267,-8.668508236568144e-06,lower,0.1
353,phase1,lower,-10.0,4,-14.836196635804669,-9.999657053472037,-7.499852238668722,-4.999899608272402,-2.49996229896094,-7.814233831524917e-06,lower,0.1
354,phase1,lower,-10.0,4,-14.836196635804669,-9.999683604802152,-7.499867168596714,-4.999914291397892,-2.499973651553082,-7.028522022034192e-06,lower,0.1
355,phase1,lower,-10.0,4,-14.836196635804669,-9.999708286851428,-7.49988126506816,-4.999928068662972,-2.4999833779966565,-6.306141427392402e-06,lower,0.1
356,phase1,lower,-10.0,4,-14.836196635804669,-9.999731260200386,-7.499894588708592,-4.999940913590065,-2.4999916533446083,-5.642219358307468e-06,lower,0.1
357,phase1,lower,-10.0,4,-14.836196635804669,-9.999752671048629,-7.499907185664657,-4.999952813464861,-2.4999986361130597,-5.032257482175877e-06,lower,0.1
358,phase1,upper,-15.0,2,-14.921155032249043,-9.999752671048629,-7.499907185664657,-4.999952813464861,-2.4999986361130597,0.0027292813351113138,lower,0.1
359,phase1,lower,-10.0,4,-14.921155032249043,-9.997311769308633,-7.49819647309819,-4.998757934937745,-2.4991603871589003,0.0006520365722779212,lower,0.1
360,phase1,lower,-10.0,4,-14.921155032249043,-9.996813406772537,-7.497865723243929,-4.998542512402778,-2.499076247223023,0.00010555700809067524,lower,0.1
361,phase1,lower,-10.0,4,-14.921155032249043,-9.996823637112394,-7.497895313789444,-4.998587497332832,-2.4991771613544884,-3.4353914017601245e-05,lower,0.1
362,phase1,lower,-10.0,4,-14.921155032249043,-9.996961723302714,-7.498015110379894,-4.9987005574559475,-2.4993132317522893,-6.651912967040461e-05,lower,0.1
363,phase1,upper,-15.0,2,-14.993109645587001,-9.996961723302714,-7.498015110379894,-4.9987005574559475,-2.4993132317522893,0.004072583744845627,lower,0.1
364,phase1,lower,-10.0,4,-14.993109645587001,-9.99340173664007,-7.495546368779331,-4.9970042315409176,-2.498168135441796,0.0009234427244407722,lower,0.1
365,phase1,lower,-10.0,4,-14.993109645587001,-9.992785101402,-7.495168291206852,-4.996793279531522,-2.4981536076233017,9.882183216535572e-05,lower,0.1
366,phase1,lower,-10.0,4,-14.993109645587001,-9.992934480733537,-7.495332878409786,-4.996974648884793,-2.4984067113003148,-0.00010864189078999622,lower,0.1
367,phase1,lower,-10.0,4,-14.993109645587001,-9.993272098202873,-7.495630256585743,-4.99725542371909,-2.4987010038704236,-0.00015277042776641194,lower,0.1
368,phase1,lower,-10.0,4,-14.993109645587001,-9.99364540742615,-7.495952688944908,-4.997555802198905,-2.4989790084727446,-0.0001541626533919491,lower,0.1
369,phase1,upper,-15.0,2,-15.05349200067834,-9.99364540742615,-7.495952688944908,-4.997555802198905,-2.4989790084727446,0.005139674450743644,lower,0.1
370,phase1,lower,-10.0,4,-15.05349200067834,-9.989250428572356,-7.492937301967346,-4.995518418072073,-2.497593740866913,0.001126211066393493,lower,0.1
371,phase1,lower,-10.0,4,-15.05349200067834,-9.988605525952101,-7.492585446187655,-4.99536866331327,-2.4976402995688813,7.875339038290293e-05,lower,0.1
372,phase1,lower,-10.0,4,-15.05349200067834,-9.988932639924313,-7.492921611110635,-4.995711464048516,-2.498018549767674,-0.00018145335624084315,lower,0.1
373,phase1,lower,-10.0,4,-15.05349200067834,-9.989494845063563,-7.493422614240885,-4.996172911135279,-2.4984405030657166,-0.00023351660959962942,lower,0.1
374,phase1,upper,-15.0,2,-15.103588371177084,-9.989494845063563,-7.493422614240885,-4.996172911135279,-2.4984405030657166,0.00598009538115582,lower,0.1
375,phase1,lower,-10.0,4,-15.103588371177084,-9.984505536138254,-7.4900362336079835,-4.993910941118833,-2.4969155672946237,0.0012605704532655808,lower,0.1
376,phase1,lower,-10.0,4,-15.103588371177084,-9.983924092477288,-7.489778873805194,-4.993864639451493,-2.497062400472464,3.31637576031715e-05,lower,0.1
377,phase1,lower,-10.0,4,-15.103588371177084,-9.984479723228237,-7.4903246362983875,-4.994390761376035,-2.4975869420484953,-0.00026762480393067783,lower,0.1
378,phase1,lower,-10.0,4,-15.103588371177084,-9.985305076858788,-7.491057665085522,-4.995048656215937,-2.498151338462661,-0.0003236844422238313,lower,0.1
379,phase1,lower,-10.0,4,-15.103588371177084,-9.986171651679463,-7.491816005279286,-4.995718149957637,-2.498671434898976,-0.00031619451034949563,lower,0.1
380,phase1,lower,-10.0,4,-15.103588371177084,-9.98702066209876,-7.492557819835837,-4.996364956420186,-2.4991300646803856,-0.0002932361640476847,lower,0.1
381,phase1,lower,-10.0,4,-15.103588371177084,-9.98783829042011,-7.493272775536523,-4.99697822936356,-2.4995274496175197,-0.00026751359694494024,lower,0.1
382,phase1,lower,-10.0,4,-15.103588371177084,-9.988622501169,-7.493958585583445,-4.997553883907239,-2.499868046365423,-0.00024233117453938537,lower,0.1
383,phase1,lower,-10.0,4,-15.103588371177084,-9.989374207667531,-7.494614858334974,-4.9980900932512045,-2.5001570792839547,-0.00021849892965049428,lower,0.1
384,phase1,lower,-10.0,4,-15.103588371177084,-9.99009492177096,-7.495241533720298,-4.998586029522809,-2.5003996463462737,-0.00019616816981477448,lower,0.1
385,phase1,lower,-10.0,4,-15.103588371177084,-9.990786134318727,-7.4958385277701645,-4.9990414737205535,-2.500600507126659,-0.00017531926573269475,lower,0.1
386,phase1,lower,-10.0,4,-15.103588371177084,-9.991449161003029,-7.496405688125804,-4.999456662634245,-2.5007640502171142,-0.0001558910775168892,lower,0.1
387,phase1,lower,-10.0,4,-15.103588371177084,-9.992085115685072,-7.496942823187798,-4.999832204032065,-2.500894306507814,-0.0001378150698060826,lower,0.1
388,phase1,lower,-10.0,4,-15.103588371177084,-9.992694919998169,-7.497449742868776,-5.00016901468002,-2.5009949729041447,-0.0001210240636305233,lower,0.1
389,phase1,lower,-10.0,4,-15.103588371177084,-9.993279323942497,-7.497926295427494,-5.000468268605652,-2.5010694371580353,-0.00010545423622381137,lower,0.1
390,phase1,lower,-10.0,4,-15.103588371177084,-9.993838929903598,-7.498372397144225,-5.000731351815943,-2.501120801441682,-9.10453292758692e-05,lower,0.1
391,phase1,lower,-10.0,4,-15.103588371177084,-9.99437421742401,-7.498788054784337,-5.000959822075711,-2.5011519041454453,-7.77403940295042e-05,lower,0.1
392,phase1,lower,-10.0,4,-15.103588371177084,-9.99488556751467,-7.499173381570442,-5.001155373039429,-2.5011653398765046,-6.54854333285036e-05,lower,0.1
393,phase1,lower,-10.0,4,-15.103588371177084,-9.995373285810244,-7.499528607519844,-5.001319802254551,-2.5011634777654455,-5.422904105361621e-05,lower,0.1
394,phase1,lower,-10.0,4,-15.103588371177084,-9.995837624118153,-7.499854084975337,-5.001454982650894,-2.5011484782193723,-4.392206851436148e-05,lower,0.1
395,phase1,upper,-15.0,2,-15.14434256807344,-9.995837624118153,-7.499854084975337,-5.001454982650894,-2.5011484782193723,0.006750449354862964,lower,0.1
396,phase1,lower,-10.0,4,-15.14434256807344,-9.990163865784494,-7.4958698360924725,-4.998566519389688,-2.4990248858051465,0.001596811251694614,lower,0.1
397,phase1,lower,-10.0,4,-15.14434256807344,-9.989297332688766,-7.495287574531942,-4.998088815557082,-2.498768294785943,0.0002461595820234646,lower,0.1
398,phase1,lower,-10.0,4,-15.14434256807344,-9.989674813249263,-7.495574354627547,-4.998237056182811,-2.4989660161385174,-9.493513621981254e-05,lower,0.1
399,phase1,lower,-10.0,4,-15.14434256807344,-9.990350209009689,-7.496059721536105,-4.998535212847496,-2.49924677891185,-0.00016896959476560728,lower,0.1
400,phase2,lower,-20.0,4,-15.14434256807344,-9.990921160262332,-8.496461427505459,-5.268781117506088,-2.6884636369409125,-0.14713268012617023,lower,0.1
401,phase2,lower,-20.0,4,-15.14434256807344,-10.223894599100197,-9.543536572200573,-5.594992224066123,-2.901418699503149,-0.17463608909113842,lower,0.1
402,phase2,lower,-20.0,4,-15.14434256807344,-10.563031276592259,-10.557833206788256,-5.917929922790985,-3.0956568802164446,-0.17025303397549185,lower,0.1
403,phase2,lower,-20.0,4,-15.14434256807344,-10.965739200189802,-11.518461941908381,-6.220158574329501,-3.2615089891024662,-0.15745524674391384,lower,0.1
404,phase2,lower,-20.0,4,-15.14434256807344,-11.412721196431182,-12.42025192462556,-6.495873648514714,-3.3980805742866322,-0.14260555128924662,lower,0.1
405,phase2,lower,-20.0,4,-15.14434256807344,-11.891819265410943,-13.26235892398795,-6.742817506518345,-3.5068383196523176,-0.1274976516114501,lower,0.1
406,phase2,lower,-20.0,4,-15.14434256807344,-12.393621117718949,-14.045232873537781,-6.960071633467818,-3.589879481586956,-0.11269206788810726,lower,0.1
407,phase2,lower,-20.0,4,-15.14434256807344,-12.910205154400128,-14.7698062697074,-7.147415728921475,-3.6494506627766965,-0.0984051606011751,lower,0.1
408,phase2,lower,-20.0,4,-15.14434256807344,-13.434729910471912,-15.437271696920844,-7.305107814610203,-3.6878025543253616,-0.08474744731495963,lower,0.1
409,phase2,lower,-20.0,4,-15.14434256807344,-13.961256791700269,-16.049014828732325,-7.433780527789113,-3.707137324310311,-0.0717887209171724,lower,0.1
410,phase2,lower,-20.0,4,-15.14434256807344,-14.48464244422893,-16.606587759815685,-7.534372334140145,-3.7095835140745907,-0.059576930867043576,lower,0.1
411,phase2,lower,-20.0,4,-15.14434256807344,-15.000456213567944,-17.11169220721521,-7.608071828617306,-3.6971807280639633,-0.04814460099752006,lower,0.1
412,phase2,lower,-20.0,4,-15.14434256807344,-15.504909953830438,-17.566164639812335,-7.656269097659668,-3.671869060911014,-0.037511782555206624,upper,0.1
413,phase2,upper,-15.0,2,-15.2107371324032,-15.504909953830438,-17.566164639812335,-7.656269097659668,-3.671869060911014,-0.011113440007141585,upper,0.1
414,phase2,upper,-15.0,2,-15.245271269544771,-15.504909953830438,-17.566164639812335,-7.656269097659668,-3.671869060911014,0.003084412070759584,upper,0.1
415,phase2,upper,-15.0,2,-15.260375862495627,-15.504909953830438,-17.566164639812335,-7.656269097659668,-3.671869060911014,0.010478750744323896,upper,0.1
416,phase2,upper,-15.0,2,-15.263362779530821,-15.504909953830438,-17.566164639812335,-7.656269097659668,-3.671869060911014,0.014063465083045325,upper,0.1
417,phase2,upper,-15.0,2,-15.258654343168327,-15.504909953830438,-17.566164639812335,-7.656269097659668,-3.671869060911014,0.015507362675719123,upper,0.1
418,phase2,upper,-15.0,2,-15.249017362711642,-15.504909953830438,-17.566164639812335,-7.656269097659668,-3.671869060911014,0.01574700614178384,upper,0.1
419,phase2,upper,-15.0,2,-15.236249559746458,-15.504909953830438,-17.566164639812335,-7.656269097659668,-3.671869060911014,0.01531295912144125,upper,0.1
420,phase2,upper,-15.0,2,-15.221564415694996,-15.504909953830438,-17.566164639812335,-7.656269097659668,-3.671869060911014,0.014509523486104983,upper,0.1
421,phase2,upper,-15.0,2,-15.205809620199846,-15.504909953830438,-17.566164639812335,-7.656269097659668,-3.671869060911014,0.013513938786852154,upper,0.1
422,phase2,upper,-15.0,2,-15.189593410725072,-15.504909953830438,-17.566164639812335,-7.656269097659668,-3.671869060911014,0.012431288800558233,upper,0.1
423,phase2,lower,-20.0,4,-15.189593410725072,-15.949847262508126,-17.940497250174225,-7.658487429550692,-3.6200641887238216,-0.015696621209043284,upper,0.1
424,phase2,upper,-15.0,2,-15.198674769361874,-15.949847262508126,-17.940497250174225,-7.658487429550692,-3.6200641887238216,-0.0024576461112994843,upper,0.1
425,phase2,upper,-15.0,2,-15.194394196408892,-15.949847262508126,-17.940497250174225,-7.658487429550692,-3.6200641887238216,0.004171675585535807,upper,0.1
426,phase2,upper,-15.0,2,-15.183217324410528,-15.949847262508126,-17.940497250174225,-7.658487429550692,-3.6200641887238216,0.0072079341717550555,upper,0.1
427,phase2,upper,-15.0,2,-15.168760581928337,-15.949847262508126,-17.940497250174225,-7.658487429550692,-3.6200641887238216,0.008311143320990838,upper,0.1
428,phase2,upper,-15.0,2,-15.153052133289243,-15.949847262508126,-17.940497250174225,-7.658487429550692,-3.6200641887238216,0.00839471991661744,upper,0.1
429,phase2,upper,-15.0,2,-15.137228777363955,-15.949847262508126,-17.940497250174225,-7.658487429550692,-3.6200641887238216,0.00796084703778982,upper,0.1
430,phase2,upper,-15.0,2,-15.121922425818525,-15.949847262508126,-17.940497250174225,-7.658487429550692,-3.6200641887238216,0.007284935340407868,upper,0.1
431,phase2,upper,-15.0,2,-15.107475544830693,-15.949847262508126,-17.940497250174225,-7.658487429550692,-3.6200641887238216,0.006517151565023912,upper,0.1
432,phase2,upper,-15.0,2,-15.094062184215106,-15.949847262508126,-17.940497250174225,-7.658487429550692,-3.6200641887238216,0.00573835743314671,upper,0.1
433,phase2,upper,-15.0,2,-15.081756736849982,-15.949847262508126,-17.940497250174225,-7.658487429550692,-3.6200641887238216,0.004990977357918668,upper,0.1
434,phase2,upper,-15.0,2,-15.070573625502933,-15.949847262508126,-17.940497250174225,-7.658487429550692,-3.6200641887238216,0.004296070155636454,upper,0.1
435,phase2,upper,-15.0,2,-15.060490702746511,-15.949847262508126,-17.940497250174225,-7.658487429550692,-3.6200641887238216,0.0036628017758785127,upper,0.1
436,phase2,upper,-15.0,2,-15.051463426684673,-15.949847262508126,-17.940497250174225,-7.658487429550692,-3.6200641887238216,0.0030937260508565757,upper,0.1
437,phase2,upper,-15.0,2,-15.043433727918034,-15.949847262508126,-17.940497250174225,-7.658487429550692,-3.6200641887238216,0.002587747486581661,upper,0.1
438,phase2,upper,-15.0,2,-15.036335750936276,-15.949847262508126,-17.940497250174225,-7.658487429550692,-3.6200641887238216,0.002141797724021069,upper,0.1
439,phase2,upper,-15.0,2,-15.030099698377965,-15.949847262508126,-17.940497250174225,-7.658487429550692,-3.6200641887238216,0.0017517942982562958,upper,0.1
440,phase2,upper,-15.0,2,-15.024654479118986,-15.949847262508126,-17.940497250174225,-7.658487429550692,-3.6200641887238216,0.0014131957623351485,upper,0.1
441,phase2,upper,-15.0,2,-15.019929568564173,-15.949847262508126,-17.940497250174225,-7.658487429550692,-3.6200641887238216,0.0011213272039298427,upper,0.1
442,phase2,upper,-15.0,2,-15.015856326152106,-15.949847262508126,-17.940497250174225,-7.658487429550692,-3.6200641887238216,0.000871573073283068,upper,0.1
443,phase2,upper,-15.0,2,-15.012368922898121,-15.949847262508126,-17.940497250174225,-7.658487429550692,-3.6200641887238216,0.0006594917165491503,upper,0.1
444,phase2,upper,-15.0,2,-15.009404978912082,-15.949847262508126,-17.940497250174225,-7.658487429550692,-3.6200641887238216,0.00048088249834980204,upper,0.1
445,phase2,upper,-15.0,2,-15.006905979719107,-15.949847262508126,-17.940497250174225,-7.658487429550692,-3.6200641887238216,0.00033182334655245717,upper,0.1
446,phase2,lower,-20.0,4,-15.006905979719107,-16.398613620262836,-18.28333476907053,-7.6492577909822295,-3.5677492222090708,-0.012824759505332059,upper,0.1
447,phase2,upper,-15.0,2,-15.016658445823174,-16.398613620262836,-18.28333476907053,-7.6492577909822295,-3.5677492222090708,-0.006238036336605536,upper,0.1
448,phase2,upper,-15.0,2,-15.020377171190527,-16.398613620262836,-18.28333476907053,-7.6492577909822295,-3.5677492222090708,-0.0027274800904447637,upper,0.1
449,phase2,upper,-15.0,2,-15.020929307266073,-16.398613620262836,-18.28333476907053,-7.6492577909822295,-3.5677492222090708,-0.0008963837491290386,upper,0.1
450,phase2,upper,-15.0,2,-15.0198851920691,-16.398613620262836,-18.28333476907053,-7.6492577909822295,-3.5677492222090708,2.207372950191656e-05,upper,0.1
451,phase2,upper,-15.0,2,-15.01810116858629,-16.398613620262836,-18.28333476907053,-7.6492577909822295,-3.5677492222090708,0.00044859774816549864,upper,0.1
452,phase2,upper,-15.0,2,-15.016040216739528,-16.398613620262836,-18.28333476907053,-7.6492577909822295,-3.5677492222090708,0.0006136987055826899,upper,0.1
453,phase2,upper,-15.0,2,-15.013948472484529,-16.398613620262836,-18.28333476907053,-7.6492577909822295,-3.5677492222090708,0.0006433714801236689,upper,0.1
454,phase2,upper,-15.0,2,-15.011952509297755,-16.398613620262836,-18.28333476907053,-7.6492577909822295,-3.5677492222090708,0.0006061826028767973,upper,0.1
455,phase2,upper,-15.0,2,-15.010113031097477,-16.398613620262836,-18.28333476907053,-7.6492577909822295,-3.5677492222090708,0.0005391525071503086,upper,0.1
456,phase2,upper,-15.0,2,-15.008454568918033,-16.398613620262836,-18.28333476907053,-7.6492577909822295,-3.5677492222090708,0.00046198541835722364,upper,0.1
457,phase2,lower,-20.0,4,-15.008454568918033,-16.836669948267087,-18.588023491465943,-7.6241543498394995,-3.5114067596454985,-0.0071927697338771066,upper,0.1
458,phase2,upper,-15.0,2,-15.013871231473914,-16.836669948267087,-18.588023491465943,-7.6241543498394995,-3.5114067596454985,-0.003365934820473649,upper,0.1
459,phase2,upper,-15.0,2,-15.015747823761131,-16.836669948267087,-18.588023491465943,-7.6241543498394995,-3.5114067596454985,-0.0013369185324233134,upper,0.1
460,phase2,lower,-20.0,4,-15.015747823761131,-17.263008529266152,-18.857265381645096,-7.585295287035443,-3.452412886096451,-0.0024386435338033807,upper,0.1
461,phase2,upper,-15.0,2,-15.016759686921315,-17.263008529266152,-18.857265381645096,-7.585295287035443,-3.452412886096451,-0.0008289630605513334,upper,0.1
462,phase2,upper,-15.0,2,-15.016304160514048,-17.263008529266152,-18.857265381645096,-7.585295287035443,-3.452412886096451,-1.1544676589336393e-05,upper,0.1
463,phase2,upper,-15.0,2,-15.015130854306353,-17.263008529266152,-18.857265381645096,-7.585295287035443,-3.452412886096451,0.00037693524639637196,upper,0.1
464,phase2,upper,-15.0,2,-15.013649342336638,-17.263008529266152,-18.857265381645096,-7.585295287035443,-3.452412886096451,0.0005358195776086184,upper,0.1
465,phase2,upper,-15.0,2,-15.012081315930319,-17.263008529266152,-18.857265381645096,-7.585295287035443,-3.452412886096451,0.0005743108723448901,upper,0.1
466,phase2,upper,-15.0,2,-15.010544462524026,-17.263008529266152,-18.857265381645096,-7.585295287035443,-3.452412886096451,0.0005520541794520841,upper,0.1
467,phase2,upper,-15.0,2,-15.00909878881205,-17.263008529266152,-18.857265381645096,-7.585295287035443,-3.452412886096451,0.0005014461781101419,upper,0.1
468,phase2,upper,-15.0,2,-15.00777226985532,-17.263008529266152,-18.857265381645096,-7.585295287035443,-3.452412886096451,0.0004399027259565627,upper,0.1
469,phase2,upper,-15.0,2,-15.006575103773798,-17.263008529266152,-18.857265381645096,-7.585295287035443,-3.452412886096451,0.00037660760484376795,upper,0.1
470,phase2,upper,-15.0,2,-15.005507674853998,-17.263008529266152,-18.857265381645096,-7.585295287035443,-3.452412886096451,0.00031622745279760776,upper,0.1
471,phase2,upper,-15.0,2,-15.004565032837682,-17.263008529266152,-18.857265381645096,-7.585295287035443,-3.452412886096451,0.0002609583396989853,upper,0.1
472,phase2,upper,-15.0,2,-15.003739434870262,-17.263008529266152,-18.857265381645096,-7.585295287035443,-3.452412886096451,0.00021165438003085566,upper,0.1
473,phase2,upper,-15.0,2,-15.003021803248211,-17.263008529266152,-18.857265381645096,-7.585295287035443,-3.452412886096451,0.00016845085112093206,upper,0.1
474,phase2,upper,-15.0,2,-15.002402570805382,-17.263008529266152,-18.857265381645096,-7.585295287035443,-3.452412886096451,0.00013110861358177575,upper,0.1
475,phase2,upper,-15.0,2,-15.001872175931926,-17.263008529266152,-18.857265381645096,-7.585295287035443,-3.452412886096451,9.920460390560011e-05,upper,0.1
476,phase2,upper,-15.0,2,-15.001421353593665,-17.263008529266152,-18.857265381645096,-7.585295287035443,-3.452412886096451,7.223709634433952e-05,upper,0.1
477,phase2,upper,-15.0,2,-15.001041304884886,-17.263008529266152,-18.857265381645096,-7.585295287035443,-3.452412886096451,4.968360603245884e-05,upper,0.1
478,phase2,upper,-15.0,2,-15.000723792293769,-17.263008529266152,-18.857265381645096,-7.585295287035443,-3.452412886096451,3.103235239070036e-05,upper,0.1
479,phase2,upper,-15.0,2,-15.000461188180248,-17.263008529266152,-18.857265381645096,-7.585295287035443,-3.452412886096451,1.579887181134912e-05,upper,0.1
480,phase2,upper,-15.0,2,-15.000246492924198,-17.263008529266152,-18.857265381645096,-7.585295287035443,-3.452412886096451,3.534228167234669e-06,upper,0.1
481,phase2,lower,-20.0,4,-15.000246492924198,-17.672431033698697,-19.090611080634616,-7.532543750302423,-3.390459465014069,0.0026818229505778945,upper,0.1
482,phase2,upper,-15.0,2,-14.99766287307995,-17.672431033698697,-19.090611080634616,-7.532543750302423,-3.390459465014069,0.0013061899065236234,upper,0.1
483,phase2,upper,-15.0,2,-14.996416673665424,-17.672431033698697,-19.090611080634616,-7.532543750302423,-3.390459465014069,0.000563562681716202,upper,0.1
484,phase2,upper,-15.0,2,-14.995909695880169,-17.672431033698697,-19.090611080634616,-7.532543750302423,-3.390459465014069,0.000168666500549735,upper,0.1
485,phase2,upper,-15.0,2,-14.995809134561023,-17.672431033698697,-19.090611080634616,-7.532543750302423,-3.390459465014069,-3.545107050429515e-05,upper,0.1
486,phase2,upper,-15.0,2,-14.995928871826614,-17.672431033698697,-19.090611080634616,-7.532543750302423,-3.390459465014069,-0.00013519217052405182,upper,0.1
487,phase2,upper,-15.0,2,-14.996164132742438,-17.672431033698697,-19.090611080634616,-7.532543750302423,-3.390459465014069,-0.0001781550921465149,upper,0.1
488,phase2,upper,-15.0,2,-14.996455470663365,-17.672431033698697,-19.090611080634616,-7.532543750302423,-3.390459465014069,-0.00019058216245898508,upper,0.1
489,phase2,lower,-20.0,4,-14.996455470663365,-18.064420562338505,-19.290715275631015,-7.4679051534753516,-3.326776125001111,0.006987312237183747,upper,0.1
490,phase2,upper,-15.0,2,-14.990308773760512,-18.064420562338505,-19.290715275631015,-7.4679051534753516,-3.326776125001111,0.003330216686075959,upper,0.1
491,phase2,upper,-15.0,2,-14.98765301962629,-18.064420562338505,-19.290715275631015,-7.4679051534753516,-3.326776125001111,0.0013717990684846831,upper,0.1
492,phase2,upper,-15.0,2,-14.986887600188016,-18.064420562338505,-19.290715275631015,-7.4679051534753516,-3.326776125001111,0.00034400010744883093,upper,0.1
493,phase2,upper,-15.0,2,-14.987126536641119,-18.064420562338505,-19.290715275631015,-7.4679051534753516,-3.326776125001111,-0.00017544365222694965,upper,0.1
494,phase2,upper,-15.0,2,-14.987878487655834,-18.064420562338505,-19.290715275631015,-7.4679051534753516,-3.326776125001111,-0.00041870663486358924,upper,0.1
495,phase2,lower,-20.0,4,-14.987878487655834,-18.437426869639133,-19.45930800585431,-7.392687997036928,-3.2620150512184956,0.01086819808087,upper,0.1
496,phase2,upper,-15.0,2,-14.978712387816849,-18.437426869639133,-19.45930800585431,-7.392687997036928,-3.2620150512184956,0.005017146748342971,upper,0.1
497,phase2,upper,-15.0,2,-14.975120447479714,-18.437426869639133,-19.45930800585431,-7.392687997036928,-3.2620150512184956,0.001902887797467235,upper,0.1
498,phase2,upper,-15.0,2,-14.974519915212012,-18.437426869639133,-19.45930800585431,-7.392687997036928,-3.2620150512184956,0.00028611445265202325,upper,0.1
499,phase2,upper,-15.0,2,-14.975482264902626,-18.437426869639133,-19.45930800585431,-7.392687997036928,-3.2620150512184956,-0.0005144197190201626,upper,0.1
500,phase2,upper,-15.0,2,-14.97721658676909,-18.437426869639133,-19.45930800585431,-7.392687997036928,-3.2620150512184956,-0.0008731767444998697,upper,0.1
501,phase2,lower,-20.0,4,-14.97721658676909,-18.7904008423307,-19.598286896999415,-7.308270586635807,-3.1968402954860538,0.01428409090034884,upper,0.1
502,phase2,upper,-15.0,2,-14.965643594564037,-18.7904008423307,-19.598286896999415,-7.308270586635807,-3.1968402954860538,0.00643114420871709,upper,0.1
503,phase2,upper,-15.0,2,-14.96152985366636,-18.7904008423307,-19.598286896999415,-7.308270586635807,-3.1968402954860538,0.0022712544993077014,upper,0.1
504,phase2,upper,-15.0,2,-14.961387566477146,-18.7904008423307,-19.598286896999415,-7.308270586635807,-3.1968402954860538,0.00012997608206639314,upper,0.1
505,phase2,upper,-15.0,2,-14.96328943655646,-18.7904008423307,-19.598286896999415,-7.308270586635807,-3.1968402954860538,-0.000912988355687414,upper,0.1
506,phase2,upper,-15.0,2,-14.9661703475195,-18.7904008423307,-19.598286896999415,-7.308270586635807,-3.1968402954860538,-0.0013633512677303065,upper,0.1
507,phase2,upper,-15.0,2,-14.969442794742582,-18.7904008423307,-19.598286896999415,-7.308270586635807,-3.1968402954860538,-0.001498842898211532,upper,0.1
508,phase2,upper,-15.0,2,-14.972784810896467,-18.7904008423307,-19.598286896999415,-7.308270586635807,-3.1968402954860538,-0.001471773998751677,upper,0.1
509,phase2,upper,-15.0,2,-14.97602276937979,-18.7904008423307,-19.598286896999415,-7.308270586635807,-3.1968402954860538,-0.0013654223628941301,upper,0.1
510,phase2,upper,-15.0,2,-14.979066413777902,-18.7904008423307,-19.598286896999415,-7.308270586635807,-3.1968402954860538,-0.0012250450919888472,upper,0.1
511,phase2,upper,-15.0,2,-14.981872670315632,-18.7904008423307,-19.598286896999415,-7.308270586635807,-3.1968402954860538,-0.0010749452457928948,upper,0.1
512,phase2,upper,-15.0,2,-14.984425353776318,-18.7904008423307,-19.598286896999415,-7.308270586635807,-3.1968402954860538,-0.0009278721144170503,upper,0.1
513,phase2,upper,-15.0,2,-14.986723675930046,-18.7904008423307,-19.598286896999415,-7.308270586635807,-3.1968402954860538,-0.0007902053702072442,upper,0.1
514,phase2,upper,-15.0,2,-14.988775651884751,-18.7904008423307,-19.598286896999415,-7.308270586635807,-3.1968402954860538,-0.0006648191525635472,upper,0.1
515,phase2,upper,-15.0,2,-14.990594251075258,-18.7904008423307,-19.598286896999415,-7.308270586635807,-3.1968402954860538,-0.0005526682524256455,upper,0.1
516,phase2,upper,-15.0,2,-14.99219510250177,-18.7904008423307,-19.598286896999415,-7.308270586635807,-3.1968402954860538,-0.00045366941149119536,upper,0.1
517,phase2,upper,-15.0,2,-14.99359509356799,-18.7904008423307,-19.598286896999415,-7.308270586635807,-3.1968402954860538,-0.0003671929629486274,upper,0.1
518,phase2,upper,-15.0,2,-14.994811493604306,-18.7904008423307,-19.598286896999415,-7.308270586635807,-3.1968402954860538,-0.0002923383715354842,upper,0.1
519,phase2,upper,-15.0,2,-14.99586139410072,-18.7904008423307,-19.598286896999415,-7.308270586635807,-3.1968402954860538,-0.00022808935734035685,upper,0.1
520,phase2,upper,-15.0,2,-14.996761346710851,-18.7904008423307,-19.598286896999415,-7.308270586635807,-3.1968402954860538,-0.0001734014651079166,upper,0.1
521,phase2,upper,-15.0,2,-14.997527129575703,-18.7904008423307,-19.598286896999415,-7.308270586635807,-3.1968402954860538,-0.0001272513774143757,upper,0.1
522,phase2,upper,-15.0,2,-14.998173600227462,-18.7904008423307,-19.598286896999415,-7.308270586635807,-3.1968402954860538,-8.866429057416007e-05,upper,0.1
523,phase2,upper,-15.0,2,-14.998714609034828,-18.7904008423307,-19.598286896999415,-7.308270586635807,-3.1968402954860538,-5.6728510431117434e-05,upper,0.1
524,phase2,upper,-15.0,2,-14.99916295620831,-18.7904008423307,-19.598286896999415,-7.308270586635807,-3.1968402954860538,-3.0602462797723554e-05,upper,0.1
525,phase2,upper,-15.0,2,-14.999530380746856,-18.7904008423307,-19.598286896999415,-7.308270586635807,-3.1968402954860538,-9.517111539037145e-06,upper,0.1
526,phase2,upper,-15.0,2,-14.99982757299898,-18.7904008423307,-19.598286896999415,-7.308270586635807,-3.1968402954860538,7.224454408023779e-06,upper,0.1
527,phase2,upper,-15.0,2,-15.00006420462692,-18.7904008423307,-19.598286896999415,-7.308270586635807,-3.1968402954860538,2.0249199951008877e-05,upper,0.1
528,phase2,upper,-15.0,2,-15.000248971194967,-18.7904008423307,-19.598286896999415,-7.308270586635807,-3.1968402954860538,3.0117423103761984e-05,upper,0.1
529,phase2,upper,-15.0,2,-15.000389643627601,-18.7904008423307,-19.598286896999415,-7.308270586635807,-3.1968402954860538,3.7326703378307e-05,upper,0.1
530,phase2,upper,-15.0,2,-15.00049312555284,-18.7904008423307,-19.598286896999415,-7.308270586635807,-3.1968402954860538,4.23162297284583e-05,upper,0.1
531,phase2,upper,-15.0,2,-15.000565514148295,-18.7904008423307,-19.598286896999415,-7.308270586635807,-3.1968402954860538,4.54713073511589e-05,upper,0.1
532,phase2,upper,-15.0,2,-15.000612162592581,-18.7904008423307,-19.598286896999415,-7.308270586635807,-3.1968402954860538,4.7127900932209645e-05,upper,0.1
533,phase2,upper,-15.0,2,-15.000637742623045,-18.7904008423307,-19.598286896999415,-7.308270586635807,-3.1968402954860538,4.757711195143521e-05,upper,0.1
534,phase2,upper,-15.0,2,-15.000646306031546,-18.7904008423307,-19.598286896999415,-7.308270586635807,-3.1968402954860538,4.706951638062618e-05,upper,0.1
535,phase2,upper,-15.0,2,-15.000641344205851,-18.7904008423307,-19.598286896999415,-7.308270586635807,-3.1968402954860538,4.581931048716865e-05,upper,0.1
536,phase2,upper,-15.0,2,-15.000625845054232,-18.7904008423307,-19.598286896999415,-7.308270586635807,-3.1968402954860538,4.4008228817938876e-05,upper,0.1
537,phase2,upper,-15.0,2,-15.000602346842026,-18.7904008423307,-19.598286896999415,-7.308270586635807,-3.1968402954860538,4.1789211183527957e-05,upper,0.1
538,phase2,upper,-15.0,2,-15.000572988626812,-18.7904008423307,-19.598286896999415,-7.308270586635807,-3.1968402954860538,3.928980547732748e-05,upper,0.1
539,phase2,upper,-15.0,2,-15.000539557108066,-18.7904008423307,-19.598286896999415,-7.308270586635807,-3.1968402954860538,3.661530104478853e-05,upper,0.1
540,phase2,upper,-15.0,2,-15.00050352981182,-18.7904008423307,-19.598286896999415,-7.308270586635807,-3.1968402954860538,3.385159347634179e-05,upper,0.1
541,phase2,upper,-15.0,2,-15.000466114614309,-18.7904008423307,-19.598286896999415,-7.308270586635807,-3.1968402954860538,3.1067786453738686e-05,upper,0.1
542,phase2,upper,-15.0,2,-15.00042828567409,-18.7904008423307,-19.598286896999415,-7.308270586635807,-3.1968402954860538,2.8318539874658158e-05,upper,0.1
543,phase2,upper,-15.0,2,-15.00039081589219,-18.7904008423307,-19.598286896999415,-7.308270586635807,-3.1968402954860538,2.564617612020329e-05,upper,0.1
544,phase2,upper,-15.0,2,-15.000354306057117,-18.7904008423307,-19.598286896999415,-7.308270586635807,-3.1968402954860538,2.3082558173667904e-05,upper,0.1
545,phase2,upper,-15.0,2,-15.000319210857874,-18.7904008423307,-19.598286896999415,-7.308270586635807,-3.1968402954860538,2.0650754498780487e-05,upper,0.1
546,phase2,upper,-15.0,2,-15.0002858619656,-18.7904008423307,-19.598286896999415,-7.308270586635807,-3.1968402954860538,1.8366506250297437e-05,upper,0.1
547,phase2,upper,-15.0,2,-15.000254488394429,-18.7904008423307,-19.598286896999415,-7.308270586635807,-3.1968402954860538,1.6239512631549177e-05,upper,0.1
548,phase2,upper,-15.0,2,-15.000225234356316,-18.7904008423307,-19.598286896999415,-7.308270586635807,-3.1968402954860538,1.427455011543098e-05,upper,0.1
549,phase2,upper,-15.0,2,-15.000198174823844,-18.7904008423307,-19.598286896999415,-7.308270586635807,-3.1968402954860538,1.247244088277918e-05,upper,0.1
550,phase2,upper,-15.0,2,-15.000173329010634,-18.7904008423307,-19.598286896999415,-7.308270586635807,-3.1968402954860538,1.0830885270543784e-05,upper,0.1
551,phase2,upper,-15.0,2,-15.000150671971781,-18.7904008423307,-19.598286896999415,-7.308270586635807,-3.1968402954860538,9.345172311721862e-06,upper,0.1
552,phase2,upper,-15.0,2,-15.000130144517271,-18.7904008423307,-19.598286896999415,-7.308270586635807,-3.1968402954860538,8.008781637587778e-06,upper,0.1
553,phase2,upper,-15.0,2,-15.000111661620604,-18.7904008423307,-19.598286896999415,-7.308270586635807,-3.1968402954860538,6.813889133182076e-06,upper,0.1
554,phase2,upper,-15.0,2,-15.000095119492945,-18.7904008423307,-19.598286896999415,-7.308270586635807,-3.1968402954860538,5.751787823884393e-06,upper,0.1
555,phase2,upper,-15.0,2,-15.000080401480812,-18.7904008423307,-19.598286896999415,-7.308270586635807,-3.1968402954860538,4.813234543805301e-06,upper,0.1
556,phase2,upper,-15.0,2,-15.000067382932707,-18.7904008423307,-19.598286896999415,-7.308270586635807,-3.1968402954860538,3.988732019481332e-06,upper,0.1
557,phase2,upper,-15.0,2,-15.000055935167603,-18.7904008423307,-19.598286896999415,-7.308270586635807,-3.1968402954860538,3.2687551049615574e-06,upper,0.1
558,phase2,upper,-15.0,2,-15.000045928665946,-18.7904008423307,-19.598286896999415,-7.308270586635807,-3.1968402954860538,2.6439290439920075e-06,upper,0.1
559,phase2,upper,-15.0,2,-15.000037235592073,-18.7904008423307,-19.598286896999415,-7.308270586635807,-3.1968402954860538,2.1051668139657874e-06,upper,0.1
560,phase2,upper,-15.0,2,-15.00002973174566,-18.7904008423307,-19.598286896999415,-7.308270586635807,-3.1968402954860538,1.6437718357991648e-06,upper,0.1
561,phase2,upper,-15.0,2,-15.000023298029266,-18.7904008423307,-19.598286896999415,-7.308270586635807,-3.1968402954860538,1.2515116126627357e-06,upper,0.1
562,phase2,upper,-15.0,2,-15.000017821509116,-18.7904008423307,-19.598286896999415,-7.308270586635807,-3.1968402954860538,9.206671955080947e-07,upper,0.1
563,phase2,upper,-15.0,2,-15.000013196137093,-18.7904008423307,-19.598286896999415,-7.308270586635807,-3.1968402954860538,6.440627599586573e-07,upper,0.1
564,phase2,upper,-15.0,2,-15.000009323193462,-18.7904008423307,-19.598286896999415,-7.308270586635807,-3.1968402954860538,4.1507902191972434e-07,upper,0.1
565,phase2,upper,-15.0,2,-15.000006111502195,-18.7904008423307,-19.598286896999415,-7.308270586635807,-3.1968402954860538,2.2765371134148447e-07,upper,0.1
566,phase2,upper,-15.0,2,-15.000003477463691,-18.7904008423307,-19.598286896999415,-7.308270586635807,-3.1968402954860538,7.627186975774682e-08,upper,0.1
567,phase2,upper,-15.0,2,-15.000001344943453,-18.7904008423307,-19.598286896999415,-7.308270586635807,-3.1968402954860538,-4.4051673148421727e-08,upper,0.1
568,phase2,upper,-15.0,2,-14.999999645049577,-18.7904008423307,-19.598286896999415,-7.308270586635807,-3.1968402954860538,-1.3779565059310356e-07,upper,0.1
569,phase2,upper,-15.0,2,-14.999998315826938,-18.7904008423307,-19.598286896999415,-7.308270586635807,-3.1968402954860538,-2.0895986676040416e-07,upper,0.1
570,phase2,upper,-15.0,2,-14.999997301891414,-18.7904008423307,-19.598286896999415,-7.308270586635807,-3.1968402954860538,-2.6109547297048436e-07,upper,0.1
571,phase2,upper,-15.0,2,-14.999996554023646,-18.7904008423307,-19.598286896999415,-7.308270586635807,-3.1968402954860538,-2.9733687170301746e-07,upper,0.1
572,phase2,upper,-15.0,2,-14.999996028738334,-18.7904008423307,-19.598286896999415,-7.308270586635807,-3.1968402954860538,-3.2043432240781584e-07,upper,0.1
573,phase2,upper,-15.0,2,-14.999995687842105,-18.7904008423307,-19.598286896999415,-7.308270586635807,-3.1968402954860538,-3.3278650857723256e-07,upper,0.1
574,phase2,upper,-15.0,2,-14.999995497990406,-18.7904008423307,-19.598286896999415,-7.308270586635807,-3.1968402954860538,-3.364724861272157e-07,upper,0.1
575,phase2,upper,-15.0,2,-14.999995430251634,-18.7904008423307,-19.598286896999415,-7.308270586635807,-3.1968402954860538,-3.332825669142385e-07,upper,0.1
576,phase2,upper,-15.0,2,-14.999995459684847,-18.7904008423307,-19.598286896999415,-7.308270586635807,-3.1968402954860538,-3.247478075617279e-07,upper,0.1
577,phase2,upper,-15.0,2,-14.99999556493578,-18.7904008423307,-19.598286896999415,-7.308270586635807,-3.1968402954860538,-3.121678686956892e-07,upper,0.1
578,phase2,upper,-15.0,2,-14.99999572785455,-18.7904008423307,-19.598286896999415,-7.308270586635807,-3.1968402954860538,-2.966370902131309e-07,upper,0.1
579,phase2,upper,-15.0,2,-14.999995933137322,-18.7904008423307,-19.598286896999415,-7.308270586635807,-3.1968402954860538,-2.7906869267559495e-07,upper,0.1
580,phase2,upper,-15.0,2,-14.999996167993263,-18.7904008423307,-19.598286896999415,-7.308270586635807,-3.1968402954860538,-2.602170691396665e-07,upper,0.1
581,phase2,upper,-15.0,2,-14.999996421837432,-18.7904008423307,-19.598286896999415,-7.308270586635807,-3.1968402954860538,-2.4069817329192977e-07,upper,0.1
582,phase2,lower,-20.0,4,-14.999996421837432,-19.121189664425927,-19.708598341078957,-7.215316269722147,-3.131379746617326,0.01762027944689901,upper,0.1
583,phase2,upper,-15.0,2,-14.984138217878993,-19.121189664425927,-19.708598341078957,-7.215316269722147,-3.131379746617326,0.008633833863042818,upper,0.1
584,phase2,upper,-15.0,2,-14.976843590047643,-19.121189664425927,-19.708598341078957,-7.215316269722147,-3.131379746617326,0.0037975491673458662,upper,0.1
585,phase2,upper,-15.0,2,-14.974211032460282,-19.121189664425927,-19.708598341078957,-7.215316269722147,-3.131379746617326,0.001236778093121261,upper,0.1
586,phase2,upper,-15.0,2,-14.974081420824021,-19.121189664425927,-19.708598341078957,-7.215316269722147,-3.131379746617326,-7.91337822826628e-05,upper,0.1
587,phase2,upper,-15.0,2,-14.97525726902351,-19.121189664425927,-19.708598341078957,-7.215316269722147,-3.131379746617326,-0.0007169164270087005,upper,0.1
588,phase2,upper,-15.0,2,-14.977073070174281,-19.121189664425927,-19.708598341078957,-7.215316269722147,-3.131379746617326,-0.0009882191055472908,upper,0.1
589,phase2,upper,-15.0,2,-14.979158604590575,-19.121189664425927,-19.708598341078957,-7.215316269722147,-3.131379746617326,-0.0010643829065726865,upper,0.1
590,phase2,upper,-15.0,2,-14.981308342070914,-19.121189664425927,-19.708598341078957,-7.215316269722147,-3.131379746617326,-0.0010395281287053093,upper,0.1
591,phase2,upper,-15.0,2,-14.983409205701243,-19.121189664425927,-19.708598341078957,-7.215316269722147,-3.131379746617326,-0.0009652425726336831,upper,0.1
592,phase2,upper,-15.0,2,-14.985400466772516,-19.121189664425927,-19.708598341078957,-7.215316269722147,-3.131379746617326,-0.000869663841521961,upper,0.1
593,phase2,upper,-15.0,2,-14.987251353482543,-19.121189664425927,-19.708598341078957,-7.215316269722147,-3.131379746617326,-0.0007679842464310548,upper,0.1
594,phase2,upper,-15.0,2,-14.988948446224834,-19.121189664425927,-19.708598341078957,-7.215316269722147,-3.131379746617326,-0.0006682400534297464,upper,0.1
595,phase2,upper,-15.0,2,-14.990488498186696,-19.121189664425927,-19.708598341078957,-7.215316269722147,-3.131379746617326,-0.0005745070071957203,upper,0.1
596,phase2,upper,-15.0,2,-14.991874279450174,-19.121189664425927,-19.708598341078957,-7.215316269722147,-3.131379746617326,-0.0004886682417948355,upper,0.1
597,phase2,upper,-15.0,2,-14.99311211973617,-19.121189664425927,-19.708598341078957,-7.215316269722147,-3.131379746617326,-0.0004113955568200951,upper,0.1
598,phase2,upper,-15.0,2,-14.994210417044428,-19.121189664425927,-19.708598341078957,-7.215316269722147,-3.131379746617326,-0.00034269651311603786,upper,0.1
599,phase2,upper,-15.0,2,-14.995178705189824,-19.121189664425927,-19.708598341078957,-7.215316269722147,-3.131379746617326,-0.00028222126457075726,upper,0.1
600,phase2,upper,-15.0,2,-14.996027052633169,-19.121189664425927,-19.708598341078957,-7.215316269722147,-3.131379746617326,-0.00022943591647408323,upper,0.1
601,phase2,lower,-20.0,4,-14.996027052633169,-19.43013702441606,-19.792774712840288,-7.115557206712938,-3.066519698342655,0.020280782986361025,upper,0.1
602,phase2,upper,-15.0,2,-14.978306466967828,-19.43013702441606,-19.792774712840288,-7.115557206712938,-3.066519698342655,0.00986628595432664,upper,0.1
603,phase2,upper,-15.0,2,-14.970454182654747,-19.43013702441606,-19.792774712840288,-7.115557206712938,-3.066519698342655,0.004276137700778025,upper,0.1
604,phase2,upper,-15.0,2,-14.967938621284024,-19.43013702441606,-19.792774712840288,-7.115557206712938,-3.066519698342655,0.0013288995834214467,upper,0.1
605,phase2,upper,-15.0,2,-14.968255885587418,-19.43013702441606,-19.792774712840288,-7.115557206712938,-3.066519698342655,-0.00017448591204020415,upper,0.1
606,phase2,upper,-15.0,2,-14.970020894523014,-19.43013702441606,-19.792774712840288,-7.115557206712938,-3.066519698342655,-0.0008931040839488063,upper,0.1
607,phase2,upper,-15.0,2,-14.972467210748475,-19.43013702441606,-19.792774712840288,-7.115557206712938,-3.066519698342655,-0.001189167135952899,upper,0.1
608,phase2,upper,-15.0,2,-14.975171504564107,-19.43013702441606,-19.792774712840288,-7.115557206712938,-3.066519698342655,-0.0012616116687678269,upper,0.1
609,phase2,upper,-15.0,2,-14.977901529332083,-19.43013702441606,-19.792774712840288,-7.115557206712938,-3.066519698342655,-0.0012195328968254524,upper,0.1
610,phase2,upper,-15.0,2,-14.980532043296579,-19.43013702441606,-19.792774712840288,-7.115557206712938,-3.066519698342655,-0.0011225611473201554,upper,0.1
611,phase2,upper,-15.0,2,-14.982998142361163,-19.43013702441606,-19.792774712840288,-7.115557206712938,-3.066519698342655,-0.0010030722004098181,upper,0.1
612,phase2,upper,-15.0,2,-14.98526921942205,-19.43013702441606,-19.792774712840288,-7.115557206712938,-3.066519698342655,-0.0008784130201193441,upper,0.1
613,phase2,upper,-15.0,2,-14.987334320857723,-19.43013702441606,-19.792774712840288,-7.115557206712938,-3.066519698342655,-0.0007576381226161188,upper,0.1
614,phase2,upper,-15.0,2,-14.98919382189874,-19.43013702441606,-19.792774712840288,-7.115557206712938,-3.066519698342655,-0.0006452266485905628,upper,0.1
615,phase2,upper,-15.0,2,-14.990854623750842,-19.43013702441606,-19.792774712840288,-7.115557206712938,-3.066519698342655,-0.0005431375926938641,upper,0.1
616,phase2,upper,-15.0,2,-14.99232732918291,-19.43013702441606,-19.792774712840288,-7.115557206712938,-3.066519698342655,-0.0004519493640168911,upper,0.1
617,phase2,upper,-15.0,2,-14.993624542740092,-19.43013702441606,-19.792774712840288,-7.115557206712938,-3.066519698342655,-0.00037149399122000254,upper,0.1
618,phase2,upper,-15.0,2,-14.994759821107683,-19.43013702441606,-19.792774712840288,-7.115557206712938,-3.066519698342655,-0.00030121173370059373,upper,0.1
619,phase2,upper,-15.0,2,-14.995747008135183,-19.43013702441606,-19.792774712840288,-7.115557206712938,-3.066519698342655,-0.00024035043423749854,upper,0.1
620,phase2,upper,-15.0,2,-14.99659980437646,-19.43013702441606,-19.792774712840288,-7.115557206712938,-3.066519698342655,-0.0001880781921792494,upper,0.1
621,phase2,upper,-15.0,2,-14.997331484869678,-19.43013702441606,-19.792774712840288,-7.115557206712938,-3.066519698342655,-0.00014354727205095102,upper,0.1
622,phase2,upper,-15.0,2,-14.99795471442902,-19.43013702441606,-19.792774712840288,-7.115557206712938,-3.066519698342655,-0.00010593028590976191,upper,0.1
623,phase2,upper,-15.0,2,-14.998481429672287,-19.43013702441606,-19.792774712840288,-7.115557206712938,-3.066519698342655,-7.444038848980976e-05,upper,0.1
624,phase2,upper,-15.0,2,-14.998922768354298,-19.43013702441606,-19.792774712840288,-7.115557206712938,-3.066519698342655,-4.834209027813304e-05,upper,0.1
625,phase2,upper,-15.0,2,-14.999289033157204,-19.43013702441606,-19.792774712840288,-7.115557206712938,-3.066519698342655,-2.695645065816396e-05,upper,0.1
626,phase2,upper,-15.0,2,-14.999589681017026,-19.43013702441606,-19.792774712840288,-7.115557206712938,-3.066519698342655,-9.66283122563455e-06,upper,0.1
627,phase2,upper,-15.0,2,-14.99983333150324,-19.43013702441606,-19.792774712840288,-7.115557206712938,-3.066519698342655,4.101497640002279e-06,upper,0.1
628,phase2,upper,-15.0,2,-15.000027789355565,-19.43013702441606,-19.792774712840288,-7.115557206712938,-3.066519698342655,1.4843106959006905e-05,upper,0.1
629,phase2,upper,-15.0,2,-15.000180077373274,-19.43013702441606,-19.792774712840288,-7.115557206712938,-3.066519698342655,2.3015016334281925e-05,upper,0.1
630,phase2,upper,-15.0,2,-15.00029647664406,-19.43013702441606,-19.792774712840288,-7.115557206712938,-3.066519698342655,2.9019829895800214e-05,upper,0.1
631,phase2,upper,-15.0,2,-15.00038257170246,-19.43013702441606,-19.792774712840288,-7.115557206712938,-3.066519698342655,3.321317744825907e-05,upper,0.1
632,phase2,upper,-15.0,2,-15.00044329868441,-19.43013702441606,-19.792774712840288,-7.115557206712938,-3.066519698342655,3.5907303772301266e-05,upper,0.1
633,phase2,upper,-15.0,2,-15.00048299493183,-19.43013702441606,-19.792774712840288,-7.115557206712938,-3.066519698342655,3.7374693254023637e-05,upper,0.1
634,phase2,upper,-15.0,2,-15.000505448821071,-19.43013702441606,-19.792774712840288,-7.115557206712938,-3.066519698342655,3.785164783480314e-05,upper,0.1
635,phase2,upper,-15.0,2,-15.000513948856012,-19.43013702441606,-19.792774712840288,-7.115557206712938,-3.066519698342655,3.754175869050948e-05,upper,0.1
636,phase2,upper,-15.0,2,-15.00051133128985,-19.43013702441606,-19.792774712840288,-7.115557206712938,-3.066519698342655,3.6619228938154536e-05,upper,0.1
637,phase2,upper,-15.0,2,-15.000500025726508,-19.43013702441606,-19.792774712840288,-7.115557206712938,-3.066519698342655,3.523201771845245e-05,upper,0.1
638,phase2,upper,-15.0,2,-15.00048209830806,-19.43013702441606,-19.792774712840288,-7.115557206712938,-3.066519698342655,3.3504786252116334e-05,upper,0.1
639,phase2,upper,-15.0,2,-15.000459292223377,-19.43013702441606,-19.792774712840288,-7.115557206712938,-3.066519698342655,3.154163457032989e-05,upper,0.1
640,phase2,upper,-15.0,2,-15.000433065378788,-19.43013702441606,-19.792774712840288,-7.115557206712938,-3.066519698342655,2.94286240278814e-05,upper,0.1
641,phase2,upper,-15.0,2,-15.000404625157197,-19.43013702441606,-19.792774712840288,-7.115557206712938,-3.066519698342655,2.7236085740403623e-05,upper,0.1
642,phase2,lower,-20.0,4,-15.000404625157197,-19.716376280781315,-19.85232702108099,-7.009960424407878,-3.0025585937547694,0.02268047353642858,upper,0.1
643,phase2,upper,-15.0,2,-14.979987046555081,-19.716376280781315,-19.85232702108099,-7.009960424407878,-3.0025585937547694,0.011125107069826133,upper,0.1
644,phase2,upper,-15.0,2,-14.970578515675363,-19.716376280781315,-19.85232702108099,-7.009960424407878,-3.0025585937547694,0.004905279754348507,upper,0.1
645,phase2,upper,-15.0,2,-14.967163833476329,-19.716376280781315,-19.85232702108099,-7.009960424407878,-3.0025585937547694,0.0016109488120807703,upper,0.1
646,phase2,upper,-15.0,2,-14.96696769448463,-19.716376280781315,-19.85232702108099,-7.009960424407878,-3.0025585937547694,-8.288573326492674e-05,upper,0.1
647,phase2,upper,-15.0,2,-14.96845097118243,-19.716376280781315,-19.85232702108099,-7.009960424407878,-3.0025585937547694,-0.0009048020163535776,upper,0.1
648,phase2,upper,-15.0,2,-14.970758356115313,-19.716376280781315,-19.85232702108099,-7.009960424407878,-3.0025585937547694,-0.0012554481719055024,upper,0.1
649,phase2,upper,-15.0,2,-14.973414083302485,-19.716376280781315,-19.85232702108099,-7.009960424407878,-3.0025585937547694,-0.0013550947758532,upper,0.1
650,phase2,upper,-15.0,2,-14.9761540442484,-19.716376280781315,-19.85232702108099,-7.009960424407878,-3.0025585937547694,-0.0013247401328052868,upper,0.1
651,phase2,upper,-15.0,2,-14.978832932636555,-19.716376280781315,-19.85232702108099,-7.009960424407878,-3.0025585937547694,-0.0012307053334457783,upper,0.1
652,phase2,upper,-15.0,2,-14.981372695626746,-19.716376280781315,-19.85232702108099,-7.009960424407878,-3.0025585937547694,-0.0011091660971838334,upper,0.1
653,phase2,upper,-15.0,2,-14.983733756757047,-19.716376280781315,-19.85232702108099,-7.009960424407878,-3.0025585937547694,-0.0009796574709625997,upper,0.1
654,phase2,upper,-15.0,2,-14.985898819268646,-19.716376280781315,-19.85232702108099,-7.009960424407878,-3.0025585937547694,-0.0008525160871643192,upper,0.1
655,phase2,lower,-20.0,4,-14.985898819268646,-19.98073861928973,-19.88979811653668,-6.9001717718184965,-2.940268956284809,0.02443636299724129,upper,0.1
656,phase2,upper,-15.0,2,-14.965103651893298,-19.98073861928973,-19.88979811653668,-6.9001717718184965,-2.940268956284809,0.011658562785702743,upper,0.1
657,phase2,upper,-15.0,2,-14.956402120553836,-19.98073861928973,-19.88979811653668,-6.9001717718184965,-2.940268956284809,0.004827011086883784,upper,0.1
658,phase2,upper,-15.0,2,-14.954202857115586,-19.98073861928973,-19.88979811653668,-6.9001717718184965,-2.940268956284809,0.0012503532377832554,upper,0.1
659,phase2,upper,-15.0,2,-14.955417800783925,-19.98073861928973,-19.88979811653668,-6.9001717718184965,-2.940268956284809,-0.0005506176576077525,upper,0.1
660,phase2,upper,-15.0,2,-14.958340483970634,-19.98073861928973,-19.88979811653668,-6.9001717718184965,-2.940268956284809,-0.0013888271721724903,upper,0.1
661,phase2,upper,-15.0,2,-14.962028618013845,-19.98073861928973,-19.88979811653668,-6.9001717718184965,-2.940268956284809,-0.0017108737323024545,upper,0.1
662,phase2,upper,-15.0,2,-14.96596388398905,-19.98073861928973,-19.88979811653668,-6.9001717718184965,-2.940268956284809,-0.001761876422960908,upper,0.1
663,phase2,upper,-15.0,2,-14.969864154641346,-19.98073861928973,-19.88979811653668,-6.9001717718184965,-2.940268956284809,-0.0016760905591325672,upper,0.1
664,phase2,upper,-15.0,2,-14.973579585849095,-19.98073861928973,-19.88979811653668,-6.9001717718184965,-2.940268956284809,-0.0015267342613270187,upper,0.1
665,phase2,upper,-15.0,2,-14.977034898098424,-19.98073861928973,-19.88979811653668,-6.9001717718184965,-2.940268956284809,-0.0013533995853052456,upper,0.1
666,phase2,upper,-15.0,2,-14.980197134961141,-19.98073861928973,-19.88979811653668,-6.9001717718184965,-2.940268956284809,-0.0011771429026119998,upper,0.1
667,phase2,upper,-15.0,2,-14.98305750737783,-19.98073861928973,-19.88979811653668,-6.9001717718184965,-2.940268956284809,-0.0010088010310552687,upper,0.1
668,phase2,upper,-15.0,2,-14.985621054623985,-19.98073861928973,-19.88979811653668,-6.9001717718184965,-2.940268956284809,-0.0008535809152437709,upper,0.1
669,phase2,upper,-15.0,2,-14.987900667711244,-19.98073861928973,-19.88979811653668,-6.9001717718184965,-2.940268956284809,-0.0007135978860314213,upper,0.1
670,phase2,lower,-20.0,4,-14.987900667711244,-20.222286807111853,-19.90632965515873,-6.7868075001234445,-2.8796628915377402,0.026102978003001782,upper,0.1
671,phase2,upper,-15.0,2,-14.965778650025538,-20.222286807111853,-19.90632965515873,-6.7868075001234445,-2.8796628915377402,0.01255083887933774,upper,0.1
672,phase2,upper,-15.0,2,-14.956442206664658,-20.222286807111853,-19.90632965515873,-6.7868075001234445,-2.8796628915377402,0.005299608598388704,upper,0.1
673,phase2,upper,-15.0,2,-14.953973995794037,-20.222286807111853,-19.90632965515873,-6.7868075001234445,-2.8796628915377402,0.0014972037312638413,upper,0.1
674,phase2,upper,-15.0,2,-14.955108468091188,-20.222286807111853,-19.90632965515873,-6.7868075001234445,-2.8796628915377402,-0.00042377428888373825,upper,0.1
675,phase2,upper,-15.0,2,-14.95804312682091,-20.222286807111853,-19.90632965515873,-6.7868075001234445,-2.8796628915377402,-0.001324601790541995,upper,0.1
676,phase2,upper,-15.0,2,-14.96178428941195,-20.222286807111853,-19.90632965515873,-6.7868075001234445,-2.8796628915377402,-0.0016783491845786072,upper,0.1
677,phase2,upper,-15.0,2,-14.965786648511607,-20.222286807111853,-19.90632965515873,-6.7868075001234445,-2.8796628915377402,-0.0017445963830667907,upper,0.1
678,phase2,lower,-20.0,4,-14.965786648511607,-20.4422612286613,-19.9044456922738,-6.67141371791194,-2.821428173005098,0.027154220707473996,upper,0.1
679,phase2,upper,-15.0,2,-14.94374544723011,-20.4422612286613,-19.9044456922738,-6.67141371791194,-2.821428173005098,0.012494951363981252,upper,0.1
680,phase2,upper,-15.0,2,-14.93555810148929,-20.4422612286613,-19.9044456922738,-6.67141371791194,-2.821428173005098,0.004710119529062721,upper,0.1
681,phase2,upper,-15.0,2,-14.934747960500212,-20.4422612286613,-19.9044456922738,-6.67141371791194,-2.821428173005098,0.0006833086067565047,upper,0.1
682,phase2,upper,-15.0,2,-14.937740330334037,-20.4422612286613,-19.9044456922738,-6.67141371791194,-2.821428173005098,-0.0012980786854914143,upper,0.1
683,phase2,upper,-15.0,2,-14.942562847326942,-20.4422612286613,-19.9044456922738,-6.67141371791194,-2.821428173005098,-0.0021749664900330926,upper,0.1
684,phase2,upper,-15.0,2,-14.948129927327644,-20.4422612286613,-19.9044456922738,-6.67141371791194,-2.821428173005098,-0.002463983245937465,upper,0.1
685,phase2,upper,-15.0,2,-14.953848307282536,-20.4422612286613,-19.9044456922738,-6.67141371791194,-2.821428173005098,-0.0024483824176606776,upper,0.1
686,phase2,upper,-15.0,2,-14.959399182130259,-20.4422612286613,-19.9044456922738,-6.67141371791194,-2.821428173005098,-0.0022829984057131316,upper,0.1
687,phase2,upper,-15.0,2,-14.9646175337629,-20.4422612286613,-19.9044456922738,-6.67141371791194,-2.821428173005098,-0.002051964978816735,upper,0.1
688,phase2,upper,-15.0,2,-14.9694250105524,-20.4422612286613,-19.9044456922738,-6.67141371791194,-2.821428173005098,-0.0018004730789623626,upper,0.1
689,phase2,upper,-15.0,2,-14.973792363702591,-20.4422612286613,-19.9044456922738,-6.67141371791194,-2.821428173005098,-0.0015522580279982228,upper,0.1
690,phase2,upper,-15.0,2,-14.977718241991672,-20.4422612286613,-19.9044456922738,-6.67141371791194,-2.821428173005098,-0.0013192393768920638,upper,0.1
691,phase2,upper,-15.0,2,-14.981217078521924,-20.4422612286613,-19.9044456922738,-6.67141371791194,-2.821428173005098,-0.0011068431367325998,upper,0.1
692,phase2,upper,-15.0,2,-14.984312063404186,-20.4422612286613,-19.9044456922738,-6.67141371791194,-2.821428173005098,-0.0009169464360129092,upper,0.1
693,phase2,upper,-15.0,2,-14.987030988797649,-20.4422612286613,-19.9044456922738,-6.67141371791194,-2.821428173005098,-0.0007495112274261768,upper,0.1
694,phase2,upper,-15.0,2,-14.989403738782586,-20.4422612286613,-19.9044456922738,-6.67141371791194,-2.821428173005098,-0.0006034937482864262,upper,0.1
695,phase2,lower,-20.0,4,-14.989403738782586,-20.63902281939601,-19.884501676416573,-6.5539747272187565,-2.7651274406503537,0.02843233467677981,upper,0.1
696,phase2,upper,-15.0,2,-14.965328493913338,-20.63902281939601,-19.884501676416573,-6.5539747272187565,-2.7651274406503537,0.013750203225686531,upper,0.1
697,phase2,upper,-15.0,2,-14.955078905851728,-20.63902281939601,-19.884501676416573,-6.5539747272187565,-2.7651274406503537,0.005888757933722104,upper,0.1
698,phase2,upper,-15.0,2,-14.952254861193264,-20.63902281939601,-19.884501676416573,-6.5539747272187565,-2.7651274406503537,0.0017606839364454003,upper,0.1
699,phase2,upper,-15.0,2,-14.953325970653676,-20.63902281939601,-19.884501676416573,-6.5539747272187565,-2.7651274406503537,-0.0003306037850547126,upper,0.1
700,phase2,lower,-20.0,4,-14.953325970653676,-20.813868248504615,-19.84878519102093,-6.435801117600473,-2.711313603174961,0.02918800698312175,upper,0.1
701,phase2,upper,-15.0,2,-14.929778038800876,-20.813868248504615,-19.84878519102093,-6.435801117600473,-2.711313603174961,0.013146817240220685,upper,0.1
702,phase2,upper,-15.0,2,-14.921451213721955,-20.813868248504615,-19.84878519102093,-6.435801117600473,-2.711313603174961,0.004650759551089454,upper,0.1
703,phase2,upper,-15.0,2,-14.92122160553508,-20.813868248504615,-19.84878519102093,-6.435801117600473,-2.711313603174961,0.00027845537851205215,upper,0.1
704,phase2,upper,-15.0,2,-14.92515372842841,-20.813868248504615,-19.84878519102093,-6.435801117600473,-2.711313603174961,-0.0018504627524174879,upper,0.1
705,phase2,upper,-15.0,2,-14.931073567116465,-20.813868248504615,-19.84878519102093,-6.435801117600473,-2.711313603174961,-0.0027692168968530806,upper,0.1
706,phase2,upper,-15.0,2,-14.937782769713431,-20.813868248504615,-19.84878519102093,-6.435801117600473,-2.711313603174961,-0.0030451876008822263,upper,0.1
707,phase2,upper,-15.0,2,-14.944625316438207,-20.813868248504615,-19.84878519102093,-6.435801117600473,-2.711313603174961,-0.002989489823470889,upper,0.1
708,phase2,upper,-15.0,2,-14.951248062527027,-20.813868248504615,-19.84878519102093,-6.435801117600473,-2.711313603174961,-0.002772192048061845,upper,0.1
709,phase2,upper,-15.0,2,-14.95746799972051,-20.813868248504615,-19.84878519102093,-6.435801117600473,-2.711313603174961,-0.002485685436218888,upper,0.1
710,phase2,upper,-15.0,2,-14.963198332320179,-20.813868248504615,-19.84878519102093,-6.435801117600473,-2.711313603174961,-0.002179556458495513,upper,0.1
711,phase2,upper,-15.0,2,-14.96840702901859,-20.813868248504615,-19.84878519102093,-6.435801117600473,-2.711313603174961,-0.0018797940653385672,upper,0.1
712,phase2,upper,-15.0,2,-14.973093360627342,-20.813868248504615,-19.84878519102093,-6.435801117600473,-2.711313603174961,-0.001599381695963019,upper,0.1
713,phase2,upper,-15.0,2,-14.977274444941365,-20.813868248504615,-19.84878519102093,-6.435801117600473,-2.711313603174961,-0.0013441485413126183,upper,0.1
714,phase2,upper,-15.0,2,-14.980977398647873,-20.813868248504615,-19.84878519102093,-6.435801117600473,-2.711313603174961,-0.0011160096352628066,upper,0.1
715,phase2,upper,-15.0,2,-14.984234663815563,-20.813868248504615,-19.84878519102093,-6.435801117600473,-2.711313603174961,-0.0009147656772066923,upper,0.1
716,phase2,upper,-15.0,2,-14.987081159000573,-20.813868248504615,-19.84878519102093,-6.435801117600473,-2.711313603174961,-0.0007391067205672915,upper,0.1
717,phase2,upper,-15.0,2,-14.9895525011621,-20.813868248504615,-19.84878519102093,-6.435801117600473,-2.711313603174961,-0.0005871743728891913,upper,0.1
718,phase2,upper,-15.0,2,-14.991683873461705,-20.813868248504615,-19.84878519102093,-6.435801117600473,-2.711313603174961,-0.00045687802509228803,upper,0.1
719,phase2,upper,-15.0,2,-14.99350929597063,-20.813868248504615,-19.84878519102093,-6.435801117600473,-2.711313603174961,-0.0003460731226732232,upper,0.1
720,phase2,upper,-15.0,2,-14.995061157440547,-20.813868248504615,-19.84878519102093,-6.435801117600473,-2.711313603174961,-0.00025266134163497237,upper,0.1
721,phase2,upper,-15.0,2,-14.996369922924416,-20.813868248504615,-19.84878519102093,-6.435801117600473,-2.711313603174961,-0.00017464600930896645,upper,0.1
722,phase2,upper,-15.0,2,-14.997463964120744,-20.813868248504615,-19.84878519102093,-6.435801117600473,-2.711313603174961,-0.00011016147591335344,upper,0.1
723,phase2,upper,-15.0,2,-14.998369477822207,-20.813868248504615,-19.84878519102093,-6.435801117600473,-2.711313603174961,-5.74870459926261e-05,upper,0.1
724,phase2,upper,-15.0,2,-14.99911046880713,-20.813868248504615,-19.84878519102093,-6.435801117600473,-2.711313603174961,-1.5051579952540882e-05,upper,0.1
725,phase2,upper,-15.0,2,-14.999708780236823,-20.813868248504615,-19.84878519102093,-6.435801117600473,-2.711313603174961,1.856764073328773e-05,upper,0.1
726,phase2,upper,-15.0,2,-15.000184158940831,-20.813868248504615,-19.84878519102093,-6.435801117600473,-2.711313603174961,4.4649613324007344e-05,upper,0.1
727,phase2,lower,-20.0,4,-15.000184158940831,-20.967319758104257,-19.798901411870432,-6.317692035909652,-2.660158848794187,0.029690936811131528,upper,0.1
728,phase2,upper,-15.0,2,-14.973872687417957,-20.967319758104257,-19.798901411870432,-6.317692035909652,-2.660158848794187,0.014591017250322236,upper,0.1
729,phase2,upper,-15.0,2,-14.961879962916266,-20.967319758104257,-19.798901411870432,-6.317692035909652,-2.660158848794187,0.006468306267320562,upper,0.1
730,phase2,upper,-15.0,2,-14.957655828843771,-20.967319758104257,-19.798901411870432,-6.317692035909652,-2.660158848794187,0.0021696296996036673,upper,0.1
731,phase2,upper,-15.0,2,-14.957580008230998,-20.967319758104257,-19.798901411870432,-6.317692035909652,-2.660158848794187,-3.829043136272447e-05,upper,0.1
732,phase2,upper,-15.0,2,-14.959648643071327,-20.967319758104257,-19.798901411870432,-6.317692035909652,-2.660158848794187,-0.001108286453748493,upper,0.1
733,phase2,upper,-15.0,2,-14.962751528400634,-20.967319758104257,-19.798901411870432,-6.317692035909652,-2.660158848794187,-0.0015641125933129974,upper,0.1
734,phase2,upper,-15.0,2,-14.966274008129464,-20.967319758104257,-19.798901411870432,-6.317692035909652,-2.660158848794187,-0.0016935392631681264,upper,0.1
735,phase2,upper,-15.0,2,-14.969877368874828,-20.967319758104257,-19.798901411870432,-6.317692035909652,-2.660158848794187,-0.0016544882083023534,upper,0.1
736,phase2,upper,-15.0,2,-14.97337742068374,-20.967319758104257,-19.798901411870432,-6.317692035909652,-2.660158848794187,-0.0015333870378937261,upper,0.1
737,phase2,upper,-15.0,2,-14.976677131420002,-20.967319758104257,-19.798901411870432,-6.317692035909652,-2.660158848794187,-0.0013772674118615014,upper,0.1
738,phase2,upper,-15.0,2,-14.979729057240403,-20.967319758104257,-19.798901411870432,-6.317692035909652,-2.660158848794187,-0.00121143242573686,upper,0.1
739,phase2,lower,-20.0,4,-14.979729057240403,-21.101568212664038,-19.737496381354255,-6.2011471990030955,-2.6123355051261434,0.02954390007720049,upper,0.1
740,phase2,upper,-15.0,2,-14.954834432155424,-21.101568212664038,-19.737496381354255,-6.2011471990030955,-2.6123355051261434,0.014020922403645487,upper,0.1
741,phase2,upper,-15.0,2,-14.944617666604007,-21.101568212664038,-19.737496381354255,-6.2011471990030955,-2.6123355051261434,0.005731470757516719,upper,0.1
742,phase2,upper,-15.0,2,-14.942276070939595,-21.101568212664038,-19.737496381354255,-6.2011471990030955,-2.6123355051261434,0.0014004561908653429,upper,0.1
743,phase2,upper,-15.0,2,-14.944053667482581,-21.101568212664038,-19.737496381354255,-6.2011471990030955,-2.6123355051261434,-0.0007720736979592238,upper,0.1
744,phase2,upper,-15.0,2,-14.947876017302415,-21.101568212664038,-19.737496381354255,-6.2011471990030955,-2.6123355051261434,-0.0017752325732724224,upper,0.1
745,phase2,upper,-15.0,2,-14.952598772801299,-21.101568212664038,-19.737496381354255,-6.2011471990030955,-2.6123355051261434,-0.0021523292853665205,upper,0.1
746,phase2,upper,-15.0,2,-14.957593590898917,-21.101568212664038,-19.737496381354255,-6.2011471990030955,-2.6123355051261434,-0.002201483209119695,upper,0.1
747,phase2,upper,-15.0,2,-14.962519561048039,-21.101568212664038,-19.737496381354255,-6.2011471990030955,-2.6123355051261434,-0.00208590187201888,upper,0.1
748,phase2,upper,-15.0,2,-14.967196710137996,-21.101568212664038,-19.737496381354255,-6.2011471990030955,-2.6123355051261434,-0.0018945197193854495,upper,0.1
749,phase2,upper,-15.0,2,-14.971535728458468,-21.101568212664038,-19.737496381354255,-6.2011471990030955,-2.6123355051261434,-0.0016753578067866144,upper,0.1
750,phase2,upper,-15.0,2,-14.975498708474666,-21.101568212664038,-19.737496381354255,-6.2011471990030955,-2.6123355051261434,-0.0014538892524633526,upper,0.1
751,phase2,upper,-15.0,2,-14.97907703251432,-21.101568212664038,-19.737496381354255,-6.2011471990030955,-2.6123355051261434,-0.0012431603453478518,upper,0.1
752,phase2,upper,-15.0,2,-14.982278778940755,-21.101568212664038,-19.737496381354255,-6.2011471990030955,-2.6123355051261434,-0.0010493764033849041,upper,0.1
753,phase2,upper,-15.0,2,-14.985121442098952,-21.101568212664038,-19.737496381354255,-6.2011471990030955,-2.6123355051261434,-0.0008749908738723664,upper,0.1
754,phase2,upper,-15.0,2,-14.987627644507928,-21.101568212664038,-19.737496381354255,-6.2011471990030955,-2.6123355051261434,-0.0007204183092046964,upper,0.1
755,phase2,upper,-15.0,2,-14.98982255549643,-21.101568212664038,-19.737496381354255,-6.2011471990030955,-2.6123355051261434,-0.000584987530353008,upper,0.1
756,phase2,upper,-15.0,2,-14.991732300574268,-21.101568212664038,-19.737496381354255,-6.2011471990030955,-2.6123355051261434,-0.0004674741579332068,upper,0.1
757,phase2,upper,-15.0,2,-14.993382960058655,-21.101568212664038,-19.737496381354255,-6.2011471990030955,-2.6123355051261434,-0.00036639937335700395,upper,0.1
758,phase2,upper,-15.0,2,-14.994799929064508,-21.101568212664038,-19.737496381354255,-6.2011471990030955,-2.6123355051261434,-0.0002801980299004637,upper,0.1
759,phase2,upper,-15.0,2,-14.996007507222002,-21.101568212664038,-19.737496381354255,-6.2011471990030955,-2.6123355051261434,-0.0002073131689635164,upper,0.1
760,phase2,upper,-15.0,2,-14.997028640179208,-21.101568212664038,-19.737496381354255,-6.2011471990030955,-2.6123355051261434,-0.00014624863666946587,upper,0.1
761,phase2,upper,-15.0,2,-14.99788476518838,-21.101568212664038,-19.737496381354255,-6.2011471990030955,-2.6123355051261434,-9.559751533660428e-05,upper,0.1
762,phase2,upper,-15.0,2,-14.998595730359511,-21.101568212664038,-19.737496381354255,-6.2011471990030955,-2.6123355051261434,-5.405636020390842e-05,upper,0.1
763,phase2,lower,-20.0,4,-14.998595730359511,-21.215209680257246,-19.664565579180703,-6.085777482935014,-2.567162056202581,0.02976776391785505,upper,0.1
764,phase2,upper,-15.0,2,-14.972340129014505,-21.215209680257246,-19.664565579180703,-6.085777482935014,-2.567162056202581,0.014592260986830034,upper,0.1
765,phase2,lower,-20.0,4,-14.972340129014505,-21.297012235261445,-19.573126254405363,-5.966296301057598,-2.5206094866176265,0.032998700325285665,upper,0.1
766,phase2,upper,-15.0,2,-14.943901835415675,-21.297012235261445,-19.573126254405363,-5.966296301057598,-2.5206094866176265,0.01545301533227851,upper,0.1
767,phase2,upper,-15.0,2,-14.932204149081139,-21.297012235261445,-19.573126254405363,-5.966296301057598,-2.5206094866176265,0.006087935047093068,upper,0.1
768,phase2,upper,-15.0,2,-14.929530913311723,-21.297012235261445,-19.573126254405363,-5.966296301057598,-2.5206094866176265,0.0012017441650769532,upper,0.1
769,phase2,upper,-15.0,2,-14.93161216039286,-21.297012235261445,-19.573126254405363,-5.966296301057598,-2.5206094866176265,-0.0012405644450871468,upper,0.1
770,phase2,upper,-15.0,2,-14.936081455870944,-21.297012235261445,-19.573126254405363,-5.966296301057598,-2.5206094866176265,-0.002357760893331363,upper,0.1
771,phase2,upper,-15.0,2,-14.941626579074894,-21.297012235261445,-19.573126254405363,-5.966296301057598,-2.5206094866176265,-0.002764776705608378,upper,0.1
772,phase2,upper,-15.0,2,-14.947521339463872,-21.297012235261445,-19.573126254405363,-5.966296301057598,-2.5206094866176265,-0.002799361691647533,upper,0.1
773,phase2,upper,-15.0,2,-14.953366993764256,-21.297012235261445,-19.573126254405363,-5.966296301057598,-2.5206094866176265,-0.0026466864549801257,upper,0.1
774,phase2,upper,-15.0,2,-14.958949006612748,-21.297012235261445,-19.573126254405363,-5.966296301057598,-2.5206094866176265,-0.0024078669965016623,upper,0.1
775,phase2,upper,-15.0,2,-14.964157352334935,-21.297012235261445,-19.573126254405363,-5.966296301057598,-2.5206094866176265,-0.002137670741623254,upper,0.1
776,phase2,upper,-15.0,2,-14.968941880034114,-21.297012235261445,-19.573126254405363,-5.966296301057598,-2.5206094866176265,-0.0018652819304927038,upper,0.1
777,phase2,upper,-15.0,2,-14.973287079212415,-21.297012235261445,-19.573126254405363,-5.966296301057598,-2.5206094866176265,-0.0016057516552407925,upper,0.1
778,phase2,upper,-15.0,2,-14.977197624669257,-21.297012235261445,-19.573126254405363,-5.966296301057598,-2.5206094866176265,-0.001366322727654247,upper,0.1
779,phase2,upper,-15.0,2,-14.980689949173142,-21.297012235261445,-19.573126254405363,-5.966296301057598,-2.5206094866176265,-0.001149932332063171,upper,0.1
780,phase2,upper,-15.0,2,-14.983787219670178,-21.297012235261445,-19.573126254405363,-5.966296301057598,-2.5206094866176265,-0.0009571585416804054,upper,0.1
781,phase2,upper,-15.0,2,-14.98651626275929,-21.297012235261445,-19.573126254405363,-5.966296301057598,-2.5206094866176265,-0.0007873070591741345,upper,0.1
782,phase2,upper,-15.0,2,-14.988905629167341,-21.297012235261445,-19.573126254405363,-5.966296301057598,-2.5206094866176265,-0.0006390214712850728,upper,0.1
783,phase2,upper,-15.0,2,-14.990984341948623,-21.297012235261445,-19.573126254405363,-5.966296301057598,-2.5206094866176265,-0.0005106282347681992,upper,0.1
784,phase2,upper,-15.0,2,-14.99278106927756,-21.297012235261445,-19.573126254405363,-5.966296301057598,-2.5206094866176265,-0.0004003330039897232,upper,0.1
785,phase2,lower,-20.0,4,-14.99278106927756,-21.374983936879428,-19.483650547379984,-5.856688312689791,-2.4824874791193174,0.028665774804731516,upper,0.1
786,phase2,upper,-15.0,2,-14.96816407447737,-21.374983936879428,-19.483650547379984,-5.856688312689791,-2.4824874791193174,0.01393605995981123,upper,0.1
787,phase2,upper,-15.0,2,-14.957445467227895,-21.374983936879428,-19.483650547379984,-5.856688312689791,-2.4824874791193174,0.006037737818920567,upper,0.1
788,phase2,upper,-15.0,2,-14.95421445729778,-21.374983936879428,-19.483650547379984,-5.856688312689791,-2.4824874791193174,0.001880121417730109,upper,0.1
789,phase2,upper,-15.0,2,-14.954932755317072,-21.374983936879428,-19.483650547379984,-5.856688312689791,-2.4824874791193174,-0.00023537012980643182,upper,0.1
790,phase2,upper,-15.0,2,-14.957646613972368,-21.374983936879428,-19.483650547379984,-5.856688312689791,-2.4824874791193174,-0.0012421664056305412,upper,0.1
791,phase2,upper,-15.0,2,-14.961278056311077,-21.374983936879428,-19.483650547379984,-5.856688312689791,-2.4824874791193174,-0.001653048787960268,upper,0.1
792,phase2,upper,-15.0,2,-14.965234453945966,-21.374983936879428,-19.483650547379984,-5.856688312689791,-2.4824874791193174,-0.0017494733814529578,upper,0.1
793,phase2,upper,-15.0,2,-14.969193143740062,-21.374983936879428,-19.483650547379984,-5.856688312689791,-2.4824874791193174,-0.0016856336009619713,upper,0.1
794,phase2,upper,-15.0,2,-14.97298233708207,-21.374983936879428,-19.483650547379984,-5.856688312689791,-2.4824874791193174,-0.0015456750731665967,upper,0.1
795,phase2,upper,-15.0,2,-14.97651504690794,-21.374983936879428,-19.483650547379984,-5.856688312689791,-2.4824874791193174,-0.0013751664699877806,upper,0.1
796,phase2,upper,-15.0,2,-14.97975224520217,-21.374983936879428,-19.483650547379984,-5.856688312689791,-2.4824874791193174,-0.001198420800644264,upper,0.1
797,phase2,upper,-15.0,2,-14.982682170544695,-21.374983936879428,-19.483650547379984,-5.856688312689791,-2.4824874791193174,-0.0010280376402754716,upper,0.1
798,phase2,upper,-15.0,2,-14.985308588263655,-21.374983936879428,-19.483650547379984,-5.856688312689791,-2.4824874791193174,-0.0008701667815502003,upper,0.1
799,phase2,upper,-15.0,2,-14.987644038683236,-21.374983936879428,-19.483650547379984,-5.856688312689791,-2.4824874791193174,-0.0007274170465931285,upper,0.1
