episode,phase,route,return,steps,q_start_right,q_start_down,q_shield_right,q_d1_right,q_d2_right,mood_M,greedy_route,epsilon
0,phase1,upper,-15.0,2,-1.25,0.0,0.0,0.0,0.0,-0.3375,lower,0.1
1,phase1,lower,-10.0,4,-1.25,-0.55375,-0.530125,-0.5135875000000001,-0.50201125,-0.27100875,lower,0.1
2,phase1,lower,-10.0,4,-1.25,-1.045295375,-1.0160688875,-0.9958017087500001,-0.932357849875,-0.239254559625,lower,0.1
3,phase1,upper,-15.0,2,-2.6490791036625,-1.045295375,-1.0160688875,-0.9958017087500001,-0.932357849875,-0.42319723421625,lower,0.1
4,phase1,lower,-10.0,4,-2.6490791036625,-1.673250237044625,-1.5973673120187375,-1.5397377087118662,-1.3651053507924313,-0.2616829313186966,lower,0.1
5,phase1,lower,-10.0,4,-2.6490791036625,-2.151176582728863,-2.0719157594431303,-1.999436459059193,-1.7003931323468529,-0.20655664130241058,lower,0.1
6,phase1,lower,-10.0,4,-2.6490791036625,-2.5791514775724593,-2.5101584711965406,-2.4219186345318553,-1.9814502049916618,-0.18039650615809,lower,0.1
7,phase1,lower,-10.0,4,-2.6490791036625,-2.9846090324771484,-2.930621475237519,-2.8184902073831024,-2.222345427958597,-0.1625877943238844,upper,0.1
8,phase1,upper,-15.0,2,-3.905409495444121,-2.9846090324771484,-2.930621475237519,-2.8184902073831024,-2.222345427958597,-0.3502955221887172,lower,0.1
9,phase1,lower,-10.0,4,-3.905409495444121,-3.544476246723031,-3.456136863385499,-3.274058145661978,-2.487142667473204,-0.19268769006938274,lower,0.1
10,phase1,lower,-10.0,4,-3.905409495444121,-3.9590612294517222,-3.874437073006745,-3.638506129440084,-2.669879354932675,-0.14151423991441947,upper,0.1
11,phase1,upper,-15.0,2,-5.069862788571863,-3.9590612294517222,-3.874437073006745,-3.638506129440084,-2.669879354932675,-0.30884154974631317,lower,0.1
12,phase1,upper,-15.0,2,-6.312619028559753,-3.9590612294517222,-3.874437073006745,-3.638506129440084,-2.669879354932675,-0.3624045796490788,lower,0.1
13,phase1,lower,-10.0,4,-6.312619028559753,-4.526762935491395,-4.394374011604984,-4.058244339581477,-2.8808591178422014,-0.17221182922085926,lower,0.1
14,phase1,lower,-10.0,4,-6.312619028559753,-4.918514689401527,-4.783179995866841,-4.36962358228786,-3.0038662404872385,-0.11386880879860076,lower,0.1
15,phase1,lower,-10.0,4,-6.312619028559753,-5.257463147966799,-5.127407667326625,-4.634290143913543,-3.0899737752739194,-0.09104613632403089,lower,0.1
16,phase1,lower,-10.0,4,-6.312619028559753,-5.57639912259441,-5.449443482892172,-4.868987631452226,-3.1541702428751095,-0.07811822184179043,lower,0.1
17,phase1,lower,-10.0,4,-6.312619028559753,-5.884009958281797,-5.754684575236545,-5.078634258847493,-3.201743005473101,-0.0682558380691379,lower,0.1
18,phase1,lower,-10.0,4,-6.312619028559753,-6.182507674239496,-6.044088936238975,-5.265098349816484,-3.235299892499184,-0.059627522392890056,lower,0.1
19,phase1,lower,-10.0,4,-6.312619028559753,-6.472330570593045,-6.317517910778233,-5.429515381478402,-3.2566431590772513,-0.051731313313458094,upper,0.1
20,phase1,lower,-10.0,4,-6.312619028559753,-6.753407486593676,-6.574628443420729,-5.572889640847927,-3.267274330291443,-0.04441941743361764,upper,0.1
21,phase1,upper,-15.0,2,-7.241447799514945,-6.753407486593676,-6.574628443420729,-5.572889640847927,-3.267274330291443,-0.20239032711183583,lower,0.1
22,phase1,lower,-10.0,4,-7.241447799514945,-7.167680876677034,-6.914633435078236,-5.765906372463164,-3.317300067746893,-0.07556756935705247,lower,0.1
23,phase1,lower,-10.0,4,-7.241447799514945,-7.460386944938501,-7.158036016588504,-5.883322812741173,-3.3155516402696095,-0.037688892976686636,upper,0.1
24,phase1,upper,-15.0,2,-8.096122309821759,-7.460386944938501,-7.158036016588504,-5.883322812741173,-3.3155516402696095,-0.17735621797662643,lower,0.1
25,phase1,lower,-10.0,4,-8.096122309821759,-7.839772448282465,-7.451635638463596,-6.029378098572016,-3.339149336740516,-0.05731900895691963,lower,0.1
26,phase1,lower,-10.0,4,-8.096122309821759,-8.102545875361805,-7.652541166252188,-6.104646166056218,-3.3161018870641605,-0.02216689634043701,upper,0.1
27,phase1,upper,-15.0,2,-8.87140441540382,-8.102545875361805,-7.652541166252188,-6.104646166056218,-3.3161018870641605,-0.1499982390133513,lower,0.1
28,phase1,lower,-10.0,4,-8.87140441540382,-8.442543819562859,-7.897600429665043,-6.206392707554437,-3.318121681403156,-0.040562485756728876,lower,0.1
29,phase1,lower,-10.0,4,-8.87140441540382,-8.674555717754133,-8.05682055195348,-6.2442416225919715,-3.2794994079136197,-0.00904848984184458,lower,0.1
30,phase1,lower,-10.0,4,-8.87140441540382,-8.87092584203173,-8.182084358141074,-6.255892959417997,-3.2296893181316446,0.0014984314523299944,lower,0.1
31,phase1,lower,-10.0,4,-8.87140441540382,-9.050693105335567,-8.287422486388751,-6.252335515207828,-3.176856931946675,0.006228921833131257,upper,0.1
32,phase1,upper,-15.0,2,-9.55889813682477,-9.050693105335567,-8.287422486388751,-6.252335515207828,-3.176856931946675,-0.118426718243282,lower,0.1
33,phase1,lower,-10.0,4,-9.55889813682477,-9.330950089859838,-8.455414315052362,-6.29239067670702,-3.1619554308816715,-0.02074866369800526,lower,0.1
34,phase1,lower,-10.0,4,-9.55889813682477,-9.512070309707296,-8.54604414342777,-6.27829804843612,-3.113003763574364,0.0064467595413368675,lower,0.1
35,phase1,lower,-10.0,4,-9.55889813682477,-9.659665609492139,-8.606625368928015,-6.2441885598847575,-3.0564343994800294,0.01471043670259637,upper,0.1
36,phase1,upper,-15.0,2,-10.180306374663415,-9.659665609492139,-8.606625368928015,-6.2441885598847575,-3.0564343994800294,-0.09890665513259637,lower,0.1
37,phase1,lower,-10.0,4,-10.180306374663415,-9.893377575055064,-8.721760794261995,-6.2500927243669295,-3.0344973035669507,-0.009523013376095485,lower,0.1
38,phase1,lower,-10.0,4,-10.180306374663415,-10.034786609014242,-8.766459832618015,-6.2086042361416345,-2.9827762345469475,0.014690404734025685,lower,0.1
39,phase1,lower,-10.0,4,-10.180306374663415,-10.144732567113996,-8.784674495025243,-6.151259490315709,-2.9255678930826767,0.021429401043856385,lower,0.1
40,phase1,lower,-10.0,4,-10.180306374663415,-10.23944029896565,-8.788610903950262,-6.08718266204243,-2.8693620626641345,0.023382957656027315,upper,0.1
41,phase1,upper,-15.0,2,-10.738923503926014,-10.23944029896565,-8.788610903950262,-6.08718266204243,-2.8693620626641345,-0.08096359830487199,lower,0.1
42,phase1,upper,-15.0,2,-11.339999319794028,-10.23944029896565,-8.788610903950262,-6.08718266204243,-2.8693620626641345,-0.11996568608618019,lower,0.1
43,phase1,lower,-10.0,4,-11.339999319794028,-10.452326476941675,-8.872374068328357,-6.082696231571304,-2.8601516408411993,-0.010483637131670123,lower,0.1
44,phase1,lower,-10.0,4,-11.339999319794028,-10.553766509498846,-8.874852261013045,-6.024632654358127,-2.8145613901092505,0.018251838840213898,lower,0.1
45,phase1,lower,-10.0,4,-11.339999319794028,-10.619448429694073,-8.850500957169102,-5.951639058328642,-2.762542798240387,0.02542986059278546,lower,0.1
46,phase1,lower,-10.0,4,-11.339999319794028,-10.669666807908069,-8.814332373353427,-5.874562485298983,-2.7119660564793824,0.026793754342629456,lower,0.1
47,phase1,lower,-10.0,4,-11.339999319794028,-10.710018985544238,-8.770881289579151,-5.796797188961372,-2.664825389834358,0.026537695803226,lower,0.1
48,phase1,lower,-10.0,4,-11.339999319794028,-10.742221289724824,-8.721897413370284,-5.719696912029027,-2.621547444360743,0.02578563340961471,lower,0.1
49,phase1,lower,-10.0,4,-11.339999319794028,-10.766981832020718,-8.668383669526529,-5.644016966129244,-2.5821371649045566,0.024845172790909434,lower,0.1
50,phase1,lower,-10.0,4,-11.339999319794028,-10.78476136025948,-8.611132389941185,-5.570300858543117,-2.546483004556474,0.02380668239195779,lower,0.1
51,phase1,lower,-10.0,4,-11.339999319794028,-10.795972449074888,-8.55086304469585,-5.498986287322836,-2.5144386719680556,0.02270251512884964,lower,0.1
52,phase1,lower,-10.0,4,-11.339999319794028,-10.80102924502102,-8.48825483050914,-5.430436476423701,-2.4858454846021103,0.02154929806837247,lower,0.1
53,phase1,lower,-10.0,4,-11.339999319794028,-10.800357435308298,-8.4239520281257,-5.364951604798808,-2.4605389386528027,0.020359140362916132,lower,0.1
54,phase1,lower,-10.0,4,-11.339999319794028,-10.794393668263414,-8.358562781370443,-5.302774883658585,-2.438351084633644,0.019142581612600594,lower,0.1
55,phase1,lower,-10.0,4,-11.339999319794028,-10.783582256122777,-8.292656731237209,-5.244097148264436,-2.4191117847524484,0.017909348086211467,lower,0.1
56,phase1,lower,-10.0,4,-11.339999319794028,-10.76837129035663,-8.226762894473707,-5.1890609882466165,-2.402649664895745,0.016668530172596816,lower,0.1
57,phase1,upper,-15.0,2,-11.80225088394973,-10.76837129035663,-8.226762894473707,-5.1890609882466165,-2.402649664895745,-0.058679648903613116,lower,0.1
58,phase1,lower,-10.0,4,-11.80225088394973,-10.817022134781588,-8.208837455971436,-5.170993230927704,-2.4120529551870193,-0.0026624875493433536,lower,0.1
59,phase1,lower,-10.0,4,-11.80225088394973,-10.808599905694981,-8.153809414295274,-5.129706875857203,-2.4030816429758164,0.011179601638666943,lower,0.1
60,phase1,lower,-10.0,4,-11.80225088394973,-10.78305921508021,-8.090176668151315,-5.085037839421131,-2.3912500381868833,0.013832903004770171,lower,0.1
61,phase1,upper,-15.0,2,-12.221539758926388,-10.78305921508021,-8.090176668151315,-5.085037839421131,-2.3912500381868833,-0.05029788711788527,lower,0.1
62,phase1,lower,-10.0,4,-12.221539758926388,-10.809039058793417,-8.066142625395486,-5.070556199004022,-2.4003207615292914,-0.0018591755352465236,lower,0.1
63,phase1,lower,-10.0,4,-12.221539758926388,-10.786422673435345,-8.0111970596418,-5.0363809755638025,-2.393686152779622,0.00992270375445461,lower,0.1
64,phase1,lower,-10.0,4,-12.221539758926388,-10.749969678676981,-7.9500330562962676,-4.9997137825588664,-2.3847863797779243,0.012001485035183132,lower,0.1
65,phase1,lower,-10.0,4,-12.221539758926388,-10.709174679907244,-7.889341904546082,-4.965100964826351,-2.3770206477069515,0.011544664576922326,lower,0.1
66,phase1,lower,-10.0,4,-12.221539758926388,-10.666801204251898,-7.831009186955897,-4.93370239120923,-2.3711270350404057,0.010459601127981399,lower,0.1
67,phase1,upper,-15.0,2,-12.601524826764983,-10.666801204251898,-7.831009186955897,-4.93370239120923,-2.3711270350404057,-0.043182718882657525,lower,0.1
68,phase1,lower,-10.0,4,-12.601524826764983,-10.67208644951669,-7.809417235810312,-4.929414682007545,-2.383703675410445,-0.0036245675175167196,lower,0.1
69,phase1,lower,-10.0,4,-12.601524826764983,-10.639081638911819,-7.763908389196,-4.909327498531335,-2.3832378527197284,0.005918686489836019,lower,0.1
70,phase1,lower,-10.0,4,-12.601524826764983,-10.596237496099384,-7.71459184989861,-4.887443934740582,-2.380717427564128,0.007538966602191546,lower,0.1
71,phase1,lower,-10.0,4,-12.601524826764983,-10.551287861537334,-7.666823076976006,-4.867400503328908,-2.3789045226281313,0.00710909341104453,lower,0.1
72,phase1,upper,-15.0,2,-12.945226386558307,-10.551287861537334,-7.666823076976006,-4.867400503328908,-2.3789045226281313,-0.036961822477944814,lower,0.1
73,phase1,lower,-10.0,4,-12.945226386558307,-10.546107023311352,-7.649786218589245,-4.869500275054923,-2.3919892377436622,-0.004391327837645878,lower,0.1
74,phase1,lower,-10.0,4,-12.945226386558307,-10.510427137893021,-7.613823499046033,-4.858627563215524,-2.3942123902861008,0.003431395552572594,lower,0.1
75,phase1,lower,-10.0,4,-12.945226386558307,-10.467678518011006,-7.575433828015992,-4.846286701442265,-2.394622400452175,0.004735400112717584,lower,0.1
76,phase1,lower,-10.0,4,-12.945226386558307,-10.424192188910059,-7.5389452066577425,-4.835431562835152,-2.3954831283245515,0.004365252522103123,lower,0.1
77,phase1,lower,-10.0,4,-12.945226386558307,-10.381738763414935,-7.505442064665746,-4.826735606674066,-2.397265428863292,0.0036073501165845194,lower,0.1
78,phase1,lower,-10.0,4,-12.945226386558307,-10.34086247843509,-7.475138777426902,-4.82026066551944,-2.3999736448145876,0.0028020393255237886,lower,0.1
79,phase1,lower,-10.0,4,-12.945226386558307,-10.3017682729413,-7.448011141533855,-4.815902377135843,-2.4034978203549193,0.002038011549711726,lower,0.1
80,phase1,lower,-10.0,4,-12.945226386558307,-10.264558349405815,-7.423964875269734,-4.813510211941981,-2.4077069186253035,0.001336916594966154,lower,0.1
81,phase1,lower,-10.0,4,-12.945226386558307,-10.229295777056738,-7.402881127680455,-4.812920809820912,-2.412473186890642,0.0007024607926389625,lower,0.1
82,phase1,lower,-10.0,4,-12.945226386558307,-10.196022097405734,-7.384629350061979,-4.8139680968629115,-2.4176782169169795,0.00013347993918477307,lower,0.1
83,phase1,lower,-10.0,4,-12.945226386558307,-10.164762690726093,-7.369071528202104,-4.8164870674539655,-2.4232141394766944,-0.00037256568803422686,lower,0.1
84,phase1,lower,-10.0,4,-12.945226386558307,-10.135528883592926,-7.356064137122604,-4.820315732712759,-2.4289835271132025,-0.0008186437145040215,lower,0.1
85,phase1,lower,-10.0,4,-12.945226386558307,-10.108319188288947,-7.345459494067058,-4.825296443403544,-2.434898956726213,-0.0012078804388613315,lower,0.1
86,phase1,lower,-10.0,4,-12.945226386558307,-10.083120311261734,-7.3371069419331985,-4.83127691942064,-2.440882486192684,-0.0015434730730633718,lower,0.1
87,phase1,lower,-10.0,4,-12.945226386558307,-10.059908100094637,-7.330853966746102,-4.838111084434917,-2.446865113712212,-0.0018286512999496905,lower,0.1
88,phase1,lower,-10.0,4,-12.945226386558307,-10.038648472929736,-7.326547267233542,-4.845659741643235,-2.4527862391278896,-0.0020666529784439044,lower,0.1
89,phase1,lower,-10.0,4,-12.945226386558307,-10.019298340040717,-7.324033773497134,-4.853791109376598,-2.4585931332366147,-0.0022607046206740864,lower,0.1
90,phase1,lower,-10.0,4,-12.945226386558307,-10.001806517544965,-7.323161607699428,-4.862381230261389,-2.464240417506326,-0.0024140041310804355,lower,0.1
91,phase1,lower,-10.0,4,-12.945226386558307,-9.986114630278385,-7.323780979992375,-4.871314265820781,-2.4696895555957363,-0.0025297051281765754,lower,0.1
92,phase1,lower,-10.0,4,-12.945226386558307,-9.972157999865143,-7.325745014248246,-4.880482687486764,-2.4749083577420277,-0.0026109026589116835,lower,0.1
93,phase1,lower,-10.0,4,-12.945226386558307,-9.959866513696474,-7.328910499635556,-4.8897873743341504,-2.4798704989400195,-0.00266062024611273,lower,0.1
94,phase1,lower,-10.0,4,-12.945226386558307,-9.949165470511884,-7.333138565480821,-4.899137627274384,-2.4845550517461286,-0.0026817982429968284,lower,0.1
95,phase1,lower,-10.0,4,-12.945226386558307,-9.939976398427474,-7.338295278117426,-4.908451108910059,-2.4889460344642034,-0.00267728347526205,lower,0.1
96,phase1,lower,-10.0,4,-12.945226386558307,-9.932217841524205,-7.344252159537733,-4.917653717735606,-2.4930319753968373,-0.002649820149782659,lower,0.1
97,phase1,lower,-10.0,4,-12.945226386558307,-9.925806111460362,-7.350886628638249,-4.9266794048695814,-2.496805493771504,-0.0026020420048114955,lower,0.1
98,phase1,lower,-10.0,4,-12.945226386558307,-9.920656000982481,-7.358082366688216,-4.9354699410168035,-2.500262897874626,-0.002536465671511544,lower,0.1
99,phase1,lower,-10.0,4,-12.945226386558307,-9.916681456657415,-7.365729609368182,-4.943974640882432,-2.5034038008482176,-0.0024554852112476456,lower,0.1
100,phase1,lower,-10.0,4,-12.945226386558307,-9.913796208618615,-7.373725368325883,-4.952150051794289,-2.506230754523167,-0.0023613677877087915,lower,0.1
101,phase1,lower,-10.0,4,-12.945226386558307,-9.91191435559828,-7.381973585691076,-4.959959612833671,-2.5087489015810758,-0.00225625042781365,lower,0.1
102,phase1,lower,-10.0,4,-12.945226386558307,-9.91095090399259,-7.390385225387364,-4.967373290328681,-2.5109656462533367,-0.002142137820632297,lower,0.1
103,phase1,lower,-10.0,4,-12.945226386558307,-9.910822260170637,-7.398878305386153,-4.974367195127822,-2.512890343682642,-0.0020209010993410574,lower,0.1
104,phase1,upper,-15.0,2,-13.260754382977083,-9.910822260170637,-7.398878305386153,-4.974367195127822,-2.512890343682642,-0.03439962325328474,lower,0.1
105,phase1,lower,-10.0,4,-13.260754382977083,-9.940587525620145,-7.427776470230708,-4.995202203115602,-2.5245293195179657,-0.009668408736755812,lower,0.1
106,phase1,lower,-10.0,4,-13.260754382977083,-9.948007987944282,-7.44026424252784,-5.003977048849778,-2.5269577135747916,-0.0030607073100563497,lower,0.1
107,phase1,lower,-10.0,4,-13.260754382977083,-9.949988249981688,-7.4483546876391244,-5.009198776228335,-2.5269289827991273,-0.0012656334897233625,lower,0.1
108,phase1,lower,-10.0,4,-13.260754382977083,-9.950963963888181,-7.455192339413323,-5.013141857318017,-2.5262338423994475,-0.0007459422006518117,lower,0.1
109,phase1,lower,-10.0,4,-13.260754382977083,-9.952058149421283,-7.461571400929381,-5.0164245696175,-2.525345401410639,-0.0005623850344558274,lower,0.1
110,phase1,lower,-10.0,4,-13.260754382977083,-9.953515621103104,-7.467667878160619,-5.01922550060509,-2.5243879171937844,-0.00046623700984327527,lower,0.1
111,phase1,lower,-10.0,4,-13.260754382977083,-9.955350460117714,-7.473499480661821,-5.021606886249688,-2.523394111512311,-0.0003922405136679661,lower,0.1
112,phase1,upper,-15.0,2,-13.541038067594206,-9.955350460117714,-7.473499480661821,-5.021606886249688,-2.523394111512311,-0.027175806228450734,lower,0.1
113,phase1,lower,-10.0,4,-13.541038067594206,-9.981623587777731,-7.495921002699222,-5.035412055761853,-2.530641468333303,-0.006754551744137289,lower,0.1
114,phase1,lower,-10.0,4,-13.541038067594206,-9.989132425839605,-7.504511505807172,-5.0392502339128695,-2.5304691814651123,-0.0013299803673315466,lower,0.1
115,phase1,lower,-10.0,4,-13.541038067594206,-9.99186731616696,-7.509238501408285,-5.0401872602803275,-2.5284557670310757,0.00011023922313994059,lower,0.1
116,phase1,lower,-10.0,4,-13.541038067594206,-9.993505219390267,-7.512732948586428,-5.040129427348604,-2.526074161485479,0.000492806555090194,lower,0.1
117,phase1,lower,-10.0,4,-13.541038067594206,-9.994984466410303,-7.515681277021235,-5.039609682079883,-2.523707300080941,0.0005951267103346639,lower,0.1
118,phase1,lower,-10.0,4,-13.541038067594206,-9.996518533432095,-7.518258001586084,-5.038794229657862,-2.5214495558033865,0.0006233412120087373,lower,0.1
119,phase1,lower,-10.0,4,-13.541038067594206,-9.998131473156686,-7.520505885069853,-5.037750222903967,-2.519319616471064,0.0006318073700892009,lower,0.1
120,phase1,lower,-10.0,4,-13.541038067594206,-9.999800287714923,-7.522436389331763,-5.036517008717148,-2.5173169209697988,0.0006346037140333465,lower,0.1
121,phase1,lower,-10.0,4,-13.541038067594206,-10.001492754533977,-7.5240558256741155,-5.035125138748488,-2.5154365236678933,0.0006351672329252553,lower,0.1
122,phase1,lower,-10.0,4,-13.541038067594206,-10.003177411138358,-7.5253718045455935,-5.033601481988265,-2.5136729220174137,0.0006341673751293537,lower,0.1
123,phase1,lower,-10.0,4,-13.541038067594206,-10.004826099841466,-7.526394495465524,-5.031970633505097,-2.512020963956201,0.0006315944401111418,lower,0.1
124,phase1,lower,-10.0,4,-13.541038067594206,-10.006414504407772,-7.527136551454062,-5.030255331806481,-2.5104759921621524,0.0006273097841302511,lower,0.1
125,phase1,lower,-10.0,4,-13.541038067594206,-10.007922130306683,-7.527612719595552,-5.028476607985937,-2.5090337978762625,0.0006211870412782531,lower,0.1
126,phase1,upper,-15.0,2,-13.789363527497454,-10.007922130306683,-7.527612719595552,-5.028476607985937,-2.5090337978762625,-0.0210648687803116,lower,0.1
127,phase1,lower,-10.0,4,-13.789363527497454,-10.028849571137851,-7.541501621676986,-5.036217411231187,-2.514385021195027,-0.004593677368682905,lower,0.1
128,phase1,lower,-10.0,4,-13.789363527497454,-10.034249085823578,-7.5442088227392325,-5.036156434020313,-2.5138426277994674,-0.00026542281610505416,lower,0.1
129,phase1,lower,-10.0,4,-13.789363527497454,-10.03548394004964,-7.54383971313821,-5.034012929392427,-2.5119174054474964,0.0008360251677809843,lower,0.1
130,phase1,lower,-10.0,4,-13.789363527497454,-10.035567094707494,-7.542555944781321,-5.0313272908491795,-2.509795825452106,0.001080730625034264,lower,0.1
131,phase1,lower,-10.0,4,-13.789363527497454,-10.035293322152345,-7.540940918046328,-5.02852645771406,-2.5077815127243857,0.0010986649055152585,lower,0.1
132,phase1,lower,-10.0,4,-13.789363527497454,-10.03486928332678,-7.539159798211764,-5.025739001125185,-2.505944174474291,0.0010572574754642069,lower,0.1
133,phase1,lower,-10.0,4,-13.789363527497454,-10.03434680308736,-7.537267490195458,-5.023011997123405,-2.504292031771604,0.001001000432762698,lower,0.1
134,phase1,lower,-10.0,4,-13.789363527497454,-10.033737971408682,-7.535290169167531,-5.020368862070773,-2.5028175925677294,0.000941722307259128,lower,0.1
135,phase1,lower,-10.0,4,-13.789363527497454,-10.033045641108034,-7.533246662743771,-5.017824896828997,-2.5015097622303446,0.000882583061952503,lower,0.1
136,phase1,lower,-10.0,4,-13.789363527497454,-10.03227141851585,-7.531153886407429,-5.015391575868027,-2.5003570121223735,0.0008244503329722664,lower,0.1
137,phase1,lower,-10.0,4,-13.789363527497454,-10.031417660005333,-7.529028078276789,-5.013077833155208,-2.499348177252226,0.0007675920976014247,lower,0.1
138,phase1,upper,-15.0,2,-14.009106590838595,-10.031417660005333,-7.529028078276789,-5.013077833155208,-2.499348177252226,-0.01610392338664334,lower,0.1
139,phase1,lower,-10.0,4,-14.009106590838595,-10.045672232880458,-7.537514006791545,-5.018330878065467,-2.503680866168013,-0.0033387265143297014,lower,0.1
140,phase1,lower,-10.0,4,-14.009106590838595,-10.047861264134465,-7.537478819518564,-5.0176661203198565,-2.503477399640875,-1.761186247537731e-05,lower,0.1
141,phase1,lower,-10.0,4,-14.009106590838595,-10.046838870349102,-7.535228319067423,-5.015523844001704,-2.5022401812432773,0.0007961385486231222,lower,0.1
142,phase1,lower,-10.0,4,-14.009106590838595,-10.044961290527173,-7.532442819390613,-5.01309292037992,-2.5008857140823135,0.0009464435769042508,lower,0.1
143,phase1,upper,-15.0,2,-14.20268071351241,-10.044961290527173,-7.532442819390613,-5.01309292037992,-2.5008857140823135,-0.011764711951786466,lower,0.1
144,phase1,lower,-10.0,4,-14.20268071351241,-10.054297684170125,-7.537581599298482,-5.016301391343128,-2.5035679822191246,-0.0021285260014524093,lower,0.1
145,phase1,lower,-10.0,4,-14.20268071351241,-10.054541749084267,-7.536343215592328,-5.015076230778499,-2.5029011081943042,0.0003482095355020072,lower,0.1
146,phase1,lower,-10.0,4,-14.20268071351241,-10.052408507153121,-7.5335057846992965,-5.012786997241952,-2.5015320641704117,0.0009262035159665677,lower,0.1
147,phase1,lower,-10.0,4,-14.20268071351241,-10.049684651743368,-7.53034002423225,-5.010336379468531,-2.500147387434052,0.0010037721734710732,lower,0.1
148,phase1,lower,-10.0,4,-14.20268071351241,-10.046846794036131,-7.527184978343791,-5.0079691048680015,-2.4989136831277587,0.0009525059497121034,lower,0.1
149,phase1,lower,-10.0,4,-14.20268071351241,-10.044023357112156,-7.5241324432242,-5.005753070669723,-2.497860474011018,0.0008710644524720342,lower,0.1
150,phase1,lower,-10.0,4,-14.20268071351241,-10.041250307716137,-7.52120868068872,-5.003707490248859,-2.496981901971636,0.0007855556056597613,lower,0.1
151,phase1,lower,-10.0,4,-14.20268071351241,-10.038539144968302,-7.518422537683429,-5.001837182506346,-2.496263696650634,0.000702802155467755,lower,0.1
152,phase1,lower,-10.0,4,-14.20268071351241,-10.035894962299896,-7.515778088411084,-5.000141889702748,-2.4956902819148477,0.0006245015100812548,lower,0.1
153,phase1,lower,-10.0,4,-14.20268071351241,-10.03332122355194,-7.513277876993901,-4.9986189374763885,-2.4952466062997907,0.0005509897868902569,lower,0.1
154,phase1,lower,-10.0,4,-14.20268071351241,-10.030820998087934,-7.510923689119342,-4.99726410724579,-2.4949185747489864,0.0004822422385242944,lower,0.1
155,phase1,lower,-10.0,4,-14.20268071351241,-10.028397249176402,-7.508716690979565,-4.996072017318828,-2.494693112222577,0.0004181389492001921,lower,0.1
156,phase1,lower,-10.0,4,-14.20268071351241,-10.02605286830244,-7.5066574210041805,-4.995036358793846,-2.4945581329519704,0.00035853518205983346,lower,0.1
157,phase1,lower,-10.0,4,-14.20268071351241,-10.02379064190876,-7.504745760541396,-4.994150079560754,-2.494502487904809,0.00030327979564205126,lower,0.1
158,phase1,lower,-10.0,4,-14.20268071351241,-10.021613201955947,-7.502980914375159,-4.993405542360961,-2.4945159095156786,0.0002522198805383932,lower,0.1
159,phase1,lower,-10.0,4,-14.20268071351241,-10.019522975305383,-7.501361406884318,-4.9927946648294546,-2.4945889585044037,0.00020520177635358555,lower,0.1
160,phase1,upper,-15.0,2,-14.373220757387417,-10.019522975305383,-7.501361406884318,-4.9927946648294546,-2.4945889585044037,-0.00845380443157917,lower,0.1
161,phase1,lower,-10.0,4,-14.373220757387417,-10.025315242451697,-7.505340267123358,-4.996127666272636,-2.497386009036168,-0.0019169562088047045,lower,0.1
162,phase1,lower,-10.0,4,-14.373220757387417,-10.025043005506788,-7.505087365115966,-4.996472610980397,-2.497834760689152,-0.00022413838404893418,lower,0.1
163,phase1,lower,-10.0,4,-14.373220757387417,-10.023249166013349,-7.503828294593808,-4.996097911013591,-2.497730422205996,0.00018460247619498654,lower,0.1
164,phase1,lower,-10.0,4,-14.373220757387417,-10.02114093664282,-7.5024145931474555,-4.995603977614334,-2.4975414286246433,0.0002554303912100464,lower,0.1
165,phase1,lower,-10.0,4,-14.373220757387417,-10.019038414941193,-7.5010669991733065,-4.995147263401385,-2.4973842754196713,0.00023969534735650858,lower,0.1
166,phase1,lower,-10.0,4,-14.373220757387417,-10.017025547551782,-7.499838789301547,-4.994765766331175,-2.4972826084117705,0.00020404784720521243,lower,0.1
167,phase1,lower,-10.0,4,-14.373220757387417,-10.015123228664274,-7.498738894388015,-4.994465664087487,-2.497236051790547,0.00016604163683395698,lower,0.1
168,phase1,lower,-10.0,4,-14.373220757387417,-10.013335357763497,-7.4977645881012975,-4.994244437360013,-2.497238461231029,0.0001301812940764417,lower,0.1
169,phase1,lower,-10.0,4,-14.373220757387417,-10.011661117632608,-7.496910148031022,-4.994097098179797,-2.4972827346553212,9.750530006819374e-05,lower,0.1
170,phase1,lower,-10.0,4,-14.373220757387417,-10.010098265902387,-7.4961691385276135,-4.994017916318566,-2.49736205151848,6.813400623331529e-05,lower,0.1
171,phase1,lower,-10.0,4,-14.373220757387417,-10.0086440325593,-7.495535005443664,-4.994000939234781,-2.4974701645943864,4.194736841225732e-05,lower,0.1
172,phase1,lower,-10.0,4,-14.373220757387417,-10.007295377216165,-7.495001228248554,-4.994040182581146,-2.4976014417869403,1.8765430726141156e-05,lower,0.1
173,phase1,lower,-10.0,4,-14.373220757387417,-10.00604907343175,-7.49456135943833,-4.994129725298268,-2.4977508433643822,-1.6034456085309821e-06,lower,0.1
174,phase1,lower,-10.0,4,-14.373220757387417,-10.004901745133457,-7.494209037917234,-4.994263772308136,-2.497913883858008,-1.9349566896335424e-05,lower,0.1
175,phase1,lower,-10.0,4,-14.373220757387417,-10.003849889022042,-7.493937998488631,-4.994436702284292,-2.498086591658872,-3.465829611018236e-05,lower,0.1
176,phase1,lower,-10.0,4,-14.373220757387417,-10.002889892435201,-7.4937420825503445,-4.994643105801737,-2.4982654697120887,-4.770897620348556e-05,lower,0.1
177,phase1,lower,-10.0,4,-14.373220757387417,-10.002018049525297,-7.493615250663601,-4.994877815872242,-2.498447458142088,-5.8674554021477276e-05,lower,0.1
178,phase1,lower,-10.0,4,-14.373220757387417,-10.001230576737747,-7.493551596584233,-4.995135931939697,-2.498629898957495,-6.772141210486675e-05,lower,0.1
179,phase1,lower,-10.0,4,-14.373220757387417,-10.00052362799329,-7.49354536214526,-4.995412838113912,-2.4988105028019296,-7.500927364093973e-05,lower,0.1
180,phase1,lower,-10.0,4,-14.373220757387417,-9.999893309754764,-7.493590952406622,-4.995704216299015,-2.498987317669724,-8.069114215461625e-05,lower,0.1
181,phase1,lower,-10.0,4,-14.373220757387417,-9.99933569604789,-7.4936829505670195,-4.996006054800991,-2.499158699495194,-8.49132640302855e-05,lower,0.1
182,phase1,lower,-10.0,4,-14.373220757387417,-9.99884684343743,-7.493816132218772,-4.996314652944577,-2.4993232845243343,-8.78151096573389e-05,lower,0.1
183,phase1,lower,-10.0,4,-14.373220757387417,-9.998422805914256,-7.493985478607533,-4.996626622183476,-2.4994799633812,-8.952937150293786e-05,lower,0.1
184,phase1,lower,-10.0,4,-14.373220757387417,-9.998059649617936,-7.494186188631892,-4.996938884146535,-2.499627856745719,-9.018197839423172e-05,lower,0.1
185,phase1,lower,-10.0,4,-14.373220757387417,-9.997753467299887,-7.494413689383122,-4.997248666025184,-2.499766292564437,-8.98921257426177e-05,lower,0.1
186,phase1,lower,-10.0,4,-14.373220757387417,-9.99750039242138,-7.4946636450827935,-4.997553493673271,-2.499894784720466,-8.877232165681331e-05,lower,0.1
187,phase1,lower,-10.0,4,-14.373220757387417,-9.997296612777014,-7.4949319643263435,-4.997851182759085,-2.5000130130934592,-8.692844897288744e-05,lower,0.1
188,phase1,lower,-10.0,4,-14.373220757387417,-9.997138383536022,-7.495214805584303,-4.998139828280486,-2.5001208049447157,-8.445984322039599e-05,lower,0.1
189,phase1,lower,-10.0,4,-14.373220757387417,-9.997022039599749,-7.495508580950454,-4.998417792727278,-2.5002181175664373,-8.145938647528783e-05,lower,0.1
190,phase1,lower,-10.0,4,-14.373220757387417,-9.996944007182647,-7.495809958158085,-4.998683693150132,-2.5003050221377072,-7.801361693999262e-05,lower,0.1
191,phase1,lower,-10.0,4,-14.373220757387417,-9.996900814535437,-7.496115860912299,-4.998936387372181,-2.500381688732905,-7.420285395551071e-05,lower,0.1
192,phase1,lower,-10.0,4,-14.373220757387417,-9.996889101741683,-7.496423467608455,-4.999174959557787,-2.500448372431028,-7.010133800094208e-05,lower,0.1
193,phase1,lower,-10.0,4,-14.373220757387417,-9.996905629532561,-7.496730208524732,-4.999398705332683,-2.5005054004768033,-6.577738508551272e-05,lower,0.1
194,phase1,lower,-10.0,4,-14.373220757387417,-9.996947287078354,-7.497033761590919,-4.999607116630685,-2.5005531604465268,-6.129355478776705e-05,lower,0.1
195,phase1,lower,-10.0,4,-14.373220757387417,-9.99701109872892,-7.497332046846251,-4.999799866424292,-2.5005920893733173,-5.670683106028499e-05,lower,0.1
196,phase1,lower,-10.0,4,-14.373220757387417,-9.997094229688608,-7.497623219706791,-4.999976793479717,-2.5006226637879747,-5.206881479210836e-05,lower,0.1
197,phase1,lower,-10.0,4,-14.373220757387417,-9.99719399062374,-7.497905663167893,-5.000137887261078,-2.5006453906328754,-4.7425927014877093e-05,lower,0.1
198,phase1,upper,-15.0,2,-14.52243152200134,-9.99719399062374,-7.497905663167893,-5.000137887261078,-2.5006453906328754,-0.005401488667450029,lower,0.1
199,phase1,lower,-10.0,4,-14.52243152200134,-10.00212649767886,-7.501551038596397,-5.002644414762204,-2.502313598175389,-0.0013283300855253882,lower,0.1
200,phase1,lower,-10.0,4,-14.52243152200134,-10.003264448847586,-7.502481686771633,-5.003215771651058,-2.5024964132932803,-0.0002527281156286744,lower,0.1
201,phase1,lower,-10.0,4,-14.52243152200134,-10.003413627944056,-7.5026931793963705,-5.003260315002781,-2.502308884719543,2.6582477783306175e-05,lower,0.1
202,phase1,lower,-10.0,4,-14.52243152200134,-10.003317658859283,-7.50271369388522,-5.003155145285576,-2.5020452889477247,9.470555259151182e-05,lower,0.1
203,phase1,lower,-10.0,4,-14.52243152200134,-10.003172027364544,-7.502681867472824,-5.003002898752898,-2.501781911302605,0.00010712991870171398,lower,0.1
204,phase1,lower,-10.0,4,-14.52243152200134,-10.00302659444854,-7.502633244434973,-5.00283295953633,-2.5015372651811094,0.00010514455448330573,lower,0.1
205,phase1,lower,-10.0,4,-14.52243152200134,-10.002892629348148,-7.502576354425417,-5.002654979344761,-2.5013146673861746,9.96845040740083e-05,lower,0.1
206,phase1,lower,-10.0,4,-14.52243152200134,-10.002771285802208,-7.502512876256872,-5.002473132559389,-2.5011135413120154,9.361950478426147e-05,lower,0.1
207,phase1,lower,-10.0,4,-14.52243152200134,-10.002661187293368,-7.502442944541386,-5.002289930212804,-2.5009324079618405,8.767896522849665e-05,lower,0.1
208,phase1,lower,-10.0,4,-14.52243152200134,-10.002560451949465,-7.502366512806129,-5.0021072553891575,-2.5007696682458955,8.202695422485135e-05,lower,0.1
209,phase1,lower,-10.0,4,-14.52243152200134,-10.00246723377633,-7.5022836737264,-5.001926657387951,-2.5006237990676214,7.668076690914883e-05,lower,0.1
210,phase1,lower,-10.0,4,-14.52243152200134,-10.002379865081117,-7.502194707088055,-5.00174944661163,-2.500493394525208,7.162202197942494e-05,lower,0.1
211,phase1,lower,-10.0,4,-14.52243152200134,-10.002296889462029,-7.502100059900752,-5.001576734572362,-2.500377166884916,6.68259818004293e-05,lower,0.1
212,phase1,lower,-10.0,4,-14.52243152200134,-10.00221706312228,-7.502000312601225,-5.001409457683068,-2.5002739377844794,6.226910472701082e-05,lower,0.1
213,phase1,lower,-10.0,4,-14.52243152200134,-10.002139345875921,-7.501896145309362,-5.001248395350387,-2.5001826277287935,5.7930793608258315e-05,lower,0.1
214,phase1,upper,-15.0,2,-14.652007899431425,-10.002139345875921,-7.501896145309362,-5.001248395350387,-2.5001826277287935,-0.00263210188810184,lower,0.1
215,phase1,lower,-10.0,4,-14.652007899431425,-10.004483917518556,-7.503483028087672,-5.002280489781279,-2.500932659065268,-0.0005920832531891749,lower,0.1
216,phase1,lower,-10.0,4,-14.652007899431425,-10.004916703503337,-7.503708762691908,-5.002355430079818,-2.500949808088507,-5.7898506748677885e-05,lower,0.1
217,phase1,lower,-10.0,4,-14.652007899431425,-10.004848018078269,-7.5035772910880425,-5.0021810310603,-2.5007931897116205,7.643457334972999e-05,lower,0.1
218,phase1,lower,-10.0,4,-14.652007899431425,-10.004652154263232,-7.503355201675322,-5.001946823517721,-2.500609602638646,0.00010489310386939786,lower,0.1
219,phase1,lower,-10.0,4,-14.652007899431425,-10.004428055210958,-7.50311326348425,-5.00170430495684,-2.500436379879965,0.00010560335290532035,lower,0.1
220,phase1,lower,-10.0,4,-14.652007899431425,-10.004201533020673,-7.502870338142557,-5.001468049926647,-2.5002818841491385,9.931408526666079e-05,lower,0.1
221,phase1,lower,-10.0,4,-14.652007899431425,-10.003979030856122,-7.5026315991855395,-5.001242614472267,-2.500146896044592,9.152294974404098e-05,lower,0.1
222,phase1,lower,-10.0,4,-14.652007899431425,-10.003761917034295,-7.502398660600767,-5.00102971196283,-2.500030290575917,8.367477572787241e-05,lower,0.1
223,phase1,lower,-10.0,4,-14.652007899431425,-10.003550284092787,-7.502172242704559,-5.000830142088225,-2.4999305377257386,7.613833373360916e-05,lower,0.1
224,phase1,lower,-10.0,4,-14.652007899431425,-10.003343955453605,-7.501952858375192,-5.000644322947921,-2.4998460935425393,6.899756225878469e-05,lower,0.1
225,phase1,lower,-10.0,4,-14.652007899431425,-10.00314274793973,-7.501740976747126,-5.000472449891109,-2.4997754969129478,6.226179820529673e-05,lower,0.1
226,phase1,upper,-15.0,2,-14.763931894748817,-10.00314274793973,-7.501740976747126,-5.000472449891109,-2.4997754969129478,-0.0003310519517167321,lower,0.1
227,phase1,lower,-10.0,4,-14.763931894748817,-10.003300517577015,-7.501784838968905,-5.000488004803347,-2.499838804638281,-3.8513083322025876e-05,lower,0.1
228,phase1,lower,-10.0,4,-14.763931894748817,-10.003183611491194,-7.501638495472423,-5.000376408208422,-2.4998047221651034,3.421014642034374e-05,lower,0.1
229,phase1,lower,-10.0,4,-14.763931894748817,-10.002998310757539,-7.501449016221271,-5.000240873880636,-2.4997539584190056,4.881285463226192e-05,lower,0.1
230,phase1,lower,-10.0,4,-14.763931894748817,-10.002799449734743,-7.50125561893631,-5.000108754355647,-2.499707016274463,4.826587684713987e-05,lower,0.1
231,phase1,lower,-10.0,4,-14.763931894748817,-10.002601627365737,-7.501068841544272,-4.999987151550071,-2.4996684674206042,4.3980553221376853e-05,lower,0.1
232,phase1,lower,-10.0,4,-14.763931894748817,-10.00240876628569,-7.500891579579143,-4.999877712431284,-2.49963871671296,3.897932918301491e-05,lower,0.1
233,phase1,lower,-10.0,4,-14.763931894748817,-10.002221966218771,-7.500724671845895,-4.999780573733536,-2.499617124769128,3.405504669434507e-05,lower,0.1
234,phase1,upper,-15.0,2,-14.859990332864918,-10.002221966218771,-7.500724671845895,-4.999780573733536,-2.499617124769128,0.0015826617045759592,lower,0.1
235,phase1,lower,-10.0,4,-14.859990332864918,-10.000647841247366,-7.499592758212708,-4.999012485512696,-2.499124778843097,0.0004012286479436792,lower,0.1
236,phase1,lower,-10.0,4,-14.859990332864918,-10.00018122716075,-7.499253469652567,-4.998811164579738,-2.499066547692509,8.710701684257375e-05,lower,0.1
237,phase1,lower,-10.0,4,-14.859990332864918,-10.000010055094773,-7.499129312271953,-4.998768811842717,-2.499119264533494,3.596289480774662e-06,lower,0.1
238,phase1,lower,-10.0,4,-14.859990332864918,-9.999918744151959,-7.499067216510441,-4.998775891597193,-2.4991972244425744,-1.8555901440587626e-05,lower,0.1
239,phase1,lower,-10.0,4,-14.859990332864918,-9.999850291699104,-7.499026782990702,-4.998802248389183,-2.4992778344403592,-2.4341832755691935e-05,lower,0.1
240,phase1,lower,-10.0,4,-14.859990332864918,-9.999789848477743,-7.49899743015006,-4.9988389149937165,-2.499355267419296,-2.5722184656781967e-05,lower,0.1
241,phase1,lower,-10.0,4,-14.859990332864918,-9.999733756611166,-7.498976388315912,-4.998882637104094,-2.4994281430003307,-2.5877117504267482e-05,lower,0.1
242,phase1,lower,-10.0,4,-14.859990332864918,-9.999681309187393,-7.498962866834786,-4.998931753959038,-2.49949625374522,-2.5652967151940726e-05,lower,0.1
243,phase1,lower,-10.0,4,-14.859990332864918,-9.999632552622568,-7.498956518972996,-4.9989850982880615,-2.499559695910208,-2.5276029484581965e-05,lower,0.1
244,phase1,lower,-10.0,4,-14.859990332864918,-9.999587697684147,-7.498957047894539,-4.999041699384809,-2.4996186393891584,-2.4808177115448078e-05,lower,0.1
245,phase1,lower,-10.0,4,-14.859990332864918,-9.999546960064588,-7.498964114650829,-4.999100700100565,-2.4996732675310853,-2.426799231390994e-05,lower,0.1
246,phase1,lower,-10.0,4,-14.859990332864918,-9.999510516716294,-7.498977325204788,-4.99916133105705,-2.499723762048004,-2.3662961866450697e-05,lower,0.1
247,phase1,lower,-10.0,4,-14.859990332864918,-9.999478494230821,-7.49899623728518,-4.999222900360772,-2.4997702998231985,-2.299801188890263e-05,lower,0.1
248,phase1,lower,-10.0,4,-14.859990332864918,-9.999450966746956,-7.499020371402697,-4.999284787677026,-2.4998130527853726,-2.2277739910086587e-05,lower,0.1
249,phase1,lower,-10.0,4,-14.859990332864918,-9.99942795717845,-7.499049221931979,-4.999346439658561,-2.4998521884942515,-2.150696220671681e-05,lower,0.1
250,phase1,lower,-10.0,4,-14.859990332864918,-9.999409439919788,-7.499082267239173,-4.999407365894923,-2.499887870810345,-2.069080724238277e-05,lower,0.1
251,phase1,lower,-10.0,4,-14.859990332864918,-9.999395344378245,-7.499118978650934,-4.999467135132501,-2.4999202604842514,-1.9834685088410637e-05,lower,0.1
252,phase1,upper,-15.0,2,-14.94183546011354,-9.999395344378245,-7.499118978650934,-4.999467135132501,-2.4999202604842514,0.00315444583313796,lower,0.1
253,phase1,lower,-10.0,4,-14.94183546011354,-9.996528706555688,-7.497159031549576,-4.998125513968017,-2.498969615230563,0.0007432005297321998,lower,0.1
254,phase1,lower,-10.0,4,-14.94183546011354,-9.995922858578318,-7.496804482232524,-4.997920180828343,-2.4988926241554448,0.00010911144185395157,lower,0.1
255,phase1,lower,-10.0,4,-14.94183546011354,-9.99591282064607,-7.496871115722402,-4.998016093564347,-2.499028685592038,-5.291760477697843e-05,lower,0.1
256,phase1,lower,-10.0,4,-14.94183546011354,-9.996056275998004,-7.497044825564666,-4.998189715609499,-2.499203811007249,-8.980141233936368e-05,lower,0.1
257,phase1,lower,-10.0,4,-14.94183546011354,-9.996235952225776,-7.497242580297223,-4.998380323190136,-2.4993732491108664,-9.374505093794679e-05,lower,0.1
258,phase1,lower,-10.0,4,-14.94183546011354,-9.996420985578764,-7.497442592926534,-4.998570701678331,-2.4995264933269254,-8.924518112054992e-05,lower,0.1
259,phase1,lower,-10.0,4,-14.94183546011354,-9.996603466976548,-7.49763921166421,-4.998755405283236,-2.499662037476777,-8.280013105973038e-05,lower,0.1
260,phase1,lower,-10.0,4,-14.94183546011354,-9.99678156156327,-7.497830960215247,-4.998932296162699,-2.4997806721604006,-7.612432226421765e-05,lower,0.1
261,phase1,lower,-10.0,4,-14.94183546011354,-9.996955013318505,-7.498017385896622,-4.999100274293691,-2.499883709468154,-6.966113147174234e-05,lower,0.1
262,phase1,lower,-10.0,4,-14.94183546011354,-9.997123945594643,-7.498198245308766,-4.999258655198564,-2.4999725174422474,-6.351676555120169e-05,lower,0.1
263,phase1,lower,-10.0,4,-14.94183546011354,-9.997288540655052,-7.498373307952324,-4.999406987648162,-2.500048402336263,-5.7708528697123594e-05,lower,0.1
264,phase1,lower,-10.0,4,-14.94183546011354,-9.997448955060607,-7.498542321012013,-4.999544990031834,-2.5001125829396185,-5.22308031201625e-05,lower,0.1
265,phase1,lower,-10.0,4,-14.94183546011354,-9.997605299378556,-7.498705014200649,-4.999672519786805,-2.5001661889791014,-4.707254893541013e-05,lower,0.1
266,phase1,lower,-10.0,4,-14.94183546011354,-9.997757636154807,-7.49886111276529,-4.999789552961079,-2.500210265527914,-4.222190030039802e-05,lower,0.1
267,phase1,lower,-10.0,4,-14.94183546011354,-9.997905983526126,-7.499010350450542,-4.99989616766902,-2.500245778630307,-3.7667321528196175e-05,lower,0.1
268,phase1,lower,-10.0,4,-14.94183546011354,-9.998050320807943,-7.499152480491911,-4.999992529653713,-2.5002736208852263,-3.3397843940602005e-05,lower,0.1
269,phase1,lower,-10.0,4,-14.94183546011354,-9.998190594835886,-7.499287284361241,-5.000078879371437,-2.500294616676156,-2.9403057461652152e-05,lower,0.1
270,phase1,lower,-10.0,4,-14.94183546011354,-9.998326726540139,-7.499414578405647,-5.000155520347555,-2.5003095269877194,-2.5673039076728682e-05,lower,0.1
271,phase1,lower,-10.0,4,-14.94183546011354,-9.998458617461859,-7.499534218614825,-5.0002228086544935,-2.5003190538182776,-2.2198268736314255e-05,lower,0.1
272,phase1,lower,-10.0,4,-14.94183546011354,-9.998586156019018,-7.4996461037592255,-5.0002811434002465,-2.5003238442164344,-1.8969547661868527e-05,lower,0.1
273,phase1,lower,-10.0,4,-14.94183546011354,-9.998709223385934,-7.49975017712734,-5.000330958134982,-2.5003244939740097,-1.5977924010275696e-05,lower,0.1
274,phase1,lower,-10.0,4,-14.94183546011354,-9.998827698891684,-7.499846427071248,-5.000372713096292,-2.5003215510084473,-1.3214627765548856e-05,lower,0.1
275,phase1,lower,-10.0,4,-14.94183546011354,-9.99894146487463,-7.499934886550093,-5.000406888223622,-2.500315518466511,-1.0671015564196453e-05,lower,0.1
276,phase1,lower,-10.0,4,-14.94183546011354,-9.999050410956183,-7.50001563184249,-5.000433976880626,-2.500306857579319,-8.338525583694663e-06,lower,0.1
277,phase1,lower,-10.0,4,-14.94183546011354,-9.99915443771784,-7.500088780581351,-5.000454480231059,-2.500295990296646,-6.20864226633329e-06,lower,0.1
278,phase1,lower,-10.0,4,-14.94183546011354,-9.99925345978223,-7.500154489248265,-5.000468902219519,-2.5002833017260837,-4.272870402323459e-06,lower,0.1
279,phase1,lower,-10.0,4,-14.94183546011354,-9.999347408312197,-7.500212950249327,-5.000477745113155,-2.500269142400238,-2.5227179218814577e-06,lower,0.1
280,phase1,lower,-10.0,4,-14.94183546011354,-9.99943623295204,-7.5002643886803035,-5.0004815055644025,-2.500253830392743,-9.496866260064544e-07,lower,0.1
281,phase1,lower,-10.0,4,-14.94183546011354,-9.99951990324283,-7.500309058875951,-5.000480671158174,-2.5002376533014896,4.547299881393869e-07,lower,0.1
282,phase1,lower,-10.0,4,-14.94183546011354,-9.999598409549153,-7.500347240826375,-5.000475717409667,-2.500220870115223,1.6990426917111402e-06,lower,0.1
283,phase1,lower,-10.0,4,-14.94183546011354,-9.999671763538451,-7.500379236532294,-5.000467105181284,-2.5002037129774934,2.7917571732825105e-06,lower,0.1
284,phase1,lower,-10.0,4,-14.94183546011354,-9.999739998256379,-7.500405366361007,-5.000455278489097,-2.5001863888599765,3.74136025493195e-06,lower,0.1
285,phase1,lower,-10.0,4,-14.94183546011354,-9.999803167842613,-7.500425965455681,-5.0004406626709486,-2.500169081155327,4.556302528479916e-06,lower,0.1
286,phase1,lower,-10.0,4,-14.94183546011354,-9.999861346931644,-7.500441380242167,-5.000423662889671,-2.5001519511980717,5.244978222042855e-06,lower,0.1
287,phase1,lower,-10.0,4,-14.94183546011354,-9.999914629782296,-7.500451965070022,-5.000404662946166,-2.50013513972055,5.8157030532422515e-06,lower,0.1
288,phase1,lower,-10.0,4,-14.94183546011354,-9.99996312917832,-7.5004580790174815,-5.000384024378152,-2.5001187682495862,6.276690767503532e-06,lower,0.1
289,phase1,lower,-10.0,4,-14.94183546011354,-10.000006975140545,-7.500460082884023,-5.000362085821366,-2.500102940448405,6.636028993935371e-06,lower,0.1
290,phase1,lower,-10.0,4,-14.94183546011354,-10.000046313488799,-7.500458336388564,-5.000339162610944,-2.500087743407306,6.90165498644374e-06,lower,0.1
291,phase1,lower,-10.0,4,-14.94183546011354,-10.000081304289287,-7.500453195586455,-5.000315546601541,-2.50007324888575,7.0813317502427576e-06,lower,0.1
292,phase1,lower,-10.0,4,-14.94183546011354,-10.000112120220429,-7.500445010513984,-5.000291506185584,-2.500059514507784,7.18262498772429e-06,lower,0.1
293,phase1,lower,-10.0,4,-14.94183546011354,-10.000138944887295,-7.500434123065328,-5.000267286489866,-2.5000465849121483,7.212881233663749e-06,lower,0.1
294,phase1,lower,-10.0,4,-14.94183546011354,-10.000161971111988,-7.500420865103411,-5.000243109731497,-2.500034492857917,7.179207488045988e-06,lower,0.1
295,phase1,lower,-10.0,4,-14.94183546011354,-10.00018139922439,-7.500405556803271,-5.000219175715033,-2.5000232602861643,7.088452595950232e-06,lower,0.1
296,phase1,lower,-10.0,4,-14.94183546011354,-10.000197435374941,-7.500388505223942,-5.00019566245341,-2.500012899337853,6.947190569862938e-06,lower,0.1
297,phase1,lower,-10.0,4,-14.94183546011354,-10.000210289888328,-7.500370003102752,-5.000172726896155,-2.500003413327958,6.761705998715273e-06,lower,0.1
298,phase1,lower,-10.0,4,-14.94183546011354,-10.000220175674372,-7.500350327864102,-5.000150505749164,-2.499994797675701,6.537981641717394e-06,lower,0.1
299,phase1,lower,-10.0,4,-14.94183546011354,-10.000227306709867,-7.500329740833297,-5.000129116371196,-2.4999870407907125,6.281688263212067e-06,lower,0.1
300,phase1,lower,-10.0,4,-14.94183546011354,-10.000231896602772,-7.500308486644814,-5.0001086577330796,-2.4999801249149205,5.998176726313074e-06,lower,0.1
301,phase1,lower,-10.0,4,-14.94183546011354,-10.000234157247922,-7.500286792833437,-5.000089211426506,-2.499974026920007,5.692472330834248e-06,lower,0.1
302,phase1,lower,-10.0,4,-14.94183546011354,-10.000234297581375,-7.500264869595984,-5.000070842710136,-2.4999687190603277,5.369271350248804e-06,lower,0.1
303,phase1,lower,-10.0,4,-14.94183546011354,-10.00023252243862,-7.500242909710844,-5.000053601581648,-2.499964169681295,5.032939698645845e-06,lower,0.1
304,phase1,lower,-10.0,4,-14.94183546011354,-10.000229031520114,-7.500221088602264,-5.000037523865162,-2.4999603438833407,4.687513635911104e-06,lower,0.1
305,phase1,lower,-10.0,4,-14.94183546011354,-10.000224018466056,-7.500199564536182,-5.000022632304417,-2.4999572041417037,4.336702402520862e-06,lower,0.1
306,phase1,lower,-10.0,4,-14.94183546011354,-10.000217670040907,-7.5001784789343855,-5.000008937652854,-2.499954710882436,3.983892660289624e-06,lower,0.1
307,phase1,lower,-10.0,4,-14.94183546011354,-10.00021016542686,-7.500157956793981,-4.999996439752635,-2.499952823015166,3.632154604206897e-06,lower,0.1
308,phase1,lower,-10.0,4,-14.94183546011354,-10.000201675624428,-7.5001381071993585,-4.99998512859543,-2.499951498423317,3.2842496024246904e-06,lower,0.1
309,phase1,lower,-10.0,4,-14.94183546011354,-10.000192362957279,-7.500119023914239,-4.999974985358604,-2.4999506944126084,2.942639215140724e-06,lower,0.1
310,phase1,lower,-10.0,4,-14.94183546011354,-10.000182380677682,-7.500100786041808,-4.999965983411196,-2.499950368118839,2.6094954404311408e-06,lower,0.1
311,phase1,lower,-10.0,4,-14.94183546011354,-10.000171872668199,-7.500083458741451,-4.999958089284826,-2.4999504768760676,2.286712033053453e-06,lower,0.1
312,phase1,lower,-10.0,4,-14.94183546011354,-10.000160973234694,-7.500067093991186,-4.999951263605399,-2.4999509785464387,1.975916743725115e-06,lower,0.1
313,phase1,lower,-10.0,4,-14.94183546011354,-10.000149806985274,-7.500051731385484,-4.9999454619821,-2.4999518318130214,1.6784843282609446e-06,lower,0.1
314,phase1,upper,-15.0,2,-15.010904667890996,-10.000149806985274,-7.500051731385484,-4.9999454619821,-2.4999518318130214,0.0044722509179286885,lower,0.1
315,phase1,lower,-10.0,4,-15.010904667890996,-9.996114973599159,-7.497220938325656,-4.997969113407658,-2.4985729307268802,0.0010747799914875588,lower,0.1
316,phase1,lower,-10.0,4,-15.010904667890996,-9.995258268079471,-7.496648505486834,-4.997596620623879,-2.4984289285608203,0.00018018388331782708,lower,0.1
317,phase1,lower,-10.0,4,-15.010904667890996,-9.995235126325221,-7.4966673375640465,-4.997652264920729,-2.498589197471245,-4.959129490287035e-05,lower,0.1
318,phase1,lower,-10.0,4,-15.010904667890996,-9.995422979614517,-7.496835742518952,-4.997821489767877,-2.4988084470174523,-0.00010312241512041395,lower,0.1
319,phase1,lower,-10.0,4,-15.010904667890996,-9.99565706607857,-7.49703742896379,-4.998018978872517,-2.4990234055272236,-0.00011026019843376568,lower,0.1
320,phase1,lower,-10.0,4,-15.010904667890996,-9.995894336545682,-7.4972423176775775,-4.998220636991563,-2.499219035311681,-0.00010549698532326815,lower,0.1
321,phase1,lower,-10.0,4,-15.010904667890996,-9.996124081945661,-7.497443008200291,-4.9984188924589725,-2.4993929794799348,-9.797715131095335e-05,lower,0.1
322,phase1,lower,-10.0,4,-15.010904667890996,-9.996344154007303,-7.49763793324036,-4.998610785665994,-2.499546121034955,-9.01080068346868e-05,lower,0.1
323,phase1,lower,-10.0,4,-15.010904667890996,-9.99655462913676,-7.497826918566521,-4.998794776276901,-2.499680082938229,-8.250726310550388e-05,lower,0.1
324,phase1,upper,-15.0,2,-15.068682099273575,-9.99655462913676,-7.497826918566521,-4.998794776276901,-2.499680082938229,0.005479997213928688,lower,0.1
325,phase1,lower,-10.0,4,-15.068682099273575,-9.9917498605872,-7.494505657907387,-4.996516806600094,-2.4980794276842038,0.0012602390127484518,lower,0.1
326,phase1,lower,-10.0,4,-15.068682099273575,-9.990891225207745,-7.493987228726271,-4.996223688887937,-2.497999109810657,0.00015423013451320685,lower,0.1
327,phase1,lower,-10.0,4,-15.068682099273575,-9.991062018438537,-7.4941973018526955,-4.996452114381754,-2.4982827535755865,-0.00012501373034290293,lower,0.1
328,phase1,lower,-10.0,4,-15.068682099273575,-9.99148805913726,-7.4945861944079,-4.996810446151031,-2.498626592971187,-0.00018538442296706437,lower,0.1
329,phase1,lower,-10.0,4,-15.068682099273575,-9.991964718644995,-7.4950090614209905,-4.997192424917255,-2.498953224497158,-0.00018842840660096032,lower,0.1
330,phase1,lower,-10.0,4,-15.068682099273575,-9.992438738488536,-7.495428304921727,-4.997568090695422,-2.499245153710223,-0.00017704344724819046,lower,0.1
331,phase1,lower,-10.0,4,-15.068682099273575,-9.992897034234378,-7.4958345391645596,-4.997928150178615,-2.4995005662677996,-0.00016258933315928077,lower,0.1
332,phase1,upper,-15.0,2,-15.116437680895867,-9.992897034234378,-7.4958345391645596,-4.997928150178615,-2.4995005662677996,0.006265626814979615,lower,0.1
333,phase1,lower,-10.0,4,-15.116437680895867,-9.987551720593915,-7.492175868005643,-4.995434296702688,-2.4977371983160355,0.001395370240799536,lower,0.1
334,phase1,lower,-10.0,4,-15.116437680895867,-9.98675830211837,-7.49174747960376,-4.995224602548732,-2.4977176678072888,0.00012330203170350055,lower,0.1
335,phase1,lower,-10.0,4,-15.116437680895867,-9.987146248038375,-7.492152219410389,-4.995607710652594,-2.4981068748931454,-0.00019367186201475463,lower,0.1
336,phase1,lower,-10.0,4,-15.116437680895867,-9.987821149851388,-7.492754943034723,-4.996130947490268,-2.498554989127859,-0.00025808398300539636,lower,0.1
337,phase1,lower,-10.0,4,-15.116437680895867,-9.988546804754428,-7.493388348805521,-4.996671567501998,-2.498973690432867,-0.0002566171622262481,lower,0.1
338,phase1,lower,-10.0,4,-15.116437680895867,-9.98926191460554,-7.494009061176751,-4.997195100050998,-2.4993438028878523,-0.00023883045233672677,lower,0.1
339,phase1,lower,-10.0,4,-15.116437680895867,-9.989951576669766,-7.49460630120657,-4.997691038683965,-2.4996641854201584,-0.00021783477421359528,lower,0.1
340,phase1,lower,-10.0,4,-15.116437680895867,-9.990613100420237,-7.495177688424557,-4.998155680698648,-2.4999381709787643,-0.0001970554045454153,lower,0.1
341,phase1,upper,-15.0,2,-15.155296670616192,-9.990613100420237,-7.495177688424557,-4.998155680698648,-2.4999381709787643,0.006877920865709864,lower,0.1
342,phase1,lower,-10.0,4,-15.155296670616192,-9.98487943044153,-7.491265641382686,-4.995467443129564,-2.497985940500484,0.001521355536343839,lower,0.1
343,phase1,lower,-10.0,4,-15.155296670616192,-9.984148831552936,-7.490899795264888,-4.995282523109082,-2.4979496070491485,0.00012448663823775061,lower,0.1
344,phase1,lower,-10.0,4,-15.155296670616192,-9.984711889949716,-7.49144191748744,-4.9957402597615745,-2.4983603773915557,-0.00022152482533169441,lower,0.1
345,phase1,upper,-15.0,2,-15.186316061815216,-9.984711889949716,-7.49144191748744,-4.9957402597615745,-2.4983603773915557,0.007324154651133412,lower,0.1
346,phase1,lower,-10.0,4,-15.186316061815216,-9.97879315351747,-7.487439245028158,-4.993015572085287,-2.49650439322091,0.0015218807684612447,lower,0.1
347,phase1,lower,-10.0,4,-15.186316061815216,-9.978288069976925,-7.487271537320529,-4.993007276740053,-2.496698127848323,1.6329835901990108e-05,lower,0.1
348,phase1,lower,-10.0,4,-15.186316061815216,-9.979171719858973,-7.488077377084141,-4.993693812890368,-2.4973501837710557,-0.0003493984926565959,lower,0.1
349,phase1,lower,-10.0,4,-15.186316061815216,-9.98037674422488,-7.4890995944602174,-4.994533495402022,-2.4980457192042387,-0.00041436967264814984,lower,0.1
350,phase1,lower,-10.0,4,-15.186316061815216,-9.981621961953797,-7.490139554404521,-4.9953790320027585,-2.4986819972808347,-0.00040151175488835334,lower,0.1
351,phase1,lower,-10.0,4,-15.186316061815216,-9.98283508177827,-7.4911464295660934,-4.996188843606943,-2.499238638168723,-0.0003699716717753127,lower,0.1
352,phase1,lower,-10.0,4,-15.186316061815216,-9.983999191061649,-7.492108159513668,-4.996950210222667,-2.4997165898167006,-0.00033536399426615626,lower,0.1
353,phase1,lower,-10.0,4,-15.186316061815216,-9.98511191550169,-7.49302258604916,-4.997658738576427,-2.5001219463601196,-0.00030173660279055286,lower,0.1
354,phase1,lower,-10.0,4,-15.186316061815216,-9.98617454549895,-7.4938898834664265,-4.99831281298821,-2.500461685877657,-0.00027006817306825476,lower,0.1
355,phase1,lower,-10.0,4,-15.186316061815216,-9.987189140651457,-7.49471063349276,-4.998912039326151,-2.500742574192204,-0.00024052701435791236,lower,0.1
356,phase1,lower,-10.0,4,-15.186316061815216,-9.988157764248509,-7.495485386401859,-4.99945675939829,-2.500970907824241,-0.0002130713696561801,lower,0.1
357,phase1,lower,-10.0,4,-15.186316061815216,-9.989082290696535,-7.496214604462526,-4.999947857844505,-2.5011524775718517,-0.00018760873307771238,lower,0.1
358,phase1,lower,-10.0,4,-15.186316061815216,-9.989964369932904,-7.496898695774245,-5.000386653840018,-2.5012925883632495,-0.0001640378772978226,lower,0.1
359,phase1,lower,-10.0,4,-15.186316061815216,-9.990805436606607,-7.497538062241236,-5.000774821622407,-2.5013960917900975,-0.0001422596649038293,lower,0.1
360,phase1,lower,-10.0,4,-15.186316061815216,-9.991606732868483,-7.498133142660377,-5.001114324279185,-2.5014674198536215,-0.00012217954604553245,lower,0.1
361,phase1,lower,-10.0,4,-15.186316061815216,-9.992369335439115,-7.498684447000648,-5.00140735606521,-2.5015106170087757,-0.00010370784701512666,lower,0.1
362,phase1,lower,-10.0,4,-15.186316061815216,-9.993094183657583,-7.499192581862885,-5.001656291473356,-2.5015293698730274,-8.67594848371991e-05,lower,0.1
363,phase1,lower,-10.0,4,-15.186316061815216,-9.993782107014466,-7.499658268050923,-5.001863640131699,-2.5015270345753793,-7.125355131819161e-05,lower,0.1
364,phase1,lower,-10.0,4,-15.186316061815216,-9.994433851314298,-7.500082351344315,-5.002032006881969,-2.5015066618819515,-5.71128903799453e-05,lower,0.1
365,phase1,lower,-10.0,4,-15.186316061815216,-9.995050102918642,-7.500465807519831,-5.002164056516708,-2.5014710202730748,-4.4263705233683266e-05,lower,0.1
366,phase1,lower,-10.0,4,-15.186316061815216,-9.995631510713471,-7.500809742578048,-5.0022624827262305,-2.5014226171509093,-3.2635206918387496e-05,lower,0.1
367,phase1,lower,-10.0,4,-15.186316061815216,-9.996178705586155,-7.501115389033569,-5.002329980861191,-2.5013637183500297,-2.2159307636877983e-05,lower,0.1
368,phase1,lower,-10.0,4,-15.186316061815216,-9.99669231730777,-7.501384099033223,-5.002369224161245,-2.501296366113044,-1.2770359068256344e-05,lower,0.1
369,phase1,lower,-10.0,4,-15.186316061815216,-9.997172988803477,-7.5016173349788255,-5.002382843137841,-2.5012223956814297,-4.404934145585294e-06,lower,0.1
370,phase1,lower,-10.0,4,-15.186316061815216,-9.997621387861743,-7.501816658249973,-5.002373407831166,-2.5011434506392396,2.9983502573318872e-06,lower,0.1
371,phase1,lower,-10.0,4,-15.186316061815216,-9.998038216385334,-7.501983716547912,-5.002343412688539,-2.5010609971347297,9.49897296601188e-06,lower,0.1
372,phase1,lower,-10.0,4,-15.186316061815216,-9.998424217325923,-7.502120230313395,-5.00229526383495,-2.500976337092558,1.5154614140888891e-05,lower,0.1
373,phase1,lower,-10.0,4,-15.186316061815216,-9.998780179471943,-7.502227978609303,-5.00223126852642,-2.5008906205172536,2.002123081424538e-05,lower,0.1
374,phase1,upper,-15.0,2,-15.210227250425135,-9.998780179471943,-7.502227978609303,-5.00223126852642,-2.5008906205172536,0.007752920952144115,lower,0.1
375,phase1,lower,-10.0,4,-15.210227250425135,-9.992147330528748,-7.497437057977874,-4.9987434178170655,-2.4984177108333747,0.0018808223294148516,lower,0.1
376,phase1,lower,-10.0,4,-15.210227250425135,-9.990983563177188,-7.496525598535388,-4.99801665203587,-2.4980812091035,0.0003373218278636547,lower,0.1
377,phase1,lower,-10.0,4,-15.210227250425135,-9.991234177067932,-7.496611826088553,-4.9980193517293285,-2.4982722020246624,-5.687448473813569e-05,lower,0.1
378,phase1,lower,-10.0,4,-15.210227250425135,-9.991823129006258,-7.496933606101573,-4.998209359165422,-2.498567114464762,-0.00014682599458935408,lower,0.1
379,phase1,lower,-10.0,4,-15.210227250425135,-9.992466320110921,-7.497291664666123,-4.998440918308796,-2.4988571109407753,-0.0001570927279935627,lower,0.1
380,phase1,lower,-10.0,4,-15.210227250425135,-9.993090238021635,-7.497635842752016,-4.998674044325484,-2.499116691775205,-0.0001472915050598837,lower,0.1
381,phase1,lower,-10.0,4,-15.210227250425135,-9.993677360849228,-7.497955187885271,-4.998897207996076,-2.4993422033267603,-0.0001331953693584683,lower,0.1
382,phase1,lower,-10.0,4,-15.210227250425135,-9.994225019385256,-7.4982488043090205,-4.999106732161004,-2.4995355151103147,-0.00011892554615424912,lower,0.1
383,phase1,lower,-10.0,4,-15.210227250425135,-9.99473443086917,-7.498518162381238,-4.999301270208853,-2.499699702565956,-0.00010550929854742885,lower,0.1
384,phase1,lower,-10.0,4,-15.210227250425135,-9.995207762389072,-7.49876510477291,-4.999480299482147,-2.4998379202093104,-9.315506742683324e-05,lower,0.1
385,phase1,lower,-10.0,4,-15.210227250425135,-9.99564733618814,-7.498991360180676,-4.9996436869678025,-2.4999531217370703,-8.185737603580281e-05,lower,0.1
386,phase1,lower,-10.0,4,-15.210227250425135,-9.996055410225827,-7.49919845165409,-4.999791544424272,-2.5000480040878137,-7.155764468264514e-05,lower,0.1
387,phase1,lower,-10.0,4,-15.210227250425135,-9.996434116248867,-7.499387704365821,-4.9999241642997205,-2.500125009826314,-6.218688080678156e-05,lower,0.1
388,phase1,lower,-10.0,4,-15.210227250425135,-9.996785443253287,-7.499560274973277,-5.000041980500441,-2.500186343826544,-5.367691410253537e-05,lower,0.1
389,phase1,lower,-10.0,4,-15.210227250425135,-9.997111235647978,-7.499717182438317,-5.000145538720912,-2.500233992575197,-4.596323177585577e-05,lower,0.1
390,phase1,lower,-10.0,4,-15.210227250425135,-9.99741319723561,-7.499859335465935,-5.000235471905522,-2.5002697430311693,-3.898555546019297e-05,lower,0.1
391,phase1,lower,-10.0,4,-15.210227250425135,-9.997692898058556,-7.499987555742052,-5.000312479344466,-2.500295200276911,-3.2687802621473e-05,lower,0.1
392,phase1,lower,-10.0,4,-15.210227250425135,-9.997951782849265,-7.5001025971754,-5.000377308726151,-2.5003118038163032,-2.7017877202084034e-05,lower,0.1
393,phase1,lower,-10.0,4,-15.210227250425135,-9.998191180371359,-7.500205161579918,-5.0004307407216455,-2.500320842542643,-2.1927413932282333e-05,lower,0.1
394,phase1,lower,-10.0,4,-15.210227250425135,-9.998412313164755,-7.500295911257499,-5.000473575774958,-2.5003234684473945,-1.7371514066256214e-05,lower,0.1
395,phase1,lower,-10.0,4,-15.210227250425135,-9.998616307336688,-7.500375478911611,-5.000506622825829,-2.5003207091533497,-1.3308486007626252e-05,lower,0.1
396,phase1,lower,-10.0,4,-15.210227250425135,-9.998804202131586,-7.50044447528174,-5.000530689729359,-2.5003134793584034,-9.699596812840846e-06,lower,0.1
397,phase1,lower,-10.0,4,-15.210227250425135,-9.998976959083734,-7.500503494847548,-5.000546575167082,-2.5003025912749197,-6.50883774767568e-06,lower,0.1
398,phase1,lower,-10.0,4,-15.210227250425135,-9.999135470614089,-7.500553119912905,-5.000555061869876,-2.5002887641467466,-3.702705667022689e-06,lower,0.1
399,phase1,lower,-10.0,4,-15.210227250425135,-9.999280567979072,-7.5005939233442405,-5.000556910995348,-2.5002726329219973,-1.2500010948277958e-06,lower,0.1
400,phase2,lower,-20.0,4,-15.210227250425135,-9.99941190351559,-8.50062568270421,-5.270552306270995,-2.689254370279904,-0.1469988215179786,lower,0.1
401,phase2,lower,-20.0,4,-15.210227250425135,-10.231832220800632,-9.547260374655309,-5.596459952224282,-2.9019600966668317,-0.17447994043653922,lower,0.1
402,phase2,lower,-20.0,4,-15.210227250425135,-10.570406982578985,-10.561119255041302,-5.919095601103266,-3.095972535004408,-0.1701033233255302,lower,0.1
403,phase2,lower,-20.0,4,-15.210227250425135,-10.972571200818194,-11.521331214699064,-6.22103868337315,-3.261629730935137,-0.15731872906299965,lower,0.1
404,phase2,lower,-20.0,4,-15.210227250425135,-11.41903405836298,-12.422729281250946,-6.49648901356268,-3.398036573929129,-0.14248318725111708,lower,0.1
405,phase2,lower,-20.0,4,-15.210227250425135,-11.897638449177782,-13.2644694334683,-6.743190207662067,-3.5066572073100297,-0.1273889067173144,lower,0.1
406,phase2,lower,-20.0,4,-15.210227250425135,-12.398971563652417,-14.047000958695428,-6.960223981995521,-3.5895860476275825,-0.11259605348513128,lower,0.1
407,phase2,lower,-20.0,4,-15.210227250425135,-12.915110951293336,-14.77125556838723,-7.147369825341086,-3.6490669643845406,-0.09832093530872978,lower,0.1
408,phase2,lower,-20.0,4,-15.210227250425135,-13.439214254780582,-15.438425087988652,-7.30488528991741,-3.6873481161706447,-0.08467409524312025,lower,0.1
409,phase2,lower,-20.0,4,-15.210227250425135,-13.965342023820199,-16.04989448068131,-7.433402358744658,-3.706629351203765,-0.07172537057613551,lower,0.1
410,phase2,lower,-20.0,4,-15.210227250425135,-14.488350103024832,-16.60721516828586,-7.53385870055703,-3.709037094676307,-0.059522758369490475,lower,0.1
411,phase2,lower,-20.0,4,-15.210227250425135,-15.003807092083475,-17.112088216047805,-7.6074420015146575,-3.6966090249318873,-0.048098829166652424,lower,0.1
412,phase2,lower,-20.0,4,-15.210227250425135,-15.507924150729895,-17.56634944731652,-7.655541352969405,-3.671283486450081,-0.0374736790386741,upper,0.1
413,phase2,upper,-15.0,2,-15.261880396297519,-15.507924150729895,-17.56634944731652,-7.655541352969405,-3.671283486450081,-0.010441870089814276,upper,0.1
414,phase2,upper,-15.0,2,-15.282989509868033,-15.507924150729895,-17.56634944731652,-7.655541352969405,-3.671283486450081,0.0037939242889878984,upper,0.1
415,phase2,upper,-15.0,2,-15.28635959656751,-15.507924150729895,-17.56634944731652,-7.655541352969405,-3.671283486450081,0.010959323868006032,upper,0.1
416,phase2,upper,-15.0,2,-15.279379625492187,-15.507924150729895,-17.56634944731652,-7.655541352969405,-3.671283486450081,0.014220364428877755,upper,0.1
417,phase2,lower,-20.0,4,-15.279379625492187,-15.950968352402567,-17.93938729129945,-7.6569068051624525,-3.618934042600537,-0.015245088025191977,upper,0.1
418,phase2,upper,-15.0,2,-15.292917099169285,-15.950968352402567,-17.93938729129945,-7.6569068051624525,-3.618934042600537,0.0008948161333199485,upper,0.1
419,phase2,upper,-15.0,2,-15.288754922731506,-15.950968352402567,-17.93938729129945,-7.6569068051624525,-3.618934042600537,0.008923857107804169,upper,0.1
420,phase2,lower,-20.0,4,-15.288754922731506,-16.39177877489523,-18.276704524058047,-7.643878252741172,-3.5640534804357493,-0.010775300351634959,upper,0.1
421,phase2,upper,-15.0,2,-15.29277157382587,-16.39177877489523,-18.276704524058047,-7.643878252741172,-3.5640534804357493,0.00287144977965449,upper,0.1
422,phase2,upper,-15.0,2,-15.282310501090691,-16.39177877489523,-18.276704524058047,-7.643878252741172,-3.5640534804357493,0.00948124849279262,upper,0.1
423,phase2,upper,-15.0,2,-15.264413103771973,-16.39177877489523,-18.276704524058047,-7.643878252741172,-3.5640534804357493,0.012272342163420684,upper,0.1
424,phase2,upper,-15.0,2,-15.2430566301939,-16.39177877489523,-18.276704524058047,-7.643878252741172,-3.5640534804357493,0.013017817866445671,upper,0.1
425,phase2,upper,-15.0,2,-15.220500316937958,-16.39177877489523,-18.276704524058047,-7.643878252741172,-3.5640534804357493,0.012694804714522665,upper,0.1
426,phase2,upper,-15.0,2,-15.198030998250674,-16.39177877489523,-18.276704524058047,-7.643878252741172,-3.5640534804357493,0.011841504318275577,upper,0.1
427,phase2,upper,-15.0,2,-15.176378017516775,-16.39177877489523,-18.276704524058047,-7.643878252741172,-3.5640534804357493,0.010753660647204566,upper,0.1
428,phase2,upper,-15.0,2,-15.155945750165534,-16.39177877489523,-18.276704524058047,-7.643878252741172,-3.5640534804357493,0.009592776693445427,upper,0.1
429,phase2,upper,-15.0,2,-15.136945284323977,-16.39177877489523,-18.276704524058047,-7.643878252741172,-3.5640534804357493,0.008445806071183346,upper,0.1
430,phase2,upper,-15.0,2,-15.119470124770945,-16.39177877489523,-18.276704524058047,-7.643878252741172,-3.5640534804357493,0.007358149436592088,upper,0.1
431,phase2,upper,-15.0,2,-15.10354063070712,-16.39177877489523,-18.276704524058047,-7.643878252741172,-3.5640534804357493,0.0063519526056780105,upper,0.1
432,phase2,upper,-15.0,2,-15.089130821183957,-16.39177877489523,-18.276704524058047,-7.643878252741172,-3.5640534804357493,0.005436301001971219,upper,0.1
433,phase2,upper,-15.0,2,-15.076185092544216,-16.39177877489523,-18.276704524058047,-7.643878252741172,-3.5640534804357493,0.004612936930067702,upper,0.1
434,phase2,upper,-15.0,2,-15.064629042473072,-16.39177877489523,-18.276704524058047,-7.643878252741172,-3.5640534804357493,0.0038794952569920996,upper,0.1
435,phase2,upper,-15.0,2,-15.05437675066166,-16.39177877489523,-18.276704524058047,-7.643878252741172,-3.5640534804357493,0.0032313568029076964,upper,0.1
436,phase2,upper,-15.0,2,-15.045335848477993,-16.39177877489523,-18.276704524058047,-7.643878252741172,-3.5640534804357493,0.002662726057780153,upper,0.1
437,phase2,upper,-15.0,2,-15.037411146915565,-16.39177877489523,-18.276704524058047,-7.643878252741172,-3.5640534804357493,0.0021672688927137597,upper,0.1
438,phase2,upper,-15.0,2,-15.030507278843581,-16.39177877489523,-18.276704524058047,-7.643878252741172,-3.5640534804357493,0.0017384968187279144,upper,0.1
439,phase2,upper,-15.0,2,-15.02453063583899,-16.39177877489523,-18.276704524058047,-7.643878252741172,-3.5640534804357493,0.001370002178387823,upper,0.1
440,phase2,upper,-15.0,2,-15.019390779921494,-16.39177877489523,-18.276704524058047,-7.643878252741172,-3.5640534804357493,0.001055603286454405,upper,0.1
441,phase2,upper,-15.0,2,-15.015001452441714,-16.39177877489523,-18.276704524058047,-7.643878252741172,-3.5640534804357493,0.0007894334010301622,upper,0.1
442,phase2,upper,-15.0,2,-15.011281267570638,-16.39177877489523,-18.276704524058047,-7.643878252741172,-3.5640534804357493,0.000565993406842734,upper,0.1
443,phase2,upper,-15.0,2,-15.008154156073896,-16.39177877489523,-18.276704524058047,-7.643878252741172,-3.5640534804357493,0.0003801802277195855,upper,0.1
444,phase2,upper,-15.0,2,-15.005549610700134,-16.39177877489523,-18.276704524058047,-7.643878252741172,-3.5640534804357493,0.00022729850860622443,upper,0.1
445,phase2,upper,-15.0,2,-15.00340277446719,-16.39177877489523,-18.276704524058047,-7.643878252741172,-3.5640534804357493,0.00010306050845311748,upper,0.1
446,phase2,upper,-15.0,2,-15.001654405677623,-16.39177877489523,-18.276704524058047,-7.643878252741172,-3.5640534804357493,3.5775932814061497e-06,upper,0.1
447,phase2,upper,-15.0,2,-15.000250747680196,-16.39177877489523,-18.276704524058047,-7.643878252741172,-3.5640534804357493,-7.465424367606897e-05,upper,0.1
448,phase2,upper,-15.0,2,-14.999143326676554,-16.39177877489523,-18.276704524058047,-7.643878252741172,-3.5640534804357493,-0.0001347730330609331,upper,0.1
449,phase2,upper,-15.0,2,-14.998288696941348,-16.39177877489523,-18.276704524058047,-7.643878252741172,-3.5640534804357493,-0.0001795722777497535,upper,0.1
450,phase2,upper,-15.0,2,-14.99764814949314,-16.39177877489523,-18.276704524058047,-7.643878252741172,-3.5640534804357493,-0.0002115241326932509,upper,0.1
451,phase2,upper,-15.0,2,-14.997187397405654,-16.39177877489523,-18.276704524058047,-7.643878252741172,-3.5640534804357493,-0.0002328034828472783,upper,0.1
452,phase2,upper,-15.0,2,-14.996876248505389,-16.39177877489523,-18.276704524058047,-7.643878252741172,-3.5640534804357493,-0.0002453122675600025,upper,0.1
453,phase2,upper,-15.0,2,-14.996688274105297,-16.39177877489523,-18.276704524058047,-7.643878252741172,-3.5640534804357493,-0.00025070354562332334,upper,0.1
454,phase2,upper,-15.0,2,-14.996600480630459,-16.39177877489523,-18.276704524058047,-7.643878252741172,-3.5640534804357493,-0.00025040491412736855,upper,0.1
455,phase2,upper,-15.0,2,-14.996592989463691,-16.39177877489523,-18.276704524058047,-7.643878252741172,-3.5640534804357493,-0.00024564099206211886,upper,0.1
456,phase2,upper,-15.0,2,-14.99664872904506,-16.39177877489523,-18.276704524058047,-7.643878252741172,-3.5640534804357493,-0.00023745476023364988,upper,0.1
457,phase2,upper,-15.0,2,-14.996753142171245,-16.39177877489523,-18.276704524058047,-7.643878252741172,-3.5640534804357493,-0.00022672761538481724,upper,0.1
458,phase2,upper,-15.0,2,-14.99689391053343,-16.39177877489523,-18.276704524058047,-7.643878252741172,-3.5640534804357493,-0.0002141980506508324,upper,0.1
459,phase2,upper,-15.0,2,-14.997060697783082,-16.39177877489523,-18.276704524058047,-7.643878252741172,-3.5640534804357493,-0.00020047891844995249,upper,0.1
460,phase2,upper,-15.0,2,-14.99724491180335,-16.39177877489523,-18.276704524058047,-7.643878252741172,-3.5640534804357493,-0.0001860732671184341,upper,0.1
461,phase2,upper,-15.0,2,-14.997439486370887,-16.39177877489523,-18.276704524058047,-7.643878252741172,-3.5640534804357493,-0.00017138877034591658,upper,0.1
462,phase2,upper,-15.0,2,-14.997638682002588,-16.39177877489523,-18.276704524058047,-7.643878252741172,-3.5640534804357493,-0.00015675078988777649,upper,0.1
463,phase2,upper,-15.0,2,-14.997837905478626,-16.39177877489523,-18.276704524058047,-7.643878252741172,-3.5640534804357493,-0.00014241412810473894,upper,0.1
464,phase2,upper,-15.0,2,-14.998033547304338,-16.39177877489523,-18.276704524058047,-7.643878252741172,-3.5640534804357493,-0.00012857353847486367,upper,0.1
465,phase2,upper,-15.0,2,-14.998222836207036,-16.39177877489523,-18.276704524058047,-7.643878252741172,-3.5640534804357493,-0.0001153730700961644,upper,0.1
466,phase2,upper,-15.0,2,-14.998403709649386,-16.39177877489523,-18.276704524058047,-7.643878252741172,-3.5640534804357493,-0.00010291432700238385,upper,0.1
467,phase2,upper,-15.0,2,-14.998574699269476,-16.39177877489523,-18.276704524058047,-7.643878252741172,-3.5640534804357493,-9.126372542873815e-05,upper,0.1
468,phase2,upper,-15.0,2,-14.998734830121265,-16.39177877489523,-18.276704524058047,-7.643878252741172,-3.5640534804357493,-8.045883247455458e-05,upper,0.1
469,phase2,lower,-20.0,4,-14.998734830121265,-16.830343762760737,-18.581865581218214,-7.619220045189373,-3.508319852315048,-0.007489733304718103,upper,0.1
470,phase2,upper,-15.0,2,-15.005551879605822,-16.830343762760737,-18.581865581218214,-7.619220045189373,-3.508319852315048,-0.003701058359745891,upper,0.1
471,phase2,upper,-15.0,2,-15.008756352454181,-16.830343762760737,-18.581865581218214,-7.619220045189373,-3.508319852315048,-0.0016583453788879487,upper,0.1
472,phase2,upper,-15.0,2,-15.009988817231843,-16.830343762760737,-18.581865581218214,-7.619220045189373,-3.508319852315048,-0.0005733028077300243,upper,0.1
473,phase2,upper,-15.0,2,-15.010157392814648,-16.830343762760737,-18.581865581218214,-7.619220045189373,-3.508319852315048,-1.2519583806117388e-05,upper,0.1
474,phase2,upper,-15.0,2,-15.009765995819132,-16.830343762760737,-18.581865581218214,-7.619220045189373,-3.508319852315048,0.0002623473724897593,upper,0.1
475,phase2,upper,-15.0,2,-15.009094967585463,-16.830343762760737,-18.581865581218214,-7.619220045189373,-3.508319852315048,0.0003823876832354885,upper,0.1
476,phase2,upper,-15.0,2,-15.008300566891517,-16.830343762760737,-18.581865581218214,-7.619220045189373,-3.508319852315048,0.0004196963322362898,upper,0.1
477,phase2,upper,-15.0,2,-15.007469856762837,-16.830343762760737,-18.581865581218214,-7.619220045189373,-3.508319852315048,0.0004138997008711934,upper,0.1
478,phase2,upper,-15.0,2,-15.006651055867772,-16.830343762760737,-18.581865581218214,-7.619220045189373,-3.508319852315048,0.00038674035152677855,upper,0.1
479,phase2,upper,-15.0,2,-15.005870383482835,-16.830343762760737,-18.581865581218214,-7.619220045189373,-3.508319852315048,0.0003500999021104842,upper,0.1
480,phase2,upper,-15.0,2,-15.005141459783045,-16.830343762760737,-18.581865581218214,-7.619220045189373,-3.508319852315048,0.00031041541560914424,upper,0.1
481,phase2,upper,-15.0,2,-15.004470594228941,-16.830343762760737,-18.581865581218214,-7.619220045189373,-3.508319852315048,0.0002711130959348406,upper,0.1
482,phase2,upper,-15.0,2,-15.003859795441583,-16.830343762760737,-18.581865581218214,-7.619220045189373,-3.508319852315048,0.0002339515137849621,upper,0.1
483,phase2,upper,-15.0,2,-15.003308512070639,-16.830343762760737,-18.581865581218214,-7.619220045189373,-3.508319852315048,0.0001997646742336379,upper,0.1
484,phase2,upper,-15.0,2,-15.002814661364223,-16.830343762760737,-18.581865581218214,-7.619220045189373,-3.508319852315048,0.00016887442752917448,upper,0.1
485,phase2,upper,-15.0,2,-15.002375253217771,-16.830343762760737,-18.581865581218214,-7.619220045189373,-3.508319852315048,0.0001413204058652018,upper,0.1
486,phase2,upper,-15.0,2,-15.00198678054769,-16.830343762760737,-18.581865581218214,-7.619220045189373,-3.508319852315048,0.00011698900797466235,upper,0.1
487,phase2,upper,-15.0,2,-15.00164547143922,-16.830343762760737,-18.581865581218214,-7.619220045189373,-3.508319852315048,9.568632022189923e-05,upper,0.1
488,phase2,upper,-15.0,2,-15.00134745693469,-16.830343762760737,-18.581865581218214,-7.619220045189373,-3.508319852315048,7.717972661553975e-05,upper,0.1
489,phase2,upper,-15.0,2,-15.001088885329883,-16.830343762760737,-18.581865581218214,-7.619220045189373,-3.508319852315048,6.122188750563313e-05,upper,0.1
490,phase2,upper,-15.0,2,-15.000866001067745,-16.830343762760737,-18.581865581218214,-7.619220045189373,-3.508319852315048,4.7564674069833e-05,upper,0.1
491,phase2,upper,-15.0,2,-15.000675199164828,-16.830343762760737,-18.581865581218214,-7.619220045189373,-3.508319852315048,3.596728966375384e-05,upper,0.1
492,phase2,upper,-15.0,2,-15.000513062052852,-16.830343762760737,-18.581865581218214,-7.619220045189373,-3.508319852315048,2.620095726495822e-05,upper,0.1
493,phase2,upper,-15.0,2,-15.000376383378578,-16.830343762760737,-18.581865581218214,-7.619220045189373,-3.508319852315048,1.8051527499209434e-05,upper,0.1
494,phase2,upper,-15.0,2,-15.000262181918014,-16.830343762760737,-18.581865581218214,-7.619220045189373,-3.508319852315048,1.1320792108664623e-05,upper,0.1
495,phase2,upper,-15.0,2,-15.000167707906606,-16.830343762760737,-18.581865581218214,-7.619220045189373,-3.508319852315048,5.826968807609841e-06,upper,0.1
496,phase2,upper,-15.0,2,-15.000090443535017,-16.830343762760737,-18.581865581218214,-7.619220045189373,-3.508319852315048,1.4046429442558107e-06,upper,0.1
497,phase2,upper,-15.0,2,-15.000028098983037,-16.830343762760737,-18.581865581218214,-7.619220045189373,-3.508319852315048,-2.0956525064614563e-06,upper,0.1
498,phase2,upper,-15.0,2,-14.99997860509156,-16.830343762760737,-18.581865581218214,-7.619220045189373,-3.508319852315048,-4.8080983231100115e-06,upper,0.1
499,phase2,lower,-20.0,4,-14.99997860509156,-17.255500271894974,-18.850395145815625,-7.579994479169368,-3.449298679163136,-0.002269924936898572,upper,0.1
500,phase2,upper,-15.0,2,-15.001978708719907,-17.255500271894974,-18.850395145815625,-7.579994479169368,-3.449298679163136,-0.0011167596596709946,upper,0.1
501,phase2,upper,-15.0,2,-15.002887298959509,-17.255500271894974,-18.850395145815625,-7.579994479169368,-3.449298679163136,-0.0004965353825107329,upper,0.1
502,phase2,upper,-15.0,2,-15.003204441119216,-17.255500271894974,-18.850395145815625,-7.579994479169368,-3.449298679163136,-0.00016835994025472302,upper,0.1
503,phase2,upper,-15.0,2,-15.003206390901397,-17.255500271894974,-18.850395145815625,-7.579994479169368,-3.449298679163136,1.7518808738176041e-07,upper,0.1
504,phase2,upper,-15.0,2,-15.003045945268871,-17.255500271894974,-18.850395145815625,-7.579994479169368,-3.449298679163136,8.185165251251983e-05,upper,0.1
505,phase2,lower,-20.0,4,-15.003045945268871,-17.66491609279978,-19.08386567420577,-7.527481497707638,-3.3877296436238797,0.002531646303849694,upper,0.1
506,phase2,upper,-15.0,2,-15.000602846270867,-17.66491609279978,-19.08386567420577,-7.527481497707638,-3.3877296436238797,0.001317069487743848,upper,0.1
507,phase2,upper,-15.0,2,-14.999319240202018,-17.66491609279978,-19.08386567420577,-7.527481497707638,-3.3877296436238797,0.0006546075194313213,upper,0.1
508,phase2,lower,-20.0,4,-14.999319240202018,-18.05622190417289,-19.283626492516678,-7.462763404706316,-3.3241633438861684,0.007026705711745684,upper,0.1
509,phase2,upper,-15.0,2,-14.992943490075698,-18.05622190417289,-19.283626492516678,-7.462763404706316,-3.3241633438861684,0.003418008656098418,upper,0.1
510,phase2,upper,-15.0,2,-14.99002104264419,-18.05622190417289,-19.283626492516678,-7.462763404706316,-3.3241633438861684,0.0014769673760674912,upper,0.1
511,phase2,lower,-20.0,4,-14.99002104264419,-18.427633092368808,-19.451249618174003,-7.387036699360274,-3.2591981183705876,0.011151815637556736,upper,0.1
512,phase2,upper,-15.0,2,-14.980274419720224,-18.427633092368808,-19.451249618174003,-7.387036699360274,-3.2591981183705876,0.005191121945213709,upper,0.1
513,phase2,upper,-15.0,2,-14.976243137786218,-18.427633092368808,-19.451249618174003,-7.387036699360274,-3.2591981183705876,0.0020095478482631867,upper,0.1
514,phase2,upper,-15.0,2,-14.975301842722498,-18.427633092368808,-19.451249618174003,-7.387036699360274,-3.2591981183705876,0.0003500293992101302,upper,0.1
515,phase2,upper,-15.0,2,-14.975995898123017,-18.427633092368808,-19.451249618174003,-7.387036699360274,-3.2591981183705876,-0.0004786129453293963,upper,0.1
516,phase2,upper,-15.0,2,-14.977517592838428,-18.427633092368808,-19.451249618174003,-7.387036699360274,-3.2591981183705876,-0.0008564585237055786,upper,0.1
517,phase2,upper,-15.0,2,-14.979417733893445,-18.427633092368808,-19.451249618174003,-7.387036699360274,-3.2591981183705876,-0.000992497336931493,upper,0.1
518,phase2,lower,-20.0,4,-14.979417733893445,-18.780887992552564,-19.590591245811638,-7.303053136116639,-3.1944868712455414,0.014058170997330182,upper,0.1
519,phase2,upper,-15.0,2,-14.96790103426063,-18.780887992552564,-19.590591245811638,-7.303053136116639,-3.1944868712455414,0.006373244689325439,upper,0.1
520,phase2,upper,-15.0,2,-14.963689693395203,-18.780887992552564,-19.590591245811638,-7.303053136116639,-3.1944868712455414,0.0022971330675353964,upper,0.1
521,phase2,upper,-15.0,2,-14.963376168024986,-18.780887992552564,-19.590591245811638,-7.303053136116639,-3.1944868712455414,0.0001941365000991467,upper,0.1
522,phase2,upper,-15.0,2,-14.965077041494764,-18.780887992552564,-19.590591245811638,-7.303053136116639,-3.1944868712455414,-0.0008347844054137629,upper,0.1
523,phase2,upper,-15.0,2,-14.96775094562142,-18.780887992552564,-19.590591245811638,-7.303053136116639,-3.1944868712455414,-0.0012836992792493566,upper,0.1
524,phase2,upper,-15.0,2,-14.970822954058644,-18.780887992552564,-19.590591245811638,-7.303053136116639,-3.1944868712455414,-0.0014239831604585104,upper,0.1
525,phase2,upper,-15.0,2,-14.973977463170343,-18.780887992552564,-19.590591245811638,-7.303053136116639,-3.1944868712455414,-0.001404499942809629,upper,0.1
526,phase2,upper,-15.0,2,-14.977043744401998,-18.780887992552564,-19.590591245811638,-7.303053136116639,-3.1944868712455414,-0.0013066802613850112,upper,0.1
527,phase2,upper,-15.0,2,-14.979932505778232,-18.780887992552564,-19.590591245811638,-7.303053136116639,-3.1944868712455414,-0.0011748135733299367,upper,0.1
528,phase2,upper,-15.0,2,-14.982600563722746,-18.780887992552564,-19.590591245811638,-7.303053136116639,-3.1944868712455414,-0.0010327181620180706,upper,0.1
529,phase2,upper,-15.0,2,-14.985031035221786,-18.780887992552564,-19.590591245811638,-7.303053136116639,-3.1944868712455414,-0.0008929227239164387,upper,0.1
530,phase2,upper,-15.0,2,-14.987222124447424,-18.780887992552564,-19.590591245811638,-7.303053136116639,-3.1944868712455414,-0.0007617297883952879,upper,0.1
531,phase2,upper,-15.0,2,-14.989180690397408,-18.780887992552564,-19.590591245811638,-7.303053136116639,-3.1944868712455414,-0.0006420130402524729,upper,0.1
532,phase2,upper,-15.0,2,-14.990918492744008,-18.780887992552564,-19.590591245811638,-7.303053136116639,-3.1944868712455414,-0.0005347665228679257,upper,0.1
533,phase2,upper,-15.0,2,-14.992449953593306,-18.780887992552564,-19.590591245811638,-7.303053136116639,-3.1944868712455414,-0.0004399654258004599,upper,0.1
534,phase2,upper,-15.0,2,-14.993790790252367,-18.780887992552564,-19.590591245811638,-7.303053136116639,-3.1944868712455414,-0.00035704635101726676,upper,0.1
535,phase2,upper,-15.0,2,-14.994957159016474,-18.780887992552564,-19.590591245811638,-7.303053136116639,-3.1944868712455414,-0.00028517657009019743,upper,0.1
536,phase2,upper,-15.0,2,-14.995965107144409,-18.780887992552564,-19.590591245811638,-7.303053136116639,-3.1944868712455414,-0.00022340571951317455,upper,0.1
537,phase2,upper,-15.0,2,-14.996830217115098,-18.780887992552564,-19.590591245811638,-7.303053136116639,-3.1944868712455414,-0.00017075155414780543,upper,0.1
538,phase2,upper,-15.0,2,-14.997567375556686,-18.780887992552564,-19.590591245811638,-7.303053136116639,-3.1944868712455414,-0.0001262483642225522,upper,0.1
539,phase2,upper,-15.0,2,-14.998190626270814,-18.780887992552564,-19.590591245811638,-7.303053136116639,-3.1944868712455414,-8.897398499896838e-05,upper,0.1
540,phase2,upper,-15.0,2,-14.998713082079005,-18.780887992552564,-19.590591245811638,-7.303053136116639,-3.1944868712455414,-5.80643345727598e-05,upper,0.1
541,phase2,upper,-15.0,2,-14.999146879036157,-18.780887992552564,-19.590591245811638,-7.303053136116639,-3.1944868712455414,-3.272054652721679e-05,upper,0.1
542,phase2,upper,-15.0,2,-14.99950316176955,-18.780887992552564,-19.590591245811638,-7.303053136116639,-3.1944868712455414,-1.221161497695465e-05,upper,0.1
543,phase2,upper,-15.0,2,-14.999792091895646,-18.780887992552564,-19.590591245811638,-7.303053136116639,-3.1944868712455414,4.125732283422423e-06,upper,0.1
544,phase2,upper,-15.0,2,-15.000022873514547,-18.780887992552564,-19.590591245811638,-7.303053136116639,-3.1944868712455414,1.6888895704226872e-05,upper,0.1
545,phase2,upper,-15.0,2,-15.000203791165598,-18.780887992552564,-19.590591245811638,-7.303053136116639,-3.1944868712455414,2.661235347806493e-05,upper,0.1
546,phase2,upper,-15.0,2,-15.000342256614998,-18.780887992552564,-19.590591245811638,-7.303053136116639,-3.1944868712455414,3.377127924989142e-05,upper,0.1
547,phase2,upper,-15.0,2,-15.000444861586907,-18.780887992552564,-19.590591245811638,-7.303053136116639,-3.1944868712455414,3.8785546373549284e-05,upper,0.1
548,phase2,upper,-15.0,2,-15.000517434128476,-18.780887992552564,-19.590591245811638,-7.303053136116639,-3.1944868712455414,4.202392332772e-05,upper,0.1
549,phase2,upper,-15.0,2,-15.000565096765406,-18.780887992552564,-19.590591245811638,-7.303053136116639,-3.1944868712455414,4.380832139825528e-05,upper,0.1
550,phase2,upper,-15.0,2,-15.000592324987668,-18.780887992552564,-19.590591245811638,-7.303053136116639,-3.1944868712455414,4.441799448417375e-05,upper,0.1
551,phase2,upper,-15.0,2,-15.000603004923084,-18.780887992552564,-19.590591245811638,-7.303053136116639,-3.1944868712455414,4.4093618667879783e-05,upper,0.1
552,phase2,upper,-15.0,2,-15.00060048932214,-18.780887992552564,-19.590591245811638,-7.303053136116639,-3.1944868712455414,4.304119986694294e-05,upper,0.1
553,phase2,upper,-15.0,2,-15.000587651199128,-18.780887992552564,-19.590591245811638,-7.303053136116639,-3.1944868712455414,4.1435773717073455e-05,upper,0.1
554,phase2,upper,-15.0,2,-15.000566934659286,-18.780887992552564,-19.590591245811638,-7.303053136116639,-3.1944868712455414,3.942487418057137e-05,upper,0.1
555,phase2,upper,-15.0,2,-15.000540402594352,-18.780887992552564,-19.590591245811638,-7.303053136116639,-3.1944868712455414,3.713175709161109e-05,upper,0.1
556,phase2,upper,-15.0,2,-15.00050978105413,-18.780887992552564,-19.590591245811638,-7.303053136116639,-3.1944868712455414,3.465837251000755e-05,upper,0.1
557,phase2,lower,-20.0,4,-15.00050978105413,-19.11182712534321,-19.701177587905452,-7.210471087812084,-3.129399099697256,0.017442782911379597,upper,0.1
558,phase2,upper,-15.0,2,-14.984809188118428,-19.11182712534321,-19.701177587905452,-7.210471087812084,-3.129399099697256,0.008562069109808432,upper,0.1
559,phase2,upper,-15.0,2,-14.97756745621078,-19.11182712534321,-19.701177587905452,-7.210471087812084,-3.129399099697256,0.0037814612335651185,upper,0.1
560,phase2,upper,-15.0,2,-14.974931060836157,-19.11182712534321,-19.701177587905452,-7.210471087812084,-3.129399099697256,0.0012489624669730303,upper,0.1
561,phase2,upper,-15.0,2,-14.974767662128409,-19.11182712534321,-19.701177587905452,-7.210471087812084,-3.129399099697256,-5.361648997097713e-05,upper,0.1
562,phase2,upper,-15.0,2,-14.975894800380491,-19.11182712534321,-19.701177587905452,-7.210471087812084,-3.129399099697256,-0.0006861427092338217,upper,0.1
563,phase2,upper,-15.0,2,-14.977655441133274,-19.11182712534321,-19.701177587905452,-7.210471087812084,-3.129399099697256,-0.0009564858078072935,upper,0.1
564,phase2,upper,-15.0,2,-14.979684158387416,-19.11182712534321,-19.701177587905452,-7.210471087812084,-3.129399099697256,-0.001033905609387025,upper,0.1
565,phase2,upper,-15.0,2,-14.981778130690145,-19.11182712534321,-19.701177587905452,-7.210471087812084,-3.129399099697256,-0.001011377844091953,upper,0.1
566,phase2,upper,-15.0,2,-14.98382579286379,-19.11182712534321,-19.701177587905452,-7.210471087812084,-3.129399099697256,-0.000939863232644131,upper,0.1
567,phase2,upper,-15.0,2,-14.985767229352724,-19.11182712534321,-19.701177587905452,-7.210471087812084,-3.129399099697256,-0.0008471588359220224,upper,0.1
568,phase2,upper,-15.0,2,-14.987572065841427,-19.11182712534321,-19.701177587905452,-7.210471087812084,-3.129399099697256,-0.0007482755307465453,upper,0.1
569,phase2,upper,-15.0,2,-14.989227027691582,-19.11182712534321,-19.701177587905452,-7.210471087812084,-3.129399099697256,-0.0006511567862995633,upper,0.1
570,phase2,upper,-15.0,2,-14.990728856674052,-19.11182712534321,-19.701177587905452,-7.210471087812084,-3.129399099697256,-0.0005598350858074321,upper,0.1
571,phase2,upper,-15.0,2,-14.99208021331359,-19.11182712534321,-19.701177587905452,-7.210471087812084,-3.129399099697256,-0.0004761780362159626,upper,0.1
572,phase2,upper,-15.0,2,-14.99328725611866,-19.11182712534321,-19.701177587905452,-7.210471087812084,-3.129399099697256,-0.00040085740681533046,upper,0.1
573,phase2,upper,-15.0,2,-14.994358173932117,-19.11182712534321,-19.701177587905452,-7.210471087812084,-3.129399099697256,-0.000333889292520635,upper,0.1
574,phase2,upper,-15.0,2,-14.99530226944805,-19.11182712534321,-19.701177587905452,-7.210471087812084,-3.129399099697256,-0.000274936971631698,upper,0.1
575,phase2,upper,-15.0,2,-14.996129369163553,-19.11182712534321,-19.701177587905452,-7.210471087812084,-3.129399099697256,-0.00022348195296484328,upper,0.1
576,phase2,upper,-15.0,2,-14.996849432805243,-19.11182712534321,-19.701177587905452,-7.210471087812084,-3.129399099697256,-0.00017892139248423534,upper,0.1
577,phase2,upper,-15.0,2,-14.9974722893682,-19.11182712534321,-19.701177587905452,-7.210471087812084,-3.129399099697256,-0.00014062404028514932,upper,0.1
578,phase2,upper,-15.0,2,-14.998007456983947,-19.11182712534321,-19.701177587905452,-7.210471087812084,-3.129399099697256,-0.00010796256053968872,upper,0.1
579,phase2,upper,-15.0,2,-14.998464020690701,-19.11182712534321,-19.701177587905452,-7.210471087812084,-3.129399099697256,-8.033217894194606e-05,upper,0.1
580,phase2,upper,-15.0,2,-14.99885055174445,-19.11182712534321,-19.701177587905452,-7.210471087812084,-3.129399099697256,-5.716125861740194e-05,upper,0.1
581,phase2,upper,-15.0,2,-14.999175057642132,-19.11182712534321,-19.701177587905452,-7.210471087812084,-3.129399099697256,-3.791699554571133e-05,upper,0.1
582,phase2,upper,-15.0,2,-14.99944495531929,-19.11182712534321,-19.701177587905452,-7.210471087812084,-3.129399099697256,-2.2108084248468525e-05,upper,0.1
583,phase2,upper,-15.0,2,-14.999667062019038,-19.11182712534321,-19.701177587905452,-7.210471087812084,-3.129399099697256,-9.285453549924577e-06,upper,0.1
584,phase2,upper,-15.0,2,-14.99984759964935,-19.11182712534321,-19.701177587905452,-7.210471087812084,-3.129399099697256,9.582533222045352e-07,upper,0.1
585,phase2,upper,-15.0,2,-14.999992209351113,-19.11182712534321,-19.701177587905452,-7.210471087812084,-3.129399099697256,8.990025286289203e-06,upper,0.1
586,phase2,upper,-15.0,2,-15.000105973656009,-19.11182712534321,-19.701177587905452,-7.210471087812084,-3.129399099697256,1.5138372412464266e-05,upper,0.1
587,phase2,upper,-15.0,2,-15.000193444113979,-19.11182712534321,-19.701177587905452,-7.210471087812084,-3.129399099697256,1.9695561545050755e-05,upper,0.1
588,phase2,upper,-15.0,2,-15.00025867266741,-19.11182712534321,-19.701177587905452,-7.210471087812084,-3.129399099697256,2.2920058870475698e-05,upper,0.1
589,phase2,upper,-15.0,2,-15.000305245373596,-19.11182712534321,-19.701177587905452,-7.210471087812084,-3.129399099697256,2.503907719397797e-05,upper,0.1
590,phase2,upper,-15.0,2,-15.00033631734687,-19.11182712534321,-19.701177587905452,-7.210471087812084,-3.129399099697256,2.6251151880198695e-05,upper,0.1
591,phase2,upper,-15.0,2,-15.000354648018579,-19.11182712534321,-19.701177587905452,-7.210471087812084,-3.129399099697256,2.672868858340427e-05,upper,0.1
592,phase2,upper,-15.0,2,-15.000362636004333,-19.11182712534321,-19.701177587905452,-7.210471087812084,-3.129399099697256,2.662044045636714e-05,upper,0.1
593,phase2,upper,-15.0,2,-15.00036235302946,-19.11182712534321,-19.701177587905452,-7.210471087812084,-3.129399099697256,2.605388389192363e-05,upper,0.1
594,phase2,upper,-15.0,2,-15.000355576499418,-19.11182712534321,-19.701177587905452,-7.210471087812084,-3.129399099697256,2.513747088225993e-05,upper,0.1
595,phase2,upper,-15.0,2,-15.00034382041563,-19.11182712534321,-19.701177587905452,-7.210471087812084,-3.129399099697256,2.396274331537361e-05,upper,0.1
596,phase2,upper,-15.0,2,-15.00032836443165,-19.11182712534321,-19.701177587905452,-7.210471087812084,-3.129399099697256,2.26063003438461e-05,upper,0.1
597,phase2,upper,-15.0,2,-15.000310280922353,-19.11182712534321,-19.701177587905452,-7.210471087812084,-3.129399099697256,2.1131614609094228e-05,upper,0.1
598,phase2,upper,-15.0,2,-15.000290460002153,-19.11182712534321,-19.701177587905452,-7.210471087812084,-3.129399099697256,1.9590696794523035e-05,upper,0.1
599,phase2,upper,-15.0,2,-15.000269632479158,-19.11182712534321,-19.701177587905452,-7.210471087812084,-3.129399099697256,1.802561086473669e-05,upper,0.1
600,phase2,upper,-15.0,2,-15.00024839077228,-19.11182712534321,-19.701177587905452,-7.210471087812084,-3.129399099697256,1.646984455941987e-05,upper,0.1
601,phase2,upper,-15.0,2,-15.000227207849456,-19.11182712534321,-19.701177587905452,-7.210471087812084,-3.129399099697256,1.4949541357666823e-05,upper,0.1
602,phase2,upper,-15.0,2,-15.000206454268444,-19.11182712534321,-19.701177587905452,-7.210471087812084,-3.129399099697256,1.3484601307876562e-05,upper,0.1
603,phase2,upper,-15.0,2,-15.000186413418525,-19.11182712534321,-19.701177587905452,-7.210471087812084,-3.129399099697256,1.2089658907438044e-05,upper,0.1
604,phase2,upper,-15.0,2,-15.00016729507293,-19.11182712534321,-19.701177587905452,-7.210471087812084,-3.129399099697256,1.0774946688340103e-05,upper,0.1
605,phase2,upper,-15.0,2,-15.000149247368833,-19.11182712534321,-19.701177587905452,-7.210471087812084,-3.129399099697256,9.54705337826473e-06,upper,0.1
606,phase2,upper,-15.0,2,-15.000132367335157,-19.11182712534321,-19.701177587905452,-7.210471087812084,-3.129399099697256,8.409585513058646e-06,upper,0.1
607,phase2,upper,-15.0,2,-15.000116710088925,-19.11182712534321,-19.701177587905452,-7.210471087812084,-3.129399099697256,7.363741221954292e-06,upper,0.1
608,phase2,upper,-15.0,2,-15.000102296819147,-19.11182712534321,-19.701177587905452,-7.210471087812084,-3.129399099697256,6.408804625516538e-06,upper,0.1
609,phase2,upper,-15.0,2,-15.000089121673593,-19.11182712534321,-19.701177587905452,-7.210471087812084,-3.129399099697256,5.542568915751474e-06,upper,0.1
610,phase2,upper,-15.0,2,-15.000077157659012,-19.11182712534321,-19.701177587905452,-7.210471087812084,-3.129399099697256,4.7616957464167784e-06,upper,0.1
611,phase2,upper,-15.0,2,-15.000066361659451,-19.11182712534321,-19.701177587905452,-7.210471087812084,-3.129399099697256,4.0620180810388975e-06,upper,0.1
612,phase2,upper,-15.0,2,-15.000056678670878,-19.11182712534321,-19.701177587905452,-7.210471087812084,-3.129399099697256,3.43879313643838e-06,upper,0.1
613,phase2,upper,-15.0,2,-15.00004804534346,-19.11182712534321,-19.701177587905452,-7.210471087812084,-3.129399099697256,2.886911539530106e-06,upper,0.1
614,phase2,upper,-15.0,2,-15.000040392915736,-19.11182712534321,-19.701177587905452,-7.210471087812084,-3.129399099697256,2.4010682977182215e-06,upper,0.1
615,phase2,upper,-15.0,2,-15.000033649617976,-19.11182712534321,-19.701177587905452,-7.210471087812084,-3.129399099697256,1.9759006716789647e-06,upper,0.1
616,phase2,upper,-15.0,2,-15.000027742614945,-19.11182712534321,-19.701177587905452,-7.210471087812084,-3.129399099697256,1.6060975499848203e-06,upper,0.1
617,phase2,upper,-15.0,2,-15.00002259955165,-19.11182712534321,-19.701177587905452,-7.210471087812084,-3.129399099697256,1.2864844529394021e-06,upper,0.1
618,phase2,lower,-20.0,4,-15.00002259955165,-19.42076101376343,-19.78551858990009,-7.111002969900863,-3.0648176026786134,0.020158762917853266,upper,0.1
619,phase2,upper,-15.0,2,-14.98187642096913,-19.42076101376343,-19.78551858990009,-7.111002969900863,-3.0648176026786134,0.009878175540216845,upper,0.1
620,phase2,upper,-15.0,2,-14.973527401138215,-19.42076101376343,-19.78551858990009,-7.111002969900863,-3.0648176026786134,0.00434531907775525,upper,0.1
621,phase2,lower,-20.0,4,-14.973527401138215,-19.703325984207115,-19.84267793143687,-7.003900143914351,-2.999849835010751,0.023544756058137065,upper,0.1
622,phase2,upper,-15.0,2,-14.953232753870202,-19.703325984207115,-19.84267793143687,-7.003900143914351,-2.999849835010751,0.010823359489221512,upper,0.1
623,phase2,upper,-15.0,2,-14.945132853375515,-19.703325984207115,-19.84267793143687,-7.003900143914351,-2.999849835010751,0.004048129839929681,upper,0.1
624,phase2,upper,-15.0,2,-14.943606648445806,-19.703325984207115,-19.84267793143687,-7.003900143914351,-2.999849835010751,0.0005281092961915003,upper,0.1
625,phase2,upper,-15.0,2,-14.945540172614148,-19.703325984207115,-19.84267793143687,-7.003900143914351,-2.999849835010751,-0.0012162329633497674,upper,0.1
626,phase2,upper,-15.0,2,-14.949205070984075,-19.703325984207115,-19.84267793143687,-7.003900143914351,-2.999849835010751,-0.0019984229903548065,upper,0.1
627,phase2,upper,-15.0,2,-14.953641040416551,-19.703325984207115,-19.84267793143687,-7.003900143914351,-2.999849835010751,-0.0022657101490475046,upper,0.1
628,phase2,upper,-15.0,2,-14.95831529190905,-19.703325984207115,-19.84267793143687,-7.003900143914351,-2.999849835010751,-0.0022638066482846752,upper,0.1
629,phase2,upper,-15.0,2,-14.962934371234677,-19.703325984207115,-19.84267793143687,-7.003900143914351,-2.999849835010751,-0.0021274576995926183,upper,0.1
630,phase2,upper,-15.0,2,-14.967339834779692,-19.703325984207115,-19.84267793143687,-7.003900143914351,-2.999849835010751,-0.0019302554903757431,upper,0.1
631,phase2,upper,-15.0,2,-14.971450131236713,-19.703325984207115,-19.84267793143687,-7.003900143914351,-2.999849835010751,-0.00171205416048176,upper,0.1
632,phase2,upper,-15.0,2,-14.97522799074358,-19.703325984207115,-19.84267793143687,-7.003900143914351,-2.999849835010751,-0.0014940716329155989,upper,0.1
633,phase2,upper,-15.0,2,-14.978661936339037,-19.703325984207115,-19.84267793143687,-7.003900143914351,-2.999849835010751,-0.0012872200764962676,upper,0.1
634,phase2,upper,-15.0,2,-14.981755650057423,-19.703325984207115,-19.84267793143687,-7.003900143914351,-2.999849835010751,-0.001096710338853525,upper,0.1
635,phase2,upper,-15.0,2,-14.984521738399105,-19.703325984207115,-19.84267793143687,-7.003900143914351,-2.999849835010751,-0.0009246041510113486,upper,0.1
636,phase2,upper,-15.0,2,-14.986977988008652,-19.703325984207115,-19.84267793143687,-7.003900143914351,-2.999849835010751,-0.0007712343533949696,upper,0.1
637,phase2,upper,-15.0,2,-14.989145052788139,-19.703325984207115,-19.84267793143687,-7.003900143914351,-2.999849835010751,-0.0006359993453751849,upper,0.1
638,phase2,upper,-15.0,2,-14.99104498183475,-19.703325984207115,-19.84267793143687,-7.003900143914351,-2.999849835010751,-0.0005178104283699281,upper,0.1
639,phase2,upper,-15.0,2,-14.992700255718864,-19.703325984207115,-19.84267793143687,-7.003900143914351,-2.999849835010751,-0.0004153456499865939,upper,0.1
640,phase2,upper,-15.0,2,-14.994133141304264,-19.703325984207115,-19.84267793143687,-7.003900143914351,-2.999849835010751,-0.00032719499189047915,upper,0.1
641,phase2,upper,-15.0,2,-14.995365254519067,-19.703325984207115,-19.84267793143687,-7.003900143914351,-2.999849835010751,-0.0002519439119092059,upper,0.1
642,phase2,upper,-15.0,2,-14.99641726475814,-19.703325984207115,-19.84267793143687,-7.003900143914351,-2.999849835010751,-0.0001882214166115716,upper,0.1
643,phase2,upper,-15.0,2,-14.997308699616358,-19.703325984207115,-19.84267793143687,-7.003900143914351,-2.999849835010751,-0.00013472734890140987,upper,0.1
644,phase2,upper,-15.0,2,-14.998057823031901,-19.703325984207115,-19.84267793143687,-7.003900143914351,-2.999849835010751,-9.02472203330724e-05,upper,0.1
645,phase2,upper,-15.0,2,-14.998681568394485,-19.703325984207115,-19.84267793143687,-7.003900143914351,-2.999849835010751,-5.365938922068987e-05,upper,0.1
646,phase2,upper,-15.0,2,-14.999195513348278,-19.703325984207115,-19.84267793143687,-7.003900143914351,-2.999849835010751,-2.393741356914819e-05,upper,0.1
647,phase2,upper,-15.0,2,-14.999613886326426,-19.703325984207115,-19.84267793143687,-7.003900143914351,-2.999849835010751,-1.492946663202491e-07,upper,0.1
648,phase2,upper,-15.0,2,-14.999949597083985,-19.703325984207115,-19.84267793143687,-7.003900143914351,-2.999849835010751,1.8545310718648625e-05,upper,0.1
649,phase2,upper,-15.0,2,-15.0002142850866,-19.703325984207115,-19.84267793143687,-7.003900143914351,-2.999849835010751,3.289920517520801e-05,upper,0.1
650,phase2,upper,-15.0,2,-15.000418380807421,-19.703325984207115,-19.84267793143687,-7.003900143914351,-2.999849835010751,4.358261362698895e-05,upper,0.1
651,phase2,upper,-15.0,2,-15.000571175922362,-19.703325984207115,-19.84267793143687,-7.003900143914351,-2.999849835010751,5.1188656948331616e-05,upper,0.1
652,phase2,upper,-15.0,2,-15.000680899152982,-19.703325984207115,-19.84267793143687,-7.003900143914351,-2.999849835010751,5.623909154409251e-05,upper,0.1
653,phase2,lower,-20.0,4,-15.000680899152982,-19.967210563747702,-19.880027224632148,-6.894207063124155,-2.937753858239393,0.02441515648276474,upper,0.1
654,phase2,upper,-15.0,2,-14.978831769482095,-19.967210563747702,-19.880027224632148,-6.894207063124155,-2.937753858239393,0.011995059655868431,upper,0.1
655,phase2,upper,-15.0,2,-14.968791586757618,-19.967210563747702,-19.880027224632148,-6.894207063124155,-2.937753858239393,0.005310515702760759,upper,0.1
656,phase2,upper,-15.0,2,-14.96517236332974,-19.967210563747702,-19.880027224632148,-6.894207063124155,-2.937753858239393,0.001770321960496,upper,0.1
657,phase2,upper,-15.0,2,-14.964994060684402,-19.967210563747702,-19.880027224632148,-6.894207063124155,-2.937753858239393,-5.00224987449615e-05,upper,0.1
658,phase2,upper,-15.0,2,-14.966605350340412,-19.967210563747702,-19.880027224632148,-6.894207063124155,-2.937753858239393,-0.0009337249572104537,upper,0.1
659,phase2,upper,-15.0,2,-14.969089716387296,-19.967210563747702,-19.880027224632148,-6.894207063124155,-2.937753858239393,-0.0013114034961353195,upper,0.1
660,phase2,upper,-15.0,2,-14.97193831469169,-19.967210563747702,-19.880027224632148,-6.894207063124155,-2.937753858239393,-0.0014197460572789589,upper,0.1
661,phase2,upper,-15.0,2,-14.974869494260533,-19.967210563747702,-19.880027224632148,-6.894207063124155,-2.937753858239393,-0.0013887193967597725,upper,0.1
662,phase2,upper,-15.0,2,-14.977728993940152,-19.967210563747702,-19.880027224632148,-6.894207063124155,-2.937753858239393,-0.001289518976568021,upper,0.1
663,phase2,upper,-15.0,2,-14.980434553040782,-19.967210563747702,-19.880027224632148,-6.894207063124155,-2.937753858239393,-0.0011609451983589719,upper,0.1
664,phase2,upper,-15.0,2,-14.9829450051695,-19.967210563747702,-19.880027224632148,-6.894207063124155,-2.937753858239393,-0.001023922425455002,upper,0.1
665,phase2,lower,-20.0,4,-14.9829450051695,-20.209413760019057,-19.897236329453264,-6.781498382955306,-2.8777098841073037,0.0257859622090766,upper,0.1
666,phase2,upper,-15.0,2,-14.961114000529877,-20.209413760019057,-19.897236329453264,-6.781498382955306,-2.8777098841073037,0.012247344158901698,upper,0.1
667,phase2,upper,-15.0,2,-14.952096412550063,-20.209413760019057,-19.897236329453264,-6.781498382955306,-2.8777098841073037,0.005015070612445967,upper,0.1
668,phase2,upper,-15.0,2,-14.949960540284017,-20.209413760019057,-19.897236329453264,-6.781498382955306,-2.8777098841073037,0.001234269192264485,upper,0.1
669,phase2,upper,-15.0,2,-14.951430491484839,-20.209413760019057,-19.897236329453264,-6.781498382955306,-2.8777098841073037,-0.0006641204746224844,upper,0.1
670,phase2,upper,-15.0,2,-14.954696235980231,-20.209413760019057,-19.897236329453264,-6.781498382955306,-2.8777098841073037,-0.0015423810418788745,upper,0.1
671,phase2,upper,-15.0,2,-14.958758608578687,-20.209413760019057,-19.897236329453264,-6.781498382955306,-2.8777098841073037,-0.0018741989616447821,upper,0.1
672,phase2,upper,-15.0,2,-14.963068368925688,-20.209413760019057,-19.897236329453264,-6.781498382955306,-2.8777098841073037,-0.0019195309185084974,upper,0.1
673,phase2,lower,-20.0,4,-14.963068368925688,-20.429923594789134,-19.895943048656854,-6.666690968212429,-2.8199366108270243,0.02688862919953526,upper,0.1
674,phase2,upper,-15.0,2,-14.941399618708173,-20.429923594789134,-19.895943048656854,-6.666690968212429,-2.8199366108270243,0.012295270821128863,upper,0.1
675,phase2,upper,-15.0,2,-14.933522334551617,-20.429923594789134,-19.895943048656854,-6.666690968212429,-2.8199366108270243,0.004553632626019658,upper,0.1
676,phase2,upper,-15.0,2,-14.932978897387981,-20.429923594789134,-19.895943048656854,-6.666690968212429,-2.8199366108270243,0.0005568849212785462,upper,0.1
677,phase2,upper,-15.0,2,-14.936205271923438,-20.429923594789134,-19.895943048656854,-6.666690968212429,-2.8199366108270243,-0.0014022780801195176,upper,0.1
678,phase2,lower,-20.0,4,-14.936205271923438,-20.627787590448012,-19.876983801057314,-6.550101898613321,-2.764241038392519,0.02803291826510175,upper,0.1
679,phase2,upper,-15.0,2,-14.91474359359157,-20.627787590448012,-19.876983801057314,-6.550101898613321,-2.764241038392519,0.01216140343720816,upper,0.1
680,phase2,upper,-15.0,2,-14.908309259656267,-20.627787590448012,-19.876983801057314,-6.550101898613321,-2.764241038392519,0.003807379116215676,upper,0.1
681,phase2,upper,-15.0,2,-14.90979407882238,-20.627787590448012,-19.876983801057314,-6.550101898613321,-2.764241038392519,-0.00044307501000264825,upper,0.1
682,phase2,upper,-15.0,2,-14.915274330697532,-20.627787590448012,-19.876983801057314,-6.550101898613321,-2.764241038392519,-0.002465950797276408,upper,0.1
683,phase2,upper,-15.0,2,-14.922586170172393,-20.627787590448012,-19.876983801057314,-6.550101898613321,-2.764241038392519,-0.0032917624315813754,upper,0.1
684,phase2,upper,-15.0,2,-14.93054091644961,-20.627787590448012,-19.876983801057314,-6.550101898613321,-2.764241038392519,-0.003486084078311486,upper,0.1
685,phase2,upper,-15.0,2,-14.938492169226146,-20.627787590448012,-19.876983801057314,-6.550101898613321,-2.764241038392519,-0.0033587137653391464,upper,0.1
686,phase2,upper,-15.0,2,-14.946096471847051,-20.627787590448012,-19.876983801057314,-6.550101898613321,-2.764241038392519,-0.0030786732473428663,upper,0.1
687,phase2,upper,-15.0,2,-14.95318053841768,-20.627787590448012,-19.876983801057314,-6.550101898613321,-2.764241038392519,-0.0027374622774646606,upper,0.1
688,phase2,lower,-20.0,4,-14.95318053841768,-20.80517092755866,-19.843248509734167,-6.433457030470131,-2.7114575438425286,0.02842897948235014,upper,0.1
689,phase2,upper,-15.0,2,-14.931617434543329,-20.80517092755866,-19.843248509734167,-6.433457030470131,-2.7114575438425286,0.012887684088260722,upper,0.1
690,phase2,upper,-15.0,2,-14.924581298450367,-20.80517092755866,-19.843248509734167,-6.433457030470131,-2.7114575438425286,0.004674138402330051,upper,0.1
691,phase2,upper,-15.0,2,-14.925179785731231,-20.80517092755866,-19.843248509734167,-6.433457030470131,-2.7114575438425286,0.00046023583651924214,upper,0.1
692,phase2,upper,-15.0,2,-14.929619872424853,-20.80517092755866,-19.843248509734167,-6.433457030470131,-2.7114575438425286,-0.0015822039629846758,upper,0.1
693,phase2,upper,-15.0,2,-14.93581898973056,-20.80517092755866,-19.843248509734167,-6.433457030470131,-2.7114575438425286,-0.00245692173260514,upper,0.1
694,phase2,upper,-15.0,2,-14.942640336660824,-20.80517092755866,-19.843248509734167,-6.433457030470131,-2.7114575438425286,-0.0027144113936769317,upper,0.1
695,phase2,upper,-15.0,2,-14.949471347196798,-20.80517092755866,-19.843248509734167,-6.433457030470131,-2.7114575438425286,-0.002655927857727121,upper,0.1
696,phase2,upper,-15.0,2,-14.955990899107451,-20.80517092755866,-19.843248509734167,-6.433457030470131,-2.7114575438425286,-0.0024456347188993826,upper,0.1
697,phase2,upper,-15.0,2,-14.96204040915594,-20.80517092755866,-19.843248509734167,-6.433457030470131,-2.7114575438425286,-0.002172274546904137,upper,0.1
698,phase2,upper,-15.0,2,-14.96755217400849,-20.80517092755866,-19.843248509734167,-6.433457030470131,-2.7114575438425286,-0.0018830976548744685,upper,0.1
699,phase2,upper,-15.0,2,-14.97250931198135,-20.80517092755866,-19.843248509734167,-6.433457030470131,-2.7114575438425286,-0.0016025411231211754,upper,0.1
700,phase2,upper,-15.0,2,-14.976923197134424,-20.80517092755866,-19.843248509734167,-6.433457030470131,-2.7114575438425286,-0.001342521958084948,upper,0.1
701,phase2,upper,-15.0,2,-14.980820616830217,-20.80517092755866,-19.843248509734167,-6.433457030470131,-2.7114575438425286,-0.001108116351412465,upper,0.1
702,phase2,upper,-15.0,2,-14.984236368477294,-20.80517092755866,-19.843248509734167,-6.433457030470131,-2.7114575438425286,-0.0009006982835131364,upper,0.1
703,phase2,upper,-15.0,2,-14.987208927234441,-20.80517092755866,-19.843248509734167,-6.433457030470131,-2.7114575438425286,-0.0007196773774239225,upper,0.1
704,phase2,upper,-15.0,2,-14.989777870695436,-20.80517092755866,-19.843248509734167,-6.433457030470131,-2.7114575438425286,-0.0005634630539862051,upper,0.1
705,phase2,upper,-15.0,2,-14.991982327252716,-20.80517092755866,-19.843248509734167,-6.433457030470131,-2.7114575438425286,-0.0004300001928078788,upper,0.1
706,phase2,upper,-15.0,2,-14.993860035238619,-20.80517092755866,-19.843248509734167,-6.433457030470131,-2.7114575438425286,-0.0003170665737804827,upper,0.1
707,phase2,upper,-15.0,2,-14.995446777238124,-20.80517092755866,-19.843248509734167,-6.433457030470131,-2.7114575438425286,-0.00022243717651465578,upper,0.1
708,phase2,upper,-15.0,2,-14.996776052529833,-20.80517092755866,-19.843248509734167,-6.433457030470131,-2.7114575438425286,-0.0001439735343921702,upper,0.1
709,phase2,upper,-15.0,2,-14.997878905810405,-20.80517092755866,-19.843248509734167,-6.433457030470131,-2.7114575438425286,-7.967051699153894e-05,upper,0.1
710,phase2,upper,-15.0,2,-14.998783861626354,-20.80517092755866,-19.843248509734167,-6.433457030470131,-2.7114575438425286,-2.7678667454595393e-05,upper,0.1
711,phase2,upper,-15.0,2,-14.999516931958993,-20.80517092755866,-19.843248509734167,-6.433457030470131,-2.7114575438425286,1.3687659611604533e-05,upper,0.1
712,phase2,upper,-15.0,2,-15.000101675057964,-20.80517092755866,-19.843248509734167,-6.433457030470131,-2.7114575438425286,4.5950491315439835e-05,upper,0.1
713,phase2,upper,-15.0,2,-15.000559290130898,-20.80517092755866,-19.843248509734167,-6.433457030470131,-2.7114575438425286,7.047333884409478e-05,upper,0.1
714,phase2,upper,-15.0,2,-15.000908736654626,-20.80517092755866,-19.843248509734167,-6.433457030470131,-2.7114575438425286,8.846916754251573e-05,upper,0.1
715,phase2,upper,-15.0,2,-15.001166869863903,-20.80517092755866,-19.843248509734167,-6.433457030470131,-2.7114575438425286,0.00010100998314047059,upper,0.1
716,phase2,lower,-20.0,4,-15.001166869863903,-20.958887776791382,-19.793733820237122,-6.3157178327677945,-2.6604403289916263,0.029577084456002913,upper,0.1
717,phase2,upper,-15.0,2,-14.97482011891995,-20.958887776791382,-19.793733820237122,-6.3157178327677945,-2.6604403289916263,0.014552313735339143,upper,0.1
718,phase2,upper,-15.0,2,-14.962735410069774,-20.958887776791382,-19.793733820237122,-6.3157178327677945,-2.6604403289916263,0.006466350913961229,upper,0.1
719,phase2,upper,-15.0,2,-14.95839763842298,-20.958887776791382,-19.793733820237122,-6.3157178327677945,-2.6604403289916263,0.0021839492257536464,upper,0.1
720,phase2,upper,-15.0,2,-14.958204889327144,-20.958887776791382,-19.793733820237122,-6.3157178327677945,-2.6604403289916263,-1.8383258030537546e-05,upper,0.1
721,phase2,upper,-15.0,2,-14.960162534410708,-20.958887776791382,-19.793733820237122,-6.3157178327677945,-2.6604403289916263,-0.00108816210300027,upper,0.1
722,phase2,upper,-15.0,2,-14.963164624887327,-20.958887776791382,-19.793733820237122,-6.3157178327677945,-2.6604403289916263,-0.0015462763855962909,upper,0.1
723,phase2,upper,-15.0,2,-14.966598077684376,-20.958887776791382,-19.793733820237122,-6.3157178327677945,-2.6604403289916263,-0.0016789743178213157,upper,0.1
724,phase2,upper,-15.0,2,-14.97012433080849,-20.958887776791382,-19.793733820237122,-6.3157178327677945,-2.6604403289916263,-0.0016433892237743724,upper,0.1
725,phase2,upper,-15.0,2,-14.97355861877535,-20.958887776791382,-19.793733820237122,-6.3157178327677945,-2.6604403289916263,-0.001525559405503032,upper,0.1
726,phase2,upper,-15.0,2,-14.976802988972514,-20.958887776791382,-19.793733820237122,-6.3157178327677945,-2.6604403289916263,-0.0013723425395369506,upper,0.1
727,phase2,upper,-15.0,2,-14.979808941253934,-20.958887776791382,-19.793733820237122,-6.3157178327677945,-2.6604403289916263,-0.0012089822155723687,upper,0.1
728,phase2,upper,-15.0,2,-14.982556430094213,-20.958887776791382,-19.793733820237122,-6.3157178327677945,-2.6604403289916263,-0.0010487866118486316,upper,0.1
729,phase2,upper,-15.0,2,-14.985041933920378,-20.958887776791382,-19.793733820237122,-6.3157178327677945,-2.6604403289916263,-0.0008984689081843486,upper,0.1
730,phase2,upper,-15.0,2,-14.987271574187321,-20.958887776791382,-19.793733820237122,-6.3157178327677945,-2.6604403289916263,-0.0007611001049370372,upper,0.1
731,phase2,upper,-15.0,2,-14.98925706837444,-20.958887776791382,-19.793733820237122,-6.3157178327677945,-2.6604403289916263,-0.0006377464574586927,upper,0.1
732,phase2,upper,-15.0,2,-14.99101329162609,-20.958887776791382,-19.793733820237122,-6.3157178327677945,-2.6604403289916263,-0.0005283810833272772,upper,0.1
733,phase2,upper,-15.0,2,-14.992556766703816,-20.958887776791382,-19.793733820237122,-6.3157178327677945,-2.6604403289916263,-0.0004323940928018317,upper,0.1
734,phase2,upper,-15.0,2,-14.993904702030784,-20.958887776791382,-19.793733820237122,-6.3157178327677945,-2.6604403289916263,-0.00034887984644808314,upper,0.1
735,phase2,lower,-20.0,4,-14.993904702030784,-21.092686372997758,-19.732192858966485,-6.199166096961914,-2.6124870136907226,0.029631540626658584,upper,0.1
736,phase2,upper,-15.0,2,-14.96809198475138,-21.092686372997758,-19.732192858966485,-6.199166096961914,-2.6124870136907226,0.01441360620359913,upper,0.1
737,phase2,upper,-15.0,2,-14.956688382243108,-21.092686372997758,-19.732192858966485,-6.199166096961914,-2.6124870136907226,0.006246604459051914,upper,0.1
738,phase2,upper,-15.0,2,-14.953071953572941,-21.092686372997758,-19.732192858966485,-6.199166096961914,-2.6124870136907226,0.0019419840330968943,upper,0.1
739,phase2,upper,-15.0,2,-14.953584503629763,-21.092686372997758,-19.732192858966485,-6.199166096961914,-2.6124870136907226,-0.00025283900479958167,upper,0.1
740,phase2,upper,-15.0,2,-14.956203070380072,-21.092686372997758,-19.732192858966485,-6.199166096961914,-2.6124870136907226,-0.0013011649553198992,upper,0.1
741,phase2,upper,-15.0,2,-14.959808813781667,-21.092686372997758,-19.732192858966485,-6.199166096961914,-2.6124870136907226,-0.0017323561719420975,upper,0.1
742,phase2,upper,-15.0,2,-14.963784264895693,-21.092686372997758,-19.732192858966485,-6.199166096961914,-2.6124870136907226,-0.0018371203604665466,upper,0.1
743,phase2,upper,-15.0,2,-14.967791116838178,-21.092686372997758,-19.732192858966485,-6.199166096961914,-2.6124870136907226,-0.0017748511041319906,upper,0.1
744,phase2,upper,-15.0,2,-14.971647335805347,-21.092686372997758,-19.732192858966485,-6.199166096961914,-2.6124870136907226,-0.0016326467682688532,upper,0.1
745,phase2,upper,-15.0,2,-14.975258957157639,-21.092686372997758,-19.732192858966485,-6.199166096961914,-2.6124870136907226,-0.0014577753088148885,upper,0.1
746,phase2,upper,-15.0,2,-14.978582031983496,-21.092686372997758,-19.732192858966485,-6.199166096961914,-2.6124870136907226,-0.0012755442522768001,upper,0.1
747,phase2,upper,-15.0,2,-14.981601233024264,-21.092686372997758,-19.732192858966485,-6.199166096961914,-2.6124870136907226,-0.001099146714875915,upper,0.1
748,phase2,upper,-15.0,2,-14.984317696726752,-21.092686372997758,-19.732192858966485,-6.199166096961914,-2.6124870136907226,-0.0009350940502422291,upper,0.1
749,phase2,upper,-15.0,2,-14.986742012662502,-21.092686372997758,-19.732192858966485,-6.199166096961914,-2.6124870136907226,-0.0007862193666682404,upper,0.1
750,phase2,upper,-15.0,2,-14.988890104363149,-21.092686372997758,-19.732192858966485,-6.199166096961914,-2.6124870136907226,-0.0006533426254342513,upper,0.1
751,phase2,upper,-15.0,2,-14.990780753438338,-21.092686372997758,-19.732192858966485,-6.199166096961914,-2.6124870136907226,-0.0005361970914613829,upper,0.1
752,phase2,upper,-15.0,2,-14.992434073395208,-21.092686372997758,-19.732192858966485,-6.199166096961914,-2.6124870136907226,-0.0004339471399561336,upper,0.1
753,phase2,upper,-15.0,2,-14.99387054507447,-21.092686372997758,-19.732192858966485,-6.199166096961914,-2.6124870136907226,-0.0003454791639250279,upper,0.1
754,phase2,upper,-15.0,2,-14.995110394237754,-21.092686372997758,-19.732192858966485,-6.199166096961914,-2.6124870136907226,-0.0002695658256716215,upper,0.1
755,phase2,upper,-15.0,2,-14.996173185209013,-21.092686372997758,-19.732192858966485,-6.199166096961914,-2.6124870136907226,-0.0002049590719125267,upper,0.1
756,phase2,upper,-15.0,2,-14.997077556443248,-21.092686372997758,-19.732192858966485,-6.199166096961914,-2.6124870136907226,-0.00015044266271056154,upper,0.1
757,phase2,upper,-15.0,2,-14.997841053066143,-21.092686372997758,-19.732192858966485,-6.199166096961914,-2.6124870136907226,-0.00010486137104972926,upper,0.1
758,phase2,upper,-15.0,2,-14.99848002801704,-21.092686372997758,-19.732192858966485,-6.199166096961914,-2.6124870136907226,-6.713650530427645e-05,upper,0.1
759,phase2,upper,-15.0,2,-14.999009593050056,-21.092686372997758,-19.732192858966485,-6.199166096961914,-2.6124870136907226,-3.627325104624008e-05,upper,0.1
760,phase2,upper,-15.0,2,-14.999443606591589,-21.092686372997758,-19.732192858966485,-6.199166096961914,-2.6124870136907226,-1.1363016107748239e-05,upper,0.1
761,phase2,upper,-15.0,2,-14.999794689015902,-21.092686372997758,-19.732192858966485,-6.199166096961914,-2.6124870136907226,8.41733373821645e-06,upper,0.1
762,phase2,upper,-15.0,2,-15.000074258220204,-21.092686372997758,-19.732192858966485,-6.199166096961914,-2.6124870136907226,2.380819642872413e-05,upper,0.1
763,phase2,upper,-15.0,2,-15.000292579974728,-21.092686372997758,-19.732192858966485,-6.199166096961914,-2.6124870136907226,3.547118467416757e-05,upper,0.1
764,phase2,upper,-15.0,2,-15.000458828679218,-21.092686372997758,-19.732192858966485,-6.199166096961914,-2.6124870136907226,4.399382909478786e-05,upper,0.1
765,phase2,upper,-15.0,2,-15.000581155036636,-21.092686372997758,-19.732192858966485,-6.199166096961914,-2.6124870136907226,4.989470895735538e-05,upper,0.1
766,phase2,upper,-15.0,2,-15.00066675784975,-21.092686372997758,-19.732192858966485,-6.199166096961914,-2.6124870136907226,5.362878309388274e-05,upper,0.1
767,phase2,upper,-15.0,2,-15.000721957710063,-21.092686372997758,-19.732192858966485,-6.199166096961914,-2.6124870136907226,5.559275806716186e-05,upper,0.1
768,phase2,upper,-15.0,2,-15.000752270814184,-21.092686372997758,-19.732192858966485,-6.199166096961914,-2.6124870136907226,5.61303755290462e-05,upper,0.1
769,phase2,upper,-15.0,2,-15.000762481530511,-21.092686372997758,-19.732192858966485,-6.199166096961914,-2.6124870136907226,5.553753332209365e-05,upper,0.1
770,phase2,upper,-15.0,2,-15.000756712663428,-21.092686372997758,-19.732192858966485,-6.199166096961914,-2.6124870136907226,5.4067179404791366e-05,upper,0.1
771,phase2,upper,-15.0,2,-15.000738492633031,-21.092686372997758,-19.732192858966485,-6.199166096961914,-2.6124870136907226,5.193393660734372e-05,upper,0.1
772,phase2,upper,-15.0,2,-15.000710819013788,-21.092686372997758,-19.732192858966485,-6.199166096961914,-2.6124870136907226,4.9318431061856604e-05,upper,0.1
773,phase2,upper,-15.0,2,-15.000676218061693,-21.092686372997758,-19.732192858966485,-6.199166096961914,-2.6124870136907226,4.637130886143275e-05,upper,0.1
774,phase2,upper,-15.0,2,-15.000636800012076,-21.092686372997758,-19.732192858966485,-6.199166096961914,-2.6124870136907226,4.321693474507549e-05,upper,0.1
775,phase2,upper,-15.0,2,-15.000594310053678,-21.092686372997758,-19.732192858966485,-6.199166096961914,-2.6124870136907226,3.995677384604076e-05,upper,0.1
776,phase2,upper,-15.0,2,-15.000550174983271,-21.092686372997758,-19.732192858966485,-6.199166096961914,-2.6124870136907226,3.6672463139821555e-05,upper,0.1
777,phase2,upper,-15.0,2,-15.00050554562235,-21.092686372997758,-19.732192858966485,-6.199166096961914,-2.6124870136907226,3.342858346801785e-05,upper,0.1
778,phase2,upper,-15.0,2,-15.000461335136732,-21.092686372997758,-19.732192858966485,-6.199166096961914,-2.6124870136907226,3.0275146125226076e-05,upper,0.1
779,phase2,lower,-20.0,4,-15.000461335136732,-21.20660977396312,-19.659637784545126,-6.08412978730604,-2.567440096143199,0.029662111882850353,upper,0.1
780,phase2,upper,-15.0,2,-14.973749600380767,-21.20660977396312,-19.659637784545126,-6.08412978730604,-2.567440096143199,0.014546849811172699,upper,0.1
781,phase2,upper,-15.0,2,-14.961440604451404,-21.20660977396312,-19.659637784545126,-6.08412978730604,-2.567440096143199,0.006410929619959936,upper,0.1
782,phase2,upper,-15.0,2,-14.956973717415407,-21.20660977396312,-19.659637784545126,-6.08412978730604,-2.567440096143199,0.00210183911329947,upper,0.1
783,phase2,upper,-15.0,2,-14.956718290606029,-21.20660977396312,-19.659637784545126,-6.08412978730604,-2.567440096143199,-0.00011362675668786853,upper,0.1
784,phase2,upper,-15.0,2,-14.958660728049624,-21.20660977396312,-19.659637784545126,-6.08412978730604,-2.567440096143199,-0.001188512789964197,upper,0.1
785,phase2,upper,-15.0,2,-14.961681962102954,-21.20660977396312,-19.659637784545126,-6.08412978730604,-2.567440096143199,-0.0016469078967812035,upper,0.1
786,phase2,upper,-15.0,2,-14.965159432576765,-21.20660977396312,-19.659637784545126,-6.08412978730604,-2.567440096143199,-0.001776953203330492,upper,0.1
787,phase2,upper,-15.0,2,-14.968747478859786,-21.20660977396312,-19.659637784545126,-6.08412978730604,-2.567440096143199,-0.001736933136326783,upper,0.1
788,phase2,upper,-15.0,2,-14.972255874627043,-21.20660977396312,-19.659637784545126,-6.08412978730604,-2.567440096143199,-0.0016136088359958948,upper,0.1
789,phase2,upper,-15.0,2,-14.975582394562315,-21.20660977396312,-19.659637784545126,-6.08412978730604,-2.567440096143199,-0.001454307612367979,upper,0.1
790,phase2,upper,-15.0,2,-14.978675168158441,-21.20660977396312,-19.659637784545126,-6.08412978730604,-2.567440096143199,-0.0012845881861413336,upper,0.1
791,phase2,upper,-15.0,2,-14.981511489882921,-21.20660977396312,-19.659637784545126,-6.08412978730604,-2.567440096143199,-0.001117975854330198,upper,0.1
792,phase2,upper,-15.0,2,-14.984085751668408,-21.20660977396312,-19.659637784545126,-6.08412978730604,-2.567440096143199,-0.0009613359556409991,upper,0.1
793,phase2,upper,-15.0,2,-14.986402458849808,-21.20660977396312,-19.659637784545126,-6.08412978730604,-2.567440096143199,-0.000817846634292658,upper,0.1
794,phase2,upper,-15.0,2,-14.98847210172042,-21.20660977396312,-19.659637784545126,-6.08412978730604,-2.567440096143199,-0.0006886488043317495,upper,0.1
795,phase2,upper,-15.0,2,-14.990308650600788,-21.20660977396312,-19.659637784545126,-6.08412978730604,-2.567440096143199,-0.0005737660164278001,upper,0.1
796,phase2,upper,-15.0,2,-14.99192799009965,-21.20660977396312,-19.659637784545126,-6.08412978730604,-2.567440096143199,-0.0004726203224589365,upper,0.1
797,phase2,upper,-15.0,2,-14.993346909920945,-21.20660977396312,-19.659637784545126,-6.08412978730604,-2.567440096143199,-0.00038432371721804456,upper,0.1
798,phase2,upper,-15.0,2,-14.994582436002942,-21.20660977396312,-19.659637784545126,-6.08412978730604,-2.567440096143199,-0.00030784419752337,upper,0.1
799,phase2,upper,-15.0,2,-14.995651377868224,-21.20660977396312,-19.659637784545126,-6.08412978730604,-2.567440096143199,-0.00024210118882211007,upper,0.1
