episode,phase,route,return,steps,q_start_right,q_start_down,q_shield_right,q_d1_right,q_d2_right,mood_M,greedy_route,epsilon
0,phase1,upper,-15.0,2,-1.25,0.0,0.0,0.0,0.0,-0.3375,lower,0.1
1,phase1,lower,-10.0,4,-1.25,-0.55375,-0.530125,-0.5135875000000001,-0.50201125,-0.27100875,lower,0.1
2,phase1,lower,-10.0,4,-1.25,-1.045295375,-1.0160688875,-0.9958017087500001,-0.932357849875,-0.239254559625,lower,0.1
3,phase1,lower,-10.0,4,-1.25,-1.5077018299125,-1.48148342702625,-1.458618989217125,-1.3083222471461124,-0.21751829514933751,upper,0.1
4,phase1,upper,-15.0,2,-2.6295164656344037,-1.5077018299125,-1.48148342702625,-1.458618989217125,-1.3083222471461124,-0.4125464646231754,lower,0.1
5,phase1,lower,-10.0,4,-2.6295164656344037,-2.126371807784733,-2.0558933590800095,-1.9891594382734477,-1.6978310966799806,-0.2460156125566561,lower,0.1
6,phase1,lower,-10.0,4,-2.6295164656344037,-2.590738014215251,-2.519806884795019,-2.43013563070929,-1.991758440405591,-0.19028430862796283,lower,0.1
7,phase1,lower,-10.0,4,-2.6295164656344037,-3.004900779038395,-2.9463037333277162,-2.8312015695774946,-2.2346789727558343,-0.16465553953623405,upper,0.1
8,phase1,upper,-15.0,2,-3.888294707247982,-3.004900779038395,-2.9463037333277162,-2.8312015695774946,-2.2346789727558343,-0.3518427773609355,lower,0.1
9,phase1,lower,-10.0,4,-3.888294707247982,-3.565699574092169,-3.472372346455895,-3.287246732126313,-2.498593160927755,-0.19259014172093958,lower,0.1
10,phase1,lower,-10.0,4,-3.888294707247982,-3.9796979788773874,-3.8901717391609494,-3.6513013513161674,-2.6799841818294157,-0.1410146895011731,upper,0.1
11,phase1,upper,-15.0,2,-5.052923551312826,-3.9796979788773874,-3.8901717391609494,-3.6513013513161674,-2.6799841818294157,-0.3090539505218945,lower,0.1
12,phase1,lower,-10.0,4,-5.052923551312826,-4.498893910375449,-4.376071480732921,-4.047070880145198,-2.873291072114726,-0.15894904779820218,lower,0.1
13,phase1,lower,-10.0,4,-5.052923551312826,-4.879665810429578,-4.7574931151866675,-4.353335069285046,-2.9933194290464566,-0.11119040661460551,lower,0.1
14,phase1,lower,-10.0,4,-5.052923551312826,-5.217519906858431,-5.101328603992148,-4.6178971433987925,-3.0801616105516936,-0.09111362500295933,upper,0.1
15,phase1,upper,-15.0,2,-6.100426290772381,-5.217519906858431,-5.101328603992148,-4.6178971433987925,-3.0801616105516936,-0.25616292678594504,lower,0.1
16,phase1,lower,-10.0,4,-6.100426290772381,-5.686447410679154,-5.528730936630569,-4.926592775766491,-3.196855020066338,-0.11848037323774911,lower,0.1
17,phase1,lower,-10.0,4,-6.100426290772381,-6.02730809918827,-5.856401410884632,-5.151380273091475,-3.2513994896822993,-0.07571766066002833,lower,0.1
18,phase1,lower,-10.0,4,-6.100426290772381,-6.3283633249519315,-6.146486942736936,-5.337257975972276,-3.2805731064172248,-0.058590788634207296,upper,0.1
19,phase1,upper,-15.0,2,-7.048637591598308,-6.3283633249519315,-6.146486942736936,-5.337257975972276,-3.2805731064172248,-0.21510353451262748,lower,0.1
20,phase1,upper,-15.0,2,-8.070206180261428,-6.3283633249519315,-6.146486942736936,-5.337257975972276,-3.2805731064172248,-0.2694238174790804,lower,0.1
21,phase1,lower,-10.0,4,-8.070206180261428,-6.802657122461604,-6.547890388752486,-5.589868746798535,-3.360280784744752,-0.09928890933912156,lower,0.1
22,phase1,lower,-10.0,4,-8.070206180261428,-7.116540467495901,-6.825261535630592,-5.744764684011851,-3.3710521446879103,-0.04948002856026117,lower,0.1
23,phase1,lower,-10.0,4,-8.070206180261428,-7.381944600013606,-7.0580197373013185,-5.859285535868572,-3.3586811657097533,-0.031995063263189134,lower,0.1
24,phase1,lower,-10.0,4,-8.070206180261428,-7.628347670679248,-7.267057235720621,-5.94959691840781,-3.336057004833074,-0.023429308346493122,lower,0.1
25,phase1,lower,-10.0,4,-8.070206180261428,-7.863305004695229,-7.457816826503747,-6.020925434242976,-3.307263481718097,-0.017549983363708735,lower,0.1
26,phase1,lower,-10.0,4,-8.070206180261428,-8.088551171903418,-7.631735995985637,-6.075588987495024,-3.2739890847812907,-0.012689168731237432,upper,0.1
27,phase1,lower,-10.0,4,-8.070206180261428,-8.304289906169755,-7.789281461687475,-6.115125144580034,-3.237234282079359,-0.008392409726936993,upper,0.1
28,phase1,upper,-15.0,2,-8.836200839754499,-8.304289906169755,-7.789281461687475,-6.115125144580034,-3.237234282079359,-0.1437463611918619,lower,0.1
29,phase1,lower,-10.0,4,-8.836200839754499,-8.632160786794204,-8.016020809526582,-6.200542323452962,-3.2395521861700014,-0.03702622999206904,lower,0.1
30,phase1,lower,-10.0,4,-8.836200839754499,-8.853870396060303,-8.158663706427998,-6.224858912456822,-3.202441155758871,-0.006470025241687508,upper,0.1
31,phase1,upper,-15.0,2,-9.538326318447785,-8.853870396060303,-8.158663706427998,-6.224858912456822,-3.202441155758871,-0.12541706613797282,lower,0.1
32,phase1,lower,-10.0,4,-9.538326318447785,-9.147225086621248,-8.343025398077732,-6.277323927082601,-3.1913865139590407,-0.02496302270861145,lower,0.1
33,phase1,lower,-10.0,4,-9.538326318447785,-9.339271838204645,-8.44796856369397,-6.273515564954401,-3.1447773178377103,0.0032186857607695747,lower,0.1
34,phase1,lower,-10.0,4,-9.538326318447785,-9.497244693568884,-8.521930303378939,-6.248416436968013,-3.089765941089485,0.011980598951929107,lower,0.1
35,phase1,lower,-10.0,4,-9.538326318447785,-9.638930715493155,-8.578197650863002,-6.212199626874674,-3.033759551237976,0.015382819365786959,upper,0.1
36,phase1,upper,-15.0,2,-10.161787213031467,-9.638930715493155,-8.578197650863002,-6.212199626874674,-3.033759551237976,-0.09895514007617079,lower,0.1
37,phase1,lower,-10.0,4,-10.161787213031467,-9.871917035098694,-8.692799793967142,-6.2188150345154005,-3.014187304715065,-0.010278986819105974,lower,0.1
38,phase1,lower,-10.0,4,-10.161787213031467,-10.013256399122735,-8.737540914207454,-6.178552390360009,-2.964883715716199,0.013780509107175896,lower,0.1
39,phase1,lower,-10.0,4,-10.161787213031467,-10.12328239243475,-8.756016022992476,-6.122654605570584,-2.9099546478016656,0.020511497515974593,lower,0.1
40,phase1,lower,-10.0,4,-10.161787213031467,-10.218095407726146,-8.760341445840282,-6.060146946736297,-2.855849920021562,0.02249473287844555,upper,0.1
41,phase1,upper,-15.0,2,-10.723625618653925,-10.218095407726146,-8.760341445840282,-6.060146946736297,-2.855849920021562,-0.08173643462944244,lower,0.1
42,phase1,lower,-10.0,4,-10.723625618653925,-10.395882802704058,-8.819956592775515,-6.040056210380957,-2.836486184719402,-0.0019410353882386919,lower,0.1
43,phase1,upper,-15.0,2,-11.255745227291941,-10.395882802704058,-8.819956592775515,-6.040056210380957,-2.836486184719402,-0.08150879786964507,lower,0.1
44,phase1,lower,-10.0,4,-11.255745227291941,-10.561648099793883,-8.868267089525865,-6.015552271983013,-2.8159383204723474,-9.48899666623395e-05,lower,0.1
45,phase1,lower,-10.0,4,-11.255745227291941,-10.642395399737078,-8.85483410117334,-5.951354522139521,-2.7694894634496277,0.02103205792843662,lower,0.1
46,phase1,lower,-10.0,4,-11.255745227291941,-10.69471041774511,-8.820471791713823,-5.876464021547323,-2.7194373642137917,0.026053802818612238,lower,0.1
47,phase1,lower,-10.0,4,-11.255745227291941,-10.73383813260523,-8.776552676018603,-5.799110308944476,-2.6715981752357605,0.026724028470476193,lower,0.1
48,phase1,lower,-10.0,4,-11.255745227291941,-10.76405796132314,-8.726625594046952,-5.721940159977636,-2.6274022751848713,0.026176009444983238,lower,0.1
49,phase1,lower,-10.0,4,-11.255745227291941,-10.786756316095037,-8.672155490773223,-5.64605877287173,-2.5871102057383393,0.025251278644025602,lower,0.1
50,phase1,lower,-10.0,4,-11.255745227291941,-10.802570082783232,-8.61404329115365,-5.572107535294453,-2.550668107247147,0.024181922330095355,lower,0.1
51,phase1,lower,-10.0,4,-11.255745227291941,-10.811953673523188,-8.55302488112577,-5.500553942972154,-2.5179356773028565,0.023037747054862327,lower,0.1
52,phase1,lower,-10.0,4,-11.255745227291941,-10.81532682193407,-8.489772929271114,-5.4317720004475705,-2.4887473352291427,0.021845117030640966,lower,0.1
53,phase1,lower,-10.0,4,-11.255745227291941,-10.813110827340198,-8.424920457557556,-5.366066843665649,-2.4629290525632763,0.020618513834726074,lower,0.1
54,phase1,lower,-10.0,4,-11.255745227291941,-10.805735127910681,-8.359064292468357,-5.303684454390325,-2.4403033998316235,0.01936889739104027,lower,0.1
55,phase1,lower,-10.0,4,-11.255745227291941,-10.793636036714513,-8.292763790747257,-5.244817330767039,-2.4206914586581854,0.018105902920718786,lower,0.1
56,phase1,lower,-10.0,4,-11.255745227291941,-10.777253499489142,-8.226538875268066,-5.189609000499869,-2.403913894106029,0.01683840273800835,lower,0.1
57,phase1,lower,-10.0,4,-11.255745227291941,-10.757027474602827,-8.160868399212331,-5.138158141236504,-2.3897917927860055,0.015574637197174671,lower,0.1
58,phase1,lower,-10.0,4,-11.255745227291941,-10.73339439358632,-8.096189056944986,-5.090522507897273,-2.3781474231533144,0.014322235170095137,lower,0.1
59,phase1,lower,-10.0,4,-11.255745227291941,-10.706783848269101,-8.032894849793738,-5.046722716026055,-2.368804955172121,0.013088209323603108,lower,0.1
60,phase1,lower,-10.0,4,-11.255745227291941,-10.677615560030322,-7.971337061584266,-5.006745889946042,-2.3615911451156184,0.011878948852389775,lower,0.1
61,phase1,lower,-10.0,4,-11.255745227291941,-10.646296656218565,-7.911824687185394,-4.970549173764232,-2.356335983304499,0.010700215586458055,lower,0.1
62,phase1,lower,-10.0,4,-11.255745227291941,-10.613219265287436,-7.854625256859913,-4.938063100567533,-2.3528733009261273,0.009557144869740356,lower,0.1
63,phase1,lower,-10.0,4,-11.255745227291941,-10.578758434061918,-7.799966001735196,-4.909194814736662,-2.351041332136486,0.008454251347695188,lower,0.1
64,phase1,lower,-10.0,4,-11.255745227291941,-10.54327036461632,-7.748035309013473,-4.883831142612376,-2.350683228187644,0.007395439424800308,lower,0.1
65,phase1,lower,-10.0,4,-11.255745227291941,-10.507090963573717,-7.6989844190344625,-4.861841507339842,-2.3516475209983696,0.0063840180226926654,lower,0.1
66,phase1,lower,-10.0,4,-11.255745227291941,-10.470534692899369,-7.652929319808145,-4.843080684450141,-2.3537885342884253,0.005422719215590352,lower,0.1
67,phase1,upper,-15.0,2,-11.732194319560062,-10.470534692899369,-7.652929319808145,-4.843080684450141,-2.3537885342884253,-0.06635085220500879,lower,0.1
68,phase1,lower,-10.0,4,-11.732194319560062,-10.498489922574755,-7.655170148088037,-4.859043540550288,-2.3791232425866395,-0.01271911420350246,lower,0.1
69,phase1,lower,-10.0,4,-11.732194319560062,-10.475605147909237,-7.624300895371327,-4.85217647797635,-2.3855405473386555,0.0007839858248481152,lower,0.1
70,phase1,lower,-10.0,4,-11.732194319560062,-10.439769135413082,-7.587109327743652,-4.841180137521191,-2.3878543993036,0.003668955654418545,lower,0.1
71,phase1,lower,-10.0,4,-11.732194319560062,-10.401201094557162,-7.550683151852048,-4.830924195754875,-2.3898828068801747,0.0037804172514919196,lower,0.1
72,phase1,lower,-10.0,4,-11.732194319560062,-10.362746924760309,-7.516861608920852,-4.822594611927747,-2.39252859723478,0.003203317839921207,lower,0.1
73,phase1,lower,-10.0,4,-11.732194319560062,-10.325275407120433,-7.486077915454726,-4.816392905902865,-2.395927381925682,0.0024912455947474505,lower,0.1
74,phase1,lower,-10.0,4,-11.732194319560062,-10.289113536918588,-7.458381597499875,-4.8122553863474815,-2.400018397575364,0.0017904573582426487,lower,0.1
75,phase1,lower,-10.0,4,-11.732194319560062,-10.2544289313543,-7.433711225884638,-4.810045854419156,-2.404696075985201,0.0011387044637481882,lower,0.1
76,phase1,lower,-10.0,4,-11.732194319560062,-10.221332326789959,-7.411967926878248,-4.809608178244303,-2.409850135536944,0.0005446967182404184,lower,0.1
77,phase1,lower,-10.0,4,-11.732194319560062,-10.189905659752371,-7.393035954284746,-4.810781462349375,-2.4153760166932163,9.252625022876295e-06,lower,0.1
78,phase1,lower,-10.0,4,-11.732194319560062,-10.160210361843088,-7.3767891938898185,-4.8134051286605315,-2.4211774156049186,-0.00046905328444434924,lower,0.1
79,phase1,lower,-10.0,4,-11.732194319560062,-10.13229039300376,-7.363093919401352,-4.8173211800179025,-2.427166701655978,-0.0008923656741699963,lower,0.1
80,phase1,lower,-10.0,4,-11.732194319560062,-10.106173874750272,-7.351810531050469,-4.822375588129581,-2.433264759738117,-0.001263120920782956,lower,0.1
81,phase1,lower,-10.0,4,-11.732194319560062,-10.081874349208997,-7.342794992658578,-4.82841933096171,-2.4394006693676284,-0.001583912677107697,lower,0.1
82,phase1,lower,-10.0,4,-11.732194319560062,-10.059391934963353,-7.335900148848608,-4.835309227588287,-2.445511332518016,-0.0018574366534212419,lower,0.1
83,phase1,lower,-10.0,4,-11.732194319560062,-10.038714449339958,-7.330976963589133,-4.842908618013822,-2.45154108205211,-0.0020864577468228456,lower,0.1
84,phase1,lower,-10.0,4,-11.732194319560062,-10.019818512737016,-7.327875685296828,-4.851087908472775,-2.4574412812145203,-0.002273784379919855,lower,0.1
85,phase1,lower,-10.0,4,-11.732194319560062,-10.002670635934924,-7.326446935432887,-4.859724995245625,-2.4631699188061686,-0.0024222460070866835,lower,0.1
86,phase1,lower,-10.0,4,-11.732194319560062,-9.9872282872911,-7.32654271648507,-4.868705577766261,-2.468691202976893,-0.0025346726979691495,lower,0.1
87,phase1,lower,-10.0,4,-11.732194319560062,-9.973440935638669,-7.328017336001147,-4.877923370913487,-2.4739751559982044,-0.0026138764921383425,lower,0.1
88,phase1,lower,-10.0,4,-11.732194319560062,-9.961251064517842,-7.3307282444922155,-4.887280225864475,-2.4789972121054333,-0.0026626344255366325,lower,0.1
89,phase1,lower,-10.0,4,-11.732194319560062,-9.950595153498263,-7.334536786176837,-4.8966861684688,-2.483737820309556,-0.0026836731815769823,lower,0.1
90,phase1,lower,-10.0,4,-11.732194319560062,-9.94140462262954,-7.339308862592749,-4.906059363705459,-2.4881820539151094,-0.0026796553302202153,lower,0.1
91,phase1,lower,-10.0,4,-11.732194319560062,-9.933606736423057,-7.344915510041066,-4.915326014392399,-2.4923192283254414,-0.002653167117313498,lower,0.1
92,phase1,lower,-10.0,4,-11.732194319560062,-9.927125464190441,-7.351233392647793,-4.924420201923305,-2.4961425285654104,-0.002606707762191531,lower,0.1
93,phase1,lower,-10.0,4,-11.732194319560062,-9.921882294022149,-7.358145213533874,-4.933283676408925,-2.499648647803193,-0.0025426802164002656,lower,0.1
94,phase1,lower,-10.0,4,-11.732194319560062,-9.91779699816808,-7.365540047184528,-4.941865603200182,-2.5028374380068,-0.002463383331180446,lower,0.1
95,phase1,lower,-10.0,4,-11.732194319560062,-9.914788348067788,-7.373313596608181,-4.950122272368728,-2.5057115737274174,-0.002371005376360759,lower,0.1
96,phase1,lower,-10.0,4,-11.732194319560062,-9.912774777760552,-7.381368379281933,-4.9580167773185195,-2.5082762298611065,-0.0022676188487348627,lower,0.1
97,phase1,lower,-10.0,4,-11.732194319560062,-9.91167499487655,-7.389613846201372,-4.965518668300812,-2.5105387741032694,-0.0021551765039352156,lower,0.1
98,phase1,lower,-10.0,4,-11.732194319560062,-9.911408538862576,-7.397966438594565,-4.972603586206017,-2.5125084746770807,-0.0020355085423425286,lower,0.1
99,phase1,lower,-10.0,4,-11.732194319560062,-9.911896286523882,-7.4063495870301495,-4.97925288161074,-2.514196223788423,-0.0019103208767268587,lower,0.1
100,phase1,lower,-10.0,4,-11.732194319560062,-9.913060905363563,-7.414693657754216,-4.985453223668388,-2.5156142771362946,-0.0017811944071249323,lower,0.1
101,phase1,lower,-10.0,4,-11.732194319560062,-9.914827255569042,-7.422935851136669,-4.991196203048587,-2.5167760096896843,-0.0016495852269260462,lower,0.1
102,phase1,lower,-10.0,4,-11.732194319560062,-9.917122741830038,-7.431020057101151,-4.996477932755621,-2.5176956878300727,-0.0015168256832535198,lower,0.1
103,phase1,lower,-10.0,4,-11.732194319560062,-9.919877616472077,-7.438896672359367,-5.001298650290676,-2.5183882578534025,-0.0013841262144709367,lower,0.1
104,phase1,upper,-15.0,2,-12.169088523516887,-9.919877616472077,-7.438896672359367,-5.001298650290676,-2.5183882578534025,-0.059504028125546726,lower,0.1
105,phase1,lower,-10.0,4,-12.169088523516887,-9.975333147373798,-7.48313792238055,-5.03129320101073,-2.5368107644469027,-0.015207166336829402,lower,0.1
106,phase1,lower,-10.0,4,-12.169088523516887,-9.989800074577618,-7.497744693960953,-5.039999020479532,-2.538986506402618,-0.003450980266908424,lower,0.1
107,phase1,lower,-10.0,4,-12.169088523516887,-9.99370041875617,-7.5043587489043135,-5.042710671491894,-2.537029549576317,-0.0003406111076686225,lower,0.1
108,phase1,lower,-10.0,4,-12.169088523516887,-9.995072801767886,-7.508696301074902,-5.043529713148482,-2.534144212020667,0.00047496184130355545,lower,0.1
109,phase1,lower,-10.0,4,-12.169088523516887,-9.996007686041414,-7.512248250803528,-5.043579691126575,-2.5311683519517616,0.0006832232570502943,lower,0.1
110,phase1,lower,-10.0,4,-12.169088523516887,-9.99701684158628,-7.515389459432467,-5.043190151315461,-2.5283125264733224,0.0007320430010907823,lower,0.1
111,phase1,lower,-10.0,4,-12.169088523516887,-9.998195264669917,-7.518204402211926,-5.0424774190259,-2.525622099091509,0.0007398450321292121,lower,0.1
112,phase1,lower,-10.0,4,-12.169088523516887,-9.9995303178952,-7.520705848236716,-5.041499159526814,-2.523099886290176,0.0007375541111090336,lower,0.1
113,phase1,lower,-10.0,4,-12.169088523516887,-10.000984072229354,-7.522892259594948,-5.040295607768439,-2.520738580179471,0.0007329101855733264,lower,0.1
114,phase1,lower,-10.0,4,-12.169088523516887,-10.002515271798899,-7.524762382054257,-5.038900646759598,-2.5185292016416607,0.0007275622541663474,lower,0.1
115,phase1,lower,-10.0,4,-12.169088523516887,-10.004085176795684,-7.5263185162815605,-5.037344850824588,-2.5164631964630586,0.000721608838255702,lower,0.1
116,phase1,lower,-10.0,4,-12.169088523516887,-10.00565906278984,-7.527566836333881,-5.035656377039708,-2.5145328563048834,0.0007148007364568916,lower,0.1
117,phase1,lower,-10.0,4,-12.169088523516887,-10.007206519481432,-7.528516975826184,-5.033861272360488,-2.5127313087905385,0.0007068560432572758,lower,0.1
118,phase1,lower,-10.0,4,-12.169088523516887,-10.008701394676974,-7.529181468493671,-5.031983616119759,-2.511052406976482,0.0006975388798294007,lower,0.1
119,phase1,lower,-10.0,4,-12.169088523516887,-10.010121617066796,-7.529575195755037,-5.030045611940467,-2.50949060534649,0.0006866751566730031,lower,0.1
120,phase1,lower,-10.0,4,-12.169088523516887,-10.011448967294614,-7.529714878649458,-5.02806766141119,-2.5080408447248885,0.0006741515613575882,lower,0.1
121,phase1,lower,-10.0,4,-12.169088523516887,-10.012668822024876,-7.529618621048557,-5.026068429763175,-2.5066984512162995,0.000659910147602147,lower,0.1
122,phase1,lower,-10.0,4,-12.169088523516887,-10.013769882794403,-7.529305503100668,-5.024064907570237,-2.5054590496371287,0.0006439418923540846,lower,0.1
123,phase1,lower,-10.0,4,-12.169088523516887,-10.01474389712191,-7.528795221903711,-5.022072470546865,-2.5043184906481786,0.0006262801754092256,lower,0.1
124,phase1,lower,-10.0,4,-12.169088523516887,-10.015585377442221,-7.528107776026627,-5.020104938751382,-2.5032727904621663,0.0006069944803744442,lower,0.1
125,phase1,lower,-10.0,4,-12.169088523516887,-10.016291322268325,-7.527263190538246,-5.01817463608343,-2.5023180819248187,0.0005861844291890107,lower,0.1
126,phase1,lower,-10.0,4,-12.169088523516887,-10.016860943109048,-7.526281279345663,-5.016292450674318,-2.501450575774779,0.0005639742025119838,lower,0.1
127,phase1,lower,-10.0,4,-12.169088523516887,-10.01729539995045,-7.525181441809335,-5.014467896541802,-2.5006665309252205,0.0005405073737508142,lower,0.1
128,phase1,lower,-10.0,4,-12.169088523516887,-10.017597547499964,-7.523982490767309,-5.012709176697229,-2.49996223266301,0.0005159421708472105,lower,0.1
129,phase1,lower,-10.0,4,-12.169088523516887,-10.017771693872936,-7.522702509260886,-5.011023247744325,-2.4993339777231474,0.0004904471704384938,lower,0.1
130,phase1,lower,-10.0,4,-12.169088523516887,-10.017823372958334,-7.521358733407328,-5.009415885889929,-2.498778065263666,0.0004641974217128912,lower,0.1
131,phase1,lower,-10.0,4,-12.169088523516887,-10.017759131323693,-7.519967459012032,-5.007891754193843,-2.498290792836969,0.0004373709915003823,lower,0.1
132,phase1,lower,-10.0,4,-12.169088523516887,-10.017586330200176,-7.5185439696531535,-5.0064544708141225,-2.497868456525813,0.0004101459175770385,lower,0.1
133,phase1,lower,-10.0,4,-12.169088523516887,-10.017312962819656,-7.517102484106407,-5.005106677952647,-2.497507354484597,0.0003826975536017571,lower,0.1
134,phase1,upper,-15.0,2,-12.561666082646118,-10.017312962819656,-7.517102484106407,-5.005106677952647,-2.497507354484597,-0.04937684366975602,lower,0.1
135,phase1,lower,-10.0,4,-12.561666082646118,-10.06173107425111,-7.547004632077719,-5.025794068850373,-2.512564563573671,-0.011592069561321848,lower,0.1
136,phase1,lower,-10.0,4,-12.561666082646118,-10.07069129263896,-7.551788965639936,-5.028732206035031,-2.5139336719724623,-0.0016651690142463116,lower,0.1
137,phase1,lower,-10.0,4,-12.561666082646118,-10.070299712051881,-7.550021983329446,-5.027006905674442,-2.5119689314874947,0.0008624116051793336,lower,0.1
138,phase1,lower,-10.0,4,-12.561666082646118,-10.067495768734977,-7.546629657577177,-5.024118128568324,-2.5093965272545016,0.0014289098990367,lower,0.1
139,phase1,lower,-10.0,4,-12.561666082646118,-10.064123138710064,-7.5429149064386385,-5.021013638387345,-2.5069167602588607,0.0014797624722279108,lower,0.1
140,phase1,lower,-10.0,4,-12.561666082646118,-10.060670529257916,-7.539219907004677,-5.017959205496929,-2.5046931469692084,0.001399009568472887,lower,0.1
141,phase1,lower,-10.0,4,-12.561666082646118,-10.057266358420966,-7.535633294024927,-5.015036180723165,-2.5027481554473447,0.001288543050698456,lower,0.1
142,phase1,lower,-10.0,4,-12.561666082646118,-10.053943363235733,-7.532177707834117,-5.0122741437339915,-2.5010682990970494,0.0011752541788564263,lower,0.1
143,phase1,lower,-10.0,4,-12.561666082646118,-10.050709068934601,-7.528859268595581,-5.009686505059627,-2.499631973434678,0.0010661012249851731,lower,0.1
144,phase1,lower,-10.0,4,-12.561666082646118,-10.047564597798212,-7.525680403861091,-5.007280275415035,-2.498416760199869,0.0009627493407502574,lower,0.1
145,phase1,upper,-15.0,2,-12.91406553902724,-10.047564597798212,-7.525680403861091,-5.007280275415035,-2.498416760199869,-0.04088433657274698,lower,0.1
146,phase1,lower,-10.0,4,-12.91406553902724,-10.082172081319971,-7.549006649821013,-5.023513501588646,-2.510319473655661,-0.009182022341831998,lower,0.1
147,phase1,lower,-10.0,4,-12.91406553902724,-10.087119358277723,-7.5513465424226585,-5.024928228990491,-2.5108451786725046,-0.0009019231988712847,lower,0.1
148,phase1,lower,-10.0,4,-12.91406553902724,-10.084353807571201,-7.548307056666643,-5.022528271407065,-2.5086862616605297,0.001160999139405344,lower,0.1
149,phase1,lower,-10.0,4,-12.91406553902724,-10.079704233255281,-7.544024486408437,-5.019254759017829,-2.5061213832411124,0.001579895157988048,lower,0.1
150,phase1,lower,-10.0,4,-12.91406553902724,-10.074714352928407,-7.539588826554979,-5.015901557820533,-2.5037267392372926,0.0015700348036733285,lower,0.1
151,phase1,lower,-10.0,4,-12.91406553902724,-10.069788768967758,-7.535282588543138,-5.012688261909501,-2.5016282753749204,0.001454083240507732,lower,0.1
152,phase1,lower,-10.0,4,-12.91406553902724,-10.065029476008839,-7.53117541656679,-5.009678798917846,-2.4998344031642565,0.0013174385626035143,lower,0.1
153,phase1,lower,-10.0,4,-12.91406553902724,-10.06045837535829,-7.52728170890252,-5.006893118536402,-2.4983242955982248,0.001182439955732343,lower,0.1
154,phase1,lower,-10.0,4,-12.91406553902724,-10.056076512752554,-7.523602142699491,-5.004337249286207,-2.4970712169496077,0.0010546781592315978,lower,0.1
155,phase1,lower,-10.0,4,-12.91406553902724,-10.051879865403938,-7.520134398126414,-5.002011615268165,-2.496048590832491,0.0009353066146096093,lower,0.1
156,phase1,lower,-10.0,4,-12.91406553902724,-10.047863542723038,-7.516875749056892,-4.999913538138836,-2.495231487809446,0.0008243141225936453,lower,0.1
157,phase1,lower,-10.0,4,-12.91406553902724,-10.044022880646088,-7.513823539638866,-4.998038161582755,-2.494596903603409,0.0007213944093553569,lower,0.1
158,phase1,lower,-10.0,4,-12.91406553902724,-10.040353691576946,-7.510975141148166,-4.9963789280977435,-2.494123723896672,0.0006261765997439037,lower,0.1
159,phase1,lower,-10.0,4,-12.91406553902724,-10.0368522775943,-7.508327807723708,-4.994927911441684,-2.4937926136284094,0.0005382856224745356,lower,0.1
160,phase1,lower,-10.0,4,-12.91406553902724,-10.033515373547013,-7.505878537466841,-4.993676088020677,-2.493585893676834,0.00045735731120131795,lower,0.1
161,phase1,lower,-10.0,4,-12.91406553902724,-10.030340068358914,-7.503623962842003,-4.992613571675091,-2.4934874212240254,0.0003830414320687393,lower,0.1
162,phase1,lower,-10.0,4,-12.91406553902724,-10.027323720518362,-7.501560272774151,-4.991729820402666,-2.4934824776803213,0.00031500151995546126,lower,0.1
163,phase1,lower,-10.0,4,-12.91406553902724,-10.02446387437598,-7.499683163490337,-4.991013819083736,-2.4935576647260986,0.0002529139196689492,lower,0.1
164,phase1,lower,-10.0,4,-12.91406553902724,-10.021758180759713,-7.497987814086373,-4.990454240874681,-2.493700808144529,0.00019646669319615175,lower,0.1
165,phase1,lower,-10.0,4,-12.91406553902724,-10.019204324068502,-7.496468882848309,-4.990039589383124,-2.4939008688933835,0.00014535858398599872,lower,0.1
166,phase1,upper,-15.0,2,-13.2304949744689,-10.019204324068502,-7.496468882848309,-4.990039589383124,-2.4939008688933835,-0.03401638488797735,lower,0.1
167,phase1,upper,-15.0,2,-13.543768323663889,-10.019204324068502,-7.496468882848309,-4.990039589383124,-2.4939008688933835,-0.044313905109419016,lower,0.1
168,phase1,lower,-10.0,4,-13.543768323663889,-10.056813294544959,-7.523129856807779,-5.009364858724782,-2.5078724355242645,-0.010575371115591443,lower,0.1
169,phase1,lower,-10.0,4,-13.543768323663889,-10.062962784775273,-7.527506387983398,-5.0128710831452326,-2.5096037232637753,-0.0017226846057790636,lower,0.1
170,phase1,lower,-10.0,4,-13.543768323663889,-10.060967561241288,-7.526170826087842,-5.012238771938239,-2.508341229567405,0.0005230949856857436,lower,0.1
171,phase1,lower,-10.0,4,-13.543768323663889,-10.057017102238826,-7.5235085589827575,-5.010584509056028,-2.506516716915063,0.0010205399836009299,lower,0.1
172,phase1,lower,-10.0,4,-13.543768323663889,-10.052747761927979,-7.520668483132503,-5.008745410893602,-2.5047525915719198,0.001060743236502592,lower,0.1
173,phase1,upper,-15.0,2,-13.793348927126507,-10.052747761927979,-7.520668483132503,-5.008745410893602,-2.5047525915719198,-0.020619011590404704,lower,0.1
174,phase1,lower,-10.0,4,-13.793348927126507,-10.068096944479796,-7.531600012683089,-5.016510891753118,-2.509884860247221,-0.00421883278922598,lower,0.1
175,phase1,lower,-10.0,4,-13.793348927126507,-10.068244200810428,-7.531763548088794,-5.016611595586509,-2.5092517862606267,2.0114222206011245e-05,lower,0.1
176,phase1,lower,-10.0,4,-13.793348927126507,-10.064578032738279,-7.529250703255091,-5.014768157227928,-2.5073526725845703,0.0010350586267031845,lower,0.1
177,phase1,lower,-10.0,4,-13.793348927126507,-10.060113747025927,-7.526196523821505,-5.01251143263925,-2.5053565639537037,0.0012012345783003508,lower,0.1
178,phase1,lower,-10.0,4,-13.793348927126507,-10.055640913585014,-7.523155471892431,-5.01025566834118,-2.5035495319031633,0.001149544650410143,lower,0.1
179,phase1,lower,-10.0,4,-13.793348927126507,-10.051357779230386,-7.5202641714818474,-5.008115835962673,-2.5019850599147273,0.001047222800076812,lower,0.1
180,phase1,lower,-10.0,4,-13.793348927126507,-10.047305917935464,-7.517550060156672,-5.00612525885758,-2.5006567733197507,0.0009382700446114534,lower,0.1
181,phase1,lower,-10.0,4,-13.793348927126507,-10.043485889117434,-7.51501306173863,-5.004293777867029,-2.4995442041725164,0.000833952389238558,lower,0.1
182,phase1,lower,-10.0,4,-13.793348927126507,-10.039888049229239,-7.512646977007021,-5.002623490391931,-2.4986248141915604,0.0007368580080568665,lower,0.1
183,phase1,lower,-10.0,4,-13.793348927126507,-10.036500769799767,-7.510444898850436,-5.001113177986734,-2.497877057165382,0.0006472921200975047,lower,0.1
184,phase1,lower,-10.0,4,-13.793348927126507,-10.033312619796746,-7.508400424212773,-4.9997596976553735,-2.4972810684122098,0.0005649762990102849,lower,0.1
185,phase1,upper,-15.0,2,-14.014624075542658,-10.033312619796746,-7.508400424212773,-4.9997596976553735,-2.4972810684122098,-0.015962167362016284,lower,0.1
186,phase1,lower,-10.0,4,-14.014624075542658,-10.045187350864163,-7.516919887714336,-5.00584701042412,-2.501920661566567,-0.003478667944194531,lower,0.1
187,phase1,upper,-15.0,2,-14.21325170138075,-10.045187350864163,-7.516919887714336,-5.00584701042412,-2.501920661566567,-0.013671110804426886,lower,0.1
188,phase1,lower,-10.0,4,-14.21325170138075,-10.054664604273166,-7.523662178287059,-5.01065011266275,-2.5052595999778258,-0.0026887170391593812,lower,0.1
189,phase1,lower,-10.0,4,-14.21325170138075,-10.053984207009798,-7.523217797957673,-5.0103595139855335,-2.504762012951443,0.00013572013269039386,lower,0.1
190,phase1,lower,-10.0,4,-14.21325170138075,-10.050785417985164,-7.521015772832457,-5.008811252505275,-2.5034427211645833,0.0007985974376549572,lower,0.1
191,phase1,lower,-10.0,4,-14.21325170138075,-10.047089715776004,-7.518488423994893,-5.0070300495589795,-2.502082453833368,0.0008935001353039116,lower,0.1
192,phase1,lower,-10.0,4,-14.21325170138075,-10.043425436476118,-7.51600744658797,-5.0052913159023165,-2.500869841506568,0.0008436479043609146,lower,0.1
193,phase1,lower,-10.0,4,-14.21325170138075,-10.039924354373378,-7.513664049612678,-5.00366958419952,-2.499837768562971,0.0007611643063729706,lower,0.1
194,phase1,lower,-10.0,4,-14.21325170138075,-10.036613276021571,-7.511476041329808,-5.002184558850622,-2.498979242034817,0.0006754939127778239,lower,0.1
195,phase1,lower,-10.0,4,-14.21325170138075,-10.033491608030895,-7.509442626580161,-5.0008401705908945,-2.4982780746726054,0.0005941219400566473,lower,0.1
196,phase1,lower,-10.0,4,-14.21325170138075,-10.030552000139771,-7.507558761659829,-4.999635161162372,-2.4977169307298652,0.0005187150544401199,lower,0.1
197,phase1,lower,-10.0,4,-14.21325170138075,-10.027785832742781,-7.505818793686827,-4.998566075359411,-2.497279361503404,0.0004494115968208831,lower,0.1
198,phase1,lower,-10.0,4,-14.21325170138075,-10.025184658400047,-7.504217282493578,-4.997628213026615,-2.4969502504159142,0.000385961351773737,lower,0.1
199,phase1,lower,-10.0,4,-14.21325170138075,-10.022740555592804,-7.502749100745789,-4.996816019529172,-2.4967158423183733,0.00032802766710494317,lower,0.1
200,phase1,lower,-10.0,4,-14.21325170138075,-10.020446185207708,-7.5014093659129815,-4.996123309917441,-2.496563668978389,0.0002752667981099367,lower,0.1
201,phase1,lower,-10.0,4,-14.21325170138075,-10.018294763159936,-7.5001933481096605,-4.995543433769019,-2.496482453337034,0.00022734798097515406,lower,0.1
202,phase1,lower,-10.0,4,-14.21325170138075,-10.016280008472032,-7.499096389241225,-4.995069410834564,-2.4964620141077867,0.0001839577410895999,lower,0.1
203,phase1,lower,-10.0,4,-14.21325170138075,-10.014396084581971,-7.49811384030444,-4.9946940469776235,-2.496493176056401,0.00014480003259447364,lower,0.1
204,phase1,lower,-10.0,4,-14.21325170138075,-10.012637540124883,-7.497241016355731,-4.994410034234457,-2.4965676869801574,0.00010959531438363738,lower,0.1
205,phase1,lower,-10.0,4,-14.21325170138075,-10.010999251965023,-7.496473166953775,-4.994210037158872,-2.4966781412611674,7.807940349584911e-05,lower,0.1
206,phase1,lower,-10.0,4,-14.21325170138075,-10.009476372000751,-7.495805459654779,-4.994086767040985,-2.496817909576131,5.000233921699065e-05,lower,0.1
207,phase1,lower,-10.0,4,-14.21325170138075,-10.008064278660859,-7.495232974286352,-4.994033045318994,-2.4969810742841125,2.5127325154688336e-05,lower,0.1
208,phase1,lower,-10.0,4,-14.21325170138075,-10.00675853363077,-7.4947507059566565,-4.994041857330316,-2.4971623700181267,3.2297688593453232e-06,lower,0.1
209,phase1,lower,-10.0,4,-14.21325170138075,-10.005554844071385,-7.494353574992441,-4.994106397415079,-2.4973571290300716,-1.590357682326648e-05,lower,0.1
210,phase1,lower,-10.0,4,-14.21325170138075,-10.004449030382633,-7.4940364422229715,-4.994220106273777,-2.497561230868708,-3.247537259840668e-05,lower,0.1
211,phase1,lower,-10.0,4,-14.21325170138075,-10.003436999402004,-7.493794128232478,-4.99437670138574,-2.4977710560026294,-4.6678356777120044e-05,lower,0.1
212,phase1,lower,-10.0,4,-14.21325170138075,-10.00251472280615,-7.493621435390997,-4.9945702012128015,-2.4979834430327834,-5.869592135651626e-05,lower,0.1
213,phase1,lower,-10.0,4,-14.21325170138075,-10.001678220393856,-7.493513171643422,-4.9947949438411605,-2.498195649171097,-6.870260803241234e-05,lower,0.1
214,phase1,lower,-10.0,4,-14.21325170138075,-10.000923547866043,-7.493464175189995,-4.995045600652252,-2.4984053136925644,-7.686453264910955e-05,lower,0.1
215,phase1,lower,-10.0,4,-14.21325170138075,-10.000246788677822,-7.493469339329536,-4.995317185559085,-2.498610424097358,-8.333974681732948e-05,lower,0.1
216,phase1,lower,-10.0,4,-14.21325170138075,-9.99964404951513,-7.493523636860583,-4.995605060296774,-2.4988092847468586,-8.82785453743256e-05,lower,0.1
217,phase1,lower,-10.0,4,-14.21325170138075,-9.999111458940511,-7.493622143546115,-4.995904936213899,-2.4990004877628067,-9.182372808712598e-05,lower,0.1
218,phase1,lower,-10.0,4,-14.21325170138075,-9.998645168756351,-7.49376006024594,-4.996212872973952,-2.4991828860019605,-9.411082356467665e-05,lower,0.1
219,phase1,lower,-10.0,4,-14.21325170138075,-9.998241357646519,-7.493932733407806,-4.996525274542755,-2.499355567939722,-9.526828279690326e-05,lower,0.1
220,phase1,upper,-15.0,2,-14.384773152062587,-9.998241357646519,-7.493932733407806,-4.996525274542755,-2.499355567939722,-0.008219916586689177,lower,0.1
221,phase1,lower,-10.0,4,-14.384773152062587,-10.005208420150668,-7.49925420211647,-5.000421852709713,-2.5020259132465514,-0.0020461457068761168,lower,0.1
222,phase1,lower,-10.0,4,-14.384773152062587,-10.006454529483436,-7.500499275084203,-5.0014036008653004,-2.5024415710277235,-0.0004200830182468083,lower,0.1
223,phase1,lower,-10.0,4,-14.384773152062587,-10.006237078759936,-7.500693568095029,-5.001604516980534,-2.50229342248863,-1.4261964742591401e-06,lower,0.1
224,phase1,lower,-10.0,4,-14.384773152062587,-10.005684011270272,-7.500635886699405,-5.001593859752331,-2.502026997243177,9.764500534037711e-05,lower,0.1
225,phase1,lower,-10.0,4,-14.384773152062587,-10.00509131830838,-7.500533868287921,-5.0015245677721,-2.501757168220591,0.00011302159372597327,lower,0.1
226,phase1,lower,-10.0,4,-14.384773152062587,-10.004533853871981,-7.500438683481739,-5.001438598374802,-2.5015112710011382,0.00010729980014612262,lower,0.1
227,phase1,lower,-10.0,4,-14.384773152062587,-10.004027767012825,-7.500360506496416,-5.0013481454073085,-2.5012937019008463,9.701524128372192e-05,lower,0.1
228,phase1,lower,-10.0,4,-14.384773152062587,-10.003573727244028,-7.500299134751554,-5.001257272362091,-2.5011030616498866,8.64655488170422e-05,lower,0.1
229,phase1,lower,-10.0,4,-14.384773152062587,-10.003168449000846,-7.500252061219556,-5.001167699901219,-2.500936685822912,7.670158659652467e-05,lower,0.1
230,phase1,lower,-10.0,4,-14.384773152062587,-10.002807778794779,-7.500216560618072,-5.001080375609038,-2.5007918238414613,6.79176629226631e-05,lower,0.1
231,phase1,upper,-15.0,2,-14.534354268439508,-10.002807778794779,-7.500216560618072,-5.001080375609038,-2.5007918238414613,-0.004955723978670702,lower,0.1
232,phase1,lower,-10.0,4,-14.534354268439508,-10.007008808557911,-7.50335508533296,-5.003211343688091,-2.502216726838658,-0.0011460894702447653,lower,0.1
233,phase1,lower,-10.0,4,-14.534354268439508,-10.007674916758637,-7.503964097007653,-5.0035443710661625,-2.502270941843968,-0.0001480775086435958,lower,0.1
234,phase1,lower,-10.0,4,-14.534354268439508,-10.007437104541317,-7.503915221110674,-5.0034008632315405,-2.5019981496318904,0.00010367116573733998,lower,0.1
235,phase1,lower,-10.0,4,-14.534354268439508,-10.006991612149088,-7.503703381635718,-5.00313442162791,-2.5016721422309445,0.00015809416276748095,lower,0.1
236,phase1,lower,-10.0,4,-14.534354268439508,-10.00652050435126,-7.503458104088533,-5.002840964685519,-2.501362386162246,0.00016103014684243746,lower,0.1
237,phase1,upper,-15.0,2,-14.664117577923848,-10.00652050435126,-7.503458104088533,-5.002840964685519,-2.501362386162246,-0.002198725879377042,lower,0.1
238,phase1,lower,-10.0,4,-14.664117577923848,-10.008193117616425,-7.504698902645146,-5.00358820281715,-2.501812793114664,-0.00041540830185455435,lower,0.1
239,phase1,lower,-10.0,4,-14.664117577923848,-10.008217563590966,-7.50475519608829,-5.003497827349706,-2.501644593593194,4.421062344285277e-05,lower,0.1
240,phase1,lower,-10.0,4,-14.664117577923848,-10.0078315372796,-7.50450812259909,-5.003193619387374,-2.5013468777117724,0.00015298176943092333,lower,0.1
241,phase1,lower,-10.0,4,-14.664117577923848,-10.007361512219061,-7.504190561566803,-5.0028431761353165,-2.501046289556206,0.00016943996365583372,lower,0.1
242,phase1,lower,-10.0,4,-14.664117577923848,-10.006891921186545,-7.50386346017894,-5.002492454079455,-2.500773421284384,0.00016224148817586416,lower,0.1
243,phase1,lower,-10.0,4,-14.664117577923848,-10.006443057746427,-7.5035423789842355,-5.002154747225933,-2.5005336027686678,0.00014957316196971554,lower,0.1
244,phase1,lower,-10.0,4,-14.664117577923848,-10.006018374024434,-7.503231066389786,-5.001834382129698,-2.500325696136099,0.0001362108041615285,lower,0.1
245,phase1,lower,-10.0,4,-14.664117577923848,-10.005617053537224,-7.502930327851019,-5.001533053976385,-2.500147070312895,0.00012337015821155164,lower,0.1
246,phase1,upper,-15.0,2,-14.776101461592873,-10.005617053537224,-7.502930327851019,-5.001533053976385,-2.500147070312895,7.252122826643254e-05,lower,0.1
247,phase1,lower,-10.0,4,-14.776101461592873,-10.005283111863163,-7.502672370496221,-5.001273968238286,-2.5000106005624665,9.911644649508933e-05,lower,0.1
248,phase1,lower,-10.0,4,-14.776101461592873,-10.004932832924624,-7.502399596892228,-5.001016821245001,-2.49988386242098,9.806763872714127e-05,lower,0.1
249,phase1,lower,-10.0,4,-14.776101461592873,-10.00459124844653,-7.502131139342232,-5.0007750644304325,-2.4997749636381172,9.024784877981366e-05,lower,0.1
250,phase1,lower,-10.0,4,-14.776101461592873,-10.004264014472199,-7.501872252760505,-5.0005521449652,-2.4996844279827117,8.116835816085629e-05,lower,0.1
251,phase1,lower,-10.0,4,-14.776101461592873,-10.003951786778686,-7.501624528349117,-5.000348730814178,-2.499610907108972,7.226023151233441e-05,lower,0.1
252,phase1,lower,-10.0,4,-14.776101461592873,-10.003654026727368,-7.501388588672172,-5.000164649963798,-2.499552686222133,6.38729056684701e-05,lower,0.1
253,phase1,upper,-15.0,2,-14.872108627395844,-10.003654026727368,-7.501388588672172,-5.000164649963798,-2.499552686222133,0.0019601601991903334,lower,0.1
254,phase1,lower,-10.0,4,-14.872108627395844,-10.001663338742578,-7.499970127048354,-4.99916315981742,-2.4989226889383462,0.0005113695456656263,lower,0.1
255,phase1,lower,-10.0,4,-14.872108627395844,-10.001033784982056,-7.499521550795748,-4.998859808943617,-2.4988284146806503,0.00012479595115354612,lower,0.1
256,phase1,lower,-10.0,4,-14.872108627395844,-10.000770245207388,-7.499335924838278,-4.998755186246733,-2.498873687278074,2.0763722817213125e-05,lower,0.1
257,phase1,lower,-10.0,4,-14.872108627395844,-10.00060812581994,-7.499226043183783,-4.998715090951157,-2.4989531562990157,-7.996519573665914e-06,lower,0.1
258,phase1,upper,-15.0,2,-14.953802000938731,-10.00060812581994,-7.499226043183783,-4.998715090951157,-2.4989531562990157,0.0035110964280586215,lower,0.1
259,phase1,lower,-10.0,4,-14.953802000938731,-9.997309930771072,-7.496925640979668,-4.997150586889065,-2.4979524510156916,0.0008283421971879861,lower,0.1
260,phase1,lower,-10.0,4,-14.953802000938731,-9.996525993814464,-7.496415904162011,-4.996864284855264,-2.497922314333017,0.00012126698244181776,lower,0.1
261,phase1,lower,-10.0,4,-14.953802000938731,-9.996405844565022,-7.496381371611781,-4.996926634648069,-2.4981282324871352,-6.089136022510317e-05,lower,0.1
262,phase1,lower,-10.0,4,-14.953802000938731,-9.9964581994939,-7.496473598702614,-4.997087907084999,-2.4983766312371922,-0.00010377013554095695,lower,0.1
263,phase1,lower,-10.0,4,-14.953802000938731,-9.996553132536757,-7.496600820504878,-4.997279419501361,-2.498617611666382,-0.00010986827070243083,lower,0.1
264,phase1,lower,-10.0,4,-14.953802000938731,-9.996656782777201,-7.496739184990208,-4.997480914100746,-2.4988393544562166,-0.00010641917170989238,lower,0.1
265,phase1,lower,-10.0,4,-14.953802000938731,-9.996760800253039,-7.496882626839191,-4.997685273078828,-2.499040057359967,-0.00010064919360268224,lower,0.1
266,phase1,lower,-10.0,4,-14.953802000938731,-9.996863567185896,-7.49702958977295,-4.9978891117722695,-2.4992204829852898,-9.446711578308471e-05,lower,0.1
267,phase1,lower,-10.0,4,-14.953802000938731,-9.996965189848806,-7.497179538865676,-4.998090253812508,-2.4993819851527683,-8.83692062250447e-05,lower,0.1
268,phase1,lower,-10.0,4,-14.953802000938731,-9.997066157036095,-7.497332070383736,-4.998287038266462,-2.4995259913076286,-8.247741107906916e-05,lower,0.1
269,phase1,lower,-10.0,4,-14.953802000938731,-9.99716697804083,-7.497486707601375,-4.998478116003969,-2.49965387161235,-7.68153772590142e-05,lower,0.1
270,phase1,lower,-10.0,4,-14.953802000938731,-9.997268084836419,-7.497642874827442,-4.998662378061742,-2.499766910400396,-7.138181218153382e-05,lower,0.1
271,phase1,lower,-10.0,4,-14.953802000938731,-9.997369807466484,-7.497799915022304,-4.998838920792935,-2.49986630438163,-6.616992675646495e-05,lower,0.1
272,phase1,lower,-10.0,4,-14.953802000938731,-9.997472371156148,-7.49795711555723,-4.999007022278116,-2.4999531674887803,-6.117251490558555e-05,lower,0.1
273,phase1,lower,-10.0,4,-14.953802000938731,-9.99757590085967,-7.498113733012539,-4.999166123028901,-2.5000285370213926,-5.638319427353329e-05,lower,0.1
274,phase1,lower,-10.0,4,-14.953802000938731,-9.997680428949804,-7.498269014894694,-4.999315808974956,-2.500093379679815,-5.179661423916062e-05,lower,0.1
275,phase1,lower,-10.0,4,-14.953802000938731,-9.997785904497109,-7.4984222179902025,-4.999455796066846,-2.500148597135848,-4.7408383839170725e-05,lower,0.1
276,phase1,lower,-10.0,4,-14.953802000938731,-9.997892203391874,-7.498572623543999,-4.999585916204109,-2.5001950310723795,-4.3214924903977655e-05,lower,0.1
277,phase1,lower,-10.0,4,-14.953802000938731,-9.997999138839502,-7.498719549556807,-4.999706104315516,-2.5002334677037914,-3.9213309000741876e-05,lower,0.1
278,phase1,upper,-15.0,2,-15.022670458847294,-9.997999138839502,-7.498719549556807,-4.999706104315516,-2.5002334677037914,0.004789830440493172,lower,0.1
279,phase1,lower,-10.0,4,-15.022670458847294,-9.993760332514789,-7.495820062944534,-4.997686778171128,-2.498773916006645,0.0011240523074882644,lower,0.1
280,phase1,lower,-10.0,4,-15.022670458847294,-9.992954658481025,-7.4953541942350785,-4.997389115103317,-2.498641413331586,0.00016163720472842118,lower,0.1
281,phase1,lower,-10.0,4,-15.022670458847294,-9.993049138572175,-7.495520642348283,-4.997543357008053,-2.4988313925079266,-8.285132966308676e-05,lower,0.1
282,phase1,lower,-10.0,4,-15.022670458847294,-9.993370855146482,-7.4958418407539025,-4.997810022711604,-2.499079533723125,-0.00013716525386641595,lower,0.1
283,phase1,lower,-10.0,4,-15.022670458847294,-9.993741402435704,-7.496191789671008,-4.998097306230549,-2.4993180898405787,-0.00014156581368007963,lower,0.1
284,phase1,lower,-10.0,4,-15.022670458847294,-9.994113850391548,-7.496537688244934,-4.9983795763812395,-2.499531376266773,-0.00013330929053437715,lower,0.1
285,phase1,lower,-10.0,4,-15.022670458847294,-9.994476212538368,-7.4968713055336424,-4.998649087282027,-2.4997173688755696,-0.00012227111736536994,lower,0.1
286,phase1,lower,-10.0,4,-15.022670458847294,-9.994825765843524,-7.497190782023293,-4.9989031043689565,-2.4998775078403406,-0.00011104904109934859,lower,0.1
287,phase1,lower,-10.0,4,-15.022670458847294,-9.99516221159849,-7.497495830590606,-4.9991404488523505,-2.5000139988454126,-0.00010030726742785773,lower,0.1
288,phase1,lower,-10.0,4,-15.022670458847294,-9.995485850038387,-7.497786493708047,-4.99936054944861,-2.5001291067285516,-9.019718727785935e-05,lower,0.1
289,phase1,lower,-10.0,4,-15.022670458847294,-9.995797091873902,-7.49806284088917,-4.999563163806546,-2.5002249781432138,-8.073508843472457e-05,lower,0.1
290,phase1,lower,-10.0,4,-15.022670458847294,-9.99609632835502,-7.498324911510034,-4.999748280789371,-2.5003036042003925,-7.190255575931342e-05,lower,0.1
291,phase1,lower,-10.0,4,-15.022670458847294,-9.996383898970704,-7.498572718793281,-4.999916073349735,-2.500366819665934,-6.367311832884494e-05,lower,0.1
292,phase1,lower,-10.0,4,-15.022670458847294,-9.996660086759459,-7.498806266448684,-5.000066867094209,-2.5004163112288755,-5.601926632709834e-05,lower,0.1
293,phase1,lower,-10.0,4,-15.022670458847294,-9.996925122068076,-7.499025565502631,-5.000201115017682,-2.500453627554628,-4.891423429820516e-05,lower,0.1
294,phase1,lower,-10.0,4,-15.022670458847294,-9.9971791892224,-7.499230648394477,-5.000319375666521,-2.5004801892142643,-4.2332385104846985e-05,lower,0.1
295,phase1,lower,-10.0,4,-15.022670458847294,-9.997422434286204,-7.499421579921943,-5.000422293817824,-2.5004972980161972,-3.624921951806913e-05,lower,0.1
296,phase1,lower,-10.0,4,-15.022670458847294,-9.997654973147343,-7.499598465251993,-5.000510583271173,-2.500506145651392,-3.064128814742699e-05,lower,0.1
297,phase1,lower,-10.0,4,-15.022670458847294,-9.997876899517141,-7.499761455352269,-5.000585011504564,-2.5005078216672767,-2.548608236582213e-05,lower,0.1
298,phase1,lower,-10.0,4,-15.022670458847294,-9.998088292574783,-7.499910750206937,-5.000646386004554,-2.5005033208135456,-2.0761926756910268e-05,lower,0.1
299,phase1,lower,-10.0,4,-15.022670458847294,-9.99828922407208,-7.500046600156624,-5.000695542110936,-2.500493549809872,-1.644788045661022e-05,lower,0.1
300,phase1,lower,-10.0,4,-15.022670458847294,-9.998479764772945,-7.500169305671026,-5.000733332236876,-2.500479333585988,-1.2523650117474423e-05,lower,0.1
301,phase1,lower,-10.0,4,-15.022670458847294,-9.998659990147859,-7.5002792158314335,-5.000760616341741,-2.500461421042783,-8.969515504157829e-06,lower,0.1
302,phase1,lower,-10.0,4,-15.022670458847294,-9.998829985280171,-7.500376725770688,-5.00077825354738,-2.5004404903803072,-5.766267896436756e-06,lower,0.1
303,phase1,lower,-10.0,4,-15.022670458847294,-9.998989848970329,-7.500462273290376,-5.000787094800057,-2.500417154035334,-2.8951609689908173e-06,lower,0.1
304,phase1,lower,-10.0,4,-15.022670458847294,-9.999139697047205,-7.500536334849396,-5.000787976489982,-2.5003919632676315,-3.378734750633871e-07,lower,0.1
305,phase1,lower,-10.0,4,-15.022670458847294,-9.999279664913551,-7.500599421094402,-5.000781714948707,-2.500365412430537,1.923517175775626e-06,lower,0.1
306,phase1,upper,-15.0,2,-15.080054677137598,-9.999279664913551,-7.500599421094402,-5.000781714948707,-2.500365412430537,0.005845791739853522,lower,0.1
307,phase1,lower,-10.0,4,-15.080054677137598,-9.994150427965769,-7.496970435100608,-4.998191955865499,-2.4985339408375187,0.0014070193117772748,lower,0.1
308,phase1,lower,-10.0,4,-15.080054677137598,-9.993166111298654,-7.4962823052033185,-4.997691938041708,-2.498315828923316,0.00023968764880949786,lower,0.1
309,phase1,lower,-10.0,4,-15.080054677137598,-9.993262011805191,-7.496356402503834,-4.997745581028179,-2.4984949688136044,-5.8865074338447514e-05,lower,0.1
310,phase1,lower,-10.0,4,-15.080054677137598,-9.99362442944196,-7.496615953901966,-4.997942471108866,-2.498751071313952,-0.00012728378803137947,lower,0.1
311,phase1,lower,-10.0,4,-15.080054677137598,-9.994038137297188,-7.496909565569536,-4.998171819056776,-2.499001737937276,-0.00013529189202948552,lower,0.1
312,phase1,lower,-10.0,4,-15.080054677137598,-9.99444704282725,-7.497198553373592,-4.998402825507714,-2.4992275821473435,-0.00012796186483336446,lower,0.1
313,phase1,lower,-10.0,4,-15.080054677137598,-9.994837359560234,-7.497473887346601,-4.998626251251016,-2.4994257574174163,-0.00011723191265185202,lower,0.1
314,phase1,lower,-10.0,4,-15.080054677137598,-9.995206521060258,-7.497734166092245,-4.998838845341718,-2.4995976187740103,-0.00010623390951623778,lower,0.1
315,phase1,lower,-10.0,4,-15.080054677137598,-9.995554896082021,-7.497979807796051,-4.999039170669883,-2.499745457368737,-9.57606928790823e-05,lower,0.1
316,phase1,lower,-10.0,4,-15.080054677137598,-9.995883571877014,-7.498211545936227,-4.999226463434317,-2.499871646238916,-8.598541775679343e-05,lower,0.1
317,phase1,lower,-10.0,4,-15.080054677137598,-9.996193756158917,-7.498430063798821,-4.999400302766174,-2.499978426286727,-7.691869082371835e-05,lower,0.1
318,phase1,lower,-10.0,4,-15.080054677137598,-9.996486613744649,-7.4986359267770535,-4.999560498927395,-2.500067861659525,-6.853010143128908e-05,lower,0.1
319,phase1,lower,-10.0,4,-15.080054677137598,-9.996763222139178,-7.4988295894078645,-4.999707042439711,-2.500141839354712,-6.0780486656103596e-05,lower,0.1
320,phase1,lower,-10.0,4,-15.080054677137598,-9.997024561304038,-7.499011418333897,-4.999840071899065,-2.5002020797734437,-5.363042818272813e-05,lower,0.1
321,phase1,lower,-10.0,4,-15.080054677137598,-9.997271514392388,-7.499181715999975,-4.999959848949455,-2.5002501493927745,-4.704240421053772e-05,lower,0.1
322,phase1,lower,-10.0,4,-15.080054677137598,-9.997504872716936,-7.49934074145298,-5.0000667370940635,-2.50028747323566,-4.098123767685209e-05,lower,0.1
323,phase1,lower,-10.0,4,-15.080054677137598,-9.997725342704449,-7.499488727652698,-5.000161183235459,-2.5003153465569823,-3.541408228775571e-05,lower,0.1
324,phase1,lower,-10.0,4,-15.080054677137598,-9.997933553873333,-7.499625895476418,-5.000243701454156,-2.500334945631547,-3.031028238388296e-05,lower,0.1
325,phase1,lower,-10.0,4,-15.080054677137598,-9.998130067287788,-7.499752464775377,-5.000314858724123,-2.500347337657742,-2.564120054766497e-05,lower,0.1
326,phase1,lower,-10.0,4,-15.080054677137598,-9.99831538411704,-7.499868662858762,-5.000375262336058,-2.5003534898261766,-2.1380041319074984e-05,lower,0.1
327,phase1,lower,-10.0,4,-15.080054677137598,-9.998489954028399,-7.499974730758549,-5.000425548837397,-2.5003542776124212,-1.7501680996482167e-05,lower,0.1
328,phase1,lower,-10.0,4,-15.080054677137598,-9.998654183214311,-7.500070927597175,-5.000466374324548,-2.5003504923548587,-1.3982507822451702e-05,lower,0.1
329,phase1,lower,-10.0,4,-15.080054677137598,-9.998808441909638,-7.500157533348178,-5.000498405944003,-2.500342848177689,-1.0800274710975727e-05,lower,0.1
330,phase1,lower,-10.0,4,-15.080054677137598,-9.998953071300733,-7.500234850249669,-5.000522314476795,-2.500331988316826,-7.933965596045318e-06,lower,0.1
331,phase1,lower,-10.0,4,-15.080054677137598,-9.999088389764662,-7.500303203102328,-5.000538767895893,-2.500318490903391,-5.363675798792174e-06,lower,0.1
332,phase1,lower,-10.0,4,-15.080054677137598,-9.999214698406647,-7.500362938657554,-5.000548425799178,-2.500302874256029,-3.0705063250005722e-06,lower,0.1
333,phase1,lower,-10.0,4,-15.080054677137598,-9.999332285887428,-7.500414424277476,-5.000551934631718,-2.5002856017295594,-1.0364716453409584e-06,lower,0.1
334,phase1,lower,-10.0,4,-15.080054677137598,-9.999441432550913,-7.500458046026568,-5.0005499236206346,-2.5002670861636376,7.555797491221584e-07,lower,0.1
335,phase1,lower,-10.0,4,-15.080054677137598,-9.999542413876705,-7.500494206334576,-5.000543001353995,-2.5002476939712768,2.322032906565135e-06,lower,0.1
336,phase1,lower,-10.0,4,-15.080054677137598,-9.999635503292877,-7.50052332135215,-5.000531752942189,-2.500227748903342,3.6785630993005026e-06,lower,0.1
337,phase1,lower,-10.0,4,-15.080054677137598,-9.999720974392014,-7.500545818104001,-5.000516737706229,-2.5002075355215063,4.840182712708767e-06,lower,0.1
338,phase1,lower,-10.0,4,-15.080054677137598,-9.999799102598772,-7.500562131529339,-5.000498487342598,-2.5001873024087566,5.8212794445993716e-06,lower,0.1
339,phase1,lower,-10.0,4,-15.080054677137598,-9.999870166340328,-7.500572701485741,-5.000477504518725,-2.500167265143325,6.6356469175772905e-06,lower,0.1
340,phase1,lower,-10.0,4,-15.080054677137598,-9.999934447772644,-7.500577969780407,-5.000454261857033,-2.5001476090589505,7.2965087768790135e-06,lower,0.1
341,phase1,lower,-10.0,4,-15.080054677137598,-9.999992233115522,-7.50057837728175,-5.0004292012688705,-2.500128491811659,7.816537299280145e-06,lower,0.1
342,phase1,lower,-10.0,4,-15.080054677137598,-10.000043812648576,-7.5005743611544515,-5.000402733602594,-2.5001100457707603,8.207867475613079e-06,lower,0.1
343,phase1,lower,-10.0,4,-15.080054677137598,-10.000089480418435,-7.500566352252415,-5.000375238572715,-2.500092380249538,8.48210745903771e-06,lower,0.1
344,phase1,lower,-10.0,4,-15.080054677137598,-10.00012953370512,-7.500554772696264,-5.0003470649393185,-2.500075583589103,8.650346193708158e-06,lower,0.1
345,phase1,lower,-10.0,4,-15.080054677137598,-10.000164272292661,-7.500540033655227,-5.00031853090912,-2.5000597251071137,8.723158956954434e-06,lower,0.1
346,phase1,lower,-10.0,4,-15.080054677137598,-10.000193997585855,-7.5005225333472625,-5.000289924731427,-2.5000448569215035,8.71061146807088e-06,lower,0.1
347,phase1,lower,-10.0,4,-15.080054677137598,-10.000219011611675,-7.500502655266012,-5.0002615054640405,-2.5000310156580094,8.622263134891079e-06,lower,0.1
348,phase1,lower,-10.0,4,-15.080054677137598,-10.000239615940288,-7.500480766638708,-5.000233503885808,-2.5000182240491053,8.467169931473273e-06,lower,0.1
349,phase1,lower,-10.0,4,-15.080054677137598,-10.00025611055719,-7.500457217115218,-5.0002061235340705,-2.5000064924309564,8.253887325349226e-06,lower,0.1
350,phase1,upper,-15.0,2,-15.127278776185412,-10.00025611055719,-7.500457217115218,-5.0002061235340705,-2.5000064924309564,0.00665652219809388,lower,0.1
351,phase1,lower,-10.0,4,-15.127278776185412,-9.994285351234709,-7.496243928649371,-4.997247655521655,-2.497943499716604,0.001604239695017183,lower,0.1
352,phase1,lower,-10.0,4,-15.127278776185412,-9.99303739325066,-7.495386511918935,-4.996673887974336,-2.4977175911614373,0.00027396166755838653,lower,0.1
353,phase1,lower,-10.0,4,-15.127278776185412,-9.993025739616685,-7.495406079877957,-4.996736598693979,-2.4979448503119985,-6.770869481618675e-05,lower,0.1
354,phase1,lower,-10.0,4,-15.127278776185412,-9.993324711468148,-7.495646057424347,-4.996968195829165,-2.4982605284558543,-0.00014733696012782848,lower,0.1
355,phase1,lower,-10.0,4,-15.127278776185412,-9.993689449327883,-7.495933769890526,-4.997241975866753,-2.4985705513336325,-0.00015802082005165116,lower,0.1
356,phase1,upper,-15.0,2,-15.165681144287918,-9.993689449327883,-7.495933769890526,-4.997241975866753,-2.4985705513336325,0.007184346526538363,lower,0.1
357,phase1,lower,-10.0,4,-15.165681144287918,-9.987447969510262,-7.491599048831621,-4.994284275815229,-2.496585977419127,0.0016118533697862334,lower,0.1
358,phase1,lower,-10.0,4,-15.165681144287918,-9.98641240940959,-7.490964183048693,-4.993954575167274,-2.4965976160546783,0.00015406214010182175,lower,0.1
359,phase1,lower,-10.0,4,-15.165681144287918,-9.98672893084741,-7.491289061000542,-4.99431770696121,-2.4970783959468075,-0.0002113815720462106,lower,0.1
360,phase1,lower,-10.0,4,-15.165681144287918,-9.987375187277564,-7.491848219501133,-4.994854955033875,-2.497627920376611,-0.00028782014063918426,lower,0.1
361,phase1,lower,-10.0,4,-15.165681144287918,-9.988081528626497,-7.492450991613047,-4.99542490241858,-2.4981448539985056,-0.0002887267905784235,lower,0.1
362,phase1,lower,-10.0,4,-15.165681144287918,-9.988778329036672,-7.493048256072301,-4.9959871045334125,-2.498606952161101,-0.00027077492861410065,lower,0.1
363,phase1,lower,-10.0,4,-15.165681144287918,-9.989449019175987,-7.493628017153401,-4.996528551569124,-2.4990126164219983,-0.00024895991728362784,lower,0.1
364,phase1,lower,-10.0,4,-15.165681144287918,-9.990090982899284,-7.494187748288252,-4.997044046868931,-2.49936538670099,-0.00022720189048893228,lower,0.1
365,phase1,lower,-10.0,4,-15.165681144287918,-9.990705141139621,-7.49472712800283,-4.997530925813373,-2.4996698456792212,-0.00020648101433839484,lower,0.1
366,phase1,lower,-10.0,4,-15.165681144287918,-9.991293172738846,-7.4952461844682245,-4.99798759401988,-2.499930555301623,-0.0001870001109862285,lower,0.1
367,phase1,lower,-10.0,4,-15.165681144287918,-9.991856774011673,-7.495744866810005,-4.998413087176578,-2.5001517976460352,-0.00016875946562034863,lower,0.1
368,phase1,upper,-15.0,2,-15.196197117007388,-9.991856774011673,-7.495744866810005,-4.998413087176578,-2.5001517976460352,0.007620510218520678,lower,0.1
369,phase1,upper,-15.0,2,-15.21278839163101,-9.991856774011673,-7.495744866810005,-4.998413087176578,-2.5001517976460352,0.011730439561122886,lower,0.1
370,phase1,lower,-10.0,4,-15.21278839163101,-9.981688187686496,-7.48872649042871,-4.993559361280854,-2.4966642452042387,0.0027052882338646006,lower,0.1
371,phase1,lower,-10.0,4,-15.21278839163101,-9.979957258550238,-7.487695480100629,-4.992940328996894,-2.496430988076337,0.00034079716194307375,lower,0.1
372,phase1,lower,-10.0,4,-15.21278839163101,-9.980424363259528,-7.488214194760092,-4.9934269666639235,-2.4969784372952075,-0.00025527437832430287,lower,0.1
373,phase1,lower,-10.0,4,-15.21278839163101,-9.981433093350077,-7.489106620259335,-4.994182662384658,-2.497656867333055,-0.00038330425576352733,lower,0.1
374,phase1,lower,-10.0,4,-15.21278839163101,-9.982545419871188,-7.490062891379548,-4.994981202852258,-2.4983007681142886,-0.00038886204687201703,lower,0.1
375,phase1,lower,-10.0,4,-15.21278839163101,-9.98364714286421,-7.491002677347074,-4.995759522162403,-2.4988727735136935,-0.0003637075649978234,lower,0.1
376,phase1,lower,-10.0,4,-15.21278839163101,-9.984710033120995,-7.491906097025593,-4.996498696745436,-2.499369048562342,-0.00033213532793627336,lower,0.1
377,phase1,lower,-10.0,4,-15.21278839163101,-9.985728561306598,-7.4927688959796015,-4.99719220940698,-2.4997941774410606,-0.0003005103369822552,lower,0.1
378,phase1,lower,-10.0,4,-15.21278839163101,-9.986703054077182,-7.493590637870809,-4.997837423056856,-2.5001545246264025,-0.00027043628856098954,lower,0.1
379,phase1,lower,-10.0,4,-15.21278839163101,-9.98763520511625,-7.494371656013635,-4.998433234150789,-2.500456504562025,-0.00024225612652322597,lower,0.1
380,phase1,lower,-10.0,4,-15.21278839163101,-9.98852688071986,-7.495112319361289,-4.998979377675373,-2.500706153945348,-0.00021598251610368006,lower,0.1
381,phase1,lower,-10.0,4,-15.21278839163101,-9.989379808848495,-7.495812901021162,-4.999476178956775,-2.500909048068186,-0.0001915450062628753,lower,0.1
382,phase1,lower,-10.0,4,-15.21278839163101,-9.990195508571398,-7.4964735956573305,-4.999924431162003,-2.5010703064332365,-0.00016885546940801082,lower,0.1
383,phase1,lower,-10.0,4,-15.21278839163101,-9.990975287202458,-7.497094566504845,-5.0003253123556854,-2.5011946199888273,-0.00014782518393660957,lower,0.1
384,phase1,upper,-15.0,2,-15.230558146771758,-9.990975287202458,-7.497094566504845,-5.0003253123556854,-2.5011946199888273,0.00789852153156992,lower,0.1
385,phase1,lower,-10.0,4,-15.230558146771758,-9.984478545754284,-7.492606793066204,-4.9971318796403645,-2.498802374860995,0.0018035588110698626,lower,0.1
386,phase1,lower,-10.0,4,-15.230558146771758,-9.983668167555512,-7.4921425223500675,-4.996779360938444,-2.498603542989064,0.00021186687925465715,lower,0.1
387,phase1,lower,-10.0,4,-15.230558146771758,-9.984324922843639,-7.492701537654428,-4.997153705797258,-2.498926790263151,-0.00018469493376718402,lower,0.1
388,phase1,lower,-10.0,4,-15.230558146771758,-9.985328809765107,-7.493489280876876,-4.997690991269419,-2.499333968435315,-0.0002654185575893473,lower,0.1
389,phase1,lower,-10.0,4,-15.230558146771758,-9.986383733578116,-7.494296998327429,-4.998240017654517,-2.4997142420432183,-0.0002639468536120497,lower,0.1
390,phase1,lower,-10.0,4,-15.230558146771758,-9.987412612221299,-7.495071244926145,-4.998759862881423,-2.5000433178490167,-0.00024229496879705047,lower,0.1
391,phase1,lower,-10.0,4,-15.230558146771758,-9.9883965409637,-7.495799535635046,-4.999239401302336,-2.5003194743951473,-0.00021685805533257593,lower,0.1
392,phase1,lower,-10.0,4,-15.230558146771758,-9.989332012680634,-7.496480023632761,-4.999675835986324,-2.5005465880914333,-0.00019190776265728927,lower,0.1
393,phase1,upper,-15.0,2,-15.243184549778867,-9.989332012680634,-7.496480023632761,-4.999675835986324,-2.5005465880914333,0.007943541341315372,lower,0.1
394,phase1,lower,-10.0,4,-15.243184549778867,-9.982897626568663,-7.491988170118796,-4.996481193805856,-2.498218237415443,0.00178482465029077,lower,0.1
395,phase1,lower,-10.0,4,-15.243184549778867,-9.982200338738414,-7.491558477633672,-4.996160913408685,-2.4980975245206665,0.00017901646386612416,lower,0.1
396,phase1,lower,-10.0,4,-15.243184549778867,-9.982975037810458,-7.49215861058911,-4.996576762850364,-2.49849559239996,-0.00021871229988224737,lower,0.1
397,phase1,lower,-10.0,4,-15.243184549778867,-9.984090236158217,-7.492986171029185,-4.9971579575661424,-2.498970359790376,-0.00029738627387721064,lower,0.1
398,phase1,lower,-10.0,4,-15.243184549778867,-9.985247477291804,-7.4938308932769395,-4.997751116540905,-2.4994106017980298,-0.00029321652927107283,lower,0.1
399,phase1,lower,-10.0,4,-15.243184549778867,-9.986369713766662,-7.4946393942483756,-4.998314446146272,-2.4997925144759274,-0.00026888305760404353,lower,0.1
400,phase2,lower,-20.0,4,-15.243184549778867,-9.987196681814833,-8.495230180811172,-5.268717776341585,-2.6890320372268786,-0.14717638227570085,lower,0.1
401,phase2,lower,-20.0,4,-15.243184549778867,-10.220458775762598,-9.542516965670805,-5.595089985224051,-2.9020158665038487,-0.17468562010514999,lower,0.1
402,phase2,lower,-20.0,4,-15.243184549778867,-10.559881652848052,-10.557021779419895,-5.918175303135605,-3.09627618949652,-0.17029878706059492,lower,0.1
403,phase2,lower,-20.0,4,-15.243184549778867,-10.962864573859772,-11.51784815105708,-6.220534250397951,-3.2621414955169907,-0.15749510040297765,lower,0.1
404,phase2,lower,-20.0,4,-15.243184549778867,-11.410108521942183,-12.41982323082937,-6.4963620284788,-3.3987176790817677,-0.14263934755841612,lower,0.1
405,phase2,lower,-20.0,4,-15.243184549778867,-11.889455405633477,-13.26210219669607,-6.743401701346861,-3.507472389205306,-0.12752573031888076,lower,0.1
406,phase2,lower,-20.0,4,-15.243184549778867,-12.391493242026728,-14.045134820620733,-6.960735728179987,-3.5905039294900503,-0.11271487881683215,lower,0.1
407,phase2,lower,-20.0,4,-15.243184549778867,-12.908300790821277,-14.769853607653301,-7.148144860208743,-3.6500598963048416,-0.09842316193158453,lower,0.1
408,phase2,lower,-20.0,4,-15.243184549778867,-13.433036918242905,-15.437451250980208,-7.305888190287304,-3.6883918911772176,-0.08476107994641276,lower,0.1
409,phase2,lower,-20.0,4,-15.243184549778867,-13.959763323468408,-16.049313612261066,-7.43459942488269,-3.7077029071379997,-0.07179840277018655,lower,0.1
410,phase2,lower,-20.0,4,-15.243184549778867,-14.483336914840843,-16.606993045065845,-7.535218086128839,-3.7101222295595253,-0.059583056335557646,lower,0.1
411,phase2,lower,-20.0,4,-15.243184549778867,-14.999327278565344,-17.11219159017962,-7.608933805285841,-3.697690131845955,-0.048147541635067334,lower,0.1
412,phase2,lower,-20.0,4,-15.243184549778867,-15.503946497198333,-17.56674609933392,-7.657137679100295,-3.6723473082893925,-0.03751188797753574,upper,0.1
413,phase2,upper,-15.0,2,-15.284933684320475,-15.503946497198333,-17.56674609933392,-7.657137679100295,-3.6723473082893925,-0.01036632943306219,upper,0.1
414,phase2,upper,-15.0,2,-15.297425150381278,-15.503946497198333,-17.56674609933392,-7.657137679100295,-3.6723473082893925,0.0037530683688080293,upper,0.1
415,phase2,upper,-15.0,2,-15.293532944546708,-15.503946497198333,-17.56674609933392,-7.657137679100295,-3.6723473082893925,0.010715458024916566,upper,0.1
416,phase2,upper,-15.0,2,-15.280590668228145,-15.503946497198333,-17.56674609933392,-7.657137679100295,-3.6723473082893925,0.013759709999957882,upper,0.1
417,phase2,upper,-15.0,2,-15.262833170041882,-15.503946497198333,-17.56674609933392,-7.657137679100295,-3.6723473082893925,0.014676339620056614,upper,0.1
418,phase2,lower,-20.0,4,-15.262833170041882,-15.94701775175384,-17.93973475260758,-7.658363861380814,-3.6198168910016855,-0.015155157950054579,upper,0.1
419,phase2,upper,-15.0,2,-15.269594318837576,-15.94701775175384,-17.93973475260758,-7.658363861380814,-3.6198168910016855,-0.00016009669661213276,upper,0.1
420,phase2,upper,-15.0,2,-15.261012370891272,-15.94701775175384,-17.93973475260758,-7.658363861380814,-3.6198168910016855,0.00722403903619434,upper,0.1
421,phase2,upper,-15.0,2,-15.244594039036631,-15.94701775175384,-17.93973475260758,-7.658363861380814,-3.6198168910016855,0.01047764754948737,upper,0.1
422,phase2,upper,-15.0,2,-15.224547973398007,-15.94701775175384,-17.93973475260758,-7.658363861380814,-3.6198168910016855,0.011516412014380119,upper,0.1
423,phase2,upper,-15.0,2,-15.203240575466477,-15.94701775175384,-17.93973475260758,-7.658363861380814,-3.6198168910016855,0.011394644648313516,upper,0.1
424,phase2,upper,-15.0,2,-15.182001306046331,-15.94701775175384,-17.93973475260758,-7.658363861380814,-3.6198168910016855,0.01069202511036814,upper,0.1
425,phase2,upper,-15.0,2,-15.161569891299118,-15.94701775175384,-17.93973475260758,-7.658363861380814,-3.6198168910016855,0.00972635819216096,upper,0.1
426,phase2,upper,-15.0,2,-15.142346134837393,-15.94701775175384,-17.93973475260758,-7.658363861380814,-3.6198168910016855,0.008670709185142053,upper,0.1
427,phase2,upper,-15.0,2,-15.12453069113754,-15.94701775175384,-17.93973475260758,-7.658363861380814,-3.6198168910016855,0.007617969056851099,upper,0.1
428,phase2,upper,-15.0,2,-15.108205403692722,-15.94701775175384,-17.93973475260758,-7.658363861380814,-3.6198168910016855,0.006616505195554519,upper,0.1
429,phase2,upper,-15.0,2,-15.093379968922033,-15.94701775175384,-17.93973475260758,-7.658363861380814,-3.6198168910016855,0.005689897448081191,upper,0.1
430,phase2,upper,-15.0,2,-15.080019683083803,-15.94701775175384,-17.93973475260758,-7.658363861380814,-3.6198168910016855,0.004847904785074671,upper,0.1
431,phase2,upper,-15.0,2,-15.068062430601504,-15.94701775175384,-17.93973475260758,-7.658363861380814,-3.6198168910016855,0.004092591401384861,upper,0.1
432,phase2,upper,-15.0,2,-15.057429442667287,-15.94701775175384,-17.93973475260758,-7.658363861380814,-3.6198168910016855,0.003421773694156338,upper,0.1
433,phase2,upper,-15.0,2,-15.048032356762821,-15.94701775175384,-17.93973475260758,-7.658363861380814,-3.6198168910016855,0.002830978327979993,upper,0.1
434,phase2,upper,-15.0,2,-15.039778005848277,-15.94701775175384,-17.93973475260758,-7.658363861380814,-3.6198168910016855,0.002314567745852163,upper,0.1
435,phase2,upper,-15.0,2,-15.032571756687425,-15.94701775175384,-17.93973475260758,-7.658363861380814,-3.6198168910016855,0.0018663959338531184,upper,0.1
436,phase2,upper,-15.0,2,-15.026319878334824,-15.94701775175384,-17.93973475260758,-7.658363861380814,-3.6198168910016855,0.0014801957271188626,upper,0.1
437,phase2,upper,-15.0,2,-15.020931232399725,-15.94701775175384,-17.93973475260758,-7.658363861380814,-3.6198168910016855,0.0011498099760705515,upper,0.1
438,phase2,upper,-15.0,2,-15.016318469413912,-15.94701775175384,-17.93973475260758,-7.658363861380814,-3.6198168910016855,0.0008693297996048568,upper,0.1
439,phase2,upper,-15.0,2,-15.012398853715545,-15.94701775175384,-17.93973475260758,-7.658363861380814,-3.6198168910016855,0.0006331759851387979,upper,0.1
440,phase2,upper,-15.0,2,-15.009094802526668,-15.94701775175384,-17.93973475260758,-7.658363861380814,-3.6198168910016855,0.00043614449198163974,upper,0.1
441,phase2,upper,-15.0,2,-15.006334202250866,-15.94701775175384,-17.93973475260758,-7.658363861380814,-3.6198168910016855,0.00027342855589927446,upper,0.1
442,phase2,upper,-15.0,2,-15.004050550343866,-15.94701775175384,-17.93973475260758,-7.658363861380814,-3.6198168910016855,0.00014062510131445196,upper,0.1
443,phase2,upper,-15.0,2,-15.00218296104825,-15.94701775175384,-17.93973475260758,-7.658363861380814,-3.6198168910016855,3.373040656115306e-05,upper,0.1
444,phase2,upper,-15.0,2,-15.000676065972076,-15.94701775175384,-17.93973475260758,-7.658363861380814,-3.6198168910016855,-5.087166326171543e-05,upper,0.1
445,phase2,upper,-15.0,2,-14.999479834893114,-15.94701775175384,-17.93973475260758,-7.658363861380814,-3.6198168910016855,-0.0001164265376667406,upper,0.1
446,phase2,upper,-15.0,2,-14.998549337701117,-15.94701775175384,-17.93973475260758,-7.658363861380814,-3.6198168910016855,-0.00016582925349394305,upper,0.1
447,phase2,upper,-15.0,2,-14.997844464714047,-15.94701775175384,-17.93973475260758,-7.658363861380814,-3.6198168910016855,-0.00020164694154779116,upper,0.1
448,phase2,upper,-15.0,2,-14.997329619520903,-15.94701775175384,-17.93973475260758,-7.658363861380814,-3.6198168910016855,-0.00022614252958536474,upper,0.1
449,phase2,upper,-15.0,2,-14.996973395889643,-15.94701775175384,-17.93973475260758,-7.658363861380814,-3.6198168910016855,-0.00024129892557956507,upper,0.1
450,phase2,upper,-15.0,2,-14.996748248051334,-15.94701775175384,-17.93973475260758,-7.658363861380814,-3.6198168910016855,-0.00024884311526440615,upper,0.1
451,phase2,upper,-15.0,2,-14.996630161772595,-15.94701775175384,-17.93973475260758,-7.658363861380814,-3.6198168910016855,-0.0002502697423624752,upper,0.1
452,phase2,upper,-15.0,2,-14.996598332012887,-15.94701775175384,-17.93973475260758,-7.658363861380814,-3.6198168910016855,-0.0002468638480848576,upper,0.1
453,phase2,upper,-15.0,2,-14.996634851594875,-15.94701775175384,-17.93973475260758,-7.658363861380814,-3.6198168910016855,-0.00023972253449093986,upper,0.1
454,phase2,upper,-15.0,2,-14.996724414164063,-15.94701775175384,-17.93973475260758,-7.658363861380814,-3.6198168910016855,-0.0002297753881210573,upper,0.1
455,phase2,upper,-15.0,2,-14.99685403375129,-15.94701775175384,-17.93973475260758,-7.658363861380814,-3.6198168910016855,-0.00021780355884482445,upper,0.1
456,phase2,upper,-15.0,2,-14.997012782454389,-15.94701775175384,-17.93973475260758,-7.658363861380814,-3.6198168910016855,-0.00020445743628281143,upper,0.1
457,phase2,upper,-15.0,2,-14.997191547102057,-15.94701775175384,-17.93973475260758,-7.658363861380814,-3.6198168910016855,-0.00019027290419579185,upper,0.1
458,phase2,upper,-15.0,2,-14.997382805234304,-15.94701775175384,-17.93973475260758,-7.658363861380814,-3.6198168910016855,-0.00017568618333177498,upper,0.1
459,phase2,upper,-15.0,2,-14.997580420312644,-15.94701775175384,-17.93973475260758,-7.658363861380814,-3.6198168910016855,-0.00016104729660262684,upper,0.1
460,phase2,upper,-15.0,2,-14.997779455743828,-15.94701775175384,-17.93973475260758,-7.658363861380814,-3.6198168910016855,-0.00014663220817424922,upper,0.1
461,phase2,upper,-15.0,2,-14.997976007049779,-15.94701775175384,-17.93973475260758,-7.658363861380814,-3.6198168910016855,-0.00013265370101718648,upper,0.1
462,phase2,upper,-15.0,2,-14.998167051331112,-15.94701775175384,-17.93973475260758,-7.658363861380814,-3.6198168910016855,-0.00011927106646749762,upper,0.1
463,phase2,upper,-15.0,2,-14.998350313041502,-15.94701775175384,-17.93973475260758,-7.658363861380814,-3.6198168910016855,-0.00010659868508444268,upper,0.1
464,phase2,upper,-15.0,2,-14.998524145005694,-15.94701775175384,-17.93973475260758,-7.658363861380814,-3.6198168910016855,-9.471358116092513e-05,upper,0.1
465,phase2,upper,-15.0,2,-14.998687423566905,-15.94701775175384,-17.93973475260758,-7.658363861380814,-3.6198168910016855,-8.366203416314581e-05,upper,0.1
466,phase2,upper,-15.0,2,-14.998839456732567,-15.94701775175384,-17.93973475260758,-7.658363861380814,-3.6198168910016855,-7.346532959049647e-05,upper,0.1
467,phase2,upper,-15.0,2,-14.99897990419458,-15.94701775175384,-17.93973475260758,-7.658363861380814,-3.6198168910016855,-6.412472963789044e-05,upper,0.1
468,phase2,upper,-15.0,2,-14.999108708126302,-15.94701775175384,-17.93973475260758,-7.658363861380814,-3.6198168910016855,-5.562574093091715e-05,upper,0.1
469,phase2,upper,-15.0,2,-14.999226033698758,-15.94701775175384,-17.93973475260758,-7.658363861380814,-3.6198168910016855,-4.794175276148765e-05,upper,0.1
470,phase2,upper,-15.0,2,-14.999332218309421,-15.94701775175384,-17.93973475260758,-7.658363861380814,-3.6198168910016855,-4.103711490440195e-05,upper,0.1
471,phase2,upper,-15.0,2,-14.999427728574961,-15.94701775175384,-17.93973475260758,-7.658363861380814,-3.6198168910016855,-3.4869719429173205e-05,upper,0.1
472,phase2,upper,-15.0,2,-14.99951312420223,-15.94701775175384,-17.93973475260758,-7.658363861380814,-3.6198168910016855,-2.9393146091121135e-05,upper,0.1
473,phase2,upper,-15.0,2,-14.999589027917116,-15.94701775175384,-17.93973475260758,-7.658363861380814,-3.6198168910016855,-2.455842601131356e-05,upper,0.1
474,phase2,upper,-15.0,2,-14.999656100697136,-15.94701775175384,-17.93973475260758,-7.658363861380814,-3.6198168910016855,-2.031547353723467e-05,upper,0.1
475,phase2,upper,-15.0,2,-14.999715021619242,-15.94701775175384,-17.93973475260758,-7.658363861380814,-3.6198168910016855,-1.6614231486179943e-05,upper,0.1
476,phase2,upper,-15.0,2,-14.99976647169845,-15.94701775175384,-17.93973475260758,-7.658363861380814,-3.6198168910016855,-1.3405570472607819e-05,upper,0.1
477,phase2,upper,-15.0,2,-14.999811121154444,-15.94701775175384,-17.93973475260758,-7.658363861380814,-3.6198168910016855,-1.0641978746995902e-05,upper,0.1
478,phase2,upper,-15.0,2,-14.999849619601932,-15.94701775175384,-17.93973475260758,-7.658363861380814,-3.6198168910016855,-8.278074957262666e-06,upper,0.1
479,phase2,upper,-15.0,2,-14.999882588715714,-15.94701775175384,-17.93973475260758,-7.658363861380814,-3.6198168910016855,-6.27097250222516e-06,upper,0.1
480,phase2,upper,-15.0,2,-14.99991061697283,-15.94701775175384,-17.93973475260758,-7.658363861380814,-3.6198168910016855,-4.58052068688213e-06,upper,0.1
481,phase2,upper,-15.0,2,-14.999934256121836,-15.94701775175384,-17.93973475260758,-7.658363861380814,-3.6198168910016855,-3.1694447168392323e-06,upper,0.1
482,phase2,upper,-15.0,2,-14.999954019072975,-15.94701775175384,-17.93973475260758,-7.658363861380814,-3.6198168910016855,-2.0034036757816658e-06,upper,0.1
483,phase2,upper,-15.0,2,-14.999970378942946,-15.94701775175384,-17.93973475260758,-7.658363861380814,-3.6198168910016855,-1.0509830122265614e-06,upper,0.1
484,phase2,upper,-15.0,2,-14.999983769024137,-15.94701775175384,-17.93973475260758,-7.658363861380814,-3.6198168910016855,-2.8363570429141157e-07,upper,0.1
485,phase2,upper,-15.0,2,-14.99999458348079,-15.94701775175384,-17.93973475260758,-7.658363861380814,-3.6198168910016855,3.2441583575952277e-07,upper,0.1
486,phase2,upper,-15.0,2,-15.000003178603729,-15.94701775175384,-17.93973475260758,-7.658363861380814,-3.6198168910016855,7.963069305295542e-07,upper,0.1
487,phase2,upper,-15.0,2,-15.000009874481288,-15.94701775175384,-17.93973475260758,-7.658363861380814,-3.6198168910016855,1.1526783496182232e-06,upper,0.1
488,phase2,upper,-15.0,2,-15.000014956967014,-15.94701775175384,-17.93973475260758,-7.658363861380814,-3.6198168910016855,1.4118374916012641e-06,upper,0.1
489,phase2,upper,-15.0,2,-15.000018679844965,-15.94701775175384,-17.93973475260758,-7.658363861380814,-3.6198168910016855,1.5899272337437913e-06,upper,0.1
490,phase2,upper,-15.0,2,-15.000021267111107,-15.94701775175384,-17.93973475260758,-7.658363861380814,-3.6198168910016855,1.7010977522067315e-06,upper,0.1
491,phase2,upper,-15.0,2,-15.000022915304656,-15.94701775175384,-17.93973475260758,-7.658363861380814,-3.6198168910016855,1.7576775690683992e-06,upper,0.1
492,phase2,upper,-15.0,2,-15.000023795836494,-15.94701775175384,-17.93973475260758,-7.658363861380814,-3.6198168910016855,1.7703408970106743e-06,upper,0.1
493,phase2,upper,-15.0,2,-15.000024057273178,-15.94701775175384,-17.93973475260758,-7.658363861380814,-3.6198168910016855,1.7482690486374635e-06,upper,0.1
494,phase2,upper,-15.0,2,-15.00002382754474,-15.94701775175384,-17.93973475260758,-7.658363861380814,-3.6198168910016855,1.6993042628502887e-06,upper,0.1
495,phase2,upper,-15.0,2,-15.000023216052673,-15.94701775175384,-17.93973475260758,-7.658363861380814,-3.6198168910016855,1.6300947902097489e-06,upper,0.1
496,phase2,upper,-15.0,2,-15.00002231566135,-15.94701775175384,-17.93973475260758,-7.658363861380814,-3.6198168910016855,1.546230486531893e-06,upper,0.1
497,phase2,upper,-15.0,2,-15.000021204561877,-15.94701775175384,-17.93973475260758,-7.658363861380814,-3.6198168910016855,1.4523684955512436e-06,upper,0.1
498,phase2,upper,-15.0,2,-15.000019948001926,-15.94701775175384,-17.93973475260758,-7.658363861380814,-3.6198168910016855,1.352348871644909e-06,upper,0.1
499,phase2,upper,-15.0,2,-15.000018599879063,-15.94701775175384,-17.93973475260758,-7.658363861380814,-3.6198168910016855,1.2493002058720643e-06,upper,0.1
500,phase2,upper,-15.0,2,-15.000017204197936,-15.94701775175384,-17.93973475260758,-7.658363861380814,-3.6198168910016855,1.1457354880313771e-06,upper,0.1
501,phase2,upper,-15.0,2,-15.000015796394162,-15.94701775175384,-17.93973475260758,-7.658363861380814,-3.6198168910016855,1.0436385621739316e-06,upper,0.1
502,phase2,upper,-15.0,2,-15.000014404529539,-15.94701775175384,-17.93973475260758,-7.658363861380814,-3.6198168910016855,9.445416277584416e-07,upper,0.1
503,phase2,upper,-15.0,2,-15.000013050364512,-15.94701775175384,-17.93973475260758,-7.658363861380814,-3.6198168910016855,8.495943031761781e-07,upper,0.1
504,phase2,upper,-15.0,2,-15.000011750314824,-15.94701775175384,-17.93973475260758,-7.658363861380814,-3.6198168910016855,7.59624810493556e-07,upper,0.1
505,phase2,upper,-15.0,2,-15.000010516299843,-15.94701775175384,-17.93973475260758,-7.658363861380814,-3.6198168910016855,6.751938632388387e-07,upper,0.1
506,phase2,upper,-15.0,2,-15.000009356490446,-15.94701775175384,-17.93973475260758,-7.658363861380814,-3.6198168910016855,5.966418453788396e-07,upper,0.1
507,phase2,upper,-15.0,2,-15.000008275964442,-15.94701775175384,-17.93973475260758,-7.658363861380814,-3.6198168910016855,5.241298666608775e-07,upper,0.1
508,phase2,upper,-15.0,2,-15.000007277277506,-15.94701775175384,-17.93973475260758,-7.658363861380814,-3.6198168910016855,4.576752629530303e-07,upper,0.1
509,phase2,upper,-15.0,2,-15.000006360957396,-15.94701775175384,-17.93973475260758,-7.658363861380814,-3.6198168910016855,3.971820904047487e-07,upper,0.1
510,phase2,upper,-15.0,2,-15.00000552592894,-15.94701775175384,-17.93973475260758,-7.658363861380814,-3.6198168910016855,3.424671343650498e-07,upper,0.1
511,phase2,upper,-15.0,2,-15.000004769876956,-15.94701775175384,-17.93973475260758,-7.658363861380814,-3.6198168910016855,2.932819234627647e-07,upper,0.1
512,phase2,upper,-15.0,2,-15.000004089553846,-15.94701775175384,-17.93973475260758,-7.658363861380814,-3.6198168910016855,2.4933120710868074e-07,upper,0.1
513,phase2,upper,-15.0,2,-15.000003481038126,-15.94701775175384,-17.93973475260758,-7.658363861380814,-3.6198168910016855,2.102883198664652e-07,upper,0.1
514,phase2,upper,-15.0,2,-15.00000293994976,-15.94701775175384,-17.93973475260758,-7.658363861380814,-3.6198168910016855,1.7580782143368896e-07,upper,0.1
515,phase2,upper,-15.0,2,-15.000002461627641,-15.94701775175384,-17.93973475260758,-7.658363861380814,-3.6198168910016855,1.455357681385415e-07,upper,0.1
516,phase2,upper,-15.0,2,-15.000002041274131,-15.94701775175384,-17.93973475260758,-7.658363861380814,-3.6198168910016855,1.1911793709791873e-07,upper,0.1
517,phase2,upper,-15.0,2,-15.000001674071099,-15.94701775175384,-17.93973475260758,-7.658363861380814,-3.6198168910016855,9.62062930414989e-08,upper,0.1
518,phase2,upper,-15.0,2,-15.00000135527145,-15.94701775175384,-17.93973475260758,-7.658363861380814,-3.6198168910016855,7.646395790567508e-08,upper,0.1
519,phase2,upper,-15.0,2,-15.000001080269783,-15.94701775175384,-17.93973475260758,-7.658363861380814,-3.6198168910016855,5.956891327281678e-08,upper,0.1
520,phase2,upper,-15.0,2,-15.000000844655318,-15.94701775175384,-17.93973475260758,-7.658363861380814,-3.6198168910016855,4.5216641054719065e-08,upper,0.1
521,phase2,upper,-15.0,2,-15.000000644249983,-15.94701775175384,-17.93973475260758,-7.658363861380814,-3.6198168910016855,3.3121881381701205e-08,upper,0.1
522,phase2,upper,-15.0,2,-15.00000047513412,-15.94701775175384,-17.93973475260758,-7.658363861380814,-3.6198168910016855,2.3019666041287406e-08,upper,0.1
523,phase2,upper,-15.0,2,-15.000000333662008,-15.94701775175384,-17.93973475260758,-7.658363861380814,-3.6198168910016855,1.4665762896728447e-08,upper,0.1
524,phase2,upper,-15.0,2,-15.000000216469113,-15.94701775175384,-17.93973475260758,-7.658363861380814,-3.6198168910016855,7.836650289413834e-09,upper,0.1
525,phase2,upper,-15.0,2,-15.000000120472686,-15.94701775175384,-17.93973475260758,-7.658363861380814,-3.6198168910016855,2.3291222817936338e-09,upper,0.1
526,phase2,upper,-15.0,2,-15.000000042867148,-15.94701775175384,-17.93973475260758,-7.658363861380814,-3.6198168910016855,-2.040389020898826e-09,upper,0.1
527,phase2,upper,-15.0,2,-14.999999981115442,-15.94701775175384,-17.93973475260758,-7.658363861380814,-3.6198168910016855,-5.436701085939812e-09,upper,0.1
528,phase2,upper,-15.0,2,-14.99999993293739,-15.94701775175384,-17.93973475260758,-7.658363861380814,-3.6198168910016855,-8.006917741839376e-09,upper,0.1
529,phase2,upper,-15.0,2,-14.999999896295886,-15.94701775175384,-17.93973475260758,-7.658363861380814,-3.6198168910016855,-9.881563799592305e-09,upper,0.1
530,phase2,upper,-15.0,2,-14.999999869381659,-15.94701775175384,-17.93973475260758,-7.658363861380814,-3.6198168910016855,-1.1175776769874807e-08,upper,0.1
531,phase2,upper,-15.0,2,-14.999999850597185,-15.94701775175384,-17.93973475260758,-7.658363861380814,-3.6198168910016855,-1.1990521587896415e-08,upper,0.1
532,phase2,upper,-15.0,2,-14.9999998385402,-15.94701775175384,-17.93973475260758,-7.658363861380814,-3.6198168910016855,-1.2413800976509975e-08,upper,0.1
533,phase2,upper,-15.0,2,-14.999999831987234,-15.94701775175384,-17.93973475260758,-7.658363861380814,-3.6198168910016855,-1.2521841399217924e-08,upper,0.1
534,phase2,upper,-15.0,2,-14.99999982987742,-15.94701775175384,-17.93973475260758,-7.658363861380814,-3.6198168910016855,-1.2380237625100331e-08,upper,0.1
535,phase2,upper,-15.0,2,-14.99999983129685,-15.94701775175384,-17.93973475260758,-7.658363861380814,-3.6198168910016855,-1.204504440233754e-08,upper,0.1
536,phase2,upper,-15.0,2,-14.999999835463607,-15.94701775175384,-17.93973475260758,-7.658363861380814,-3.6198168910016855,-1.1563806744650835e-08,upper,0.1
537,phase2,upper,-15.0,2,-14.99999984171363,-15.94701775175384,-17.93973475260758,-7.658363861380814,-3.6198168910016855,-1.097652340745437e-08,upper,0.1
538,phase2,upper,-15.0,2,-14.99999984948747,-15.94701775175384,-17.93973475260758,-7.658363861380814,-3.6198168910016855,-1.0316540427388868e-08,upper,0.1
539,phase2,upper,-15.0,2,-14.999999858317992,-15.94701775175384,-17.93973475260758,-7.658363861380814,-3.6198168910016855,-9.611373425150209e-09,upper,0.1
540,phase2,upper,-15.0,2,-14.999999867819048,-15.94701775175384,-17.93973475260758,-7.658363861380814,-3.6198168910016855,-8.883459436115867e-09,upper,0.1
541,phase2,upper,-15.0,2,-14.999999877675103,-15.94701775175384,-17.93973475260758,-7.658363861380814,-3.6198168910016855,-8.150838981771634e-09,upper,0.1
542,phase2,upper,-15.0,2,-14.999999887631812,-15.94701775175384,-17.93973475260758,-7.658363861380814,-3.6198168910016855,-7.427772104611471e-09,upper,0.1
543,phase2,upper,-15.0,2,-14.999999897487514,-15.94701775175384,-17.93973475260758,-7.658363861380814,-3.6198168910016855,-6.7252904384219345e-09,upper,0.1
544,phase2,upper,-15.0,2,-14.999999907085583,-15.94701775175384,-17.93973475260758,-7.658363861380814,-3.6198168910016855,-6.0516893960678915e-09,upper,0.1
545,phase2,upper,-15.0,2,-14.999999916307612,-15.94701775175384,-17.93973475260758,-7.658363861380814,-3.6198168910016855,-5.412964460095479e-09,upper,0.1
546,phase2,upper,-15.0,2,-14.999999925067375,-15.94701775175384,-17.93973475260758,-7.658363861380814,-3.6198168910016855,-4.813195679237062e-09,upper,0.1
547,phase2,upper,-15.0,2,-14.999999933305478,-15.94701775175384,-17.93973475260758,-7.658363861380814,-3.6198168910016855,-4.254884075974169e-09,upper,0.1
548,phase2,upper,-15.0,2,-14.999999940984695,-15.94701775175384,-17.93973475260758,-7.658363861380814,-3.6198168910016855,-3.739244983456201e-09,upper,0.1
549,phase2,upper,-15.0,2,-14.99999994808588,-15.94701775175384,-17.93973475260758,-7.658363861380814,-3.6198168910016855,-3.2664613169705635e-09,upper,0.1
550,phase2,upper,-15.0,2,-14.99999995460445,-15.94701775175384,-17.93973475260758,-7.658363861380814,-3.6198168910016855,-2.8359017483803533e-09,upper,0.1
551,phase2,upper,-15.0,2,-14.999999960547338,-15.94701775175384,-17.93973475260758,-7.658363861380814,-3.6198168910016855,-2.446306484507032e-09,upper,0.1
552,phase2,upper,-15.0,2,-14.999999965930407,-15.94701775175384,-17.93973475260758,-7.658363861380814,-3.6198168910016855,-2.095944677440309e-09,upper,0.1
553,phase2,upper,-15.0,2,-14.999999970776246,-15.94701775175384,-17.93973475260758,-7.658363861380814,-3.6198168910016855,-1.7827467487733409e-09,upper,0.1
554,phase2,upper,-15.0,2,-14.999999975112319,-15.94701775175384,-17.93973475260758,-7.658363861380814,-3.6198168910016855,-1.5044143390599172e-09,upper,0.1
555,phase2,upper,-15.0,2,-14.99999997896943,-15.94701775175384,-17.93973475260758,-7.658363861380814,-3.6198168910016855,-1.258511001596691e-09,upper,0.1
556,phase2,lower,-20.0,4,-14.99999997896943,-16.396289452971875,-18.282901023300816,-7.649324502150918,-3.567665170166892,-0.01293991303190771,upper,0.1
557,phase2,upper,-15.0,2,-15.0116459029765,-16.396289452971875,-18.282901023300816,-7.649324502150918,-3.567665170166892,-0.006340557811500088,upper,0.1
558,phase2,upper,-15.0,2,-15.017003029449493,-16.396289452971875,-18.282901023300816,-7.649324502150918,-3.567665170166892,-0.0027889400385022333,upper,0.1
559,phase2,upper,-15.0,2,-15.018936487807535,-16.396289452971875,-18.282901023300816,-7.649324502150918,-3.567665170166892,-0.0009083826262762534,upper,0.1
560,phase2,upper,-15.0,2,-15.019031862487092,-16.396289452971875,-18.282901023300816,-7.649324502150918,-3.567665170166892,5.7991875782459487e-05,upper,0.1
561,phase2,upper,-15.0,2,-15.01816854426116,-16.396289452971875,-18.282901023300816,-7.649324502150918,-3.567665170166892,0.0005263705953506125,upper,0.1
562,phase2,upper,-15.0,2,-15.01683525706142,-16.396289452971875,-18.282901023300816,-7.649324502150918,-3.567665170166892,0.0007256180898032208,upper,0.1
563,phase2,upper,-15.0,2,-15.015303876463992,-16.396289452971875,-18.282901023300816,-7.649324502150918,-3.567665170166892,0.0007815613873517798,upper,0.1
564,phase2,upper,-15.0,2,-15.013725336123354,-16.396289452971875,-18.282901023300816,-7.649324502150918,-3.567665170166892,0.0007633192154402194,upper,0.1
565,phase2,upper,-15.0,2,-15.012182675501174,-16.396289452971875,-18.282901023300816,-7.649324502150918,-3.567665170166892,0.0007087758997208808,upper,0.1
566,phase2,upper,-15.0,2,-15.010720491606518,-16.396289452971875,-18.282901023300816,-7.649324502150918,-3.567665170166892,0.0006385947532568803,upper,0.1
567,phase2,upper,-15.0,2,-15.00936138234415,-16.396289452971875,-18.282901023300816,-7.649324502150918,-3.567665170166892,0.0005639325186920877,upper,0.1
568,phase2,upper,-15.0,2,-15.008115202934471,-16.396289452971875,-18.282901023300816,-7.649324502150918,-3.567665170166892,0.0004906907916265033,upper,0.1
569,phase2,upper,-15.0,2,-15.006984338178428,-16.396289452971875,-18.282901023300816,-7.649324502150918,-3.567665170166892,0.0004218627020089741,upper,0.1
570,phase2,upper,-15.0,2,-15.00596675437161,-16.396289452971875,-18.282901023300816,-7.649324502150918,-3.567665170166892,0.0003588312055862701,upper,0.1
571,phase2,upper,-15.0,2,-15.005057803798618,-16.396289452971875,-18.282901023300816,-7.649324502150918,-3.567665170166892,0.0003020896979688103,upper,0.1
572,phase2,upper,-15.0,2,-15.004251319911733,-16.396289452971875,-18.282901023300816,-7.649324502150918,-3.567665170166892,0.0002516437816792294,upper,0.1
573,phase2,upper,-15.0,2,-15.003540302079825,-16.396289452971875,-18.282901023300816,-7.649324502150918,-3.567665170166892,0.00020723659181923383,upper,0.1
574,phase2,upper,-15.0,2,-15.002917357049892,-16.396289452971875,-18.282901023300816,-7.649324502150918,-3.567665170166892,0.00016847610362964586,upper,0.1
575,phase2,upper,-15.0,2,-15.002374991579343,-16.396289452971875,-18.282901023300816,-7.649324502150918,-3.567665170166892,0.00013490767431991824,upper,0.1
576,phase2,upper,-15.0,2,-15.001905810476542,-16.396289452971875,-18.282901023300816,-7.649324502150918,-3.567665170166892,0.00010605573016487568,upper,0.1
577,phase2,upper,-15.0,2,-15.001502651920786,-16.396289452971875,-18.282901023300816,-7.649324502150918,-3.567665170166892,8.144786620244593e-05,upper,0.1
578,phase2,upper,-15.0,2,-15.001158679395505,-16.396289452971875,-18.282901023300816,-7.649324502150918,-3.567665170166892,6.062876194990579e-05,upper,0.1
579,phase2,upper,-15.0,2,-15.000867442451337,-16.396289452971875,-18.282901023300816,-7.649324502150918,-3.567665170166892,4.316807996341194e-05,upper,0.1
580,phase2,upper,-15.0,2,-15.000622914396681,-16.396289452971875,-18.282901023300816,-7.649324502150918,-3.567665170166892,2.8664722280085007e-05,upper,0.1
581,phase2,upper,-15.0,2,-15.00041951256099,-16.396289452971875,-18.282901023300816,-7.649324502150918,-3.567665170166892,1.674882311015982e-05,upper,0.1
582,phase2,upper,-15.0,2,-15.0002521052584,-16.396289452971875,-18.282901023300816,-7.649324502150918,-3.567665170166892,7.08229759267431e-06,upper,0.1
583,phase2,upper,-15.0,2,-15.000116008592983,-16.396289452971875,-18.282901023300816,-7.649324502150918,-3.567665170166892,-6.415502102500242e-07,upper,0.1
584,phase2,upper,-15.0,2,-15.00000697556942,-16.396289452971875,-18.282901023300816,-7.649324502150918,-3.567665170166892,-6.699039501223979e-06,upper,0.1
585,phase2,upper,-15.0,2,-14.999921179480879,-16.396289452971875,-18.282901023300816,-7.649324502150918,-3.567665170166892,-1.133753244140218e-05,upper,0.1
586,phase2,upper,-15.0,2,-14.99985519316999,-16.396289452971875,-18.282901023300816,-7.649324502150918,-3.567665170166892,-1.4777114577686464e-05,upper,0.1
587,phase2,upper,-15.0,2,-14.999805965460425,-16.396289452971875,-18.282901023300816,-7.649324502150918,-3.567665170166892,-1.7212431185102333e-05,upper,0.1
588,phase2,lower,-20.0,4,-14.999805965460425,-16.834966101192833,-18.587992727416353,-7.624466552242838,-3.5115094394898594,-0.007333989825837529,upper,0.1
589,phase2,lower,-20.0,4,-14.999805965460425,-17.266869354658436,-18.861092242397316,-7.5882721269866735,-3.454379553709937,-0.003893317613464571,upper,0.1
590,phase2,upper,-15.0,2,-15.003259290476558,-17.266869354658436,-18.861092242397316,-7.5882721269866735,-3.454379553709937,-0.0019181061420235532,upper,0.1
591,phase2,upper,-15.0,2,-15.004840510262852,-17.266869354658436,-18.861092242397316,-7.5882721269866735,-3.454379553709937,-0.0008551501120322572,upper,0.1
592,phase2,upper,-15.0,2,-15.005405785954837,-17.266869354658436,-18.861092242397316,-7.5882721269866735,-3.454379553709937,-0.00029220059380613436,upper,0.1
593,phase2,upper,-15.0,2,-15.005428267102497,-17.266869354658436,-18.861092242397316,-7.5882721269866735,-3.454379553709937,-2.6496571289077336e-06,upper,0.1
594,phase2,upper,-15.0,2,-15.005169811525477,-17.266869354658436,-18.861092242397316,-7.5882721269866735,-3.454379553709937,0.00013807405692236506,upper,0.1
595,phase2,upper,-15.0,2,-15.00477547576048,-17.266869354658436,-18.861092242397316,-7.5882721269866735,-3.454379553709937,0.00019844441341738085,upper,0.1
596,phase2,upper,-15.0,2,-15.004325558515603,-17.266869354658436,-18.861092242397316,-7.5882721269866735,-3.454379553709937,0.0002160834808367755,upper,0.1
597,phase2,upper,-15.0,2,-15.0038643072398,-17.266869354658436,-18.861092242397316,-7.5882721269866735,-3.454379553709937,0.00021163780820364068,upper,0.1
598,phase2,upper,-15.0,2,-15.003415788010942,-17.266869354658436,-18.861092242397316,-7.5882721269866735,-3.454379553709937,0.00019640767508099315,upper,0.1
599,phase2,upper,-15.0,2,-15.002992688870172,-17.266869354658436,-18.861092242397316,-7.5882721269866735,-3.454379553709937,0.00017654350013026897,upper,0.1
600,phase2,upper,-15.0,2,-15.002601228090318,-17.266869354658436,-18.861092242397316,-7.5882721269866735,-3.454379553709937,0.00015535553449276475,upper,0.1
601,phase2,upper,-15.0,2,-15.002243911157285,-17.266869354658436,-18.861092242397316,-7.5882721269866735,-3.454379553709937,0.0001345863289319596,upper,0.1
602,phase2,upper,-15.0,2,-15.001921095800478,-17.266869354658436,-18.861092242397316,-7.5882721269866735,-3.454379553709937,0.00011511274642615915,upper,0.1
603,phase2,upper,-15.0,2,-15.001631893352549,-17.266869354658436,-18.861092242397316,-7.5882721269866735,-3.454379553709937,9.733403190999689e-05,upper,0.1
604,phase2,upper,-15.0,2,-15.001374697802706,-17.266869354658436,-18.861092242397316,-7.5882721269866735,-3.454379553709937,8.138693331121021e-05,upper,0.1
605,phase2,upper,-15.0,2,-15.001147503648292,-17.266869354658436,-18.861092242397316,-7.5882721269866735,-3.454379553709937,6.726539910463656e-05,upper,0.1
606,phase2,upper,-15.0,2,-15.000948101987033,-17.266869354658436,-18.861092242397316,-7.5882721269866735,-3.454379553709937,5.488750282427607e-05,upper,0.1
607,phase2,upper,-15.0,2,-15.000774204826476,-17.266869354658436,-18.861092242397316,-7.5882721269866735,-3.454379553709937,4.4133079273603726e-05,upper,0.1
608,phase2,upper,-15.0,2,-15.000623525814408,-17.266869354658436,-18.861092242397316,-7.5882721269866735,-3.454379553709937,3.486502197337504e-05,upper,0.1
609,phase2,upper,-15.0,2,-15.00049383354743,-17.266869354658436,-18.861092242397316,-7.5882721269866735,-3.454379553709937,2.6941397951085847e-05,upper,0.1
610,phase2,upper,-15.0,2,-15.000382986917788,-17.266869354658436,-18.861092242397316,-7.5882721269866735,-3.454379553709937,2.0222347985204102e-05,upper,0.1
611,phase2,upper,-15.0,2,-15.000288958206653,-17.266869354658436,-18.861092242397316,-7.5882721269866735,-3.454379553709937,1.4573984230998793e-05,upper,0.1
612,phase2,upper,-15.0,2,-15.000209847504559,-17.266869354658436,-18.861092242397316,-7.5882721269866735,-3.454379553709937,9.870528007038921e-06,upper,0.1
613,phase2,upper,-15.0,2,-15.00014389081069,-17.266869354658436,-18.861092242397316,-7.5882721269866735,-3.454379553709937,5.995394180746406e-06,upper,0.1
614,phase2,upper,-15.0,2,-15.000089463433307,-17.266869354658436,-18.861092242397316,-7.5882721269866735,-3.454379553709937,2.8416304333258356e-06,upper,0.1
615,phase2,upper,-15.0,2,-15.000045079864245,-17.266869354658436,-18.861092242397316,-7.5882721269866735,-3.454379553709937,3.119527610200143e-07,upper,0.1
616,phase2,upper,-15.0,2,-15.000009391010366,-17.266869354658436,-18.861092242397316,-7.5882721269866735,-3.454379553709937,-1.681475895247122e-06,upper,0.1
617,phase2,upper,-15.0,2,-14.999981179467035,-17.266869354658436,-18.861092242397316,-7.5882721269866735,-3.454379553709937,-3.2174313249202585e-06,upper,0.1
618,phase2,upper,-15.0,2,-14.99995935337643,-17.266869354658436,-18.861092242397316,-7.5882721269866735,-3.454379553709937,-4.366117429757679e-06,upper,0.1
619,phase2,upper,-15.0,2,-14.999942939305736,-17.266869354658436,-18.861092242397316,-7.5882721269866735,-3.454379553709937,-5.189718121865445e-06,upper,0.1
620,phase2,upper,-15.0,2,-14.999931074495445,-17.266869354658436,-18.861092242397316,-7.5882721269866735,-3.454379553709937,-5.742982801729837e-06,upper,0.1
621,phase2,upper,-15.0,2,-14.999922998759212,-17.266869354658436,-18.861092242397316,-7.5882721269866735,-3.454379553709937,-6.073824577546944e-06,upper,0.1
622,phase2,upper,-15.0,2,-14.999918046259877,-17.266869354658436,-18.861092242397316,-7.5882721269866735,-3.454379553709937,-6.223915997619301e-06,upper,0.1
623,phase2,upper,-15.0,2,-14.999915637338836,-17.266869354658436,-18.861092242397316,-7.5882721269866735,-3.454379553709937,-6.229271132057321e-06,upper,0.1
624,phase2,upper,-15.0,2,-14.999915270536144,-17.266869354658436,-18.861092242397316,-7.5882721269866735,-3.454379553709937,-6.120805893435297e-06,upper,0.1
625,phase2,upper,-15.0,2,-14.99991651490541,-17.266869354658436,-18.861092242397316,-7.5882721269866735,-3.454379553709937,-5.92487084678791e-06,upper,0.1
626,phase2,upper,-15.0,2,-14.99991900269961,-17.266869354658436,-18.861092242397316,-7.5882721269866735,-3.454379553709937,-5.663752613309658e-06,upper,0.1
627,phase2,upper,-15.0,2,-14.999922422480827,-17.266869354658436,-18.861092242397316,-7.5882721269866735,-3.454379553709937,-5.356141444452917e-06,upper,0.1
628,phase2,upper,-15.0,2,-14.999926512687805,-17.266869354658436,-18.861092242397316,-7.5882721269866735,-3.454379553709937,-5.017563711877914e-06,upper,0.1
629,phase2,upper,-15.0,2,-14.999931055679614,-17.266869354658436,-18.861092242397316,-7.5882721269866735,-3.454379553709937,-4.660778982614153e-06,upper,0.1
630,phase2,upper,-15.0,2,-14.999935872261155,-17.266869354658436,-18.861092242397316,-7.5882721269866735,-3.454379553709937,-4.296142072013142e-06,upper,0.1
631,phase2,upper,-15.0,2,-14.999940816686328,-17.266869354658436,-18.861092242397316,-7.5882721269866735,-3.454379553709937,-3.931931022870496e-06,upper,0.1
632,phase2,upper,-15.0,2,-14.999945772126877,-17.266869354658436,-18.861092242397316,-7.5882721269866735,-3.454379553709937,-3.5746423749670895e-06,upper,0.1
633,phase2,upper,-15.0,2,-14.999950646589086,-17.266869354658436,-18.861092242397316,-7.5882721269866735,-3.454379553709937,-3.229255391028349e-06,upper,0.1
634,phase2,upper,-15.0,2,-14.999955369256252,-17.266869354658436,-18.861092242397316,-7.5882721269866735,-3.454379553709937,-2.8994671107810455e-06,upper,0.1
635,phase2,upper,-15.0,2,-14.999959887231823,-17.266869354658436,-18.861092242397316,-7.5882721269866735,-3.454379553709937,-2.5879002312324313e-06,upper,0.1
636,phase2,upper,-15.0,2,-14.999964162656283,-17.266869354658436,-18.861092242397316,-7.5882721269866735,-3.454379553709937,-2.2962858758607698e-06,upper,0.1
637,phase2,upper,-15.0,2,-14.999968170169835,-17.266869354658436,-18.861092242397316,-7.5882721269866735,-3.454379553709937,-2.025623327034758e-06,upper,0.1
638,phase2,upper,-15.0,2,-14.999971894692678,-17.266869354658436,-18.861092242397316,-7.5882721269866735,-3.454379553709937,-1.7763187689115097e-06,upper,0.1
639,phase2,upper,-15.0,2,-14.999975329494989,-17.266869354658436,-18.861092242397316,-7.5882721269866735,-3.454379553709937,-1.5483050286337753e-06,upper,0.1
640,phase2,upper,-15.0,2,-14.999978474529433,-17.266869354658436,-18.861092242397316,-7.5882721269866735,-3.454379553709937,-1.3411442216651711e-06,upper,0.1
641,phase2,upper,-15.0,2,-14.999981335000099,-17.266869354658436,-18.861092242397316,-7.5882721269866735,-3.454379553709937,-1.1541151075705228e-06,upper,0.1
642,phase2,upper,-15.0,2,-14.999983920143103,-17.266869354658436,-18.861092242397316,-7.5882721269866735,-3.454379553709937,-9.862868529572435e-07,upper,0.1
643,phase2,upper,-15.0,2,-14.999986242195554,-17.266869354658436,-18.861092242397316,-7.5882721269866735,-3.454379553709937,-8.365807794274413e-07,upper,0.1
644,phase2,upper,-15.0,2,-14.999988315531152,-17.266869354658436,-18.861092242397316,-7.5882721269866735,-3.454379553709937,-7.038215547044811e-07,upper,0.1
645,phase2,upper,-15.0,2,-14.999990155942378,-17.266869354658436,-18.861092242397316,-7.5882721269866735,-3.454379553709937,-5.867791627478942e-07,upper,0.1
646,phase2,upper,-15.0,2,-14.999991780050832,-17.266869354658436,-18.861092242397316,-7.5882721269866735,-3.454379553709937,-4.842028696543581e-07,upper,0.1
647,phase2,upper,-15.0,2,-14.999993204828916,-17.266869354658436,-18.861092242397316,-7.5882721269866735,-3.454379553709937,-3.948482861506786e-07,upper,0.1
648,phase2,upper,-15.0,2,-14.999994447217667,-17.266869354658436,-18.861092242397316,-7.5882721269866735,-3.454379553709937,-3.174985163934611e-07,upper,0.1
649,phase2,upper,-15.0,2,-14.999995523827057,-17.266869354658436,-18.861092242397316,-7.5882721269866735,-3.454379553709937,-2.509802778678373e-07,upper,0.1
650,phase2,upper,-15.0,2,-14.999996450706488,-17.266869354658436,-18.861092242397316,-7.5882721269866735,-3.454379553709937,-1.9417577807049076e-07,upper,0.1
651,phase2,upper,-15.0,2,-14.99999724317462,-17.266869354658436,-18.861092242397316,-7.5882721269866735,-3.454379553709937,-1.460310427602735e-07,upper,0.1
652,phase2,upper,-15.0,2,-14.999997915698861,-17.266869354658436,-18.861092242397316,-7.5882721269866735,-3.454379553709937,-1.0556130512512349e-07,upper,0.1
653,phase2,upper,-15.0,2,-14.999998481816094,-17.266869354658436,-18.861092242397316,-7.5882721269866735,-3.454379553709937,-7.185398845896132e-08,upper,0.1
654,phase2,upper,-15.0,2,-14.999998954087213,-17.266869354658436,-18.861092242397316,-7.5882721269866735,-3.454379553709937,-4.4069744004269755e-08,upper,0.1
655,phase2,upper,-15.0,2,-14.999999344079054,-17.266869354658436,-18.861092242397316,-7.5882721269866735,-3.454379553709937,-2.144194171709563e-08,upper,0.1
656,phase2,upper,-15.0,2,-14.99999966236819,-17.266869354658436,-18.861092242397316,-7.5882721269866735,-3.454379553709937,-3.2749549597385554e-09,upper,0.1
657,phase2,upper,-15.0,2,-14.999999918561803,-17.266869354658436,-18.861092242397316,-7.5882721269866735,-3.454379553709937,1.1058471643997979e-08,upper,0.1
658,phase2,upper,-15.0,2,-15.000000121331643,-17.266869354658436,-18.861092242397316,-7.5882721269866735,-3.454379553709937,2.2120526963897174e-08,upper,0.1
659,phase2,upper,-15.0,2,-15.000000278457607,-17.266869354658436,-18.861092242397316,-7.5882721269866735,-3.454379553709937,3.041210694876389e-08,upper,0.1
660,phase2,upper,-15.0,2,-15.000000396878129,-17.266869354658436,-18.861092242397316,-7.5882721269866735,-3.454379553709937,3.637688827446579e-08,upper,0.1
661,phase2,upper,-15.0,2,-15.000000482744982,-17.266869354658436,-18.861092242397316,-7.5882721269866735,-3.454379553709937,4.0405563946713427e-08,upper,0.1
662,phase2,upper,-15.0,2,-15.000000541480576,-17.266869354658436,-18.861092242397316,-7.5882721269866735,-3.454379553709937,4.284012990834264e-08,upper,0.1
663,phase2,upper,-15.0,2,-15.000000577836158,-17.266869354658436,-18.861092242397316,-7.5882721269866735,-3.454379553709937,4.397813373445483e-08,upper,0.1
664,phase2,upper,-15.0,2,-15.000000595949688,-17.266869354658436,-18.861092242397316,-7.5882721269866735,-3.454379553709937,4.407681690620911e-08,upper,0.1
665,phase2,upper,-15.0,2,-15.000000599402416,-17.266869354658436,-18.861092242397316,-7.5882721269866735,-3.454379553709937,4.335709863918417e-08,upper,0.1
666,phase2,upper,-15.0,2,-15.000000591273386,-17.266869354658436,-18.861092242397316,-7.5882721269866735,-3.454379553709937,4.2007363067341184e-08,upper,0.1
667,phase2,upper,-15.0,2,-15.000000574191356,-17.266869354658436,-18.861092242397316,-7.5882721269866735,-3.454379553709937,4.018702329530799e-08,upper,0.1
668,phase2,upper,-15.0,2,-15.000000550383742,-17.266869354658436,-18.861092242397316,-7.5882721269866735,-3.454379553709937,3.802984574842416e-08,upper,0.1
669,phase2,upper,-15.0,2,-15.000000521722322,-17.266869354658436,-18.861092242397316,-7.5882721269866735,-3.454379553709937,3.564702640520881e-08,upper,0.1
670,phase2,upper,-15.0,2,-15.000000489765586,-17.266869354658436,-18.861092242397316,-7.5882721269866735,-3.454379553709937,3.313001554812815e-08,upper,0.1
671,phase2,upper,-15.0,2,-15.00000045579768,-17.266869354658436,-18.861092242397316,-7.5882721269866735,-3.454379553709937,3.055309491048842e-08,upper,0.1
672,phase2,upper,-15.0,2,-15.000000420863962,-17.266869354658436,-18.861092242397316,-7.5882721269866735,-3.454379553709937,2.797571292720993e-08,upper,0.1
673,phase2,upper,-15.0,2,-15.00000038580326,-17.266869354658436,-18.861092242397316,-7.5882721269866735,-3.454379553709937,2.5444587803415794e-08,upper,0.1
674,phase2,upper,-15.0,2,-15.000000351276958,-17.266869354658436,-18.861092242397316,-7.5882721269866735,-3.454379553709937,2.29955902962884e-08,upper,0.1
675,phase2,upper,-15.0,2,-15.000000317795052,-17.266869354658436,-18.861092242397316,-7.5882721269866735,-3.454379553709937,2.0655419366437494e-08,upper,0.1
676,phase2,upper,-15.0,2,-15.000000285739368,-17.266869354658436,-18.861092242397316,-7.5882721269866735,-3.454379553709937,1.8443084536760228e-08,upper,0.1
677,phase2,upper,-15.0,2,-15.000000255384117,-17.266869354658436,-18.861092242397316,-7.5882721269866735,-3.454379553709937,1.637120967971857e-08,upper,0.1
678,phase2,upper,-15.0,2,-15.000000226913992,-17.266869354658436,-18.861092242397316,-7.5882721269866735,-3.454379553709937,1.4447173048206654e-08,upper,0.1
679,phase2,upper,-15.0,2,-15.000000200440017,-17.266869354658436,-18.861092242397316,-7.5882721269866735,-3.454379553709937,1.2674097777202336e-08,upper,0.1
680,phase2,upper,-15.0,2,-15.000000176013316,-17.266869354658436,-18.861092242397316,-7.5882721269866735,-3.454379553709937,1.1051707210955314e-08,upper,0.1
681,phase2,upper,-15.0,2,-15.000000153637028,-17.266869354658436,-18.861092242397316,-7.5882721269866735,-3.454379553709937,9.57705847376698e-09,upper,0.1
682,phase2,upper,-15.0,2,-15.000000133276535,-17.266869354658436,-18.861092242397316,-7.5882721269866735,-3.454379553709937,8.245166843755223e-09,upper,0.1
683,phase2,upper,-15.0,2,-15.00000011486817,-17.266869354658436,-18.861092242397316,-7.5882721269866735,-3.454379553709937,7.049533614482763e-09,upper,0.1
684,phase2,upper,-15.0,2,-15.000000098326606,-17.266869354658436,-18.861092242397316,-7.5882721269866735,-3.454379553709937,5.982588003232032e-09,upper,0.1
685,phase2,upper,-15.0,2,-15.000000083551026,-17.266869354658436,-18.861092242397316,-7.5882721269866735,-3.454379553709937,5.036053750021101e-09,upper,0.1
686,phase2,upper,-15.0,2,-15.000000070430277,-17.266869354658436,-18.861092242397316,-7.5882721269866735,-3.454379553709937,4.201250115373485e-09,upper,0.1
687,phase2,upper,-15.0,2,-15.00000005884709,-17.266869354658436,-18.861092242397316,-7.5882721269866735,-3.454379553709937,3.4693353910824683e-09,upper,0.1
688,phase2,upper,-15.0,2,-15.000000048681516,-17.266869354658436,-18.861092242397316,-7.5882721269866735,-3.454379553709937,2.8315014376514545e-09,upper,0.1
689,phase2,upper,-15.0,2,-15.000000039813662,-17.266869354658436,-18.861092242397316,-7.5882721269866735,-3.454379553709937,2.279125890138455e-09,upper,0.1
690,phase2,upper,-15.0,2,-15.000000032125856,-17.266869354658436,-18.861092242397316,-7.5882721269866735,-3.454379553709937,1.8038880952716372e-09,upper,0.1
691,phase2,upper,-15.0,2,-15.000000025504292,-17.266869354658436,-18.861092242397316,-7.5882721269866735,-3.454379553709937,1.3978551132842465e-09,upper,0.1
692,phase2,upper,-15.0,2,-15.000000019840272,-17.266869354658436,-18.861092242397316,-7.5882721269866735,-3.454379553709937,1.0535420948930315e-09,upper,0.1
693,phase2,upper,-15.0,2,-15.00000001503106,-17.266869354658436,-18.861092242397316,-7.5882721269866735,-3.454379553709937,7.639516901591703e-10,upper,0.1
694,phase2,upper,-15.0,2,-15.00000001098048,-17.266869354658436,-18.861092242397316,-7.5882721269866735,-3.454379553709937,5.225960686624842e-10,upper,0.1
695,phase2,upper,-15.0,2,-15.00000000759924,-17.266869354658436,-18.861092242397316,-7.5882721269866735,-3.454379553709937,3.235051088003901e-10,upper,0.1
696,phase2,upper,-15.0,2,-15.000000004805074,-17.266869354658436,-18.861092242397316,-7.5882721269866735,-3.454379553709937,1.6122358400505127e-10,upper,0.1
697,phase2,upper,-15.0,2,-15.000000002522723,-17.266869354658436,-18.861092242397316,-7.5882721269866735,-3.454379553709937,3.079935499878007e-11,upper,0.1
698,phase2,upper,-15.0,2,-15.0000000006838,-17.266869354658436,-18.861092242397316,-7.5882721269866735,-3.454379553709937,-7.22348886903654e-11,upper,0.1
699,phase2,upper,-15.0,2,-14.999999999226551,-17.266869354658436,-18.861092242397316,-7.5882721269866735,-3.454379553709937,-1.5188454820883582e-10,upper,0.1
700,phase2,upper,-15.0,2,-14.99999999809555,-17.266869354658436,-18.861092242397316,-7.5882721269866735,-3.454379553709937,-2.11719690981473e-10,upper,0.1
701,phase2,upper,-15.0,2,-14.999999997241346,-17.266869354658436,-18.861092242397316,-7.5882721269866735,-3.454379553709937,-2.549038601288229e-10,upper,0.1
702,phase2,upper,-15.0,2,-14.999999996620076,-17.266869354658436,-18.861092242397316,-7.5882721269866735,-3.454379553709937,-2.8422391450418235e-10,upper,0.1
703,phase2,upper,-15.0,2,-14.999999996193067,-17.266869354658436,-18.861092242397316,-7.5882721269866735,-3.454379553709937,-3.021203390953578e-10,upper,0.1
704,phase2,upper,-15.0,2,-14.999999995926418,-17.266869354658436,-18.861092242397316,-7.5882721269866735,-3.454379553709937,-3.107172236881931e-10,upper,0.1
705,phase2,upper,-15.0,2,-14.999999995790587,-17.266869354658436,-18.861092242397316,-7.5882721269866735,-3.454379553709937,-3.118517618986679e-10,upper,0.1
706,phase2,lower,-20.0,4,-14.999999995790587,-17.676291643712993,-19.094354249021666,-7.535397539258704,-3.392186767580264,0.002774032756937335,upper,0.1
707,phase2,upper,-15.0,2,-14.997503365998092,-17.676291643712993,-19.094354249021666,-7.535397539258704,-3.392186767580264,0.0013592758966042026,upper,0.1
708,phase2,upper,-15.0,2,-14.996354916360275,-17.676291643712993,-19.094354249021666,-7.535397539258704,-3.392186767580264,0.0005978870495001658,upper,0.1
709,phase2,lower,-20.0,4,-14.996354916360275,-18.06755980589931,-19.29386959954752,-7.470272345978764,-3.328038518708453,0.007266381338129471,upper,0.1
710,phase2,upper,-15.0,2,-14.989938781144554,-18.06755980589931,-19.29386959954752,-7.470272345978764,-3.328038518708453,0.003462299065465171,upper,0.1
711,phase2,upper,-15.0,2,-14.987157578924728,-18.06755980589931,-19.29386959954752,-7.470272345978764,-3.328038518708453,0.0014248280009330153,upper,0.1
712,phase2,upper,-15.0,2,-14.986346262945842,-18.06755980589931,-19.29386959954752,-7.470272345978764,-3.328038518708453,0.0003552857181748244,upper,0.1
713,phase2,upper,-15.0,2,-14.986582941532818,-18.06755980589931,-19.29386959954752,-7.470272345978764,-3.328038518708453,-0.00018544289371910932,upper,0.1
714,phase2,upper,-15.0,2,-14.987356142573564,-18.06755980589931,-19.29386959954752,-7.470272345978764,-3.328038518708453,-0.00043881155266195667,upper,0.1
715,phase2,upper,-15.0,2,-14.988381648712403,-18.06755980589931,-19.29386959954752,-7.470272345978764,-3.328038518708453,-0.0005375815668675546,upper,0.1
716,phase2,upper,-15.0,2,-14.9895015489231,-18.06755980589931,-19.29386959954752,-7.470272345978764,-3.328038518708453,-0.0005547185943465721,upper,0.1
717,phase2,upper,-15.0,2,-14.990628499982607,-18.06755980589931,-19.29386959954752,-7.470272345978764,-3.328038518708453,-0.0005302722543230895,upper,0.1
718,phase2,upper,-15.0,2,-14.991714863596663,-18.06755980589931,-19.29386959954752,-7.470272345978764,-3.328038518708453,-0.00048615773247534245,upper,0.1
719,phase2,upper,-15.0,2,-14.992735544275128,-18.06755980589931,-19.29386959954752,-7.470272345978764,-3.328038518708453,-0.0004342888962816534,upper,0.1
720,phase2,upper,-15.0,2,-14.993678385107847,-18.06755980589931,-19.29386959954752,-7.470272345978764,-3.328038518708453,-0.0003810569565782387,upper,0.1
721,phase2,upper,-15.0,2,-14.994538743268974,-18.06755980589931,-19.29386959954752,-7.470272345978764,-3.328038518708453,-0.0003297997344694214,upper,0.1
722,phase2,lower,-20.0,4,-14.994538743268974,-18.440487605025154,-19.462328012451863,-7.394884534188229,-3.263079253156856,0.010962032868504657,upper,0.1
723,phase2,upper,-15.0,2,-14.985153736804884,-18.440487605025154,-19.462328012451863,-7.394884534188229,-3.263079253156856,0.005250832484217263,upper,0.1
724,phase2,upper,-15.0,2,-14.981176215742074,-18.440487605025154,-19.462328012451863,-7.394884534188229,-3.263079253156856,0.002194860556981673,upper,0.1
725,phase2,upper,-15.0,2,-14.980109861048875,-18.440487605025154,-19.462328012451863,-7.394884534188229,-3.263079253156856,0.0005925799279107917,upper,0.1
726,phase2,upper,-15.0,2,-14.980575797572659,-18.440487605025154,-19.462328012451863,-7.394884534188229,-3.263079253156856,-0.00021640674255619198,upper,0.1
727,phase2,upper,-15.0,2,-14.981811851434037,-18.440487605025154,-19.462328012451863,-7.394884534188229,-3.263079253156856,-0.0005950494752957826,upper,0.1
728,phase2,upper,-15.0,2,-14.983396940008902,-18.440487605025154,-19.462328012451863,-7.394884534188229,-3.263079253156856,-0.0007427597356348639,upper,0.1
729,phase2,upper,-15.0,2,-14.985099211847752,-18.440487605025154,-19.462328012451863,-7.394884534188229,-3.263079253156856,-0.0007690031432840076,upper,0.1
730,phase2,upper,-15.0,2,-14.986792233503252,-18.440487605025154,-19.462328012451863,-7.394884534188229,-3.263079253156856,-0.0007337524903876426,upper,0.1
731,phase2,upper,-15.0,2,-14.988408615410806,-18.440487605025154,-19.462328012451863,-7.394884534188229,-3.263079253156856,-0.0006697312952338594,upper,0.1
732,phase2,upper,-15.0,2,-14.989914255783196,-18.440487605025154,-19.462328012451863,-7.394884534188229,-3.263079253156856,-0.0005946504737392663,upper,0.1
733,phase2,upper,-15.0,2,-14.991293955895406,-18.440487605025154,-19.462328012451863,-7.394884534188229,-3.263079253156856,-0.0005179447369103767,upper,0.1
734,phase2,upper,-15.0,2,-14.992543321683197,-18.440487605025154,-19.462328012451863,-7.394884534188229,-3.263079253156856,-0.00044448484701257307,upper,0.1
735,phase2,upper,-15.0,2,-14.993664153217477,-18.440487605025154,-19.462328012451863,-7.394884534188229,-3.263079253156856,-0.0003766263590630653,upper,0.1
736,phase2,upper,-15.0,2,-14.99466178024015,-18.440487605025154,-19.462328012451863,-7.394884534188229,-3.263079253156856,-0.00031534262246007137,upper,0.1
737,phase2,upper,-15.0,2,-14.995543492705195,-18.440487605025154,-19.462328012451863,-7.394884534188229,-3.263079253156856,-0.00026085310836610674,upper,0.1
738,phase2,upper,-15.0,2,-14.996317595144212,-18.440487605025154,-19.462328012451863,-7.394884534188229,-3.263079253156856,-0.00021297312420965676,upper,0.1
739,phase2,upper,-15.0,2,-14.996992822743533,-18.440487605025154,-19.462328012451863,-7.394884534188229,-3.263079253156856,-0.00017130931565845326,upper,0.1
740,phase2,upper,-15.0,2,-14.99757797223012,-18.440487605025154,-19.462328012451863,-7.394884534188229,-3.263079253156856,-0.00013536948314227254,upper,0.1
741,phase2,upper,-15.0,2,-14.998081664287753,-18.440487605025154,-19.462328012451863,-7.394884534188229,-3.263079253156856,-0.00010462452278379184,upper,0.1
742,phase2,upper,-15.0,2,-14.99851218948527,-18.440487605025154,-19.462328012451863,-7.394884534188229,-3.263079253156856,-7.85434061003517e-05,upper,0.1
743,phase2,upper,-15.0,2,-14.998877409351806,-18.440487605025154,-19.462328012451863,-7.394884534188229,-3.263079253156856,-5.661281233685347e-05,upper,0.1
744,phase2,upper,-15.0,2,-14.999184695288557,-18.440487605025154,-19.462328012451863,-7.394884534188229,-3.263079253156856,-3.834790098251561e-05,upper,0.1
745,phase2,upper,-15.0,2,-14.999440894313462,-18.440487605025154,-19.462328012451863,-7.394884534188229,-3.263079253156856,-2.329788056292247e-05,upper,0.1
746,phase2,upper,-15.0,2,-14.999652314310651,-18.440487605025154,-19.462328012451863,-7.394884534188229,-3.263079253156856,-1.1048460650554085e-05,upper,0.1
747,phase2,upper,-15.0,2,-14.9998247236645,-18.440487605025154,-19.462328012451863,-7.394884534188229,-3.263079253156856,-1.2223998655991244e-06,upper,0.1
748,phase2,upper,-15.0,2,-14.999963361539205,-18.440487605025154,-19.462328012451863,-7.394884534188229,-3.263079253156856,6.521128335178958e-06,upper,0.1
749,phase2,upper,-15.0,2,-15.000072955972424,-18.440487605025154,-19.462328012451863,-7.394884534188229,-3.263079253156856,1.2487909445169554e-05,upper,0.1
750,phase2,upper,-15.0,2,-15.000157747581088,-18.440487605025154,-19.462328012451863,-7.394884534188229,-3.263079253156856,1.6950520245647037e-05,upper,0.1
751,phase2,upper,-15.0,2,-15.000221517138064,-18.440487605025154,-19.462328012451863,-7.394884534188229,-3.263079253156856,2.0150434620607992e-05,upper,0.1
752,phase2,upper,-15.0,2,-15.000267615630978,-18.440487605025154,-19.462328012451863,-7.394884534188229,-3.263079253156856,2.2300276672508143e-05,upper,0.1
753,phase2,upper,-15.0,2,-15.000298995694454,-18.440487605025154,-19.462328012451863,-7.394884534188229,-3.263079253156856,2.358613262223345e-05,upper,0.1
754,phase2,lower,-20.0,4,-15.000298995694454,-18.792650418248467,-19.60065849636247,-7.309935414387852,-3.1974745710652557,0.01456763286486171,upper,0.1
755,phase2,lower,-20.0,4,-15.000298995694454,-19.11034035648149,-19.701724797569224,-7.210436833425229,-3.127413923547765,0.02116782967381931,upper,0.1
756,phase2,upper,-15.0,2,-14.9812884243476,-19.11034035648149,-19.701724797569224,-7.210436833425229,-3.127413923547765,0.010384849193367527,upper,0.1
757,phase2,upper,-15.0,2,-14.972544074640194,-19.11034035648149,-19.701724797569224,-7.210436833425229,-3.127413923547765,0.004581410146174197,upper,0.1
758,phase2,upper,-15.0,2,-14.969386178239981,-19.11034035648149,-19.701724797569224,-7.210436833425229,-3.127413923547765,0.0015080967566520097,upper,0.1
759,phase2,upper,-15.0,2,-14.96922551173536,-19.11034035648149,-19.701724797569224,-7.210436833425229,-3.127413923547765,-7.175139016822954e-05,upper,0.1
760,phase2,upper,-15.0,2,-14.970626550033195,-19.11034035648149,-19.701724797569224,-7.210436833425229,-3.127413923547765,-0.000838111244920106,upper,0.1
761,phase2,upper,-15.0,2,-14.972791911861343,-19.11034035648149,-19.701724797569224,-7.210436833425229,-3.127413923547765,-0.0011648824553202606,upper,0.1
762,phase2,upper,-15.0,2,-14.97527835959947,-19.11034035648149,-19.701724797569224,-7.210436833425229,-3.127413923547765,-0.0012576102297161475,upper,0.1
763,phase2,lower,-20.0,4,-14.97527835959947,-19.420610649797005,-19.786855675508914,-7.111351539453457,-3.0633828105374796,0.019825533771828833,upper,0.1
764,phase2,lower,-20.0,4,-14.97527835959947,-19.689392171973548,-19.83420379132134,-6.997245025480941,-2.993732625046357,0.027255187767415673,upper,0.1
765,phase2,upper,-15.0,2,-14.952178589931824,-19.689392171973548,-19.83420379132134,-6.997245025480941,-2.993732625046357,0.012742083733090399,upper,0.1
766,phase2,upper,-15.0,2,-14.942876347785914,-19.689392171973548,-19.83420379132134,-6.997245025480941,-2.993732625046357,0.005003885716417402,upper,0.1
767,phase2,upper,-15.0,2,-14.940986079670486,-19.689392171973548,-19.83420379132134,-6.997245025480941,-2.993732625046357,0.0009733850472630936,upper,0.1
768,phase2,upper,-15.0,2,-14.942977514971702,-19.689392171973548,-19.83420379132134,-6.997245025480941,-2.993732625046357,-0.0010353855707887214,upper,0.1
769,phase2,upper,-15.0,2,-14.946897190069768,-19.689392171973548,-19.83420379132134,-6.997245025480941,-2.993732625046357,-0.001949108952943447,upper,0.1
770,phase2,upper,-15.0,2,-14.95166459139305,-19.689392171973548,-19.83420379132134,-6.997245025480941,-2.993732625046357,-0.002276959390942257,upper,0.1
771,phase2,upper,-15.0,2,-14.956684176103149,-19.689392171973548,-19.83420379132134,-6.997245025480941,-2.993732625046357,-0.002298443446527577,upper,0.1
772,phase2,upper,-15.0,2,-14.961631107068113,-19.689392171973548,-19.83420379132134,-6.997245025480941,-2.993732625046357,-0.002166662138026074,upper,0.1
773,phase2,upper,-15.0,2,-14.966332583709022,-19.689392171973548,-19.83420379132134,-6.997245025480941,-2.993732625046357,-0.001965097971087602,upper,0.1
774,phase2,upper,-15.0,2,-14.970701835487294,-19.689392171973548,-19.83420379132134,-6.997245025480941,-2.993732625046357,-0.0017388607701760257,upper,0.1
775,phase2,upper,-15.0,2,-14.974701175498891,-19.689392171973548,-19.83420379132134,-6.997245025480941,-2.993732625046357,-0.0015118938341078586,upper,0.1
776,phase2,upper,-15.0,2,-14.97832113247227,-19.689392171973548,-19.83420379132134,-6.997245025480941,-2.993732625046357,-0.0012964599867047184,upper,0.1
777,phase2,upper,-15.0,2,-14.981568515408053,-19.689392171973548,-19.83420379132134,-6.997245025480941,-2.993732625046357,-0.0010983802140198651,upper,0.1
778,phase2,upper,-15.0,2,-14.984459472376095,-19.689392171973548,-19.83420379132134,-6.997245025480941,-2.993732625046357,-0.0009199335128399959,upper,0.1
779,phase2,upper,-15.0,2,-14.987015368137069,-19.689392171973548,-19.83420379132134,-6.997245025480941,-2.993732625046357,-0.0007614672460612688,upper,0.1
780,phase2,upper,-15.0,2,-14.989260275010635,-19.689392171973548,-19.83420379132134,-6.997245025480941,-2.993732625046357,-0.000622295134768069,upper,0.1
781,phase2,upper,-15.0,2,-14.991219405248106,-19.689392171973548,-19.83420379132134,-6.997245025480941,-2.993732625046357,-0.0005012005502611056,upper,0.1
782,phase2,upper,-15.0,2,-14.992918107462177,-19.689392171973548,-19.83420379132134,-6.997245025480941,-2.993732625046357,-0.0003967201574895077,upper,0.1
783,phase2,upper,-15.0,2,-14.994381212298057,-19.689392171973548,-19.83420379132134,-6.997245025480941,-2.993732625046357,-0.0003073045508320092,upper,0.1
784,phase2,upper,-15.0,2,-14.995632602760985,-19.689392171973548,-19.83420379132134,-6.997245025480941,-2.993732625046357,-0.00023140938791984042,upper,0.1
785,phase2,upper,-15.0,2,-14.996694934999917,-19.689392171973548,-19.83420379132134,-6.997245025480941,-2.993732625046357,-0.00016754677616881517,upper,0.1
786,phase2,upper,-15.0,2,-14.997589463771554,-19.689392171973548,-19.83420379132134,-6.997245025480941,-2.993732625046357,-0.00011431356974760652,upper,0.1
787,phase2,upper,-15.0,2,-14.998335943100011,-19.689392171973548,-19.83420379132134,-6.997245025480941,-2.993732625046357,-7.04059956180638e-05,upper,0.1
788,phase2,upper,-15.0,2,-14.99895258220664,-19.689392171973548,-19.83420379132134,-6.997245025480941,-2.993732625046357,-3.462601090094592e-05,upper,0.1
789,phase2,upper,-15.0,2,-14.999456042582212,-19.689392171973548,-19.83420379132134,-6.997245025480941,-2.993732625046357,-5.882552223708515e-06,upper,0.1
790,phase2,upper,-15.0,2,-14.999861465745537,-19.689392171973548,-19.83420379132134,-6.997245025480941,-2.993732625046357,1.681042484591761e-05,upper,0.1
791,phase2,upper,-15.0,2,-15.000182523680893,-19.689392171973548,-19.83420379132134,-6.997245025480941,-2.993732625046357,3.4337939135245624e-05,upper,0.1
792,phase2,upper,-15.0,2,-15.00043148567144,-19.689392171973548,-19.83420379132134,-6.997245025480941,-2.993732625046357,4.7489252822228585e-05,upper,0.1
793,phase2,upper,-15.0,2,-15.000619296525727,-19.689392171973548,-19.83420379132134,-6.997245025480941,-2.993732625046357,5.696391039062456e-05,upper,0.1
794,phase2,upper,-15.0,2,-15.00075566218686,-19.689392171973548,-19.83420379132134,-6.997245025480941,-2.993732625046357,6.337819810677997e-05,upper,0.1
795,phase2,upper,-15.0,2,-15.000849139509148,-19.689392171973548,-19.83420379132134,-6.997245025480941,-2.993732625046357,6.727177573063577e-05,upper,0.1
796,phase2,upper,-15.0,2,-15.000907227638853,-19.689392171973548,-19.83420379132134,-6.997245025480941,-2.993732625046357,6.911430089010984e-05,upper,0.1
797,phase2,lower,-20.0,4,-15.000907227638853,-19.953811131037526,-19.87187428645013,-6.887752358958773,-2.932365529194891,0.024140515798925746,upper,0.1
798,phase2,upper,-15.0,2,-14.979272197628616,-19.953811131037526,-19.87187428645013,-6.887752358958773,-2.932365529194891,0.011864298649430808,upper,0.1
799,phase2,upper,-15.0,2,-14.969312666584985,-19.953811131037526,-19.87187428645013,-6.887752358958773,-2.932365529194891,0.00525632266375667,upper,0.1
