episode,phase,route,return,steps,q_start_right,q_start_down,q_shield_right,q_d1_right,q_d2_right,mood_M,greedy_route,epsilon
0,phase1,lower,-10.0,4,0.0,-0.25,-0.3175,-0.36475,-0.397825,-0.189975,upper,0.1
1,phase1,upper,-15.0,2,-1.4209775,-0.25,-0.3175,-0.36475,-0.397825,-0.43058775,lower,0.1
2,phase1,lower,-10.0,4,-1.4209775,-0.894278975,-0.9128177824999999,-0.92524819775,-0.8914690134250001,-0.28350809377499997,lower,0.1
3,phase1,lower,-10.0,4,-1.4209775,-1.4012901401474998,-1.4106714709057497,-1.412333353345775,-1.2872342259255176,-0.23096535147515249,lower,0.1
4,phase1,lower,-10.0,4,-1.4209775,-1.860097089550962,-1.874099126509571,-1.8666513385815031,-1.6244126554770466,-0.20430663600096394,upper,0.1
5,phase1,upper,-15.0,2,-2.7834741474008675,-1.860097089550962,-1.874099126509571,-1.8666513385815031,-1.6244126554770466,-0.4014050658904723,lower,0.1
6,phase1,lower,-10.0,4,-2.7834741474008675,-2.472761852548248,-2.444117594225644,-2.3842606525532157,-1.9772141730830322,-0.2325675627885589,lower,0.1
7,phase1,lower,-10.0,4,-2.7834741474008675,-2.929208233225691,-2.901376069640483,-2.808710785888499,-2.236610847726645,-0.17677542410344388,upper,0.1
8,phase1,upper,-15.0,2,-4.047565273146941,-2.929208233225691,-2.901376069640483,-2.808710785888499,-2.236610847726645,-0.3536663414238939,lower,0.1
9,phase1,lower,-10.0,4,-4.047565273146941,-3.4947247241486745,-3.4316678679455372,-3.269189658087187,-2.5023852708340217,-0.19412929180823266,lower,0.1
10,phase1,lower,-10.0,4,-4.047565273146941,-3.9131354011557704,-3.853518965681404,-3.637291550800886,-2.685290657302095,-0.14237370797057153,lower,0.1
11,phase1,lower,-10.0,4,-4.047565273146941,-4.285310094781848,-4.237482016457005,-3.9626633758337895,-2.8279579075153665,-0.11981619268142193,upper,0.1
12,phase1,upper,-15.0,2,-5.186621581467229,-4.285310094781848,-4.237482016457005,-3.9626633758337895,-2.8279579075153665,-0.2944730200778578,lower,0.1
13,phase1,lower,-10.0,4,-5.186621581467229,-4.795553005019436,-4.711726796928963,-4.335481376879116,-2.9974270526332507,-0.14747843511742187,lower,0.1
14,phase1,lower,-10.0,4,-5.186621581467229,-5.169900975816069,-5.082250361429511,-4.619720992667057,-3.0966884143640563,-0.10096924052754855,lower,0.1
15,phase1,lower,-10.0,4,-5.186621581467229,-5.502008230852208,-5.414741479497184,-4.862550280340914,-3.164990475166379,-0.08163227153253394,upper,0.1
16,phase1,upper,-15.0,2,-6.219200310680738,-5.502008230852208,-5.414741479497184,-4.862550280340914,-3.164990475166379,-0.2480812939718443,lower,0.1
17,phase1,lower,-10.0,4,-6.219200310680738,-5.966554720291365,-5.830957372497234,-5.1503896464872145,-3.2654740555746566,-0.10992566301994283,lower,0.1
18,phase1,upper,-15.0,2,-7.2072468296105425,-5.966554720291365,-5.830957372497234,-5.1503896464872145,-3.2654740555746566,-0.2372673575602829,lower,0.1
19,phase1,lower,-10.0,4,-7.2072468296105425,-6.416535607316206,-6.226217906768769,-5.410344873604464,-3.3444466794085055,-0.09799580119267162,lower,0.1
20,phase1,lower,-10.0,4,-7.2072468296105425,-6.735700058334867,-6.51872938028894,-5.586095626075053,-3.3643611605474937,-0.05583482667984176,lower,0.1
21,phase1,lower,-10.0,4,-7.2072468296105425,-7.014254334542132,-6.772283737368612,-5.724013480909265,-3.362502124894377,-0.03985133882928971,lower,0.1
22,phase1,lower,-10.0,4,-7.2072468296105425,-7.275923479771141,-7.0035298490614455,-5.837310244520511,-3.3496046352414517,-0.031177054014900556,upper,0.1
23,phase1,upper,-15.0,2,-8.055442982384811,-7.275923479771141,-7.0035298490614455,-5.837310244520511,-3.3496046352414517,-0.17524703920450774,lower,0.1
24,phase1,lower,-10.0,4,-8.055442982384811,-7.656406451984228,-7.30745889527703,-5.993937458938774,-3.373754563009091,-0.059375498614144,lower,0.1
25,phase1,lower,-10.0,4,-8.055442982384811,-7.924949645066238,-7.52159173173902,-6.080793576631744,-3.352346253618237,-0.025095144039770458,lower,0.1
26,phase1,lower,-10.0,4,-8.055442982384811,-8.15719948336931,-7.699931193313513,-6.137240788102152,-3.316447911175279,-0.012802276883904104,upper,0.1
27,phase1,upper,-15.0,2,-8.822303919866846,-8.15719948336931,-7.699931193313513,-6.137240788102152,-3.316447911175279,-0.1466293262557817,lower,0.1
28,phase1,lower,-10.0,4,-8.822303919866846,-8.493439047993935,-7.941192384502013,-6.233740021665503,-3.3161466772599524,-0.03877377382200932,lower,0.1
29,phase1,lower,-10.0,4,-8.822303919866846,-8.723110778084552,-8.097463965811947,-6.267291245743871,-3.2759743801982535,-0.0077485546433207556,lower,0.1
30,phase1,lower,-10.0,4,-8.822303919866846,-8.91751979603628,-8.21993581929907,-6.275087283593224,-3.2249607938914364,0.0026029022958301076,upper,0.1
31,phase1,upper,-15.0,2,-9.513726477113838,-8.91751979603628,-8.21993581929907,-6.275087283593224,-3.2249607938914364,-0.12161659504084625,lower,0.1
32,phase1,lower,-10.0,4,-9.513726477113838,-9.207216333899321,-8.400734653232314,-6.3227623054116675,-3.2094926688323797,-0.022606251773324683,lower,0.1
33,phase1,lower,-10.0,4,-9.513726477113838,-9.396913792428613,-8.502904351689434,-6.314806941630011,-3.1593452416748917,0.005105571389388185,lower,0.1
34,phase1,lower,-10.0,4,-9.513726477113838,-9.552917834104246,-8.574239845808219,-6.285783806150204,-3.1012793757696078,0.013660289712976049,upper,0.1
35,phase1,upper,-15.0,2,-10.13702325055753,-9.552917834104246,-8.574239845808219,-6.285783806150204,-3.1012793757696078,-0.10069147065054335,lower,0.1
36,phase1,lower,-10.0,4,-10.13702325055753,-9.795672358860132,-8.699905562668267,-6.296202974619472,-3.0778785466275003,-0.010527147509575736,lower,0.1
37,phase1,lower,-10.0,4,-10.13702325055753,-9.945570111999563,-8.754081703297238,-6.258153041546654,-3.0243436892174325,0.014028469646738859,lower,0.1
38,phase1,lower,-10.0,4,-10.13702325055753,-10.063795648447265,-8.780980714209772,-6.20342634640778,-2.965154435848634,0.02098410969089915,lower,0.1
39,phase1,lower,-10.0,4,-10.13702325055753,-10.166628456301707,-8.792869285099894,-6.141255992790437,-2.9068654368856737,0.02311184281397905,upper,0.1
40,phase1,upper,-15.0,2,-10.69708794034736,-10.166628456301707,-8.792869285099894,-6.141255992790437,-2.9068654368856737,-0.0822866181554073,lower,0.1
41,phase1,lower,-10.0,4,-10.69708794034736,-10.353310495521391,-8.859957027684406,-6.121297728578426,-2.883786902152603,-0.0014891549699273983,lower,0.1
42,phase1,lower,-10.0,4,-10.69708794034736,-10.455315388210627,-8.864208721773265,-6.060785181659601,-2.834762394630476,0.019793687192141297,lower,0.1
43,phase1,lower,-10.0,4,-10.69708794034736,-10.528390403093963,-8.84593646483704,-5.988439535326219,-2.7818631825763136,0.025149628298670366,lower,0.1
44,phase1,lower,-10.0,4,-10.69708794034736,-10.587510343799467,-8.816416249724858,-5.912490117441667,-2.7308950549677418,0.026175080528021005,lower,0.1
45,phase1,lower,-10.0,4,-10.69708794034736,-10.636843361916787,-8.779213795223871,-5.835657716731761,-2.683331456660412,0.02596225716835316,lower,0.1
46,phase1,lower,-10.0,4,-10.69708794034736,-10.677714373795977,-8.73584596705789,-5.7591405223836,-2.6394863041337255,0.02534261570253642,lower,0.1
47,phase1,lower,-10.0,4,-10.69708794034736,-10.710719178989887,-8.687279127715934,-5.6836766471402385,-2.5993580924347444,0.024546485679485093,upper,0.1
48,phase1,lower,-10.0,4,-10.69708794034736,-10.736283336750954,-8.634321712295892,-5.6098295075404145,-2.5628549833237293,0.02364419822557377,upper,0.1
49,phase1,upper,-15.0,2,-11.20543759225738,-10.736283336750954,-8.634321712295892,-5.6098295075404145,-2.5628549833237293,-0.06983505593087472,lower,0.1
50,phase1,lower,-10.0,4,-11.20543759225738,-10.838938724643237,-8.636615613196508,-5.579290950553664,-2.558712399641948,0.00021893810480735475,lower,0.1
51,phase1,lower,-10.0,4,-11.20543759225738,-10.868509369204238,-8.588782491917133,-5.517714871060572,-2.532122781721793,0.01787566595500538,lower,0.1
52,phase1,lower,-10.0,4,-11.20543759225738,-10.874448582116022,-8.526361434593072,-5.450016829696683,-2.5024023344364585,0.021581148317440693,lower,0.1
53,phase1,lower,-10.0,4,-11.20543759225738,-10.87021683387803,-8.459232497680325,-5.383047942342283,-2.474531303140922,0.021562690584564045,lower,0.1
54,phase1,lower,-10.0,4,-11.20543759225738,-10.859711978732152,-8.390432970000909,-5.31881254492609,-2.4496796101211533,0.020545932309753677,lower,0.1
55,phase1,lower,-10.0,4,-11.20543759225738,-10.844292738780249,-8.32115645690254,-5.257985370554955,-2.4280053432458555,0.01926195953055446,lower,0.1
56,phase1,lower,-10.0,4,-11.20543759225738,-10.824643347014979,-8.252079634152834,-5.2008499486121975,-2.409399154735631,0.017911224663984,lower,0.1
57,phase1,lower,-10.0,4,-11.20543759225738,-10.801266873531178,-8.18371337381318,-5.147551363465032,-2.3936826137957445,0.016552683338098208,lower,0.1
58,phase1,lower,-10.0,4,-11.20543759225738,-10.77461410855509,-8.116495037782977,-5.098166619721932,-2.3806613880317795,0.015207228490620724,lower,0.1
59,phase1,lower,-10.0,4,-11.20543759225738,-10.74511569583632,-8.050812427116934,-5.052726391063312,-2.3701398141302437,0.013885180050787042,lower,0.1
60,phase1,lower,-10.0,4,-11.20543759225738,-10.713188706918674,-7.987009971824153,-5.011223714215364,-2.3619251817317775,0.012593589634806434,lower,0.1
61,phase1,lower,-10.0,4,-11.20543759225738,-10.679236602737896,-7.925390558745794,-4.973619080889333,-2.3558292571271715,0.011338182676397473,lower,0.1
62,phase1,lower,-10.0,4,-11.20543759225738,-10.643647633929929,-7.866216512686231,-4.93984443981925,-2.3516690450871693,0.010123878190592297,lower,0.1
63,phase1,lower,-10.0,4,-11.20543759225738,-10.606793031434027,-7.80971062186588,-4.909806775905077,-2.3492673178120103,0.008954933504292264,lower,0.1
64,phase1,lower,-10.0,4,-11.20543759225738,-10.569025350323349,-7.756057404103756,-4.883391443038597,-2.3484530497222753,0.007834992218775311,lower,0.1
65,phase1,lower,-10.0,4,-11.20543759225738,-10.530677062704493,-7.7054046283514825,-4.860465297006176,-2.3490617934399545,0.006767109177296405,lower,0.1
66,phase1,lower,-10.0,4,-11.20543759225738,-10.492059421009627,-7.657865060707723,-4.8408796405467704,-2.350936005227723,0.005753771811826635,lower,0.1
67,phase1,lower,-10.0,4,-11.20543759225738,-10.453461590348793,-7.613518394722026,-4.824472983891798,-2.3539253213651894,0.004796922754423843,lower,0.1
68,phase1,lower,-10.0,4,-11.20543759225738,-10.415150040307134,-7.572413326021794,-4.811073622214675,-2.357886785543328,0.0038979847295554284,lower,0.1
69,phase1,lower,-10.0,4,-11.20543759225738,-10.377368182622,-7.534569733975758,-4.800502031379021,-2.3626850273809055,0.00305788770592518,lower,0.1
70,phase1,lower,-10.0,4,-11.20543759225738,-10.340336238822044,-7.499980936347903,-4.792573083851371,-2.3681923925453785,0.002277098008322087,lower,0.1
71,phase1,lower,-10.0,4,-11.20543759225738,-10.30425132036714,-7.468615986186205,-4.787098087264934,-2.374289025406492,0.0015556490197432687,lower,0.1
72,phase1,lower,-10.0,4,-11.20543759225738,-10.269287702831278,-7.440421983388754,-4.783886648774489,-2.380862905582444,0.0008931730937269166,lower,0.1
73,phase1,lower,-10.0,4,-11.20543759225738,-10.23559727510267,-7.415326376453332,-4.782748368988902,-2.387809840131547,0.0002889343062033641,lower,0.1
74,phase1,lower,-10.0,4,-11.20543759225738,-10.203310144362153,-7.393239232830449,-4.7834943698881185,-2.39503341348871,-0.0002581383063009193,lower,0.1
75,phase1,lower,-10.0,4,-11.20543759225738,-10.172535377684653,-7.374055459057828,-4.785938661713864,-2.402444897543036,-0.000749417353380486,lower,0.1
76,phase1,lower,-10.0,4,-11.20543759225738,-10.143361861440013,-7.357656954453137,-4.789899354359288,-2.4099631244998747,-0.0011865438490418936,lower,0.1
77,phase1,upper,-15.0,2,-11.688176534539016,-10.143361861440013,-7.357656954453137,-4.789899354359288,-2.4099631244998747,-0.07106788396473426,lower,0.1
78,phase1,lower,-10.0,4,-11.688176534539016,-10.178752466309588,-7.38793992885289,-4.826017390257208,-2.4390866950623864,-0.018349904163614237,lower,0.1
79,phase1,lower,-10.0,4,-11.688176534539016,-10.166186126311171,-7.385456176105068,-4.838248362973864,-2.448877726351185,-0.004704944210934988,lower,0.1
80,phase1,lower,-10.0,4,-11.688176534539016,-10.142347581080402,-7.3761198009892714,-4.844805772695181,-2.4538230778957635,-0.0014038759047841816,lower,0.1
81,phase1,lower,-10.0,4,-11.688176534539016,-10.116988291385596,-7.366684689917416,-4.8504494286815865,-2.457703585173046,-0.0008119416040171523,lower,0.1
82,phase1,upper,-15.0,2,-12.125162830056205,-10.116988291385596,-7.366684689917416,-4.8504494286815865,-2.457703585173046,-0.060489556023176336,lower,0.1
83,phase1,lower,-10.0,4,-12.125162830056205,-10.146398531659637,-7.396411386848793,-4.882681648415837,-2.4798838517405843,-0.015230489733019659,lower,0.1
84,phase1,lower,-10.0,4,-12.125162830056205,-10.13510725793827,-7.397883968627407,-4.894023054745959,-2.485654756254647,-0.003527376427432166,lower,0.1
85,phase1,lower,-10.0,4,-12.125162830056205,-10.114559567791872,-7.393315095577151,-4.90015403305855,-2.487440802283123,-0.0007037630432034417,lower,0.1
86,phase1,lower,-10.0,4,-12.125162830056205,-10.093068507309283,-7.388468759292712,-4.9051962002702,-2.4884729080263086,-0.0002026983537825752,lower,0.1
87,phase1,lower,-10.0,4,-12.125162830056205,-10.07279096102603,-7.384745010156896,-4.910197966688707,-2.4895459552831207,-0.0002838534721107691,lower,0.1
88,phase1,lower,-10.0,4,-12.125162830056205,-10.054241834064017,-7.382391892824041,-4.915391106284281,-2.4908145939621513,-0.00048724794721709654,lower,0.1
89,phase1,lower,-10.0,4,-12.125162830056205,-10.037495363092514,-7.381358831963332,-4.920791346270782,-2.492270092586338,-0.0006931961970037251,lower,0.1
90,phase1,lower,-10.0,4,-12.125162830056205,-10.0225055865569,-7.381523110657701,-4.926358617873176,-2.4938665873578114,-0.0008724003569373699,lower,0.1
91,phase1,lower,-10.0,4,-12.125162830056205,-10.009192499288222,-7.382749746754841,-4.932040133279372,-2.495554146718528,-0.00101950534320838,lower,0.1
92,phase1,lower,-10.0,4,-12.125162830056205,-9.997465778843772,-7.384907119455114,-4.937782208892925,-2.4972870823982776,-0.0011354258719128677,lower,0.1
93,phase1,lower,-10.0,4,-12.125162830056205,-9.987231796189628,-7.387870862894707,-4.943533687805349,-2.4990256998364164,-0.0012226408331368912,lower,0.1
94,phase1,lower,-10.0,4,-12.125162830056205,-9.97839607960996,-7.391524663911685,-4.949247048249183,-2.5007363256461224,-0.0012839368441777944,lower,0.1
95,phase1,lower,-10.0,4,-12.125162830056205,-9.970864481199891,-7.395760254333413,-4.954878826757574,-2.5023908991093156,-0.0013220704744651192,lower,0.1
96,phase1,lower,-10.0,4,-12.125162830056205,-9.964543921940262,-7.400477201849347,-4.960389798639664,-2.5039664704047215,-0.0013396761872052844,lower,0.1
97,phase1,lower,-10.0,4,-12.125162830056205,-9.959342958499654,-7.405582656083864,-4.965745042118347,-2.5054446969134303,-0.001339240870554705,lower,0.1
98,phase1,lower,-10.0,4,-12.125162830056205,-9.955172245041576,-7.410991088270536,-4.970913927529042,-2.506811361853386,-0.0013230971391624542,lower,0.1
99,phase1,lower,-10.0,4,-12.125162830056205,-9.951944916789717,-7.416624032161241,-4.975870049596854,-2.508055921439569,-0.0012934225222485712,lower,0.1
100,phase1,lower,-10.0,4,-12.125162830056205,-9.949576908596894,-7.42240982620885,-4.980591113864721,-2.5091710817938817,-0.0012522409665783176,lower,0.1
101,phase1,lower,-10.0,4,-12.125162830056205,-9.947987217228011,-7.4282833555589045,-4.9850587858334725,-2.510152405371666,-0.0012014255795397097,lower,0.1
102,phase1,lower,-10.0,4,-12.125162830056205,-9.947098114082687,-7.434185792436406,-4.989258510099736,-2.510997946180742,-0.0011427022192606097,lower,0.1
103,phase1,lower,-10.0,4,-12.125162830056205,-9.946835313915393,-7.440064333916423,-4.993179305884326,-2.5117079128603974,-0.00107765373503407,lower,0.1
104,phase1,lower,-10.0,4,-12.125162830056205,-9.947128104277027,-7.445871936506313,-4.996813544600236,-2.5122843585755232,-0.001007724726206025,lower,0.1
105,phase1,lower,-10.0,4,-12.125162830056205,-9.947909439753541,-7.4515670473634055,-5.000156714449692,-2.512730896611652,-0.0009342267155974184,lower,0.1
106,phase1,lower,-10.0,4,-12.125162830056205,-9.949116004558565,-7.457113332308326,-5.003207176442622,-2.513052440512574,-0.0008583436499404472,lower,0.1
107,phase1,lower,-10.0,4,-12.125162830056205,-9.950688246618487,-7.462479401070461,-5.005965915685337,-2.5132549675762097,-0.0007811376517616617,lower,0.1
108,phase1,lower,-10.0,4,-12.125162830056205,-9.952570385950269,-7.467638530422763,-5.008436291292595,-2.513345304512362,-0.0007035549567594801,lower,0.1
109,phase1,lower,-10.0,4,-12.125162830056205,-9.954710399858602,-7.472568386033261,-5.0106237878245174,-2.513330934065022,-0.0006264319787706943,lower,0.1
110,phase1,lower,-10.0,4,-12.125162830056205,-9.957059987256962,-7.477250743985728,-5.01253577073827,-2.5132198214098054,-0.0005505014512715006,lower,0.1
111,phase1,lower,-10.0,4,-12.125162830056205,-9.959574514235982,-7.48167121300696,-5.014181247969927,-2.5130202591521087,-0.00047639860025974117,lower,0.1
112,phase1,lower,-10.0,4,-12.125162830056205,-9.962212942853315,-7.485818958488237,-5.0155706394216315,-2.5127407297722573,-0.0004046673084938995,lower,0.1
113,phase1,lower,-10.0,4,-12.125162830056205,-9.964937744994451,-7.489686429408071,-5.016715555820442,-2.512389784389122,-0.000335766235569076,lower,0.1
114,phase1,lower,-10.0,4,-12.125162830056205,-9.967714803047826,-7.493269089256884,-5.0176285881357465,-2.51197593674247,-0.00027007486230675413,lower,0.1
115,phase1,lower,-10.0,4,-12.125162830056205,-9.970513299044807,-7.496565152035668,-5.018323108489777,-2.511507571325955,-0.00020789943151742606,lower,0.1
116,phase1,lower,-10.0,4,-12.125162830056205,-9.973305593832258,-7.499575324353688,-5.018813083268482,-2.510992864636498,-0.00014947876043979423,lower,0.1
117,phase1,lower,-10.0,4,-12.125162830056205,-9.976067097768796,-7.502302554588323,-5.019112898936192,-2.5104397185414205,-9.498990312798155e-05,lower,0.1
118,phase1,lower,-10.0,4,-12.125162830056205,-9.978776134363564,-7.504751789996208,-5.019237200875276,-2.509855704801612,-4.455364379479901e-05,lower,0.1
119,phase1,lower,-10.0,4,-12.125162830056205,-9.981413798206242,-7.506929742581787,-5.019200745410015,-2.5092480198269356,1.7601953379536134e-06,lower,0.1
120,phase1,upper,-15.0,2,-12.519040896368548,-9.981413798206242,-7.506929742581787,-5.019200745410015,-2.5092480198269356,-0.05079508405866506,lower,0.1
121,phase1,lower,-10.0,4,-12.519040896368548,-10.029680968296594,-7.540846676319708,-5.041419673346638,-2.5243044345999506,-0.01215239465963205,lower,0.1
122,phase1,lower,-10.0,4,-12.519040896368548,-10.041734694292575,-7.548861458774593,-5.045293858318232,-2.525321875886178,-0.0019525550979524135,lower,0.1
123,phase1,lower,-10.0,4,-12.519040896368548,-10.044204670328934,-7.549927231081681,-5.044196107509612,-2.5228800579761046,0.0006893687488286629,lower,0.1
124,phase1,lower,-10.0,4,-12.519040896368548,-10.044156494530263,-7.549074325553036,-5.041713906999809,-2.519771101951573,0.001324918582444199,lower,0.1
125,phase1,lower,-10.0,4,-12.519040896368548,-10.04345585090834,-7.547636366428389,-5.038829553105521,-2.5167184846474884,0.0014296385877131026,lower,0.1
126,phase1,lower,-10.0,4,-12.519040896368548,-10.042587227731403,-7.545967886704884,-5.035829203426148,-2.5138971673508737,0.0013955858530980989,lower,0.1
127,phase1,lower,-10.0,4,-12.519040896368548,-10.041669266360962,-7.544166077081842,-5.032810696463477,-2.5113375732931535,0.0013268196047961276,lower,0.1
128,phase1,lower,-10.0,4,-12.519040896368548,-10.040724809788733,-7.542262056558448,-5.029818851146658,-2.5090328685383887,0.0012508640852550608,lower,0.1
129,phase1,lower,-10.0,4,-12.519040896368548,-10.039752756788975,-7.54027119730634,-5.026881709242063,-2.5069673796034886,0.0011749210080879893,lower,0.1
130,phase1,lower,-10.0,4,-12.519040896368548,-10.038747171933432,-7.538206046158786,-5.0240204184616815,-2.5051240542713313,0.0011008115661778359,lower,0.1
131,phase1,lower,-10.0,4,-12.519040896368548,-10.037702328946407,-7.536079361706468,-5.021252084916999,-2.5034863590231056,0.0010289470445451418,lower,0.1
132,phase1,lower,-10.0,4,-12.519040896368548,-10.036613979882322,-7.533904577273979,-5.018590736126814,-2.5020387051811035,0.0009593825015644001,lower,0.1
133,phase1,lower,-10.0,4,-12.519040896368548,-10.035479595370079,-7.5316956283128516,-5.016047763928782,-2.5007664914550363,0.0008920947616218162,lower,0.1
134,phase1,lower,-10.0,4,-12.519040896368548,-10.034298313378898,-7.529466655064078,-5.0136322135757805,-2.499656051778803,0.0008270540453298396,lower,0.1
135,phase1,lower,-10.0,4,-12.519040896368548,-10.033070798906618,-7.52723171209219,-5.0113510182997585,-2.498694584864977,0.0007642406813217779,lower,0.1
136,phase1,lower,-10.0,4,-12.519040896368548,-10.031799073611987,-7.525004515739724,-5.0092092073426295,-2.497870085346184,0.0007036472377342927,lower,0.1
137,phase1,lower,-10.0,4,-12.519040896368548,-10.0304863353108,-7.52279823407769,-5.007210096240637,-2.4971712812860183,0.0006452768580337564,lower,0.1
138,phase1,lower,-10.0,4,-12.519040896368548,-10.029136776015257,-7.52062531714013,-5.005355462815876,-2.4965875788031324,0.0005891407141348254,lower,0.1
139,phase1,upper,-15.0,2,-12.872997559904235,-10.029136776015257,-7.52062531714013,-5.005355462815876,-2.4965875788031324,-0.04223627404296067,lower,0.1
140,phase1,lower,-10.0,4,-12.872997559904235,-10.066298276766409,-7.545477374965142,-5.022531718628052,-2.5093292190038907,-0.009747126698961679,lower,0.1
141,phase1,lower,-10.0,4,-12.872997559904235,-10.072988600615348,-7.548761334803144,-5.0244969037747325,-2.510339634190017,-0.001231607830506335,lower,0.1
142,phase1,lower,-10.0,4,-12.872997559904235,-10.071674321081582,-7.546456668456592,-5.022511280907896,-2.508524497356373,0.0009177683482001955,lower,0.1
143,phase1,lower,-10.0,4,-12.872997559904235,-10.068326564305703,-7.542803059021482,-5.01958472761276,-2.5062248920068564,0.001381300398153032,lower,0.1
144,phase1,lower,-10.0,4,-12.872997559904235,-10.064531043418944,-7.5389218719871,-5.016530301378677,-2.5040387773733666,0.0014028998746090642,lower,0.1
145,phase1,lower,-10.0,4,-12.872997559904235,-10.060707516388613,-7.535107440376594,-5.013573884386954,-2.5021025432740522,0.001312996047183631,lower,0.1
146,phase1,lower,-10.0,4,-12.872997559904235,-10.056965812344945,-7.531435695215579,-5.010782471570508,-2.50043156764299,0.0011991928677326726,lower,0.1
147,phase1,lower,-10.0,4,-12.872997559904235,-10.053333527051048,-7.5279255681819075,-5.008178380870924,-2.4990106362578652,0.001084549512153921,lower,0.1
148,phase1,lower,-10.0,4,-12.872997559904235,-10.049816636603197,-7.524581568368685,-5.005769935594735,-2.497817873957108,0.0009749736127132752,lower,0.1
149,phase1,lower,-10.0,4,-12.872997559904235,-10.046415653528303,-7.521404824872949,-5.003559909193237,-2.4968310067307664,0.0008718205314260538,lower,0.1
150,phase1,lower,-10.0,4,-12.872997559904235,-10.043129932184485,-7.518395793996485,-5.001548028707693,-2.496028932523695,0.0007752429505856321,lower,0.1
151,phase1,lower,-10.0,4,-12.872997559904235,-10.039958799710158,-7.515554792677661,-4.999731872073534,-2.4953920507633263,0.0006850812597101784,lower,0.1
152,phase1,lower,-10.0,4,-12.872997559904235,-10.03690182587317,-7.512881991233753,-4.998107314517755,-2.4949022677142874,0.0006010999461156076,lower,0.1
153,phase1,lower,-10.0,4,-12.872997559904235,-10.033958852457722,-7.510377295060836,-4.996668833615154,-2.4945429213235877,0.0005230499575285533,lower,0.1
154,phase1,lower,-10.0,4,-12.872997559904235,-10.031129951756258,-7.508040225393309,-4.995409757460893,-2.4942986901117834,0.00045068470149862733,lower,0.1
155,phase1,upper,-15.0,2,-13.190578099686027,-10.031129951756258,-7.508040225393309,-4.995409757460893,-2.4942986901117834,-0.03497048365795595,lower,0.1
156,phase1,lower,-10.0,4,-13.190578099686027,-10.060294414412123,-7.52818516069278,-5.009943215556705,-2.5050900176636857,-0.008120858845709162,lower,0.1
157,phase1,lower,-10.0,4,-13.190578099686027,-10.064392262001327,-7.530610157401547,-5.01193979710439,-2.5061873104900974,-0.001096639708918444,lower,0.1
158,phase1,lower,-10.0,4,-13.190578099686027,-10.062001027279376,-7.528521887564255,-5.010705585049635,-2.5049519879271736,0.0006651904921916961,lower,0.1
159,phase1,lower,-10.0,4,-13.190578099686027,-10.058054441864892,-7.5254172505304044,-5.008723080421822,-2.5033164405712527,0.0010354974091956314,lower,0.1
160,phase1,lower,-10.0,4,-13.190578099686027,-10.053858775063167,-7.522214265985721,-5.006658176570156,-2.5017718493315355,0.001042896581375451,lower,0.1
161,phase1,lower,-10.0,4,-13.190578099686027,-10.049755717232184,-7.519147230452807,-5.004691530818124,-2.5004281244432196,0.0009604643339610789,lower,0.1
162,phase1,lower,-10.0,4,-13.190578099686027,-10.04583045065368,-7.5162701388159,-5.00287282111909,-2.4992955416836944,0.0008604428673432664,lower,0.1
163,phase1,lower,-10.0,4,-13.190578099686027,-10.042100020889293,-7.513590199620173,-5.001215220399504,-2.498359490027337,0.0007616976300571217,lower,0.1
164,phase1,lower,-10.0,4,-13.190578099686027,-10.03856351089533,-7.5111030670169034,-4.999720778646488,-2.497600228203495,0.0006689168950154346,lower,0.1
165,phase1,lower,-10.0,4,-13.190578099686027,-10.035215441301972,-7.5088019885512844,-4.998387407076184,-2.4969980289529814,0.0005830329584549996,lower,0.1
166,phase1,lower,-10.0,4,-13.190578099686027,-10.032049366364292,-7.5066800564156795,-4.9972109437723695,-2.4965344450043108,0.0005039927989902888,lower,0.1
167,phase1,lower,-10.0,4,-13.190578099686027,-10.02905884185034,-7.504730658319372,-4.99618588707181,-2.496192550260515,0.00043149465052400883,lower,0.1
168,phase1,lower,-10.0,4,-13.190578099686027,-10.026237678311771,-7.50294747860945,-4.99530575275738,-2.4959569146972482,0.0003651835923162899,lower,0.1
169,phase1,lower,-10.0,4,-13.190578099686027,-10.023579993108456,-7.501324404969121,-4.994563311614776,-2.495813514464286,0.00030470314565766917,lower,0.1
170,phase1,lower,-10.0,4,-13.190578099686027,-10.02108020146343,-7.49985543177216,-4.993950777676091,-2.495749630538249,0.000249708473623882,lower,0.1
171,phase1,lower,-10.0,4,-13.190578099686027,-10.018732986868041,-7.498534581242506,-4.993459967717681,-2.4957537498404636,0.00019986930589462921,lower,0.1
172,phase1,lower,-10.0,4,-13.190578099686027,-10.016533263930183,-7.497355845275421,-4.993082439134567,-2.495815472216958,0.0001548701036824503,lower,0.1
173,phase1,lower,-10.0,4,-13.190578099686027,-10.014476138971393,-7.496313146192337,-4.992809609548704,-2.495925423862615,0.00011440949190074425,lower,0.1
174,phase1,lower,-10.0,4,-13.190578099686027,-10.012556871150776,-7.495400313743041,-4.992632860341264,-2.4960751770156477,7.819951864957824e-05,lower,0.1
175,phase1,lower,-10.0,4,-13.190578099686027,-10.01077083584322,-7.494611075656106,-4.992543625844124,-2.4962571755490863,4.5964905466870084e-05,lower,0.1
176,phase1,lower,-10.0,4,-13.190578099686027,-10.00911349140959,-7.493939059259412,-4.992533469678849,-2.496464666041172,1.7442341032507654e-05,lower,0.1
177,phase1,lower,-10.0,4,-13.190578099686027,-10.007580350087641,-7.4933778019584505,-4.992594149556372,-2.496691633907741,-7.620162632108747e-06,lower,0.1
178,phase1,lower,-10.0,4,-13.190578099686027,-10.006166953421092,-7.492920768621213,-4.992717671708731,-2.49693274419651,-2.9463844634547496e-05,lower,0.1
179,phase1,lower,-10.0,4,-13.190578099686027,-10.004868852401275,-7.492561374162488,-4.992896336003638,-2.4971832866663193,-4.831969924057741e-05,lower,0.1
180,phase1,lower,-10.0,4,-13.190578099686027,-10.003681592306712,-7.492293009844677,-4.993122772688269,-2.497439124800434,-6.440891170216753e-05,lower,0.1
181,phase1,lower,-10.0,4,-13.190578099686027,-10.00260070208104,-7.492109072016934,-4.993389971617791,-2.4976966484302325,-7.794323030858157e-05,lower,0.1
182,phase1,lower,-10.0,4,-13.190578099686027,-10.001621687981908,-7.4920029922003835,-4.993691304744613,-2.4979527296730493,-8.912528052433637e-05,lower,0.1
183,phase1,lower,-10.0,4,-13.190578099686027,-10.000740031156228,-7.4919682675954355,-4.9940205425745905,-2.4982046819148063,-9.814882796785587e-05,lower,0.1
184,phase1,lower,-10.0,4,-13.190578099686027,-9.999951188745321,-7.49199849123883,-4.994371865234885,-2.498450221593902,-0.00010519899744845579,lower,0.1
185,phase1,lower,-10.0,4,-13.190578099686027,-9.999250598092376,-7.492087381174152,-4.994739868743682,-2.498687432567232,-0.0001104524554099001,lower,0.1
186,phase1,lower,-10.0,4,-13.190578099686027,-9.998633683610421,-7.492228808121221,-4.995119567023496,-2.498914732861966,-0.00011407756300506275,lower,0.1
187,phase1,lower,-10.0,4,-13.190578099686027,-9.998095865868207,-7.492416821237933,-4.995506390156244,-2.4991308436376385,-0.00011623450670598645,lower,0.1
188,phase1,lower,-10.0,4,-13.190578099686027,-9.997632572461214,-7.492645671663972,-4.995896179339123,-2.4993347602021903,-0.00011707541289390154,lower,0.1
189,phase1,lower,-10.0,4,-13.190578099686027,-9.997239250253095,-7.492909833620084,-4.996285178964677,-2.499525724942747,-0.00011674445231563028,lower,0.1
190,phase1,lower,-10.0,4,-13.190578099686027,-9.996911378596877,-7.493204022910411,-4.996670026215895,-2.499703202047268,-0.0001153779396698745,lower,0.1
191,phase1,lower,-10.0,4,-13.190578099686027,-9.996644483173935,-7.493523212739417,-4.9970477385372005,-2.4998668539067057,-0.00011310443293241486,lower,0.1
192,phase1,lower,-10.0,4,-13.190578099686027,-9.996434150120121,-7.493862646810211,-4.997415699314402,-2.500016519099187,-0.00011004483636175284,lower,0.1
193,phase1,lower,-10.0,4,-13.190578099686027,-9.996276040141856,-7.49421784971817,-4.997771642070772,-2.500152191867982,-0.00010631251046795922,lower,0.1
194,phase1,lower,-10.0,4,-13.190578099686027,-9.996165902358907,-7.494584634693585,-4.998113633462122,-2.5002740030138484,-0.0001020133915888278,lower,0.1
195,phase1,lower,-10.0,4,-13.190578099686027,-9.996099587644805,-7.494959108780176,-4.99844005533086,-2.500382202129857,-9.724612311258989e-05,lower,0.1
196,phase1,upper,-15.0,2,-13.474922365107593,-9.996099587644805,-7.494959108780176,-4.99844005533086,-2.500382202129857,-0.028747200657775487,lower,0.1
197,phase1,lower,-10.0,4,-13.474922365107593,-10.02185802035034,-7.513387146920298,-5.0113842160071655,-2.5093213820779283,-0.006970956283593143,lower,0.1
198,phase1,lower,-10.0,4,-13.474922365107593,-10.02728479366257,-7.517349842705037,-5.014037945692824,-2.5103355565090535,-0.0012341572568207028,lower,0.1
199,phase1,lower,-10.0,4,-13.474922365107593,-10.027402040097956,-7.517527928399759,-5.013934778332278,-2.5093889864406678,0.00024241124220066997,lower,0.1
200,phase1,lower,-10.0,4,-13.474922365107593,-10.026196458810155,-7.516749293294573,-5.013089660022388,-2.5080539740310175,0.0005897580775626588,lower,0.1
201,phase1,lower,-10.0,4,-13.474922365107593,-10.024720959988791,-7.51575670890957,-5.012048646584453,-2.5067364017189897,0.0006399774834285478,lower,0.1
202,phase1,lower,-10.0,4,-13.474922365107593,-10.023248555145784,-7.514740682083358,-5.010965649999539,-2.5055330904668662,0.0006140584473000066,lower,0.1
203,phase1,lower,-10.0,4,-13.474922365107593,-10.021845115236971,-7.513746609480492,-5.00988886960387,-2.504459635203116,0.0005705508828333637,lower,0.1
204,phase1,lower,-10.0,4,-13.474922365107593,-10.020521768866773,-7.51278272878122,-5.008837112488998,-2.5035108987816272,0.0005248346458981268,lower,0.1
205,phase1,lower,-10.0,4,-13.474922365107593,-10.01927551367691,-7.5118485672427715,-5.007820239541913,-2.5026770250299215,0.00048082553175975265,lower,0.1
206,phase1,lower,-10.0,4,-13.474922365107593,-10.018100076054912,-7.510942286833955,-5.00684473989568,-2.5019476309985813,0.0004394041618348737,lower,0.1
207,phase1,lower,-10.0,4,-13.474922365107593,-10.016988833387165,-7.510062447209205,-5.005915335786992,-2.5013128607052164,0.00040065674712935534,lower,0.1
208,phase1,lower,-10.0,4,-13.474922365107593,-10.015935603696953,-7.5092083098894875,-5.005035517946167,-2.500763608574634,0.0003644705345372968,lower,0.1
209,phase1,lower,-10.0,4,-13.474922365107593,-10.014934850835123,-7.508379777325596,-5.0042077842678525,-2.500291526245326,0.00033069162422925545,lower,0.1
210,phase1,lower,-10.0,4,-13.474922365107593,-10.013981721022365,-7.5075772553118,-5.003433788757426,-2.499888975858463,0.0002991662691721536,lower,0.1
211,phase1,lower,-10.0,4,-13.474922365107593,-10.013072024809054,-7.506801513332598,-5.002714457143926,-2.4995489730978226,0.0002697510783713516,lower,0.1
212,phase1,lower,-10.0,4,-13.474922365107593,-10.012202197690874,-7.506053560724492,-5.002050085329755,-2.499265131332103,0.00024231488088603025,lower,0.1
213,phase1,lower,-10.0,4,-13.474922365107593,-10.011369250601438,-7.505334541611968,-5.001440425993197,-2.4990316096852006,0.00021673833950122144,lower,0.1
214,phase1,lower,-10.0,4,-13.474922365107593,-10.010570715196941,-7.504645647753489,-5.00088476563307,-2.498843065565835,0.00019291296343576012,lower,0.1
215,phase1,lower,-10.0,4,-13.474922365107593,-10.009804586785505,-7.503988047553509,-5.000381993417538,-2.4986946115612705,0.000170739982071211,lower,0.1
216,phase1,lower,-10.0,4,-13.474922365107593,-10.00906926687844,-7.503362829391944,-4.999930662846662,-2.49858177642535,0.0001501292200110417,lower,0.1
217,phase1,lower,-10.0,4,-13.474922365107593,-10.00836350683178,-7.502770957516673,-4.999529047053288,-2.4985004698435698,0.00013099802328438566,lower,0.1
218,phase1,lower,-10.0,4,-13.474922365107593,-10.007686353679311,-7.502213238884157,-4.999175188439481,-2.498446950649566,0.00011327025836594382,lower,0.1
219,phase1,lower,-10.0,4,-13.474922365107593,-10.007037098967267,-7.50169029947745,-4.998866943244915,-2.4984177981733797,9.68753948877531e-05,lower,0.1
220,phase1,lower,-10.0,4,-13.474922365107593,-10.006415231162885,-7.501202568769193,-4.99860202155998,-2.4984098864146635,8.174767738466782e-05,lower,0.1
221,phase1,lower,-10.0,4,-13.474922365107593,-10.00582039201387,-7.50075027112689,-4.998378023225832,-2.498420360750542,6.782538783813701e-05,lower,0.1
222,phase1,lower,-10.0,4,-13.474922365107593,-10.005252337076117,-7.500333423078497,-4.998192470004174,-2.4984466169067647,5.505019818987389e-05,lower,0.1
223,phase1,lower,-10.0,4,-13.474922365107593,-10.004710900497985,-7.49995183546827,-4.998042834349469,-2.4984862819409837,4.33666100619617e-05,lower,0.1
224,phase1,lower,-10.0,4,-13.474922365107593,-10.004195964045957,-7.499605119636248,-4.997926565074315,-2.498537197007842,3.27214774857121e-05,lower,0.1
225,phase1,lower,-10.0,4,-13.474922365107593,-10.003707430275249,-7.499292696850177,-4.997841110163581,-2.498597401696402,2.306360741183305e-05,lower,0.1
226,phase1,lower,-10.0,4,-13.474922365107593,-10.003245199686072,-7.499013810306371,-4.997783936963723,-2.49866511975095,1.4343432079348288e-05,lower,0.1
227,phase1,lower,-10.0,4,-13.474922365107593,-10.00280915165923,-7.498767539096644,-4.997752549949371,-2.4987387460059574,6.5127468930390085e-06,lower,0.1
228,phase1,upper,-15.0,2,-13.728088424207408,-10.00280915165923,-7.498767539096644,-4.997752549949371,-2.4987387460059574,-0.022963664949312942,lower,0.1
229,phase1,lower,-10.0,4,-13.728088424207408,-10.023072288857355,-7.513024025560794,-5.007874354613267,-2.505907728239656,-0.005515615157605697,lower,0.1
230,phase1,lower,-10.0,4,-13.728088424207408,-10.027031516169545,-7.5157125929063255,-5.009781124968522,-2.506736259598434,-0.0009266714060553601,lower,0.1
231,phase1,lower,-10.0,4,-13.728088424207408,-10.026733628108673,-7.515397638170254,-5.009511223237588,-2.5060046316378504,0.0002472004551952289,lower,0.1
232,phase1,lower,-10.0,4,-13.728088424207408,-10.025377548705155,-7.514347188661876,-5.008678365263855,-2.504971951331241,0.0005163078379989039,lower,0.1
233,phase1,lower,-10.0,4,-13.728088424207408,-10.02380983564663,-7.513157212662966,-5.0077185000774715,-2.503962226366751,0.0005477928532219231,lower,0.1
234,phase1,lower,-10.0,4,-13.728088424207408,-10.022251559780363,-7.511980611086328,-5.006753116243929,-2.5030517548161573,0.0005188381684949185,lower,0.1
235,phase1,lower,-10.0,4,-13.728088424207408,-10.020757510559314,-7.5108536779411965,-5.005818909177783,-2.5022517929296337,0.00047638651496843983,lower,0.1
236,phase1,lower,-10.0,4,-13.728088424207408,-10.01933837943403,-7.509782674079736,-5.004928989906773,-2.501557056145633,0.000432765169806675,lower,0.1
237,phase1,lower,-10.0,4,-13.728088424207408,-10.017993320245774,-7.508766659560896,-5.004089294786908,-2.5009585570988935,0.00039110657606175044,lower,0.1
238,phase1,lower,-10.0,4,-13.728088424207408,-10.01671865825883,-7.507803406102087,-5.003303070282222,-2.5004469659563084,0.0003521064939525426,lower,0.1
239,phase1,lower,-10.0,4,-13.728088424207408,-10.015510237198598,-7.5068908336206785,-5.002572173552898,-2.5000134541361656,0.00031582081997632075,lower,0.1
240,phase1,lower,-10.0,4,-13.728088424207408,-10.014364058102826,-7.506027276600712,-5.001897514080163,-2.499649872026554,0.00028214327652581494,lower,0.1
241,phase1,lower,-10.0,4,-13.728088424207408,-10.01327645100374,-7.505211456983888,-5.00127925593141,-2.499348752728076,0.0002509322353250789,lower,0.1
242,phase1,lower,-10.0,4,-13.728088424207408,-10.012244112589963,-7.50444239473185,-5.000716946679906,-2.499103272616959,0.00022204412274954451,lower,0.1
243,phase1,lower,-10.0,4,-13.728088424207408,-10.011264101093678,-7.503719315747154,-5.000209618250557,-2.498907203439426,0.00019534189082638155,lower,0.1
244,phase1,upper,-15.0,2,-13.952536747011814,-10.011264101093678,-7.503719315747154,-5.000209618250557,-2.498907203439426,-0.01784545800171934,lower,0.1
245,phase1,lower,-10.0,4,-13.952536747011814,-10.026570534760573,-7.5144072753342215,-5.0077118654727455,-2.5043240599878938,-0.004160899257580578,lower,0.1
246,phase1,lower,-10.0,4,-13.952536747011814,-10.02909901814976,-7.516030692875838,-5.008797379827436,-2.504797189673236,-0.0005745837324655511,lower,0.1
247,phase1,lower,-10.0,4,-13.952536747011814,-10.028309310981586,-7.515316504540055,-5.008208461438048,-2.504077236009972,0.0003307648981504721,lower,0.1
248,phase1,lower,-10.0,4,-13.952536747011814,-10.026712341929098,-7.514046512570099,-5.007211990369657,-2.5031496253545082,0.0005266736782175327,lower,0.1
249,phase1,lower,-10.0,4,-13.952536747011814,-10.024971752682802,-7.512689278540084,-5.006149574501751,-2.5022656534071746,0.0005370516365440009,lower,0.1
250,phase1,lower,-10.0,4,-13.952536747011814,-10.02326015879564,-7.511365338803374,-5.005115631850245,-2.5014823368174697,0.0005009983514276214,lower,0.1
251,phase1,lower,-10.0,4,-13.952536747011814,-10.02161977828013,-7.510103579006871,-5.0041378078884,-2.50080585804884,0.0004553273943215707,lower,0.1
252,phase1,lower,-10.0,4,-13.952536747011814,-10.020058363697915,-7.508909208256223,-5.003225081537085,-2.500229637641137,0.00040966932143592213,lower,0.1
253,phase1,upper,-15.0,2,-14.150656590540088,-10.020058363697915,-7.508909208256223,-5.003225081537085,-2.500229637641137,-0.013359190489561197,lower,0.1
254,phase1,lower,-10.0,4,-14.150656590540088,-10.03096671959435,-7.516456058395807,-5.008452749694122,-2.5039948456744745,-0.0029394667132283045,lower,0.1
255,phase1,lower,-10.0,4,-14.150656590540088,-10.032161173516402,-7.517115803702612,-5.008812923281093,-2.5040391724907516,-0.0002253412615515179,lower,0.1
256,phase1,lower,-10.0,4,-14.150656590540088,-10.030859443670419,-7.516021255670265,-5.007926388437541,-2.503219952135175,0.0004441887020014213,lower,0.1
257,phase1,lower,-10.0,4,-14.150656590540088,-10.028975855038603,-7.514531298988727,-5.006760854421235,-2.502284459871245,0.0005737629365981122,lower,0.1
258,phase1,lower,-10.0,4,-14.150656590540088,-10.027015012790676,-7.513002780868574,-5.005577381398531,-2.5014200677338776,0.0005631585796597081,lower,0.1
259,phase1,lower,-10.0,4,-14.150656590540088,-10.025106946876774,-7.511527120754488,-5.004447980129417,-2.5006662445596897,0.0005184592326383969,lower,0.1
260,phase1,lower,-10.0,4,-14.150656590540088,-10.02328235095517,-7.5101259220701175,-5.0033933705402625,-2.500024008020811,0.00046768562349830324,lower,0.1
261,phase1,lower,-10.0,4,-14.150656590540088,-10.021545791005517,-7.508802801394431,-5.0024197495311205,-2.4994849551006673,0.00041811633245083797,lower,0.1
262,phase1,lower,-10.0,4,-14.150656590540088,-10.019895187345202,-7.5075570221991565,-5.001528695881506,-2.4990389181963795,0.0003715252929697096,lower,0.1
263,phase1,lower,-10.0,4,-14.150656590540088,-10.018326998066925,-7.506386998173877,-5.000719919326957,-2.4986759432290175,0.0003282322163433329,lower,0.1
264,phase1,lower,-10.0,4,-14.150656590540088,-10.016837589082911,-7.505291123995776,-4.99999209418291,-2.4983867622774945,0.0002881790080204871,lower,0.1
265,phase1,lower,-10.0,4,-14.150656590540088,-10.01542358146698,-7.504267913682084,-4.999343172054737,-2.498162869831957,0.0002512154821600396,lower,0.1
266,phase1,lower,-10.0,4,-14.150656590540088,-10.014081920754546,-7.503315970735397,-4.998770545659754,-2.497996497367852,0.0002171748023322942,lower,0.1
267,phase1,lower,-10.0,4,-14.150656590540088,-10.01280986843053,-7.502433927451846,-4.998271163810331,-2.4978805644130224,0.00018589297951446577,lower,0.1
268,phase1,lower,-10.0,4,-14.150656590540088,-10.0116049706511,-7.501620388104175,-4.997841625163817,-2.497808626693244,0.000157213482316498,lower,0.1
269,phase1,lower,-10.0,4,-14.150656590540088,-10.010465020262322,-7.500873883587513,-4.997478258961532,-2.4977748266165545,0.00013098789541465824,lower,0.1
270,phase1,lower,-10.0,4,-14.150656590540088,-10.009388017488968,-7.500192838060584,-4.997177195717101,-2.4977738472746314,0.00010707554981592352,lower,0.1
271,phase1,lower,-10.0,4,-14.150656590540088,-10.008372131551296,-7.499575546385285,-4.996934429320914,-2.497800870052864,8.53429138088676e-05,lower,0.1
272,phase1,lower,-10.0,4,-14.150656590540088,-10.007415664412267,-7.499020160843666,-4.996745871548744,-2.4978515356555846,6.566296202499468e-05,lower,0.1
273,phase1,lower,-10.0,4,-14.150656590540088,-10.006517017389585,-7.498524685651746,-4.996607399764765,-2.497921908284647,4.7914584962340166e-05,lower,0.1
274,phase1,upper,-15.0,2,-14.325249188489009,-10.006517017389585,-7.498524685651746,-4.996607399764765,-2.497921908284647,-0.009739609240381107,lower,0.1
275,phase1,lower,-10.0,4,-14.325249188489009,-10.014483432532144,-7.504253117927567,-5.000831196502968,-2.501029851306569,-0.002318002412872627,lower,0.1
276,phase1,lower,-10.0,4,-14.325249188489009,-10.015546603243271,-7.505095048810893,-5.001587556222915,-2.5014477758233196,-0.0003742564087865667,lower,0.1
277,phase1,lower,-10.0,4,-14.325249188489009,-10.014838278567941,-7.5046978891199565,-5.001446388580582,-2.501210191448538,0.00011561633549387976,lower,0.1
278,phase1,lower,-10.0,4,-14.325249188489009,-10.013720184921198,-7.504026110259562,-5.001092338188295,-2.500851493505761,0.0002211670307297238,lower,0.1
279,phase1,lower,-10.0,4,-14.325249188489009,-10.012551727127377,-7.503331657807212,-5.000708289202461,-2.50050786618645,0.0002265832253000887,lower,0.1
280,phase1,lower,-10.0,4,-14.325249188489009,-10.01142579529259,-7.502677631643153,-5.0003432334360225,-2.5002101587209866,0.00020728553311861664,lower,0.1
281,phase1,lower,-10.0,4,-14.325249188489009,-10.01036442194784,-7.502077401518041,-5.000010143999847,-2.4999617024563117,0.00018320284474466705,lower,0.1
282,phase1,lower,-10.0,4,-14.325249188489009,-10.009370837344589,-7.5015315084224286,-4.999712066751847,-2.4997589611234523,0.00015951747486687382,lower,0.1
283,phase1,lower,-10.0,4,-14.325249188489009,-10.008443338724991,-7.501037406365306,-4.999449120740857,-2.4995969863454346,0.0001374966847819745,lower,0.1
284,phase1,lower,-10.0,4,-14.325249188489009,-10.007578998472718,-7.500591994717737,-4.999220415429868,-2.4994708357722017,0.00011737220934362596,lower,0.1
285,phase1,lower,-10.0,4,-14.325249188489009,-10.00677466310881,-7.500192243195679,-4.999024609308039,-2.499375919834981,9.910579761085838e-05,lower,0.1
286,phase1,lower,-10.0,4,-14.325249188489009,-10.006027225899647,-7.499835317816766,-4.998860100852663,-2.4993080655800606,8.259269504444872e-05,lower,0.1
287,phase1,lower,-10.0,4,-14.325249188489009,-10.005333701665819,-7.4995185812042395,-4.998725116026091,-2.499263507160176,6.771563775179748e-05,lower,0.1
288,phase1,lower,-10.0,4,-14.325249188489009,-10.004691245545684,-7.499239565582179,-4.998617763206717,-2.499238858651831,5.435905328214969e-05,lower,0.1
289,phase1,lower,-10.0,4,-14.325249188489009,-10.00409715440138,-7.49899594378205,-4.998536074993282,-2.499231083933104,4.241264564434034e-05,lower,0.1
290,phase1,lower,-10.0,4,-14.325249188489009,-10.003548861958366,-7.498785504249695,-4.9984780425725335,-2.499237467460857,3.177213494387317e-05,lower,0.1
291,phase1,lower,-10.0,4,-14.325249188489009,-10.003043931266049,-7.498606130978831,-4.998441644623878,-2.4992555868805146,2.2339228247443892e-05,lower,0.1
292,phase1,lower,-10.0,4,-14.325249188489009,-10.002580045931905,-7.498455788021785,-4.9984248716928725,-2.4992832876237236,1.4021382101557467e-05,lower,0.1
293,phase1,lower,-10.0,4,-14.325249188489009,-10.002155000897002,-7.498332507954596,-4.998425746641069,-2.4993186594400623,6.731511936561143e-06,lower,0.1
294,phase1,lower,-10.0,4,-14.325249188489009,-10.001766693242018,-7.498234383661278,-4.998442341652128,-2.49936001475344,3.876941251715067e-07,lower,0.1
295,phase1,lower,-10.0,4,-14.325249188489009,-10.00141311335923,-7.498159562854385,-4.998472792203827,-2.4994058687209293,-5.087124044576315e-06,lower,0.1
296,phase1,upper,-15.0,2,-14.478172236018388,-10.00141311335923,-7.498159562854385,-4.998472792203827,-2.4994058687209293,-0.006482354815515255,lower,0.1
297,phase1,lower,-10.0,4,-14.478172236018388,-10.006921877642709,-7.5021869234594725,-5.001371783417072,-2.5014544534078733,-0.00156495737317842,lower,0.1
298,phase1,lower,-10.0,4,-14.478172236018388,-10.007856843860244,-7.502963488837388,-5.001958697202516,-2.5017162929072922,-0.00027314349570198407,lower,0.1
299,phase1,lower,-10.0,4,-14.478172236018388,-10.00761333750409,-7.502902969490576,-5.001935299270525,-2.5015387084488636,5.612058431822936e-05,lower,0.1
300,phase1,lower,-10.0,4,-14.478172236018388,-10.007091792176853,-7.502643666564085,-5.001755737959278,-2.5012761980914355,0.00013065865210940006,lower,0.1
301,phase1,lower,-10.0,4,-14.478172236018388,-10.006529386828678,-7.50235245936123,-5.001542119860503,-2.5010196658274664,0.00013855118538526806,lower,0.1
302,phase1,lower,-10.0,4,-14.478172236018388,-10.005986998015088,-7.502071361122743,-5.00132795028879,-2.5007902460679414,0.00012972022342948753,lower,0.1
303,phase1,lower,-10.0,4,-14.478172236018388,-10.005478686124766,-7.501809574102494,-5.001122895618391,-2.5005908044733642,0.00011736503920281607,lower,0.1
304,phase1,lower,-10.0,4,-14.478172236018388,-10.005006146387258,-7.501567900254785,-5.000930041985308,-2.500419606402106,0.00010492673058456734,lower,0.1
305,phase1,lower,-10.0,4,-14.478172236018388,-10.004567887716483,-7.501345177941992,-5.00075052071362,-2.5002739296017915,9.325631658823099e-05,lower,0.1
306,phase1,lower,-10.0,4,-14.478172236018388,-10.004161686054104,-7.501139947575793,-5.000584770606918,-2.5001510049847293,8.252028785157059e-05,lower,0.1
307,phase1,upper,-15.0,2,-14.61130891248245,-10.004161686054104,-7.501139947575793,-5.000584770606918,-2.5001510049847293,-0.0036254129533194804,lower,0.1
308,phase1,lower,-10.0,4,-14.61130891248245,-10.00712238386426,-7.503286853100582,-5.002068100521713,-2.5011928873483673,-0.0008175676320999012,lower,0.1
309,phase1,lower,-10.0,4,-14.61130891248245,-10.007474641656781,-7.503576486120299,-5.0022357286790715,-2.5012285724901355,-8.47486169082818e-05,lower,0.1
310,phase1,lower,-10.0,4,-14.61130891248245,-10.007161099858351,-7.503390551805343,-5.002062511609681,-2.501027771008673,9.74804666085002e-05,lower,0.1
311,phase1,lower,-10.0,4,-14.61130891248245,-10.006696312633103,-7.503094530294383,-5.0018089282203215,-2.500791979381097,0.00013428887325576288,lower,0.1
312,phase1,lower,-10.0,4,-14.61130891248245,-10.0062152744133,-7.50278411997368,-5.001545227001092,-2.500571919389613,0.00013331875627946754,lower,0.1
313,phase1,lower,-10.0,4,-14.61130891248245,-10.005752172088686,-7.502483598690095,-5.0012908037392565,-2.5003784833946607,0.0001231251807928942,lower,0.1
314,phase1,lower,-10.0,4,-14.61130891248245,-10.005314502086113,-7.502198498849349,-5.001051291999161,-2.5002122066119457,0.00011124329103352984,lower,0.1
315,phase1,lower,-10.0,4,-14.61130891248245,-10.004902782800507,-7.5019295628035865,-5.000828458122964,-2.5000710829090633,9.962411967111427e-05,lower,0.1
316,phase1,lower,-10.0,4,-14.61130891248245,-10.00451579909311,-7.501676412200214,-5.00062286268048,-2.499952624942616,8.873779047032434e-05,lower,0.1
317,phase1,lower,-10.0,4,-14.61130891248245,-10.004151996392396,-7.501438488994137,-5.000434595291788,-2.4998543954989976,7.866415333353195e-05,lower,0.1
318,phase1,lower,-10.0,4,-14.61130891248245,-10.00380984791457,-7.5012152765075495,-5.000263494001098,-2.499774133636705,6.938255238652443e-05,lower,0.1
319,phase1,lower,-10.0,4,-14.61130891248245,-10.003487946476719,-7.501006333820911,-5.00010922473179,-2.4997097742801877,6.084867020447039e-05,lower,0.1
320,phase1,lower,-10.0,4,-14.61130891248245,-10.003185021407953,-7.500811284708063,-4.999971320998468,-2.4996594406082626,5.301475144371325e-05,lower,0.1
321,phase1,lower,-10.0,4,-14.61130891248245,-10.002899934461665,-7.500629798152797,-4.9998492108102734,-2.4996214302724793,4.583476543674279e-05,lower,0.1
322,phase1,lower,-10.0,4,-14.61130891248245,-10.002631669541884,-7.500461569835981,-4.999742238190451,-2.4995942009744807,3.926556320276362e-05,lower,0.1
323,phase1,lower,-10.0,4,-14.61130891248245,-10.002379320564412,-7.500306306674551,-4.999649681516611,-2.499576356805631,3.326697365781336e-05,lower,0.1
324,phase1,lower,-10.0,4,-14.61130891248245,-10.002142078899134,-7.500163714590325,-4.999570769468347,-2.4995666356538555,2.780162622312659e-05,lower,0.1
325,phase1,upper,-15.0,2,-14.726669847992465,-10.002142078899134,-7.500163714590325,-4.999570769468347,-2.4995666356538555,-0.0012623737010517347,lower,0.1
326,phase1,lower,-10.0,4,-14.726669847992465,-10.0030803787992,-7.500846299673452,-5.000073662285332,-2.4999621748143825,-0.0002869363838718165,lower,0.1
327,phase1,lower,-10.0,4,-14.726669847992465,-10.00311521363211,-7.5008894857200845,-5.000125967178568,-2.500007364719461,-3.3340500636880424e-05,lower,0.1
328,phase1,lower,-10.0,4,-14.726669847992465,-10.002922647291483,-7.500774043727709,-5.00006612883528,-2.499969841312955,2.8833001797210384e-05,lower,0.1
329,phase1,lower,-10.0,4,-14.726669847992465,-10.002681837233487,-7.500627075151112,-4.999984062419804,-2.4999195510542864,4.0555560678910466e-05,lower,0.1
330,phase1,lower,-10.0,4,-14.726669847992465,-10.002439861020637,-7.500481745298529,-4.99990352993389,-2.4998739971974357,3.9274449401322976e-05,lower,0.1
331,phase1,lower,-10.0,4,-14.726669847992465,-10.002208702443966,-7.500346311734446,-4.999830636426066,-2.4998368419298824,3.4918675330555895e-05,lower,0.1
332,phase1,lower,-10.0,4,-14.726669847992465,-10.001991036565215,-7.500222460888992,-4.999766735422891,-2.499808160198007,3.010334369732634e-05,lower,0.1
333,phase1,lower,-10.0,4,-14.726669847992465,-10.001787085988266,-7.500110171692595,-4.999711871657967,-2.49978715827743,2.550050654451219e-05,lower,0.1
334,phase1,lower,-10.0,4,-14.726669847992465,-10.001596444102809,-7.500008999684026,-4.999665706815404,-2.499772889735256,2.126685954700049e-05,lower,0.1
335,phase1,lower,-10.0,4,-14.726669847992465,-10.00141855948734,-7.499918411276342,-4.9996277748153615,-2.499764439496147,1.7423231956027904e-05,lower,0.1
336,phase1,lower,-10.0,4,-14.726669847992465,-10.001252863757479,-7.499837866992415,-4.999597557652513,-2.4997609669512646,1.3955425648130784e-05,lower,0.1
337,phase1,lower,-10.0,4,-14.726669847992465,-10.00109880419789,-7.499766839227609,-4.99957451244864,-2.499761712013581,1.0840974971347918e-05,lower,0.1
338,phase1,lower,-10.0,4,-14.726669847992465,-10.000955850823386,-7.499704813681284,-4.999558084574201,-2.499765991718823,8.05621082931961e-06,lower,0.1
339,phase1,lower,-10.0,4,-14.726669847992465,-10.00082349651943,-7.499651287354916,-4.9995477162118105,-2.4997731946860484,5.578087814110277e-06,lower,0.1
340,phase1,lower,-10.0,4,-14.726669847992465,-10.000701255323946,-7.499605766397841,-4.999542852948435,-2.4997827753586885,3.3846196131470335e-06,lower,0.1
341,phase1,lower,-10.0,4,-14.726669847992465,-10.000588660273685,-7.499567764541539,-4.999542949168374,-2.4997942485131355,1.4549460703238985e-06,lower,0.1
342,phase1,upper,-15.0,2,-14.825980386477266,-10.000588660273685,-7.499567764541539,-4.999542949168374,-2.4997942485131355,0.0007388746776121509,lower,0.1
343,phase1,lower,-10.0,4,-14.825980386477266,-9.99982158349062,-7.49907222777256,-4.99922227042561,-2.4995795426700624,0.00017682378231807946,lower,0.1
344,phase1,lower,-10.0,4,-14.825980386477266,-9.999587506514727,-7.498955600450617,-4.999169906690614,-2.4995695710820476,2.7844196441948404e-05,lower,0.1
345,phase1,lower,-10.0,4,-14.825980386477266,-9.999499256131518,-7.498942427767127,-4.999191437082994,-2.4996104996796777,-1.1268416521237204e-05,lower,0.1
346,phase1,lower,-10.0,4,-14.825980386477266,-9.999453714869947,-7.498959393435284,-4.9992345119097905,-2.4996615823988093,-2.112154402042588e-05,lower,0.1
347,phase1,lower,-10.0,4,-14.825980386477266,-9.999423292116099,-7.4989868651767315,-4.999284619083302,-2.4997121351493585,-2.3149965036992495e-05,lower,0.1
348,phase1,lower,-10.0,4,-14.825980386477266,-9.999400484390694,-7.499019441517999,-4.999337370710813,-2.4997594645828394,-2.305823873232898e-05,lower,0.1
349,phase1,lower,-10.0,4,-14.825980386477266,-9.999383132518282,-7.499055472970118,-4.999391131159208,-2.4998030004019354,-2.236894492131984e-05,lower,0.1
350,phase1,lower,-10.0,4,-14.825980386477266,-9.999370498613894,-7.499094284416528,-4.9994450527938366,-2.4998427351285444,-2.1492584343830664e-05,lower,0.1
351,phase1,lower,-10.0,4,-14.825980386477266,-9.999362220520068,-7.499135443799066,-4.99949854955486,-2.4998788090080137,-2.054369572902553e-05,lower,0.1
352,phase1,lower,-10.0,4,-14.825980386477266,-9.999358032174122,-7.499178573931487,-4.999551153045371,-2.4999113993940845,-1.9557841771410167e-05,lower,0.1
353,phase1,lower,-10.0,4,-14.825980386477266,-9.999357688407454,-7.49922330791064,-4.999602470563754,-2.4999406911245483,-1.8549316967161754e-05,lower,0.1
354,phase1,lower,-10.0,4,-14.825980386477266,-9.999360944743042,-7.499269281972227,-4.99965217046886,-2.4999668684615535,-1.752650473261433e-05,lower,0.1
355,phase1,lower,-10.0,4,-14.825980386477266,-9.999367552320221,-7.49931613762506,-4.999699975019757,-2.4999901127873403,-1.6495968775087404e-05,lower,0.1
356,phase1,lower,-10.0,4,-14.825980386477266,-9.999377257222601,-7.499363525628088,-4.999745655390663,-2.500010601844235,-1.546354409078654e-05,lower,0.1
357,phase1,lower,-10.0,4,-14.825980386477266,-9.999389801252832,-7.499411109884072,-4.999789027435417,-2.500028509393636,-1.4434626536447116e-05,lower,0.1
358,phase1,lower,-10.0,4,-14.825980386477266,-9.999404923279839,-7.499458570786968,-4.999829947808559,-2.5000440049912678,-1.3414246965149452e-05,lower,0.1
359,phase1,lower,-10.0,4,-14.825980386477266,-9.99942236085282,-7.499505607947407,-4.999868310327209,-2.5000572537963395,-1.2407086860926719e-05,lower,0.1
360,phase1,lower,-10.0,4,-14.825980386477266,-9.999441851940453,-7.499551942321664,-4.999904042533769,-2.500068416392126,-1.1417478103250172e-05,lower,0.1
361,phase1,lower,-10.0,4,-14.825980386477266,-9.999463136708867,-7.499597317794372,-4.99993710244138,-2.5000776486123315,-1.0449398894900595e-05,lower,0.1
362,phase1,lower,-10.0,4,-14.825980386477266,-9.999485959276422,-7.499641502269685,-4.999967475451373,-2.5000851013727425,-9.506469575559636e-06,lower,0.1
363,phase1,lower,-10.0,4,-14.825980386477266,-9.999510069398365,-7.499684288324505,-4.999995171435071,-2.5000909205094377,-8.591949683075885e-06,lower,0.1
364,phase1,lower,-10.0,4,-14.825980386477266,-9.999535224045694,-7.499725493474868,-5.000020221974007,-2.5000952466255515,-7.708736872785908e-06,lower,0.1
365,phase1,lower,-10.0,4,-14.825980386477266,-9.999561188851796,-7.499764960103599,-5.000042677753811,-2.500098214948842,-6.859368002599028e-06,lower,0.1
366,phase1,lower,-10.0,4,-14.825980386477266,-9.99958773940818,-7.49980255509426,-5.000062606107818,-2.500099955202377,-6.046022526978428e-06,lower,0.1
367,phase1,lower,-10.0,4,-14.825980386477266,-9.999614662397061,-7.499838169213332,-5.0000800887070405,-2.500100591490529,-5.270528232213898e-06,lower,0.1
368,phase1,lower,-10.0,4,-14.825980386477266,-9.999641756554098,-7.499871716279528,-5.000095219393497,-2.5001002422023064,-4.5343692628860285e-06,lower,0.1
369,phase1,lower,-10.0,4,-14.825980386477266,-9.999668833458978,-7.499903132156147,-5.000108102154111,-2.5000990199337263,-3.838696325842497e-06,lower,0.1
370,phase1,lower,-10.0,4,-14.825980386477266,-9.999695718155388,-7.499932373599452,-5.000118849232473,-2.500097031430684,-3.184338911906146e-06,lower,0.1
371,phase1,lower,-10.0,4,-14.825980386477266,-9.999722249604815,-7.499959416993259,-5.000127579375739,-2.500094377553378,-2.571819339488161e-06,lower,0.1
372,phase1,upper,-15.0,2,-14.910846940161582,-9.999722249604815,-7.499959416993259,-5.000127579375739,-2.500094377553378,0.0024159329170634694,lower,0.1
373,phase1,lower,-10.0,4,-14.910846940161582,-9.997571626718303,-7.498460599013245,-4.999067855625047,-2.499344560850917,0.0005786816188083222,lower,0.1
374,phase1,lower,-10.0,4,-14.910846940161582,-9.997139710490869,-7.49818075750654,-4.998873525058633,-2.499262175044623,9.539327535167625e-05,lower,0.1
375,phase1,lower,-10.0,4,-14.910846940161582,-9.99715796124462,-7.498218044767701,-4.998908702135304,-2.4993438695444334,-2.828852976218127e-05,lower,0.1
376,phase1,lower,-10.0,4,-14.910846940161582,-9.997289429273714,-7.4983335545333345,-4.999003377445353,-2.4994570431084324,-5.667542801087865e-05,lower,0.1
377,phase1,lower,-10.0,4,-14.910846940161582,-9.997444849684886,-7.498464433726193,-4.999111557061445,-2.4995675569053413,-6.0013901665274416e-05,lower,0.1
378,phase1,lower,-10.0,4,-14.910846940161582,-9.997600820600514,-7.498594483586883,-4.999220365644901,-2.499667359229939,-5.6962860164671384e-05,lower,0.1
379,phase1,lower,-10.0,4,-14.910846940161582,-9.997751453473299,-7.498719787295221,-4.999325864670746,-2.4997552519008805,-5.246812949575335e-05,lower,0.1
380,phase1,lower,-10.0,4,-14.910846940161582,-9.997895508172038,-7.4988395949675475,-4.9994266074372415,-2.499831782996443,-4.7830665146149254e-05,lower,0.1
381,phase1,lower,-10.0,4,-14.910846940161582,-9.998032964450221,-7.498953919877037,-4.999521910893608,-2.49989789456721,-4.3383075981829675e-05,lower,0.1
382,phase1,lower,-10.0,4,-14.910846940161582,-9.998164104761287,-7.499062916113086,-4.99961138301249,-2.499954568295742,-3.9201195958115965e-05,lower,0.1
383,phase1,upper,-15.0,2,-14.982805073625844,-9.998164104761287,-7.499062916113086,-4.99961138301249,-2.499954568295742,0.00377925633373892,lower,0.1
384,phase1,lower,-10.0,4,-14.982805073625844,-9.994852655196102,-7.4967610992192695,-4.998010845638469,-2.4988239783371733,0.0008815183714234289,lower,0.1
385,phase1,lower,-10.0,4,-14.982805073625844,-9.994250133064137,-7.496382245275818,-4.997773222051898,-2.4987402792868116,0.0001212869630605462,lower,0.1
386,phase1,lower,-10.0,4,-14.982805073625844,-9.99435418601855,-7.4965024991964135,-4.997894293518435,-2.498909417923605,-7.136561676458495e-05,lower,0.1
387,phase1,lower,-10.0,4,-14.982805073625844,-9.994633246391423,-7.49674464342298,-4.9981054597617005,-2.499122642152108,-0.00011373547851952626,lower,0.1
388,phase1,lower,-10.0,4,-14.982805073625844,-9.994946748025246,-7.497009386128172,-4.99833398279181,-2.499326605215187,-0.00011671972966176381,lower,0.1
389,phase1,lower,-10.0,4,-14.982805073625844,-9.995258059592235,-7.497271070453002,-4.998559466404992,-2.4995091004586905,-0.0001097674385616834,lower,0.1
390,phase1,lower,-10.0,4,-14.982805073625844,-9.995558151373018,-7.497523414827736,-4.99877566984674,-2.499668698557736,-0.00010067776561715884,lower,0.1
391,phase1,lower,-10.0,4,-14.982805073625844,-9.995845287707544,-7.497765129435252,-4.998980325977284,-2.49980668775877,-9.149608745192357e-05,lower,0.1
392,phase1,lower,-10.0,4,-14.982805073625844,-9.996119618359021,-7.497996127351199,-4.999172407245287,-2.499924942313892,-8.273973579129934e-05,lower,0.1
393,phase1,lower,-10.0,4,-14.982805073625844,-9.996381735020451,-7.498216547116945,-4.999351374552724,-2.5000253661897585,-7.452136956004373e-05,lower,0.1
394,phase1,lower,-10.0,4,-14.982805073625844,-9.996632285462704,-7.498426518249952,-4.999516955929793,-2.5001097548943387,-6.684759929521134e-05,lower,0.1
395,phase1,lower,-10.0,4,-14.982805073625844,-9.996871871580796,-7.498626120290747,-4.999669068434572,-2.5001797678027744,-5.969832929053337e-05,lower,0.1
396,phase1,lower,-10.0,4,-14.982805073625844,-9.997101024948153,-7.498815389767751,-4.99980778023511,-2.5002369292100415,-5.3047778451314174e-05,lower,0.1
397,phase1,lower,-10.0,4,-14.982805073625844,-9.997320204430718,-7.4989943367650405,-4.999933285240609,-2.500282636386965,-4.6869977642321646e-05,lower,0.1
398,phase1,lower,-10.0,4,-14.982805073625844,-9.99752980064403,-7.499162961271538,-5.0000458827253444,-2.500318168888289,-4.114012840748403e-05,lower,0.1
399,phase1,lower,-10.0,4,-14.982805073625844,-9.997730142822348,-7.499321267034758,-5.000145959753379,-2.500344697614078,-3.583485583180989e-05,lower,0.1
400,phase2,lower,-20.0,4,-14.982805073625844,-9.997889255243589,-8.49940373630662,-5.000165833539449,-2.5003102278526703,nan,lower,0.1
401,phase2,lower,-20.0,4,-14.982805073625844,-10.098040703349891,-9.399479946029903,-5.000180272970772,-2.5002792050674034,nan,lower,0.1
402,phase2,lower,-20.0,4,-14.982805073625844,-10.278184627617893,-10.20954997872399,-5.000190166180435,-2.500251284560663,nan,lower,0.1
403,phase2,lower,-20.0,4,-14.982805073625844,-10.521321162728503,-10.938613997469634,-5.000196278018458,-2.500226156104597,nan,lower,0.1
404,phase2,lower,-20.0,4,-14.982805073625844,-10.813050446202617,-11.594772225524517,-5.000199265827072,-2.5002035404941374,nan,lower,0.1
405,phase2,lower,-20.0,4,-14.982805073625844,-11.141222624134807,-12.185314929554773,-5.000199693293778,-2.5001831864447235,nan,lower,0.1
406,phase2,lower,-20.0,4,-14.982805073625844,-11.495631854676803,-12.716803405928673,-5.000198042608873,-2.500164867800251,nan,lower,0.1
407,phase2,lower,-20.0,4,-14.982805073625844,-11.86774900980199,-13.195142869596692,-5.0001947251280106,-2.500148381020226,nan,lower,0.1
408,phase2,lower,-20.0,4,-14.982805073625844,-12.25048839578146,-13.625648055149824,-5.000190090717232,-2.5001335429182032,nan,lower,0.1
409,phase2,lower,-20.0,4,-14.982805073625844,-12.638004361718297,-14.013102258706565,-5.000184435937329,-2.500120188626383,nan,lower,0.1
410,phase2,lower,-20.0,4,-14.982805073625844,-13.025514151417124,-14.361810476429643,-5.000178011206234,-2.5001081697637444,nan,lower,0.1
411,phase2,lower,-20.0,4,-14.982805073625844,-13.409143783918376,-14.675647229907302,-5.0001710270619855,-2.5000973527873698,nan,lower,0.1
412,phase2,lower,-20.0,4,-14.982805073625844,-13.785794128517269,-14.95809960962277,-5.000163659634524,-2.500087617508633,nan,lower,0.1
413,phase2,lower,-20.0,4,-14.982805073625844,-14.153024676627819,-15.212306014623946,-5.000156055421934,-2.50007885575777,nan,lower,0.1
414,phase2,lower,-20.0,4,-14.982805073625844,-14.508952810427433,-15.441091018703744,-5.000148335455518,-2.500070970181993,nan,lower,0.1
415,phase2,lower,-20.0,4,-14.982805073625844,-14.852166631255063,-15.646996750378921,-5.000140598928166,-2.5000638731637936,nan,lower,0.1
416,phase2,lower,-20.0,4,-14.982805073625844,-15.181649643167448,-15.832311135233846,-5.0001329263517285,-2.5000574858474143,nan,upper,0.1
417,phase2,upper,-15.0,2,-15.04317574471673,-15.181649643167448,-15.832311135233846,-5.0001329263517285,-2.5000574858474143,nan,upper,0.1
418,phase2,upper,-15.0,2,-15.09164423085318,-15.181649643167448,-15.832311135233846,-5.0001329263517285,-2.5000574858474143,nan,upper,0.1
419,phase2,upper,-15.0,2,-15.129987262315174,-15.181649643167448,-15.832311135233846,-5.0001329263517285,-2.5000574858474143,nan,upper,0.1
420,phase2,upper,-15.0,2,-15.159745245176236,-15.181649643167448,-15.832311135233846,-5.0001329263517285,-2.5000574858474143,nan,upper,0.1
421,phase2,upper,-15.0,2,-15.182251758841934,-15.181649643167448,-15.832311135233846,-5.0001329263517285,-2.5000574858474143,nan,lower,0.1
422,phase2,lower,-20.0,4,-15.182251758841934,-15.496715792374088,-15.999093314345634,-5.000125382301297,-2.5000517372626727,nan,upper,0.1
423,phase2,upper,-15.0,2,-15.19865951732273,-15.496715792374088,-15.999093314345634,-5.000125382301297,-2.5000517372626727,nan,upper,0.1
424,phase2,upper,-15.0,2,-15.209963206518948,-15.496715792374088,-15.999093314345634,-5.000125382301297,-2.5000517372626727,nan,upper,0.1
425,phase2,upper,-15.0,2,-15.217019562702696,-15.496715792374088,-15.999093314345634,-5.000125382301297,-2.5000517372626727,nan,upper,0.1
426,phase2,upper,-15.0,2,-15.220565015584503,-15.496715792374088,-15.999093314345634,-5.000125382301297,-2.5000517372626727,nan,upper,0.1
427,phase2,upper,-15.0,2,-15.221231182262922,-15.496715792374088,-15.999093314345634,-5.000125382301297,-2.5000517372626727,nan,upper,0.1
428,phase2,upper,-15.0,2,-15.219558465449813,-15.496715792374088,-15.999093314345634,-5.000125382301297,-2.5000517372626727,nan,upper,0.1
429,phase2,upper,-15.0,2,-15.216007980176697,-15.496715792374088,-15.999093314345634,-5.000125382301297,-2.5000517372626727,nan,upper,0.1
430,phase2,upper,-15.0,2,-15.210972007303704,-15.496715792374088,-15.999093314345634,-5.000125382301297,-2.5000517372626727,nan,upper,0.1
431,phase2,upper,-15.0,2,-15.204783149203545,-15.496715792374088,-15.999093314345634,-5.000125382301297,-2.5000517372626727,nan,upper,0.1
432,phase2,upper,-15.0,2,-15.19772234265038,-15.496715792374088,-15.999093314345634,-5.000125382301297,-2.5000517372626727,nan,upper,0.1
433,phase2,upper,-15.0,2,-15.190025865915812,-15.496715792374088,-15.999093314345634,-5.000125382301297,-2.5000517372626727,nan,upper,0.1
434,phase2,upper,-15.0,2,-15.181891461101655,-15.496715792374088,-15.999093314345634,-5.000125382301297,-2.5000517372626727,nan,upper,0.1
435,phase2,upper,-15.0,2,-15.17348367859117,-15.496715792374088,-15.999093314345634,-5.000125382301297,-2.5000517372626727,nan,upper,0.1
436,phase2,upper,-15.0,2,-15.164938537971766,-15.496715792374088,-15.999093314345634,-5.000125382301297,-2.5000517372626727,nan,upper,0.1
437,phase2,upper,-15.0,2,-15.156367588690332,-15.496715792374088,-15.999093314345634,-5.000125382301297,-2.5000517372626727,nan,upper,0.1
438,phase2,upper,-15.0,2,-15.147861443885466,-15.496715792374088,-15.999093314345634,-5.000125382301297,-2.5000517372626727,nan,upper,0.1
439,phase2,upper,-15.0,2,-15.139492852154671,-15.496715792374088,-15.999093314345634,-5.000125382301297,-2.5000517372626727,nan,upper,0.1
440,phase2,upper,-15.0,2,-15.13131936433118,-15.496715792374088,-15.999093314345634,-5.000125382301297,-2.5000517372626727,nan,upper,0.1
441,phase2,upper,-15.0,2,-15.12338564555084,-15.496715792374088,-15.999093314345634,-5.000125382301297,-2.5000517372626727,nan,upper,0.1
442,phase2,upper,-15.0,2,-15.115725476883256,-15.496715792374088,-15.999093314345634,-5.000125382301297,-2.5000517372626727,nan,upper,0.1
443,phase2,upper,-15.0,2,-15.10836348549368,-15.496715792374088,-15.999093314345634,-5.000125382301297,-2.5000517372626727,nan,upper,0.1
444,phase2,upper,-15.0,2,-15.101316637613188,-15.496715792374088,-15.999093314345634,-5.000125382301297,-2.5000517372626727,nan,upper,0.1
445,phase2,upper,-15.0,2,-15.094595524453856,-15.496715792374088,-15.999093314345634,-5.000125382301297,-2.5000517372626727,nan,upper,0.1
446,phase2,upper,-15.0,2,-15.08820546755026,-15.496715792374088,-15.999093314345634,-5.000125382301297,-2.5000517372626727,nan,upper,0.1
447,phase2,upper,-15.0,2,-15.082147466782844,-15.496715792374088,-15.999093314345634,-5.000125382301297,-2.5000517372626727,nan,upper,0.1
448,phase2,upper,-15.0,2,-15.076419011493408,-15.496715792374088,-15.999093314345634,-5.000125382301297,-2.5000517372626727,nan,upper,0.1
449,phase2,upper,-15.0,2,-15.071014772594031,-15.496715792374088,-15.999093314345634,-5.000125382301297,-2.5000517372626727,nan,upper,0.1
450,phase2,upper,-15.0,2,-15.065927191359595,-15.496715792374088,-15.999093314345634,-5.000125382301297,-2.5000517372626727,nan,upper,0.1
451,phase2,upper,-15.0,2,-15.061146978646107,-15.496715792374088,-15.999093314345634,-5.000125382301297,-2.5000517372626727,nan,upper,0.1
452,phase2,upper,-15.0,2,-15.05666353656172,-15.496715792374088,-15.999093314345634,-5.000125382301297,-2.5000517372626727,nan,upper,0.1
453,phase2,upper,-15.0,2,-15.05246531310775,-15.496715792374088,-15.999093314345634,-5.000125382301297,-2.5000517372626727,nan,upper,0.1
454,phase2,upper,-15.0,2,-15.048540098978956,-15.496715792374088,-15.999093314345634,-5.000125382301297,-2.5000517372626727,nan,upper,0.1
455,phase2,upper,-15.0,2,-15.044875274544843,-15.496715792374088,-15.999093314345634,-5.000125382301297,-2.5000517372626727,nan,upper,0.1
456,phase2,upper,-15.0,2,-15.041458014007764,-15.496715792374088,-15.999093314345634,-5.000125382301297,-2.5000517372626727,nan,upper,0.1
457,phase2,upper,-15.0,2,-15.038275452832652,-15.496715792374088,-15.999093314345634,-5.000125382301297,-2.5000517372626727,nan,upper,0.1
458,phase2,upper,-15.0,2,-15.035314823752485,-15.496715792374088,-15.999093314345634,-5.000125382301297,-2.5000517372626727,nan,upper,0.1
459,phase2,upper,-15.0,2,-15.032563565960025,-15.496715792374088,-15.999093314345634,-5.000125382301297,-2.5000517372626727,nan,upper,0.1
460,phase2,upper,-15.0,2,-15.030009411488532,-15.496715792374088,-15.999093314345634,-5.000125382301297,-2.5000517372626727,nan,upper,0.1
461,phase2,upper,-15.0,2,-15.027640452251736,-15.496715792374088,-15.999093314345634,-5.000125382301297,-2.5000517372626727,nan,upper,0.1
462,phase2,upper,-15.0,2,-15.025445190747416,-15.496715792374088,-15.999093314345634,-5.000125382301297,-2.5000517372626727,nan,upper,0.1
463,phase2,upper,-15.0,2,-15.02341257702144,-15.496715792374088,-15.999093314345634,-5.000125382301297,-2.5000517372626727,nan,upper,0.1
464,phase2,upper,-15.0,2,-15.021532034133187,-15.496715792374088,-15.999093314345634,-5.000125382301297,-2.5000517372626727,nan,upper,0.1
465,phase2,upper,-15.0,2,-15.01979347405237,-15.496715792374088,-15.999093314345634,-5.000125382301297,-2.5000517372626727,nan,upper,0.1
466,phase2,upper,-15.0,2,-15.018187305646386,-15.496715792374088,-15.999093314345634,-5.000125382301297,-2.5000517372626727,nan,upper,0.1
467,phase2,upper,-15.0,2,-15.016704436181072,-15.496715792374088,-15.999093314345634,-5.000125382301297,-2.5000517372626727,nan,upper,0.1
468,phase2,upper,-15.0,2,-15.015336267552359,-15.496715792374088,-15.999093314345634,-5.000125382301297,-2.5000517372626727,nan,upper,0.1
469,phase2,upper,-15.0,2,-15.014074688287577,-15.496715792374088,-15.999093314345634,-5.000125382301297,-2.5000517372626727,nan,upper,0.1
470,phase2,upper,-15.0,2,-15.012912062200229,-15.496715792374088,-15.999093314345634,-5.000125382301297,-2.5000517372626727,nan,upper,0.1
471,phase2,upper,-15.0,2,-15.011841214447474,-15.496715792374088,-15.999093314345634,-5.000125382301297,-2.5000517372626727,nan,upper,0.1
472,phase2,upper,-15.0,2,-15.010855415623267,-15.496715792374088,-15.999093314345634,-5.000125382301297,-2.5000517372626727,nan,upper,0.1
473,phase2,upper,-15.0,2,-15.009948364419428,-15.496715792374088,-15.999093314345634,-5.000125382301297,-2.5000517372626727,nan,upper,0.1
474,phase2,upper,-15.0,2,-15.009114169300123,-15.496715792374088,-15.999093314345634,-5.000125382301297,-2.5000517372626727,nan,upper,0.1
475,phase2,upper,-15.0,2,-15.008347329560484,-15.496715792374088,-15.999093314345634,-5.000125382301297,-2.5000517372626727,nan,upper,0.1
476,phase2,upper,-15.0,2,-15.007642716075773,-15.496715792374088,-15.999093314345634,-5.000125382301297,-2.5000517372626727,nan,upper,0.1
477,phase2,upper,-15.0,2,-15.0069955519924,-15.496715792374088,-15.999093314345634,-5.000125382301297,-2.5000517372626727,nan,upper,0.1
478,phase2,upper,-15.0,2,-15.006401393564943,-15.496715792374088,-15.999093314345634,-5.000125382301297,-2.5000517372626727,nan,upper,0.1
479,phase2,upper,-15.0,2,-15.005856111303054,-15.496715792374088,-15.999093314345634,-5.000125382301297,-2.5000517372626727,nan,upper,0.1
480,phase2,upper,-15.0,2,-15.005355871557892,-15.496715792374088,-15.999093314345634,-5.000125382301297,-2.5000517372626727,nan,upper,0.1
481,phase2,upper,-15.0,2,-15.004897118648733,-15.496715792374088,-15.999093314345634,-5.000125382301297,-2.5000517372626727,nan,upper,0.1
482,phase2,upper,-15.0,2,-15.004476557605827,-15.496715792374088,-15.999093314345634,-5.000125382301297,-2.5000517372626727,nan,upper,0.1
483,phase2,lower,-20.0,4,-15.004476557605827,-15.796953544571243,-16.1491965211412,-5.000118017797434,-2.5000465635364053,nan,upper,0.1
484,phase2,upper,-15.0,2,-15.004091137585014,-15.796953544571243,-16.1491965211412,-5.000118017797434,-2.5000465635364053,nan,upper,0.1
485,phase2,upper,-15.0,2,-15.003738035992306,-15.796953544571243,-16.1491965211412,-5.000118017797434,-2.5000465635364053,nan,upper,0.1
486,phase2,upper,-15.0,2,-15.003414643342289,-15.796953544571243,-16.1491965211412,-5.000118017797434,-2.5000465635364053,nan,upper,0.1
487,phase2,upper,-15.0,2,-15.003118548862352,-15.796953544571243,-16.1491965211412,-5.000118017797434,-2.5000465635364053,nan,upper,0.1
488,phase2,upper,-15.0,2,-15.00284752684498,-15.796953544571243,-16.1491965211412,-5.000118017797434,-2.5000465635364053,nan,upper,0.1
489,phase2,upper,-15.0,2,-15.002599523742457,-15.796953544571243,-16.1491965211412,-5.000118017797434,-2.5000465635364053,nan,upper,0.1
490,phase2,upper,-15.0,2,-15.00237264599199,-15.796953544571243,-16.1491965211412,-5.000118017797434,-2.5000465635364053,nan,upper,0.1
491,phase2,upper,-15.0,2,-15.002165148554193,-15.796953544571243,-16.1491965211412,-5.000118017797434,-2.5000465635364053,nan,upper,0.1
492,phase2,upper,-15.0,2,-15.001975424144035,-15.796953544571243,-16.1491965211412,-5.000118017797434,-2.5000465635364053,nan,upper,0.1
493,phase2,upper,-15.0,2,-15.001801993130368,-15.796953544571243,-16.1491965211412,-5.000118017797434,-2.5000465635364053,nan,upper,0.1
494,phase2,upper,-15.0,2,-15.001643494077992,-15.796953544571243,-16.1491965211412,-5.000118017797434,-2.5000465635364053,nan,upper,0.1
495,phase2,upper,-15.0,2,-15.001498674904788,-15.796953544571243,-16.1491965211412,-5.000118017797434,-2.5000465635364053,nan,upper,0.1
496,phase2,upper,-15.0,2,-15.001366384625445,-15.796953544571243,-16.1491965211412,-5.000118017797434,-2.5000465635364053,nan,upper,0.1
497,phase2,upper,-15.0,2,-15.001245565652923,-15.796953544571243,-16.1491965211412,-5.000118017797434,-2.5000465635364053,nan,upper,0.1
498,phase2,upper,-15.0,2,-15.00113524662865,-15.796953544571243,-16.1491965211412,-5.000118017797434,-2.5000465635364053,nan,upper,0.1
499,phase2,upper,-15.0,2,-15.001034535752703,-15.796953544571243,-16.1491965211412,-5.000118017797434,-2.5000465635364053,nan,upper,0.1
500,phase2,upper,-15.0,2,-15.000942614585659,-15.796953544571243,-16.1491965211412,-5.000118017797434,-2.5000465635364053,nan,upper,0.1
501,phase2,upper,-15.0,2,-15.000858732294496,-15.796953544571243,-16.1491965211412,-5.000118017797434,-2.5000465635364053,nan,upper,0.1
502,phase2,lower,-20.0,4,-15.000858732294496,-16.08217784222824,-16.284288670806824,-5.000110872371331,-2.500041907182765,nan,upper,0.1
503,phase2,upper,-15.0,2,-15.00078220031571,-16.08217784222824,-16.284288670806824,-5.000110872371331,-2.500041907182765,nan,upper,0.1
504,phase2,upper,-15.0,2,-15.000712387409736,-16.08217784222824,-16.284288670806824,-5.000110872371331,-2.500041907182765,nan,upper,0.1
505,phase2,upper,-15.0,2,-15.0006487150818,-16.08217784222824,-16.284288670806824,-5.000110872371331,-2.500041907182765,nan,upper,0.1
506,phase2,upper,-15.0,2,-15.000590653345354,-16.08217784222824,-16.284288670806824,-5.000110872371331,-2.500041907182765,nan,upper,0.1
507,phase2,upper,-15.0,2,-15.000537716805379,-16.08217784222824,-16.284288670806824,-5.000110872371331,-2.500041907182765,nan,upper,0.1
508,phase2,upper,-15.0,2,-15.000489461039946,-16.08217784222824,-16.284288670806824,-5.000110872371331,-2.500041907182765,nan,upper,0.1
509,phase2,upper,-15.0,2,-15.000445479259545,-16.08217784222824,-16.284288670806824,-5.000110872371331,-2.500041907182765,nan,upper,0.1
510,phase2,upper,-15.0,2,-15.000405399224825,-16.08217784222824,-16.284288670806824,-5.000110872371331,-2.500041907182765,nan,upper,0.1
511,phase2,upper,-15.0,2,-15.000368880404453,-16.08217784222824,-16.284288670806824,-5.000110872371331,-2.500041907182765,nan,upper,0.1
512,phase2,upper,-15.0,2,-15.000335611355908,-16.08217784222824,-16.284288670806824,-5.000110872371331,-2.500041907182765,nan,upper,0.1
513,phase2,upper,-15.0,2,-15.000305307313027,-16.08217784222824,-16.284288670806824,-5.000110872371331,-2.500041907182765,nan,upper,0.1
514,phase2,upper,-15.0,2,-15.000277707965164,-16.08217784222824,-16.284288670806824,-5.000110872371331,-2.500041907182765,nan,upper,0.1
515,phase2,upper,-15.0,2,-15.000252575413743,-16.08217784222824,-16.284288670806824,-5.000110872371331,-2.500041907182765,nan,upper,0.1
516,phase2,upper,-15.0,2,-15.000229692292955,-16.08217784222824,-16.284288670806824,-5.000110872371331,-2.500041907182765,nan,upper,0.1
517,phase2,upper,-15.0,2,-15.000208860042186,-16.08217784222824,-16.284288670806824,-5.000110872371331,-2.500041907182765,nan,upper,0.1
518,phase2,upper,-15.0,2,-15.000189897318641,-16.08217784222824,-16.284288670806824,-5.000110872371331,-2.500041907182765,nan,upper,0.1
519,phase2,lower,-20.0,4,-15.000189897318641,-16.3523889250861,-16.405870890963275,-5.000103975852475,-2.5000377164644885,nan,upper,0.1
520,phase2,upper,-15.0,2,-15.000172638539384,-16.3523889250861,-16.405870890963275,-5.000103975852475,-2.5000377164644885,nan,upper,0.1
521,phase2,upper,-15.0,2,-15.000156932542792,-16.3523889250861,-16.405870890963275,-5.000103975852475,-2.5000377164644885,nan,upper,0.1
522,phase2,upper,-15.0,2,-15.000142641360124,-16.3523889250861,-16.405870890963275,-5.000103975852475,-2.5000377164644885,nan,upper,0.1
523,phase2,upper,-15.0,2,-15.000129639088563,-16.3523889250861,-16.405870890963275,-5.000103975852475,-2.5000377164644885,nan,upper,0.1
524,phase2,upper,-15.0,2,-15.000117810857711,-16.3523889250861,-16.405870890963275,-5.000103975852475,-2.5000377164644885,nan,upper,0.1
525,phase2,upper,-15.0,2,-15.000107051882145,-16.3523889250861,-16.405870890963275,-5.000103975852475,-2.5000377164644885,nan,upper,0.1
526,phase2,upper,-15.0,2,-15.000097266593114,-16.3523889250861,-16.405870890963275,-5.000103975852475,-2.5000377164644885,nan,upper,0.1
527,phase2,upper,-15.0,2,-15.000088367843068,-16.3523889250861,-16.405870890963275,-5.000103975852475,-2.5000377164644885,nan,upper,0.1
528,phase2,upper,-15.0,2,-15.000080276177101,-16.3523889250861,-16.405870890963275,-5.000103975852475,-2.5000377164644885,nan,upper,0.1
529,phase2,upper,-15.0,2,-15.000072919165897,-16.3523889250861,-16.405870890963275,-5.000103975852475,-2.5000377164644885,nan,upper,0.1
530,phase2,upper,-15.0,2,-15.000066230795161,-16.3523889250861,-16.405870890963275,-5.000103975852475,-2.5000377164644885,nan,upper,0.1
531,phase2,upper,-15.0,2,-15.000060150906915,-16.3523889250861,-16.405870890963275,-5.000103975852475,-2.5000377164644885,nan,upper,0.1
532,phase2,upper,-15.0,2,-15.000054624688365,-16.3523889250861,-16.405870890963275,-5.000103975852475,-2.5000377164644885,nan,upper,0.1
533,phase2,upper,-15.0,2,-15.000049602204458,-16.3523889250861,-16.405870890963275,-5.000103975852475,-2.5000377164644885,nan,upper,0.1
534,phase2,upper,-15.0,2,-15.000045037970448,-16.3523889250861,-16.405870890963275,-5.000103975852475,-2.5000377164644885,nan,upper,0.1
535,phase2,upper,-15.0,2,-15.000040890561195,-16.3523889250861,-16.405870890963275,-5.000103975852475,-2.5000377164644885,nan,upper,0.1
536,phase2,upper,-15.0,2,-15.000037122254088,-16.3523889250861,-16.405870890963275,-5.000103975852475,-2.5000377164644885,nan,upper,0.1
537,phase2,upper,-15.0,2,-15.000033698702792,-16.3523889250861,-16.405870890963275,-5.000103975852475,-2.5000377164644885,nan,upper,0.1
538,phase2,upper,-15.0,2,-15.000030588639213,-16.3523889250861,-16.405870890963275,-5.000103975852475,-2.5000377164644885,nan,upper,0.1
539,phase2,lower,-20.0,4,-15.000030588639213,-16.607737121673818,-16.515294199452196,-5.000097349913676,-2.5000339448180395,nan,upper,0.1
540,phase2,lower,-20.0,4,-15.000030588639213,-16.848492829451654,-16.613774514498346,-5.000091009404112,-2.5000305503362354,nan,upper,0.1
541,phase2,upper,-15.0,2,-15.000027763601322,-16.848492829451654,-16.613774514498346,-5.000091009404112,-2.5000305503362354,nan,upper,0.1
542,phase2,upper,-15.0,2,-15.000025197684618,-16.848492829451654,-16.613774514498346,-5.000091009404112,-2.5000305503362354,nan,upper,0.1
543,phase2,upper,-15.0,2,-15.000022867315241,-16.848492829451654,-16.613774514498346,-5.000091009404112,-2.5000305503362354,nan,upper,0.1
544,phase2,upper,-15.0,2,-15.000020751042893,-16.848492829451654,-16.613774514498346,-5.000091009404112,-2.5000305503362354,nan,upper,0.1
545,phase2,upper,-15.0,2,-15.000018829351863,-16.848492829451654,-16.613774514498346,-5.000091009404112,-2.5000305503362354,nan,upper,0.1
546,phase2,upper,-15.0,2,-15.00001708448861,-16.848492829451654,-16.613774514498346,-5.000091009404112,-2.5000305503362354,nan,upper,0.1
547,phase2,upper,-15.0,2,-15.000015500304489,-16.848492829451654,-16.613774514498346,-5.000091009404112,-2.5000305503362354,nan,upper,0.1
548,phase2,upper,-15.0,2,-15.000014062112305,-16.848492829451654,-16.613774514498346,-5.000091009404112,-2.5000305503362354,nan,upper,0.1
549,phase2,upper,-15.0,2,-15.000012756555513,-16.848492829451654,-16.613774514498346,-5.000091009404112,-2.5000305503362354,nan,upper,0.1
550,phase2,upper,-15.0,2,-15.000011571488956,-16.848492829451654,-16.613774514498346,-5.000091009404112,-2.5000305503362354,nan,upper,0.1
551,phase2,upper,-15.0,2,-15.000010495870157,-16.848492829451654,-16.613774514498346,-5.000091009404112,-2.5000305503362354,nan,upper,0.1
552,phase2,upper,-15.0,2,-15.000009519660228,-16.848492829451654,-16.613774514498346,-5.000091009404112,-2.5000305503362354,nan,upper,0.1
553,phase2,upper,-15.0,2,-15.000008633733582,-16.848492829451654,-16.613774514498346,-5.000091009404112,-2.5000305503362354,nan,upper,0.1
554,phase2,upper,-15.0,2,-15.000007829795663,-16.848492829451654,-16.613774514498346,-5.000091009404112,-2.5000305503362354,nan,upper,0.1
555,phase2,upper,-15.0,2,-15.000007100307993,-16.848492829451654,-16.613774514498346,-5.000091009404112,-2.5000305503362354,nan,upper,0.1
556,phase2,upper,-15.0,2,-15.0000064384199,-16.848492829451654,-16.613774514498346,-5.000091009404112,-2.5000305503362354,nan,upper,0.1
557,phase2,upper,-15.0,2,-15.000005837906345,-16.848492829451654,-16.613774514498346,-5.000091009404112,-2.5000305503362354,nan,upper,0.1
558,phase2,upper,-15.0,2,-15.000005293111302,-16.848492829451654,-16.613774514498346,-5.000091009404112,-2.5000305503362354,nan,upper,0.1
559,phase2,upper,-15.0,2,-15.000004798896205,-16.848492829451654,-16.613774514498346,-5.000091009404112,-2.5000305503362354,nan,upper,0.1
560,phase2,upper,-15.0,2,-15.000004350593013,-16.848492829451654,-16.613774514498346,-5.000091009404112,-2.5000305503362354,nan,upper,0.1
561,phase2,upper,-15.0,2,-15.000003943961499,-16.848492829451654,-16.613774514498346,-5.000091009404112,-2.5000305503362354,nan,upper,0.1
562,phase2,upper,-15.0,2,-15.000003575150357,-16.848492829451654,-16.613774514498346,-5.000091009404112,-2.5000305503362354,nan,upper,0.1
563,phase2,upper,-15.0,2,-15.000003240661828,-16.848492829451654,-16.613774514498346,-5.000091009404112,-2.5000305503362354,nan,upper,0.1
564,phase2,upper,-15.0,2,-15.0000029373195,-16.848492829451654,-16.613774514498346,-5.000091009404112,-2.5000305503362354,nan,upper,0.1
565,phase2,upper,-15.0,2,-15.000002662239021,-16.848492829451654,-16.613774514498346,-5.000091009404112,-2.5000305503362354,nan,upper,0.1
566,phase2,upper,-15.0,2,-15.000002412801443,-16.848492829451654,-16.613774514498346,-5.000091009404112,-2.5000305503362354,nan,upper,0.1
567,phase2,upper,-15.0,2,-15.00000218662899,-16.848492829451654,-16.613774514498346,-5.000091009404112,-2.5000305503362354,nan,upper,0.1
568,phase2,lower,-20.0,4,-15.00000218662899,-17.075020997956322,-16.702406163988922,-5.000084963497325,-2.500027495302612,nan,upper,0.1
569,phase2,upper,-15.0,2,-15.000001981563013,-17.075020997956322,-16.702406163988922,-5.000084963497325,-2.500027495302612,nan,upper,0.1
570,phase2,upper,-15.0,2,-15.000001795643941,-17.075020997956322,-16.702406163988922,-5.000084963497325,-2.500027495302612,nan,upper,0.1
571,phase2,upper,-15.0,2,-15.000001627093054,-17.075020997956322,-16.702406163988922,-5.000084963497325,-2.500027495302612,nan,upper,0.1
572,phase2,upper,-15.0,2,-15.000001474295905,-17.075020997956322,-16.702406163988922,-5.000084963497325,-2.500027495302612,nan,upper,0.1
573,phase2,upper,-15.0,2,-15.000001335787255,-17.075020997956322,-16.702406163988922,-5.000084963497325,-2.500027495302612,nan,upper,0.1
574,phase2,upper,-15.0,2,-15.000001210237375,-17.075020997956322,-16.702406163988922,-5.000084963497325,-2.500027495302612,nan,upper,0.1
575,phase2,upper,-15.0,2,-15.0000010964396,-17.075020997956322,-16.702406163988922,-5.000084963497325,-2.500027495302612,nan,upper,0.1
576,phase2,upper,-15.0,2,-15.000000993299006,-17.075020997956322,-16.702406163988922,-5.000084963497325,-2.500027495302612,nan,upper,0.1
577,phase2,upper,-15.0,2,-15.000000899822135,-17.075020997956322,-16.702406163988922,-5.000084963497325,-2.500027495302612,nan,upper,0.1
578,phase2,upper,-15.0,2,-15.000000815107647,-17.075020997956322,-16.702406163988922,-5.000084963497325,-2.500027495302612,nan,upper,0.1
579,phase2,upper,-15.0,2,-15.000000738337835,-17.075020997956322,-16.702406163988922,-5.000084963497325,-2.500027495302612,nan,upper,0.1
580,phase2,upper,-15.0,2,-15.00000066877091,-17.075020997956322,-16.702406163988922,-5.000084963497325,-2.500027495302612,nan,upper,0.1
581,phase2,upper,-15.0,2,-15.000000605733993,-17.075020997956322,-16.702406163988922,-5.000084963497325,-2.500027495302612,nan,upper,0.1
582,phase2,upper,-15.0,2,-15.000000548616748,-17.075020997956322,-16.702406163988922,-5.000084963497325,-2.500027495302612,nan,upper,0.1
583,phase2,upper,-15.0,2,-15.000000496865614,-17.075020997956322,-16.702406163988922,-5.000084963497325,-2.500027495302612,nan,upper,0.1
584,phase2,upper,-15.0,2,-15.000000449978538,-17.075020997956322,-16.702406163988922,-5.000084963497325,-2.500027495302612,nan,upper,0.1
585,phase2,upper,-15.0,2,-15.000000407500222,-17.075020997956322,-16.702406163988922,-5.000084963497325,-2.500027495302612,nan,upper,0.1
586,phase2,upper,-15.0,2,-15.000000369017783,-17.075020997956322,-16.702406163988922,-5.000084963497325,-2.500027495302612,nan,upper,0.1
587,phase2,upper,-15.0,2,-15.00000033415683,-17.075020997956322,-16.702406163988922,-5.000084963497325,-2.500027495302612,nan,upper,0.1
588,phase2,upper,-15.0,2,-15.00000030257789,-17.075020997956322,-16.702406163988922,-5.000084963497325,-2.500027495302612,nan,upper,0.1
589,phase2,upper,-15.0,2,-15.00000027397317,-17.075020997956322,-16.702406163988922,-5.000084963497325,-2.500027495302612,nan,upper,0.1
590,phase2,upper,-15.0,2,-15.000000248063614,-17.075020997956322,-16.702406163988922,-5.000084963497325,-2.500027495302612,nan,upper,0.1
591,phase2,upper,-15.0,2,-15.000000224596238,-17.075020997956322,-16.702406163988922,-5.000084963497325,-2.500027495302612,nan,upper,0.1
592,phase2,upper,-15.0,2,-15.0000002033417,-17.075020997956322,-16.702406163988922,-5.000084963497325,-2.500027495302612,nan,upper,0.1
593,phase2,upper,-15.0,2,-15.000000184092109,-17.075020997956322,-16.702406163988922,-5.000084963497325,-2.500027495302612,nan,upper,0.1
594,phase2,upper,-15.0,2,-15.000000166659017,-17.075020997956322,-16.702406163988922,-5.000084963497325,-2.500027495302612,nan,upper,0.1
595,phase2,upper,-15.0,2,-15.000000150871625,-17.075020997956322,-16.702406163988922,-5.000084963497325,-2.500027495302612,nan,upper,0.1
596,phase2,lower,-20.0,4,-15.000000150871625,-17.287759514559582,-16.78217404393976,-5.000079216677854,-2.500024745772351,nan,upper,0.1
597,phase2,lower,-20.0,4,-15.000000150871625,-17.4872009674976,-16.85396456121357,-5.000073769587304,-2.5000222711951157,nan,upper,0.1
598,phase2,upper,-15.0,2,-15.00000013657512,-17.4872009674976,-16.85396456121357,-5.000073769587304,-2.5000222711951157,nan,upper,0.1
599,phase2,upper,-15.0,2,-15.0000001236292,-17.4872009674976,-16.85396456121357,-5.000073769587304,-2.5000222711951157,nan,upper,0.1
600,phase2,upper,-15.0,2,-15.000000111906711,-17.4872009674976,-16.85396456121357,-5.000073769587304,-2.5000222711951157,nan,upper,0.1
601,phase2,upper,-15.0,2,-15.000000101292429,-17.4872009674976,-16.85396456121357,-5.000073769587304,-2.5000222711951157,nan,upper,0.1
602,phase2,upper,-15.0,2,-15.000000091681937,-17.4872009674976,-16.85396456121357,-5.000073769587304,-2.5000222711951157,nan,upper,0.1
603,phase2,upper,-15.0,2,-15.000000082980618,-17.4872009674976,-16.85396456121357,-5.000073769587304,-2.5000222711951157,nan,upper,0.1
604,phase2,upper,-15.0,2,-15.000000075102744,-17.4872009674976,-16.85396456121357,-5.000073769587304,-2.5000222711951157,nan,upper,0.1
605,phase2,upper,-15.0,2,-15.000000067970639,-17.4872009674976,-16.85396456121357,-5.000073769587304,-2.5000222711951157,nan,upper,0.1
606,phase2,upper,-15.0,2,-15.000000061513926,-17.4872009674976,-16.85396456121357,-5.000073769587304,-2.5000222711951157,nan,upper,0.1
607,phase2,upper,-15.0,2,-15.00000005566885,-17.4872009674976,-16.85396456121357,-5.000073769587304,-2.5000222711951157,nan,upper,0.1
608,phase2,upper,-15.0,2,-15.00000005037765,-17.4872009674976,-16.85396456121357,-5.000073769587304,-2.5000222711951157,nan,upper,0.1
609,phase2,upper,-15.0,2,-15.000000045588003,-17.4872009674976,-16.85396456121357,-5.000073769587304,-2.5000222711951157,nan,upper,0.1
610,phase2,upper,-15.0,2,-15.000000041252507,-17.4872009674976,-16.85396456121357,-5.000073769587304,-2.5000222711951157,nan,upper,0.1
611,phase2,upper,-15.0,2,-15.000000037328231,-17.4872009674976,-16.85396456121357,-5.000073769587304,-2.5000222711951157,nan,upper,0.1
612,phase2,upper,-15.0,2,-15.000000033776285,-17.4872009674976,-16.85396456121357,-5.000073769587304,-2.5000222711951157,nan,upper,0.1
613,phase2,upper,-15.0,2,-15.000000030561445,-17.4872009674976,-16.85396456121357,-5.000073769587304,-2.5000222711951157,nan,upper,0.1
614,phase2,upper,-15.0,2,-15.000000027651812,-17.4872009674976,-16.85396456121357,-5.000073769587304,-2.5000222711951157,nan,upper,0.1
615,phase2,upper,-15.0,2,-15.00000002501849,-17.4872009674976,-16.85396456121357,-5.000073769587304,-2.5000222711951157,nan,upper,0.1
616,phase2,upper,-15.0,2,-15.000000022635314,-17.4872009674976,-16.85396456121357,-5.000073769587304,-2.5000222711951157,nan,upper,0.1
617,phase2,upper,-15.0,2,-15.00000002047859,-17.4872009674976,-16.85396456121357,-5.000073769587304,-2.5000222711951157,nan,upper,0.1
618,phase2,lower,-20.0,4,-15.00000002047859,-17.673877326869196,-16.918575482050944,-5.000068619748085,-2.500020044075604,nan,upper,0.1
619,phase2,lower,-20.0,4,-15.00000002047859,-17.84834714238737,-16.976724795820658,-5.000063762180837,-2.500018039668044,nan,upper,0.1
620,phase2,upper,-15.0,2,-15.000000018526856,-17.84834714238737,-16.976724795820658,-5.000063762180837,-2.500018039668044,nan,upper,0.1
621,phase2,upper,-15.0,2,-15.000000016760684,-17.84834714238737,-16.976724795820658,-5.000063762180837,-2.500018039668044,nan,upper,0.1
622,phase2,upper,-15.0,2,-15.000000015162477,-17.84834714238737,-16.976724795820658,-5.000063762180837,-2.500018039668044,nan,upper,0.1
623,phase2,upper,-15.0,2,-15.000000013716305,-17.84834714238737,-16.976724795820658,-5.000063762180837,-2.500018039668044,nan,upper,0.1
624,phase2,upper,-15.0,2,-15.000000012407742,-17.84834714238737,-16.976724795820658,-5.000063762180837,-2.500018039668044,nan,upper,0.1
625,phase2,upper,-15.0,2,-15.00000001122373,-17.84834714238737,-16.976724795820658,-5.000063762180837,-2.500018039668044,nan,upper,0.1
626,phase2,upper,-15.0,2,-15.00000001015244,-17.84834714238737,-16.976724795820658,-5.000063762180837,-2.500018039668044,nan,upper,0.1
627,phase2,upper,-15.0,2,-15.000000009183173,-17.84834714238737,-16.976724795820658,-5.000063762180837,-2.500018039668044,nan,upper,0.1
628,phase2,upper,-15.0,2,-15.000000008306234,-17.84834714238737,-16.976724795820658,-5.000063762180837,-2.500018039668044,nan,upper,0.1
629,phase2,upper,-15.0,2,-15.00000000751285,-17.84834714238737,-16.976724795820658,-5.000063762180837,-2.500018039668044,nan,upper,0.1
630,phase2,upper,-15.0,2,-15.000000006795084,-17.84834714238737,-16.976724795820658,-5.000063762180837,-2.500018039668044,nan,upper,0.1
631,phase2,upper,-15.0,2,-15.00000000614574,-17.84834714238737,-16.976724795820658,-5.000063762180837,-2.500018039668044,nan,upper,0.1
632,phase2,upper,-15.0,2,-15.000000005558315,-17.84834714238737,-16.976724795820658,-5.000063762180837,-2.500018039668044,nan,upper,0.1
633,phase2,upper,-15.0,2,-15.000000005026918,-17.84834714238737,-16.976724795820658,-5.000063762180837,-2.500018039668044,nan,upper,0.1
634,phase2,upper,-15.0,2,-15.000000004546216,-17.84834714238737,-16.976724795820658,-5.000063762180837,-2.500018039668044,nan,upper,0.1
635,phase2,upper,-15.0,2,-15.000000004111385,-17.84834714238737,-16.976724795820658,-5.000063762180837,-2.500018039668044,nan,upper,0.1
636,phase2,upper,-15.0,2,-15.000000003718059,-17.84834714238737,-16.976724795820658,-5.000063762180837,-2.500018039668044,nan,upper,0.1
637,phase2,upper,-15.0,2,-15.000000003362285,-17.84834714238737,-16.976724795820658,-5.000063762180837,-2.500018039668044,nan,upper,0.1
638,phase2,upper,-15.0,2,-15.000000003040483,-17.84834714238737,-16.976724795820658,-5.000063762180837,-2.500018039668044,nan,upper,0.1
639,phase2,upper,-15.0,2,-15.00000000274942,-17.84834714238737,-16.976724795820658,-5.000063762180837,-2.500018039668044,nan,upper,0.1
640,phase2,upper,-15.0,2,-15.000000002486164,-17.84834714238737,-16.976724795820658,-5.000063762180837,-2.500018039668044,nan,upper,0.1
641,phase2,upper,-15.0,2,-15.000000002248065,-17.84834714238737,-16.976724795820658,-5.000063762180837,-2.500018039668044,nan,upper,0.1
642,phase2,upper,-15.0,2,-15.000000002032724,-17.84834714238737,-16.976724795820658,-5.000063762180837,-2.500018039668044,nan,upper,0.1
643,phase2,upper,-15.0,2,-15.000000001837972,-17.84834714238737,-16.976724795820658,-5.000063762180837,-2.500018039668044,nan,upper,0.1
644,phase2,upper,-15.0,2,-15.000000001661842,-17.84834714238737,-16.976724795820658,-5.000063762180837,-2.500018039668044,nan,upper,0.1
645,phase2,upper,-15.0,2,-15.000000001502558,-17.84834714238737,-16.976724795820658,-5.000063762180837,-2.500018039668044,nan,upper,0.1
646,phase2,upper,-15.0,2,-15.000000001358513,-17.84834714238737,-16.976724795820658,-5.000063762180837,-2.500018039668044,nan,upper,0.1
647,phase2,upper,-15.0,2,-15.000000001228251,-17.84834714238737,-16.976724795820658,-5.000063762180837,-2.500018039668044,nan,upper,0.1
648,phase2,upper,-15.0,2,-15.000000001110458,-17.84834714238737,-16.976724795820658,-5.000063762180837,-2.500018039668044,nan,upper,0.1
649,phase2,upper,-15.0,2,-15.00000000100394,-17.84834714238737,-16.976724795820658,-5.000063762180837,-2.500018039668044,nan,upper,0.1
650,phase2,upper,-15.0,2,-15.00000000090762,-17.84834714238737,-16.976724795820658,-5.000063762180837,-2.500018039668044,nan,upper,0.1
651,phase2,upper,-15.0,2,-15.000000000820526,-17.84834714238737,-16.976724795820658,-5.000063762180837,-2.500018039668044,nan,upper,0.1
652,phase2,upper,-15.0,2,-15.000000000741775,-17.84834714238737,-16.976724795820658,-5.000063762180837,-2.500018039668044,nan,upper,0.1
653,phase2,upper,-15.0,2,-15.000000000670568,-17.84834714238737,-16.976724795820658,-5.000063762180837,-2.500018039668044,nan,upper,0.1
654,phase2,upper,-15.0,2,-15.000000000606185,-17.84834714238737,-16.976724795820658,-5.000063762180837,-2.500018039668044,nan,upper,0.1
655,phase2,upper,-15.0,2,-15.000000000547972,-17.84834714238737,-16.976724795820658,-5.000063762180837,-2.500018039668044,nan,upper,0.1
656,phase2,upper,-15.0,2,-15.00000000049534,-17.84834714238737,-16.976724795820658,-5.000063762180837,-2.500018039668044,nan,upper,0.1
657,phase2,upper,-15.0,2,-15.000000000447756,-17.84834714238737,-16.976724795820658,-5.000063762180837,-2.500018039668044,nan,upper,0.1
658,phase2,upper,-15.0,2,-15.000000000404734,-17.84834714238737,-16.976724795820658,-5.000063762180837,-2.500018039668044,nan,upper,0.1
659,phase2,upper,-15.0,2,-15.000000000365839,-17.84834714238737,-16.976724795820658,-5.000063762180837,-2.500018039668044,nan,upper,0.1
660,phase2,upper,-15.0,2,-15.000000000330676,-17.84834714238737,-16.976724795820658,-5.000063762180837,-2.500018039668044,nan,upper,0.1
661,phase2,upper,-15.0,2,-15.000000000298886,-17.84834714238737,-16.976724795820658,-5.000063762180837,-2.500018039668044,nan,upper,0.1
662,phase2,upper,-15.0,2,-15.000000000270148,-17.84834714238737,-16.976724795820658,-5.000063762180837,-2.500018039668044,nan,upper,0.1
663,phase2,upper,-15.0,2,-15.00000000024417,-17.84834714238737,-16.976724795820658,-5.000063762180837,-2.500018039668044,nan,upper,0.1
664,phase2,upper,-15.0,2,-15.000000000220684,-17.84834714238737,-16.976724795820658,-5.000063762180837,-2.500018039668044,nan,upper,0.1
665,phase2,upper,-15.0,2,-15.000000000199455,-17.84834714238737,-16.976724795820658,-5.000063762180837,-2.500018039668044,nan,upper,0.1
666,phase2,upper,-15.0,2,-15.000000000180265,-17.84834714238737,-16.976724795820658,-5.000063762180837,-2.500018039668044,nan,upper,0.1
667,phase2,upper,-15.0,2,-15.000000000162919,-17.84834714238737,-16.976724795820658,-5.000063762180837,-2.500018039668044,nan,upper,0.1
668,phase2,upper,-15.0,2,-15.000000000147239,-17.84834714238737,-16.976724795820658,-5.000063762180837,-2.500018039668044,nan,upper,0.1
669,phase2,upper,-15.0,2,-15.000000000133065,-17.84834714238737,-16.976724795820658,-5.000063762180837,-2.500018039668044,nan,upper,0.1
670,phase2,upper,-15.0,2,-15.000000000120254,-17.84834714238737,-16.976724795820658,-5.000063762180837,-2.500018039668044,nan,upper,0.1
671,phase2,upper,-15.0,2,-15.000000000108674,-17.84834714238737,-16.976724795820658,-5.000063762180837,-2.500018039668044,nan,upper,0.1
672,phase2,upper,-15.0,2,-15.000000000098208,-17.84834714238737,-16.976724795820658,-5.000063762180837,-2.500018039668044,nan,upper,0.1
673,phase2,upper,-15.0,2,-15.000000000088749,-17.84834714238737,-16.976724795820658,-5.000063762180837,-2.500018039668044,nan,upper,0.1
674,phase2,upper,-15.0,2,-15.000000000080199,-17.84834714238737,-16.976724795820658,-5.000063762180837,-2.500018039668044,nan,upper,0.1
675,phase2,upper,-15.0,2,-15.000000000072472,-17.84834714238737,-16.976724795820658,-5.000063762180837,-2.500018039668044,nan,upper,0.1
676,phase2,upper,-15.0,2,-15.000000000065487,-17.84834714238737,-16.976724795820658,-5.000063762180837,-2.500018039668044,nan,upper,0.1
677,phase2,upper,-15.0,2,-15.000000000059176,-17.84834714238737,-16.976724795820658,-5.000063762180837,-2.500018039668044,nan,upper,0.1
678,phase2,upper,-15.0,2,-15.000000000053472,-17.84834714238737,-16.976724795820658,-5.000063762180837,-2.500018039668044,nan,upper,0.1
679,phase2,upper,-15.0,2,-15.000000000048317,-17.84834714238737,-16.976724795820658,-5.000063762180837,-2.500018039668044,nan,upper,0.1
680,phase2,upper,-15.0,2,-15.000000000043658,-17.84834714238737,-16.976724795820658,-5.000063762180837,-2.500018039668044,nan,upper,0.1
681,phase2,upper,-15.0,2,-15.000000000039448,-17.84834714238737,-16.976724795820658,-5.000063762180837,-2.500018039668044,nan,upper,0.1
682,phase2,upper,-15.0,2,-15.000000000035643,-17.84834714238737,-16.976724795820658,-5.000063762180837,-2.500018039668044,nan,upper,0.1
683,phase2,upper,-15.0,2,-15.000000000032204,-17.84834714238737,-16.976724795820658,-5.000063762180837,-2.500018039668044,nan,upper,0.1
684,phase2,upper,-15.0,2,-15.000000000029097,-17.84834714238737,-16.976724795820658,-5.000063762180837,-2.500018039668044,nan,upper,0.1
685,phase2,upper,-15.0,2,-15.000000000026288,-17.84834714238737,-16.976724795820658,-5.000063762180837,-2.500018039668044,nan,upper,0.1
686,phase2,upper,-15.0,2,-15.000000000023752,-17.84834714238737,-16.976724795820658,-5.000063762180837,-2.500018039668044,nan,upper,0.1
687,phase2,upper,-15.0,2,-15.000000000021458,-17.84834714238737,-16.976724795820658,-5.000063762180837,-2.500018039668044,nan,upper,0.1
688,phase2,upper,-15.0,2,-15.000000000019387,-17.84834714238737,-16.976724795820658,-5.000063762180837,-2.500018039668044,nan,upper,0.1
689,phase2,upper,-15.0,2,-15.000000000017515,-17.84834714238737,-16.976724795820658,-5.000063762180837,-2.500018039668044,nan,upper,0.1
690,phase2,upper,-15.0,2,-15.000000000015824,-17.84834714238737,-16.976724795820658,-5.000063762180837,-2.500018039668044,nan,upper,0.1
691,phase2,upper,-15.0,2,-15.000000000014296,-17.84834714238737,-16.976724795820658,-5.000063762180837,-2.500018039668044,nan,upper,0.1
692,phase2,upper,-15.0,2,-15.000000000012916,-17.84834714238737,-16.976724795820658,-5.000063762180837,-2.500018039668044,nan,upper,0.1
693,phase2,lower,-20.0,4,-15.000000000012916,-18.0111849077307,-17.029058692456676,-5.000059189929558,-2.5000162357012394,nan,upper,0.1
694,phase2,upper,-15.0,2,-15.000000000011669,-18.0111849077307,-17.029058692456676,-5.000059189929558,-2.5000162357012394,nan,upper,0.1
695,phase2,upper,-15.0,2,-15.000000000010541,-18.0111849077307,-17.029058692456676,-5.000059189929558,-2.5000162357012394,nan,upper,0.1
696,phase2,upper,-15.0,2,-15.000000000009523,-18.0111849077307,-17.029058692456676,-5.000059189929558,-2.5000162357012394,nan,upper,0.1
697,phase2,upper,-15.0,2,-15.000000000008603,-18.0111849077307,-17.029058692456676,-5.000059189929558,-2.5000162357012394,nan,upper,0.1
698,phase2,upper,-15.0,2,-15.000000000007772,-18.0111849077307,-17.029058692456676,-5.000059189929558,-2.5000162357012394,nan,upper,0.1
699,phase2,upper,-15.0,2,-15.00000000000702,-18.0111849077307,-17.029058692456676,-5.000059189929558,-2.5000162357012394,nan,upper,0.1
700,phase2,upper,-15.0,2,-15.000000000006342,-18.0111849077307,-17.029058692456676,-5.000059189929558,-2.5000162357012394,nan,upper,0.1
701,phase2,upper,-15.0,2,-15.000000000005729,-18.0111849077307,-17.029058692456676,-5.000059189929558,-2.5000162357012394,nan,upper,0.1
702,phase2,upper,-15.0,2,-15.000000000005175,-18.0111849077307,-17.029058692456676,-5.000059189929558,-2.5000162357012394,nan,upper,0.1
703,phase2,upper,-15.0,2,-15.000000000004674,-18.0111849077307,-17.029058692456676,-5.000059189929558,-2.5000162357012394,nan,upper,0.1
704,phase2,upper,-15.0,2,-15.00000000000422,-18.0111849077307,-17.029058692456676,-5.000059189929558,-2.5000162357012394,nan,upper,0.1
705,phase2,upper,-15.0,2,-15.000000000003812,-18.0111849077307,-17.029058692456676,-5.000059189929558,-2.5000162357012394,nan,upper,0.1
706,phase2,upper,-15.0,2,-15.000000000003443,-18.0111849077307,-17.029058692456676,-5.000059189929558,-2.5000162357012394,nan,upper,0.1
707,phase2,upper,-15.0,2,-15.000000000003109,-18.0111849077307,-17.029058692456676,-5.000059189929558,-2.5000162357012394,nan,upper,0.1
708,phase2,upper,-15.0,2,-15.000000000002808,-18.0111849077307,-17.029058692456676,-5.000059189929558,-2.5000162357012394,nan,upper,0.1
709,phase2,upper,-15.0,2,-15.000000000002537,-18.0111849077307,-17.029058692456676,-5.000059189929558,-2.5000162357012394,nan,upper,0.1
710,phase2,lower,-20.0,4,-15.000000000002537,-18.1629722862033,-17.076158742203965,-5.000054894506726,-2.5000146121311153,nan,upper,0.1
711,phase2,upper,-15.0,2,-15.000000000002292,-18.1629722862033,-17.076158742203965,-5.000054894506726,-2.5000146121311153,nan,upper,0.1
712,phase2,upper,-15.0,2,-15.00000000000207,-18.1629722862033,-17.076158742203965,-5.000054894506726,-2.5000146121311153,nan,upper,0.1
713,phase2,upper,-15.0,2,-15.000000000001869,-18.1629722862033,-17.076158742203965,-5.000054894506726,-2.5000146121311153,nan,upper,0.1
714,phase2,upper,-15.0,2,-15.000000000001688,-18.1629722862033,-17.076158742203965,-5.000054894506726,-2.5000146121311153,nan,upper,0.1
715,phase2,upper,-15.0,2,-15.000000000001524,-18.1629722862033,-17.076158742203965,-5.000054894506726,-2.5000146121311153,nan,upper,0.1
716,phase2,upper,-15.0,2,-15.000000000001377,-18.1629722862033,-17.076158742203965,-5.000054894506726,-2.5000146121311153,nan,upper,0.1
717,phase2,upper,-15.0,2,-15.000000000001243,-18.1629722862033,-17.076158742203965,-5.000054894506726,-2.5000146121311153,nan,upper,0.1
718,phase2,upper,-15.0,2,-15.000000000001123,-18.1629722862033,-17.076158742203965,-5.000054894506726,-2.5000146121311153,nan,upper,0.1
719,phase2,upper,-15.0,2,-15.000000000001014,-18.1629722862033,-17.076158742203965,-5.000054894506726,-2.5000146121311153,nan,upper,0.1
720,phase2,upper,-15.0,2,-15.000000000000917,-18.1629722862033,-17.076158742203965,-5.000054894506726,-2.5000146121311153,nan,upper,0.1
721,phase2,upper,-15.0,2,-15.000000000000828,-18.1629722862033,-17.076158742203965,-5.000054894506726,-2.5000146121311153,nan,upper,0.1
722,phase2,upper,-15.0,2,-15.000000000000748,-18.1629722862033,-17.076158742203965,-5.000054894506726,-2.5000146121311153,nan,upper,0.1
723,phase2,upper,-15.0,2,-15.000000000000675,-18.1629722862033,-17.076158742203965,-5.000054894506726,-2.5000146121311153,nan,upper,0.1
724,phase2,upper,-15.0,2,-15.00000000000061,-18.1629722862033,-17.076158742203965,-5.000054894506726,-2.5000146121311153,nan,upper,0.1
725,phase2,upper,-15.0,2,-15.00000000000055,-18.1629722862033,-17.076158742203965,-5.000054894506726,-2.5000146121311153,nan,upper,0.1
726,phase2,upper,-15.0,2,-15.000000000000497,-18.1629722862033,-17.076158742203965,-5.000054894506726,-2.5000146121311153,nan,upper,0.1
727,phase2,upper,-15.0,2,-15.00000000000045,-18.1629722862033,-17.076158742203965,-5.000054894506726,-2.5000146121311153,nan,upper,0.1
728,phase2,upper,-15.0,2,-15.000000000000405,-18.1629722862033,-17.076158742203965,-5.000054894506726,-2.5000146121311153,nan,upper,0.1
729,phase2,upper,-15.0,2,-15.000000000000366,-18.1629722862033,-17.076158742203965,-5.000054894506726,-2.5000146121311153,nan,upper,0.1
730,phase2,upper,-15.0,2,-15.00000000000033,-18.1629722862033,-17.076158742203965,-5.000054894506726,-2.5000146121311153,nan,upper,0.1
731,phase2,upper,-15.0,2,-15.000000000000298,-18.1629722862033,-17.076158742203965,-5.000054894506726,-2.5000146121311153,nan,upper,0.1
732,phase2,upper,-15.0,2,-15.00000000000027,-18.1629722862033,-17.076158742203965,-5.000054894506726,-2.5000146121311153,nan,upper,0.1
733,phase2,upper,-15.0,2,-15.000000000000243,-18.1629722862033,-17.076158742203965,-5.000054894506726,-2.5000146121311153,nan,upper,0.1
734,phase2,upper,-15.0,2,-15.00000000000022,-18.1629722862033,-17.076158742203965,-5.000054894506726,-2.5000146121311153,nan,upper,0.1
735,phase2,upper,-15.0,2,-15.000000000000199,-18.1629722862033,-17.076158742203965,-5.000054894506726,-2.5000146121311153,nan,upper,0.1
736,phase2,upper,-15.0,2,-15.00000000000018,-18.1629722862033,-17.076158742203965,-5.000054894506726,-2.5000146121311153,nan,upper,0.1
737,phase2,upper,-15.0,2,-15.000000000000162,-18.1629722862033,-17.076158742203965,-5.000054894506726,-2.5000146121311153,nan,upper,0.1
738,phase2,upper,-15.0,2,-15.000000000000146,-18.1629722862033,-17.076158742203965,-5.000054894506726,-2.5000146121311153,nan,upper,0.1
739,phase2,upper,-15.0,2,-15.000000000000131,-18.1629722862033,-17.076158742203965,-5.000054894506726,-2.5000146121311153,nan,upper,0.1
740,phase2,upper,-15.0,2,-15.000000000000119,-18.1629722862033,-17.076158742203965,-5.000054894506726,-2.5000146121311153,nan,upper,0.1
741,phase2,upper,-15.0,2,-15.000000000000107,-18.1629722862033,-17.076158742203965,-5.000054894506726,-2.5000146121311153,nan,upper,0.1
742,phase2,upper,-15.0,2,-15.000000000000096,-18.1629722862033,-17.076158742203965,-5.000054894506726,-2.5000146121311153,nan,upper,0.1
743,phase2,upper,-15.0,2,-15.000000000000087,-18.1629722862033,-17.076158742203965,-5.000054894506726,-2.5000146121311153,nan,upper,0.1
744,phase2,upper,-15.0,2,-15.000000000000078,-18.1629722862033,-17.076158742203965,-5.000054894506726,-2.5000146121311153,nan,upper,0.1
745,phase2,upper,-15.0,2,-15.000000000000071,-18.1629722862033,-17.076158742203965,-5.000054894506726,-2.5000146121311153,nan,upper,0.1
746,phase2,upper,-15.0,2,-15.000000000000064,-18.1629722862033,-17.076158742203965,-5.000054894506726,-2.5000146121311153,nan,upper,0.1
747,phase2,upper,-15.0,2,-15.000000000000057,-18.1629722862033,-17.076158742203965,-5.000054894506726,-2.5000146121311153,nan,upper,0.1
748,phase2,upper,-15.0,2,-15.000000000000052,-18.1629722862033,-17.076158742203965,-5.000054894506726,-2.5000146121311153,nan,upper,0.1
749,phase2,upper,-15.0,2,-15.000000000000046,-18.1629722862033,-17.076158742203965,-5.000054894506726,-2.5000146121311153,nan,upper,0.1
750,phase2,upper,-15.0,2,-15.000000000000043,-18.1629722862033,-17.076158742203965,-5.000054894506726,-2.5000146121311153,nan,upper,0.1
751,phase2,upper,-15.0,2,-15.000000000000039,-18.1629722862033,-17.076158742203965,-5.000054894506726,-2.5000146121311153,nan,upper,0.1
752,phase2,upper,-15.0,2,-15.000000000000036,-18.1629722862033,-17.076158742203965,-5.000054894506726,-2.5000146121311153,nan,upper,0.1
753,phase2,upper,-15.0,2,-15.000000000000032,-18.1629722862033,-17.076158742203965,-5.000054894506726,-2.5000146121311153,nan,upper,0.1
754,phase2,upper,-15.0,2,-15.000000000000028,-18.1629722862033,-17.076158742203965,-5.000054894506726,-2.5000146121311153,nan,upper,0.1
755,phase2,upper,-15.0,2,-15.000000000000025,-18.1629722862033,-17.076158742203965,-5.000054894506726,-2.5000146121311153,nan,upper,0.1
756,phase2,upper,-15.0,2,-15.000000000000023,-18.1629722862033,-17.076158742203965,-5.000054894506726,-2.5000146121311153,nan,upper,0.1
757,phase2,upper,-15.0,2,-15.000000000000021,-18.1629722862033,-17.076158742203965,-5.000054894506726,-2.5000146121311153,nan,upper,0.1
758,phase2,upper,-15.0,2,-15.00000000000002,-18.1629722862033,-17.076158742203965,-5.000054894506726,-2.5000146121311153,nan,upper,0.1
759,phase2,upper,-15.0,2,-15.000000000000018,-18.1629722862033,-17.076158742203965,-5.000054894506726,-2.5000146121311153,nan,upper,0.1
760,phase2,upper,-15.0,2,-15.000000000000016,-18.1629722862033,-17.076158742203965,-5.000054894506726,-2.5000146121311153,nan,upper,0.1
761,phase2,upper,-15.0,2,-15.000000000000014,-18.1629722862033,-17.076158742203965,-5.000054894506726,-2.5000146121311153,nan,upper,0.1
762,phase2,lower,-20.0,4,-15.000000000000014,-18.304290931803365,-17.118548357434243,-5.000050866269165,-2.500013150918004,nan,upper,0.1
763,phase2,upper,-15.0,2,-15.000000000000012,-18.304290931803365,-17.118548357434243,-5.000050866269165,-2.500013150918004,nan,upper,0.1
764,phase2,upper,-15.0,2,-15.00000000000001,-18.304290931803365,-17.118548357434243,-5.000050866269165,-2.500013150918004,nan,upper,0.1
765,phase2,upper,-15.0,2,-15.00000000000001,-18.304290931803365,-17.118548357434243,-5.000050866269165,-2.500013150918004,nan,upper,0.1
766,phase2,upper,-15.0,2,-15.00000000000001,-18.304290931803365,-17.118548357434243,-5.000050866269165,-2.500013150918004,nan,upper,0.1
767,phase2,upper,-15.0,2,-15.00000000000001,-18.304290931803365,-17.118548357434243,-5.000050866269165,-2.500013150918004,nan,upper,0.1
768,phase2,lower,-20.0,4,-15.00000000000001,-18.435716674366454,-17.156698608317736,-5.0000470947340485,-2.5000118358262036,nan,upper,0.1
769,phase2,upper,-15.0,2,-15.00000000000001,-18.435716674366454,-17.156698608317736,-5.0000470947340485,-2.5000118358262036,nan,upper,0.1
770,phase2,upper,-15.0,2,-15.00000000000001,-18.435716674366454,-17.156698608317736,-5.0000470947340485,-2.5000118358262036,nan,upper,0.1
771,phase2,upper,-15.0,2,-15.00000000000001,-18.435716674366454,-17.156698608317736,-5.0000470947340485,-2.5000118358262036,nan,upper,0.1
772,phase2,upper,-15.0,2,-15.00000000000001,-18.435716674366454,-17.156698608317736,-5.0000470947340485,-2.5000118358262036,nan,upper,0.1
773,phase2,upper,-15.0,2,-15.00000000000001,-18.435716674366454,-17.156698608317736,-5.0000470947340485,-2.5000118358262036,nan,upper,0.1
774,phase2,upper,-15.0,2,-15.00000000000001,-18.435716674366454,-17.156698608317736,-5.0000470947340485,-2.5000118358262036,nan,upper,0.1
775,phase2,upper,-15.0,2,-15.00000000000001,-18.435716674366454,-17.156698608317736,-5.0000470947340485,-2.5000118358262036,nan,upper,0.1
776,phase2,upper,-15.0,2,-15.00000000000001,-18.435716674366454,-17.156698608317736,-5.0000470947340485,-2.5000118358262036,nan,upper,0.1
777,phase2,upper,-15.0,2,-15.00000000000001,-18.435716674366454,-17.156698608317736,-5.0000470947340485,-2.5000118358262036,nan,upper,0.1
778,phase2,upper,-15.0,2,-15.00000000000001,-18.435716674366454,-17.156698608317736,-5.0000470947340485,-2.5000118358262036,nan,upper,0.1
779,phase2,upper,-15.0,2,-15.00000000000001,-18.435716674366454,-17.156698608317736,-5.0000470947340485,-2.5000118358262036,nan,upper,0.1
780,phase2,upper,-15.0,2,-15.00000000000001,-18.435716674366454,-17.156698608317736,-5.0000470947340485,-2.5000118358262036,nan,upper,0.1
781,phase2,upper,-15.0,2,-15.00000000000001,-18.435716674366454,-17.156698608317736,-5.0000470947340485,-2.5000118358262036,nan,upper,0.1
782,phase2,upper,-15.0,2,-15.00000000000001,-18.435716674366454,-17.156698608317736,-5.0000470947340485,-2.5000118358262036,nan,upper,0.1
783,phase2,upper,-15.0,2,-15.00000000000001,-18.435716674366454,-17.156698608317736,-5.0000470947340485,-2.5000118358262036,nan,upper,0.1
784,phase2,upper,-15.0,2,-15.00000000000001,-18.435716674366454,-17.156698608317736,-5.0000470947340485,-2.5000118358262036,nan,upper,0.1
785,phase2,upper,-15.0,2,-15.00000000000001,-18.435716674366454,-17.156698608317736,-5.0000470947340485,-2.5000118358262036,nan,upper,0.1
786,phase2,upper,-15.0,2,-15.00000000000001,-18.435716674366454,-17.156698608317736,-5.0000470947340485,-2.5000118358262036,nan,upper,0.1
787,phase2,upper,-15.0,2,-15.00000000000001,-18.435716674366454,-17.156698608317736,-5.0000470947340485,-2.5000118358262036,nan,upper,0.1
788,phase2,lower,-20.0,4,-15.00000000000001,-18.557814867761582,-17.191033456959367,-5.000043568843264,-2.500010652243583,nan,upper,0.1
789,phase2,upper,-15.0,2,-15.00000000000001,-18.557814867761582,-17.191033456959367,-5.000043568843264,-2.500010652243583,nan,upper,0.1
790,phase2,upper,-15.0,2,-15.00000000000001,-18.557814867761582,-17.191033456959367,-5.000043568843264,-2.500010652243583,nan,upper,0.1
791,phase2,lower,-20.0,4,-15.00000000000001,-18.67113672668136,-17.221934468147758,-5.000040277183296,-2.5000095870192247,nan,upper,0.1
792,phase2,upper,-15.0,2,-15.00000000000001,-18.67113672668136,-17.221934468147758,-5.000040277183296,-2.5000095870192247,nan,upper,0.1
793,phase2,upper,-15.0,2,-15.00000000000001,-18.67113672668136,-17.221934468147758,-5.000040277183296,-2.5000095870192247,nan,upper,0.1
794,phase2,upper,-15.0,2,-15.00000000000001,-18.67113672668136,-17.221934468147758,-5.000040277183296,-2.5000095870192247,nan,upper,0.1
795,phase2,lower,-20.0,4,-15.00000000000001,-18.776216500828,-17.249745049051313,-5.000037208166889,-2.5000086283173024,nan,upper,0.1
796,phase2,upper,-15.0,2,-15.00000000000001,-18.776216500828,-17.249745049051313,-5.000037208166889,-2.5000086283173024,nan,upper,0.1
797,phase2,upper,-15.0,2,-15.00000000000001,-18.776216500828,-17.249745049051313,-5.000037208166889,-2.5000086283173024,nan,upper,0.1
798,phase2,upper,-15.0,2,-15.00000000000001,-18.776216500828,-17.249745049051313,-5.000037208166889,-2.5000086283173024,nan,upper,0.1
799,phase2,upper,-15.0,2,-15.00000000000001,-18.776216500828,-17.249745049051313,-5.000037208166889,-2.5000086283173024,nan,upper,0.1
