episode,phase,route,return,steps,q_start_right,q_start_down,q_shield_right,q_d1_right,q_d2_right,mood_M,greedy_route,epsilon
0,phase1,lower,-10.0,4,0.0,-0.25,-0.3175,-0.36475,-0.397825,-0.189975,upper,0.1
1,phase1,upper,-15.0,2,-1.4209775,-0.25,-0.3175,-0.36475,-0.397825,-0.43058775,lower,0.1
2,phase1,lower,-10.0,4,-1.4209775,-0.894278975,-0.9128177824999999,-0.92524819775,-0.8914690134250001,-0.28350809377499997,lower,0.1
3,phase1,lower,-10.0,4,-1.4209775,-1.4012901401474998,-1.4106714709057497,-1.412333353345775,-1.2872342259255176,-0.23096535147515249,lower,0.1
4,phase1,lower,-10.0,4,-1.4209775,-1.860097089550962,-1.874099126509571,-1.8666513385815031,-1.6244126554770466,-0.20430663600096394,upper,0.1
5,phase1,upper,-15.0,2,-2.7834741474008675,-1.860097089550962,-1.874099126509571,-1.8666513385815031,-1.6244126554770466,-0.4014050658904723,lower,0.1
6,phase1,lower,-10.0,4,-2.7834741474008675,-2.472761852548248,-2.444117594225644,-2.3842606525532157,-1.9772141730830322,-0.2325675627885589,lower,0.1
7,phase1,upper,-15.0,2,-4.097778197963545,-2.472761852548248,-2.444117594225644,-2.3842606525532157,-1.9772141730830322,-0.38100448937960024,lower,0.1
8,phase1,lower,-10.0,4,-4.097778197963545,-3.062801467157628,-2.994891333392839,-2.8741714705151487,-2.2824333269652994,-0.21241513017795288,lower,0.1
9,phase1,lower,-10.0,4,-4.097778197963545,-3.497184070941307,-3.4323073055055313,-3.2688797907427887,-2.498430558600761,-0.15760299467147895,lower,0.1
10,phase1,lower,-10.0,4,-4.097778197963545,-3.8825390896020604,-3.831002768005523,-3.620449074413378,-2.670315318292205,-0.13361316200427023,lower,0.1
11,phase1,lower,-10.0,4,-4.097778197963545,-4.24763730324625,-4.210232210025892,-3.9424501170399813,-2.8120402678148175,-0.1183678037248816,upper,0.1
12,phase1,upper,-15.0,2,-5.234024568478448,-4.24763730324625,-4.210232210025892,-3.9424501170399813,-2.8120402678148175,-0.2923924966416598,lower,0.1
13,phase1,lower,-10.0,4,-5.234024568478448,-4.757050040901708,-4.684151336094597,-4.315167150363952,-2.9828457878767978,-0.14775732839935912,lower,0.1
14,phase1,upper,-15.0,2,-6.3244070434610595,-4.757050040901708,-4.684151336094597,-4.315167150363952,-2.9828457878767978,-0.27921427471324556,lower,0.1
15,phase1,lower,-10.0,4,-6.3244070434610595,-5.251053017662919,-5.138689645561085,-4.658478150728196,-3.1246687279310366,-0.1333760299074104,lower,0.1
16,phase1,lower,-10.0,4,-6.3244070434610595,-5.6098551073694045,-5.489161583872715,-4.913576659544435,-3.199224616489578,-0.08783319699112643,lower,0.1
17,phase1,lower,-10.0,4,-6.3244070434610595,-5.926835632311749,-5.801179280409886,-5.127803994561084,-3.245478427203634,-0.06938258445432348,lower,0.1
18,phase1,upper,-15.0,2,-7.272292203201361,-5.926835632311749,-5.801179280409886,-5.127803994561084,-3.245478427203634,-0.2145755800429599,lower,0.1
19,phase1,lower,-10.0,4,-7.272292203201361,-6.357388019160227,-6.18313164575072,-5.378393230855422,-3.3197830492856775,-0.09340978647465163,lower,0.1
20,phase1,lower,-10.0,4,-7.272292203201361,-6.674031189646463,-6.474301047658164,-5.553454545874156,-3.3413679026777228,-0.05595563165968418,lower,0.1
21,phase1,upper,-15.0,2,-8.139794440976074,-6.674031189646463,-6.474301047658164,-5.553454545874156,-3.3413679026777228,-0.1857066981819146,lower,0.1
22,phase1,lower,-10.0,4,-8.139794440976074,-7.071194203811356,-6.811318903500686,-5.75025478022099,-3.382611002110181,-0.07227665490873639,lower,0.1
23,phase1,lower,-10.0,4,-8.139794440976074,-7.360255663198153,-7.061230150656832,-5.876554032720239,-3.3770680611074013,-0.037858015987546845,lower,0.1
24,phase1,lower,-10.0,4,-8.139794440976074,-7.614425326332813,-7.276039400096712,-5.970412983238144,-3.355040417138547,-0.02477175094380027,lower,0.1
25,phase1,lower,-10.0,4,-8.139794440976074,-7.852881309558623,-7.469446541497075,-6.042902661533357,-3.3252401705736236,-0.017673961490568067,lower,0.1
26,phase1,lower,-10.0,4,-8.139794440976074,-8.080444398093979,-7.645074010502099,-6.09791702757934,-3.290585696859718,-0.012474661927702302,lower,0.1
27,phase1,lower,-10.0,4,-8.139794440976074,-8.298134555069723,-7.803962348759295,-6.137433481553094,-3.252403892176318,-0.008075468540652726,upper,0.1
28,phase1,upper,-15.0,2,-8.898605212571221,-8.298134555069723,-7.803962348759295,-6.137433481553094,-3.252403892176318,-0.1421242898638672,lower,0.1
29,phase1,lower,-10.0,4,-8.898605212571221,-8.626629195316161,-8.031005115082529,-6.222021200331547,-3.2529311784468047,-0.036358297503247226,lower,0.1
30,phase1,lower,-10.0,4,-8.898605212571221,-8.849789255045721,-8.174430600868169,-6.245796346527312,-3.214451533880204,-0.006044766085102404,lower,0.1
31,phase1,lower,-10.0,4,-8.898605212571221,-9.037693679104558,-8.284640694404905,-6.245240203674973,-3.1654649074393717,0.003965802835259907,upper,0.1
32,phase1,upper,-15.0,2,-9.584945944833509,-9.037693679104558,-8.284640694404905,-6.245240203674973,-3.1654649074393717,-0.11900670430032412,lower,0.1
33,phase1,lower,-10.0,4,-9.584945944833509,-9.319494414504884,-8.452842438454224,-6.285198115987324,-3.151819293052211,-0.021181178832089594,lower,0.1
34,phase1,lower,-10.0,4,-9.584945944833509,-9.501892277848698,-8.543522545518384,-6.271045014504801,-3.1039654820954334,0.006077153409443717,lower,0.1
35,phase1,lower,-10.0,4,-9.584945944833509,-9.650585866547168,-8.604070202996159,-6.236936955331889,-3.0483777123584552,0.014378803428645778,upper,0.1
36,phase1,upper,-15.0,2,-10.203681578929764,-9.650585866547168,-8.604070202996159,-6.236936955331889,-3.0483777123584552,-0.09855511782857511,lower,0.1
37,phase1,lower,-10.0,4,-10.203681578929764,-9.884633906237784,-8.718690679545857,-6.242602094268897,-3.0271135858263736,-0.009661503398840445,lower,0.1
38,phase1,lower,-10.0,4,-10.203681578929764,-10.026734936627546,-8.763188101038747,-6.201173247636578,-2.9761680404641413,0.014439997292253863,lower,0.1
39,phase1,lower,-10.0,4,-10.203681578929764,-10.137384255505639,-8.781273652843513,-6.143999251878964,-2.919704663295812,0.02116570919763617,lower,0.1
40,phase1,lower,-10.0,4,-10.203681578929764,-10.232724056961555,-8.78509682968067,-6.080148816048134,-2.8641835591937252,0.023130524833045146,upper,0.1
41,phase1,upper,-15.0,2,-10.759799387613805,-10.232724056961555,-8.78509682968067,-6.080148816048134,-2.8641835591937252,-0.08063142017087463,lower,0.1
42,phase1,lower,-10.0,4,-10.759799387613805,-10.410529612387252,-8.843813887888484,-6.058466995694363,-2.8433744350714516,-0.0012150068441540395,lower,0.1
43,phase1,lower,-10.0,4,-10.759799387613805,-10.504951546097114,-8.841243328419422,-5.997428264368075,-2.7970588597426906,0.019617557802289194,lower,0.1
44,phase1,lower,-10.0,4,-10.759799387613805,-10.570924922307285,-8.817082638721548,-5.925262888871233,-2.7469530953195234,0.024778337919201678,lower,0.1
45,phase1,lower,-10.0,4,-10.759799387613805,-10.623240189821429,-8.782436569190605,-5.850027910087965,-2.698760621762007,0.025684164879468785,lower,0.1
46,phase1,lower,-10.0,4,-10.759799387613805,-10.666044079366824,-8.740812981649244,-5.77435824231783,-2.6539202855447277,0.025379476240365757,lower,0.1
47,phase1,lower,-10.0,4,-10.759799387613805,-10.700679440978737,-8.693697198046298,-5.699390951909709,-2.612729985845813,0.024682930567574465,lower,0.1
48,phase1,lower,-10.0,4,-10.759799387613805,-10.727766579174675,-8.642027806615891,-5.625811449885908,-2.5751777573853185,0.023821300589973473,lower,0.1
49,phase1,lower,-10.0,4,-10.759799387613805,-10.74775353138782,-8.586583804712124,-5.5541345826426,-2.541163423353997,0.022863766949285182,lower,0.1
50,phase1,lower,-10.0,4,-10.759799387613805,-10.761059168465895,-8.528083126706878,-5.4847823086590575,-2.510558249079527,0.021837327542118874,upper,0.1
51,phase1,upper,-15.0,2,-11.26585897862203,-10.761059168465895,-8.528083126706878,-5.4847823086590575,-2.510558249079527,-0.06919154115429577,lower,0.1
52,phase1,lower,-10.0,4,-11.26585897862203,-10.85003395132886,-8.524553362701809,-5.458251003073611,-2.511322144823682,-0.0010985908125872039,lower,0.1
53,phase1,lower,-10.0,4,-11.26585897862203,-10.868474624197486,-8.473327263057989,-5.402050848961957,-2.4900677633679025,0.01599023865736367,lower,0.1
54,phase1,lower,-10.0,4,-11.26585897862203,-10.864568673291908,-8.40895679254348,-5.340358096848525,-2.4655913332322537,0.019511763633482337,lower,0.1
55,phase1,lower,-10.0,4,-11.26585897862203,-10.85144689794693,-8.341002991104684,-5.279763503394623,-2.442730955326797,0.019424263560925567,lower,0.1
56,phase1,lower,-10.0,4,-11.26585897862203,-10.832920670057872,-8.272359770805554,-5.2221432923499815,-2.422616111629785,0.018381066120951105,lower,0.1
57,phase1,lower,-10.0,4,-11.26585897862203,-10.810321620623784,-8.204122907023986,-5.168084078204453,-2.405392719335905,0.017093202006261306,lower,0.1
58,phase1,lower,-10.0,4,-11.26585897862203,-10.784317867458169,-8.136882941610894,-5.117796636167673,-2.3909479664079165,0.015754933464609044,lower,0.1
59,phase1,lower,-10.0,4,-11.26585897862203,-10.755394934755293,-8.071067959985992,-5.071361993188325,-2.3791034124812502,0.014422694659028833,lower,0.1
60,phase1,upper,-15.0,2,-11.730634972049804,-10.755394934755293,-8.071067959985992,-5.071361993188325,-2.3791034124812502,-0.06195903258253396,lower,0.1
61,phase1,lower,-10.0,4,-11.730634972049804,-10.792725366602642,-8.05515472551445,-5.062484227559838,-2.3932457542635883,-0.005223428871478504,lower,0.1
62,phase1,lower,-10.0,4,-11.730634972049804,-10.773669388478154,-8.00276402859864,-5.0300717238011945,-2.388509680557917,0.008784093511817193,lower,0.1
63,phase1,lower,-10.0,4,-11.730634972049804,-10.738673168329568,-7.942646374489704,-4.994158930706901,-2.3806069251955813,0.01147334721071631,lower,0.1
64,phase1,lower,-10.0,4,-11.730634972049804,-10.698744476455937,-7.882576697934996,-4.9600399166501346,-2.373545659073273,0.011196431669117539,lower,0.1
65,phase1,lower,-10.0,4,-11.730634972049804,-10.657050910101638,-7.824732737834901,-4.929068800417631,-2.3682305648789974,0.010175669550935355,lower,0.1
66,phase1,lower,-10.0,4,-11.730634972049804,-10.614660990279122,-7.769783081624882,-4.901533766825697,-2.3647490290049054,0.009003512024519407,lower,0.1
67,phase1,lower,-10.0,4,-11.730634972049804,-10.572070038591631,-7.717974234035852,-4.877423820267661,-2.362978907240084,0.00783875220907104,lower,0.1
68,phase1,lower,-10.0,4,-11.730634972049804,-10.529605581147889,-7.669420192044313,-4.856635167362858,-2.362750090742899,0.00672453170745097,lower,0.1
69,phase1,lower,-10.0,4,-11.730634972049804,-10.487534963700826,-7.6241802290946765,-4.839028441697419,-2.3638874319974605,0.005672896910958252,lower,0.1
70,phase1,lower,-10.0,4,-11.730634972049804,-10.446093883020348,-7.582280547466681,-4.8244460904459086,-2.366222106338755,0.004687298205780991,lower,0.1
71,phase1,lower,-10.0,4,-11.730634972049804,-10.405493981079777,-7.543721143835012,-4.812718991144918,-2.3695945575107946,0.0037685928966734762,lower,0.1
72,phase1,lower,-10.0,4,-11.730634972049804,-10.365924963748293,-7.50847884843549,-4.803670033567514,-2.3738551821017992,0.0029166631259247688,lower,0.1
73,phase1,lower,-10.0,4,-11.730634972049804,-10.32755535540368,-7.476509424065914,-4.797116730401563,-2.378864390288479,0.0021308682654965112,lower,0.1
74,phase1,lower,-10.0,4,-11.730634972049804,-10.290532980830957,-7.447749467546096,-4.792873412653949,-2.384492479461164,0.001410187551906427,lower,0.1
75,phase1,lower,-10.0,4,-11.730634972049804,-10.254985460705754,-7.4221182890404895,-4.790753164741108,-2.3906194381033488,0.0007532803707119154,lower,0.1
76,phase1,lower,-10.0,4,-11.730634972049804,-10.221020791205587,-7.399519796342041,-4.790569547533292,-2.397134712492966,0.0001585245431378196,lower,0.1
77,phase1,lower,-10.0,4,-11.730634972049804,-10.188728019630409,-7.379844374137673,-4.792138129184979,-2.4039369463065836,-0.0003759514519222724,lower,0.1
78,phase1,lower,-10.0,4,-11.730634972049804,-10.158178011387864,-7.362970740628811,-4.795277835973901,-2.410933697291942,-0.0008522382010378573,lower,0.1
79,phase1,lower,-10.0,4,-11.730634972049804,-10.129424298692893,-7.34876776391948,-4.799812133309334,-2.4180411336608754,-0.0012726160464519333,lower,0.1
80,phase1,lower,-10.0,4,-11.730634972049804,-10.102503999657358,-7.337096222528848,-4.805570046487283,-2.425183712504235,-0.001639526597521632,lower,0.1
81,phase1,lower,-10.0,4,-11.730634972049804,-10.077438795882276,-7.32781049669866,-4.812387030577634,-2.4322938424783285,-0.001955545132830515,lower,0.1
82,phase1,lower,-10.0,4,-11.730634972049804,-10.054235956583462,-7.320760179442284,-4.820105698731444,-2.4393115330264323,-0.002223354011378841,lower,0.1
83,phase1,lower,-10.0,4,-11.730634972049804,-10.032889397479584,-7.315791598415556,-4.8285764181127995,-2.4461840324160535,-0.002445717214301779,lower,0.1
84,phase1,lower,-10.0,4,-11.730634972049804,-10.013380763066055,-7.312749241655562,-4.837657782564148,-2.452865456875352,-0.002625456128221214,lower,0.1
85,phase1,lower,-10.0,4,-11.730634972049804,-9.995680521440406,-7.311477082029117,-4.847216970997687,-2.4593164130959124,-0.002765426666702894,lower,0.1
86,phase1,lower,-10.0,4,-11.730634972049804,-9.979749061499309,-7.311819796861892,-4.857130000364804,-2.465503616333079,-0.002868497810156555,lower,0.1
87,phase1,lower,-10.0,4,-11.730634972049804,-9.965537783064708,-7.313623880687372,-4.867281881888842,-2.471399506279962,-0.0029375316279337854,lower,0.1
88,phase1,lower,-10.0,4,-11.730634972049804,-9.952990171292114,-7.316738650368929,-4.877566689053381,-2.4769818628183247,-0.0029753648298803895,lower,0.1
89,phase1,lower,-10.0,4,-11.730634972049804,-9.942042847546688,-7.321017143015273,-4.887887545618884,-2.4822334236604524,-0.0029847918785302213,lower,0.1
90,phase1,lower,-10.0,4,-11.730634972049804,-9.932626589784224,-7.326316908136759,-4.898156541696127,-2.4871415057926893,-0.0029685496777392835,lower,0.1
91,phase1,lower,-10.0,4,-11.730634972049804,-9.924667316329442,-7.33250069638519,-4.908294585636632,-2.4916976325156215,-0.0029293038390426148,lower,0.1
92,phase1,lower,-10.0,4,-11.730634972049804,-9.918087027790154,-7.339437047990437,-4.918231199210391,-2.4958971677498942,-0.0028696365135140994,lower,0.1
93,phase1,lower,-10.0,4,-11.730634972049804,-9.912804702672345,-7.347000784661354,-4.927904263231525,-2.4997389591425,-0.002792035764521714,lower,0.1
94,phase1,lower,-10.0,4,-11.730634972049804,-9.908737143059314,-7.355073409263723,-4.937259720465764,-2.503224991368045,-0.0026988864455655473,lower,0.1
95,phase1,lower,-10.0,4,-11.730634972049804,-9.905799767480763,-7.363543418032153,-4.946251242312205,-2.506360050874951,-0.002592462537400221,lower,0.1
96,phase1,lower,-10.0,4,-11.730634972049804,-9.903907348819562,-7.372306530423608,-4.954839865398456,-2.5091514031796334,-0.0024749208898895026,lower,0.1
97,phase1,lower,-10.0,4,-11.730634972049804,-9.902974695780866,-7.381265841985033,-4.962993603865653,-2.5116084836641166,-0.0023482963065140756,lower,0.1
98,phase1,lower,-10.0,4,-11.730634972049804,-9.902917277077146,-7.390331905793712,-4.970687042750708,-2.513742602685909,-0.002214497903124271,lower,0.1
99,phase1,lower,-10.0,4,-11.730634972049804,-9.903651788061614,-7.399422748143727,-4.9779009175000875,-2.5155666656646702,-0.0020753066673634014,lower,0.1
100,phase1,lower,-10.0,4,-11.730634972049804,-9.905096660070452,-7.40846382420202,-4.984621684275027,-2.5170949086695833,-0.0019323741411335239,lower,0.1
101,phase1,lower,-10.0,4,-11.730634972049804,-9.907172513210629,-7.417387919349787,-4.99084108533478,-2.5183426498954864,-0.0017872221454713834,lower,0.1
102,phase1,lower,-10.0,4,-11.730634972049804,-9.909802553755469,-7.426135001865691,-4.996555713414629,-2.5193260572857215,-0.0016412434651892581,lower,0.1
103,phase1,lower,-10.0,4,-11.730634972049804,-9.912912917685162,-7.43465203250263,-5.001766578650991,-2.5200619324361457,-0.0014957034095368228,lower,0.1
104,phase1,lower,-10.0,4,-11.730634972049804,-9.916432962235492,-7.442892736365545,-5.006478681249169,-2.5205675107984935,-0.0013517421648863307,lower,0.1
105,phase1,lower,-10.0,4,-11.730634972049804,-9.920295507596894,-7.450817342319297,-5.010700592741732,-2.520860278092817,-0.001210377855957732,lower,0.1
106,phase1,lower,-10.0,4,-11.730634972049804,-9.924437031139496,-7.458392294948299,-5.014444048348977,-2.52095780273851,-0.0010725102333070489,lower,0.1
107,phase1,lower,-10.0,4,-11.730634972049804,-9.928797816730352,-7.465589943858188,-5.017723552628624,-2.5208775840216613,-0.0009389249066244587,lower,0.1
108,phase1,lower,-10.0,4,-11.730634972049804,-9.933322061859098,-7.472388214858856,-5.020556000291267,-2.5206369156334447,-0.0008102980457553291,lower,0.1
109,phase1,lower,-10.0,4,-11.730634972049804,-9.937957945400253,-7.4787702673019165,-5.022960313762033,-2.520252764139923,-0.0006872014741922023,lower,0.1
110,phase1,lower,-10.0,4,-11.730634972049804,-9.942657658917193,-7.484724141568014,-5.024957098788305,-2.519741661878072,-0.000570108083023378,lower,0.1
111,phase1,lower,-10.0,4,-11.730634972049804,-9.947377404456997,-7.49024240041392,-5.026568319128944,-2.519119613715852,-0.0004593974968920792,lower,0.1
112,phase1,lower,-10.0,4,-11.730634972049804,-9.952077361799892,-7.495321767599301,-5.027816991112656,-2.5184020170656276,-0.00035536192736086887,lower,0.1
113,phase1,lower,-10.0,4,-11.730634972049804,-9.956721628114458,-7.499962766921458,-5.028726898622389,-2.5176035944999002,-0.00025821215312513753,lower,0.1
114,phase1,lower,-10.0,4,-11.730634972049804,-9.96127813293297,-7.504169364495809,-5.029322328849045,-2.516738338285837,-0.00016808357072379035,lower,0.1
115,phase1,lower,-10.0,4,-11.730634972049804,-9.965718531302905,-7.507948616832884,-5.029627828961488,-2.5158194661301816,-8.504226370249096e-05,lower,0.1
116,phase1,lower,-10.0,4,-11.730634972049804,-9.970018077893235,-7.511310326981187,-5.029667983660639,-2.5148593874083156,-9.091042546057848e-06,lower,0.1
117,phase1,lower,-10.0,4,-11.730634972049804,-9.97415548474032,-7.51426671073131,-5.029467213423277,-2.5138696791401807,5.982458792997639e-05,lower,0.1
118,phase1,lower,-10.0,4,-11.730634972049804,-9.978112765210282,-7.516832074611868,-5.029049593095603,-2.5128610709709642,0.00012181057269325141,lower,0.1
119,phase1,lower,-10.0,4,-11.730634972049804,-9.981875066635016,-7.519022507153288,-5.028438690367333,-2.5118434384154376,0.00017701859679676905,lower,0.1
120,phase1,lower,-10.0,4,-11.730634972049804,-9.985430493949726,-7.520855584652704,-5.0276574235435305,-2.510825803631164,0.00022564055236434495,lower,0.1
121,phase1,lower,-10.0,4,-11.730634972049804,-9.988769926522897,-7.522350092442777,-5.02672793793304,-2.5098163429969356,0.00026790320868850745,lower,0.1
122,phase1,lower,-10.0,4,-11.730634972049804,-9.991886830227067,-7.523525762450166,-5.025671500088521,-2.508822400788331,0.0003040631079499315,lower,0.1
123,phase1,lower,-10.0,4,-11.730634972049804,-9.99477706665222,-7.5244030276260165,-5.024508409063148,-2.507850508261645,0.0003344017053131874,lower,0.1
124,phase1,lower,-10.0,4,-11.730634972049804,-9.997438701214818,-7.525002793641675,-5.023257923792161,-2.5069064074802547,0.0003592207685804076,lower,0.1
125,phase1,lower,-10.0,4,-11.730634972049804,-9.999871811765782,-7.5253462280680425,-5.021938205662957,-2.5059950792431986,0.0003788380492093221,lower,0.1
126,phase1,upper,-15.0,2,-12.163129398974574,-9.999871811765782,-7.5253462280680425,-5.021938205662957,-2.5059950792431986,-0.0589401358891781,lower,0.1
127,phase1,lower,-10.0,4,-12.163129398974574,-10.055465375696269,-7.562825520677878,-5.0467259428112845,-2.5234325417587575,-0.013848902409276272,lower,0.1
128,phase1,lower,-10.0,4,-12.163129398974574,-10.068665402362779,-7.570139095323566,-5.050208386806277,-2.5245286146246353,-0.0019720558908232757,lower,0.1
129,phase1,lower,-10.0,4,-12.163129398974574,-10.070587621960598,-7.569428209392997,-5.047999809902958,-2.521633979533659,0.0010794601498045168,lower,0.1
130,phase1,lower,-10.0,4,-12.163129398974574,-10.069500166569014,-7.566574005410292,-5.044286705256206,-2.5180051390334466,0.0017888080335573067,lower,0.1
131,phase1,lower,-10.0,4,-12.163129398974574,-10.06759762322294,-7.563139319982457,-5.0402126227410715,-2.5144828747170864,0.0018792933811267699,lower,0.1
132,phase1,lower,-10.0,4,-12.163129398974574,-10.065460428855877,-7.559542321240715,-5.036107596800833,-2.5112674482522426,0.0018089276806177363,lower,0.1
133,phase1,lower,-10.0,4,-12.163129398974574,-10.063240583181804,-7.555899435452329,-5.032081255045019,-2.508390390585537,0.0016993778798302687,lower,0.1
134,phase1,lower,-10.0,4,-12.163129398974574,-10.060977028317009,-7.552248798358609,-5.028180904390981,-2.5058398132409145,0.0015829081622862192,lower,0.1
135,phase1,lower,-10.0,4,-12.163129398974574,-10.058679587975112,-7.548609114610729,-5.024433936093066,-2.503593621027736,0.0014680250887398236,lower,0.1
136,phase1,lower,-10.0,4,-12.163129398974574,-10.056351318058807,-7.544994838172218,-5.020859443755835,-2.50162824783671,0.0013569283661395777,lower,0.1
137,phase1,lower,-10.0,4,-12.163129398974574,-10.053994434540622,-7.541419808902974,-5.017471625635356,-2.499920891793226,0.0012501495260668714,lower,0.1
138,phase1,lower,-10.0,4,-12.163129398974574,-10.051611837403398,-7.537897881482574,-5.014280974937371,-2.4984500286805247,0.0011477842575355558,lower,0.1
139,phase1,lower,-10.0,4,-12.163129398974574,-10.049207435979532,-7.534442809935944,-5.01129485721049,-2.4971954740926994,0.001049818864683551,lower,0.1
140,phase1,lower,-10.0,4,-12.163129398974574,-10.046786136396959,-7.531067983875471,-5.0085179026235735,-2.4961383319466535,0.0009562156847178129,lower,0.1
141,phase1,upper,-15.0,2,-12.55292754399197,-10.046786136396959,-7.531067983875471,-5.0085179026235735,-2.4961383319466535,-0.04947828582322336,lower,0.1
142,phase1,lower,-10.0,4,-12.55292754399197,-10.089744778385711,-7.559559905700832,-5.028193944327465,-2.51083004948382,-0.011242389499691991,lower,0.1
143,phase1,lower,-10.0,4,-12.55292754399197,-10.096844441666946,-7.56269102338581,-5.029998073561639,-2.511756582477637,-0.0012380724705290007,lower,0.1
144,phase1,lower,-10.0,4,-12.55292754399197,-10.094543365062309,-7.559279571766235,-5.027191705161976,-2.509400850466721,0.0012705326234473389,lower,0.1
145,phase1,upper,-15.0,2,-12.90325336572813,-10.094543365062309,-7.559279571766235,-5.027191705161976,-2.509400850466721,-0.04115737559599801,lower,0.1
146,phase1,lower,-10.0,4,-12.90325336572813,-10.1280586237691,-7.581047809312294,-5.042030164238675,-2.5196126935256338,-0.008391696345897922,lower,0.1
147,phase1,lower,-10.0,4,-12.90325336572813,-10.130910069034726,-7.581163521512514,-5.04154717444569,-2.518277282558642,0.00010160206143550892,lower,0.1
148,phase1,lower,-10.0,4,-12.90325336572813,-10.125843972427214,-7.575794720724028,-5.037165527628918,-2.5143830068821806,0.002155633137223799,lower,0.1
149,phase1,lower,-10.0,4,-12.90325336572813,-10.118898977433394,-7.56922242274208,-5.031947722269971,-2.510271890834809,0.002510346596918241,lower,0.1
150,phase1,lower,-10.0,4,-12.90325336572813,-10.111672010027036,-7.562572167362146,-5.026727772480801,-2.506522797650621,0.002425193247816377,lower,0.1
151,phase1,lower,-10.0,4,-12.90325336572813,-10.104579351837513,-7.556134160375935,-5.021741979087333,-2.5032492764278294,0.0022344272855306085,lower,0.1
152,phase1,lower,-10.0,4,-12.90325336572813,-10.097723848134379,-7.549979232887728,-5.017063123375048,-2.5004443360008053,0.0020263771250224466,lower,0.1
153,phase1,lower,-10.0,4,-12.90325336572813,-10.091125647197194,-7.544121899736036,-5.012716504140485,-2.498071876793623,0.0018240166633255632,lower,0.1
154,phase1,lower,-10.0,4,-12.90325336572813,-10.084783657454084,-7.538563128497135,-5.008711333549177,-2.4960907886762596,0.0016329677555871635,lower,0.1
155,phase1,lower,-10.0,4,-12.90325336572813,-10.07869193357836,-7.5333012250344815,-5.00504957382079,-2.494461161428298,0.001454261289437523,lower,0.1
156,phase1,lower,-10.0,4,-12.90325336572813,-10.072844027563479,-7.528334326170081,-5.0017287243786495,-2.4931457524088474,0.0012877293024430086,lower,0.1
157,phase1,lower,-10.0,4,-12.90325336572813,-10.06723410105194,-7.523660734592776,-4.998742953954588,-2.492110205665821,0.0011329059628199275,lower,0.1
158,phase1,lower,-10.0,4,-12.90325336572813,-10.061857149039486,-7.519278744877984,-4.996083750892799,-2.4913229511324033,0.0009892659219579592,lower,0.1
159,phase1,upper,-15.0,2,-13.217533167346717,-10.061857149039486,-7.519278744877984,-4.996083750892799,-2.4913229511324033,-0.03405234604104518,lower,0.1
160,phase1,lower,-10.0,4,-13.217533167346717,-10.088246420060278,-7.5372626065729635,-5.009193758844607,-2.501572375975126,-0.007557204765110447,lower,0.1
161,phase1,lower,-10.0,4,-13.217533167346717,-10.089949523000145,-7.53784019783799,-5.010042894895498,-2.502337253076624,-0.0006700290421988186,lower,0.1
162,phase1,lower,-10.0,4,-13.217533167346717,-10.085341616621909,-7.534075634060947,-5.007832420096208,-2.50088753800767,0.0010158874066363431,lower,0.1
163,phase1,lower,-10.0,4,-13.217533167346717,-10.07930071969984,-7.529427122069147,-5.005012431693578,-2.499123422254869,0.0013296854362567464,lower,0.1
164,phase1,lower,-10.0,4,-13.217533167346717,-10.07311664304414,-7.524801364070719,-5.002235331836957,-2.497520337535612,0.0012887246072448865,lower,0.1
165,phase1,lower,-10.0,4,-13.217533167346717,-10.067125263000277,-7.520428351812496,-4.999673063212118,-2.4961774604996214,0.0011629326790689198,lower,0.1
166,phase1,lower,-10.0,4,-13.217533167346717,-10.061408932470336,-7.516359358762575,-4.997367685215739,-2.495096260768832,0.0010235655667433278,lower,0.1
167,phase1,upper,-15.0,2,-13.498251841423546,-10.061408932470336,-7.516359358762575,-4.997367685215739,-2.495096260768832,-0.027624868374073498,lower,0.1
168,phase1,lower,-10.0,4,-13.498251841423546,-10.081766356636226,-7.5306475199934475,-5.007958897595174,-2.5030981546087703,-0.005989405445573701,lower,0.1
169,phase1,lower,-10.0,4,-13.498251841423546,-10.082044937872965,-7.530771774594977,-5.008535412280729,-2.5034009113761977,-0.00038350042819583686,lower,0.1
170,phase1,lower,-10.0,4,-13.498251841423546,-10.077262771930542,-7.5274053682248105,-5.006621641310671,-2.5019419640984326,0.000972248783621199,lower,0.1
171,phase1,lower,-10.0,4,-13.498251841423546,-10.07140200765471,-7.523368328899661,-5.004221446319151,-2.500268857314651,0.0012085225471272624,lower,0.1
172,phase1,lower,-10.0,4,-13.498251841423546,-10.06551096948679,-7.519395362110534,-5.001868426617274,-2.4987648191190655,0.0011569620804222228,lower,0.1
173,phase1,lower,-10.0,4,-13.498251841423546,-10.059858142876783,-7.515668661051382,-4.999703033352257,-2.4975060170440706,0.001038082478196315,lower,0.1
174,phase1,lower,-10.0,4,-13.498251841423546,-10.054504920463867,-7.51222499031092,-4.997759284194178,-2.49648926263026,0.0009099659519694798,lower,0.1
175,phase1,lower,-10.0,4,-13.498251841423546,-10.049457958091798,-7.509063583035376,-4.996041322307925,-2.4956923739741055,0.0007875375180078879,lower,0.1
176,phase1,lower,-10.0,4,-13.498251841423546,-10.044709736819948,-7.506174560199762,-4.994544068700894,-2.495090063830127,0.000674272244331192,lower,0.1
177,phase1,upper,-15.0,2,-13.748413484313346,-10.044709736819948,-7.506174560199762,-4.994544068700894,-2.495090063830127,-0.022152887445698453,lower,0.1
178,phase1,lower,-10.0,4,-13.748413484313346,-10.060793817859057,-7.51792738037192,-5.003325753468779,-2.5017047589940775,-0.004910177066067202,lower,0.1
179,phase1,lower,-10.0,4,-13.748413484313346,-10.060926333469805,-7.518403235421075,-5.004124622512553,-2.5021631941877236,-0.000438010302552853,lower,0.1
180,phase1,lower,-10.0,4,-13.748413484313346,-10.05706823293723,-7.516103196973515,-5.0029324331218445,-2.5011966836134234,0.0006483778354868868,lower,0.1
181,phase1,lower,-10.0,4,-13.748413484313346,-10.05238818928892,-7.513271586580971,-5.001343073741844,-2.5000391009149423,0.0008431672150661268,lower,0.1
182,phase1,lower,-10.0,4,-13.748413484313346,-10.047717678524565,-7.510491391678452,-4.999779466079473,-2.498996736291345,0.0008088598857505459,lower,0.1
183,phase1,lower,-10.0,4,-13.748413484313346,-10.043267075942778,-7.507905507645686,-4.99835168707848,-2.4981312747424056,0.0007210704708112323,lower,0.1
184,phase1,lower,-10.0,4,-13.748413484313346,-10.039081955689339,-7.505541088848333,-4.997085366971115,-2.497441200923461,0.0006260076214865088,lower,0.1
185,phase1,lower,-10.0,4,-13.748413484313346,-10.035164462145902,-7.503395528454368,-4.995982654131295,-2.4969098809832895,0.0005355025760125267,lower,0.1
186,phase1,lower,-10.0,4,-13.748413484313346,-10.031505616458338,-7.501459113189501,-4.995038639726979,-2.496518212047304,0.00045227041434246155,lower,0.1
187,phase1,lower,-10.0,4,-13.748413484313346,-10.028093922758545,-7.499720879893954,-4.994245914011017,-2.4962478612316263,0.0003766249477113261,lower,0.1
188,phase1,lower,-10.0,4,-13.748413484313346,-10.024917656019147,-7.498170037431258,-4.993595942542158,-2.4960820113497757,0.00030826320481730393,lower,0.1
189,phase1,lower,-10.0,4,-13.748413484313346,-10.021965457276023,-7.4967962364214396,-4.993079574796279,-2.496005451833955,0.0002467390811490814,lower,0.1
190,phase1,lower,-10.0,4,-13.748413484313346,-10.01922647001753,-7.4955895556747265,-4.992687302427228,-2.4960045032796043,0.00019158839909487116,lower,0.1
191,phase1,lower,-10.0,4,-13.748413484313346,-10.016690349024064,-7.4945404329712915,-4.992409433509704,-2.4960669050727247,0.00014236122643659666,lower,0.1
192,phase1,lower,-10.0,4,-13.748413484313346,-10.014347232314995,-7.493639597719053,-4.992236228966288,-2.496181700107851,9.862950809408371e-05,lower,0.1
193,phase1,lower,-10.0,4,-13.748413484313346,-10.012187702298116,-7.492878018119587,-4.992158015217187,-2.496339125213608,5.998813481397823e-05,lower,0.1
194,phase1,upper,-15.0,2,-13.970780721429696,-10.012187702298116,-7.492878018119587,-4.992158015217187,-2.496339125213608,-0.017500290905149332,lower,0.1
195,phase1,lower,-10.0,4,-13.970780721429696,-10.026006995694898,-7.503309839626771,-4.999909361396662,-2.5019513672880325,-0.004190168706980605,lower,0.1
196,phase1,lower,-10.0,4,-13.970780721429696,-10.027508431924367,-7.504996774875318,-5.001440637223677,-2.502740317384811,-0.0007068598457002256,lower,0.1
197,phase1,lower,-10.0,4,-13.970780721429696,-10.025893440080592,-7.504478668072621,-5.001360844396923,-2.502354544420673,0.0001691193637217341,lower,0.1
198,phase1,lower,-10.0,4,-13.970780721429696,-10.023599755452446,-7.503482141661691,-5.000896712329702,-2.5017514684305295,0.0003565642033458144,lower,0.1
199,phase1,lower,-10.0,4,-13.970780721429696,-10.02126708629036,-7.502455787708034,-5.0003749136335,-2.5011743079878,0.00036522129710893955,lower,0.1
200,phase1,lower,-10.0,4,-13.970780721429696,-10.01905725726473,-7.501509705821679,-4.999882073333687,-2.5006775150219154,0.000330288702937358,lower,0.1
201,phase1,lower,-10.0,4,-13.970780721429696,-10.017005242287782,-7.500665076801067,-4.999440365385065,-2.5002663639630947,0.00028741399470240723,lower,0.1
202,phase1,lower,-10.0,4,-13.970780721429696,-10.01511255314388,-7.499920350374663,-4.999054319335273,-2.4999339773930758,0.0002457966095558131,lower,0.1
203,phase1,lower,-10.0,4,-13.970780721429696,-10.013372115918356,-7.499268705931935,-4.998723373365837,-2.499671092178678,0.00020762069130705353,lower,0.1
204,phase1,lower,-10.0,4,-13.970780721429696,-10.011774916297536,-7.4987025795701685,-4.998445306094227,-2.4994685839617303,0.0001732208757553961,lower,0.1
205,phase1,lower,-10.0,4,-13.970780721429696,-10.01031178383662,-7.498214769979209,-4.998217229926771,-2.4993180713000362,0.0001424552809241646,lower,0.1
206,phase1,lower,-10.0,4,-13.970780721429696,-10.008973872698046,-7.497798649772833,-4.99803592414189,-2.4992120139415652,0.00011507009447599381,lower,0.1
207,phase1,upper,-15.0,2,-14.167136997445137,-10.008973872698046,-7.497798649772833,-4.99803592414189,-2.4992120139415652,-0.013138808491773603,lower,0.1
208,phase1,lower,-10.0,4,-14.167136997445137,-10.019681278048122,-7.505798095540576,-5.0037429423614075,-2.503235153439685,-0.0030914602757457464,lower,0.1
209,phase1,lower,-10.0,4,-14.167136997445137,-10.021075274045538,-7.507165354268675,-5.00473761616561,-2.5036297446822915,-0.00046147274192341804,lower,0.1
210,phase1,lower,-10.0,4,-14.167136997445137,-10.020099607535583,-7.506837740451806,-5.0045018920839,-2.503149401830649,0.00020017886090160518,lower,0.1
211,phase1,lower,-10.0,4,-14.167136997445137,-10.018593259852395,-7.506119972521385,-5.003964646987101,-2.5025165471607145,0.00034174887804048804,lower,0.1
212,phase1,lower,-10.0,4,-14.167136997445137,-10.017038357129058,-7.505352359416854,-5.003375186829264,-2.5019145386266923,0.00034799382878312096,lower,0.1
213,phase1,lower,-10.0,4,-14.167136997445137,-10.015556562911932,-7.504619884107732,-5.002801407713887,-2.50138424725597,0.0003209764428417479,lower,0.1
214,phase1,lower,-10.0,4,-14.167136997445137,-10.014174016232955,-7.503940530981644,-5.002262338964769,-2.500929412305681,0.0002876242591063976,lower,0.1
215,phase1,lower,-10.0,4,-14.167136997445137,-10.012891805874629,-7.503315204394934,-5.001763479944889,-2.5005445856075372,0.0002549043995067761,lower,0.1
216,phase1,lower,-10.0,4,-14.167136997445137,-10.011704731767104,-7.502740873938288,-5.001306283342854,-2.500222501881865,0.00022449047427380045,lower,0.1
217,phase1,lower,-10.0,4,-14.167136997445137,-10.010606304557376,-7.502213961718574,-5.000890754038558,-2.499955983783494,0.00019666120882124978,lower,0.1
218,phase1,lower,-10.0,4,-14.167136997445137,-10.009590075185557,-7.501731151132368,-5.0005162075329475,-2.4997383979721852,0.00017133640580666403,lower,0.1
219,phase1,lower,-10.0,4,-14.167136997445137,-10.008649980015013,-7.501289523887332,-5.000181530080122,-2.499563729769101,0.00014835181039452895,lower,0.1
220,phase1,lower,-10.0,4,-14.167136997445137,-10.00778041777289,-7.5008865305506145,-4.999885298447027,-2.499426560062399,0.00012753157180002867,lower,0.1
221,phase1,lower,-10.0,4,-14.167136997445137,-10.006976250636043,-7.50051992749502,-4.999625855450103,-2.499322019708851,0.00010870684977829863,lower,0.1
222,phase1,lower,-10.0,4,-14.167136997445137,-10.006232782157142,-7.500187714250361,-4.999401367702648,-2.4992457412516207,9.17200806449986e-05,lower,0.1
223,phase1,lower,-10.0,4,-14.167136997445137,-10.005545727293883,-7.499888079111299,-4.999209873361754,-2.499193813025227,7.642542739521618e-05,lower,0.1
224,phase1,lower,-10.0,4,-14.167136997445137,-10.00491117959097,-7.499619354016156,-4.999049322608731,-2.4991627367900593,6.268822725856709e-05,lower,0.1
225,phase1,upper,-15.0,2,-14.339848164654947,-10.00491117959097,-7.499619354016156,-4.999049322608731,-2.4991627367900593,-0.009406090049998359,lower,0.1
226,phase1,upper,-15.0,2,-14.499522762437692,-10.00491117959097,-7.499619354016156,-4.999049322608731,-2.4991627367900593,-0.010804718678453631,lower,0.1
227,phase1,lower,-10.0,4,-14.499522762437692,-10.014106243844095,-7.506226444352319,-5.003710138612697,-2.5025041575040325,-0.002558880201948852,lower,0.1
228,phase1,lower,-10.0,4,-14.499522762437692,-10.01562125607667,-7.507374153719307,-5.004501138205526,-2.502859298656282,-0.0003958639769421679,lower,0.1
229,phase1,lower,-10.0,4,-14.499522762437692,-10.015152823420182,-7.507113574709754,-5.004278088611007,-2.5024878331751075,0.000152306660668607,lower,0.1
230,phase1,lower,-10.0,4,-14.499522762437692,-10.014211822554538,-7.506517013188477,-5.003803395904769,-2.5019837459469736,0.000273204703515524,lower,0.1
231,phase1,upper,-15.0,2,-14.630674371668745,-10.014211822554538,-7.506517013188477,-5.003803395904769,-2.5019837459469736,-0.0030546724103671444,lower,0.1
232,phase1,lower,-10.0,4,-14.630674371668745,-10.016191546787262,-7.507962335225754,-5.004749841878282,-2.502526128481921,-0.0005166320557589685,lower,0.1
233,phase1,lower,-10.0,4,-14.630674371668745,-10.015833594481295,-7.507744375373974,-5.004513035856341,-2.5022033710944145,0.0001303407183692277,lower,0.1
234,phase1,lower,-10.0,4,-14.630674371668745,-10.014907365924032,-7.5071207178537405,-5.003984456715243,-2.501712344170967,0.00027663765483688463,lower,0.1
235,phase1,lower,-10.0,4,-14.630674371668745,-10.013879727227648,-7.506422570519446,-5.003403401555764,-2.501232071981639,0.00029173303686435436,lower,0.1
236,phase1,lower,-10.0,4,-14.630674371668745,-10.01287145182365,-7.505735518578732,-5.002835156505291,-2.5008044604198307,0.00027372110895045303,lower,0.1
237,phase1,lower,-10.0,4,-14.630674371668745,-10.011911509501102,-7.505080367875135,-5.002298196973385,-2.500435462637189,0.0002485629442183683,lower,0.1
238,phase1,lower,-10.0,4,-14.630674371668745,-10.01100468868871,-7.504461115306202,-5.001798080090286,-2.500121932131758,0.00022305162266956187,lower,0.1
239,phase1,lower,-10.0,4,-14.630674371668745,-10.010149584890057,-7.503877612781,-5.001336524041077,-2.499858724046353,0.0001988917534647403,lower,0.1
240,phase1,lower,-10.0,4,-14.630674371668745,-10.009343385101033,-7.50332885885538,-5.000913883109488,-2.4996405483893778,0.00017644202876573113,lower,0.1
241,phase1,lower,-10.0,4,-14.630674371668745,-10.008583134650578,-7.502813810594036,-5.00052985981161,-2.49946243063489,0.00015570983044269648,lower,0.1
242,phase1,lower,-10.0,4,-14.630674371668745,-10.007866063397527,-7.502331546573088,-5.0001837419629185,-2.499319804531916,0.0001366152830905924,lower,0.1
243,phase1,lower,-10.0,4,-14.630674371668745,-10.007189657960302,-7.501881266529463,-4.999874507787519,-2.4992085094654777,0.00011906105737153605,lower,0.1
244,phase1,lower,-10.0,4,-14.630674371668745,-10.006551663865585,-7.501462255620492,-4.999600890944939,-2.499124764656971,0.00010295050993203012,lower,0.1
245,phase1,lower,-10.0,4,-14.630674371668745,-10.005950067582136,-7.501073846309063,-4.9993614304791905,-2.4990651392956322,8.819208076378361e-05,lower,0.1
246,phase1,lower,-10.0,4,-14.630674371668745,-10.005383072582141,-7.500715385740821,-4.99915451284375,-2.499026523542154,7.470004191411804e-05,lower,0.1
247,phase1,lower,-10.0,4,-14.630674371668745,-10.004849073860285,-7.500386209879992,-4.998978408345584,-2.4990061015791913,6.239429084582312e-05,lower,0.1
248,phase1,lower,-10.0,4,-14.630674371668745,-10.004346632600495,-7.500085623995851,-4.998831303016026,-2.499001326881536,5.1199911615102466e-05,lower,0.1
249,phase1,lower,-10.0,4,-14.630674371668745,-10.003874451819577,-7.499812888721225,-4.998711326512471,-2.4990098996146775,4.104670099436234e-05,lower,0.1
250,phase1,lower,-10.0,4,-14.630674371668745,-10.003431353478845,-7.4995672108750675,-4.998616576505358,-2.499029746004836,3.186871495347236e-05,lower,0.1
251,phase1,lower,-10.0,4,-14.630674371668745,-10.003016257375009,-7.499347738297374,-4.998545139928818,-2.4990589995122967,2.360385174397406e-05,lower,0.1
252,phase1,lower,-10.0,4,-14.630674371668745,-10.002628162000676,-7.499153558018823,-4.998495111422028,-2.499095983644225,1.6193476246211574e-05,lower,0.1
253,phase1,lower,-10.0,4,-14.630674371668745,-10.002266127473868,-7.498983697161599,-4.998464609247852,-2.499139196252325,9.582086253495656e-06,lower,0.1
254,phase1,lower,-10.0,4,-14.630674371668745,-10.001929260565014,-7.498837126037453,-4.998451788941688,-2.4991872951715854,3.7170196306162974e-06,lower,0.1
255,phase1,lower,-10.0,4,-14.630674371668745,-10.00161670179459,-7.498712762973265,-4.998454854914864,-2.4992390850677646,-1.4517996706434614e-06,lower,0.1
256,phase1,lower,-10.0,4,-14.630674371668745,-10.001327614532162,-7.498609480453042,-4.998472070212508,-2.499293505372765,-5.972079348967839e-06,lower,0.1
257,phase1,lower,-10.0,4,-14.630674371668745,-10.001061175995664,-7.498526112218841,-4.998501764604937,-2.499349619198298,-9.889343224137967e-06,lower,0.1
258,phase1,lower,-10.0,4,-14.630674371668745,-10.000816570026885,-7.498461461021708,-4.998542341173677,-2.499406603129072,-1.3247085631856454e-05,lower,0.1
259,phase1,lower,-10.0,4,-14.630674371668745,-10.000592981503434,-7.498414306757713,-4.998592281537886,-2.499463737807029,-1.608689902203654e-05,lower,0.1
260,phase1,lower,-10.0,4,-14.630674371668745,-10.000389592237983,-7.49838341476398,-4.99865014985364,-2.49952039922778,-1.8448578031389616e-05,lower,0.1
261,phase1,lower,-10.0,4,-14.630674371668745,-10.000205578210812,-7.4983675440853075,-4.998714595707128,-2.4995760506793556,-2.0370203219381996e-05,lower,0.1
262,phase1,lower,-10.0,4,-14.630674371668745,-10.000040107981158,-7.498365455554129,-4.998784356012787,-2.4996302352615762,-2.1888207518407648e-05,lower,0.1
263,phase1,lower,-10.0,4,-14.630674371668745,-9.999892342125223,-7.498375919555202,-4.9988582560186945,-2.499682568931856,-2.303742827059495e-05,lower,0.1
264,phase1,lower,-10.0,4,-14.630674371668745,-9.999761433553665,-7.498397723371971,-4.998935209513819,-2.4997327340299917,-2.3851147516304265e-05,lower,0.1
265,phase1,lower,-10.0,4,-14.630674371668745,-9.999646528568261,-7.498429678034186,-4.999014218324887,-2.499780473240545,-2.436112297407999e-05,lower,0.1
266,phase1,lower,-10.0,4,-14.630674371668745,-9.99954676852553,-7.49847062460631,-4.999094371184439,-2.4998255839568038,-2.459761191620631e-05,lower,0.1
267,phase1,lower,-10.0,4,-14.630674371668745,-9.999461291984332,-7.498519439873811,-4.999174842046067,-2.499867913015051,-2.4589389906351093e-05,lower,0.1
268,phase1,lower,-10.0,4,-14.630674371668745,-9.999389237224195,-7.498575041399694,-4.999254887917676,-2.499907351772006,-2.4363766128542236e-05,lower,0.1
269,phase1,lower,-10.0,4,-14.630674371668745,-9.999329745031261,-7.498636391936891,-4.999333846278875,-2.499943831501908,-2.394659680841596e-05,lower,0.1
270,phase1,lower,-10.0,4,-14.630674371668745,-9.999281961658951,-7.498702503193531,-4.999411132144121,-2.4999773190927987,-2.3362298006244943e-05,lower,0.1
271,phase1,lower,-10.0,4,-14.630674371668745,-9.999245041880615,-7.498772438957768,-4.999486234829079,-2.5000078130241965,-2.2633858854067358e-05,lower,0.1
272,phase1,lower,-10.0,4,-14.630674371668745,-9.9992181520613,-7.49884531759706,-4.999558714473628,-2.5000353396105717,-2.178285611462417e-05,lower,0.1
273,phase1,lower,-10.0,4,-14.630674371668745,-9.999200473185379,-7.498920313953534,-4.999628198371162,-2.5000599494969,-2.0829470760293818e-05,lower,0.1
274,phase1,lower,-10.0,4,-14.630674371668745,-9.999191203785879,-7.498996660662616,-4.999694377150135,-2.5000817143940846,-1.9792507106482704e-05,lower,0.1
275,phase1,lower,-10.0,4,-14.630674371668745,-9.999189562729947,-7.499073648926517,-4.999757000850297,-2.5001007240433,-1.8689414884836816e-05,lower,0.1
276,phase1,lower,-10.0,4,-14.630674371668745,-9.999194791823001,-7.4991506287775795,-4.999815874932619,-2.5001170833992963,-1.753631451016554e-05,lower,0.1
277,phase1,lower,-10.0,4,-14.630674371668745,-9.999206158201519,-7.499227008868999,-4.999870856258613,-2.5001309100234956,-1.634802567691018e-05,lower,0.1
278,phase1,lower,-10.0,4,-14.630674371668745,-9.999222956491376,-7.499302255832159,-4.999921849071559,-2.500142331678319,-1.5138099318381913e-05,lower,0.1
279,phase1,lower,-10.0,4,-14.630674371668745,-9.999244510714842,-7.499375893240871,-4.9999688010090395,-2.500151484114632,-1.391885287456478e-05,lower,0.1
280,phase1,lower,-10.0,4,-14.630674371668745,-9.999270175935033,-7.499447500223202,-5.000011699173199,-2.5001585090445397,-1.2701408738560099e-05,lower,0.1
281,phase1,lower,-10.0,4,-14.630674371668745,-9.999299339631715,-7.499516709761488,-5.000050566282283,-2.500163552291977,-1.1495735690296476e-05,lower,0.1
282,phase1,lower,-10.0,4,-14.630674371668745,-9.999331422806813,-7.499583206720556,-5.000085456924206,-2.5001667621137087,-1.0310693074540924e-05,lower,0.1
283,phase1,lower,-10.0,4,-14.630674371668745,-9.999365880821953,-7.499646725643228,-5.000116453930271,-2.5001682876834344,-9.154077441559666e-06,lower,0.1
284,phase1,lower,-10.0,4,-14.630674371668745,-9.999402203973776,-7.499707048350895,-5.000143664884612,-2.5001682777317433,-8.032671337563884e-06,lower,0.1
285,phase1,lower,-10.0,4,-14.630674371668745,-9.999439917815693,-7.499764001385391,-5.000167218782522,-2.50016687933468,-6.952293911817807e-06,lower,0.1
286,phase1,lower,-10.0,4,-14.630674371668745,-9.999478583237183,-7.499817453326651,-5.000187262848543,-2.5001642368436836,-5.91785299315887e-06,lower,0.1
287,phase1,lower,-10.0,4,-14.630674371668745,-9.999517796313823,-7.499867312018642,-5.0002039595230094,-2.5001604909496504,-4.933398283548616e-06,lower,0.1
288,phase1,lower,-10.0,4,-14.630674371668745,-9.999557187942761,-7.499913521734028,-5.000217483623755,-2.500155777873862,-4.002175314608371e-06,lower,0.1
289,phase1,lower,-10.0,4,-14.630674371668745,-9.999596423279671,-7.499956060305813,-5.000228019687757,-2.500150228678523,-3.1266798205537395e-06,lower,0.1
290,phase1,lower,-10.0,4,-14.630674371668745,-9.999635200994122,-7.499994936252,-5.000235759495741,-2.5001439686896565,-2.3087121888875535e-06,lower,0.1
291,phase1,lower,-10.0,4,-14.630674371668745,-9.99967325236088,-7.500030185917016,-5.000240899781162,-2.5001371170251474,-1.5494316656351095e-06,lower,0.1
292,phase1,lower,-10.0,4,-14.630674371668745,-9.999710340204993,-7.500061870651395,-5.000243640123468,-2.5001297862207554,-8.494100077730762e-07,lower,0.1
293,phase1,lower,-10.0,4,-14.630674371668745,-9.999746257718641,-7.50009007404896,-5.000244181024193,-2.500122081947004,-2.0868429618339026e-07,lower,0.1
294,phase1,lower,-10.0,4,-14.630674371668745,-9.99978082716754,-7.5001148992585085,-5.0002427221632235,-2.5001141028099436,3.7319135668038987e-07,lower,0.1
295,phase1,lower,-10.0,4,-14.630674371668745,-9.999813898504415,-7.500136466384881,-5.0002394608314535,-2.5001059402289014,8.970954465318165e-07,lower,0.1
296,phase1,lower,-10.0,4,-14.630674371668745,-9.99984534790656,-7.50015490999218,-5.000234590535104,-2.500097678384477,1.364290282752305e-06,lower,0.1
297,phase1,lower,-10.0,4,-14.630674371668745,-9.999875076253867,-7.500170376719906,-5.000228299766103,-2.500089394230206,1.776374952343177e-06,lower,0.1
298,phase1,lower,-10.0,4,-14.630674371668745,-9.999903007563013,-7.500183023020889,-5.000220770932215,-2.500081157561507,2.1352402114331042e-06,lower,0.1
299,phase1,lower,-10.0,4,-14.630674371668745,-9.99992908739261,-7.500193013028052,-5.000212179439971,-2.500073031135726,2.4430254468254844e-06,lower,0.1
300,phase1,lower,-10.0,4,-14.630674371668745,-9.999953281233253,-7.500200516555369,-5.000202692922955,-2.5000650708373255,2.7020778268016288e-06,lower,0.1
301,phase1,lower,-10.0,4,-14.630674371668745,-9.999975572895421,-7.500205707236793,-5.000192470607583,-2.5000573258825147,2.9149137361146964e-06,lower,0.1
302,phase1,lower,-10.0,4,-14.630674371668745,-9.999995962907196,-7.500208760805435,-5.000181662808182,-2.5000498390578603,3.0841825665867902e-06,lower,0.1
303,phase1,lower,-10.0,4,-14.630674371668745,-10.00001446693271,-7.500209853513946,-5.000170410542989,-2.500042646987703,3.212632913543125e-06,lower,0.1
304,phase1,lower,-10.0,4,-14.630674371668745,-10.000031114221212,-7.500209160695808,-5.000158845262515,-2.5000357804254785,3.3030812067799687e-06,lower,0.1
305,phase1,lower,-10.0,4,-14.630674371668745,-10.000045946095586,-7.500206855466132,-5.000147088681669,-2.5000292645643314,3.358382785690252e-06,lower,0.1
306,phase1,lower,-10.0,4,-14.630674371668745,-10.000059014488134,-7.5002031075595355,-5.00013525270705,-2.50002311936271,3.3814054095741337e-06,lower,0.1
307,phase1,lower,-10.0,4,-14.630674371668745,-10.000070380530405,-7.500198082301807,-5.000123439450863,-2.5000173598809146,3.375005178082129e-06,lower,0.1
308,phase1,lower,-10.0,4,-14.630674371668745,-10.000080113202884,-7.500191939711279,-5.000111741323089,-2.5000119966248886,3.3420048207655827e-06,lower,0.1
309,phase1,lower,-10.0,4,-14.630674371668745,-10.000088288049385,-7.500184833725149,-5.00010024119367,-2.5000070358938293,3.2851743013465773e-06,lower,0.1
310,phase1,lower,-10.0,4,-14.630674371668745,-10.00009498596009,-7.500176911545437,-5.000089012616741,-2.5000024801284892,3.207213670411217e-06,lower,0.1
311,phase1,lower,-10.0,4,-14.630674371668745,-10.000100292026321,-7.50016831309876,-5.000078120109176,-2.4999983282573393,3.110738088828211e-06,lower,0.1
312,phase1,lower,-10.0,4,-14.630674371668745,-10.000104294469285,-7.500159170603761,-5.000067619476046,-2.4999945760380426,2.9982649353656558e-06,lower,0.1
313,phase1,lower,-10.0,4,-14.630674371668745,-10.000107083644291,-7.500149608239711,-5.000057558175903,-2.4999912163919724,2.8722029039653917e-06,lower,0.1
314,phase1,lower,-10.0,4,-14.630674371668745,-10.00010875112122,-7.500139741909577,-5.000047975719159,-2.499988239729764,2.7348429900669486e-06,lower,0.1
315,phase1,lower,-10.0,4,-14.630674371668745,-10.000109388841365,-7.500129679090738,-5.000038904093219,-2.4999856342661744,2.5883512590694427e-06,lower,0.1
316,phase1,lower,-10.0,4,-14.630674371668745,-10.000109088350168,-7.500119518766426,-5.000030368208389,-2.499983386322739,2.4347632879550854e-06,lower,0.1
317,phase1,lower,-10.0,4,-14.630674371668745,-10.000107940104835,-7.500109351430989,-5.000022386359014,-2.4999814806169858,2.275980166108058e-06,lower,0.1
318,phase1,lower,-10.0,4,-14.630674371668745,-10.0001060328553,-7.500099259162093,-5.000014970694679,-2.4999799005371597,2.113765941943389e-06,lower,0.1
319,phase1,lower,-10.0,4,-14.630674371668745,-10.00010345309663,-7.500089315753092,-5.0000081276967245,-2.4999786284016494,1.949746399445379e-06,lower,0.1
320,phase1,lower,-10.0,4,-14.630674371668745,-10.000100284590516,-7.5000795868989485,-5.0000018586557395,-2.4999776457024834,1.785409050172398e-06,lower,0.1
321,phase1,lower,-10.0,4,-14.630674371668745,-10.000096607953216,-7.500070130429253,-4.999996160146085,-2.499976933332467,1.6221042272402875e-06,lower,0.1
322,phase1,lower,-10.0,4,-14.630674371668745,-10.000092500307016,-7.500060996582126,-4.9999910244939105,-2.4999764717956836,1.4610471690799023e-06,lower,0.1
323,phase1,lower,-10.0,4,-14.630674371668745,-10.000088034992075,-7.500052228313016,-4.999986440235504,-2.4999762414012547,1.3033209844607486e-06,lower,0.1
324,phase1,lower,-10.0,4,-14.630674371668745,-10.000083281335282,-7.50004386163271,-4.999982392563198,-2.4999762224403876,1.1498803921769905e-06,lower,0.1
325,phase1,lower,-10.0,4,-14.630674371668745,-10.000078304472671,-7.500035925969142,-4.999978863756408,-2.499976395346877,1.001556134093863e-06,lower,0.1
326,phase1,lower,-10.0,4,-14.630674371668745,-10.000073165221798,-7.500028444547909,-4.999975833595739,-2.499976740841331,8.590599627658448e-07,lower,0.1
327,phase1,lower,-10.0,4,-14.630674371668745,-10.000067920000443,-7.500021434786721,-4.99997327975841,-2.4999772400595073,7.229901107728718e-07,lower,0.1
328,phase1,lower,-10.0,4,-14.630674371668745,-10.000062620787972,-7.500014908699349,-4.999971178193578,-2.4999778746652264,5.938371531366935e-07,lower,0.1
329,phase1,lower,-10.0,4,-14.630674371668745,-10.000057315125671,-7.500008873304973,-4.999969503476428,-2.4999786269484177,4.719901793944901e-07,lower,0.1
330,phase1,lower,-10.0,4,-14.630674371668745,-10.000052046152438,-7.500003331039146,-4.999968229140175,-2.499979479908904,3.57743197422606e-07,lower,0.1
331,phase1,lower,-10.0,4,-14.630674371668745,-10.00004685267223,-7.499998280162975,-4.9999673279853845,-2.4999804173266047,2.5130169617479207e-07,lower,0.1
332,phase1,lower,-10.0,4,-14.630674371668745,-10.00004176924978,-7.499993715167397,-4.999966772366238,-2.4999814238188693,1.5278930060098034e-07,lower,0.1
333,phase1,lower,-10.0,4,-14.630674371668745,-10.00003682633117,-7.499989627169797,-4.999966534453631,-2.4999824848856944,6.225445664595387e-08,lower,0.1
334,phase1,lower,-10.0,4,-14.630674371668745,-10.000032050386022,-7.499986004300516,-4.999966586475136,-2.4999835869435993,-2.0322909275337936e-08,lower,0.1
335,phase1,lower,-10.0,4,-14.630674371668745,-10.00002746406809,-7.4999828320771025,-4.999966900932084,-2.4999847173489593,-9.502480734763104e-08,lower,0.1
336,phase1,lower,-10.0,4,-14.630674371668745,-10.000023086391318,-7.4999800937644725,-4.999967450794166,-2.4999858644115958,-1.6198872280316464e-07,lower,0.1
337,phase1,lower,-10.0,4,-14.630674371668745,-10.000018932918485,-7.499977770719412,-4.99996820967209,-2.4999870173994334,-2.2140131674289948e-07,lower,0.1
338,phase1,lower,-10.0,4,-14.630674371668745,-10.000015015959763,-7.4999758427181344,-4.999969151968965,-2.4999881665350268,-2.7349232326680554e-07,lower,0.1
339,phase1,lower,-10.0,4,-14.630674371668745,-10.000011344778692,-7.499974288265857,-4.999970253011191,-2.499989302984742,-3.185286741670745e-07,lower,0.1
340,phase1,lower,-10.0,4,-14.630674371668745,-10.000007925803216,-7.499973084887609,-4.999971489159723,-2.4999904188413775,-3.568088763291191e-07,lower,0.1
341,phase1,upper,-15.0,2,-14.744352568794257,-10.000007925803216,-7.499973084887609,-4.999971489159723,-2.4999904188413775,-0.0008489348465098093,lower,0.1
342,phase1,lower,-10.0,4,-14.744352568794257,-10.000768483073513,-7.500506813563399,-5.000347060817242,-2.5002534631411915,-0.0002041322444989205,lower,0.1
343,phase1,lower,-10.0,4,-14.744352568794257,-10.00092603514255,-7.500612376526044,-5.000418464491573,-2.500282124099175,-3.4401761843818735e-05,lower,0.1
344,phase1,lower,-10.0,4,-14.744352568794257,-10.00092563086656,-7.500606189649913,-5.000408837856524,-2.5002530356815957,9.145062267477498e-06,lower,0.1
345,phase1,lower,-10.0,4,-14.744352568794257,-10.000885456188854,-7.500572068168497,-5.000377858729155,-2.5002127462178,1.9246767053906454e-05,lower,0.1
346,phase1,lower,-10.0,4,-14.744352568794257,-10.00083679529647,-7.500532060284769,-5.000341692965302,-2.5001732553993112,2.055053952989508e-05,lower,0.1
347,phase1,lower,-10.0,4,-14.744352568794257,-10.000787826309724,-7.500491848867603,-5.000304887011423,-2.5001374085070025,1.9603158272847182e-05,lower,0.1
348,phase1,lower,-10.0,4,-14.744352568794257,-10.000740585723067,-7.500452811301336,-5.000268852224409,-2.500105644881083,1.8139969269467206e-05,lower,0.1
349,phase1,lower,-10.0,4,-14.744352568794257,-10.00069548230855,-7.500415217303617,-5.000234125931981,-2.500077789904038,1.6617504494353215e-05,lower,0.1
350,phase1,lower,-10.0,4,-14.744352568794257,-10.000652500054013,-7.500379071983488,-5.000200977534077,-2.500053529484303,1.5152586600845604e-05,lower,0.1
351,phase1,lower,-10.0,4,-14.744352568794257,-10.000611519919019,-7.500344333851085,-5.000169574097741,-2.500032534396578,1.3771992869252134e-05,lower,0.1
352,phase1,lower,-10.0,4,-14.744352568794257,-10.000572406518643,-7.500310967496408,-5.000140028348746,-2.5000144916397735,1.2478834122871676e-05,lower,0.1
353,phase1,lower,-10.0,4,-14.744352568794257,-10.00053503166571,-7.500278953062544,-5.000112414957493,-2.499999111180405,1.1270201163963495e-05,lower,0.1
354,phase1,lower,-10.0,4,-14.744352568794257,-10.000499280624346,-7.50024828490302,-5.000086778006635,-2.499986126259179,1.0141849001288846e-05,lower,0.1
355,phase1,lower,-10.0,4,-14.744352568794257,-10.000465053388112,-7.500218967964035,-5.0000631357711445,-2.4999752920935583,9.08942976647219e-06,lower,0.1
356,phase1,lower,-10.0,4,-14.744352568794257,-10.000432264358915,-7.500191014097544,-5.000041484481136,-2.4999663842593325,8.108804372241226e-06,lower,0.1
357,phase1,lower,-10.0,4,-14.744352568794257,-10.000400841408844,-7.500164438832091,-5.000021801546644,-2.499959197088793,7.196106918326564e-06,lower,0.1
358,phase1,lower,-10.0,4,-14.744352568794257,-10.000370724654942,-7.500139258686615,-5.0000040484023005,-2.4999535421705605,6.34774216062189e-06,lower,0.1
359,phase1,lower,-10.0,4,-14.744352568794257,-10.000341865090165,-7.500115488999478,-4.9999881730403555,-2.499949246968108,5.560364869625024e-06,lower,0.1
360,phase1,lower,-10.0,4,-14.744352568794257,-10.000314223152714,-7.500093142219249,-4.999974112273213,-2.4999461535554044,4.830854737911624e-06,lower,0.1
361,phase1,lower,-10.0,4,-14.744352568794257,-10.000287767290102,-7.500072226600958,-4.999961793756307,-2.499944117462896,4.15629097076558e-06,lower,0.1
362,phase1,lower,-10.0,4,-14.744352568794257,-10.000262472559314,-7.500052745254575,-4.999951137796817,-2.4999430066255806,3.5339280182589523e-06,lower,0.1
363,phase1,lower,-10.0,4,-14.744352568794257,-10.000238319293624,-7.50003469549692,-4.999942058970018,-2.4999427004246266,2.961173075376497e-06,lower,0.1
364,phase1,lower,-10.0,4,-14.744352568794257,-10.000215291858186,-7.500018068462682,-4.999934467562168,-2.499943088814121,2.435565660958775e-06,lower,0.1
365,phase1,lower,-10.0,4,-14.744352568794257,-10.000193377509541,-7.500002848934585,-4.999928270856418,-2.4999440715248498,1.954759425117413e-06,lower,0.1
366,phase1,lower,-10.0,4,-14.744352568794257,-10.000172565368562,-7.499989015356807,-4.999923374276177,-2.499945557337454,1.5165062317609296e-06,lower,0.1
367,phase1,lower,-10.0,4,-14.744352568794257,-10.000152845511778,-7.4999765399995,-4.999919682398657,-2.49994746341781,1.1186424892643734e-06,lower,0.1
368,phase1,lower,-10.0,4,-14.744352568794257,-10.00013420818231,-7.4999653892458165,-4.99991709984983,-2.4999497147080265,7.59077647492545e-07,lower,0.1
369,phase1,lower,-10.0,4,-14.744352568794257,-10.000116643118776,-7.4999555239760145,-4.9999155320908155,-2.4999522433670114,4.357847393457359e-07,lower,0.1
370,phase1,lower,-10.0,4,-14.744352568794257,-10.000100138998235,-7.499946900026254,-4.9999148861046665,-2.4999549882551295,1.4679281758858637e-07,lower,0.1
371,phase1,lower,-10.0,4,-14.744352568794257,-10.0000846829875,-7.499939468702377,-4.9999150709916265,-2.499957894458019,-1.0981888132444896e-07,lower,0.1
372,phase1,lower,-10.0,4,-14.744352568794257,-10.000070260395981,-7.499933177331498,-4.999915998480213,-2.499960912845173,-3.3592522511718654e-07,lower,0.1
373,phase1,lower,-10.0,4,-14.744352568794257,-10.000056854422235,-7.499927969836521,-4.99991758336083,-2.4999639996593945,-5.333581081169159e-07,lower,0.1
374,phase1,lower,-10.0,4,-14.744352568794257,-10.00004444598596,-7.499923787320746,-4.999919743848098,-2.4999671161337047,-7.039081901157183e-07,lower,0.1
375,phase1,lower,-10.0,4,-14.744352568794257,-10.000033013636811,-7.49992056865168,-4.999922401877637,-2.4999702281327303,-8.493256300758917e-07,lower,0.1
376,phase1,lower,-10.0,4,-14.744352568794257,-10.000022533531366,-7.499918251034823,-4.99992548334263,-2.499973305815984,-9.713199833949722e-07,lower,0.1
377,phase1,lower,-10.0,4,-14.744352568794257,-10.000012979469696,-7.499916770569787,-4.999928918275204,-2.499976323320833,-1.0715594242695384e-06,lower,0.1
378,phase1,lower,-10.0,4,-14.744352568794257,-10.000004322983187,-7.499916062782469,-4.9999326409773115,-2.4999792584632625,-1.151669440547471e-06,lower,0.1
379,phase1,lower,-10.0,4,-14.744352568794257,-9.999996533465612,-7.499916063128281,-4.999936590105597,-2.4999820924548404,-1.2132311385645322e-06,lower,0.1
380,phase1,lower,-10.0,4,-14.744352568794257,-9.999989578339905,-7.499916707462522,-4.999940708714465,-2.4999848096345465,-1.2577792806809282e-06,lower,0.1
381,phase1,lower,-10.0,4,-14.744352568794257,-9.99998342325352,-7.4999179324749745,-4.999944944261356,-2.499987397214352,-1.2868001658858154e-06,lower,0.1
382,phase1,lower,-10.0,4,-14.744352568794257,-9.999978032295815,-7.499919676086696,-4.999949248578047,-2.499989845037621,-1.301729450770165e-06,lower,0.1
383,phase1,lower,-10.0,4,-14.744352568794257,-9.999973368231409,-7.499921877807739,-4.999953577811606,-2.4999921453495886,-1.3039499945926268e-06,lower,0.1
384,phase1,lower,-10.0,4,-14.744352568794257,-9.999969392744037,-7.499924479055183,-4.999957892338449,-2.4999942925792866,-1.2947898009793153e-06,lower,0.1
385,phase1,lower,-10.0,4,-14.744352568794257,-9.999966066685971,-7.499927423431486,-4.999962156654764,-2.4999962831324223,-1.2755201159063072e-06,lower,0.1
386,phase1,lower,-10.0,4,-14.744352568794257,-9.999963350328628,-7.499930656963615,-4.99996633924642,-2.4999981151947996,-1.2473537315207934e-06,lower,0.1
387,phase1,lower,-10.0,4,-14.744352568794257,-9.999961203610486,-7.499934128303892,-4.99997041244129,-2.499999788545949,-1.2114435341658295e-06,lower,0.1
388,phase1,lower,-10.0,4,-14.744352568794257,-9.999959586379006,-7.499937788893781,-4.99997435224677,-2.5000013043826894,-1.1688813268346578e-06,lower,0.1
389,phase1,lower,-10.0,4,-14.744352568794257,-9.999958458623679,-7.499941593092215,-4.999978138175087,-2.500002665152398,-1.1206969461678657e-06,lower,0.1
390,phase1,lower,-10.0,4,-14.744352568794257,-9.999957780697784,-7.499945498270229,-4.999981753058864,-2.500003874395778,-1.0678576878119729e-06,lower,0.1
391,phase1,lower,-10.0,4,-14.744352568794257,-9.999957513526947,-7.499949464873892,-4.999985182859208,-2.5000049365989536,-1.0112680461003498e-06,lower,0.1
392,phase1,lower,-10.0,4,-14.744352568794257,-9.999957618802885,-7.499953456457661,-4.999988416468452,-2.50000585705472,-9.51769768129192e-07,lower,0.1
393,phase1,lower,-10.0,4,-14.744352568794257,-9.999958059161154,-7.499957439690372,-4.9999914455095125,-2.500006641732781,-8.901422176446297e-07,lower,0.1
394,phase1,lower,-10.0,4,-14.744352568794257,-9.999958798342071,-7.4999613843361725,-4.999994264133676,-2.500007297158817,-8.271030387035679e-07,lower,0.1
395,phase1,lower,-10.0,4,-14.744352568794257,-9.999959801334215,-7.499965263212679,-4.999996868818451,-2.500007830302197,-7.633091056389196e-07,lower,0.1
396,phase1,lower,-10.0,4,-14.744352568794257,-9.999961034500258,-7.49996905212871,-4.9999992581670005,-2.5000082484721604,-6.993577432676275e-07,lower,0.1
397,phase1,lower,-10.0,4,-14.744352568794257,-9.999962465685071,-7.499972729803886,-5.0000014327104925,-2.5000085592222674,-6.357881973478151e-07,lower,0.1
398,phase1,lower,-10.0,4,-14.744352568794257,-9.99996406430633,-7.499976277772319,-5.0000033947145885,-2.5000087702629017,-5.730833351646744e-07,lower,0.1
399,phase1,upper,-15.0,2,-14.842057934668684,-9.99996406430633,-7.499976277772319,-5.0000033947145885,-2.5000087702629017,0.001123732761941821,lower,0.1
400,phase2,lower,-20.0,4,-14.842057934668684,-9.999965896326227,-8.99998034531366,-5.000004201046836,-2.5000074547234665,nan,lower,0.1
401,phase2,lower,-20.0,4,-14.842057934668684,-10.224968063674343,-10.274983923673636,-5.00000468909833,-2.5000063365149465,nan,lower,0.1
402,phase2,lower,-20.0,4,-14.842057934668684,-10.607470442674236,-11.35873703848734,-5.000004936210822,-2.5000053860377047,nan,lower,0.1
403,phase2,lower,-20.0,4,-14.842057934668684,-11.095160432046201,-12.279927223145862,-5.000005003684855,-2.500004578132049,nan,lower,0.1
404,phase2,lower,-20.0,4,-14.842057934668684,-11.647875450711151,-13.062938890226711,-5.000004939851934,-2.5000038914122418,nan,lower,0.1
405,phase2,lower,-20.0,4,-14.842057934668684,-12.235134966638485,-13.728498797670495,-5.00000478258598,-2.5000033077004056,nan,lower,0.1
406,phase2,lower,-20.0,4,-14.842057934668684,-12.834139541293286,-14.294224695407818,-5.000004561353143,-2.5000028115453445,nan,lower,0.1
407,phase2,lower,-20.0,4,-14.842057934668684,-13.428152314410466,-14.775091675299617,-5.000004298881973,-2.500002389813543,nan,lower,0.1
408,phase2,lower,-20.0,4,-14.842057934668684,-14.00519321854384,-15.18382856883697,-5.000004012521709,-2.5000020313415114,nan,lower,0.1
409,phase2,lower,-20.0,4,-14.842057934668684,-14.55698852108781,-15.53125488538968,-5.000003715344679,-2.5000017266402845,nan,lower,0.1
410,phase2,lower,-20.0,4,-14.842057934668684,-15.07812847573309,-15.82656720988293,-5.00000341703902,-2.5000014676442417,nan,upper,0.1
411,phase2,upper,-15.0,2,-14.967095489475234,-15.07812847573309,-15.82656720988293,-5.00000341703902,-2.5000014676442417,nan,upper,0.1
412,phase2,upper,-15.0,2,-15.058175474309774,-15.07812847573309,-15.82656720988293,-5.00000341703902,-2.5000014676442417,nan,upper,0.1
413,phase2,upper,-15.0,2,-15.122671815180759,-15.07812847573309,-15.82656720988293,-5.00000341703902,-2.5000014676442417,nan,lower,0.1
414,phase2,lower,-20.0,4,-15.122671815180759,-15.565394285855566,-16.077582640956344,-5.000003124629803,-2.5000012474976057,nan,upper,0.1
415,phase2,lower,-20.0,4,-15.122671815180759,-16.017222539120684,-16.290945713507362,-5.000002843059973,-2.500001060372965,nan,upper,0.1
416,phase2,upper,-15.0,2,-15.166510305618477,-16.017222539120684,-16.290945713507362,-5.000002843059973,-2.500001060372965,nan,upper,0.1
417,phase2,upper,-15.0,2,-15.194437133083314,-16.017222539120684,-16.290945713507362,-5.000002843059973,-2.500001060372965,nan,upper,0.1
418,phase2,upper,-15.0,2,-15.210239430432283,-16.017222539120684,-16.290945713507362,-5.000002843059973,-2.500001060372965,nan,upper,0.1
419,phase2,upper,-15.0,2,-15.216926203082187,-16.017222539120684,-16.290945713507362,-5.000002843059973,-2.500001060372965,nan,upper,0.1
420,phase2,upper,-15.0,2,-15.216876556752393,-16.017222539120684,-16.290945713507362,-5.000002843059973,-2.500001060372965,nan,upper,0.1
421,phase2,upper,-15.0,2,-15.211960964752189,-16.017222539120684,-16.290945713507362,-5.000002843059973,-2.500001060372965,nan,upper,0.1
422,phase2,upper,-15.0,2,-15.203640327825116,-16.017222539120684,-16.290945713507362,-5.000002843059973,-2.500001060372965,nan,upper,0.1
423,phase2,upper,-15.0,2,-15.193046760269242,-16.017222539120684,-16.290945713507362,-5.000002843059973,-2.500001060372965,nan,upper,0.1
424,phase2,upper,-15.0,2,-15.181049355604065,-16.017222539120684,-16.290945713507362,-5.000002843059973,-2.500001060372965,nan,upper,0.1
425,phase2,upper,-15.0,2,-15.168307620232383,-16.017222539120684,-16.290945713507362,-5.000002843059973,-2.500001060372965,nan,upper,0.1
426,phase2,upper,-15.0,2,-15.155314794971114,-16.017222539120684,-16.290945713507362,-5.000002843059973,-2.500001060372965,nan,upper,0.1
427,phase2,upper,-15.0,2,-15.142432895832997,-16.017222539120684,-16.290945713507362,-5.000002843059973,-2.500001060372965,nan,upper,0.1
428,phase2,upper,-15.0,2,-15.129920983549464,-16.017222539120684,-16.290945713507362,-5.000002843059973,-2.500001060372965,nan,upper,0.1
429,phase2,upper,-15.0,2,-15.11795790479475,-16.017222539120684,-16.290945713507362,-5.000002843059973,-2.500001060372965,nan,upper,0.1
430,phase2,upper,-15.0,2,-15.106660527536587,-16.017222539120684,-16.290945713507362,-5.000002843059973,-2.500001060372965,nan,upper,0.1
431,phase2,upper,-15.0,2,-15.09609831059799,-16.017222539120684,-16.290945713507362,-5.000002843059973,-2.500001060372965,nan,upper,0.1
432,phase2,upper,-15.0,2,-15.086304896871399,-16.017222539120684,-16.290945713507362,-5.000002843059973,-2.500001060372965,nan,upper,0.1
433,phase2,upper,-15.0,2,-15.077287295274331,-16.017222539120684,-16.290945713507362,-5.000002843059973,-2.500001060372965,nan,upper,0.1
434,phase2,upper,-15.0,2,-15.069033113976777,-16.017222539120684,-16.290945713507362,-5.000002843059973,-2.500001060372965,nan,upper,0.1
435,phase2,upper,-15.0,2,-15.061516222924817,-16.017222539120684,-16.290945713507362,-5.000002843059973,-2.500001060372965,nan,upper,0.1
436,phase2,upper,-15.0,2,-15.054701154123968,-16.017222539120684,-16.290945713507362,-5.000002843059973,-2.500001060372965,nan,upper,0.1
437,phase2,upper,-15.0,2,-15.048546490947565,-16.017222539120684,-16.290945713507362,-5.000002843059973,-2.500001060372965,nan,upper,0.1
438,phase2,upper,-15.0,2,-15.043007450756294,-16.017222539120684,-16.290945713507362,-5.000002843059973,-2.500001060372965,nan,upper,0.1
439,phase2,upper,-15.0,2,-15.038037826576083,-16.017222539120684,-16.290945713507362,-5.000002843059973,-2.500001060372965,nan,upper,0.1
440,phase2,upper,-15.0,2,-15.03359142200792,-16.017222539120684,-16.290945713507362,-5.000002843059973,-2.500001060372965,nan,upper,0.1
441,phase2,upper,-15.0,2,-15.029623087712244,-16.017222539120684,-16.290945713507362,-5.000002843059973,-2.500001060372965,nan,upper,0.1
442,phase2,upper,-15.0,2,-15.026089446710092,-16.017222539120684,-16.290945713507362,-5.000002843059973,-2.500001060372965,nan,upper,0.1
443,phase2,upper,-15.0,2,-15.02294937853506,-16.017222539120684,-16.290945713507362,-5.000002843059973,-2.500001060372965,nan,upper,0.1
444,phase2,upper,-15.0,2,-15.02016431826156,-16.017222539120684,-16.290945713507362,-5.000002843059973,-2.500001060372965,nan,upper,0.1
445,phase2,upper,-15.0,2,-15.017698415053072,-16.017222539120684,-16.290945713507362,-5.000002843059973,-2.500001060372965,nan,upper,0.1
446,phase2,upper,-15.0,2,-15.015518585646245,-16.017222539120684,-16.290945713507362,-5.000002843059973,-2.500001060372965,nan,upper,0.1
447,phase2,upper,-15.0,2,-15.013594490722772,-16.017222539120684,-16.290945713507362,-5.000002843059973,-2.500001060372965,nan,upper,0.1
448,phase2,upper,-15.0,2,-15.011898456099301,-16.017222539120684,-16.290945713507362,-5.000002843059973,-2.500001060372965,nan,upper,0.1
449,phase2,upper,-15.0,2,-15.010405355821609,-16.017222539120684,-16.290945713507362,-5.000002843059973,-2.500001060372965,nan,upper,0.1
450,phase2,upper,-15.0,2,-15.00909247036499,-16.017222539120684,-16.290945713507362,-5.000002843059973,-2.500001060372965,nan,upper,0.1
451,phase2,upper,-15.0,2,-15.00793933003937,-16.017222539120684,-16.290945713507362,-5.000002843059973,-2.500001060372965,nan,upper,0.1
452,phase2,upper,-15.0,2,-15.006927551228225,-16.017222539120684,-16.290945713507362,-5.000002843059973,-2.500001060372965,nan,upper,0.1
453,phase2,upper,-15.0,2,-15.006040671134537,-16.017222539120684,-16.290945713507362,-5.000002843059973,-2.500001060372965,nan,upper,0.1
454,phase2,upper,-15.0,2,-15.00526398516632,-16.017222539120684,-16.290945713507362,-5.000002843059973,-2.500001060372965,nan,upper,0.1
455,phase2,upper,-15.0,2,-15.004584389888041,-16.017222539120684,-16.290945713507362,-5.000002843059973,-2.500001060372965,nan,upper,0.1
456,phase2,upper,-15.0,2,-15.003990233527004,-16.017222539120684,-16.290945713507362,-5.000002843059973,-2.500001060372965,nan,upper,0.1
457,phase2,upper,-15.0,2,-15.003471175301797,-16.017222539120684,-16.290945713507362,-5.000002843059973,-2.500001060372965,nan,upper,0.1
458,phase2,upper,-15.0,2,-15.003018054289795,-16.017222539120684,-16.290945713507362,-5.000002843059973,-2.500001060372965,nan,upper,0.1
459,phase2,upper,-15.0,2,-15.002622768137103,-16.017222539120684,-16.290945713507362,-5.000002843059973,-2.500001060372965,nan,upper,0.1
460,phase2,upper,-15.0,2,-15.002278161608698,-16.017222539120684,-16.290945713507362,-5.000002843059973,-2.500001060372965,nan,upper,0.1
461,phase2,upper,-15.0,2,-15.00197792475573,-16.017222539120684,-16.290945713507362,-5.000002843059973,-2.500001060372965,nan,upper,0.1
462,phase2,upper,-15.0,2,-15.001716500322456,-16.017222539120684,-16.290945713507362,-5.000002843059973,-2.500001060372965,nan,upper,0.1
463,phase2,lower,-20.0,4,-15.001716500322456,-16.433281015278688,-16.472304282940254,-5.0000025756569215,-2.50000090131702,nan,upper,0.1
464,phase2,upper,-15.0,2,-15.00148899991216,-16.433281015278688,-16.472304282940254,-5.0000025756569215,-2.50000090131702,nan,upper,0.1
465,phase2,upper,-15.0,2,-15.001291128367699,-16.433281015278688,-16.472304282940254,-5.0000025756569215,-2.50000090131702,nan,upper,0.1
466,phase2,upper,-15.0,2,-15.001119115788551,-16.433281015278688,-16.472304282940254,-5.0000025756569215,-2.50000090131702,nan,upper,0.1
467,phase2,upper,-15.0,2,-15.000969656594876,-16.433281015278688,-16.472304282940254,-5.0000025756569215,-2.50000090131702,nan,upper,0.1
468,phase2,upper,-15.0,2,-15.00083985505406,-16.433281015278688,-16.472304282940254,-5.0000025756569215,-2.50000090131702,nan,upper,0.1
469,phase2,upper,-15.0,2,-15.000727176702105,-16.433281015278688,-16.472304282940254,-5.0000025756569215,-2.50000090131702,nan,upper,0.1
470,phase2,upper,-15.0,2,-15.000629405117019,-16.433281015278688,-16.472304282940254,-5.0000025756569215,-2.50000090131702,nan,upper,0.1
471,phase2,upper,-15.0,2,-15.000544603531662,-16.433281015278688,-16.472304282940254,-5.0000025756569215,-2.50000090131702,nan,upper,0.1
472,phase2,upper,-15.0,2,-15.00047108080678,-16.433281015278688,-16.472304282940254,-5.0000025756569215,-2.50000090131702,nan,upper,0.1
473,phase2,upper,-15.0,2,-15.0004073613199,-16.433281015278688,-16.472304282940254,-5.0000025756569215,-2.50000090131702,nan,upper,0.1
474,phase2,upper,-15.0,2,-15.000352158360931,-16.433281015278688,-16.472304282940254,-5.0000025756569215,-2.50000090131702,nan,upper,0.1
475,phase2,upper,-15.0,2,-15.000304350659954,-16.433281015278688,-16.472304282940254,-5.0000025756569215,-2.50000090131702,nan,upper,0.1
476,phase2,upper,-15.0,2,-15.00026296170615,-16.433281015278688,-16.472304282940254,-5.0000025756569215,-2.50000090131702,nan,upper,0.1
477,phase2,upper,-15.0,2,-15.000227141548638,-16.433281015278688,-16.472304282940254,-5.0000025756569215,-2.50000090131702,nan,upper,0.1
478,phase2,upper,-15.0,2,-15.000196150799992,-16.433281015278688,-16.472304282940254,-5.0000025756569215,-2.50000090131702,nan,upper,0.1
479,phase2,upper,-15.0,2,-15.000169346591095,-16.433281015278688,-16.472304282940254,-5.0000025756569215,-2.50000090131702,nan,upper,0.1
480,phase2,upper,-15.0,2,-15.000146170251867,-16.433281015278688,-16.472304282940254,-5.0000025756569215,-2.50000090131702,nan,upper,0.1
481,phase2,upper,-15.0,2,-15.000126136516108,-16.433281015278688,-16.472304282940254,-5.0000025756569215,-2.50000090131702,nan,upper,0.1
482,phase2,upper,-15.0,2,-15.00010882407041,-16.433281015278688,-16.472304282940254,-5.0000025756569215,-2.50000090131702,nan,upper,0.1
483,phase2,upper,-15.0,2,-15.000093867286807,-16.433281015278688,-16.472304282940254,-5.0000025756569215,-2.50000090131702,nan,upper,0.1
484,phase2,upper,-15.0,2,-15.000080948996702,-16.433281015278688,-16.472304282940254,-5.0000025756569215,-2.50000090131702,nan,upper,0.1
485,phase2,upper,-15.0,2,-15.000069794179675,-16.433281015278688,-16.472304282940254,-5.0000025756569215,-2.50000090131702,nan,upper,0.1
486,phase2,upper,-15.0,2,-15.00006016445533,-16.433281015278688,-16.472304282940254,-5.0000025756569215,-2.50000090131702,nan,upper,0.1
487,phase2,upper,-15.0,2,-15.000051853279247,-16.433281015278688,-16.472304282940254,-5.0000025756569215,-2.50000090131702,nan,upper,0.1
488,phase2,upper,-15.0,2,-15.000044681755744,-16.433281015278688,-16.472304282940254,-5.0000025756569215,-2.50000090131702,nan,upper,0.1
489,phase2,upper,-15.0,2,-15.000038494990509,-16.433281015278688,-16.472304282940254,-5.0000025756569215,-2.50000090131702,nan,upper,0.1
490,phase2,upper,-15.0,2,-15.00003315891534,-16.433281015278688,-16.472304282940254,-5.0000025756569215,-2.50000090131702,nan,upper,0.1
491,phase2,upper,-15.0,2,-15.000028557525434,-16.433281015278688,-16.472304282940254,-5.0000025756569215,-2.50000090131702,nan,upper,0.1
492,phase2,upper,-15.0,2,-15.000024590476906,-16.433281015278688,-16.472304282940254,-5.0000025756569215,-2.50000090131702,nan,upper,0.1
493,phase2,upper,-15.0,2,-15.000021170998615,-16.433281015278688,-16.472304282940254,-5.0000025756569215,-2.50000090131702,nan,upper,0.1
494,phase2,upper,-15.0,2,-15.00001822407808,-16.433281015278688,-16.472304282940254,-5.0000025756569215,-2.50000090131702,nan,upper,0.1
495,phase2,upper,-15.0,2,-15.000015684886236,-16.433281015278688,-16.472304282940254,-5.0000025756569215,-2.50000090131702,nan,upper,0.1
496,phase2,upper,-15.0,2,-15.000013497410189,-16.433281015278688,-16.472304282940254,-5.0000025756569215,-2.50000090131702,nan,upper,0.1
497,phase2,upper,-15.0,2,-15.000011613267015,-16.433281015278688,-16.472304282940254,-5.0000025756569215,-2.50000090131702,nan,upper,0.1
498,phase2,upper,-15.0,2,-15.000009990675064,-16.433281015278688,-16.472304282940254,-5.0000025756569215,-2.50000090131702,nan,upper,0.1
499,phase2,upper,-15.0,2,-15.00000859356219,-16.433281015278688,-16.472304282940254,-5.0000025756569215,-2.50000090131702,nan,upper,0.1
500,phase2,upper,-15.0,2,-15.000007390792991,-16.433281015278688,-16.472304282940254,-5.0000025756569215,-2.50000090131702,nan,upper,0.1
501,phase2,upper,-15.0,2,-15.000006355499401,-16.433281015278688,-16.472304282940254,-5.0000025756569215,-2.50000090131702,nan,upper,0.1
502,phase2,upper,-15.0,2,-15.000005464501047,-16.433281015278688,-16.472304282940254,-5.0000025756569215,-2.50000090131702,nan,upper,0.1
503,phase2,upper,-15.0,2,-15.000004697803462,-16.433281015278688,-16.472304282940254,-5.0000025756569215,-2.50000090131702,nan,upper,0.1
504,phase2,upper,-15.0,2,-15.00000403816388,-16.433281015278688,-16.472304282940254,-5.0000025756569215,-2.50000090131702,nan,upper,0.1
505,phase2,lower,-20.0,4,-15.00000403816388,-16.814134505427923,-16.626459026847755,-5.000002324505936,-2.500000766119467,nan,upper,0.1
506,phase2,upper,-15.0,2,-15.000003470715594,-16.814134505427923,-16.626459026847755,-5.000002324505936,-2.500000766119467,nan,upper,0.1
507,phase2,upper,-15.0,2,-15.000002982643107,-16.814134505427923,-16.626459026847755,-5.000002324505936,-2.500000766119467,nan,upper,0.1
508,phase2,upper,-15.0,2,-15.000002562901264,-16.814134505427923,-16.626459026847755,-5.000002324505936,-2.500000766119467,nan,upper,0.1
509,phase2,upper,-15.0,2,-15.000002201972505,-16.814134505427923,-16.626459026847755,-5.000002324505936,-2.500000766119467,nan,upper,0.1
510,phase2,upper,-15.0,2,-15.000001891657094,-16.814134505427923,-16.626459026847755,-5.000002324505936,-2.500000766119467,nan,upper,0.1
511,phase2,upper,-15.0,2,-15.000001624891926,-16.814134505427923,-16.626459026847755,-5.000002324505936,-2.500000766119467,nan,upper,0.1
512,phase2,upper,-15.0,2,-15.000001395594023,-16.814134505427923,-16.626459026847755,-5.000002324505936,-2.500000766119467,nan,upper,0.1
513,phase2,upper,-15.0,2,-15.000001198525423,-16.814134505427923,-16.626459026847755,-5.000002324505936,-2.500000766119467,nan,upper,0.1
514,phase2,upper,-15.0,2,-15.000001029176538,-16.814134505427923,-16.626459026847755,-5.000002324505936,-2.500000766119467,nan,upper,0.1
515,phase2,upper,-15.0,2,-15.000000883665496,-16.814134505427923,-16.626459026847755,-5.000002324505936,-2.500000766119467,nan,upper,0.1
516,phase2,upper,-15.0,2,-15.000000758651295,-16.814134505427923,-16.626459026847755,-5.000002324505936,-2.500000766119467,nan,upper,0.1
517,phase2,upper,-15.0,2,-15.00000065125888,-16.814134505427923,-16.626459026847755,-5.000002324505936,-2.500000766119467,nan,upper,0.1
518,phase2,upper,-15.0,2,-15.000000559014536,-16.814134505427923,-16.626459026847755,-5.000002324505936,-2.500000766119467,nan,upper,0.1
519,phase2,upper,-15.0,2,-15.00000047979017,-16.814134505427923,-16.626459026847755,-5.000002324505936,-2.500000766119467,nan,upper,0.1
520,phase2,upper,-15.0,2,-15.000000411755288,-16.814134505427923,-16.626459026847755,-5.000002324505936,-2.500000766119467,nan,upper,0.1
521,phase2,upper,-15.0,2,-15.00000035333559,-16.814134505427923,-16.626459026847755,-5.000002324505936,-2.500000766119467,nan,upper,0.1
522,phase2,upper,-15.0,2,-15.000000303177309,-16.814134505427923,-16.626459026847755,-5.000002324505936,-2.500000766119467,nan,upper,0.1
523,phase2,upper,-15.0,2,-15.000000260116462,-16.814134505427923,-16.626459026847755,-5.000002324505936,-2.500000766119467,nan,upper,0.1
524,phase2,upper,-15.0,2,-15.000000223152378,-16.814134505427923,-16.626459026847755,-5.000002324505936,-2.500000766119467,nan,upper,0.1
525,phase2,upper,-15.0,2,-15.000000191424899,-16.814134505427923,-16.626459026847755,-5.000002324505936,-2.500000766119467,nan,upper,0.1
526,phase2,upper,-15.0,2,-15.000000164194736,-16.814134505427923,-16.626459026847755,-5.000002324505936,-2.500000766119467,nan,upper,0.1
527,phase2,upper,-15.0,2,-15.000000140826561,-16.814134505427923,-16.626459026847755,-5.000002324505936,-2.500000766119467,nan,upper,0.1
528,phase2,upper,-15.0,2,-15.000000120774457,-16.814134505427923,-16.626459026847755,-5.000002324505936,-2.500000766119467,nan,upper,0.1
529,phase2,upper,-15.0,2,-15.000000103569386,-16.814134505427923,-16.626459026847755,-5.000002324505936,-2.500000766119467,nan,upper,0.1
530,phase2,upper,-15.0,2,-15.000000088808411,-16.814134505427923,-16.626459026847755,-5.000002324505936,-2.500000766119467,nan,upper,0.1
531,phase2,upper,-15.0,2,-15.000000076145419,-16.814134505427923,-16.626459026847755,-5.000002324505936,-2.500000766119467,nan,upper,0.1
532,phase2,upper,-15.0,2,-15.000000065283134,-16.814134505427923,-16.626459026847755,-5.000002324505936,-2.500000766119467,nan,upper,0.1
533,phase2,upper,-15.0,2,-15.000000055966263,-16.814134505427923,-16.626459026847755,-5.000002324505936,-2.500000766119467,nan,upper,0.1
534,phase2,upper,-15.0,2,-15.000000047975583,-16.814134505427923,-16.626459026847755,-5.000002324505936,-2.500000766119467,nan,upper,0.1
535,phase2,upper,-15.0,2,-15.000000041122865,-16.814134505427923,-16.626459026847755,-5.000002324505936,-2.500000766119467,nan,upper,0.1
536,phase2,upper,-15.0,2,-15.000000035246513,-16.814134505427923,-16.626459026847755,-5.000002324505936,-2.500000766119467,nan,upper,0.1
537,phase2,upper,-15.0,2,-15.000000030207802,-16.814134505427923,-16.626459026847755,-5.000002324505936,-2.500000766119467,nan,upper,0.1
538,phase2,upper,-15.0,2,-15.000000025887658,-16.814134505427923,-16.626459026847755,-5.000002324505936,-2.500000766119467,nan,upper,0.1
539,phase2,upper,-15.0,2,-15.000000022183881,-16.814134505427923,-16.626459026847755,-5.000002324505936,-2.500000766119467,nan,upper,0.1
540,phase2,upper,-15.0,2,-15.000000019008766,-16.814134505427923,-16.626459026847755,-5.000002324505936,-2.500000766119467,nan,upper,0.1
541,phase2,upper,-15.0,2,-15.000000016287046,-16.814134505427923,-16.626459026847755,-5.000002324505936,-2.500000766119467,nan,upper,0.1
542,phase2,upper,-15.0,2,-15.000000013954146,-16.814134505427923,-16.626459026847755,-5.000002324505936,-2.500000766119467,nan,upper,0.1
543,phase2,upper,-15.0,2,-15.000000011954658,-16.814134505427923,-16.626459026847755,-5.000002324505936,-2.500000766119467,nan,upper,0.1
544,phase2,upper,-15.0,2,-15.000000010241047,-16.814134505427923,-16.626459026847755,-5.000002324505936,-2.500000766119467,nan,upper,0.1
545,phase2,upper,-15.0,2,-15.00000000877254,-16.814134505427923,-16.626459026847755,-5.000002324505936,-2.500000766119467,nan,upper,0.1
546,phase2,upper,-15.0,2,-15.000000007514162,-16.814134505427923,-16.626459026847755,-5.000002324505936,-2.500000766119467,nan,upper,0.1
547,phase2,upper,-15.0,2,-15.000000006435915,-16.814134505427923,-16.626459026847755,-5.000002324505936,-2.500000766119467,nan,upper,0.1
548,phase2,upper,-15.0,2,-15.000000005512073,-16.814134505427923,-16.626459026847755,-5.000002324505936,-2.500000766119467,nan,upper,0.1
549,phase2,upper,-15.0,2,-15.000000004720576,-16.814134505427923,-16.626459026847755,-5.000002324505936,-2.500000766119467,nan,upper,0.1
550,phase2,upper,-15.0,2,-15.000000004042507,-16.814134505427923,-16.626459026847755,-5.000002324505936,-2.500000766119467,nan,upper,0.1
551,phase2,upper,-15.0,2,-15.000000003461645,-16.814134505427923,-16.626459026847755,-5.000002324505936,-2.500000766119467,nan,upper,0.1
552,phase2,upper,-15.0,2,-15.000000002964086,-16.814134505427923,-16.626459026847755,-5.000002324505936,-2.500000766119467,nan,upper,0.1
553,phase2,upper,-15.0,2,-15.000000002537906,-16.814134505427923,-16.626459026847755,-5.000002324505936,-2.500000766119467,nan,upper,0.1
554,phase2,upper,-15.0,2,-15.00000000217289,-16.814134505427923,-16.626459026847755,-5.000002324505936,-2.500000766119467,nan,upper,0.1
555,phase2,upper,-15.0,2,-15.000000001860274,-16.814134505427923,-16.626459026847755,-5.000002324505936,-2.500000766119467,nan,upper,0.1
556,phase2,upper,-15.0,2,-15.000000001592554,-16.814134505427923,-16.626459026847755,-5.000002324505936,-2.500000766119467,nan,upper,0.1
557,phase2,upper,-15.0,2,-15.000000001363293,-16.814134505427923,-16.626459026847755,-5.000002324505936,-2.500000766119467,nan,upper,0.1
558,phase2,upper,-15.0,2,-15.000000001166978,-16.814134505427923,-16.626459026847755,-5.000002324505936,-2.500000766119467,nan,upper,0.1
559,phase2,upper,-15.0,2,-15.000000000998883,-16.814134505427923,-16.626459026847755,-5.000002324505936,-2.500000766119467,nan,upper,0.1
560,phase2,upper,-15.0,2,-15.00000000085496,-16.814134505427923,-16.626459026847755,-5.000002324505936,-2.500000766119467,nan,upper,0.1
561,phase2,upper,-15.0,2,-15.00000000073174,-16.814134505427923,-16.626459026847755,-5.000002324505936,-2.500000766119467,nan,upper,0.1
562,phase2,upper,-15.0,2,-15.00000000062625,-16.814134505427923,-16.626459026847755,-5.000002324505936,-2.500000766119467,nan,upper,0.1
563,phase2,upper,-15.0,2,-15.000000000535941,-16.814134505427923,-16.626459026847755,-5.000002324505936,-2.500000766119467,nan,upper,0.1
564,phase2,upper,-15.0,2,-15.000000000458634,-16.814134505427923,-16.626459026847755,-5.000002324505936,-2.500000766119467,nan,upper,0.1
565,phase2,upper,-15.0,2,-15.000000000392461,-16.814134505427923,-16.626459026847755,-5.000002324505936,-2.500000766119467,nan,upper,0.1
566,phase2,upper,-15.0,2,-15.00000000033582,-16.814134505427923,-16.626459026847755,-5.000002324505936,-2.500000766119467,nan,upper,0.1
567,phase2,upper,-15.0,2,-15.000000000287342,-16.814134505427923,-16.626459026847755,-5.000002324505936,-2.500000766119467,nan,upper,0.1
568,phase2,upper,-15.0,2,-15.000000000245851,-16.814134505427923,-16.626459026847755,-5.000002324505936,-2.500000766119467,nan,upper,0.1
569,phase2,lower,-20.0,4,-15.000000000245851,-17.160983183640898,-16.757490521496482,-5.000002090747966,-2.500000651201547,nan,upper,0.1
570,phase2,upper,-15.0,2,-15.000000000210342,-17.160983183640898,-16.757490521496482,-5.000002090747966,-2.500000651201547,nan,upper,0.1
571,phase2,upper,-15.0,2,-15.000000000179954,-17.160983183640898,-16.757490521496482,-5.000002090747966,-2.500000651201547,nan,upper,0.1
572,phase2,lower,-20.0,4,-15.000000000179954,-17.475459284319236,-16.868867256884204,-5.000001874816003,-2.500000553521315,nan,upper,0.1
573,phase2,upper,-15.0,2,-15.00000000015395,-17.475459284319236,-16.868867256884204,-5.000001874816003,-2.500000553521315,nan,upper,0.1
574,phase2,upper,-15.0,2,-15.000000000131697,-17.475459284319236,-16.868867256884204,-5.000001874816003,-2.500000553521315,nan,upper,0.1
575,phase2,upper,-15.0,2,-15.000000000112657,-17.475459284319236,-16.868867256884204,-5.000001874816003,-2.500000553521315,nan,upper,0.1
576,phase2,upper,-15.0,2,-15.000000000096366,-17.475459284319236,-16.868867256884204,-5.000001874816003,-2.500000553521315,nan,upper,0.1
577,phase2,upper,-15.0,2,-15.000000000082427,-17.475459284319236,-16.868867256884204,-5.000001874816003,-2.500000553521315,nan,upper,0.1
578,phase2,upper,-15.0,2,-15.000000000070502,-17.475459284319236,-16.868867256884204,-5.000001874816003,-2.500000553521315,nan,upper,0.1
579,phase2,upper,-15.0,2,-15.0000000000603,-17.475459284319236,-16.868867256884204,-5.000001874816003,-2.500000553521315,nan,upper,0.1
580,phase2,upper,-15.0,2,-15.000000000051573,-17.475459284319236,-16.868867256884204,-5.000001874816003,-2.500000553521315,nan,upper,0.1
581,phase2,upper,-15.0,2,-15.000000000044107,-17.475459284319236,-16.868867256884204,-5.000001874816003,-2.500000553521315,nan,upper,0.1
582,phase2,upper,-15.0,2,-15.00000000003772,-17.475459284319236,-16.868867256884204,-5.000001874816003,-2.500000553521315,nan,upper,0.1
583,phase2,upper,-15.0,2,-15.000000000032255,-17.475459284319236,-16.868867256884204,-5.000001874816003,-2.500000553521315,nan,upper,0.1
584,phase2,upper,-15.0,2,-15.000000000027581,-17.475459284319236,-16.868867256884204,-5.000001874816003,-2.500000553521315,nan,upper,0.1
585,phase2,upper,-15.0,2,-15.000000000023585,-17.475459284319236,-16.868867256884204,-5.000001874816003,-2.500000553521315,nan,upper,0.1
586,phase2,upper,-15.0,2,-15.000000000020167,-17.475459284319236,-16.868867256884204,-5.000001874816003,-2.500000553521315,nan,upper,0.1
587,phase2,upper,-15.0,2,-15.000000000017243,-17.475459284319236,-16.868867256884204,-5.000001874816003,-2.500000553521315,nan,upper,0.1
588,phase2,upper,-15.0,2,-15.000000000014744,-17.475459284319236,-16.868867256884204,-5.000001874816003,-2.500000553521315,nan,upper,0.1
589,phase2,upper,-15.0,2,-15.000000000012605,-17.475459284319236,-16.868867256884204,-5.000001874816003,-2.500000553521315,nan,upper,0.1
590,phase2,upper,-15.0,2,-15.000000000010777,-17.475459284319236,-16.868867256884204,-5.000001874816003,-2.500000553521315,nan,upper,0.1
591,phase2,upper,-15.0,2,-15.000000000009214,-17.475459284319236,-16.868867256884204,-5.000001874816003,-2.500000553521315,nan,upper,0.1
592,phase2,upper,-15.0,2,-15.000000000007876,-17.475459284319236,-16.868867256884204,-5.000001874816003,-2.500000553521315,nan,upper,0.1
593,phase2,upper,-15.0,2,-15.000000000006732,-17.475459284319236,-16.868867256884204,-5.000001874816003,-2.500000553521315,nan,upper,0.1
594,phase2,upper,-15.0,2,-15.000000000005755,-17.475459284319236,-16.868867256884204,-5.000001874816003,-2.500000553521315,nan,upper,0.1
595,phase2,upper,-15.0,2,-15.00000000000492,-17.475459284319236,-16.868867256884204,-5.000001874816003,-2.500000553521315,nan,upper,0.1
596,phase2,upper,-15.0,2,-15.000000000004206,-17.475459284319236,-16.868867256884204,-5.000001874816003,-2.500000553521315,nan,upper,0.1
597,phase2,upper,-15.0,2,-15.000000000003595,-17.475459284319236,-16.868867256884204,-5.000001874816003,-2.500000553521315,nan,upper,0.1
598,phase2,upper,-15.0,2,-15.000000000003073,-17.475459284319236,-16.868867256884204,-5.000001874816003,-2.500000553521315,nan,upper,0.1
599,phase2,upper,-15.0,2,-15.000000000002627,-17.475459284319236,-16.868867256884204,-5.000001874816003,-2.500000553521315,nan,upper,0.1
600,phase2,upper,-15.0,2,-15.000000000002245,-17.475459284319236,-16.868867256884204,-5.000001874816003,-2.500000553521315,nan,upper,0.1
601,phase2,upper,-15.0,2,-15.000000000001918,-17.475459284319236,-16.868867256884204,-5.000001874816003,-2.500000553521315,nan,upper,0.1
602,phase2,upper,-15.0,2,-15.00000000000164,-17.475459284319236,-16.868867256884204,-5.000001874816003,-2.500000553521315,nan,upper,0.1
603,phase2,upper,-15.0,2,-15.000000000001402,-17.475459284319236,-16.868867256884204,-5.000001874816003,-2.500000553521315,nan,upper,0.1
604,phase2,upper,-15.0,2,-15.000000000001197,-17.475459284319236,-16.868867256884204,-5.000001874816003,-2.500000553521315,nan,upper,0.1
605,phase2,upper,-15.0,2,-15.000000000001023,-17.475459284319236,-16.868867256884204,-5.000001874816003,-2.500000553521315,nan,upper,0.1
606,phase2,upper,-15.0,2,-15.000000000000874,-17.475459284319236,-16.868867256884204,-5.000001874816003,-2.500000553521315,nan,upper,0.1
607,phase2,upper,-15.0,2,-15.000000000000746,-17.475459284319236,-16.868867256884204,-5.000001874816003,-2.500000553521315,nan,upper,0.1
608,phase2,upper,-15.0,2,-15.000000000000638,-17.475459284319236,-16.868867256884204,-5.000001874816003,-2.500000553521315,nan,upper,0.1
609,phase2,upper,-15.0,2,-15.000000000000545,-17.475459284319236,-16.868867256884204,-5.000001874816003,-2.500000553521315,nan,upper,0.1
610,phase2,upper,-15.0,2,-15.000000000000465,-17.475459284319236,-16.868867256884204,-5.000001874816003,-2.500000553521315,nan,upper,0.1
611,phase2,upper,-15.0,2,-15.000000000000398,-17.475459284319236,-16.868867256884204,-5.000001874816003,-2.500000553521315,nan,upper,0.1
612,phase2,upper,-15.0,2,-15.00000000000034,-17.475459284319236,-16.868867256884204,-5.000001874816003,-2.500000553521315,nan,upper,0.1
613,phase2,upper,-15.0,2,-15.00000000000029,-17.475459284319236,-16.868867256884204,-5.000001874816003,-2.500000553521315,nan,upper,0.1
614,phase2,lower,-20.0,4,-15.00000000000029,-17.75947048020398,-16.963537449573973,-5.0000016766218,-2.500000470493118,nan,upper,0.1
615,phase2,upper,-15.0,2,-15.000000000000247,-17.75947048020398,-16.963537449573973,-5.0000016766218,-2.500000470493118,nan,upper,0.1
616,phase2,upper,-15.0,2,-15.000000000000211,-17.75947048020398,-16.963537449573973,-5.0000016766218,-2.500000470493118,nan,upper,0.1
617,phase2,upper,-15.0,2,-15.000000000000181,-17.75947048020398,-16.963537449573973,-5.0000016766218,-2.500000470493118,nan,upper,0.1
618,phase2,upper,-15.0,2,-15.000000000000155,-17.75947048020398,-16.963537449573973,-5.0000016766218,-2.500000470493118,nan,upper,0.1
619,phase2,upper,-15.0,2,-15.000000000000131,-17.75947048020398,-16.963537449573973,-5.0000016766218,-2.500000470493118,nan,upper,0.1
620,phase2,lower,-20.0,4,-15.000000000000131,-18.01508052560948,-17.044007083631147,-5.000001495702497,-2.5000003999191502,nan,upper,0.1
621,phase2,upper,-15.0,2,-15.000000000000112,-18.01508052560948,-17.044007083631147,-5.000001495702497,-2.5000003999191502,nan,upper,0.1
622,phase2,upper,-15.0,2,-15.000000000000096,-18.01508052560948,-17.044007083631147,-5.000001495702497,-2.5000003999191502,nan,upper,0.1
623,phase2,upper,-15.0,2,-15.000000000000082,-18.01508052560948,-17.044007083631147,-5.000001495702497,-2.5000003999191502,nan,upper,0.1
624,phase2,upper,-15.0,2,-15.00000000000007,-18.01508052560948,-17.044007083631147,-5.000001495702497,-2.5000003999191502,nan,upper,0.1
625,phase2,upper,-15.0,2,-15.000000000000059,-18.01508052560948,-17.044007083631147,-5.000001495702497,-2.5000003999191502,nan,upper,0.1
626,phase2,upper,-15.0,2,-15.00000000000005,-18.01508052560948,-17.044007083631147,-5.000001495702497,-2.5000003999191502,nan,upper,0.1
627,phase2,upper,-15.0,2,-15.000000000000043,-18.01508052560948,-17.044007083631147,-5.000001495702497,-2.5000003999191502,nan,upper,0.1
628,phase2,upper,-15.0,2,-15.000000000000037,-18.01508052560948,-17.044007083631147,-5.000001495702497,-2.5000003999191502,nan,upper,0.1
629,phase2,upper,-15.0,2,-15.000000000000032,-18.01508052560948,-17.044007083631147,-5.000001495702497,-2.5000003999191502,nan,upper,0.1
630,phase2,upper,-15.0,2,-15.000000000000027,-18.01508052560948,-17.044007083631147,-5.000001495702497,-2.5000003999191502,nan,upper,0.1
631,phase2,upper,-15.0,2,-15.000000000000023,-18.01508052560948,-17.044007083631147,-5.000001495702497,-2.5000003999191502,nan,upper,0.1
632,phase2,upper,-15.0,2,-15.00000000000002,-18.01508052560948,-17.044007083631147,-5.000001495702497,-2.5000003999191502,nan,upper,0.1
633,phase2,upper,-15.0,2,-15.000000000000018,-18.01508052560948,-17.044007083631147,-5.000001495702497,-2.5000003999191502,nan,upper,0.1
634,phase2,upper,-15.0,2,-15.000000000000016,-18.01508052560948,-17.044007083631147,-5.000001495702497,-2.5000003999191502,nan,upper,0.1
635,phase2,upper,-15.0,2,-15.000000000000014,-18.01508052560948,-17.044007083631147,-5.000001495702497,-2.5000003999191502,nan,upper,0.1
636,phase2,upper,-15.0,2,-15.000000000000012,-18.01508052560948,-17.044007083631147,-5.000001495702497,-2.5000003999191502,nan,upper,0.1
637,phase2,upper,-15.0,2,-15.00000000000001,-18.01508052560948,-17.044007083631147,-5.000001495702497,-2.5000003999191502,nan,upper,0.1
638,phase2,upper,-15.0,2,-15.000000000000009,-18.01508052560948,-17.044007083631147,-5.000001495702497,-2.5000003999191502,nan,upper,0.1
639,phase2,upper,-15.0,2,-15.000000000000007,-18.01508052560948,-17.044007083631147,-5.000001495702497,-2.5000003999191502,nan,upper,0.1
640,phase2,upper,-15.0,2,-15.000000000000007,-18.01508052560948,-17.044007083631147,-5.000001495702497,-2.5000003999191502,nan,upper,0.1
641,phase2,upper,-15.0,2,-15.000000000000007,-18.01508052560948,-17.044007083631147,-5.000001495702497,-2.5000003999191502,nan,upper,0.1
642,phase2,lower,-20.0,4,-15.000000000000007,-18.24441950931273,-17.11240624544185,-5.000001331334995,-2.500000339931278,nan,upper,0.1
643,phase2,upper,-15.0,2,-15.000000000000007,-18.24441950931273,-17.11240624544185,-5.000001331334995,-2.500000339931278,nan,upper,0.1
644,phase2,upper,-15.0,2,-15.000000000000007,-18.24441950931273,-17.11240624544185,-5.000001331334995,-2.500000339931278,nan,upper,0.1
645,phase2,upper,-15.0,2,-15.000000000000007,-18.24441950931273,-17.11240624544185,-5.000001331334995,-2.500000339931278,nan,upper,0.1
646,phase2,upper,-15.0,2,-15.000000000000007,-18.24441950931273,-17.11240624544185,-5.000001331334995,-2.500000339931278,nan,upper,0.1
647,phase2,upper,-15.0,2,-15.000000000000007,-18.24441950931273,-17.11240624544185,-5.000001331334995,-2.500000339931278,nan,upper,0.1
648,phase2,upper,-15.0,2,-15.000000000000007,-18.24441950931273,-17.11240624544185,-5.000001331334995,-2.500000339931278,nan,upper,0.1
649,phase2,upper,-15.0,2,-15.000000000000007,-18.24441950931273,-17.11240624544185,-5.000001331334995,-2.500000339931278,nan,upper,0.1
650,phase2,upper,-15.0,2,-15.000000000000007,-18.24441950931273,-17.11240624544185,-5.000001331334995,-2.500000339931278,nan,upper,0.1
651,phase2,upper,-15.0,2,-15.000000000000007,-18.24441950931273,-17.11240624544185,-5.000001331334995,-2.500000339931278,nan,upper,0.1
652,phase2,upper,-15.0,2,-15.000000000000007,-18.24441950931273,-17.11240624544185,-5.000001331334995,-2.500000339931278,nan,upper,0.1
653,phase2,upper,-15.0,2,-15.000000000000007,-18.24441950931273,-17.11240624544185,-5.000001331334995,-2.500000339931278,nan,upper,0.1
654,phase2,upper,-15.0,2,-15.000000000000007,-18.24441950931273,-17.11240624544185,-5.000001331334995,-2.500000339931278,nan,upper,0.1
655,phase2,upper,-15.0,2,-15.000000000000007,-18.24441950931273,-17.11240624544185,-5.000001331334995,-2.500000339931278,nan,upper,0.1
656,phase2,upper,-15.0,2,-15.000000000000007,-18.24441950931273,-17.11240624544185,-5.000001331334995,-2.500000339931278,nan,upper,0.1
657,phase2,upper,-15.0,2,-15.000000000000007,-18.24441950931273,-17.11240624544185,-5.000001331334995,-2.500000339931278,nan,upper,0.1
658,phase2,upper,-15.0,2,-15.000000000000007,-18.24441950931273,-17.11240624544185,-5.000001331334995,-2.500000339931278,nan,upper,0.1
659,phase2,upper,-15.0,2,-15.000000000000007,-18.24441950931273,-17.11240624544185,-5.000001331334995,-2.500000339931278,nan,upper,0.1
660,phase2,upper,-15.0,2,-15.000000000000007,-18.24441950931273,-17.11240624544185,-5.000001331334995,-2.500000339931278,nan,upper,0.1
661,phase2,upper,-15.0,2,-15.000000000000007,-18.24441950931273,-17.11240624544185,-5.000001331334995,-2.500000339931278,nan,upper,0.1
662,phase2,upper,-15.0,2,-15.000000000000007,-18.24441950931273,-17.11240624544185,-5.000001331334995,-2.500000339931278,nan,upper,0.1
663,phase2,upper,-15.0,2,-15.000000000000007,-18.24441950931273,-17.11240624544185,-5.000001331334995,-2.500000339931278,nan,upper,0.1
664,phase2,upper,-15.0,2,-15.000000000000007,-18.24441950931273,-17.11240624544185,-5.000001331334995,-2.500000339931278,nan,upper,0.1
665,phase2,upper,-15.0,2,-15.000000000000007,-18.24441950931273,-17.11240624544185,-5.000001331334995,-2.500000339931278,nan,upper,0.1
666,phase2,upper,-15.0,2,-15.000000000000007,-18.24441950931273,-17.11240624544185,-5.000001331334995,-2.500000339931278,nan,upper,0.1
667,phase2,upper,-15.0,2,-15.000000000000007,-18.24441950931273,-17.11240624544185,-5.000001331334995,-2.500000339931278,nan,upper,0.1
668,phase2,upper,-15.0,2,-15.000000000000007,-18.24441950931273,-17.11240624544185,-5.000001331334995,-2.500000339931278,nan,upper,0.1
669,phase2,lower,-20.0,4,-15.000000000000007,-18.4496175197321,-17.170545508325823,-5.0000011826244375,-2.500000288941586,nan,upper,0.1
670,phase2,upper,-15.0,2,-15.000000000000007,-18.4496175197321,-17.170545508325823,-5.0000011826244375,-2.500000288941586,nan,upper,0.1
671,phase2,upper,-15.0,2,-15.000000000000007,-18.4496175197321,-17.170545508325823,-5.0000011826244375,-2.500000288941586,nan,upper,0.1
672,phase2,upper,-15.0,2,-15.000000000000007,-18.4496175197321,-17.170545508325823,-5.0000011826244375,-2.500000288941586,nan,upper,0.1
673,phase2,upper,-15.0,2,-15.000000000000007,-18.4496175197321,-17.170545508325823,-5.0000011826244375,-2.500000288941586,nan,upper,0.1
674,phase2,upper,-15.0,2,-15.000000000000007,-18.4496175197321,-17.170545508325823,-5.0000011826244375,-2.500000288941586,nan,upper,0.1
675,phase2,upper,-15.0,2,-15.000000000000007,-18.4496175197321,-17.170545508325823,-5.0000011826244375,-2.500000288941586,nan,upper,0.1
676,phase2,upper,-15.0,2,-15.000000000000007,-18.4496175197321,-17.170545508325823,-5.0000011826244375,-2.500000288941586,nan,upper,0.1
677,phase2,upper,-15.0,2,-15.000000000000007,-18.4496175197321,-17.170545508325823,-5.0000011826244375,-2.500000288941586,nan,upper,0.1
678,phase2,upper,-15.0,2,-15.000000000000007,-18.4496175197321,-17.170545508325823,-5.0000011826244375,-2.500000288941586,nan,upper,0.1
679,phase2,upper,-15.0,2,-15.000000000000007,-18.4496175197321,-17.170545508325823,-5.0000011826244375,-2.500000288941586,nan,upper,0.1
680,phase2,upper,-15.0,2,-15.000000000000007,-18.4496175197321,-17.170545508325823,-5.0000011826244375,-2.500000288941586,nan,upper,0.1
681,phase2,upper,-15.0,2,-15.000000000000007,-18.4496175197321,-17.170545508325823,-5.0000011826244375,-2.500000288941586,nan,upper,0.1
682,phase2,upper,-15.0,2,-15.000000000000007,-18.4496175197321,-17.170545508325823,-5.0000011826244375,-2.500000288941586,nan,upper,0.1
683,phase2,upper,-15.0,2,-15.000000000000007,-18.4496175197321,-17.170545508325823,-5.0000011826244375,-2.500000288941586,nan,upper,0.1
684,phase2,upper,-15.0,2,-15.000000000000007,-18.4496175197321,-17.170545508325823,-5.0000011826244375,-2.500000288941586,nan,upper,0.1
685,phase2,upper,-15.0,2,-15.000000000000007,-18.4496175197321,-17.170545508325823,-5.0000011826244375,-2.500000288941586,nan,upper,0.1
686,phase2,upper,-15.0,2,-15.000000000000007,-18.4496175197321,-17.170545508325823,-5.0000011826244375,-2.500000288941586,nan,upper,0.1
687,phase2,upper,-15.0,2,-15.000000000000007,-18.4496175197321,-17.170545508325823,-5.0000011826244375,-2.500000288941586,nan,upper,0.1
688,phase2,upper,-15.0,2,-15.000000000000007,-18.4496175197321,-17.170545508325823,-5.0000011826244375,-2.500000288941586,nan,upper,0.1
689,phase2,upper,-15.0,2,-15.000000000000007,-18.4496175197321,-17.170545508325823,-5.0000011826244375,-2.500000288941586,nan,upper,0.1
690,phase2,upper,-15.0,2,-15.000000000000007,-18.4496175197321,-17.170545508325823,-5.0000011826244375,-2.500000288941586,nan,upper,0.1
691,phase2,upper,-15.0,2,-15.000000000000007,-18.4496175197321,-17.170545508325823,-5.0000011826244375,-2.500000288941586,nan,upper,0.1
692,phase2,upper,-15.0,2,-15.000000000000007,-18.4496175197321,-17.170545508325823,-5.0000011826244375,-2.500000288941586,nan,upper,0.1
693,phase2,upper,-15.0,2,-15.000000000000007,-18.4496175197321,-17.170545508325823,-5.0000011826244375,-2.500000288941586,nan,upper,0.1
694,phase2,upper,-15.0,2,-15.000000000000007,-18.4496175197321,-17.170545508325823,-5.0000011826244375,-2.500000288941586,nan,upper,0.1
695,phase2,upper,-15.0,2,-15.000000000000007,-18.4496175197321,-17.170545508325823,-5.0000011826244375,-2.500000288941586,nan,upper,0.1
696,phase2,upper,-15.0,2,-15.000000000000007,-18.4496175197321,-17.170545508325823,-5.0000011826244375,-2.500000288941586,nan,upper,0.1
697,phase2,upper,-15.0,2,-15.000000000000007,-18.4496175197321,-17.170545508325823,-5.0000011826244375,-2.500000288941586,nan,upper,0.1
698,phase2,upper,-15.0,2,-15.000000000000007,-18.4496175197321,-17.170545508325823,-5.0000011826244375,-2.500000288941586,nan,upper,0.1
699,phase2,upper,-15.0,2,-15.000000000000007,-18.4496175197321,-17.170545508325823,-5.0000011826244375,-2.500000288941586,nan,upper,0.1
700,phase2,upper,-15.0,2,-15.000000000000007,-18.4496175197321,-17.170545508325823,-5.0000011826244375,-2.500000288941586,nan,upper,0.1
701,phase2,upper,-15.0,2,-15.000000000000007,-18.4496175197321,-17.170545508325823,-5.0000011826244375,-2.500000288941586,nan,upper,0.1
702,phase2,upper,-15.0,2,-15.000000000000007,-18.4496175197321,-17.170545508325823,-5.0000011826244375,-2.500000288941586,nan,upper,0.1
703,phase2,upper,-15.0,2,-15.000000000000007,-18.4496175197321,-17.170545508325823,-5.0000011826244375,-2.500000288941586,nan,upper,0.1
704,phase2,upper,-15.0,2,-15.000000000000007,-18.4496175197321,-17.170545508325823,-5.0000011826244375,-2.500000288941586,nan,upper,0.1
705,phase2,upper,-15.0,2,-15.000000000000007,-18.4496175197321,-17.170545508325823,-5.0000011826244375,-2.500000288941586,nan,upper,0.1
706,phase2,upper,-15.0,2,-15.000000000000007,-18.4496175197321,-17.170545508325823,-5.0000011826244375,-2.500000288941586,nan,upper,0.1
707,phase2,upper,-15.0,2,-15.000000000000007,-18.4496175197321,-17.170545508325823,-5.0000011826244375,-2.500000288941586,nan,upper,0.1
708,phase2,upper,-15.0,2,-15.000000000000007,-18.4496175197321,-17.170545508325823,-5.0000011826244375,-2.500000288941586,nan,upper,0.1
709,phase2,upper,-15.0,2,-15.000000000000007,-18.4496175197321,-17.170545508325823,-5.0000011826244375,-2.500000288941586,nan,upper,0.1
710,phase2,upper,-15.0,2,-15.000000000000007,-18.4496175197321,-17.170545508325823,-5.0000011826244375,-2.500000288941586,nan,upper,0.1
711,phase2,upper,-15.0,2,-15.000000000000007,-18.4496175197321,-17.170545508325823,-5.0000011826244375,-2.500000288941586,nan,upper,0.1
712,phase2,upper,-15.0,2,-15.000000000000007,-18.4496175197321,-17.170545508325823,-5.0000011826244375,-2.500000288941586,nan,upper,0.1
713,phase2,upper,-15.0,2,-15.000000000000007,-18.4496175197321,-17.170545508325823,-5.0000011826244375,-2.500000288941586,nan,upper,0.1
714,phase2,upper,-15.0,2,-15.000000000000007,-18.4496175197321,-17.170545508325823,-5.0000011826244375,-2.500000288941586,nan,upper,0.1
715,phase2,upper,-15.0,2,-15.000000000000007,-18.4496175197321,-17.170545508325823,-5.0000011826244375,-2.500000288941586,nan,upper,0.1
716,phase2,upper,-15.0,2,-15.000000000000007,-18.4496175197321,-17.170545508325823,-5.0000011826244375,-2.500000288941586,nan,upper,0.1
717,phase2,upper,-15.0,2,-15.000000000000007,-18.4496175197321,-17.170545508325823,-5.0000011826244375,-2.500000288941586,nan,upper,0.1
718,phase2,upper,-15.0,2,-15.000000000000007,-18.4496175197321,-17.170545508325823,-5.0000011826244375,-2.500000288941586,nan,upper,0.1
719,phase2,upper,-15.0,2,-15.000000000000007,-18.4496175197321,-17.170545508325823,-5.0000011826244375,-2.500000288941586,nan,upper,0.1
720,phase2,upper,-15.0,2,-15.000000000000007,-18.4496175197321,-17.170545508325823,-5.0000011826244375,-2.500000288941586,nan,upper,0.1
721,phase2,upper,-15.0,2,-15.000000000000007,-18.4496175197321,-17.170545508325823,-5.0000011826244375,-2.500000288941586,nan,upper,0.1
722,phase2,upper,-15.0,2,-15.000000000000007,-18.4496175197321,-17.170545508325823,-5.0000011826244375,-2.500000288941586,nan,upper,0.1
723,phase2,upper,-15.0,2,-15.000000000000007,-18.4496175197321,-17.170545508325823,-5.0000011826244375,-2.500000288941586,nan,upper,0.1
724,phase2,upper,-15.0,2,-15.000000000000007,-18.4496175197321,-17.170545508325823,-5.0000011826244375,-2.500000288941586,nan,upper,0.1
725,phase2,upper,-15.0,2,-15.000000000000007,-18.4496175197321,-17.170545508325823,-5.0000011826244375,-2.500000288941586,nan,upper,0.1
726,phase2,upper,-15.0,2,-15.000000000000007,-18.4496175197321,-17.170545508325823,-5.0000011826244375,-2.500000288941586,nan,upper,0.1
727,phase2,upper,-15.0,2,-15.000000000000007,-18.4496175197321,-17.170545508325823,-5.0000011826244375,-2.500000288941586,nan,upper,0.1
728,phase2,upper,-15.0,2,-15.000000000000007,-18.4496175197321,-17.170545508325823,-5.0000011826244375,-2.500000288941586,nan,upper,0.1
729,phase2,upper,-15.0,2,-15.000000000000007,-18.4496175197321,-17.170545508325823,-5.0000011826244375,-2.500000288941586,nan,upper,0.1
730,phase2,upper,-15.0,2,-15.000000000000007,-18.4496175197321,-17.170545508325823,-5.0000011826244375,-2.500000288941586,nan,upper,0.1
731,phase2,upper,-15.0,2,-15.000000000000007,-18.4496175197321,-17.170545508325823,-5.0000011826244375,-2.500000288941586,nan,upper,0.1
732,phase2,lower,-20.0,4,-15.000000000000007,-18.63275671802116,-17.219963859470614,-5.00000104857201,-2.500000245600348,nan,upper,0.1
733,phase2,upper,-15.0,2,-15.000000000000007,-18.63275671802116,-17.219963859470614,-5.00000104857201,-2.500000245600348,nan,upper,0.1
734,phase2,upper,-15.0,2,-15.000000000000007,-18.63275671802116,-17.219963859470614,-5.00000104857201,-2.500000245600348,nan,upper,0.1
735,phase2,upper,-15.0,2,-15.000000000000007,-18.63275671802116,-17.219963859470614,-5.00000104857201,-2.500000245600348,nan,upper,0.1
736,phase2,upper,-15.0,2,-15.000000000000007,-18.63275671802116,-17.219963859470614,-5.00000104857201,-2.500000245600348,nan,upper,0.1
737,phase2,upper,-15.0,2,-15.000000000000007,-18.63275671802116,-17.219963859470614,-5.00000104857201,-2.500000245600348,nan,upper,0.1
738,phase2,upper,-15.0,2,-15.000000000000007,-18.63275671802116,-17.219963859470614,-5.00000104857201,-2.500000245600348,nan,upper,0.1
739,phase2,upper,-15.0,2,-15.000000000000007,-18.63275671802116,-17.219963859470614,-5.00000104857201,-2.500000245600348,nan,upper,0.1
740,phase2,upper,-15.0,2,-15.000000000000007,-18.63275671802116,-17.219963859470614,-5.00000104857201,-2.500000245600348,nan,upper,0.1
741,phase2,upper,-15.0,2,-15.000000000000007,-18.63275671802116,-17.219963859470614,-5.00000104857201,-2.500000245600348,nan,upper,0.1
742,phase2,lower,-20.0,4,-15.000000000000007,-18.79583778923858,-17.261969437835823,-5.00000092812626,-2.5000002087602957,nan,upper,0.1
743,phase2,upper,-15.0,2,-15.000000000000007,-18.79583778923858,-17.261969437835823,-5.00000092812626,-2.5000002087602957,nan,upper,0.1
744,phase2,upper,-15.0,2,-15.000000000000007,-18.79583778923858,-17.261969437835823,-5.00000092812626,-2.5000002087602957,nan,upper,0.1
745,phase2,upper,-15.0,2,-15.000000000000007,-18.79583778923858,-17.261969437835823,-5.00000092812626,-2.5000002087602957,nan,upper,0.1
746,phase2,upper,-15.0,2,-15.000000000000007,-18.79583778923858,-17.261969437835823,-5.00000092812626,-2.5000002087602957,nan,upper,0.1
747,phase2,upper,-15.0,2,-15.000000000000007,-18.79583778923858,-17.261969437835823,-5.00000092812626,-2.5000002087602957,nan,upper,0.1
748,phase2,upper,-15.0,2,-15.000000000000007,-18.79583778923858,-17.261969437835823,-5.00000092812626,-2.5000002087602957,nan,upper,0.1
749,phase2,upper,-15.0,2,-15.000000000000007,-18.79583778923858,-17.261969437835823,-5.00000092812626,-2.5000002087602957,nan,upper,0.1
750,phase2,upper,-15.0,2,-15.000000000000007,-18.79583778923858,-17.261969437835823,-5.00000092812626,-2.5000002087602957,nan,upper,0.1
751,phase2,upper,-15.0,2,-15.000000000000007,-18.79583778923858,-17.261969437835823,-5.00000092812626,-2.5000002087602957,nan,upper,0.1
752,phase2,upper,-15.0,2,-15.000000000000007,-18.79583778923858,-17.261969437835823,-5.00000092812626,-2.5000002087602957,nan,upper,0.1
753,phase2,upper,-15.0,2,-15.000000000000007,-18.79583778923858,-17.261969437835823,-5.00000092812626,-2.5000002087602957,nan,upper,0.1
754,phase2,upper,-15.0,2,-15.000000000000007,-18.79583778923858,-17.261969437835823,-5.00000092812626,-2.5000002087602957,nan,upper,0.1
755,phase2,upper,-15.0,2,-15.000000000000007,-18.79583778923858,-17.261969437835823,-5.00000092812626,-2.5000002087602957,nan,upper,0.1
756,phase2,upper,-15.0,2,-15.000000000000007,-18.79583778923858,-17.261969437835823,-5.00000092812626,-2.5000002087602957,nan,upper,0.1
757,phase2,upper,-15.0,2,-15.000000000000007,-18.79583778923858,-17.261969437835823,-5.00000092812626,-2.5000002087602957,nan,upper,0.1
758,phase2,upper,-15.0,2,-15.000000000000007,-18.79583778923858,-17.261969437835823,-5.00000092812626,-2.5000002087602957,nan,upper,0.1
759,phase2,upper,-15.0,2,-15.000000000000007,-18.79583778923858,-17.261969437835823,-5.00000092812626,-2.5000002087602957,nan,upper,0.1
760,phase2,upper,-15.0,2,-15.000000000000007,-18.79583778923858,-17.261969437835823,-5.00000092812626,-2.5000002087602957,nan,upper,0.1
761,phase2,upper,-15.0,2,-15.000000000000007,-18.79583778923858,-17.261969437835823,-5.00000092812626,-2.5000002087602957,nan,upper,0.1
762,phase2,upper,-15.0,2,-15.000000000000007,-18.79583778923858,-17.261969437835823,-5.00000092812626,-2.5000002087602957,nan,upper,0.1
763,phase2,upper,-15.0,2,-15.000000000000007,-18.79583778923858,-17.261969437835823,-5.00000092812626,-2.5000002087602957,nan,upper,0.1
764,phase2,upper,-15.0,2,-15.000000000000007,-18.79583778923858,-17.261969437835823,-5.00000092812626,-2.5000002087602957,nan,upper,0.1
765,phase2,upper,-15.0,2,-15.000000000000007,-18.79583778923858,-17.261969437835823,-5.00000092812626,-2.5000002087602957,nan,upper,0.1
766,phase2,upper,-15.0,2,-15.000000000000007,-18.79583778923858,-17.261969437835823,-5.00000092812626,-2.5000002087602957,nan,upper,0.1
767,phase2,lower,-20.0,4,-15.000000000000007,-18.940757536528167,-17.29767416137939,-5.0000008202213655,-2.5000001774462515,nan,upper,0.1
768,phase2,upper,-15.0,2,-15.000000000000007,-18.940757536528167,-17.29767416137939,-5.0000008202213655,-2.5000001774462515,nan,upper,0.1
769,phase2,upper,-15.0,2,-15.000000000000007,-18.940757536528167,-17.29767416137939,-5.0000008202213655,-2.5000001774462515,nan,upper,0.1
770,phase2,upper,-15.0,2,-15.000000000000007,-18.940757536528167,-17.29767416137939,-5.0000008202213655,-2.5000001774462515,nan,upper,0.1
771,phase2,upper,-15.0,2,-15.000000000000007,-18.940757536528167,-17.29767416137939,-5.0000008202213655,-2.5000001774462515,nan,upper,0.1
772,phase2,upper,-15.0,2,-15.000000000000007,-18.940757536528167,-17.29767416137939,-5.0000008202213655,-2.5000001774462515,nan,upper,0.1
773,phase2,upper,-15.0,2,-15.000000000000007,-18.940757536528167,-17.29767416137939,-5.0000008202213655,-2.5000001774462515,nan,upper,0.1
774,phase2,upper,-15.0,2,-15.000000000000007,-18.940757536528167,-17.29767416137939,-5.0000008202213655,-2.5000001774462515,nan,upper,0.1
775,phase2,upper,-15.0,2,-15.000000000000007,-18.940757536528167,-17.29767416137939,-5.0000008202213655,-2.5000001774462515,nan,upper,0.1
776,phase2,upper,-15.0,2,-15.000000000000007,-18.940757536528167,-17.29767416137939,-5.0000008202213655,-2.5000001774462515,nan,upper,0.1
777,phase2,upper,-15.0,2,-15.000000000000007,-18.940757536528167,-17.29767416137939,-5.0000008202213655,-2.5000001774462515,nan,upper,0.1
778,phase2,upper,-15.0,2,-15.000000000000007,-18.940757536528167,-17.29767416137939,-5.0000008202213655,-2.5000001774462515,nan,upper,0.1
779,phase2,upper,-15.0,2,-15.000000000000007,-18.940757536528167,-17.29767416137939,-5.0000008202213655,-2.5000001774462515,nan,upper,0.1
780,phase2,upper,-15.0,2,-15.000000000000007,-18.940757536528167,-17.29767416137939,-5.0000008202213655,-2.5000001774462515,nan,upper,0.1
781,phase2,upper,-15.0,2,-15.000000000000007,-18.940757536528167,-17.29767416137939,-5.0000008202213655,-2.5000001774462515,nan,upper,0.1
782,phase2,upper,-15.0,2,-15.000000000000007,-18.940757536528167,-17.29767416137939,-5.0000008202213655,-2.5000001774462515,nan,upper,0.1
783,phase2,upper,-15.0,2,-15.000000000000007,-18.940757536528167,-17.29767416137939,-5.0000008202213655,-2.5000001774462515,nan,upper,0.1
784,phase2,upper,-15.0,2,-15.000000000000007,-18.940757536528167,-17.29767416137939,-5.0000008202213655,-2.5000001774462515,nan,upper,0.1
785,phase2,upper,-15.0,2,-15.000000000000007,-18.940757536528167,-17.29767416137939,-5.0000008202213655,-2.5000001774462515,nan,upper,0.1
786,phase2,upper,-15.0,2,-15.000000000000007,-18.940757536528167,-17.29767416137939,-5.0000008202213655,-2.5000001774462515,nan,upper,0.1
787,phase2,upper,-15.0,2,-15.000000000000007,-18.940757536528167,-17.29767416137939,-5.0000008202213655,-2.5000001774462515,nan,upper,0.1
788,phase2,upper,-15.0,2,-15.000000000000007,-18.940757536528167,-17.29767416137939,-5.0000008202213655,-2.5000001774462515,nan,upper,0.1
789,phase2,upper,-15.0,2,-15.000000000000007,-18.940757536528167,-17.29767416137939,-5.0000008202213655,-2.5000001774462515,nan,upper,0.1
790,phase2,upper,-15.0,2,-15.000000000000007,-18.940757536528167,-17.29767416137939,-5.0000008202213655,-2.5000001774462515,nan,upper,0.1
791,phase2,upper,-15.0,2,-15.000000000000007,-18.940757536528167,-17.29767416137939,-5.0000008202213655,-2.5000001774462515,nan,upper,0.1
792,phase2,upper,-15.0,2,-15.000000000000007,-18.940757536528167,-17.29767416137939,-5.0000008202213655,-2.5000001774462515,nan,upper,0.1
793,phase2,upper,-15.0,2,-15.000000000000007,-18.940757536528167,-17.29767416137939,-5.0000008202213655,-2.5000001774462515,nan,upper,0.1
794,phase2,upper,-15.0,2,-15.000000000000007,-18.940757536528167,-17.29767416137939,-5.0000008202213655,-2.5000001774462515,nan,upper,0.1
795,phase2,lower,-20.0,4,-15.000000000000007,-19.06929503025585,-17.32802316020569,-5.0000007238050985,-2.500000150829314,nan,upper,0.1
796,phase2,upper,-15.0,2,-15.000000000000007,-19.06929503025585,-17.32802316020569,-5.0000007238050985,-2.500000150829314,nan,upper,0.1
797,phase2,upper,-15.0,2,-15.000000000000007,-19.06929503025585,-17.32802316020569,-5.0000007238050985,-2.500000150829314,nan,upper,0.1
798,phase2,upper,-15.0,2,-15.000000000000007,-19.06929503025585,-17.32802316020569,-5.0000007238050985,-2.500000150829314,nan,upper,0.1
799,phase2,upper,-15.0,2,-15.000000000000007,-19.06929503025585,-17.32802316020569,-5.0000007238050985,-2.500000150829314,nan,upper,0.1
