episode,phase,route,return,steps,q_start_right,q_start_down,q_shield_right,q_d1_right,q_d2_right,mood_M,greedy_route,epsilon
0,phase1,upper,-15.0,2,-1.25,0.0,0.0,0.0,0.0,-0.3375,lower,0.1
1,phase1,lower,-10.0,4,-1.25,-0.55375,-0.530125,-0.5135875000000001,-0.50201125,-0.27100875,lower,0.1
2,phase1,lower,-10.0,4,-1.25,-1.045295375,-1.0160688875,-0.9958017087500001,-0.932357849875,-0.239254559625,lower,0.1
3,phase1,lower,-10.0,4,-1.25,-1.5077018299125,-1.48148342702625,-1.458618989217125,-1.3083222471461124,-0.21751829514933751,upper,0.1
4,phase1,upper,-15.0,2,-2.6295164656344037,-1.5077018299125,-1.48148342702625,-1.458618989217125,-1.3083222471461124,-0.4125464646231754,lower,0.1
5,phase1,lower,-10.0,4,-2.6295164656344037,-2.126371807784733,-2.0558933590800095,-1.9891594382734477,-1.6978310966799806,-0.2460156125566561,lower,0.1
6,phase1,lower,-10.0,4,-2.6295164656344037,-2.590738014215251,-2.519806884795019,-2.43013563070929,-1.991758440405591,-0.19028430862796283,lower,0.1
7,phase1,lower,-10.0,4,-2.6295164656344037,-3.004900779038395,-2.9463037333277162,-2.8312015695774946,-2.2346789727558343,-0.16465553953623405,upper,0.1
8,phase1,upper,-15.0,2,-3.888294707247982,-3.004900779038395,-2.9463037333277162,-2.8312015695774946,-2.2346789727558343,-0.3518427773609355,lower,0.1
9,phase1,lower,-10.0,4,-3.888294707247982,-3.565699574092169,-3.472372346455895,-3.287246732126313,-2.498593160927755,-0.19259014172093958,lower,0.1
10,phase1,lower,-10.0,4,-3.888294707247982,-3.9796979788773874,-3.8901717391609494,-3.6513013513161674,-2.6799841818294157,-0.1410146895011731,upper,0.1
11,phase1,upper,-15.0,2,-5.052923551312826,-3.9796979788773874,-3.8901717391609494,-3.6513013513161674,-2.6799841818294157,-0.3090539505218945,lower,0.1
12,phase1,lower,-10.0,4,-5.052923551312826,-4.498893910375449,-4.376071480732921,-4.047070880145198,-2.873291072114726,-0.15894904779820218,lower,0.1
13,phase1,lower,-10.0,4,-5.052923551312826,-4.879665810429578,-4.7574931151866675,-4.353335069285046,-2.9933194290464566,-0.11119040661460551,lower,0.1
14,phase1,lower,-10.0,4,-5.052923551312826,-5.217519906858431,-5.101328603992148,-4.6178971433987925,-3.0801616105516936,-0.09111362500295933,upper,0.1
15,phase1,upper,-15.0,2,-6.100426290772381,-5.217519906858431,-5.101328603992148,-4.6178971433987925,-3.0801616105516936,-0.25616292678594504,lower,0.1
16,phase1,lower,-10.0,4,-6.100426290772381,-5.686447410679154,-5.528730936630569,-4.926592775766491,-3.196855020066338,-0.11848037323774911,lower,0.1
17,phase1,lower,-10.0,4,-6.100426290772381,-6.02730809918827,-5.856401410884632,-5.151380273091475,-3.2513994896822993,-0.07571766066002833,lower,0.1
18,phase1,lower,-10.0,4,-6.100426290772381,-6.3283633249519315,-6.146486942736936,-5.337257975972276,-3.2805731064172248,-0.058590788634207296,upper,0.1
19,phase1,upper,-15.0,2,-7.048637591598308,-6.3283633249519315,-6.146486942736936,-5.337257975972276,-3.2805731064172248,-0.21510353451262748,lower,0.1
20,phase1,lower,-10.0,4,-7.048637591598308,-6.753768867791797,-6.513668610483621,-5.565913502010329,-3.3435121133930075,-0.08624660939887623,lower,0.1
21,phase1,lower,-10.0,4,-7.048637591598308,-7.057380790519967,-6.784245756610263,-5.716330835101599,-3.3525162949281397,-0.04730438661165767,upper,0.1
22,phase1,upper,-15.0,2,-7.919186947150555,-7.057380790519967,-6.784245756610263,-5.716330835101599,-3.3525162949281397,-0.1872022350076052,lower,0.1
23,phase1,lower,-10.0,4,-7.919186947150555,-7.448549298635841,-7.105517026598626,-5.893259611700979,-3.385258834282351,-0.06619775358873094,lower,0.1
24,phase1,lower,-10.0,4,-7.919186947150555,-7.723824049661978,-7.334233998524757,-5.997188483148007,-3.3698271942960365,-0.03029331320413422,lower,0.1
25,phase1,lower,-10.0,4,-7.919186947150555,-7.962129026431977,-7.526595302924982,-6.069098224504168,-3.3386578292363795,-0.01731557090329991,upper,0.1
26,phase1,upper,-15.0,2,-8.697743028695676,-7.962129026431977,-7.526595302924982,-6.069098224504168,-3.3386578292363795,-0.15224153523220654,lower,0.1
27,phase1,lower,-10.0,4,-8.697743028695676,-8.305593035790263,-7.782498351744502,-6.180358693523147,-3.3425833116225427,-0.04312236036386488,lower,0.1
28,phase1,upper,-15.0,2,-9.43787166315175,-8.305593035790263,-7.782498351744502,-6.180358693523147,-3.3425833116225427,-0.14707899980584987,lower,0.1
29,phase1,lower,-10.0,4,-9.43787166315175,-8.635654667210952,-8.018320599330817,-6.273048733947025,-3.337732350178729,-0.03648378821011074,lower,0.1
30,phase1,lower,-10.0,4,-9.43787166315175,-8.856756669812038,-8.167610179532044,-6.301566491922558,-3.292640150245765,-0.004953279005123164,lower,0.1
31,phase1,lower,-10.0,4,-9.43787166315175,-9.04229997188865,-8.283019421306763,-6.30420020556439,-3.237103567462573,0.005324534986296141,lower,0.1
32,phase1,lower,-10.0,4,-9.43787166315175,-9.211579835342794,-8.378782467825447,-6.29211390059421,-3.1793179526755684,0.009727196611125553,lower,0.1
33,phase1,lower,-10.0,4,-9.43787166315175,-9.369545621641047,-8.459001948314347,-6.269214690535518,-3.121706936127429,0.012352266242942486,lower,0.1
34,phase1,lower,-10.0,4,-9.43787166315175,-9.517374214689728,-8.52515661562359,-6.23743303429567,-3.0651319165863393,0.01429901713920375,upper,0.1
35,phase1,upper,-15.0,2,-10.066851221586035,-9.517374214689728,-8.52515661562359,-6.23743303429567,-3.0651319165863393,-0.1020909510598766,lower,0.1
36,phase1,lower,-10.0,4,-10.066851221586035,-9.760034310737002,-8.651411681483735,-6.249453582623938,-3.0459420568189945,-0.012075300640079261,lower,0.1
37,phase1,lower,-10.0,4,-10.066851221586035,-9.910039818387746,-8.706390500011166,-6.213371801263618,-2.9963415997944836,0.012494234971045754,lower,0.1
38,phase1,lower,-10.0,4,-10.066851221586035,-10.028430075076146,-8.734218730508484,-6.160848346510972,-2.9407733201513557,0.019505674398918385,lower,0.1
39,phase1,lower,-10.0,4,-10.066851221586035,-10.131453833660354,-8.747149410934089,-6.101047246684826,-2.8857984443913813,0.0216990669616376,upper,0.1
40,phase1,upper,-15.0,2,-10.634138271433663,-10.131453833660354,-8.747149410934089,-6.101047246684826,-2.8857984443913813,-0.08454846163103723,lower,0.1
41,phase1,lower,-10.0,4,-10.634138271433663,-10.31911700685566,-8.815928505923106,-6.083950126010512,-2.8660063139788416,-0.0030387131333908177,lower,0.1
42,phase1,lower,-10.0,4,-10.634138271433663,-10.421532998582457,-8.821558967680703,-6.026072138373904,-2.8197626751526945,0.018480306308014303,lower,0.1
43,phase1,lower,-10.0,4,-10.634138271433663,-10.49490331981507,-8.804668392941627,-5.956323723394623,-2.76933382407044,0.023944889695569453,lower,0.1
44,phase1,lower,-10.0,4,-10.634138271433663,-10.554329426401713,-8.776612302453135,-5.882964290910781,-2.7205894045956467,0.025044154663695962,lower,0.1
45,phase1,lower,-10.0,4,-10.634138271433663,-10.60401797480953,-8.74097132151416,-5.808704980118306,-2.6750310666929003,0.024894991260344106,lower,0.1
46,phase1,lower,-10.0,4,-10.634138271433663,-10.645307817345683,-8.699258583241582,-5.7347261246649825,-2.632990739483577,0.024335436865257534,upper,0.1
47,phase1,upper,-15.0,2,-11.147450746610572,-10.645307817345683,-8.699258583241582,-5.7347261246649825,-2.632990739483577,-0.07088219464100626,lower,0.1
48,phase1,lower,-10.0,4,-11.147450746610572,-10.764496869112179,-8.712417790686946,-5.7037389270773895,-2.623875248786705,0.0007358241000184401,lower,0.1
49,phase1,lower,-10.0,4,-11.147450746610572,-10.80862671957964,-8.673180200025497,-5.640159436920518,-2.5919162189647236,0.018938539086176095,lower,0.1
50,phase1,lower,-10.0,4,-11.147450746610572,-10.828037382446668,-8.617789788062746,-5.569481719564528,-2.5568246532911565,0.02290188728445961,lower,0.1
51,phase1,lower,-10.0,4,-11.147450746610572,-10.836400924452262,-8.556354107175348,-5.498788283261436,-2.5237010363996317,0.02304785748060859,lower,0.1
52,phase1,lower,-10.0,4,-11.147450746610572,-10.837653170992022,-8.492016110504698,-5.430218291334098,-2.4937606900255895,0.022154553218494914,lower,0.1
53,phase1,lower,-10.0,4,-11.147450746610572,-10.833150367046644,-8.42604675942683,-5.364551291673075,-2.46718539811658,0.020967771850229376,lower,0.1
54,phase1,lower,-10.0,4,-11.147450746610572,-10.823569011619455,-8.359195718980075,-5.302163279118108,-2.4438819829393745,0.01969268722781194,lower,0.1
55,phase1,lower,-10.0,4,-11.147450746610572,-10.809408263850488,-8.292048003139094,-5.243284143325613,-2.4236844853263753,0.01839035895856242,lower,0.1
56,phase1,lower,-10.0,4,-11.147450746610572,-10.791120914716641,-8.225116963974644,-5.188069296082554,-2.4064084290175636,0.017083118385704497,lower,0.1
57,phase1,lower,-10.0,4,-11.147450746610572,-10.769145713095307,-8.158867725932407,-5.136621792465848,-2.3918657508679084,0.01578256917444823,lower,0.1
58,phase1,lower,-10.0,4,-11.147450746610572,-10.743913602122014,-8.093722608352449,-5.089001181139147,-2.379869257641138,0.014497019968243664,lower,0.1
59,phase1,lower,-10.0,4,-11.147450746610572,-10.715847184773637,-8.030062186219347,-5.045228714666346,-2.3702342780564787,0.01323345292299199,lower,0.1
60,phase1,lower,-10.0,4,-11.147450746610572,-10.685358577287515,-7.9682255687615955,-5.005291478061713,-2.3627795454018115,0.011998043224264695,lower,0.1
61,phase1,lower,-10.0,4,-11.147450746610572,-10.652847037533085,-7.908510801230121,-4.969146113423785,-2.357327848719457,0.010796296917078197,lower,0.1
62,phase1,lower,-10.0,4,-11.147450746610572,-10.618696746677418,-7.851175587011548,-4.936722318576024,-2.3537065928363647,0.009633090692475709,lower,0.1
63,phase1,lower,-10.0,4,-11.147450746610572,-10.583274849087603,-7.796438341720758,-4.907926164841232,-2.3517483021451793,0.008512688879851217,lower,0.1
64,phase1,lower,-10.0,4,-11.147450746610572,-10.546929778359052,-7.744479544339594,-4.882643244010632,-2.3512910754451717,0.00743875744195863,lower,0.1
65,phase1,lower,-10.0,4,-11.147450746610572,-10.509989873259343,-7.695443340799739,-4.860741645590332,-2.35217899225476,0.0064143799879400505,lower,0.1
66,phase1,lower,-10.0,4,-11.147450746610572,-10.472762278024236,-7.649439355509986,-4.842074763447953,-2.3542624696230483,0.005442076861381826,lower,0.1
67,phase1,lower,-10.0,4,-11.147450746610572,-10.435532116597567,-7.6065446689732275,-4.8264839309484,-2.3573985685455265,0.004523827289415732,lower,0.1
68,phase1,lower,-10.0,4,-11.147450746610572,-10.39856192727466,-7.566805922892556,-4.81380088418671,-2.361451249541114,0.0036610942840342555,lower,0.1
69,phase1,lower,-10.0,4,-11.147450746610572,-10.362091341980818,-7.530241517504712,-4.803850053615012,-2.3662915774765745,0.002854851905455354,lower,0.1
70,phase1,lower,-10.0,4,-11.147450746610572,-10.326336992818298,-7.49684386915445,-4.796450685103242,-2.371797876244631,0.0021056144787419667,lower,0.1
71,phase1,lower,-10.0,4,-11.147450746610572,-10.291492627421045,-7.466581699288798,-4.791418792225626,-2.3778558343867573,0.001413467357769451,lower,0.1
72,phase1,lower,-10.0,4,-11.147450746610572,-10.257729413985828,-7.439402329087516,-4.788568942304558,-2.384358563190405,0.0007780988431288433,lower,0.1
73,phase1,lower,-10.0,4,-11.147450746610572,-10.22519641653718,-7.415233956845794,-4.787715879455605,-2.3912066091790063,0.00019883287865770944,lower,0.1
74,phase1,lower,-10.0,4,-11.147450746610572,-10.19402122097725,-7.393987897981554,-4.788675988550755,-2.3983079232496043,-0.0003253378267953806,lower,0.1
75,phase1,lower,-10.0,4,-11.147450746610572,-10.164310692721797,-7.375560770148471,-4.7912686046430055,-2.4055777889971695,-0.000795718581142804,lower,0.1
76,phase1,lower,-10.0,4,-11.147450746610572,-10.136151847187493,-7.3598366083945645,-4.795317172967422,-2.412938712997315,-0.0012138796966448713,lower,0.1
77,phase1,lower,-10.0,4,-11.147450746610572,-10.109612815035181,-7.346688897613327,-4.8006502651469125,-2.4203202800019414,-0.0015816239579145015,lower,0.1
78,phase1,lower,-10.0,4,-11.147450746610572,-10.084743884855119,-7.335982511689782,-4.80710245768199,-2.427658976137535,-0.0019009548166654664,lower,0.1
79,phase1,lower,-10.0,4,-11.147450746610572,-10.061578606873583,-7.327575550748038,-4.814515079190659,-2.434897983286261,-0.0021740455311359133,lower,0.1
80,phase1,lower,-10.0,4,-11.147450746610572,-10.040134942239051,-7.3213210697615265,-4.822736833186627,-2.4419869478787026,-0.002403209440020197,lower,0.1
81,phase1,lower,-10.0,4,-11.147450746610572,-10.020416443487317,-7.317068693494356,-4.8316243034415365,-2.4488817273375094,-0.002590871533276614,lower,0.1
82,phase1,lower,-10.0,4,-11.147450746610572,-10.00241345286797,-7.314666114305228,-4.8410423491710155,-2.455544117386867,-0.002739541455625848,lower,0.1
83,phase1,lower,-10.0,4,-11.147450746610572,-9.986104306321758,-7.3139604707676575,-4.850864397417072,-2.4619415633871387,-0.0028517880531391112,lower,0.1
84,phase1,lower,-10.0,4,-11.147450746610572,-9.971456532014173,-7.314799606346115,-4.860972640073075,-2.4680468587709137,-0.0029302155492106456,lower,0.1
85,phase1,upper,-15.0,2,-11.637025897316,-9.971456532014173,-7.314799606346115,-4.860972640073075,-2.4680468587709137,-0.07318786711679348,lower,0.1
86,phase1,lower,-10.0,4,-11.637025897316,-10.021659919852482,-7.361295529009353,-4.902241767356866,-2.495526370588469,-0.019846303554931298,lower,0.1
87,phase1,lower,-10.0,4,-11.637025897316,-10.023485153967606,-7.373563485530946,-4.918397108996198,-2.5032712347381962,-0.00581004315568125,lower,0.1
88,phase1,lower,-10.0,4,-11.637025897316,-10.013722025964054,-7.37765929001776,-4.927823738902163,-2.5058931647916456,-0.002195571256841126,lower,0.1
89,phase1,lower,-10.0,4,-11.637025897316,-10.002091766500582,-7.380385250927461,-4.935381782825872,-2.50723749374583,-0.0013271515044106842,lower,0.1
90,phase1,lower,-10.0,4,-11.637025897316,-9.99111555129724,-7.383434933644606,-4.942337280948238,-2.508292797487345,-0.0011665831668124496,lower,0.1
91,phase1,lower,-10.0,4,-11.637025897316,-9.981397414382107,-7.38715273909344,-4.949002495482277,-2.509293080701256,-0.0011742094907703443,lower,0.1
92,phase1,lower,-10.0,4,-11.637025897316,-9.973029735394933,-7.391532860478716,-4.955438099449148,-2.5102762002435237,-0.0012086512774903738,lower,0.1
93,phase1,lower,-10.0,4,-11.637025897316,-9.965967834053052,-7.396484419057839,-4.961640075258243,-2.5112319249513804,-0.0012343154510791098,lower,0.1
94,phase1,lower,-10.0,4,-11.637025897316,-9.960130376459501,-7.401901551207189,-4.967589559515485,-2.512140921899506,-0.0012436340406637492,lower,0.1
95,phase1,lower,-10.0,4,-11.637025897316,-9.955426764570866,-7.407681663201824,-4.9732661897928745,-2.512984762321216,-0.001236386596528295,lower,0.1
96,phase1,lower,-10.0,4,-11.637025897316,-9.951765002370838,-7.413729921679778,-4.978651693336861,-2.513748239951166,-0.0012141990230861233,lower,0.1
97,phase1,lower,-10.0,4,-11.637025897316,-9.949054273422508,-7.419960097051372,-4.983730834577153,-2.5144196633198383,-0.0011790785288565185,lower,0.1
98,phase1,lower,-10.0,4,-11.637025897316,-9.947206026461366,-7.426294447515109,-4.988491621062429,-2.514990627891612,-0.001133023025549694,lower,0.1
99,phase1,lower,-10.0,4,-11.637025897316,-9.946134589289736,-7.4326633567443885,-4.992925279743308,-2.5154556688854113,-0.0010779174388875661,lower,0.1
100,phase1,upper,-15.0,2,-12.079140089925177,-9.946134589289736,-7.4326633567443885,-4.992925279743308,-2.5154556688854113,-0.06171443660329881,lower,0.1
101,phase1,lower,-10.0,4,-12.079140089925177,-10.000330458978171,-7.477205920825634,-5.023766850825437,-2.53453039502125,-0.015574335619066362,lower,0.1
102,phase1,lower,-10.0,4,-12.079140089925177,-10.012034907220077,-7.491049482735507,-5.0325315785919384,-2.5367498325552558,-0.0033760147330198936,lower,0.1
103,phase1,upper,-15.0,2,-12.480605283778912,-10.012034907220077,-7.491049482735507,-5.0325315785919384,-2.5367498325552558,-0.053421634267962995,lower,0.1
104,phase1,lower,-10.0,4,-12.480605283778912,-10.058015835612785,-7.528286715448883,-5.057235736765807,-2.5501863751010156,-0.01220646953545321,lower,0.1
105,phase1,lower,-10.0,4,-12.480605283778912,-10.066028746178302,-7.538069007143485,-5.062133596868922,-2.5488993622146805,-0.001396783454343437,lower,0.1
106,phase1,lower,-10.0,4,-12.480605283778912,-10.06448987738373,-7.5406005267383245,-5.061547459761692,-2.5441682021082834,0.0013434883324959916,lower,0.1
107,phase1,lower,-10.0,4,-12.480605283778912,-10.060891802819942,-7.541203809923763,-5.059331114106152,-2.5389472480176742,0.0019504835253001097,lower,0.1
108,phase1,lower,-10.0,4,-12.480605283778912,-10.057167568357555,-7.541256159912866,-5.056549898409834,-2.5339821784702887,0.0020009077982333814,lower,0.1
109,phase1,lower,-10.0,4,-12.480605283778912,-10.053775610494675,-7.541095353821669,-5.053522931396673,-2.5294354956714473,0.001912715872185353,lower,0.1
110,phase1,lower,-10.0,4,-12.480605283778912,-10.050786140542408,-7.540790733649522,-5.050366567867922,-2.5253182513703614,0.001795938552097536,lower,0.1
111,phase1,lower,-10.0,4,-12.480605283778912,-10.048170255156231,-7.540346999797433,-5.047139361650312,-2.5216044594903932,0.0016788550078355436,lower,0.1
112,phase1,lower,-10.0,4,-12.480605283778912,-10.045876960113299,-7.539757329433097,-5.043881030619611,-2.51826118261274,0.0015681133958561242,lower,0.1
113,phase1,lower,-10.0,4,-12.480605283778912,-10.043853694989009,-7.539016558083993,-5.040623186723531,-2.5152562270885057,0.0014647089051290545,lower,0.1
114,phase1,lower,-10.0,4,-12.480605283778912,-10.042051743283892,-7.538123851641281,-5.037392511218629,-2.51255991079053,0.0013682262708636045,lower,0.1
115,phase1,lower,-10.0,4,-12.480605283778912,-10.040427550475854,-7.537082681974021,-5.034211880046911,-2.510145279709683,0.001277961769555772,lower,0.1
116,phase1,lower,-10.0,4,-12.480605283778912,-10.03894289803307,-7.53590017441694,-5.031100909206097,-2.507987935964646,0.0011932151044550207,lower,0.1
117,phase1,lower,-10.0,4,-12.480605283778912,-10.037564732077449,-7.5345863688424135,-5.028076316383849,-2.506065785241991,0.0011133602881988741,lower,0.1
118,phase1,lower,-10.0,4,-12.480605283778912,-10.036264871494566,-7.533153530807645,-5.025152208901044,-2.5043587843189283,0.0010378576452647135,lower,0.1
119,phase1,lower,-10.0,4,-12.480605283778912,-10.035019665545136,-7.531615542101922,-5.022340331190811,-2.5028487087469022,0.0009662501941158051,lower,0.1
120,phase1,upper,-15.0,2,-12.838352052858415,-10.035019665545136,-7.531615542101922,-5.022340331190811,-2.5028487087469022,-0.04283290340863721,lower,0.1
121,phase1,lower,-10.0,4,-12.838352052858415,-10.073228866268588,-7.557580838825285,-5.038965710721952,-2.515039743309099,-0.009618020744060636,lower,0.1
122,phase1,lower,-10.0,4,-12.838352052858415,-10.080320282193913,-7.561356182342741,-5.040016304951329,-2.515300001537506,-0.0009209885801954947,lower,0.1
123,phase1,lower,-10.0,4,-12.838352052858415,-10.079252761930972,-7.559290386713141,-5.0370162323970575,-2.51273275164256,0.0012657498448328303,lower,0.1
124,phase1,lower,-10.0,4,-12.838352052858415,-10.076117349548838,-7.555726564748406,-5.033050997581886,-2.5097280017801267,0.001728685092303538,lower,0.1
125,phase1,lower,-10.0,4,-12.838352052858415,-10.072522454485721,-7.551819385233991,-5.02895872172978,-2.5068934973251156,0.0017398322688471036,lower,0.1
126,phase1,lower,-10.0,4,-12.838352052858415,-10.068886298518585,-7.5478782416844,-5.024976407335281,-2.504365332165855,0.0016369946961138186,lower,0.1
127,phase1,lower,-10.0,4,-12.838352052858415,-10.065312197608664,-7.543989534056414,-5.02117798335576,-2.5021561783958903,0.0015096648398263198,lower,0.1
128,phase1,lower,-10.0,4,-12.838352052858415,-10.061821232897595,-7.540181578221348,-5.017591130455354,-2.500247701139292,0.001381353787328532,lower,0.1
129,phase1,lower,-10.0,4,-12.838352052858415,-10.058414049021374,-7.536468009882472,-5.014228678940473,-2.4986149824255364,0.0012580577229323324,lower,0.1
130,phase1,lower,-10.0,4,-12.838352052858415,-10.055087193156846,-7.5328589573660745,-5.011097263758007,-2.497232882505399,0.0011411396664424947,lower,0.1
131,phase1,lower,-10.0,4,-12.838352052858415,-10.05183734387797,-7.5293637076490585,-5.0081999036559814,-2.4960776105773035,0.0010307515577052144,lower,0.1
132,phase1,lower,-10.0,4,-12.838352052858415,-10.048662303853146,-7.525991165590216,-5.005536938478627,-2.4951270324978077,0.0009267415564701002,lower,0.1
133,phase1,lower,-10.0,4,-12.838352052858415,-10.04556112262603,-7.522749774965381,-5.003106506208959,-2.494360652616435,0.0008288927995058059,lower,0.1
134,phase1,lower,-10.0,4,-12.838352052858415,-10.042533984340409,-7.519647339239213,-5.000904876397915,-2.4937595181915393,0.0007369844832448837,lower,0.1
135,phase1,lower,-10.0,4,-12.838352052858415,-10.03958203379537,-7.516690853312906,-4.998926726331039,-2.493306111728446,0.0006508058243655435,lower,0.1
136,phase1,lower,-10.0,4,-12.838352052858415,-10.036707190505194,-7.513886371072342,-4.997165384762605,-2.4929842478856092,0.0005701576507360122,lower,0.1
137,phase1,lower,-10.0,4,-12.838352052858415,-10.033911966676246,-7.511238910996718,-4.995613051433287,-2.4927789786522365,0.00049485089364409,lower,0.1
138,phase1,lower,-10.0,4,-12.838352052858415,-10.031199295304013,-7.508752396474032,-4.994260995950529,-2.4926765070786674,0.00042470446605789934,lower,0.1
139,phase1,lower,-10.0,4,-12.838352052858415,-10.028572371401562,-7.5064296263396555,-4.99309973819179,-2.4926641089611734,0.00035954319762561567,lower,0.1
140,phase1,lower,-10.0,4,-12.838352052858415,-10.026034508017508,-7.5042722711936936,-4.992119211856913,-2.492730061687559,0.00029919600688868965,lower,0.1
141,phase1,lower,-10.0,4,-12.838352052858415,-10.023589007928926,-7.502280891381433,-4.991308912522877,-2.49286357944226,0.00024349435460490514,lower,0.1
142,phase1,lower,-10.0,4,-12.838352052858415,-10.021239051355032,-7.500454972905394,-4.990658031372505,-2.493054754015241,0.00019227098099588194,lower,0.1
143,phase1,lower,-10.0,4,-12.838352052858415,-10.018987599627172,-7.4987929779159375,-4.990155575630073,-2.493294500520377,0.00014535891527712644,lower,0.1
144,phase1,lower,-10.0,4,-12.838352052858415,-10.0168373144323,-7.497292406784523,-4.989790476625406,-2.4935745073947886,0.00010259073948378286,lower,0.1
145,phase1,lower,-10.0,4,-12.838352052858415,-10.014790492001987,-7.495949869096247,-4.989551686317393,-2.493887190116617,6.379808527132098e-05,lower,0.1
146,phase1,lower,-10.0,4,-12.838352052858415,-10.01284901143467,-7.494761161206186,-4.989428263033763,-2.494225648143048,2.8811340537679224e-05,lower,0.1
147,phase1,lower,-10.0,4,-12.838352052858415,-10.011014296205337,-7.493721348288235,-4.98940944712354,-2.494583624631888,-2.540458154730665e-06,lower,0.1
148,phase1,lower,-10.0,4,-12.838352052858415,-10.009287287825966,-7.492824849066642,-4.989484727169342,-2.494955468567901,-3.0429571533628966e-05,lower,0.1
149,phase1,lower,-10.0,4,-12.838352052858415,-10.007668430564415,-7.492065521660476,-4.989643897366466,-2.4953360989689597,-5.502936573418144e-05,lower,0.1
150,phase1,lower,-10.0,4,-12.838352052858415,-10.006157666103181,-7.491436749191082,-4.989877106642782,-2.4957209708965773,-7.65140055528586e-05,lower,0.1
151,phase1,lower,-10.0,4,-12.838352052858415,-10.004754437016969,-7.490931524003123,-4.990174900066167,-2.4961060430403763,-9.50580546801136e-05,lower,0.1
152,phase1,lower,-10.0,4,-12.838352052858415,-10.003457697964796,-7.490542529532503,-4.9905282530634425,-2.4964877466865403,-0.00011083600339006661,lower,0.1
153,phase1,lower,-10.0,4,-12.838352052858415,-10.002265933524617,-7.490262219020061,-4.990928598955212,-2.4968629559163316,-0.00012402174263931442,lower,0.1
154,phase1,lower,-10.0,4,-12.838352052858415,-10.001177181642538,-7.490082890419816,-4.9913678502939405,-2.4972289589124808,-0.00013478800189608192,lower,0.1
155,phase1,lower,-10.0,4,-12.838352052858415,-10.000189061721972,-7.489996756985409,-4.991838414477122,-2.497583430278863,-0.00014330576633800449,lower,0.1
156,phase1,lower,-10.0,4,-12.838352052858415,-9.99929880643802,-7.4899960131394865,-4.992333204093007,-2.4979244043026205,-0.00014974368735736984,lower,0.1
157,phase1,lower,-10.0,4,-12.838352052858415,-9.998503296426788,-7.490072895338813,-4.992845642442496,-2.498250249107987,-0.00015426749863261627,lower,0.1
158,phase1,lower,-10.0,4,-12.838352052858415,-9.99779909706676,-7.490219737743945,-4.993369664667179,-2.49855964166785,-0.00015703944838625544,lower,0.1
159,phase1,lower,-10.0,4,-12.838352052858415,-9.997182496638027,-7.490429022587035,-4.99389971489971,-2.4988515436528083,-0.0001582177568759011,lower,0.1
160,phase1,lower,-10.0,4,-12.838352052858415,-9.996649545214115,-7.490693425205758,-4.9944307398386805,-2.4991251781084234,-0.00015795610666833235,lower,0.1
161,phase1,lower,-10.0,4,-12.838352052858415,-9.99619609370928,-7.491005853776025,-4.994958179135626,-2.499380006959844,-0.00015640317184093913,lower,0.1
162,phase1,lower,-10.0,4,-12.838352052858415,-9.995817832570612,-7.491359483832047,-4.9954779529668,-2.4996157093492406,-0.00015370219094521754,lower,0.1
163,phase1,lower,-10.0,4,-12.838352052858415,-9.995510329668607,-7.491747787709877,-4.995986447146731,-2.499832160815823,-0.00014999058736102307,lower,0.1
164,phase1,lower,-10.0,4,-12.838352052858415,-9.99526906700136,-7.492164559090714,-4.99648049612444,-2.500029413330867,-0.00014539963956803525,lower,0.1
165,phase1,lower,-10.0,4,-12.838352052858415,-9.995089475885907,-7.492603932853427,-4.996957364186532,-2.500207676201368,-0.00014005420286447123,lower,0.1
166,phase1,lower,-10.0,4,-12.838352052858415,-9.994966970365237,-7.4930604004726655,-4.997414725174158,-2.5003672978559317,-0.00013407248317071324,lower,0.1
167,phase1,lower,-10.0,4,-12.838352052858415,-9.994896978610832,-7.493528821220113,-4.997850641003385,-2.5005087485254807,-0.00012756586276595577,lower,0.1
168,phase1,lower,-10.0,4,-12.838352052858415,-9.99487497214825,-7.494004429442433,-4.998263539260538,-2.5006326038294895,-0.00012063877711330249,lower,0.1
169,phase1,lower,-10.0,4,-12.838352052858415,-9.99489649277707,-7.494482838200768,-4.99865219012609,-2.5007395292759615,-0.0001133886413314934,lower,0.1
170,phase1,lower,-10.0,4,-12.838352052858415,-9.994957177096637,-7.494960039563779,-4.999015682862396,-2.5008302656803347,-0.00010590582436422007,lower,0.1
171,phase1,lower,-10.0,4,-12.838352052858415,-9.99505277858528,-7.495432401849603,-4.999353402082426,-2.500905615505151,-9.827366847309013e-05,lower,0.1
172,phase1,lower,-10.0,4,-12.838352052858415,-9.995179187213338,-7.49589666411216,-4.999665003998477,-2.500966430118694,-9.056855133545833e-05,lower,0.1
173,phase1,lower,-10.0,4,-12.838352052858415,-9.995332446599422,-7.496349928164402,-4.9999503928319555,-2.501013597967091,-8.285998775711207e-05,lower,0.1
174,phase1,lower,-10.0,4,-12.838352052858415,-9.995508768744902,-7.496789648425699,-5.000209697547672,-2.5010480336505725,-7.521076780230172e-05,lower,0.1
175,phase1,lower,-10.0,4,-12.838352052858415,-9.995704546404003,-7.497213619872993,-5.000443249058823,-2.5010706678908967,-6.767712800148805e-05,lower,0.1
176,phase1,lower,-10.0,4,-12.838352052858415,-9.995916363166105,-7.49761996436588,-5.00065155803206,-2.501082438373294,-6.030895220742075e-05,lower,0.1
177,phase1,lower,-10.0,4,-12.838352052858415,-9.996141001343068,-7.498007115604783,-5.000835293405769,-2.501084281442888,-5.3149998630622764e-05,lower,0.1
178,phase1,lower,-10.0,4,-12.838352052858415,-9.996375447768006,-7.498373802969086,-5.0009952617190505,-2.5010771246323,-4.623814959160417e-05,lower,0.1
179,phase1,lower,-10.0,4,-12.838352052858415,-9.996616897622747,-7.498719034468754,-5.001132387333895,-2.5010618799941913,-3.960568056976356e-05,lower,0.1
180,phase1,lower,-10.0,4,-12.838352052858415,-9.99686275641986,-7.49904207902887,-5.001247693618804,-2.5010394382098156,-3.327954520826548e-05,lower,0.1
181,phase1,lower,-10.0,4,-12.838352052858415,-9.997110640271448,-7.499342448311788,-5.0013422851485805,-2.501010663442264,-2.7281673040019047e-05,lower,0.1
182,phase1,lower,-10.0,4,-12.838352052858415,-9.997358374581218,-7.4996198782665715,-5.001417330962315,-2.500976388901024,-2.162927683228342e-05,lower,0.1
183,phase1,lower,-10.0,4,-12.838352052858415,-9.997603991298902,-7.499874310580054,-5.001474048909707,-2.5009374130827315,-1.6335166599318026e-05,lower,0.1
184,phase1,lower,-10.0,4,-12.838352052858415,-9.997845724876958,-7.500105874188568,-5.001513691104795,-2.500894496651579,-1.1408067501002458e-05,lower,0.1
185,phase1,lower,-10.0,4,-12.838352052858415,-9.99808200706887,-7.50031486699413,-5.001537530495969,-2.500848359921731,-6.852939027083916e-06,lower,0.1
186,phase1,lower,-10.0,4,-12.838352052858415,-9.99831146070652,-7.500501737913883,-5.0015468485517935,-2.5007996809033273,-2.67129305744178e-06,lower,0.1
187,phase1,lower,-10.0,4,-12.838352052858415,-9.998532892591008,-7.500667069376899,-5.001542924053628,-2.500749093873163,1.1384914134598053e-06,lower,0.1
188,phase1,lower,-10.0,4,-12.838352052858415,-9.998745285627326,-7.5008115603682,-5.001527022978394,-2.500697188430942,4.58085889830186e-06,lower,0.1
189,phase1,lower,-10.0,4,-12.838352052858415,-9.998947790328405,-7.500936010106118,-5.001500389447952,-2.500644509002079,7.662775192778474e-06,lower,0.1
190,phase1,lower,-10.0,4,-12.838352052858415,-9.999139715808504,-7.501041302425929,-5.001464237715533,-2.5005915547483504,1.039343391186115e-05,lower,0.1
191,phase1,lower,-10.0,4,-12.838352052858415,-9.999320520379726,-7.501128390930195,-5.001419745154348,-2.500538779848275,1.278397319309575e-05,lower,0.1
192,phase1,lower,-10.0,4,-12.838352052858415,-9.9994898018589,-7.501198284954361,-5.001368046209019,-2.500486594109878,1.4847203780072883e-05,lower,0.1
193,phase1,lower,-10.0,4,-12.838352052858415,-9.999647287685043,-7.501252036385022,-5.001310227266618,-2.5004353638794727,1.6597349510130334e-05,lower,0.1
194,phase1,lower,-10.0,4,-12.838352052858415,-9.999792824940483,-7.50129072735789,-5.001247322401002,-2.5003854132112417,1.80498010493742e-05,lower,0.1
195,phase1,lower,-10.0,4,-12.838352052858415,-9.99992637036128,-7.50131545885281,-5.001180309941616,-2.500337025263707,1.9220883545313223e-05,lower,0.1
196,phase1,lower,-10.0,4,-12.838352052858415,-10.000047980415241,-7.501327340194329,-5.00111010981607,-2.500290443890604,2.012763870322656e-05,lower,0.1
197,phase1,lower,-10.0,4,-12.838352052858415,-10.000157801518318,-7.501327479458155,-5.001037581614467,-2.5002458753952164,2.078762163912832e-05,lower,0.1
198,phase1,lower,-10.0,4,-12.838352052858415,-10.000256060452827,-7.501316974776529,-5.000963523322683,-2.500203490418873,2.1218712717600238e-05,lower,0.1
199,phase1,lower,-10.0,4,-12.838352052858415,-10.000343055043752,-7.501296906528872,-5.000888670671457,-2.5001634259359915,2.14389444503449e-05,lower,0.1
200,phase1,lower,-10.0,4,-12.838352052858415,-10.000419145142258,-7.501268330398226,-5.000813697048326,-2.500125787329826,2.1466343409180528e-05,lower,0.1
201,phase1,lower,-10.0,4,-12.838352052858415,-10.000484743958786,-7.501232271268799,-5.000739213919922,-2.500090650524857,2.1318786995441276e-05,lower,0.1
202,phase1,lower,-10.0,4,-12.838352052858415,-10.000540309781492,-7.501189717935475,-5.00066577171309,-2.500058064153577,2.101387480813201e-05,lower,0.1
203,phase1,lower,-10.0,4,-12.838352052858415,-10.000586338109564,-7.501141618592265,-5.000593861104454,-2.500028051737233,2.05688142630841e-05,lower,0.1
204,phase1,lower,-10.0,4,-12.838352052858415,-10.000623354224997,-7.501088877063531,-5.000523914669595,-2.5000006138618986,2.0000320037021808e-05,lower,0.1
205,phase1,lower,-10.0,4,-12.838352052858415,-10.000651906220817,-7.501032349739155,-5.0004563088447,-2.4999757303330137,1.932452684183255e-05,lower,0.1
206,phase1,lower,-10.0,4,-12.838352052858415,-10.000672558498493,-7.500972843172795,-5.00039136615554,-2.499953362293303,1.8556914975338093e-05,lower,0.1
207,phase1,lower,-10.0,4,-12.838352052858415,-10.000685885742445,-7.500911112300841,-5.000329357670691,-2.4999334542906544,1.7712248046740112e-05,lower,0.1
208,phase1,lower,-10.0,4,-12.838352052858415,-10.000692467375043,-7.500847859238633,-5.000270505638238,-2.499915936284214,1.68045222337378e-05,lower,0.1
209,phase1,lower,-10.0,4,-12.838352052858415,-10.000692882491391,-7.500783732609904,-5.000214986267542,-2.499900725578528,1.5846926398707946e-05,lower,0.1
210,phase1,lower,-10.0,4,-12.838352052858415,-10.000687705269485,-7.500719327365236,-5.000162932620095,-2.49988772867709,1.4851812366686118e-05,lower,0.1
211,phase1,lower,-10.0,4,-12.838352052858415,-10.00067750084793,-7.500655185045517,-5.000114437576032,-2.499876843048086,1.3830674653360345e-05,lower,0.1
212,phase1,lower,-10.0,4,-12.838352052858415,-10.0006628216605,-7.500591794446871,-5.000069556845374,-2.499867958796518,1.2794138921975826e-05,lower,0.1
213,phase1,lower,-10.0,4,-12.838352052858415,-10.000644204214108,-7.500529592644432,-5.000028311995646,-2.499860960238157,1.1751958446927497e-05,lower,0.1
214,phase1,lower,-10.0,4,-12.838352052858415,-10.000622166294539,-7.500468966333351,-4.999990693470037,-2.4998557273719877,1.0713017864189154e-05,lower,0.1
215,phase1,lower,-10.0,4,-12.838352052858415,-10.000597204582343,-7.500410253446813,-4.999956663572778,-2.499852137248924,9.685343499198826e-06,lower,0.1
216,phase1,lower,-10.0,4,-12.838352052858415,-10.00056979265964,-7.500353745012346,-4.999926159400849,-2.4998500652356066,8.676119575741212e-06,lower,0.1
217,phase1,lower,-10.0,4,-12.838352052858415,-10.000540379387292,-7.500299687209386,-4.999899095703547,-2.4998493861730404,7.691709628082577e-06,lower,0.1
218,phase1,lower,-10.0,4,-12.838352052858415,-10.000509387630837,-7.500248283592933,-4.99987536765373,-2.4998499754306764,6.73768246004588e-06,lower,0.1
219,phase1,lower,-10.0,4,-12.838352052858415,-10.000477213312832,-7.500199697450039,-4.999854853516785,-2.4998517098573383,5.81884201939963e-06,lower,0.1
220,phase1,lower,-10.0,4,-12.838352052858415,-10.000444224768737,-7.500154054257946,-4.999837417205505,-2.499854468631065,4.9392605843586545e-06,lower,0.1
221,phase1,lower,-10.0,4,-12.838352052858415,-10.000410762383133,-7.500111444214742,-4.999822910711074,-2.4998581340105575,4.102314688406763e-06,lower,0.1
222,phase1,lower,-10.0,4,-12.838352052858415,-10.000377138483076,-7.5000719248155745,-4.999811176402263,-2.499862591991456,3.310723240927945e-06,lower,0.1
223,phase1,lower,-10.0,4,-12.838352052858415,-10.00034363746541,-7.500035523449578,-4.999802049186758,-2.4998677328711216,2.5665873350335108e-06,lower,0.1
224,phase1,lower,-10.0,4,-12.838352052858415,-10.000310516135224,-7.500002239994847,-4.999795358530184,-2.4998734517259806,1.8714312674933937e-06,lower,0.1
225,phase1,lower,-10.0,4,-12.838352052858415,-10.000278004233046,-7.499972049390893,-4.999790930329976,-2.4998796488058175,1.2262443300526879e-06,lower,0.1
226,phase1,lower,-10.0,4,-12.838352052858415,-10.000246305128933,-7.499944904170135,-4.999788588642649,-2.499886229849646,6.315229667177947e-07,lower,0.1
227,phase1,lower,-10.0,4,-12.838352052858415,-10.000215596662382,-7.4999207369320295,-4.999788157264357,-2.4998931063279763,8.73129268245244e-08,lower,0.1
228,phase1,lower,-10.0,4,-12.838352052858415,-10.000186032107713,-7.499899462745399,-4.999789461165787,-2.4999001956164446,-4.067489228595005e-07,lower,0.1
229,phase1,lower,-10.0,4,-12.838352052858415,-10.000157741245511,-7.499880981466477,-4.99979232778353,-2.499907421105842,-8.513934283378081e-07,lower,0.1
230,phase1,upper,-15.0,2,-13.160148613078183,-10.000157741245511,-7.499880981466477,-4.99979232778353,-2.499907421105842,-0.03588823414011604,lower,0.1
231,phase1,lower,-10.0,4,-13.160148613078183,-10.03242947599371,-7.5224742310924215,-5.015622923962289,-2.5109931473075298,-0.008617808276369567,lower,0.1
232,phase1,lower,-10.0,4,-13.160148613078183,-10.039189978952313,-7.526949527981186,-5.018587260325544,-2.51216794842721,-0.0014389623533332706,lower,0.1
233,phase1,lower,-10.0,4,-13.160148613078183,-10.039260999973202,-7.526689355322001,-5.018122785783474,-2.5109020518166685,0.000403228716676826,lower,0.1
234,phase1,lower,-10.0,4,-13.160148613078183,-10.037640929663073,-7.52523922987106,-5.016753987061291,-2.509164179090046,0.0008308029783542784,lower,0.1
235,phase1,lower,-10.0,4,-13.160148613078183,-10.035653037003353,-7.523532453819335,-5.015165128468779,-2.507461921909047,0.0008861336953638087,lower,0.1
236,phase1,lower,-10.0,4,-13.160148613078183,-10.033643458359125,-7.521810201310232,-5.013549026046507,-2.5059156959046205,0.0008461061788993566,lower,0.1
237,phase1,lower,-10.0,4,-13.160148613078183,-10.031698637093225,-7.5201315389508325,-5.01196585991708,-2.5045441432196602,0.0007841243950818306,lower,0.1
238,phase1,lower,-10.0,4,-13.160148613078183,-10.029836215323412,-7.518508661028711,-5.010438797900304,-2.5033399193039405,0.0007195095361761564,lower,0.1
239,phase1,upper,-15.0,2,-13.447242632589036,-10.029836215323412,-7.518508661028711,-5.010438797900304,-2.5033399193039405,-0.028946239906521093,lower,0.1
240,phase1,lower,-10.0,4,-13.447242632589036,-10.05475507580981,-7.535631961891021,-5.022062224758806,-2.511447577954142,-0.00646553065023381,lower,0.1
241,phase1,lower,-10.0,4,-13.447242632589036,-10.058661742003142,-7.537831948411639,-5.023124249339458,-2.5115026671777847,-0.0005897870095310344,lower,0.1
242,phase1,upper,-15.0,2,-13.704153666607562,-10.058661742003142,-7.537831948411639,-5.023124249339458,-2.5115026671777847,-0.02379749634310388,lower,0.1
243,phase1,lower,-10.0,4,-13.704153666607562,-10.077996509352786,-7.550791196773606,-5.031665996036771,-2.5168313511810774,-0.004694103878832952,lower,0.1
244,phase1,lower,-10.0,4,-13.704153666607562,-10.079500671585818,-7.551101418703949,-5.031222070534126,-2.5154753579399127,0.00025049685336534194,lower,0.1
245,phase1,lower,-10.0,4,-13.704153666607562,-10.076435299129601,-7.548188891041535,-5.028463441882318,-2.512673890731207,0.0014395407274197026,lower,0.1
246,phase1,lower,-10.0,4,-13.704153666607562,-10.072315071666116,-7.544546782448961,-5.025183205066251,-2.5097892865863374,0.001638050666629692,lower,0.1
247,phase1,lower,-10.0,4,-13.704153666607562,-10.068063997144433,-7.54082870898185,-5.021873795618738,-2.507155709809081,0.001580627134296464,lower,0.1
248,phase1,lower,-10.0,4,-13.704153666607562,-10.063917903907308,-7.537202069770543,-5.018678400864471,-2.5048362401900013,0.0014621480128505383,lower,0.1
249,phase1,lower,-10.0,4,-13.704153666607562,-10.059930387282067,-7.533707222110147,-5.015644309197707,-2.5028239649132695,0.0013340381839358779,lower,0.1
250,phase1,lower,-10.0,4,-13.704153666607562,-10.056107436399333,-7.530352461303382,-5.012790647459763,-2.5010952800096122,0.0012096099347662075,lower,0.1
251,phase1,upper,-15.0,2,-13.93060311375325,-10.056107436399333,-7.530352461303382,-5.012790647459763,-2.5010952800096122,-0.01780425248590966,lower,0.1
252,phase1,lower,-10.0,4,-13.93060311375325,-10.069555766127058,-7.539117574657552,-5.018511848057942,-2.5054934932277333,-0.003473162547886836,lower,0.1
253,phase1,lower,-10.0,4,-13.93060311375325,-10.069637793273206,-7.538423263233082,-5.017610040821576,-2.5048726680972027,0.00022039709175421932,lower,0.1
254,phase1,lower,-10.0,4,-13.93060311375325,-10.066317982886613,-7.5353602985130435,-5.015087196808806,-2.5031671175056913,0.0010937340954201172,lower,0.1
255,phase1,lower,-10.0,4,-13.93060311375325,-10.062237853763378,-7.531808078384419,-5.01228037816174,-2.5013981961122096,0.0012245099141028179,lower,0.1
256,phase1,lower,-10.0,4,-13.93060311375325,-10.05809281730279,-7.528262263181035,-5.009549780423993,-2.4998148919126955,0.001164656118705388,lower,0.1
257,phase1,lower,-10.0,4,-13.93060311375325,-10.05406157138378,-7.524851856589259,-5.006993643717173,-2.4984627072326373,0.0010605432486606521,lower,0.1
258,phase1,lower,-10.0,4,-13.93060311375325,-10.050186110980533,-7.521609230755942,-5.004638615138898,-2.497334746773416,0.0009507510116130997,lower,0.1
259,phase1,lower,-10.0,4,-13.93060311375325,-10.046472747047622,-7.518541620290858,-5.002490637448323,-2.4964117540523882,0.0008452231038474979,lower,0.1
260,phase1,lower,-10.0,4,-13.93060311375325,-10.042918933578482,-7.5156498910287475,-5.000548730887482,-2.4956726360405854,0.000746307982232415,lower,0.1
261,phase1,lower,-10.0,4,-13.93060311375325,-10.0395203521395,-7.512933336836971,-4.998808883354624,-2.495097151241943,0.0006543511214497696,lower,0.1
262,phase1,lower,-10.0,4,-13.93060311375325,-10.036272734599942,-7.510390800869055,-4.997265286465555,-2.494666522776246,0.0005691804695381946,lower,0.1
263,phase1,lower,-10.0,4,-13.93060311375325,-10.033172278804269,-7.5080208535221615,-4.9959108440731494,-2.4943635076625776,0.0004905001113212741,lower,0.1
264,phase1,lower,-10.0,4,-13.93060311375325,-10.03021568617587,-7.505821749024511,-4.994737467690044,-2.494172328893801,0.0004179936762809384,lower,0.1
265,phase1,lower,-10.0,4,-13.93060311375325,-10.027400098152082,-7.503791348571921,-4.9937362975909885,-2.4940785779033203,0.00035135061211433296,lower,0.1
266,phase1,lower,-10.0,4,-13.93060311375325,-10.024723007643162,-7.5019270563495315,-4.992897888258729,-2.494069115526976,0.00029027201510886837,lower,0.1
267,phase1,lower,-10.0,4,-13.93060311375325,-10.022182167700201,-7.500225777486005,-4.992212370008989,-2.494131978426926,0.0002344711137499909,lower,0.1
268,phase1,lower,-10.0,4,-13.93060311375325,-10.019775504676407,-7.498683897400857,-4.991669591312691,-2.4942562923348537,0.00018367243565868058,lower,0.1
269,phase1,lower,-10.0,4,-13.93060311375325,-10.017501038756759,-7.497297279761137,-4.991259244228893,-2.494432191998757,0.0001376107387433004,lower,0.1
270,phase1,lower,-10.0,4,-13.93060311375325,-10.015356813192328,-7.496061279949623,-4.990970974665706,-2.494650747350546,9.602999755677034e-05,lower,0.1
271,phase1,lower,-10.0,4,-13.93060311375325,-10.013340832870258,-7.494970771125217,-4.990794478884315,-2.4949038953430693,5.8682521289146674e-05,lower,0.1
272,phase1,lower,-10.0,4,-13.93060311375325,-10.011451012426592,-7.494020180245599,-4.990719587480816,-2.495184376918587,2.5328219317479622e-05,lower,0.1
273,phase1,lower,-10.0,4,-13.93060311375325,-10.009685133811105,-7.493203531722064,-4.990736337947005,-2.4954856786072357,-4.265988392721063e-06,lower,0.1
274,phase1,lower,-10.0,4,-13.93060311375325,-10.008040812991755,-7.492514496660841,-4.990835036802499,-2.4958019782969685,-3.032662547125512e-05,lower,0.1
275,phase1,lower,-10.0,4,-13.93060311375325,-10.006515475321589,-7.49194644590812,-4.99100631219895,-2.4961280947605244,-5.307399028773465e-05,lower,0.1
276,phase1,lower,-10.0,4,-13.93060311375325,-10.0051063389715,-7.491492505356921,-4.991241157818761,-2.496459440568193,-7.272237785602642e-05,lower,0.1
277,phase1,lower,-10.0,4,-13.93060311375325,-10.003810405750112,-7.49114561219356,-4.991530968823493,-2.4967919780564602,-8.948020691055213e-05,lower,0.1
278,phase1,lower,-10.0,4,-13.93060311375325,-10.002624458580677,-7.49089857096088,-4.991867570548827,-2.49712217806153,-0.00010355006664082254,lower,0.1
279,phase1,lower,-10.0,4,-13.93060311375325,-10.001545064878673,-7.490744108495924,-4.992243240592346,-2.4974469811627946,-0.00011512869725643988,lower,0.1
280,phase1,lower,-10.0,4,-13.93060311375325,-10.00056858506793,-7.4906749269625035,-4.99265072489585,-2.497763761214439,-0.00012440691794577658,lower,0.1
281,phase1,lower,-10.0,4,-13.93060311375325,-9.999691185483538,-7.490683754345298,-4.993083248384531,-2.4980702909733723,-0.00013156951497133784,lower,0.1
282,phase1,lower,-10.0,4,-13.93060311375325,-9.998908854933187,-7.49076339190292,-4.993534520690065,-2.498364709658588,-0.00013679510167334018,lower,0.1
283,phase1,lower,-10.0,4,-13.93060311375325,-9.998217424221668,-7.490906758193872,-4.993998737452736,-2.4986454923009522,-0.00014025596108270183,lower,0.1
284,phase1,lower,-10.0,4,-13.93060311375325,-9.997612587983863,-7.4911069293924895,-4.9944705776684595,-2.49891142076339,-0.00014211788071921314,lower,0.1
285,phase1,lower,-10.0,4,-13.93060311375325,-9.997089928217372,-7.491357175702973,-4.994945197519424,-2.499161556329644,-0.0001425399880040622,lower,0.1
286,phase1,lower,-10.0,4,-13.93060311375325,-9.996644938955136,-7.491650993759172,-4.995418221101678,-2.4993952137754176,-0.00014167459357374422,lower,0.1
287,phase1,lower,-10.0,4,-13.93060311375325,-9.996273051569755,-7.491982134967083,-4.9958857284388625,-2.499611936848934,-0.00013966704867143966,lower,0.1
288,phase1,lower,-10.0,4,-13.93060311375325,-9.995969660253293,-7.492344629806652,-4.9963442411482815,-2.4998114750990004,-0.00013665562172316838,lower,0.1
289,phase1,lower,-10.0,4,-13.93060311375325,-9.995730147268178,-7.492732808160442,-4.996790706103316,-2.4999937619977435,-0.00013277139819683893,lower,0.1
290,phase1,lower,-10.0,4,-13.93060311375325,-9.995549907615782,-7.493141315779685,-4.997222477414685,-2.500158894312467,-0.00012813820689936773,lower,0.1
291,phase1,lower,-10.0,4,-13.93060311375325,-9.995424372818382,-7.493565127033957,-4.997637297032148,-2.50030711268684,-0.000122872574997,lower,0.1
292,phase1,lower,-10.0,4,-13.93060311375325,-9.995349033557437,-7.493999554119845,-4.998033274247817,-2.500438783395972,-0.00011708371325178988,lower,0.1
293,phase1,lower,-10.0,4,-13.93060311375325,-9.995319460955605,-7.494440252927175,-4.998408864362261,-2.500554381243115,-0.00011087353225222873,lower,0.1
294,phase1,lower,-10.0,4,-13.93060311375325,-9.995331326331788,-7.494883225779235,-4.9987628467550795,-2.5006544735678995,-0.00010433668978145518,lower,0.1
295,phase1,lower,-10.0,4,-13.93060311375325,-9.995380419297335,-7.495324821276463,-4.99909430258246,-2.5007397053373244,-9.756066890790118e-05,lower,0.1
296,phase1,lower,-10.0,4,-13.93060311375325,-9.995462664097266,-7.495761731481911,-4.999402592305602,-2.5008107852913324,-9.062588590056855e-05,lower,0.1
297,phase1,lower,-10.0,4,-13.93060311375325,-9.995574134133042,-7.496190986691783,-4.999687333235666,-2.500868473114858,-8.360582666133892e-05,lower,0.1
298,phase1,lower,-10.0,4,-13.93060311375325,-9.99571106463291,-7.496609948036054,-4.9999483772631885,-2.500913567607832,-7.656721002320259e-05,lower,0.1
299,phase1,lower,-10.0,4,-13.93060311375325,-9.995869863462246,-7.4970162981529676,-5.0001857889227255,-2.5009468958239047,-6.95701759863359e-05,lower,0.1
300,phase1,lower,-10.0,4,-13.93060311375325,-9.996047120089706,-7.497408030177464,-5.000399823926891,-2.50096930314768,-6.266849674490301e-05,lower,0.1
301,phase1,lower,-10.0,4,-13.93060311375325,-9.996239612745551,-7.497783435277725,-5.000590908287928,-2.5009816442791437,-5.590980819422695e-05,lower,0.1
302,phase1,lower,-10.0,4,-13.93060311375325,-9.996444313826144,-7.4981410889662765,-5.000759618129597,-2.500984775092775,-4.933585949469268e-05,lower,0.1
303,phase1,lower,-10.0,4,-13.93060311375325,-9.996658393613702,-7.498479836402874,-5.0009066602775105,-2.5009795453376205,-4.298277820092816e-05,lower,0.1
304,phase1,lower,-10.0,4,-13.93060311375325,-9.996879222393,-7.498798776895912,-5.001032853702039,-2.5009667921434433,-3.6881348437479e-05,lower,0.1
305,phase1,lower,-10.0,4,-13.93060311375325,-9.997104371056883,-7.499097247797619,-5.001139111874711,-2.500947334296989,-3.105729961106187e-05,lower,0.1
306,phase1,lower,-10.0,4,-13.93060311375325,-9.997331610300606,-7.499374807976083,-5.001226426086548,-2.500921967251418,-2.5531603190194546e-05,lower,0.1
307,phase1,lower,-10.0,4,-13.93060311375325,-9.997558908511024,-7.499631221034377,-5.001295849765091,-2.5008914588311666,-2.0320775150192936e-05,lower,0.1
308,phase1,lower,-10.0,4,-13.93060311375325,-9.997784428460996,-7.499866438433924,-5.001348483815961,-2.5008565455938174,-1.5437181772934346e-05,lower,0.1
309,phase1,lower,-10.0,4,-13.93060311375325,-9.998006522921884,-7.500080582665913,-5.001385463004712,-2.5008179298101134,-1.088934660152161e-05,lower,0.1
310,phase1,lower,-10.0,4,-13.93060311375325,-9.998223729308227,-7.5002739306012405,-5.001407943385413,-2.5007762770229607,-6.682256475439622e-06,lower,0.1
311,phase1,lower,-10.0,4,-13.93060311375325,-9.998434763468357,-7.500446897136149,-5.0014170907738835,-2.5007322141461796,-2.817664711884429e-06,lower,0.1
312,phase1,lower,-10.0,4,-13.93060311375325,-9.998638512733375,-7.50060001923772,-5.001414070255791,-2.500686328063888,7.056103535735034e-07,lower,0.1
313,phase1,lower,-10.0,4,-13.93060311375325,-9.998834028334493,-7.500733940480622,-5.001400036712854,-2.500639164691696,3.8913930971571885e-06,lower,0.1
314,phase1,lower,-10.0,4,-13.93060311375325,-9.999020517295317,-7.500849396154139,-5.001376126344215,-2.5005912284613885,6.745866080333563e-06,lower,0.1
315,phase1,lower,-10.0,4,-13.93060311375325,-9.999197333901728,-7.5009471990067045,-5.001343449154555,-2.500542982191449,9.27729457550856e-06,lower,0.1
316,phase1,lower,-10.0,4,-13.93060311375325,-9.999363970847108,-7.501028225683741,-5.001303082375813,-2.500494847306598,1.1495761292654673e-05,lower,0.1
317,phase1,lower,-10.0,4,-13.93060311375325,-9.999520050145607,-7.501093403903923,-5.0012560647852595,-2.500447204370527,1.3412912295419763e-05,lower,0.1
318,phase1,lower,-10.0,4,-13.93060311375325,-9.999665313900373,-7.501143700408784,-5.001203391879292,-2.500400393897131,1.504171493860592e-05,lower,0.1
319,phase1,lower,-10.0,4,-13.93060311375325,-9.999799615007769,-7.50118010971115,-5.0011460118595,-2.500354717406797,1.6396228508048983e-05,lower,0.1
320,phase1,lower,-10.0,4,-13.93060311375325,-9.99992290787245,-7.501203643659016,-5.001084822385358,-2.500310438695683,1.749138809691713e-05,lower,0.1
321,phase1,lower,-10.0,4,-13.93060311375325,-10.00003523920182,-7.501215321823387,-5.001020668046216,-2.500267785287372,1.8342802114750927e-05,lower,0.1
322,phase1,lower,-10.0,4,-13.93060311375325,-10.000136738942073,-7.5012161627111205,-5.000954338504163,-2.500226950037828,1.896656369311299e-05,lower,0.1
323,phase1,lower,-10.0,4,-13.93060311375325,-10.000227611411654,-7.501207175797062,-5.000886567258587,-2.500188092866195,1.9379076129377025e-05,lower,0.1
324,phase1,lower,-10.0,4,-13.93060311375325,-10.000308126681679,-7.501189354363659,-5.00081803098312,-2.5001513425856214,1.9596892394484003e-05,lower,0.1
325,phase1,lower,-10.0,4,-13.93060311375325,-10.000378612246722,-7.50116366913081,-5.000749349385739,-2.500116798809985,1.963656862637758e-05,lower,0.1
326,phase1,upper,-15.0,2,-14.13175056910758,-10.000378612246722,-7.50116366913081,-5.000749349385739,-2.500116798809985,-0.0139674231248271,lower,0.1
327,phase1,lower,-10.0,4,-14.13175056910758,-10.013027798747475,-7.509942910260815,-5.006849378868205,-2.5044023392414703,-0.0033387785009653384,lower,0.1
328,phase1,lower,-10.0,4,-14.13175056910758,-10.015724210549678,-7.511653695588023,-5.007935246484459,-2.5048274353526505,-0.0005409642946771467,lower,0.1
329,phase1,lower,-10.0,4,-14.13175056910758,-10.015804026918723,-7.511512754279348,-5.007685699766659,-2.5043036449935934,0.0001767483679733204,lower,0.1
330,phase1,lower,-10.0,4,-14.13175056910758,-10.01521582612361,-7.510902832994993,-5.00708511273435,-2.5035982979268594,0.00034298467998827663,lower,0.1
331,phase1,lower,-10.0,4,-14.13175056910758,-10.01447584059876,-7.510188529806063,-5.006400580992558,-2.502909228951641,0.00036402385755317907,lower,0.1
332,phase1,lower,-10.0,4,-14.13175056910758,-10.013719488047693,-7.509464642503051,-5.005707606475339,-2.502283352032183,0.00034779666522238845,lower,0.1
333,phase1,lower,-10.0,4,-14.13175056910758,-10.01298098649453,-7.508754946171485,-5.005029946148119,-2.5017278975409663,0.0003229266738533987,lower,0.1
334,phase1,lower,-10.0,4,-14.13175056910758,-10.012267748455757,-7.508064899275898,-5.004376883461498,-2.5012399519963426,0.00029695809663898647,lower,0.1
335,phase1,lower,-10.0,4,-14.13175056910758,-10.011580201250796,-7.507395537165719,-5.003753221517877,-2.500814281489175,0.00027183491019399866,lower,0.1
336,phase1,lower,-10.0,4,-14.13175056910758,-10.010917083423113,-7.506747063677215,-5.003162015645911,-2.5004453836511162,0.0002480159806742886,lower,0.1
337,phase1,lower,-10.0,4,-14.13175056910758,-10.010276867065917,-7.506119718273121,-5.002605367728912,-2.5001280069198812,0.00022556912762953314,lower,0.1
338,phase1,lower,-10.0,4,-14.13175056910758,-10.009658139971771,-7.505513931650888,-5.002084698085847,-2.499857263992536,0.00020446194620766904,lower,0.1
339,phase1,lower,-10.0,4,-14.13175056910758,-10.009059703388095,-7.504930303643609,-5.001600872114717,-2.499628639079504,0.00018463898604804822,lower,0.1
340,phase1,lower,-10.0,4,-14.13175056910758,-10.008480588326202,-7.504369544136408,-5.001154282711898,-2.499437968610094,0.0001660420535202211,lower,0.1
341,phase1,lower,-10.0,4,-14.13175056910758,-10.007920046059054,-7.503832413307116,-5.000744915962467,-2.49928141653086,0.00014861533914418225,lower,0.1
342,phase1,lower,-10.0,4,-14.13175056910758,-10.00737752897863,-7.503319669824688,-5.0003724079674265,-2.4991554497568047,0.00013230647890185172,lower,0.1
343,phase1,lower,-10.0,4,-14.13175056910758,-10.006852667232224,-7.502832028360097,-5.000036095381013,-2.499056815173691,0.00011706652070734583,lower,0.1
344,phase1,lower,-10.0,4,-14.13175056910758,-10.006345243476375,-7.502370125904595,-4.99973506075953,-2.498982518470199,0.00010284959997304456,lower,0.1
345,phase1,lower,-10.0,4,-14.13175056910758,-10.00585516707922,-7.501934495967668,-4.999468173375986,-2.4989298047731388,8.961254858152814e-05,lower,0.1
346,phase1,lower,-10.0,4,-14.13175056910758,-10.005382448674341,-7.501525549682881,-4.999234125987793,-2.4988961409740122,7.73145046039763e-05,lower,0.1
347,phase1,lower,-10.0,4,-14.13175056910758,-10.004927175721052,-7.501143562902702,-4.9990314679591785,-2.4988791996121735,6.59165460050995e-05,lower,0.1
348,phase1,lower,-10.0,4,-14.13175056910758,-10.004489489547813,-7.500788668438271,-4.998858635081947,-2.498876844175816,5.5381357918764265e-05,lower,0.1
349,phase1,lower,-10.0,4,-14.13175056910758,-10.004069564214731,-7.500460852677192,-4.998713976392901,-2.4988871156848655,4.567293789466328e-05,lower,0.1
350,phase1,lower,-10.0,4,-14.13175056910758,-10.003667587416873,-7.500159955886376,-4.998595778248751,-2.498908220425919,3.675634090356014e-05,lower,0.1
351,phase1,lower,-10.0,4,-14.13175056910758,-10.00328374355701,-7.499885675576521,-4.998502285887987,-2.498938518717174,2.859746422987369e-05,lower,0.1
352,phase1,lower,-10.0,4,-14.13175056910758,-10.002918199041153,-7.499637572369729,-4.998431722682759,-2.498976514590142,2.1162871204553457e-05,lower,0.1
353,phase1,lower,-10.0,4,-14.13175056910758,-10.002571089789926,-7.499415077872045,-4.998382307261658,-2.4990208462843397,1.4419651872848451e-05,lower,0.1
354,phase1,lower,-10.0,4,-14.13175056910758,-10.002242510911453,-7.499217504108544,-4.998352268665722,-2.499070277460775,8.335318076233735e-06,lower,0.1
355,phase1,lower,-10.0,4,-14.13175056910758,-10.001932508444893,-7.499044054130195,-4.998339859684425,-2.4991236890496022,2.877730008663321e-06,lower,0.1
356,phase1,lower,-10.0,4,-14.13175056910758,-10.001641073056415,-7.498893833449216,-4.998343368505425,-2.4991800716566397,-1.9849489545119685e-06,lower,0.1
357,phase1,lower,-10.0,4,-14.13175056910758,-10.001368135549754,-7.4987658620032835,-4.998361128800977,-2.49923851846236,-6.284272488488956e-06,lower,0.1
358,phase1,lower,-10.0,4,-14.13175056910758,-10.001113564040345,-7.498659086388966,-4.998391528364792,-2.4992982185553547,-1.0051509975635362e-05,lower,0.1
359,phase1,lower,-10.0,4,-14.13175056910758,-10.000877162634184,-7.498572392141247,-4.9984330164054835,-2.499358450650109,-1.3317626898267247e-05,lower,0.1
360,phase1,lower,-10.0,4,-14.13175056910758,-10.000658671449099,-7.498504615869307,-4.998484109596226,-2.499418577146099,-1.611325016408933e-05,lower,0.1
361,phase1,lower,-10.0,4,-14.13175056910758,-10.000457767816266,-7.498454557088948,-4.998543396974704,-2.4994780384917794,-1.8468621398416555e-05,lower,0.1
362,phase1,lower,-10.0,4,-14.13175056910758,-10.000274068502792,-7.498420989619367,-4.998609543782618,-2.4995363478229065,-2.0413541039464335e-05,lower,0.1
363,phase1,lower,-10.0,4,-14.13175056910758,-10.000107132801386,-7.498402672436694,-4.9986812943297565,-2.49959308584988,-2.197730585178413e-05,lower,0.1
364,phase1,lower,-10.0,4,-14.13175056910758,-9.999956466340183,-7.49839835989884,-4.998757473963869,-2.499647895973406,-2.3188642236536524e-05,lower,0.1
365,phase1,lower,-10.0,4,-14.13175056910758,-9.999821525474061,-7.498406811276036,-4.998836990224064,-2.4997004796117914,-2.4075637473577786e-05,lower,0.1
366,phase1,lower,-10.0,4,-14.13175056910758,-9.999701722127986,-7.4984267995391,-4.998918833252217,-2.499750591726647,-2.4665670784258215e-05,lower,0.1
367,phase1,lower,-10.0,4,-14.13175056910758,-9.999596428972803,-7.498457119373106,-4.9990020755338005,-2.49979803653669,-2.4985345862104434e-05,lower,0.1
368,phase1,lower,-10.0,4,-14.13175056910758,-9.999504984824108,-7.498496594397877,-4.9990858710365185,-2.4998426634117994,-2.5060426282821322e-05,lower,0.1
369,phase1,lower,-10.0,4,-14.13175056910758,-9.99942670016514,-7.498544083588791,-4.999169453812225,-2.499884362941477,-2.491577497954044e-05,lower,0.1
370,phase1,lower,-10.0,4,-14.13175056910758,-9.999360862704986,-7.49859848690181,-4.999252136124657,-2.4999230631734735,-2.4575298756418257e-05,lower,0.1
371,phase1,lower,-10.0,4,-14.13175056910758,-9.999306742893548,-7.498658750115625,-4.999333306162627,-2.499958726019606,-2.4061898613522056e-05,lower,0.1
372,phase1,lower,-10.0,4,-14.13175056910758,-9.999263599324507,-7.498723868911449,-4.99941242539538,-2.4999913438267223,-2.3397426471592104e-05,lower,0.1
373,phase1,lower,-10.0,4,-14.13175056910758,-9.999230683967026,-7.498792892217366,-4.999489025623848,-2.5000209361114294,-2.260264871575789e-05,lower,0.1
374,phase1,lower,-10.0,4,-14.13175056910758,-9.999207247175905,-7.498864924849464,-4.9995627057785965,-2.500047546457644,-2.169721682427864e-05,lower,0.1
375,phase1,lower,-10.0,4,-14.13175056910758,-9.999192542438402,-7.498939129486163,-4.9996331285122375,-2.5000712395762292,-2.069964520935966e-05,lower,0.1
376,phase1,lower,-10.0,4,-14.13175056910758,-9.999185830823867,-7.499014728015543,-4.99970001663108,-2.500092098526045,-1.96272962764758e-05,lower,0.1
377,phase1,lower,-10.0,4,-14.13175056910758,-9.999186385109683,-7.499091002297925,-4.9997631494077766,-2.500110222095645,-1.849637259961383e-05,lower,0.1
378,phase1,lower,-10.0,4,-14.13175056910758,-9.999193493563846,-7.499167294387731,-4.999822358813704,-2.500125722344651,-1.732191601887632e-05,lower,0.1
379,phase1,lower,-10.0,4,-14.13175056910758,-9.999206463370651,-7.499243006259666,-4.999877525706836,-2.5001387223035474,-1.6117813386071253e-05,lower,0.1
380,phase1,lower,-10.0,4,-14.13175056910758,-9.9992246236916,-7.4993175990848195,-4.9999285760078855,-2.5001493538302695,-1.4896808619867298e-05,lower,0.1
381,phase1,lower,-10.0,4,-14.13175056910758,-9.99924732835868,-7.4993905921021735,-4.999975476894581,-2.5001577556215664,-1.3670520676902804e-05,lower,0.1
382,phase1,lower,-10.0,4,-14.13175056910758,-9.999273958201638,-7.499461561130515,-5.000018233041045,-2.500164071376674,-1.244946700318155e-05,lower,0.1
383,phase1,lower,-10.0,4,-14.13175056910758,-9.999303923014828,-7.49953013676486,-5.000056882926496,-2.5001684481103905,-1.1243091998391675e-05,lower,0.1
384,phase1,lower,-10.0,4,-14.13175056910758,-9.99933666317263,-7.499596002300234,-5.000091495234696,-2.5001710346121846,-1.0059800002756543e-05,lower,0.1
385,phase1,lower,-10.0,4,-14.13175056910758,-9.999371650905394,-7.499658891424128,-5.000122165362989,-2.5001719800475386,-8.906992302026903e-06,lower,0.1
386,phase1,lower,-10.0,4,-14.13175056910758,-9.999408391250338,-7.49971858571717,-5.000149012057203,-2.5001714326972984,-7.791107640124992e-06,lower,0.1
387,phase1,lower,-10.0,4,-14.13175056910758,-9.999446422693898,-7.499774911999591,-5.000172174186285,-2.500169538830402,-6.717665729634383e-06,lower,0.1
388,phase1,lower,-10.0,4,-14.13175056910758,-9.999485317523625,-7.499827739558923,-5.000191807668202,-2.500166441705007,-5.691313256059957e-06,lower,0.1
389,phase1,lower,-10.0,4,-14.13175056910758,-9.999524681909085,-7.499876977292155,-5.000208082556446,-2.500162280692695,-4.715871885102241e-06,lower,0.1
390,phase1,lower,-10.0,4,-14.13175056910758,-9.999564155732088,-7.499922570793215,-5.000221180294448,-2.5001571905201683,-3.7943877968722167e-06,lower,0.1
391,phase1,lower,-10.0,4,-14.13175056910758,-9.999603412187218,-7.4999644994143,-5.000231291143226,-2.5001513006225906,-2.929182292230278e-06,lower,0.1
392,phase1,lower,-10.0,4,-14.13175056910758,-9.999642157173989,-7.500002773327168,-5.000238611785827,-2.500144734602539,-2.121903039183662e-06,lower,0.1
393,phase1,lower,-10.0,4,-14.13175056910758,-9.99968012850204,-7.500037430608084,-5.000243343110417,-2.50013760978838,-1.3735755529995896e-06,lower,0.1
394,phase1,lower,-10.0,4,-14.13175056910758,-9.999717094930642,-7.500068534367778,-5.0002456881724,-2.5001300368857775,-6.846545315998627e-07,lower,0.1
395,phase1,lower,-10.0,4,-14.13175056910758,-9.999752855063434,-7.500096169945398,-5.000245850334473,-2.5001221197159755,-5.507469670989261e-08,lower,0.1
396,phase1,upper,-15.0,2,-14.308808678800688,-9.999752855063434,-7.500096169945398,-5.000245850334473,-2.5001221197159755,-0.010112284502044745,lower,0.1
397,phase1,lower,-10.0,4,-14.308808678800688,-10.00888824260347,-7.506491146722406,-5.004703524759798,-2.5032356002587015,-0.002427430586328022,lower,0.1
398,phase1,lower,-10.0,4,-14.308808678800688,-10.01083322054306,-7.507776944206744,-5.005533658293117,-2.5035562544597014,-0.00040398750202680117,lower,0.1
399,phase1,lower,-10.0,4,-14.308808678800688,-10.010891181661252,-7.5077246082805775,-5.005395744055745,-2.5031891174124077,0.0001156411014871508,lower,0.1
400,phase2,lower,-20.0,4,-14.308808678800688,-10.010289532718923,-9.40728212407786,-5.004976484993511,-2.5025831851040503,nan,lower,0.1
401,phase2,lower,-20.0,4,-14.308808678800688,-10.370718125077122,-10.945844052651834,-5.004521758014514,-2.5020923799342807,nan,lower,0.1
402,phase2,lower,-20.0,4,-14.308808678800688,-10.954992051316317,-12.191992816670743,-5.004060176179269,-2.501694827746767,nan,lower,0.1
403,phase2,lower,-20.0,4,-14.308808678800688,-11.665022196733657,-13.201285614977362,-5.003610759977094,-2.5013728104748814,nan,lower,0.1
404,phase2,lower,-20.0,4,-14.308808678800688,-12.43191224619996,-14.01872739252731,-5.003185549571674,-2.501111976484654,nan,lower,0.1
405,phase2,lower,-20.0,4,-14.308808678800688,-13.208407124002157,-14.68077444236574,-5.00279157068514,-2.5009007009525694,nan,lower,0.1
406,phase2,lower,-20.0,4,-14.308808678800688,-13.963156914491238,-15.216957696746427,-5.002432305435952,-2.500729567771581,nan,lower,0.1
407,phase2,lower,-20.0,4,-14.308808678800688,-14.676379063119724,-15.651197872397436,-5.002108785279721,-2.5005909498949808,nan,upper,0.1
408,phase2,upper,-15.0,2,-14.603516745038107,-14.676379063119724,-15.651197872397436,-5.002108785279721,-2.5005909498949808,nan,upper,0.1
409,phase2,upper,-15.0,2,-14.811187752800603,-14.676379063119724,-15.651197872397436,-5.002108785279721,-2.5005909498949808,nan,lower,0.1
410,phase2,lower,-20.0,4,-14.811187752800603,-15.33659463688249,-16.00287094584507,-5.001820396556621,-2.5004786694149344,nan,upper,0.1
411,phase2,upper,-15.0,2,-14.954256823117474,-15.33659463688249,-16.00287094584507,-5.001820396556621,-2.5004786694149344,nan,upper,0.1
412,phase2,upper,-15.0,2,-15.049775768837833,-15.33659463688249,-16.00287094584507,-5.001820396556621,-2.5004786694149344,nan,upper,0.1
413,phase2,upper,-15.0,2,-15.110648843869914,-15.33659463688249,-16.00287094584507,-5.001820396556621,-2.5004786694149344,nan,upper,0.1
414,phase2,upper,-15.0,2,-15.146593245134758,-15.33659463688249,-16.00287094584507,-5.001820396556621,-2.5004786694149344,nan,upper,0.1
415,phase2,upper,-15.0,2,-15.164884350655258,-15.33659463688249,-16.00287094584507,-5.001820396556621,-2.5004786694149344,nan,upper,0.1
416,phase2,upper,-15.0,2,-15.170932819928604,-15.33659463688249,-16.00287094584507,-5.001820396556621,-2.5004786694149344,nan,upper,0.1
417,phase2,upper,-15.0,2,-15.168730545819423,-15.33659463688249,-16.00287094584507,-5.001820396556621,-2.5004786694149344,nan,upper,0.1
418,phase2,upper,-15.0,2,-15.16119446107231,-15.33659463688249,-16.00287094584507,-5.001820396556621,-2.5004786694149344,nan,upper,0.1
419,phase2,upper,-15.0,2,-15.150430915825018,-15.33659463688249,-16.00287094584507,-5.001820396556621,-2.5004786694149344,nan,upper,0.1
420,phase2,upper,-15.0,2,-15.137938397726986,-15.33659463688249,-16.00287094584507,-5.001820396556621,-2.5004786694149344,nan,upper,0.1
421,phase2,upper,-15.0,2,-15.124762480444923,-15.33659463688249,-16.00287094584507,-5.001820396556621,-2.5004786694149344,nan,upper,0.1
422,phase2,upper,-15.0,2,-15.1116138355721,-15.33659463688249,-16.00287094584507,-5.001820396556621,-2.5004786694149344,nan,upper,0.1
423,phase2,upper,-15.0,2,-15.098957750206889,-15.33659463688249,-16.00287094584507,-5.001820396556621,-2.5004786694149344,nan,upper,0.1
424,phase2,upper,-15.0,2,-15.087081717816304,-15.33659463688249,-16.00287094584507,-5.001820396556621,-2.5004786694149344,nan,upper,0.1
425,phase2,upper,-15.0,2,-15.076146202951673,-15.33659463688249,-16.00287094584507,-5.001820396556621,-2.5004786694149344,nan,upper,0.1
426,phase2,upper,-15.0,2,-15.066222533722433,-15.33659463688249,-16.00287094584507,-5.001820396556621,-2.5004786694149344,nan,upper,0.1
427,phase2,upper,-15.0,2,-15.05732098087375,-15.33659463688249,-16.00287094584507,-5.001820396556621,-2.5004786694149344,nan,upper,0.1
428,phase2,upper,-15.0,2,-15.049411384640186,-15.33659463688249,-16.00287094584507,-5.001820396556621,-2.5004786694149344,nan,upper,0.1
429,phase2,upper,-15.0,2,-15.042438147565834,-15.33659463688249,-16.00287094584507,-5.001820396556621,-2.5004786694149344,nan,upper,0.1
430,phase2,lower,-20.0,4,-15.042438147565834,-15.93818713558538,-16.287671341480266,-5.001565468399701,-2.5003877222260966,nan,upper,0.1
431,phase2,upper,-15.0,2,-15.036330989594225,-15.93818713558538,-16.287671341480266,-5.001565468399701,-2.5003877222260966,nan,upper,0.1
432,phase2,upper,-15.0,2,-15.0310125345247,-15.93818713558538,-16.287671341480266,-5.001565468399701,-2.5003877222260966,nan,upper,0.1
433,phase2,upper,-15.0,2,-15.026403543657244,-15.93818713558538,-16.287671341480266,-5.001565468399701,-2.5003877222260966,nan,upper,0.1
434,phase2,upper,-15.0,2,-15.022426416823079,-15.93818713558538,-16.287671341480266,-5.001565468399701,-2.5003877222260966,nan,upper,0.1
435,phase2,upper,-15.0,2,-15.01900743025987,-15.93818713558538,-16.287671341480266,-5.001565468399701,-2.5003877222260966,nan,upper,0.1
436,phase2,upper,-15.0,2,-15.016078064943368,-15.93818713558538,-16.287671341480266,-5.001565468399701,-2.5003877222260966,nan,upper,0.1
437,phase2,upper,-15.0,2,-15.013575690214756,-15.93818713558538,-16.287671341480266,-5.001565468399701,-2.5003877222260966,nan,upper,0.1
438,phase2,upper,-15.0,2,-15.01144379973856,-15.93818713558538,-16.287671341480266,-5.001565468399701,-2.5003877222260966,nan,upper,0.1
439,phase2,upper,-15.0,2,-15.009631945226566,-15.93818713558538,-16.287671341480266,-5.001565468399701,-2.5003877222260966,nan,upper,0.1
440,phase2,upper,-15.0,2,-15.008095474258567,-15.93818713558538,-16.287671341480266,-5.001565468399701,-2.5003877222260966,nan,upper,0.1
441,phase2,upper,-15.0,2,-15.00679514903573,-15.93818713558538,-16.287671341480266,-5.001565468399701,-2.5003877222260966,nan,upper,0.1
442,phase2,upper,-15.0,2,-15.005696700776836,-15.93818713558538,-16.287671341480266,-5.001565468399701,-2.5003877222260966,nan,upper,0.1
443,phase2,upper,-15.0,2,-15.004770357976131,-15.93818713558538,-16.287671341480266,-5.001565468399701,-2.5003877222260966,nan,upper,0.1
444,phase2,upper,-15.0,2,-15.003990374541651,-15.93818713558538,-16.287671341480266,-5.001565468399701,-2.5003877222260966,nan,upper,0.1
445,phase2,upper,-15.0,2,-15.003334574889335,-15.93818713558538,-16.287671341480266,-5.001565468399701,-2.5003877222260966,nan,upper,0.1
446,phase2,upper,-15.0,2,-15.002783926583945,-15.93818713558538,-16.287671341480266,-5.001565468399701,-2.5003877222260966,nan,upper,0.1
447,phase2,upper,-15.0,2,-15.002322146481099,-15.93818713558538,-16.287671341480266,-5.001565468399701,-2.5003877222260966,nan,upper,0.1
448,phase2,upper,-15.0,2,-15.001935343067654,-15.93818713558538,-16.287671341480266,-5.001565468399701,-2.5003877222260966,nan,upper,0.1
449,phase2,upper,-15.0,2,-15.00161169546335,-15.93818713558538,-16.287671341480266,-5.001565468399701,-2.5003877222260966,nan,upper,0.1
450,phase2,upper,-15.0,2,-15.00134116806394,-15.93818713558538,-16.287671341480266,-5.001565468399701,-2.5003877222260966,nan,upper,0.1
451,phase2,upper,-15.0,2,-15.001115258870078,-15.93818713558538,-16.287671341480266,-5.001565468399701,-2.5003877222260966,nan,upper,0.1
452,phase2,upper,-15.0,2,-15.000926779002775,-15.93818713558538,-16.287671341480266,-5.001565468399701,-2.5003877222260966,nan,upper,0.1
453,phase2,upper,-15.0,2,-15.000769660639838,-15.93818713558538,-16.287671341480266,-5.001565468399701,-2.5003877222260966,nan,upper,0.1
454,phase2,upper,-15.0,2,-15.000638790532816,-15.93818713558538,-16.287671341480266,-5.001565468399701,-2.5003877222260966,nan,upper,0.1
455,phase2,upper,-15.0,2,-15.000529866317365,-15.93818713558538,-16.287671341480266,-5.001565468399701,-2.5003877222260966,nan,upper,0.1
456,phase2,upper,-15.0,2,-15.00043927296555,-15.93818713558538,-16.287671341480266,-5.001565468399701,-2.5003877222260966,nan,upper,0.1
457,phase2,upper,-15.0,2,-15.000363976913368,-15.93818713558538,-16.287671341480266,-5.001565468399701,-2.5003877222260966,nan,upper,0.1
458,phase2,upper,-15.0,2,-15.000301435606959,-15.93818713558538,-16.287671341480266,-5.001565468399701,-2.5003877222260966,nan,upper,0.1
459,phase2,upper,-15.0,2,-15.000249520430414,-15.93818713558538,-16.287671341480266,-5.001565468399701,-2.5003877222260966,nan,upper,0.1
460,phase2,upper,-15.0,2,-15.000206451195544,-15.93818713558538,-16.287671341480266,-5.001565468399701,-2.5003877222260966,nan,upper,0.1
461,phase2,upper,-15.0,2,-15.000170740582385,-15.93818713558538,-16.287671341480266,-5.001565468399701,-2.5003877222260966,nan,upper,0.1
462,phase2,upper,-15.0,2,-15.00014114711407,-15.93818713558538,-16.287671341480266,-5.001565468399701,-2.5003877222260966,nan,upper,0.1
463,phase2,upper,-15.0,2,-15.00011663542869,-15.93818713558538,-16.287671341480266,-5.001565468399701,-2.5003877222260966,nan,upper,0.1
464,phase2,upper,-15.0,2,-15.000096342772936,-15.93818713558538,-16.287671341480266,-5.001565468399701,-2.5003877222260966,nan,upper,0.1
465,phase2,upper,-15.0,2,-15.000079550787394,-15.93818713558538,-16.287671341480266,-5.001565468399701,-2.5003877222260966,nan,upper,0.1
466,phase2,upper,-15.0,2,-15.000065661782253,-15.93818713558538,-16.287671341480266,-5.001565468399701,-2.5003877222260966,nan,upper,0.1
467,phase2,upper,-15.0,2,-15.000054178815642,-15.93818713558538,-16.287671341480266,-5.001565468399701,-2.5003877222260966,nan,upper,0.1
468,phase2,upper,-15.0,2,-15.000044688986003,-15.93818713558538,-16.287671341480266,-5.001565468399701,-2.5003877222260966,nan,upper,0.1
469,phase2,upper,-15.0,2,-15.000036849436382,-15.93818713558538,-16.287671341480266,-5.001565468399701,-2.5003877222260966,nan,upper,0.1
470,phase2,upper,-15.0,2,-15.000030375643222,-15.93818713558538,-16.287671341480266,-5.001565468399701,-2.5003877222260966,nan,upper,0.1
471,phase2,upper,-15.0,2,-15.00002503162681,-15.93818713558538,-16.287671341480266,-5.001565468399701,-2.5003877222260966,nan,upper,0.1
472,phase2,upper,-15.0,2,-15.000020621775914,-15.93818713558538,-16.287671341480266,-5.001565468399701,-2.5003877222260966,nan,upper,0.1
473,phase2,upper,-15.0,2,-15.000016984026631,-15.93818713558538,-16.287671341480266,-5.001565468399701,-2.5003877222260966,nan,upper,0.1
474,phase2,upper,-15.0,2,-15.000013984175965,-15.93818713558538,-16.287671341480266,-5.001565468399701,-2.5003877222260966,nan,upper,0.1
475,phase2,lower,-20.0,4,-15.000013984175965,-16.47958913470541,-16.518311225594957,-5.0013416966267155,-2.5003140550031384,nan,upper,0.1
476,phase2,upper,-15.0,2,-15.00001151114519,-16.47958913470541,-16.518311225594957,-5.0013416966267155,-2.5003140550031384,nan,upper,0.1
477,phase2,upper,-15.0,2,-15.000009473037359,-16.47958913470541,-16.518311225594957,-5.0013416966267155,-2.5003140550031384,nan,upper,0.1
478,phase2,upper,-15.0,2,-15.000007793858162,-16.47958913470541,-16.518311225594957,-5.0013416966267155,-2.5003140550031384,nan,upper,0.1
479,phase2,upper,-15.0,2,-15.00000641079041,-16.47958913470541,-16.518311225594957,-5.0013416966267155,-2.5003140550031384,nan,upper,0.1
480,phase2,upper,-15.0,2,-15.000005271930124,-16.47958913470541,-16.518311225594957,-5.0013416966267155,-2.5003140550031384,nan,upper,0.1
481,phase2,upper,-15.0,2,-15.000004334407214,-16.47958913470541,-16.518311225594957,-5.0013416966267155,-2.5003140550031384,nan,upper,0.1
482,phase2,upper,-15.0,2,-15.00000356282633,-16.47958913470541,-16.518311225594957,-5.0013416966267155,-2.5003140550031384,nan,upper,0.1
483,phase2,upper,-15.0,2,-15.000002927974084,-16.47958913470541,-16.518311225594957,-5.0013416966267155,-2.5003140550031384,nan,upper,0.1
484,phase2,upper,-15.0,2,-15.00000240574766,-16.47958913470541,-16.518311225594957,-5.0013416966267155,-2.5003140550031384,nan,upper,0.1
485,phase2,upper,-15.0,2,-15.000001976267413,-16.47958913470541,-16.518311225594957,-5.0013416966267155,-2.5003140550031384,nan,upper,0.1
486,phase2,upper,-15.0,2,-15.000001623142168,-16.47958913470541,-16.518311225594957,-5.0013416966267155,-2.5003140550031384,nan,upper,0.1
487,phase2,upper,-15.0,2,-15.000001332861263,-16.47958913470541,-16.518311225594957,-5.0013416966267155,-2.5003140550031384,nan,upper,0.1
488,phase2,lower,-20.0,4,-15.000001332861263,-16.961946331974424,-16.705087015090992,-5.001146444718236,-2.5002543845525422,nan,upper,0.1
489,phase2,upper,-15.0,2,-15.00000109429167,-16.961946331974424,-16.705087015090992,-5.001146444718236,-2.5002543845525422,nan,upper,0.1
490,phase2,upper,-15.0,2,-15.00000089826223,-16.961946331974424,-16.705087015090992,-5.001146444718236,-2.5002543845525422,nan,upper,0.1
491,phase2,upper,-15.0,2,-15.000000737220049,-16.961946331974424,-16.705087015090992,-5.001146444718236,-2.5002543845525422,nan,upper,0.1
492,phase2,upper,-15.0,2,-15.00000060494663,-16.961946331974424,-16.705087015090992,-5.001146444718236,-2.5002543845525422,nan,upper,0.1
493,phase2,upper,-15.0,2,-15.000000496323466,-16.961946331974424,-16.705087015090992,-5.001146444718236,-2.5002543845525422,nan,upper,0.1
494,phase2,upper,-15.0,2,-15.000000407138531,-16.961946331974424,-16.705087015090992,-5.001146444718236,-2.5002543845525422,nan,upper,0.1
495,phase2,upper,-15.0,2,-15.000000333926595,-16.961946331974424,-16.705087015090992,-5.001146444718236,-2.5002543845525422,nan,upper,0.1
496,phase2,upper,-15.0,2,-15.000000273837493,-16.961946331974424,-16.705087015090992,-5.001146444718236,-2.5002543845525422,nan,upper,0.1
497,phase2,upper,-15.0,2,-15.0000002245275,-16.961946331974424,-16.705087015090992,-5.001146444718236,-2.5002543845525422,nan,upper,0.1
498,phase2,upper,-15.0,2,-15.000000184069771,-16.961946331974424,-16.705087015090992,-5.001146444718236,-2.5002543845525422,nan,upper,0.1
499,phase2,lower,-20.0,4,-15.000000184069771,-17.388143061766574,-16.85633830672017,-5.000976953286754,-2.500206051487559,nan,upper,0.1
500,phase2,upper,-15.0,2,-15.000000150880537,-17.388143061766574,-16.85633830672017,-5.000976953286754,-2.500206051487559,nan,upper,0.1
501,phase2,upper,-15.0,2,-15.000000123658292,-17.388143061766574,-16.85633830672017,-5.000976953286754,-2.500206051487559,nan,upper,0.1
502,phase2,upper,-15.0,2,-15.000000101333713,-17.388143061766574,-16.85633830672017,-5.000976953286754,-2.500206051487559,nan,upper,0.1
503,phase2,upper,-15.0,2,-15.000000083028409,-17.388143061766574,-16.85633830672017,-5.000976953286754,-2.500206051487559,nan,upper,0.1
504,phase2,upper,-15.0,2,-15.000000068020974,-17.388143061766574,-16.85633830672017,-5.000976953286754,-2.500206051487559,nan,upper,0.1
505,phase2,upper,-15.0,2,-15.000000055719038,-17.388143061766574,-16.85633830672017,-5.000976953286754,-2.500206051487559,nan,upper,0.1
506,phase2,upper,-15.0,2,-15.00000004563628,-17.388143061766574,-16.85633830672017,-5.000976953286754,-2.500206051487559,nan,upper,0.1
507,phase2,upper,-15.0,2,-15.000000037373514,-17.388143061766574,-16.85633830672017,-5.000976953286754,-2.500206051487559,nan,upper,0.1
508,phase2,upper,-15.0,2,-15.000000030603129,-17.388143061766574,-16.85633830672017,-5.000976953286754,-2.500206051487559,nan,upper,0.1
509,phase2,upper,-15.0,2,-15.000000025056305,-17.388143061766574,-16.85633830672017,-5.000976953286754,-2.500206051487559,nan,upper,0.1
510,phase2,upper,-15.0,2,-15.000000020512502,-17.388143061766574,-16.85633830672017,-5.000976953286754,-2.500206051487559,nan,upper,0.1
511,phase2,upper,-15.0,2,-15.000000016790812,-17.388143061766574,-16.85633830672017,-5.000976953286754,-2.500206051487559,nan,upper,0.1
512,phase2,upper,-15.0,2,-15.000000013742863,-17.388143061766574,-16.85633830672017,-5.000976953286754,-2.500206051487559,nan,upper,0.1
513,phase2,upper,-15.0,2,-15.000000011246986,-17.388143061766574,-16.85633830672017,-5.000976953286754,-2.500206051487559,nan,upper,0.1
514,phase2,upper,-15.0,2,-15.000000009203426,-17.388143061766574,-16.85633830672017,-5.000976953286754,-2.500206051487559,nan,upper,0.1
515,phase2,upper,-15.0,2,-15.000000007530401,-17.388143061766574,-16.85633830672017,-5.000976953286754,-2.500206051487559,nan,upper,0.1
516,phase2,upper,-15.0,2,-15.000000006160883,-17.388143061766574,-16.85633830672017,-5.000976953286754,-2.500206051487559,nan,upper,0.1
517,phase2,upper,-15.0,2,-15.000000005039935,-17.388143061766574,-16.85633830672017,-5.000976953286754,-2.500206051487559,nan,upper,0.1
518,phase2,upper,-15.0,2,-15.000000004122539,-17.388143061766574,-16.85633830672017,-5.000976953286754,-2.500206051487559,nan,upper,0.1
519,phase2,upper,-15.0,2,-15.000000003371811,-17.388143061766574,-16.85633830672017,-5.000976953286754,-2.500206051487559,nan,upper,0.1
520,phase2,upper,-15.0,2,-15.000000002757536,-17.388143061766574,-16.85633830672017,-5.000976953286754,-2.500206051487559,nan,upper,0.1
521,phase2,upper,-15.0,2,-15.000000002254964,-17.388143061766574,-16.85633830672017,-5.000976953286754,-2.500206051487559,nan,upper,0.1
522,phase2,upper,-15.0,2,-15.000000001843823,-17.388143061766574,-16.85633830672017,-5.000976953286754,-2.500206051487559,nan,upper,0.1
523,phase2,upper,-15.0,2,-15.00000000150751,-17.388143061766574,-16.85633830672017,-5.000976953286754,-2.500206051487559,nan,upper,0.1
524,phase2,upper,-15.0,2,-15.000000001232435,-17.388143061766574,-16.85633830672017,-5.000976953286754,-2.500206051487559,nan,upper,0.1
525,phase2,upper,-15.0,2,-15.000000001007466,-17.388143061766574,-16.85633830672017,-5.000976953286754,-2.500206051487559,nan,upper,0.1
526,phase2,upper,-15.0,2,-15.000000000823494,-17.388143061766574,-16.85633830672017,-5.000976953286754,-2.500206051487559,nan,upper,0.1
527,phase2,upper,-15.0,2,-15.000000000673063,-17.388143061766574,-16.85633830672017,-5.000976953286754,-2.500206051487559,nan,upper,0.1
528,phase2,upper,-15.0,2,-15.000000000550068,-17.388143061766574,-16.85633830672017,-5.000976953286754,-2.500206051487559,nan,upper,0.1
529,phase2,upper,-15.0,2,-15.000000000449514,-17.388143061766574,-16.85633830672017,-5.000976953286754,-2.500206051487559,nan,upper,0.1
530,phase2,upper,-15.0,2,-15.000000000367313,-17.388143061766574,-16.85633830672017,-5.000976953286754,-2.500206051487559,nan,upper,0.1
531,phase2,upper,-15.0,2,-15.00000000030012,-17.388143061766574,-16.85633830672017,-5.000976953286754,-2.500206051487559,nan,upper,0.1
532,phase2,upper,-15.0,2,-15.000000000245201,-17.388143061766574,-16.85633830672017,-5.000976953286754,-2.500206051487559,nan,upper,0.1
533,phase2,upper,-15.0,2,-15.000000000200316,-17.388143061766574,-16.85633830672017,-5.000976953286754,-2.500206051487559,nan,upper,0.1
534,phase2,upper,-15.0,2,-15.000000000163636,-17.388143061766574,-16.85633830672017,-5.000976953286754,-2.500206051487559,nan,upper,0.1
535,phase2,lower,-20.0,4,-15.000000000163636,-17.762100158307756,-16.978819649567818,-5.000830481944907,-2.500166901704923,nan,upper,0.1
536,phase2,upper,-15.0,2,-15.000000000133664,-17.762100158307756,-16.978819649567818,-5.000830481944907,-2.500166901704923,nan,upper,0.1
537,phase2,lower,-20.0,4,-15.000000000133664,-18.088276861647167,-17.078001707719466,-5.00070440169931,-2.5001351903809876,nan,upper,0.1
538,phase2,upper,-15.0,2,-15.000000000109173,-18.088276861647167,-17.078001707719466,-5.00070440169931,-2.5001351903809876,nan,upper,0.1
539,phase2,upper,-15.0,2,-15.000000000089164,-18.088276861647167,-17.078001707719466,-5.00070440169931,-2.5001351903809876,nan,upper,0.1
540,phase2,upper,-15.0,2,-15.000000000072816,-18.088276861647167,-17.078001707719466,-5.00070440169931,-2.5001351903809876,nan,upper,0.1
541,phase2,upper,-15.0,2,-15.000000000059462,-18.088276861647167,-17.078001707719466,-5.00070440169931,-2.5001351903809876,nan,upper,0.1
542,phase2,upper,-15.0,2,-15.000000000048553,-18.088276861647167,-17.078001707719466,-5.00070440169931,-2.5001351903809876,nan,upper,0.1
543,phase2,upper,-15.0,2,-15.000000000039643,-18.088276861647167,-17.078001707719466,-5.00070440169931,-2.5001351903809876,nan,upper,0.1
544,phase2,upper,-15.0,2,-15.000000000032367,-18.088276861647167,-17.078001707719466,-5.00070440169931,-2.5001351903809876,nan,upper,0.1
545,phase2,upper,-15.0,2,-15.000000000026425,-18.088276861647167,-17.078001707719466,-5.00070440169931,-2.5001351903809876,nan,upper,0.1
546,phase2,upper,-15.0,2,-15.000000000021572,-18.088276861647167,-17.078001707719466,-5.00070440169931,-2.5001351903809876,nan,upper,0.1
547,phase2,upper,-15.0,2,-15.000000000017609,-18.088276861647167,-17.078001707719466,-5.00070440169931,-2.5001351903809876,nan,upper,0.1
548,phase2,upper,-15.0,2,-15.000000000014373,-18.088276861647167,-17.078001707719466,-5.00070440169931,-2.5001351903809876,nan,upper,0.1
549,phase2,upper,-15.0,2,-15.000000000011731,-18.088276861647167,-17.078001707719466,-5.00070440169931,-2.5001351903809876,nan,upper,0.1
550,phase2,upper,-15.0,2,-15.000000000009575,-18.088276861647167,-17.078001707719466,-5.00070440169931,-2.5001351903809876,nan,upper,0.1
551,phase2,upper,-15.0,2,-15.000000000007814,-18.088276861647167,-17.078001707719466,-5.00070440169931,-2.5001351903809876,nan,upper,0.1
552,phase2,upper,-15.0,2,-15.000000000006377,-18.088276861647167,-17.078001707719466,-5.00070440169931,-2.5001351903809876,nan,upper,0.1
553,phase2,upper,-15.0,2,-15.000000000005205,-18.088276861647167,-17.078001707719466,-5.00070440169931,-2.5001351903809876,nan,upper,0.1
554,phase2,upper,-15.0,2,-15.000000000004247,-18.088276861647167,-17.078001707719466,-5.00070440169931,-2.5001351903809876,nan,upper,0.1
555,phase2,upper,-15.0,2,-15.000000000003466,-18.088276861647167,-17.078001707719466,-5.00070440169931,-2.5001351903809876,nan,upper,0.1
556,phase2,lower,-20.0,4,-15.000000000003466,-18.371324582400902,-17.158315219575638,-5.000596251548829,-2.5001095042086,nan,upper,0.1
557,phase2,upper,-15.0,2,-15.000000000002828,-18.371324582400902,-17.158315219575638,-5.000596251548829,-2.5001095042086,nan,upper,0.1
558,phase2,upper,-15.0,2,-15.000000000002307,-18.371324582400902,-17.158315219575638,-5.000596251548829,-2.5001095042086,nan,upper,0.1
559,phase2,upper,-15.0,2,-15.000000000001883,-18.371324582400902,-17.158315219575638,-5.000596251548829,-2.5001095042086,nan,upper,0.1
560,phase2,upper,-15.0,2,-15.000000000001537,-18.371324582400902,-17.158315219575638,-5.000596251548829,-2.5001095042086,nan,upper,0.1
561,phase2,upper,-15.0,2,-15.000000000001254,-18.371324582400902,-17.158315219575638,-5.000596251548829,-2.5001095042086,nan,upper,0.1
562,phase2,upper,-15.0,2,-15.000000000001023,-18.371324582400902,-17.158315219575638,-5.000596251548829,-2.5001095042086,nan,upper,0.1
563,phase2,upper,-15.0,2,-15.000000000000835,-18.371324582400902,-17.158315219575638,-5.000596251548829,-2.5001095042086,nan,upper,0.1
564,phase2,upper,-15.0,2,-15.00000000000068,-18.371324582400902,-17.158315219575638,-5.000596251548829,-2.5001095042086,nan,upper,0.1
565,phase2,upper,-15.0,2,-15.000000000000554,-18.371324582400902,-17.158315219575638,-5.000596251548829,-2.5001095042086,nan,upper,0.1
566,phase2,upper,-15.0,2,-15.000000000000451,-18.371324582400902,-17.158315219575638,-5.000596251548829,-2.5001095042086,nan,upper,0.1
567,phase2,upper,-15.0,2,-15.000000000000368,-18.371324582400902,-17.158315219575638,-5.000596251548829,-2.5001095042086,nan,upper,0.1
568,phase2,upper,-15.0,2,-15.0000000000003,-18.371324582400902,-17.158315219575638,-5.000596251548829,-2.5001095042086,nan,upper,0.1
569,phase2,upper,-15.0,2,-15.000000000000245,-18.371324582400902,-17.158315219575638,-5.000596251548829,-2.5001095042086,nan,upper,0.1
570,phase2,upper,-15.0,2,-15.0000000000002,-18.371324582400902,-17.158315219575638,-5.000596251548829,-2.5001095042086,nan,upper,0.1
571,phase2,upper,-15.0,2,-15.000000000000163,-18.371324582400902,-17.158315219575638,-5.000596251548829,-2.5001095042086,nan,upper,0.1
572,phase2,upper,-15.0,2,-15.000000000000133,-18.371324582400902,-17.158315219575638,-5.000596251548829,-2.5001095042086,nan,upper,0.1
573,phase2,upper,-15.0,2,-15.000000000000108,-18.371324582400902,-17.158315219575638,-5.000596251548829,-2.5001095042086,nan,upper,0.1
574,phase2,upper,-15.0,2,-15.000000000000089,-18.371324582400902,-17.158315219575638,-5.000596251548829,-2.5001095042086,nan,upper,0.1
575,phase2,upper,-15.0,2,-15.000000000000073,-18.371324582400902,-17.158315219575638,-5.000596251548829,-2.5001095042086,nan,upper,0.1
576,phase2,lower,-20.0,4,-15.000000000000073,-18.6158528034641,-17.223348615650544,-5.000503769554185,-2.500088698408966,nan,upper,0.1
577,phase2,upper,-15.0,2,-15.000000000000059,-18.6158528034641,-17.223348615650544,-5.000503769554185,-2.500088698408966,nan,upper,0.1
578,phase2,upper,-15.0,2,-15.000000000000048,-18.6158528034641,-17.223348615650544,-5.000503769554185,-2.500088698408966,nan,upper,0.1
579,phase2,upper,-15.0,2,-15.000000000000039,-18.6158528034641,-17.223348615650544,-5.000503769554185,-2.500088698408966,nan,upper,0.1
580,phase2,upper,-15.0,2,-15.000000000000032,-18.6158528034641,-17.223348615650544,-5.000503769554185,-2.500088698408966,nan,upper,0.1
581,phase2,upper,-15.0,2,-15.000000000000027,-18.6158528034641,-17.223348615650544,-5.000503769554185,-2.500088698408966,nan,upper,0.1
582,phase2,upper,-15.0,2,-15.000000000000021,-18.6158528034641,-17.223348615650544,-5.000503769554185,-2.500088698408966,nan,upper,0.1
583,phase2,upper,-15.0,2,-15.000000000000018,-18.6158528034641,-17.223348615650544,-5.000503769554185,-2.500088698408966,nan,upper,0.1
584,phase2,upper,-15.0,2,-15.000000000000014,-18.6158528034641,-17.223348615650544,-5.000503769554185,-2.500088698408966,nan,upper,0.1
585,phase2,upper,-15.0,2,-15.00000000000001,-18.6158528034641,-17.223348615650544,-5.000503769554185,-2.500088698408966,nan,upper,0.1
586,phase2,upper,-15.0,2,-15.000000000000009,-18.6158528034641,-17.223348615650544,-5.000503769554185,-2.500088698408966,nan,upper,0.1
587,phase2,upper,-15.0,2,-15.000000000000007,-18.6158528034641,-17.223348615650544,-5.000503769554185,-2.500088698408966,nan,upper,0.1
588,phase2,upper,-15.0,2,-15.000000000000005,-18.6158528034641,-17.223348615650544,-5.000503769554185,-2.500088698408966,nan,upper,0.1
589,phase2,upper,-15.0,2,-15.000000000000004,-18.6158528034641,-17.223348615650544,-5.000503769554185,-2.500088698408966,nan,upper,0.1
590,phase2,upper,-15.0,2,-15.000000000000004,-18.6158528034641,-17.223348615650544,-5.000503769554185,-2.500088698408966,nan,upper,0.1
591,phase2,upper,-15.0,2,-15.000000000000004,-18.6158528034641,-17.223348615650544,-5.000503769554185,-2.500088698408966,nan,upper,0.1
592,phase2,upper,-15.0,2,-15.000000000000004,-18.6158528034641,-17.223348615650544,-5.000503769554185,-2.500088698408966,nan,upper,0.1
593,phase2,upper,-15.0,2,-15.000000000000004,-18.6158528034641,-17.223348615650544,-5.000503769554185,-2.500088698408966,nan,upper,0.1
594,phase2,upper,-15.0,2,-15.000000000000004,-18.6158528034641,-17.223348615650544,-5.000503769554185,-2.500088698408966,nan,upper,0.1
595,phase2,upper,-15.0,2,-15.000000000000004,-18.6158528034641,-17.223348615650544,-5.000503769554185,-2.500088698408966,nan,upper,0.1
596,phase2,upper,-15.0,2,-15.000000000000004,-18.6158528034641,-17.223348615650544,-5.000503769554185,-2.500088698408966,nan,upper,0.1
597,phase2,upper,-15.0,2,-15.000000000000004,-18.6158528034641,-17.223348615650544,-5.000503769554185,-2.500088698408966,nan,upper,0.1
598,phase2,upper,-15.0,2,-15.000000000000004,-18.6158528034641,-17.223348615650544,-5.000503769554185,-2.500088698408966,nan,upper,0.1
599,phase2,upper,-15.0,2,-15.000000000000004,-18.6158528034641,-17.223348615650544,-5.000503769554185,-2.500088698408966,nan,upper,0.1
600,phase2,upper,-15.0,2,-15.000000000000004,-18.6158528034641,-17.223348615650544,-5.000503769554185,-2.500088698408966,nan,upper,0.1
601,phase2,upper,-15.0,2,-15.000000000000004,-18.6158528034641,-17.223348615650544,-5.000503769554185,-2.500088698408966,nan,upper,0.1
602,phase2,upper,-15.0,2,-15.000000000000004,-18.6158528034641,-17.223348615650544,-5.000503769554185,-2.500088698408966,nan,upper,0.1
603,phase2,upper,-15.0,2,-15.000000000000004,-18.6158528034641,-17.223348615650544,-5.000503769554185,-2.500088698408966,nan,upper,0.1
604,phase2,upper,-15.0,2,-15.000000000000004,-18.6158528034641,-17.223348615650544,-5.000503769554185,-2.500088698408966,nan,upper,0.1
605,phase2,upper,-15.0,2,-15.000000000000004,-18.6158528034641,-17.223348615650544,-5.000503769554185,-2.500088698408966,nan,upper,0.1
606,phase2,upper,-15.0,2,-15.000000000000004,-18.6158528034641,-17.223348615650544,-5.000503769554185,-2.500088698408966,nan,upper,0.1
607,phase2,upper,-15.0,2,-15.000000000000004,-18.6158528034641,-17.223348615650544,-5.000503769554185,-2.500088698408966,nan,upper,0.1
608,phase2,upper,-15.0,2,-15.000000000000004,-18.6158528034641,-17.223348615650544,-5.000503769554185,-2.500088698408966,nan,upper,0.1
609,phase2,lower,-20.0,4,-15.000000000000004,-18.826277007779524,-17.276008094892237,-5.000424906036593,-2.5000718457112625,nan,upper,0.1
610,phase2,upper,-15.0,2,-15.000000000000004,-18.826277007779524,-17.276008094892237,-5.000424906036593,-2.5000718457112625,nan,upper,0.1
611,phase2,upper,-15.0,2,-15.000000000000004,-18.826277007779524,-17.276008094892237,-5.000424906036593,-2.5000718457112625,nan,upper,0.1
612,phase2,upper,-15.0,2,-15.000000000000004,-18.826277007779524,-17.276008094892237,-5.000424906036593,-2.5000718457112625,nan,upper,0.1
613,phase2,upper,-15.0,2,-15.000000000000004,-18.826277007779524,-17.276008094892237,-5.000424906036593,-2.5000718457112625,nan,upper,0.1
614,phase2,upper,-15.0,2,-15.000000000000004,-18.826277007779524,-17.276008094892237,-5.000424906036593,-2.5000718457112625,nan,upper,0.1
615,phase2,upper,-15.0,2,-15.000000000000004,-18.826277007779524,-17.276008094892237,-5.000424906036593,-2.5000718457112625,nan,upper,0.1
616,phase2,upper,-15.0,2,-15.000000000000004,-18.826277007779524,-17.276008094892237,-5.000424906036593,-2.5000718457112625,nan,upper,0.1
617,phase2,upper,-15.0,2,-15.000000000000004,-18.826277007779524,-17.276008094892237,-5.000424906036593,-2.5000718457112625,nan,upper,0.1
618,phase2,upper,-15.0,2,-15.000000000000004,-18.826277007779524,-17.276008094892237,-5.000424906036593,-2.5000718457112625,nan,upper,0.1
619,phase2,lower,-20.0,4,-15.000000000000004,-19.00672591433094,-17.318647289009665,-5.00035782457478,-2.5000581950261225,nan,upper,0.1
620,phase2,upper,-15.0,2,-15.000000000000004,-19.00672591433094,-17.318647289009665,-5.00035782457478,-2.5000581950261225,nan,upper,0.1
621,phase2,upper,-15.0,2,-15.000000000000004,-19.00672591433094,-17.318647289009665,-5.00035782457478,-2.5000581950261225,nan,upper,0.1
622,phase2,upper,-15.0,2,-15.000000000000004,-19.00672591433094,-17.318647289009665,-5.00035782457478,-2.5000581950261225,nan,upper,0.1
623,phase2,upper,-15.0,2,-15.000000000000004,-19.00672591433094,-17.318647289009665,-5.00035782457478,-2.5000581950261225,nan,upper,0.1
624,phase2,upper,-15.0,2,-15.000000000000004,-19.00672591433094,-17.318647289009665,-5.00035782457478,-2.5000581950261225,nan,upper,0.1
625,phase2,upper,-15.0,2,-15.000000000000004,-19.00672591433094,-17.318647289009665,-5.00035782457478,-2.5000581950261225,nan,upper,0.1
626,phase2,upper,-15.0,2,-15.000000000000004,-19.00672591433094,-17.318647289009665,-5.00035782457478,-2.5000581950261225,nan,upper,0.1
627,phase2,upper,-15.0,2,-15.000000000000004,-19.00672591433094,-17.318647289009665,-5.00035782457478,-2.5000581950261225,nan,upper,0.1
628,phase2,upper,-15.0,2,-15.000000000000004,-19.00672591433094,-17.318647289009665,-5.00035782457478,-2.5000581950261225,nan,upper,0.1
629,phase2,lower,-20.0,4,-15.000000000000004,-19.160990975519898,-17.353172290767038,-5.000300894960535,-2.5000471379711593,nan,upper,0.1
630,phase2,upper,-15.0,2,-15.000000000000004,-19.160990975519898,-17.353172290767038,-5.000300894960535,-2.5000471379711593,nan,upper,0.1
631,phase2,upper,-15.0,2,-15.000000000000004,-19.160990975519898,-17.353172290767038,-5.000300894960535,-2.5000471379711593,nan,upper,0.1
632,phase2,upper,-15.0,2,-15.000000000000004,-19.160990975519898,-17.353172290767038,-5.000300894960535,-2.5000471379711593,nan,upper,0.1
633,phase2,upper,-15.0,2,-15.000000000000004,-19.160990975519898,-17.353172290767038,-5.000300894960535,-2.5000471379711593,nan,upper,0.1
634,phase2,upper,-15.0,2,-15.000000000000004,-19.160990975519898,-17.353172290767038,-5.000300894960535,-2.5000471379711593,nan,upper,0.1
635,phase2,upper,-15.0,2,-15.000000000000004,-19.160990975519898,-17.353172290767038,-5.000300894960535,-2.5000471379711593,nan,upper,0.1
636,phase2,upper,-15.0,2,-15.000000000000004,-19.160990975519898,-17.353172290767038,-5.000300894960535,-2.5000471379711593,nan,upper,0.1
637,phase2,upper,-15.0,2,-15.000000000000004,-19.160990975519898,-17.353172290767038,-5.000300894960535,-2.5000471379711593,nan,upper,0.1
638,phase2,upper,-15.0,2,-15.000000000000004,-19.160990975519898,-17.353172290767038,-5.000300894960535,-2.5000471379711593,nan,upper,0.1
639,phase2,upper,-15.0,2,-15.000000000000004,-19.160990975519898,-17.353172290767038,-5.000300894960535,-2.5000471379711593,nan,upper,0.1
640,phase2,upper,-15.0,2,-15.000000000000004,-19.160990975519898,-17.353172290767038,-5.000300894960535,-2.5000471379711593,nan,upper,0.1
641,phase2,upper,-15.0,2,-15.000000000000004,-19.160990975519898,-17.353172290767038,-5.000300894960535,-2.5000471379711593,nan,upper,0.1
642,phase2,upper,-15.0,2,-15.000000000000004,-19.160990975519898,-17.353172290767038,-5.000300894960535,-2.5000471379711593,nan,upper,0.1
643,phase2,upper,-15.0,2,-15.000000000000004,-19.160990975519898,-17.353172290767038,-5.000300894960535,-2.5000471379711593,nan,upper,0.1
644,phase2,lower,-20.0,4,-15.000000000000004,-19.292505425416856,-17.381126725563803,-5.000252681132554,-2.500038181756639,nan,upper,0.1
645,phase2,upper,-15.0,2,-15.000000000000004,-19.292505425416856,-17.381126725563803,-5.000252681132554,-2.500038181756639,nan,upper,0.1
646,phase2,upper,-15.0,2,-15.000000000000004,-19.292505425416856,-17.381126725563803,-5.000252681132554,-2.500038181756639,nan,upper,0.1
647,phase2,lower,-20.0,4,-15.000000000000004,-19.404343472444776,-17.403760657121865,-5.00021192625113,-2.500030927222878,nan,upper,0.1
648,phase2,upper,-15.0,2,-15.000000000000004,-19.404343472444776,-17.403760657121865,-5.00021192625113,-2.500030927222878,nan,upper,0.1
649,phase2,upper,-15.0,2,-15.000000000000004,-19.404343472444776,-17.403760657121865,-5.00021192625113,-2.500030927222878,nan,upper,0.1
650,phase2,upper,-15.0,2,-15.000000000000004,-19.404343472444776,-17.403760657121865,-5.00021192625113,-2.500030927222878,nan,upper,0.1
651,phase2,upper,-15.0,2,-15.000000000000004,-19.404343472444776,-17.403760657121865,-5.00021192625113,-2.500030927222878,nan,upper,0.1
652,phase2,upper,-15.0,2,-15.000000000000004,-19.404343472444776,-17.403760657121865,-5.00021192625113,-2.500030927222878,nan,upper,0.1
653,phase2,upper,-15.0,2,-15.000000000000004,-19.404343472444776,-17.403760657121865,-5.00021192625113,-2.500030927222878,nan,upper,0.1
654,phase2,upper,-15.0,2,-15.000000000000004,-19.404343472444776,-17.403760657121865,-5.00021192625113,-2.500030927222878,nan,upper,0.1
655,phase2,upper,-15.0,2,-15.000000000000004,-19.404343472444776,-17.403760657121865,-5.00021192625113,-2.500030927222878,nan,upper,0.1
656,phase2,upper,-15.0,2,-15.000000000000004,-19.404343472444776,-17.403760657121865,-5.00021192625113,-2.500030927222878,nan,upper,0.1
657,phase2,upper,-15.0,2,-15.000000000000004,-19.404343472444776,-17.403760657121865,-5.00021192625113,-2.500030927222878,nan,upper,0.1
658,phase2,upper,-15.0,2,-15.000000000000004,-19.404343472444776,-17.403760657121865,-5.00021192625113,-2.500030927222878,nan,upper,0.1
659,phase2,upper,-15.0,2,-15.000000000000004,-19.404343472444776,-17.403760657121865,-5.00021192625113,-2.500030927222878,nan,upper,0.1
660,phase2,upper,-15.0,2,-15.000000000000004,-19.404343472444776,-17.403760657121865,-5.00021192625113,-2.500030927222878,nan,upper,0.1
661,phase2,upper,-15.0,2,-15.000000000000004,-19.404343472444776,-17.403760657121865,-5.00021192625113,-2.500030927222878,nan,upper,0.1
662,phase2,upper,-15.0,2,-15.000000000000004,-19.404343472444776,-17.403760657121865,-5.00021192625113,-2.500030927222878,nan,upper,0.1
663,phase2,upper,-15.0,2,-15.000000000000004,-19.404343472444776,-17.403760657121865,-5.00021192625113,-2.500030927222878,nan,upper,0.1
664,phase2,upper,-15.0,2,-15.000000000000004,-19.404343472444776,-17.403760657121865,-5.00021192625113,-2.500030927222878,nan,upper,0.1
665,phase2,upper,-15.0,2,-15.000000000000004,-19.404343472444776,-17.403760657121865,-5.00021192625113,-2.500030927222878,nan,upper,0.1
666,phase2,upper,-15.0,2,-15.000000000000004,-19.404343472444776,-17.403760657121865,-5.00021192625113,-2.500030927222878,nan,upper,0.1
667,phase2,upper,-15.0,2,-15.000000000000004,-19.404343472444776,-17.403760657121865,-5.00021192625113,-2.500030927222878,nan,upper,0.1
668,phase2,upper,-15.0,2,-15.000000000000004,-19.404343472444776,-17.403760657121865,-5.00021192625113,-2.500030927222878,nan,upper,0.1
669,phase2,upper,-15.0,2,-15.000000000000004,-19.404343472444776,-17.403760657121865,-5.00021192625113,-2.500030927222878,nan,upper,0.1
670,phase2,upper,-15.0,2,-15.000000000000004,-19.404343472444776,-17.403760657121865,-5.00021192625113,-2.500030927222878,nan,upper,0.1
671,phase2,upper,-15.0,2,-15.000000000000004,-19.404343472444776,-17.403760657121865,-5.00021192625113,-2.500030927222878,nan,upper,0.1
672,phase2,upper,-15.0,2,-15.000000000000004,-19.404343472444776,-17.403760657121865,-5.00021192625113,-2.500030927222878,nan,upper,0.1
673,phase2,upper,-15.0,2,-15.000000000000004,-19.404343472444776,-17.403760657121865,-5.00021192625113,-2.500030927222878,nan,upper,0.1
674,phase2,upper,-15.0,2,-15.000000000000004,-19.404343472444776,-17.403760657121865,-5.00021192625113,-2.500030927222878,nan,upper,0.1
675,phase2,upper,-15.0,2,-15.000000000000004,-19.404343472444776,-17.403760657121865,-5.00021192625113,-2.500030927222878,nan,upper,0.1
676,phase2,upper,-15.0,2,-15.000000000000004,-19.404343472444776,-17.403760657121865,-5.00021192625113,-2.500030927222878,nan,upper,0.1
677,phase2,upper,-15.0,2,-15.000000000000004,-19.404343472444776,-17.403760657121865,-5.00021192625113,-2.500030927222878,nan,upper,0.1
678,phase2,upper,-15.0,2,-15.000000000000004,-19.404343472444776,-17.403760657121865,-5.00021192625113,-2.500030927222878,nan,upper,0.1
679,phase2,upper,-15.0,2,-15.000000000000004,-19.404343472444776,-17.403760657121865,-5.00021192625113,-2.500030927222878,nan,upper,0.1
680,phase2,lower,-20.0,4,-15.000000000000004,-19.499232737533422,-17.422086398256425,-5.000177536435762,-2.500025051050531,nan,upper,0.1
681,phase2,lower,-20.0,4,-15.000000000000004,-19.57957493307079,-17.4369237145105,-5.0001485642125685,-2.50002029135093,nan,upper,0.1
682,phase2,upper,-15.0,2,-15.000000000000004,-19.57957493307079,-17.4369237145105,-5.0001485642125685,-2.50002029135093,nan,upper,0.1
683,phase2,upper,-15.0,2,-15.000000000000004,-19.57957493307079,-17.4369237145105,-5.0001485642125685,-2.50002029135093,nan,upper,0.1
684,phase2,upper,-15.0,2,-15.000000000000004,-19.57957493307079,-17.4369237145105,-5.0001485642125685,-2.50002029135093,nan,upper,0.1
685,phase2,upper,-15.0,2,-15.000000000000004,-19.57957493307079,-17.4369237145105,-5.0001485642125685,-2.50002029135093,nan,upper,0.1
686,phase2,upper,-15.0,2,-15.000000000000004,-19.57957493307079,-17.4369237145105,-5.0001485642125685,-2.50002029135093,nan,upper,0.1
687,phase2,upper,-15.0,2,-15.000000000000004,-19.57957493307079,-17.4369237145105,-5.0001485642125685,-2.50002029135093,nan,upper,0.1
688,phase2,upper,-15.0,2,-15.000000000000004,-19.57957493307079,-17.4369237145105,-5.0001485642125685,-2.50002029135093,nan,upper,0.1
689,phase2,upper,-15.0,2,-15.000000000000004,-19.57957493307079,-17.4369237145105,-5.0001485642125685,-2.50002029135093,nan,upper,0.1
690,phase2,lower,-20.0,4,-15.000000000000004,-19.647471201544334,-17.448936435953893,-5.000124192368857,-2.5000164359942536,nan,upper,0.1
691,phase2,upper,-15.0,2,-15.000000000000004,-19.647471201544334,-17.448936435953893,-5.000124192368857,-2.5000164359942536,nan,upper,0.1
692,phase2,upper,-15.0,2,-15.000000000000004,-19.647471201544334,-17.448936435953893,-5.000124192368857,-2.5000164359942536,nan,upper,0.1
693,phase2,upper,-15.0,2,-15.000000000000004,-19.647471201544334,-17.448936435953893,-5.000124192368857,-2.5000164359942536,nan,upper,0.1
694,phase2,upper,-15.0,2,-15.000000000000004,-19.647471201544334,-17.448936435953893,-5.000124192368857,-2.5000164359942536,nan,upper,0.1
695,phase2,upper,-15.0,2,-15.000000000000004,-19.647471201544334,-17.448936435953893,-5.000124192368857,-2.5000164359942536,nan,upper,0.1
696,phase2,upper,-15.0,2,-15.000000000000004,-19.647471201544334,-17.448936435953893,-5.000124192368857,-2.5000164359942536,nan,upper,0.1
697,phase2,upper,-15.0,2,-15.000000000000004,-19.647471201544334,-17.448936435953893,-5.000124192368857,-2.5000164359942536,nan,upper,0.1
698,phase2,upper,-15.0,2,-15.000000000000004,-19.647471201544334,-17.448936435953893,-5.000124192368857,-2.5000164359942536,nan,upper,0.1
699,phase2,upper,-15.0,2,-15.000000000000004,-19.647471201544334,-17.448936435953893,-5.000124192368857,-2.5000164359942536,nan,upper,0.1
700,phase2,upper,-15.0,2,-15.000000000000004,-19.647471201544334,-17.448936435953893,-5.000124192368857,-2.5000164359942536,nan,upper,0.1
701,phase2,upper,-15.0,2,-15.000000000000004,-19.647471201544334,-17.448936435953893,-5.000124192368857,-2.5000164359942536,nan,upper,0.1
702,phase2,upper,-15.0,2,-15.000000000000004,-19.647471201544334,-17.448936435953893,-5.000124192368857,-2.5000164359942536,nan,upper,0.1
703,phase2,upper,-15.0,2,-15.000000000000004,-19.647471201544334,-17.448936435953893,-5.000124192368857,-2.5000164359942536,nan,upper,0.1
704,phase2,upper,-15.0,2,-15.000000000000004,-19.647471201544334,-17.448936435953893,-5.000124192368857,-2.5000164359942536,nan,upper,0.1
705,phase2,upper,-15.0,2,-15.000000000000004,-19.647471201544334,-17.448936435953893,-5.000124192368857,-2.5000164359942536,nan,upper,0.1
706,phase2,upper,-15.0,2,-15.000000000000004,-19.647471201544334,-17.448936435953893,-5.000124192368857,-2.5000164359942536,nan,upper,0.1
707,phase2,upper,-15.0,2,-15.000000000000004,-19.647471201544334,-17.448936435953893,-5.000124192368857,-2.5000164359942536,nan,upper,0.1
708,phase2,upper,-15.0,2,-15.000000000000004,-19.647471201544334,-17.448936435953893,-5.000124192368857,-2.5000164359942536,nan,upper,0.1
709,phase2,upper,-15.0,2,-15.000000000000004,-19.647471201544334,-17.448936435953893,-5.000124192368857,-2.5000164359942536,nan,upper,0.1
710,phase2,upper,-15.0,2,-15.000000000000004,-19.647471201544334,-17.448936435953893,-5.000124192368857,-2.5000164359942536,nan,upper,0.1
711,phase2,upper,-15.0,2,-15.000000000000004,-19.647471201544334,-17.448936435953893,-5.000124192368857,-2.5000164359942536,nan,upper,0.1
712,phase2,lower,-20.0,4,-15.000000000000004,-19.704749596082152,-17.458662109672737,-5.000103718657683,-2.5000133131553453,nan,upper,0.1
713,phase2,upper,-15.0,2,-15.000000000000004,-19.704749596082152,-17.458662109672737,-5.000103718657683,-2.5000133131553453,nan,upper,0.1
714,phase2,upper,-15.0,2,-15.000000000000004,-19.704749596082152,-17.458662109672737,-5.000103718657683,-2.5000133131553453,nan,upper,0.1
715,phase2,upper,-15.0,2,-15.000000000000004,-19.704749596082152,-17.458662109672737,-5.000103718657683,-2.5000133131553453,nan,upper,0.1
716,phase2,upper,-15.0,2,-15.000000000000004,-19.704749596082152,-17.458662109672737,-5.000103718657683,-2.5000133131553453,nan,upper,0.1
717,phase2,upper,-15.0,2,-15.000000000000004,-19.704749596082152,-17.458662109672737,-5.000103718657683,-2.5000133131553453,nan,upper,0.1
718,phase2,upper,-15.0,2,-15.000000000000004,-19.704749596082152,-17.458662109672737,-5.000103718657683,-2.5000133131553453,nan,upper,0.1
719,phase2,upper,-15.0,2,-15.000000000000004,-19.704749596082152,-17.458662109672737,-5.000103718657683,-2.5000133131553453,nan,upper,0.1
720,phase2,upper,-15.0,2,-15.000000000000004,-19.704749596082152,-17.458662109672737,-5.000103718657683,-2.5000133131553453,nan,upper,0.1
721,phase2,upper,-15.0,2,-15.000000000000004,-19.704749596082152,-17.458662109672737,-5.000103718657683,-2.5000133131553453,nan,upper,0.1
722,phase2,upper,-15.0,2,-15.000000000000004,-19.704749596082152,-17.458662109672737,-5.000103718657683,-2.5000133131553453,nan,upper,0.1
723,phase2,upper,-15.0,2,-15.000000000000004,-19.704749596082152,-17.458662109672737,-5.000103718657683,-2.5000133131553453,nan,upper,0.1
724,phase2,upper,-15.0,2,-15.000000000000004,-19.704749596082152,-17.458662109672737,-5.000103718657683,-2.5000133131553453,nan,upper,0.1
725,phase2,upper,-15.0,2,-15.000000000000004,-19.704749596082152,-17.458662109672737,-5.000103718657683,-2.5000133131553453,nan,upper,0.1
726,phase2,upper,-15.0,2,-15.000000000000004,-19.704749596082152,-17.458662109672737,-5.000103718657683,-2.5000133131553453,nan,upper,0.1
727,phase2,upper,-15.0,2,-15.000000000000004,-19.704749596082152,-17.458662109672737,-5.000103718657683,-2.5000133131553453,nan,upper,0.1
728,phase2,upper,-15.0,2,-15.000000000000004,-19.704749596082152,-17.458662109672737,-5.000103718657683,-2.5000133131553453,nan,upper,0.1
729,phase2,upper,-15.0,2,-15.000000000000004,-19.704749596082152,-17.458662109672737,-5.000103718657683,-2.5000133131553453,nan,upper,0.1
730,phase2,upper,-15.0,2,-15.000000000000004,-19.704749596082152,-17.458662109672737,-5.000103718657683,-2.5000133131553453,nan,upper,0.1
731,phase2,upper,-15.0,2,-15.000000000000004,-19.704749596082152,-17.458662109672737,-5.000103718657683,-2.5000133131553453,nan,upper,0.1
732,phase2,upper,-15.0,2,-15.000000000000004,-19.704749596082152,-17.458662109672737,-5.000103718657683,-2.5000133131553453,nan,upper,0.1
733,phase2,upper,-15.0,2,-15.000000000000004,-19.704749596082152,-17.458662109672737,-5.000103718657683,-2.5000133131553453,nan,upper,0.1
734,phase2,upper,-15.0,2,-15.000000000000004,-19.704749596082152,-17.458662109672737,-5.000103718657683,-2.5000133131553453,nan,upper,0.1
735,phase2,upper,-15.0,2,-15.000000000000004,-19.704749596082152,-17.458662109672737,-5.000103718657683,-2.5000133131553453,nan,upper,0.1
736,phase2,upper,-15.0,2,-15.000000000000004,-19.704749596082152,-17.458662109672737,-5.000103718657683,-2.5000133131553453,nan,upper,0.1
737,phase2,upper,-15.0,2,-15.000000000000004,-19.704749596082152,-17.458662109672737,-5.000103718657683,-2.5000133131553453,nan,upper,0.1
738,phase2,upper,-15.0,2,-15.000000000000004,-19.704749596082152,-17.458662109672737,-5.000103718657683,-2.5000133131553453,nan,upper,0.1
739,phase2,upper,-15.0,2,-15.000000000000004,-19.704749596082152,-17.458662109672737,-5.000103718657683,-2.5000133131553453,nan,upper,0.1
740,phase2,upper,-15.0,2,-15.000000000000004,-19.704749596082152,-17.458662109672737,-5.000103718657683,-2.5000133131553453,nan,upper,0.1
741,phase2,upper,-15.0,2,-15.000000000000004,-19.704749596082152,-17.458662109672737,-5.000103718657683,-2.5000133131553453,nan,upper,0.1
742,phase2,upper,-15.0,2,-15.000000000000004,-19.704749596082152,-17.458662109672737,-5.000103718657683,-2.5000133131553453,nan,upper,0.1
743,phase2,upper,-15.0,2,-15.000000000000004,-19.704749596082152,-17.458662109672737,-5.000103718657683,-2.5000133131553453,nan,upper,0.1
744,phase2,upper,-15.0,2,-15.000000000000004,-19.704749596082152,-17.458662109672737,-5.000103718657683,-2.5000133131553453,nan,upper,0.1
745,phase2,upper,-15.0,2,-15.000000000000004,-19.704749596082152,-17.458662109672737,-5.000103718657683,-2.5000133131553453,nan,upper,0.1
746,phase2,upper,-15.0,2,-15.000000000000004,-19.704749596082152,-17.458662109672737,-5.000103718657683,-2.5000133131553453,nan,upper,0.1
747,phase2,upper,-15.0,2,-15.000000000000004,-19.704749596082152,-17.458662109672737,-5.000103718657683,-2.5000133131553453,nan,upper,0.1
748,phase2,upper,-15.0,2,-15.000000000000004,-19.704749596082152,-17.458662109672737,-5.000103718657683,-2.5000133131553453,nan,upper,0.1
749,phase2,upper,-15.0,2,-15.000000000000004,-19.704749596082152,-17.458662109672737,-5.000103718657683,-2.5000133131553453,nan,upper,0.1
750,phase2,upper,-15.0,2,-15.000000000000004,-19.704749596082152,-17.458662109672737,-5.000103718657683,-2.5000133131553453,nan,upper,0.1
751,phase2,upper,-15.0,2,-15.000000000000004,-19.704749596082152,-17.458662109672737,-5.000103718657683,-2.5000133131553453,nan,upper,0.1
752,phase2,upper,-15.0,2,-15.000000000000004,-19.704749596082152,-17.458662109672737,-5.000103718657683,-2.5000133131553453,nan,upper,0.1
753,phase2,upper,-15.0,2,-15.000000000000004,-19.704749596082152,-17.458662109672737,-5.000103718657683,-2.5000133131553453,nan,upper,0.1
754,phase2,upper,-15.0,2,-15.000000000000004,-19.704749596082152,-17.458662109672737,-5.000103718657683,-2.5000133131553453,nan,upper,0.1
755,phase2,upper,-15.0,2,-15.000000000000004,-19.704749596082152,-17.458662109672737,-5.000103718657683,-2.5000133131553453,nan,upper,0.1
756,phase2,upper,-15.0,2,-15.000000000000004,-19.704749596082152,-17.458662109672737,-5.000103718657683,-2.5000133131553453,nan,upper,0.1
757,phase2,upper,-15.0,2,-15.000000000000004,-19.704749596082152,-17.458662109672737,-5.000103718657683,-2.5000133131553453,nan,upper,0.1
758,phase2,upper,-15.0,2,-15.000000000000004,-19.704749596082152,-17.458662109672737,-5.000103718657683,-2.5000133131553453,nan,upper,0.1
759,phase2,upper,-15.0,2,-15.000000000000004,-19.704749596082152,-17.458662109672737,-5.000103718657683,-2.5000133131553453,nan,upper,0.1
760,phase2,upper,-15.0,2,-15.000000000000004,-19.704749596082152,-17.458662109672737,-5.000103718657683,-2.5000133131553453,nan,upper,0.1
761,phase2,upper,-15.0,2,-15.000000000000004,-19.704749596082152,-17.458662109672737,-5.000103718657683,-2.5000133131553453,nan,upper,0.1
762,phase2,upper,-15.0,2,-15.000000000000004,-19.704749596082152,-17.458662109672737,-5.000103718657683,-2.5000133131553453,nan,upper,0.1
763,phase2,upper,-15.0,2,-15.000000000000004,-19.704749596082152,-17.458662109672737,-5.000103718657683,-2.5000133131553453,nan,upper,0.1
764,phase2,lower,-20.0,4,-15.000000000000004,-19.752992973664362,-17.466536015379877,-5.000086541612239,-2.5000107836558296,nan,upper,0.1
765,phase2,upper,-15.0,2,-15.000000000000004,-19.752992973664362,-17.466536015379877,-5.000086541612239,-2.5000107836558296,nan,upper,0.1
766,phase2,upper,-15.0,2,-15.000000000000004,-19.752992973664362,-17.466536015379877,-5.000086541612239,-2.5000107836558296,nan,upper,0.1
767,phase2,upper,-15.0,2,-15.000000000000004,-19.752992973664362,-17.466536015379877,-5.000086541612239,-2.5000107836558296,nan,upper,0.1
768,phase2,upper,-15.0,2,-15.000000000000004,-19.752992973664362,-17.466536015379877,-5.000086541612239,-2.5000107836558296,nan,upper,0.1
769,phase2,upper,-15.0,2,-15.000000000000004,-19.752992973664362,-17.466536015379877,-5.000086541612239,-2.5000107836558296,nan,upper,0.1
770,phase2,upper,-15.0,2,-15.000000000000004,-19.752992973664362,-17.466536015379877,-5.000086541612239,-2.5000107836558296,nan,upper,0.1
771,phase2,upper,-15.0,2,-15.000000000000004,-19.752992973664362,-17.466536015379877,-5.000086541612239,-2.5000107836558296,nan,upper,0.1
772,phase2,upper,-15.0,2,-15.000000000000004,-19.752992973664362,-17.466536015379877,-5.000086541612239,-2.5000107836558296,nan,upper,0.1
773,phase2,upper,-15.0,2,-15.000000000000004,-19.752992973664362,-17.466536015379877,-5.000086541612239,-2.5000107836558296,nan,upper,0.1
774,phase2,upper,-15.0,2,-15.000000000000004,-19.752992973664362,-17.466536015379877,-5.000086541612239,-2.5000107836558296,nan,upper,0.1
775,phase2,upper,-15.0,2,-15.000000000000004,-19.752992973664362,-17.466536015379877,-5.000086541612239,-2.5000107836558296,nan,upper,0.1
776,phase2,upper,-15.0,2,-15.000000000000004,-19.752992973664362,-17.466536015379877,-5.000086541612239,-2.5000107836558296,nan,upper,0.1
777,phase2,upper,-15.0,2,-15.000000000000004,-19.752992973664362,-17.466536015379877,-5.000086541612239,-2.5000107836558296,nan,upper,0.1
778,phase2,upper,-15.0,2,-15.000000000000004,-19.752992973664362,-17.466536015379877,-5.000086541612239,-2.5000107836558296,nan,upper,0.1
779,phase2,upper,-15.0,2,-15.000000000000004,-19.752992973664362,-17.466536015379877,-5.000086541612239,-2.5000107836558296,nan,upper,0.1
780,phase2,upper,-15.0,2,-15.000000000000004,-19.752992973664362,-17.466536015379877,-5.000086541612239,-2.5000107836558296,nan,upper,0.1
781,phase2,upper,-15.0,2,-15.000000000000004,-19.752992973664362,-17.466536015379877,-5.000086541612239,-2.5000107836558296,nan,upper,0.1
782,phase2,upper,-15.0,2,-15.000000000000004,-19.752992973664362,-17.466536015379877,-5.000086541612239,-2.5000107836558296,nan,upper,0.1
783,phase2,upper,-15.0,2,-15.000000000000004,-19.752992973664362,-17.466536015379877,-5.000086541612239,-2.5000107836558296,nan,upper,0.1
784,phase2,upper,-15.0,2,-15.000000000000004,-19.752992973664362,-17.466536015379877,-5.000086541612239,-2.5000107836558296,nan,upper,0.1
785,phase2,upper,-15.0,2,-15.000000000000004,-19.752992973664362,-17.466536015379877,-5.000086541612239,-2.5000107836558296,nan,upper,0.1
786,phase2,upper,-15.0,2,-15.000000000000004,-19.752992973664362,-17.466536015379877,-5.000086541612239,-2.5000107836558296,nan,upper,0.1
787,phase2,upper,-15.0,2,-15.000000000000004,-19.752992973664362,-17.466536015379877,-5.000086541612239,-2.5000107836558296,nan,upper,0.1
788,phase2,upper,-15.0,2,-15.000000000000004,-19.752992973664362,-17.466536015379877,-5.000086541612239,-2.5000107836558296,nan,upper,0.1
789,phase2,upper,-15.0,2,-15.000000000000004,-19.752992973664362,-17.466536015379877,-5.000086541612239,-2.5000107836558296,nan,upper,0.1
790,phase2,upper,-15.0,2,-15.000000000000004,-19.752992973664362,-17.466536015379877,-5.000086541612239,-2.5000107836558296,nan,upper,0.1
791,phase2,lower,-20.0,4,-15.000000000000004,-19.79356615159031,-17.472910615364025,-5.000072147600521,-2.500008734761222,nan,upper,0.1
792,phase2,upper,-15.0,2,-15.000000000000004,-19.79356615159031,-17.472910615364025,-5.000072147600521,-2.500008734761222,nan,upper,0.1
793,phase2,upper,-15.0,2,-15.000000000000004,-19.79356615159031,-17.472910615364025,-5.000072147600521,-2.500008734761222,nan,upper,0.1
794,phase2,upper,-15.0,2,-15.000000000000004,-19.79356615159031,-17.472910615364025,-5.000072147600521,-2.500008734761222,nan,upper,0.1
795,phase2,upper,-15.0,2,-15.000000000000004,-19.79356615159031,-17.472910615364025,-5.000072147600521,-2.500008734761222,nan,upper,0.1
796,phase2,upper,-15.0,2,-15.000000000000004,-19.79356615159031,-17.472910615364025,-5.000072147600521,-2.500008734761222,nan,upper,0.1
797,phase2,upper,-15.0,2,-15.000000000000004,-19.79356615159031,-17.472910615364025,-5.000072147600521,-2.500008734761222,nan,upper,0.1
798,phase2,upper,-15.0,2,-15.000000000000004,-19.79356615159031,-17.472910615364025,-5.000072147600521,-2.500008734761222,nan,upper,0.1
799,phase2,upper,-15.0,2,-15.000000000000004,-19.79356615159031,-17.472910615364025,-5.000072147600521,-2.500008734761222,nan,upper,0.1
