episode,phase,route,return,steps,q_start_right,q_start_down,q_shield_right,q_d1_right,q_d2_right,mood_M,greedy_route,epsilon
0,phase1,lower,-10.0,4,0.0,-0.25,-0.3175,-0.36475,-0.397825,-0.189975,upper,0.1
1,phase1,upper,-15.0,2,-1.4209775,-0.25,-0.3175,-0.36475,-0.397825,-0.43058775,lower,0.1
2,phase1,lower,-10.0,4,-1.4209775,-0.894278975,-0.9128177824999999,-0.92524819775,-0.8914690134250001,-0.28350809377499997,lower,0.1
3,phase1,lower,-10.0,4,-1.4209775,-1.4012901401474998,-1.4106714709057497,-1.412333353345775,-1.2872342259255176,-0.23096535147515249,lower,0.1
4,phase1,lower,-10.0,4,-1.4209775,-1.860097089550962,-1.874099126509571,-1.8666513385815031,-1.6244126554770466,-0.20430663600096394,upper,0.1
5,phase1,upper,-15.0,2,-2.7834741474008675,-1.860097089550962,-1.874099126509571,-1.8666513385815031,-1.6244126554770466,-0.4014050658904723,lower,0.1
6,phase1,lower,-10.0,4,-2.7834741474008675,-2.472761852548248,-2.444117594225644,-2.3842606525532157,-1.9772141730830322,-0.2325675627885589,lower,0.1
7,phase1,lower,-10.0,4,-2.7834741474008675,-2.929208233225691,-2.901376069640483,-2.808710785888499,-2.236610847726645,-0.17677542410344388,upper,0.1
8,phase1,upper,-15.0,2,-4.047565273146941,-2.929208233225691,-2.901376069640483,-2.808710785888499,-2.236610847726645,-0.3536663414238939,lower,0.1
9,phase1,lower,-10.0,4,-4.047565273146941,-3.4947247241486745,-3.4316678679455372,-3.269189658087187,-2.5023852708340217,-0.19412929180823266,lower,0.1
10,phase1,lower,-10.0,4,-4.047565273146941,-3.9131354011557704,-3.853518965681404,-3.637291550800886,-2.685290657302095,-0.14237370797057153,lower,0.1
11,phase1,lower,-10.0,4,-4.047565273146941,-4.285310094781848,-4.237482016457005,-3.9626633758337895,-2.8279579075153665,-0.11981619268142193,upper,0.1
12,phase1,upper,-15.0,2,-5.186621581467229,-4.285310094781848,-4.237482016457005,-3.9626633758337895,-2.8279579075153665,-0.2944730200778578,lower,0.1
13,phase1,lower,-10.0,4,-5.186621581467229,-4.795553005019436,-4.711726796928963,-4.335481376879116,-2.9974270526332507,-0.14747843511742187,lower,0.1
14,phase1,lower,-10.0,4,-5.186621581467229,-5.169900975816069,-5.082250361429511,-4.619720992667057,-3.0966884143640563,-0.10096924052754855,lower,0.1
15,phase1,lower,-10.0,4,-5.186621581467229,-5.502008230852208,-5.414741479497184,-4.862550280340914,-3.164990475166379,-0.08163227153253394,upper,0.1
16,phase1,upper,-15.0,2,-6.219200310680738,-5.502008230852208,-5.414741479497184,-4.862550280340914,-3.164990475166379,-0.2480812939718443,lower,0.1
17,phase1,lower,-10.0,4,-6.219200310680738,-5.966554720291365,-5.830957372497234,-5.1503896464872145,-3.2654740555746566,-0.10992566301994283,lower,0.1
18,phase1,upper,-15.0,2,-7.2072468296105425,-5.966554720291365,-5.830957372497234,-5.1503896464872145,-3.2654740555746566,-0.2372673575602829,lower,0.1
19,phase1,lower,-10.0,4,-7.2072468296105425,-6.416535607316206,-6.226217906768769,-5.410344873604464,-3.3444466794085055,-0.09799580119267162,lower,0.1
20,phase1,lower,-10.0,4,-7.2072468296105425,-6.735700058334867,-6.51872938028894,-5.586095626075053,-3.3643611605474937,-0.05583482667984176,lower,0.1
21,phase1,lower,-10.0,4,-7.2072468296105425,-7.014254334542132,-6.772283737368612,-5.724013480909265,-3.362502124894377,-0.03985133882928971,lower,0.1
22,phase1,lower,-10.0,4,-7.2072468296105425,-7.275923479771141,-7.0035298490614455,-5.837310244520511,-3.3496046352414517,-0.031177054014900556,upper,0.1
23,phase1,upper,-15.0,2,-8.055442982384811,-7.275923479771141,-7.0035298490614455,-5.837310244520511,-3.3496046352414517,-0.17524703920450774,lower,0.1
24,phase1,upper,-15.0,2,-8.968504205955389,-7.275923479771141,-7.0035298490614455,-5.837310244520511,-3.3496046352414517,-0.2262272597928775,lower,0.1
25,phase1,lower,-10.0,4,-8.968504205955389,-7.702288650513761,-7.339576434247703,-6.016419736218245,-3.3894921571047205,-0.07161584957741157,lower,0.1
26,phase1,lower,-10.0,4,-8.968504205955389,-7.980471693506826,-7.560085519839343,-6.107479076236308,-3.3697423653087735,-0.027137009442600148,lower,0.1
27,phase1,lower,-10.0,4,-8.968504205955389,-8.212856384638417,-7.738070764738856,-6.163257153648144,-3.3320354615360652,-0.01222676563042386,lower,0.1
28,phase1,lower,-10.0,4,-8.968504205955389,-8.426381911715842,-7.892973054239663,-6.198783572364402,-3.287942941244659,-0.005458622935629202,lower,0.1
29,phase1,lower,-10.0,4,-8.968504205955389,-8.62795378661029,-8.030090999349726,-6.219032218550108,-3.240988846588336,-0.0011263113489939636,lower,0.1
30,phase1,lower,-10.0,4,-8.968504205955389,-8.819181188098328,-8.151052402163597,-6.226276390898023,-3.192516747567399,0.002297721012619436,lower,0.1
31,phase1,lower,-10.0,4,-8.968504205955389,-9.0003003605935,-8.256587759578851,-6.222040545240058,-3.143251645513301,0.005230390324967329,upper,0.1
32,phase1,upper,-15.0,2,-9.653176015393504,-9.0003003605935,-8.256587759578851,-6.222040545240058,-3.143251645513301,-0.11633785809635175,lower,0.1
33,phase1,lower,-10.0,4,-9.653176015393504,-9.280633172778751,-8.423845648518279,-6.26122770774155,-3.131245417401265,-0.021394956754052147,lower,0.1
34,phase1,lower,-10.0,4,-9.653176015393504,-9.464209881431351,-8.515429414040627,-6.247830686026564,-3.0858321989452806,0.0051618888565941705,lower,0.1
35,phase1,lower,-10.0,4,-9.653176015393504,-9.614686134721344,-8.577300478640018,-6.214947327842613,-3.0326965632664824,0.01333795602279091,lower,0.1
36,phase1,lower,-10.0,4,-9.653176015393504,-9.7489434086927,-8.622152838551722,-6.172200088807482,-2.978840622492016,0.016436895912964034,upper,0.1
37,phase1,upper,-15.0,2,-10.26895555347525,-9.7489434086927,-8.622152838551722,-6.172200088807482,-2.978840622492016,-0.09559909354453533,lower,0.1
38,phase1,lower,-10.0,4,-10.26895555347525,-9.972303535868683,-8.72446164711655,-6.172328276410316,-2.960860748616364,-0.00889359450466666,lower,0.1
39,phase1,lower,-10.0,4,-10.26895555347525,-10.105523582047669,-8.758659543587559,-6.1273617861009955,-2.913891234233343,0.014512942086234553,lower,0.1
40,phase1,lower,-10.0,4,-10.26895555347525,-10.207775530324046,-8.767521285286152,-6.067863753675167,-2.861532721842238,0.020948484001932922,lower,0.1
41,phase1,lower,-10.0,4,-10.26895555347525,-10.294896470218516,-8.762971122587812,-6.002630810462309,-2.8100886237778293,0.02273884622874417,upper,0.1
42,phase1,upper,-15.0,2,-10.823886287526719,-10.294896470218516,-8.762971122587812,-6.002630810462309,-2.8100886237778293,-0.07900368613449743,lower,0.1
43,phase1,lower,-10.0,4,-10.823886287526719,-10.462807252976495,-8.812847429253967,-5.979484639881566,-2.7926567560209588,-0.001257225991819046,lower,0.1
44,phase1,lower,-10.0,4,-10.823886287526719,-10.54894277399688,-8.803254287451065,-5.918421252176487,-2.7501803080313136,0.01905474787094487,lower,0.1
45,phase1,lower,-10.0,4,-10.823886287526719,-10.607224652258447,-8.773132903628174,-5.847060009602753,-2.703943768024811,0.024008694176894652,lower,0.1
46,phase1,lower,-10.0,4,-10.823886287526719,-10.652207652636214,-8.733379659681171,-5.7732422491251505,-2.659530957275859,0.024799317221332724,lower,0.1
47,phase1,lower,-10.0,4,-10.823886287526719,-10.68800546784151,-8.687433992966344,-5.699495061893751,-2.618344416035813,0.024411941894633787,lower,0.1
48,phase1,lower,-10.0,4,-10.823886287526719,-10.715977572648823,-8.636745146643836,-5.6268791789183235,-2.5806683341213237,0.023649386056225248,lower,0.1
49,phase1,lower,-10.0,4,-10.823886287526719,-10.736769882597722,-8.582220161153728,-5.5560148412077455,-2.5464835306380573,0.022734026745632754,lower,0.1
50,phase1,lower,-10.0,4,-10.823886287526719,-10.750854286382252,-8.524604349830392,-5.487357470982119,-2.51568486477081,0.02173363809959625,lower,0.1
51,phase1,lower,-10.0,4,-10.823886287526719,-10.758669018437429,-8.464578721655919,-5.421273886429333,-2.4881397911738645,0.0206745581474631,lower,0.1
52,phase1,lower,-10.0,4,-10.823886287526719,-10.760652886426561,-8.402782828487258,-5.358065459600466,-2.4637046793722566,0.01957174137849921,lower,0.1
53,phase1,lower,-10.0,4,-10.823886287526719,-10.757251313391981,-8.339818402965763,-5.29797713057473,-2.4422298946668293,0.01843672008976903,lower,0.1
54,phase1,lower,-10.0,4,-10.823886287526719,-10.748914974268565,-8.276248453488597,-5.241202617062738,-2.423561876885792,0.017279696640058316,lower,0.1
55,phase1,lower,-10.0,4,-10.823886287526719,-10.736096595214516,-8.212595664901716,-5.187888562000538,-2.4075444024812813,0.01611007930785363,lower,0.1
56,phase1,lower,-10.0,4,-10.823886287526719,-10.719247430806167,-8.149341079529204,-5.138138341712605,-2.3940196068909283,0.014936608451724502,lower,0.1
57,phase1,lower,-10.0,4,-10.823886287526719,-10.698813848071918,-8.086923270938481,-5.092015719943044,-2.382828916560475,0.01376737792778606,lower,0.1
58,phase1,lower,-10.0,4,-10.823886287526719,-10.675234150223567,-8.025738022161828,-5.049548390153935,-2.3738139265975016,0.012609832846645611,lower,0.1
59,phase1,lower,-10.0,4,-10.823886287526719,-10.648935687855412,-7.966138468809985,-5.01073141062834,-2.3668172302027624,0.011470765147361084,lower,0.1
60,phase1,lower,-10.0,4,-10.823886287526719,-10.620332277318244,-7.908435656034757,-4.975530527144933,-2.3616831985024014,0.010356312546149013,lower,0.1
61,phase1,lower,-10.0,4,-10.823886287526719,-10.589821933898362,-7.852899457467046,-4.943885375825545,-2.358258707860218,0.00927196212658307,lower,0.1
62,phase1,lower,-10.0,4,-10.823886287526719,-10.557784920341305,-7.7997598062995035,-4.9157125587223165,-2.3563938118244456,0.008222558652279319,lower,0.1
63,phase1,lower,-10.0,4,-10.823886287526719,-10.524582106150074,-7.749208191511721,-4.8909085853269,-2.355942355381818,0.00721231733487571,lower,0.1
64,phase1,lower,-10.0,4,-10.823886287526719,-10.49055362908485,-7.701399375277031,-4.869352674034056,-2.3567625298262844,0.006244840674950451,lower,0.1
65,phase1,lower,-10.0,4,-10.823886287526719,-10.456017847096613,-7.656453290674703,-4.850909408545097,-2.358717367202319,0.005323138949161543,lower,0.1
66,phase1,lower,-10.0,4,-10.823886287526719,-10.421270566400176,-7.614457081900379,-4.835431245200366,-2.3616751739185147,0.004449653898848263,lower,0.1
67,phase1,lower,-10.0,4,-10.823886287526719,-10.386584529441233,-7.575467252192609,-4.822760868254842,-2.365509903729916,0.0036262851705808697,lower,0.1
68,phase1,lower,-10.0,4,-10.823886287526719,-10.352209145062847,-7.539511887655653,-4.812733391135804,-2.3701014708481702,0.0028544190631508972,lower,0.1
69,phase1,lower,-10.0,4,-10.823886287526719,-10.318370442165293,-7.506592928043888,-4.805178402729159,-2.37533600445107,0.0021349591461097576,lower,0.1
70,phase1,lower,-10.0,4,-10.823886287526719,-10.285271227521653,-7.476688458369089,-4.799921858717523,-2.381106046323776,0.0014683583307887032,lower,0.1
71,phase1,lower,-10.0,4,-10.823886287526719,-10.253091428108688,-7.449754997888416,-4.796787818926695,-2.3873106937707496,0.0008546519946622247,lower,0.1
72,phase1,lower,-10.0,4,-10.823886287526719,-10.221988598291464,-7.42572976561966,-4.795600032518324,-2.3938556902895214,0.00029349178301962993,lower,0.1
73,phase1,lower,-10.0,4,-10.823886287526719,-10.192098572419567,-7.404532904004085,-4.796183373687899,-2.4006534667951103,-0.000215820262624007,lower,0.1
74,phase1,lower,-10.0,4,-10.823886287526719,-10.16353624381438,-7.386069644690702,-4.798365131282848,-2.4076231364284535,-0.0006742975728109141,lower,0.1
75,phase1,lower,-10.0,4,-10.823886287526719,-10.136396451717543,-7.370232402644448,-4.801976156441569,-2.4146904461754515,-0.001083235210357904,lower,0.1
76,phase1,lower,-10.0,4,-10.823886287526719,-10.110754958499555,-7.356902786881712,-4.806851872967766,-2.421787688667687,-0.0014441765890104452,lower,0.1
77,phase1,lower,-10.0,4,-10.823886287526719,-10.086669500267881,-7.345953518107712,-4.812833155694257,-2.428853577634366,-0.0017588809882065205,lower,0.1
78,phase1,lower,-10.0,4,-10.823886287526719,-10.06418089494125,-7.337250245370613,-4.819767082556076,-2.435833090530778,-0.00202929207307377,lower,0.1
79,phase1,upper,-15.0,2,-11.349489284014528,-10.06418089494125,-7.337250245370613,-4.819767082556076,-2.435833090530778,-0.07913786746402077,lower,0.1
80,phase1,lower,-10.0,4,-11.349489284014528,-10.112711910701805,-7.379231658053085,-4.861512448232302,-2.4664806991081463,-0.020771276552201224,lower,0.1
81,phase1,lower,-10.0,4,-11.349489284014528,-10.108058034333915,-7.384241674477378,-4.876278210839186,-2.4756550282344887,-0.005534111611211019,lower,0.1
82,phase1,lower,-10.0,4,-11.349489284014528,-10.090657098798353,-7.380888776712496,-4.8842112930797414,-2.47936947983143,-0.0017258692577132616,lower,0.1
83,phase1,lower,-10.0,4,-11.349489284014528,-10.07123354892171,-7.3766445812852615,-4.890613306752055,-2.481822139388584,-0.0009219436919545577,lower,0.1
84,phase1,lower,-10.0,4,-11.349489284014528,-10.052604401480824,-7.373368376231688,-4.896840191283134,-2.48407676481811,-0.0008850997715306955,lower,0.1
85,phase1,lower,-10.0,4,-11.349489284014528,-10.035477388750289,-7.37143379791117,-4.903200355765057,-2.4863700308116417,-0.0010228745362783674,lower,0.1
86,phase1,lower,-10.0,4,-11.349489284014528,-10.019993616749026,-7.370825687701758,-4.90972568413541,-2.4887244615627213,-0.0011800142785070758,lower,0.1
87,phase1,lower,-10.0,4,-11.349489284014528,-10.006138836694957,-7.371431562256307,-4.916376974219678,-2.4911109710360626,-0.0013174538650397383,lower,0.1
88,phase1,lower,-10.0,4,-11.349489284014528,-9.993853817729628,-7.373119002977775,-4.92309892969192,-2.493491680899921,-0.001426965176946098,lower,0.1
89,phase1,lower,-10.0,4,-11.349489284014528,-9.983064604913693,-7.375756143712366,-4.929835066478225,-2.4958309202583986,-0.0015084553662565133,lower,0.1
90,phase1,lower,-10.0,4,-11.349489284014528,-9.973691368623191,-7.379217034417258,-4.936531881670735,-2.498097777154768,-0.0015639215539663444,lower,0.1
91,phase1,lower,-10.0,4,-11.349489284014528,-9.965651464601168,-7.383382982698045,-4.9431400965837895,-2.500266416372616,-0.001595835411276049,lower,0.1
92,phase1,lower,-10.0,4,-11.349489284014528,-9.958860868281002,-7.3881428213843385,-4.949615059745991,-2.502315817197976,-0.0016067072019715807,lower,0.1
93,phase1,lower,-10.0,4,-11.349489284014528,-9.95323510007311,-7.3933928834915354,-4.955916872716677,-2.504229371987223,-0.001598964991095415,lower,0.1
94,phase1,lower,-10.0,4,-11.349489284014528,-9.948689946906939,-7.399036890510738,-4.962010396020491,-2.5059944636325375,-0.0015749190524119742,lower,0.1
95,phase1,lower,-10.0,4,-11.349489284014528,-9.945142068414489,-7.404985807542035,-4.967865183966684,-2.5076020539243014,-0.0015367501560374403,lower,0.1
96,phase1,lower,-10.0,4,-11.349489284014528,-9.942509517467677,-7.411157678739247,-4.973455367614235,-2.5090462916769787,-0.0014865052729103106,lower,0.1
97,phase1,lower,-10.0,4,-11.349489284014528,-9.940712188340454,-7.417477446303012,-4.97875949669352,-2.5103241431300827,-0.0014260961769808128,lower,0.1
98,phase1,lower,-10.0,4,-11.349489284014528,-9.939672200695993,-7.42387675389855,-4.9837603484872615,-2.511435045275921,-0.0013572996185336173,lower,0.1
99,phase1,lower,-10.0,4,-11.349489284014528,-9.939314225672929,-7.430293735053566,-4.988444710407324,-2.5123805821304606,-0.0012817586056025137,lower,0.1
100,phase1,lower,-10.0,4,-11.349489284014528,-9.939565759356034,-7.436672787263748,-4.992803142186554,-2.5131641836787804,-0.0012009845727042195,lower,0.1
101,phase1,lower,-10.0,4,-11.349489284014528,-9.94035734826224,-7.442964332790341,-4.996829722942712,-2.513790847056046,-0.0011163602914152566,lower,0.1
102,phase1,lower,-10.0,4,-11.349489284014528,-9.941622770977322,-7.449124567371428,-5.000521787784255,-2.5142668794026477,-0.00102914340670146,lower,0.1
103,phase1,lower,-10.0,4,-11.349489284014528,-9.943299179682764,-7.4551151982615735,-5.003879658091444,-2.514599661737825,-0.0009404704988197378,lower,0.1
104,phase1,lower,-10.0,4,-11.349489284014528,-9.945327204989583,-7.460903173160444,-5.006906369112607,-2.514797433122063,-0.0008513615818809125,lower,0.1
105,phase1,upper,-15.0,2,-11.825125131682409,-9.945327204989583,-7.460903173160444,-5.006906369112607,-2.514797433122063,-0.06719422265270882,lower,0.1
106,phase1,lower,-10.0,4,-11.825125131682409,-10.007359602194107,-7.50825640416748,-5.038864599792534,-2.5353491355333992,-0.016691645902427006,lower,0.1
107,phase1,lower,-10.0,4,-11.825125131682409,-10.02247176370363,-7.521857174301796,-5.046717440048764,-2.5374623751225633,-0.0033325339337232154,lower,0.1
108,phase1,lower,-10.0,4,-11.825125131682409,-10.025409585303798,-7.526426103340889,-5.047921192456389,-2.5349567320874717,0.00015896443810458813,lower,0.1
109,phase1,lower,-10.0,4,-11.825125131682409,-10.025368169113213,-7.528502910643435,-5.047154222699313,-2.5314816518446346,0.0010326852113608101,lower,0.1
110,phase1,lower,-10.0,4,-11.825125131682409,-10.02475222657601,-7.529802088187182,-5.045694383476065,-2.527985519750649,0.001215090484967611,lower,0.1
111,phase1,lower,-10.0,4,-11.825125131682409,-10.024163631300656,-7.530762156974043,-5.043912176556904,-2.524700904072364,0.001217615139468398,lower,0.1
112,phase1,lower,-10.0,4,-11.825125131682409,-10.023727630242472,-7.5314882215876455,-5.041933843695909,-2.5216720653792657,0.001175609122285419,lower,0.1
113,phase1,lower,-10.0,4,-11.825125131682409,-10.023445641166933,-7.532001686017752,-5.039817929214664,-2.518894975172083,0.0011245159263549146,lower,0.1
114,phase1,lower,-10.0,4,-11.825125131682409,-10.023289181318296,-7.532305878514811,-5.037602470100881,-2.5163543432990574,0.0010732870874649758,lower,0.1
115,phase1,lower,-10.0,4,-11.825125131682409,-10.02322489265923,-7.532402817632621,-5.035317761364965,-2.514033282306489,0.0010238954810429747,lower,0.1
116,phase1,lower,-10.0,4,-11.825125131682409,-10.023221179223631,-7.53229706182708,-5.032989941814748,-2.5119157129902026,0.0009765193135794154,lower,0.1
117,phase1,lower,-10.0,4,-11.825125131682409,-10.023249900101755,-7.531996191488585,-5.030642115855876,-2.509986855359428,0.0009309163144037466,lower,0.1
118,phase1,lower,-10.0,4,-11.825125131682409,-10.023286704557476,-7.531510456514684,-5.028294800576708,-2.508233225329414,0.0008867847117269466,lower,0.1
119,phase1,lower,-10.0,4,-11.825125131682409,-10.023310973512643,-7.530852257855343,-5.025966177195773,-2.506642514165452,0.0008438545840097904,lower,0.1
120,phase1,lower,-10.0,4,-11.825125131682409,-10.023305632821305,-7.530035636078713,-5.023672277117461,-2.505203450204392,0.0008019074040303397,lower,0.1
121,phase1,lower,-10.0,4,-11.825125131682409,-10.023256916483419,-7.529075808605999,-5.021427139630587,-2.5039056685004035,0.0007607764822255706,lower,0.1
122,phase1,lower,-10.0,4,-11.825125131682409,-10.023154106861673,-7.527988762611965,-5.019242953087688,-2.5027395943289314,0.0007203424161255345,lower,0.1
123,phase1,lower,-10.0,4,-11.825125131682409,-10.022989264262188,-7.526790901642636,-5.017130184342826,-2.5016963412012614,0.000680527370249952,lower,0.1
124,phase1,lower,-10.0,4,-11.825125131682409,-10.022756953367008,-7.525498741878669,-5.015097699037785,-2.5007676226226936,0.0006412892592701025,lower,0.1
125,phase1,lower,-10.0,4,-11.825125131682409,-10.022453971884831,-7.524128653651055,-5.013152874479104,-2.4999456764551966,0.000602616160524481,lower,0.1
126,phase1,lower,-10.0,4,-11.825125131682409,-10.022079085516982,-7.522696643960417,-5.011301706397661,-2.499223200667695,0.0005645210707531348,lower,0.1
127,phase1,lower,-10.0,4,-11.825125131682409,-10.021632772397648,-7.52121817600754,-5.009548910572848,-2.4985932992699453,0.0005270370552375376,lower,0.1
128,phase1,lower,-10.0,4,-11.825125131682409,-10.021116979408923,-7.519708022016738,-5.007898020062688,-2.498049437271864,0.000490212811166037,lower,0.1
129,phase1,lower,-10.0,4,-11.825125131682409,-10.020534892139656,-7.518180145900709,-5.00635147858641,-2.4975854035712883,0.00045410865301431157,lower,0.1
130,phase1,lower,-10.0,4,-11.825125131682409,-10.01989071972805,-7.516647612569429,-5.004910730447516,-2.4971952807425843,0.00041879291836390296,lower,0.1
131,phase1,lower,-10.0,4,-11.825125131682409,-10.019189495385659,-7.515122520925386,-5.003576307257435,-2.496873420772581,0.0003843387856345992,lower,0.1
132,phase1,lower,-10.0,4,-11.825125131682409,-10.01843689303256,-7.513615957813214,-5.002347911618152,-2.4966144258666727,0.00035082148990532016,lower,0.1
133,phase1,lower,-10.0,4,-11.825125131682409,-10.01763906016971,-7.5121379704041455,-5.001224497843044,-2.496413133524743,0.0003183159189819804,lower,0.1
134,phase1,lower,-10.0,4,-11.825125131682409,-10.01680246686607,-7.5106975546954065,-5.000204349735224,-2.4962646051624815,0.00028689456891003317,lower,0.1
135,phase1,lower,-10.0,4,-11.825125131682409,-10.015933770536984,-7.509302657992367,-4.99928515539911,-2.4961641176275817,0.00025662583604813254,lower,0.1
136,phase1,lower,-10.0,4,-11.825125131682409,-10.01503969603008,-7.5079601934176265,-4.998464079031148,-2.4961071570314264,0.00022757262146968035,lower,0.1
137,phase1,lower,-10.0,4,-11.825125131682409,-10.01412693040951,-7.506676064656917,-4.997737829617297,-2.4960894143845764,0.00019979122271518364,lower,0.1
138,phase1,lower,-10.0,4,-11.825125131682409,-10.013202031733808,-7.505455199307325,-4.997102726456014,-2.4961067825882273,0.00017333048767495177,lower,0.1
139,phase1,lower,-10.0,4,-11.825125131682409,-10.012271351052252,-7.504301589339443,-4.996554761424325,-2.496155354393537,0.00014823120554388993,lower,0.1
140,phase1,lower,-10.0,4,-11.825125131682409,-10.011340966795983,-7.503218337322193,-4.996089657909521,-2.4962314209961445,0.0001245257102807985,lower,0.1
141,phase1,lower,-10.0,4,-11.825125131682409,-10.01041663070935,-7.502207707187656,-4.995702926338753,-2.496331470984267,0.0001022376727552422,lower,0.1
142,phase1,lower,-10.0,4,-11.825125131682409,-10.009503724451701,-7.501271178433845,-4.9953899162521385,-2.4964521894054537,8.138205871786508e-05,lower,0.1
143,phase1,lower,-10.0,4,-11.825125131682409,-10.00860722599707,-7.5004095027762,-4.995145864880932,-2.496590456759471,6.19652308369715e-05,lower,0.1
144,phase1,lower,-10.0,4,-11.825125131682409,-10.00773168496723,-7.499622762364282,-4.99496594220994,-2.496743347763052,4.398517426195463e-05,lower,0.1
145,phase1,lower,-10.0,4,-11.825125131682409,-10.006881206050098,-7.4989104287787836,-4.994845292522038,-2.496908129766432,2.743182646965114e-05,lower,0.1
146,phase1,lower,-10.0,4,-11.825125131682409,-10.006059439679143,-7.498271422116108,-4.994779072441644,-2.4970822607320047,1.2287493492045391e-05,lower,0.1
147,phase1,lower,-10.0,4,-11.825125131682409,-10.005269579178698,-7.49770416955356,-4.994762485512898,-2.4972633867121963,-1.4726640117377677e-06,lower,0.1
148,phase1,lower,-10.0,4,-11.825125131682409,-10.004514363613795,-7.497206662867943,-4.994790813366643,-2.497449338787029,-1.3880090008208795e-05,lower,0.1
149,phase1,lower,-10.0,4,-11.825125131682409,-10.003796085620218,-7.49677651445438,-4.994859443547744,-2.49763812944202,-2.4972251484262428e-05,lower,0.1
150,phase1,lower,-10.0,4,-11.825125131682409,-10.00311660352997,-7.496411011460674,-4.994963894090563,-2.4978279483843373,-3.4792028476543716e-05,lower,0.1
151,phase1,lower,-10.0,4,-11.825125131682409,-10.002477357148669,-7.496107167715732,-4.995099834945395,-2.498017157809654,-4.338708694267762e-05,lower,0.1
152,phase1,lower,-10.0,4,-11.825125131682409,-10.001879386583623,-7.495861773188783,-4.995263106372081,-2.498204287144206,-5.080924444587013e-05,lower,0.1
153,phase1,lower,-10.0,4,-11.825125131682409,-10.00132335356414,-7.495671440769454,-4.995449734428881,-2.498388027296344,-5.711383744147701e-05,lower,0.1
154,phase1,upper,-15.0,2,-12.254375832129195,-10.00132335356414,-7.495671440769454,-4.995449734428881,-2.498388027296344,-0.05664629501049617,lower,0.1
155,phase1,lower,-10.0,4,-12.254375832129195,-10.051739827794119,-7.531183834346552,-5.020611772592241,-2.516036304687761,-0.013649421497482769,lower,0.1
156,phase1,lower,-10.0,4,-12.254375832129195,-10.061968707797096,-7.538170751891451,-5.025499666738657,-2.518050945241369,-0.0023331216545548765,lower,0.1
157,phase1,lower,-10.0,4,-12.254375832129195,-10.061688721695631,-7.5377309652090885,-5.024991800572845,-2.516210639425547,0.00056891491744066,lower,0.1
158,phase1,lower,-10.0,4,-12.254375832129195,-10.05878092262128,-7.53545177292234,-5.02306603393675,-2.513619128767059,0.0012411110729364772,lower,0.1
159,phase1,lower,-10.0,4,-12.254375832129195,-10.055331007685743,-7.532801412005959,-5.020798677554695,-2.5110762833452114,0.0013270769536775804,lower,0.1
160,phase1,lower,-10.0,4,-12.254375832129195,-10.051883678859456,-7.530156780996661,-5.018491314008642,-2.5087715634794616,0.0012633596913120392,lower,0.1
161,phase1,lower,-10.0,4,-12.254375832129195,-10.048573965350995,-7.5276076914500365,-5.0162365913535725,-2.506734050545721,0.001165646471112697,lower,0.1
162,phase1,lower,-10.0,4,-12.254375832129195,-10.045428256136898,-7.525170134768263,-5.014069004899694,-2.504951944228172,0.0010643447209095543,lower,0.1
163,phase1,lower,-10.0,4,-12.254375832129195,-10.042444533751215,-7.5228425153302805,-5.012005313810302,-2.5034041996516554,0.0009672084463887312,lower,0.1
164,phase1,lower,-10.0,4,-12.254375832129195,-10.039613844307372,-7.520620199359692,-5.010055580880385,-2.5020688145443692,0.0008759877667542851,lower,0.1
165,phase1,lower,-10.0,4,-12.254375832129195,-10.036926090822524,-7.518499036805119,-5.008226369053193,-2.500924915763346,0.0007908556903425511,lower,0.1
166,phase1,lower,-10.0,4,-12.254375832129195,-10.034371615299476,-7.5164760004865405,-5.006521823014537,-2.499953204451415,0.0007115850450308324,lower,0.1
167,phase1,lower,-10.0,4,-12.254375832129195,-10.031941627277654,-7.514549102561022,-5.0049441622416575,-2.4991359720634723,0.0006378609779434477,lower,0.1
168,phase1,lower,-10.0,4,-12.254375832129195,-10.029628299925841,-7.512717157945632,-5.003493994426799,-2.498457009564386,0.0005693632784790751,lower,0.1
169,phase1,lower,-10.0,4,-12.254375832129195,-10.027424758777189,-7.510979541894841,-5.002170560736314,-2.4979014953736915,0.0005057872469082782,lower,0.1
170,phase1,lower,-10.0,4,-12.254375832129195,-10.025325028566737,-7.509335976957613,-5.000971944933808,-2.4974558845851615,0.00044684805655820605,lower,0.1
171,phase1,lower,-10.0,4,-12.254375832129195,-10.023323960154922,-7.5077863550861546,-4.999895256965947,-2.4971078051441338,0.0003922806350638862,lower,0.1
172,phase1,lower,-10.0,4,-12.254375832129195,-10.021417147076487,-7.506330593137187,-4.998936795638657,-2.4968459621289556,0.0003418383215855984,lower,0.1
173,phase1,lower,-10.0,4,-12.254375832129195,-10.01960083719313,-7.504968518288373,-4.998092193185954,-2.4966600500400853,0.0002952912118488984,lower,0.1
174,phase1,lower,-10.0,4,-12.254375832129195,-10.01787184321199,-7.503699779704238,-4.997356543841876,-2.496540672650495,0.0002524244677662359,lower,0.1
175,phase1,lower,-10.0,4,-12.254375832129195,-10.016227454840227,-7.5025237829886,-4.996724518163873,-2.496479269872072,0.00021303668991601947,lower,0.1
176,phase1,lower,-10.0,4,-12.254375832129195,-10.01466535463414,-7.501439644251486,-4.996190464606177,-2.496468051071025,0.0001769383958155445,lower,0.1
177,phase1,lower,-10.0,4,-12.254375832129195,-10.01318353903964,-7.50044616091726,-4.995748499643452,-2.496499934272026,0.00014395062582779492,lower,0.1
178,phase1,lower,-10.0,4,-12.254375832129195,-10.011780245664157,-7.499541796686303,-4.995392587579413,-2.4965684907109678,0.00011390368782623951,lower,0.1
179,phase1,lower,-10.0,4,-12.254375832129195,-10.010453887447328,-7.498724678329881,-4.995116611034669,-2.4966678942238936,8.663604486687149e-05,lower,0.1
180,phase1,lower,-10.0,4,-12.254375832129195,-10.009202994095205,-7.497992602245923,-4.994914432988515,-2.49679287499206,6.1993345173769e-05,lower,0.1
181,phase1,upper,-15.0,2,-12.641015064168387,-10.009202994095205,-7.497992602245923,-4.994914432988515,-2.49679287499206,-0.04753579595250264,lower,0.1
182,phase1,lower,-10.0,4,-12.641015064168387,-10.050864171267529,-7.527329656190329,-5.015770576228022,-2.5116321147543563,-0.011388401620295521,lower,0.1
183,phase1,lower,-10.0,4,-12.641015064168387,-10.058760281218076,-7.532713009307799,-5.019622117701264,-2.513342936153558,-0.0018863954598649804,lower,0.1
184,phase1,lower,-10.0,4,-12.641015064168387,-10.057853309940928,-7.531889072945282,-5.018980352431813,-2.5118294116561377,0.0005396898817678068,lower,0.1
185,phase1,lower,-10.0,4,-12.641015064168387,-10.054771165347772,-7.52955716186954,-5.0171879955833045,-2.5096993111499217,0.001091561836818951,lower,0.1
186,phase1,lower,-10.0,4,-12.641015064168387,-10.051267359346813,-7.5269517831898085,-5.015147236214462,-2.5076228619073753,0.001151604544817584,lower,0.1
187,phase1,lower,-10.0,4,-12.641015064168387,-10.047799357640777,-7.5243892970727995,-5.013108654021787,-2.50575711627697,0.0010869320880739506,lower,0.1
188,phase1,lower,-10.0,4,-12.641015064168387,-10.044480112704713,-7.521944393916876,-5.011147135689352,-2.5041244579395956,0.0009947831513911906,lower,0.1
189,phase1,lower,-10.0,4,-12.641015064168387,-10.041331235989677,-7.519629490301475,-5.0092887174873795,-2.502713094547495,0.0009006696478532385,lower,0.1
190,phase1,lower,-10.0,4,-12.641015064168387,-10.03835045873779,-7.5174420440083365,-5.0075445960192,-2.501503651851435,0.0008110520241107832,lower,0.1
191,phase1,lower,-10.0,4,-12.641015064168387,-10.035529670443145,-7.515376809236538,-5.005920427525697,-2.5004761293200537,0.0007273430470615039,lower,0.1
192,phase1,lower,-10.0,4,-12.641015064168387,-10.032859775580128,-7.513428817693227,-5.004419028038381,-2.4996116415697696,0.0006496309604849184,lower,0.1
193,phase1,lower,-10.0,4,-12.641015064168387,-10.030332011927003,-7.5115939353596906,-5.003041292713203,-2.4988927803033185,0.0005776692211287975,lower,0.1
194,phase1,lower,-10.0,4,-12.641015064168387,-10.027938301971256,-7.509868811418413,-5.001786618347119,-2.4983036162503534,0.0005111392044811542,lower,0.1
195,phase1,lower,-10.0,4,-12.641015064168387,-10.025671327631938,-7.508250698167535,-5.000653173163893,-2.4978296120872203,0.00044971935047536364,lower,0.1
196,phase1,lower,-10.0,4,-12.641015064168387,-10.02352451727007,-7.506737265480831,-4.99963810775069,-2.4974575182155534,0.0003931026560181174,lower,0.1
197,phase1,lower,-10.0,4,-12.641015064168387,-10.02149199970073,-7.5053264392362165,-4.998737734208342,-2.497175270264365,0.00034100031395877884,lower,0.1
198,phase1,upper,-15.0,2,-12.987962865928075,-10.02149199970073,-7.5053264392362165,-4.998737734208342,-2.497175270264365,-0.03934953473730585,lower,0.1
199,phase1,lower,-10.0,4,-12.987962865928075,-10.055290024917854,-7.529021305485389,-5.015451208504564,-2.509224361194875,-0.009236555858583071,lower,0.1
200,phase1,lower,-10.0,4,-12.987962865928075,-10.060976053247332,-7.532774070553537,-5.018038973491475,-2.5103811150005413,-0.0013404168837178815,lower,0.1
201,phase1,lower,-10.0,4,-12.987962865928075,-10.0593622301733,-7.531383569951341,-5.016933446394512,-2.5088984224477238,0.0006572187132766536,lower,0.1
202,phase1,lower,-10.0,4,-12.987962865928075,-10.055972867309155,-7.528769085980301,-5.014921160533049,-2.5069454861296387,0.001093803619341339,lower,0.1
203,phase1,lower,-10.0,4,-12.987962865928075,-10.052268065918863,-7.525960695059512,-5.012753180242387,-2.5050763053125586,0.0011219674093131441,lower,0.1
204,phase1,lower,-10.0,4,-12.987962865928075,-10.048627558164545,-7.523222805096729,-5.010636892912593,-2.5034173792724297,0.0010477412218337099,lower,0.1
205,phase1,lower,-10.0,4,-12.987962865928075,-10.045144115758113,-7.520618208575729,-5.008632918207794,-2.501983298138355,0.0009521216501532329,lower,0.1
206,phase1,lower,-10.0,4,-12.987962865928075,-10.041834615554736,-7.518157643405415,-5.006760928067451,-2.5007605088892655,0.0008563007271260243,lower,0.1
207,phase1,lower,-10.0,4,-12.987962865928075,-10.03869624768539,-7.515839224165497,-5.005028051441222,-2.4997294623866413,0.0007655896328874004,lower,0.1
208,phase1,upper,-15.0,2,-13.298052530214214,-10.03869624768539,-7.515839224165497,-5.005028051441222,-2.4997294623866413,-0.03201589255602669,lower,0.1
209,phase1,lower,-10.0,4,-13.298052530214214,-10.065224848633825,-7.53431097956833,-5.01789330174489,-2.5089900306898922,-0.007189738549890015,lower,0.1
210,phase1,lower,-10.0,4,-13.298052530214214,-10.068604226422178,-7.536364072607649,-5.019146099913321,-2.5093508269941696,-0.0007101430362883562,lower,0.1
211,phase1,lower,-10.0,4,-13.298052530214214,-10.066019339773385,-7.534219181298085,-5.017405521530568,-2.507618536162349,0.0009005755794725535,lower,0.1
212,phase1,lower,-10.0,4,-13.298052530214214,-10.06202880590433,-7.531111848427432,-5.014974677354292,-2.5055759319935547,0.0012246954035277807,lower,0.1
213,phase1,lower,-10.0,4,-13.298052530214214,-10.057834884293465,-7.52789181536402,-5.0124746780299745,-2.5036724853176886,0.0012140528859815828,lower,0.1
214,phase1,lower,-10.0,4,-13.298052530214214,-10.053747929803137,-7.524776785451352,-5.010076874725242,-2.502005268759236,0.001121260802507306,lower,0.1
215,phase1,lower,-10.0,4,-13.298052530214214,-10.049841680645702,-7.521818179175663,-5.007830785896882,-2.5005795587599984,0.0010130782697989052,lower,0.1
216,phase1,lower,-10.0,4,-13.298052530214214,-10.04612756005588,-7.519024565998121,-5.005751591869902,-2.4993779698319982,0.0009068791365780015,lower,0.1
217,phase1,lower,-10.0,4,-13.298052530214214,-10.042601069427183,-7.516394153889696,-5.003843679077726,-2.498378699641906,0.000806929366987445,lower,0.1
218,phase1,lower,-10.0,4,-13.298052530214214,-10.039254141443145,-7.5139231541877844,-5.002107151759721,-2.497560254670852,0.0007140304390397907,lower,0.1
219,phase1,lower,-10.0,4,-13.298052530214214,-10.036078415322473,-7.511607778112488,-5.000539786902533,-2.4969025903785567,0.0006280822819554623,lower,0.1
220,phase1,lower,-10.0,4,-13.298052530214214,-10.033066077547716,-7.509444579949191,-4.999137752157856,-2.4963873064699578,0.0005487637219347865,lower,0.1
221,phase1,lower,-10.0,4,-13.298052530214214,-10.030210040438122,-7.507430395590078,-4.9978959721327145,-2.4959975989699426,0.0004757123020025919,lower,0.1
222,phase1,lower,-10.0,4,-13.298052530214214,-10.027503934881516,-7.5055622040831835,-4.996808380970277,-2.4957181553052417,0.00040857089953693216,lower,0.1
223,phase1,lower,-10.0,4,-13.298052530214214,-10.0249420479921,-7.5038369953736295,-4.995868126700941,-2.495535041489779,0.00034699888077637376,lower,0.1
224,phase1,lower,-10.0,4,-13.298052530214214,-10.022519243737555,-7.502251662790773,-4.99506774672475,-2.495435594021548,0.0002906738263347743,lower,0.1
225,phase1,lower,-10.0,4,-13.298052530214214,-10.020230879199177,-7.500802921988017,-4.99439932128334,-2.495408319376643,0.00023929078722959067,lower,0.1
226,phase1,lower,-10.0,4,-13.298052530214214,-10.018072721769554,-7.499487253876893,-4.993854608245185,-2.4954428013942582,0.0001925609494153335,lower,0.1
227,phase1,lower,-10.0,4,-13.298052530214214,-10.016040870125813,-7.498300868282489,-4.993425161406172,-2.4955296161621137,0.00015021022505342263,lower,0.1
228,phase1,lower,-10.0,4,-13.298052530214214,-10.014131680738933,-7.497239685103303,-4.993102434052019,-2.495660253843489,0.00011197792007364057,lower,0.1
229,phase1,lower,-10.0,4,-13.298052530214214,-10.012341701047303,-7.496299330026366,-4.992877869272515,-2.495827046862454,7.76155238379839e-05,lower,0.1
230,phase1,lower,-10.0,4,-13.298052530214214,-10.010667609973757,-7.495475142153397,-4.9927429783328465,-2.4960231038820733,4.688563464546466e-05,lower,0.1
231,phase1,lower,-10.0,4,-13.298052530214214,-10.009106166120539,-7.4947621911903655,-4.992689408257931,-2.4962422490428082,1.956102284039708e-05,lower,0.1
232,phase1,lower,-10.0,4,-13.298052530214214,-10.007654163706965,-7.494155302129618,-4.99270899965999,-2.496478965966219,-4.576172475917424e-06,lower,0.1
233,phase1,upper,-15.0,2,-13.575211671758643,-10.007654163706965,-7.494155302129618,-4.99270899965999,-2.496478965966219,-0.026116714349058767,lower,0.1
234,phase1,lower,-10.0,4,-13.575211671758643,-10.029809320463382,-7.510099732659974,-5.004309288668056,-2.5047891631240757,-0.006295259496718804,lower,0.1
235,phase1,lower,-10.0,4,-13.575211671758643,-10.03350409523009,-7.512954542873023,-5.006604632354445,-2.5058963527905314,-0.001089963089838063,lower,0.1
236,phase1,upper,-15.0,2,-13.822419193692767,-10.03350409523009,-7.512954542873023,-5.006604632354445,-2.5058963527905314,-0.02111734179746709,lower,0.1
237,phase1,lower,-10.0,4,-13.822419193692767,-10.050454747612102,-7.525068639239928,-5.015286718007186,-2.5114146334896454,-0.004573710732636396,lower,0.1
238,phase1,lower,-10.0,4,-13.822419193692767,-10.052032476434258,-7.526286459952165,-5.016172606667006,-2.5110597918368094,-0.0002693778700772959,lower,0.1
239,phase1,lower,-10.0,4,-13.822419193692767,-10.049700314869117,-7.524749640236782,-5.0150204470744795,-2.509367151976058,0.0007880853928254412,lower,0.1
240,phase1,lower,-10.0,4,-13.822419193692767,-10.046495970552341,-7.522606558907999,-5.013373315940468,-2.5075205366738764,0.0009887146406185726,lower,0.1
241,phase1,lower,-10.0,4,-13.822419193692767,-10.043217186211349,-7.520415330273258,-5.011651207417095,-2.505814676548591,0.0009674655674702181,lower,0.1
242,phase1,lower,-10.0,4,-13.822419193692767,-10.040066281606816,-7.5183137645698075,-5.009973315620644,-2.5043096554635618,0.0008927596310344632,lower,0.1
243,phase1,lower,-10.0,4,-13.822419193692767,-10.037087546235183,-7.51632996314734,-5.008376927914022,-2.503004755909325,0.0008090161144804701,lower,0.1
244,phase1,lower,-10.0,4,-13.822419193692767,-10.034283673423367,-7.514464524728514,-5.006875884335407,-2.501884553209564,0.0007277082063688307,lower,0.1
245,phase1,lower,-10.0,4,-13.822419193692767,-10.031646821168149,-7.51271208750443,-5.005476356702867,-2.500931055784241,0.0006515693441274983,lower,0.1
246,phase1,lower,-10.0,4,-13.822419193692767,-10.02916693539206,-7.511066787928553,-5.004181253332358,-2.5001268257859612,0.0005810284445260393,lower,0.1
247,phase1,lower,-10.0,4,-13.822419193692767,-10.026833995045637,-7.509523482567367,-5.002991574812524,-2.499455708627977,0.0005159205575474401,lower,0.1
248,phase1,lower,-10.0,4,-13.822419193692767,-10.024638615296018,-7.508077878003715,-5.001906937032971,-2.4989029335654274,0.00045594119197952935,lower,0.1
249,phase1,lower,-10.0,4,-13.822419193692767,-10.022572194494005,-7.506726401048802,-5.0009258532795196,-2.4984550537305728,0.000400766378983278,lower,0.1
250,phase1,lower,-10.0,4,-13.822419193692767,-10.0206269254084,-7.505466027030094,-5.000045935065608,-2.498099849988382,0.0003500836767985417,lower,0.1
251,phase1,lower,-10.0,4,-13.822419193692767,-10.018795760261451,-7.504294120861048,-4.999264056194026,-2.4978262314377573,0.00030359937326326653,lower,0.1
252,phase1,lower,-10.0,4,-13.822419193692767,-10.017072356885473,-7.50320830252538,-4.998576493664112,-2.4976241409875617,0.00026103929257023986,lower,0.1
253,phase1,lower,-10.0,4,-13.822419193692767,-10.01545101608615,-7.502206337417212,-4.997979050601773,-2.4974844679102604,0.00022214787960652673,lower,0.1
254,phase1,lower,-10.0,4,-13.822419193692767,-10.01392661512761,-7.5012860492474545,-4.9974671639468555,-2.497398967516527,0.0001866868394134372,lower,0.1
255,phase1,lower,-10.0,4,-13.822419193692767,-10.012494540384123,-7.5004452527298,-4.99703599880939,-2.4973601876151523,0.0001544336975014868,lower,0.1
256,phase1,lower,-10.0,4,-13.822419193692767,-10.01115062129094,-7.4996817033416665,-4.9966805310368505,-2.4973614012942114,0.00012518039689667443,lower,0.1
257,phase1,lower,-10.0,4,-13.822419193692767,-10.009891067138804,-7.49899306167651,-4.9963956193060834,-2.497396545532187,9.87319752954578e-05,lower,0.1
258,phase1,lower,-10.0,4,-13.822419193692767,-10.00871240781481,-7.498376870147549,-4.9961760678803495,-2.497460165153232,7.490534153816369e-05,lower,0.1
259,phase1,lower,-10.0,4,-13.822419193692767,-10.0076114392407,-7.497830540038644,-4.996016681028894,-2.497547361659156,5.35281602937048e-05,lower,0.1
260,phase1,lower,-10.0,4,-13.822419193692767,-10.006585173976228,-7.4973513471182285,-4.995912309985049,-2.4976537464954474,3.443784805816961e-05,lower,0.1
261,phase1,lower,-10.0,4,-13.822419193692767,-10.005630797227177,-7.496936434235468,-4.995857893214883,-2.4977753983368394,1.7480679690369094e-05,lower,0.1
262,phase1,lower,-10.0,4,-13.822419193692767,-10.004745628316284,-7.496582819504429,-4.995848490679236,-2.4979088240079586,2.511001925020666e-06,lower,0.1
263,phase1,lower,-10.0,4,-13.822419193692767,-10.003927087533366,-7.496287408852776,-4.995879312695435,-2.498050922685367,-1.0609451697891458e-05,lower,0.1
264,phase1,lower,-10.0,4,-13.822419193692767,-10.003172668171835,-7.496047011867236,-4.995945743939315,-2.4981989530579796,-2.201215144404603e-05,lower,0.1
265,phase1,lower,-10.0,4,-13.822419193692767,-10.002479913477675,-7.495858360009629,-4.996043363071758,-2.4983505031527886,-3.1822275399525214e-05,lower,0.1
266,phase1,lower,-10.0,4,-13.822419193692767,-10.001846398178731,-7.495718126405707,-4.996167958425444,-2.498503462561606,-4.0159135268523046e-05,lower,0.1
267,phase1,lower,-10.0,4,-13.822419193692767,-10.00126971422317,-7.495622946525029,-4.996315540145736,-2.498655996831795,-4.713653253491919e-05,lower,0.1
268,phase1,lower,-10.0,4,-13.822419193692767,-10.000747460332637,-7.495569439174747,-4.996482349143454,-2.498806523809518,-5.2863053525531696e-05,lower,0.1
269,phase1,lower,-10.0,4,-13.822419193692767,-10.00027723496502,-7.495554227324075,-4.996664863185936,-2.4989536917476634,-5.744231167861209e-05,lower,0.1
270,phase1,upper,-15.0,2,-14.040318707164019,-10.00027723496502,-7.495554227324075,-4.996664863185936,-2.4989536917476634,-0.01574926753677274,lower,0.1
271,phase1,lower,-10.0,4,-14.040318707164019,-10.01397927498402,-7.505459808252123,-5.003779895349682,-2.503940425459365,-0.0038285803814895342,lower,0.1
272,phase1,lower,-10.0,4,-14.040318707164019,-10.01657305065417,-7.507473797000457,-5.005277976739289,-2.504588137091437,-0.0006920404857809296,lower,0.1
273,phase1,lower,-10.0,4,-14.040318707164019,-10.016285961726,-7.507444520631732,-5.005282919587627,-2.5041624464809873,0.00011188170264786545,lower,0.1
274,phase1,lower,-10.0,4,-14.040318707164019,-10.015301124084191,-7.506919156145108,-5.004896065981223,-2.503523584651991,0.00029802009068315583,lower,0.1
275,phase1,lower,-10.0,4,-14.040318707164019,-10.014194709208667,-7.506302781337235,-5.004414348359835,-2.5028930405489773,0.0003220741467488928,lower,0.1
276,phase1,lower,-10.0,4,-14.040318707164019,-10.01311564968945,-7.505697949274515,-5.003920037752874,-2.502323135305073,0.00030503658569654125,lower,0.1
277,phase1,lower,-10.0,4,-14.040318707164019,-10.012099346720829,-7.505127707162158,-5.003437628224875,-2.501821801910222,0.00027893173141955746,lower,0.1
278,phase1,lower,-10.0,4,-14.040318707164019,-10.011151144206686,-7.504594738009551,-5.002975640580888,-2.501385710899939,0.000252140250065,lower,0.1
279,phase1,lower,-10.0,4,-14.040318707164019,-10.010268577361913,-7.504096956941821,-5.002537822054815,-2.5010090338179745,0.00022676487630856717,lower,0.1
280,phase1,lower,-10.0,4,-14.040318707164019,-10.009447326931227,-7.503631547829704,-5.00212619965279,-2.5006857326489436,0.00020324707127630594,lower,0.1
281,phase1,lower,-10.0,4,-14.040318707164019,-10.008682826656926,-7.503195941321367,-5.001741958368177,-2.5004101305659856,0.0001815943935178357,lower,0.1
282,phase1,lower,-10.0,4,-14.040318707164019,-10.007970703169205,-7.5027879926540715,-5.0013857327878375,-2.500177028198644,0.00016170671422402792,lower,0.1
283,phase1,lower,-10.0,4,-14.040318707164019,-10.00730689607489,-7.502405958253578,-5.001057735422822,-2.499981701520604,0.00014346273565194568,lower,0.1
284,phase1,lower,-10.0,4,-14.040318707164019,-10.006687685830672,-7.502048429125867,-5.000757835224924,-2.4998198706878103,0.00012674268618814689,lower,0.1
285,phase1,lower,-10.0,4,-14.040318707164019,-10.006109691742623,-7.501714261912444,-5.0004856172595575,-2.4996876635183685,0.00011143397670376274,lower,0.1
286,phase1,lower,-10.0,4,-14.040318707164019,-10.005569858180571,-7.501402517436417,-5.000240432472294,-2.4995815798263186,9.743228127256882e-05,lower,0.1
287,phase1,lower,-10.0,4,-14.040318707164019,-10.00506543505301,-7.501112408402711,-5.00002144053756,-2.4994984581531496,8.464137631853405e-05,lower,0.1
288,phase1,upper,-15.0,2,-14.232176930374134,-10.00506543505301,-7.501112408402711,-5.00002144053756,-2.4994984581531496,-0.01147486847029125,lower,0.1
289,phase1,lower,-10.0,4,-14.232176930374134,-10.014997514011243,-7.5081257470329215,-5.0049253909584674,-2.503003865875,-0.0027024656732005407,lower,0.1
290,phase1,lower,-10.0,4,-14.232176930374134,-10.016742556419292,-7.5093227270911775,-5.005708739802102,-2.503334449056633,-0.00040063828863121835,lower,0.1
291,phase1,lower,-10.0,4,-14.232176930374134,-10.016361147946247,-7.509013395092248,-5.005410179781735,-2.502894106638768,0.00018317598118919597,lower,0.1
292,phase1,lower,-10.0,4,-14.232176930374134,-10.015461514277776,-7.50833928336599,-5.00484163251741,-2.502314904035011,0.00031221693018105467,lower,0.1
293,phase1,lower,-10.0,4,-14.232176930374134,-10.014468295949435,-7.5076005213805,-5.004222225265815,-2.501758477880137,0.00032217492767359213,lower,0.1
294,phase1,lower,-10.0,4,-14.232176930374134,-10.013491561057634,-7.506874291651235,-5.003612756449694,-2.5012619430584224,0.00030217758483798467,lower,0.1
295,phase1,lower,-10.0,4,-14.232176930374134,-10.01255787429064,-7.50617909997866,-5.003031286953431,-2.5008298050810205,0.00027581448074348163,lower,0.1
296,phase1,lower,-10.0,4,-14.232176930374134,-10.011671763826772,-7.505518328646846,-5.0024839547940045,-2.5004583557818334,0.000249258767718896,lower,0.1
297,phase1,lower,-10.0,4,-14.232176930374134,-10.010832087417834,-7.504891715488041,-5.001973243757297,-2.5001421232354777,0.00022405942647810482,lower,0.1
298,phase1,upper,-15.0,2,-14.400304124306981,-10.010832087417834,-7.504891715488041,-5.001973243757297,-2.5001421232354777,-0.007775306702300623,lower,0.1
299,phase1,lower,-10.0,4,-14.400304124306981,-10.017235826256925,-7.5093379214953115,-5.005027970194626,-2.502344957600499,-0.0017201059496003332,lower,0.1
300,phase1,lower,-10.0,4,-14.400304124306981,-10.017994131135405,-7.509777349684928,-5.0052525965738734,-2.50238306984747,-0.0001416797218903382,lower,0.1
301,phase1,lower,-10.0,4,-14.400304124306981,-10.017299964740058,-7.509192279499451,-5.0047506591551745,-2.501916796318869,0.0002487994073106081,lower,0.1
302,phase1,lower,-10.0,4,-14.400304124306981,-10.016265276749419,-7.508372466336922,-5.004084393332577,-2.5013805867131254,0.0003254716470104639,lower,0.1
303,phase1,lower,-10.0,4,-14.400304124306981,-10.01518307122586,-7.507525506017733,-5.003405527586387,-2.5008835857041163,0.0003205949751579085,lower,0.1
304,phase1,lower,-10.0,4,-14.400304124306981,-10.014128779227404,-7.506704779079629,-5.002755983614035,-2.500448989853996,0.00029580323311900183,lower,0.1
305,phase1,lower,-10.0,4,-14.400304124306981,-10.013120156302818,-7.505923095492215,-5.002147903931863,-2.500077635822757,0.0002673791757173913,lower,0.1
306,phase1,upper,-15.0,2,-14.546955720163202,-10.013120156302818,-7.505923095492215,-5.002147903931863,-2.500077635822757,-0.0046395591343960305,lower,0.1
307,phase1,upper,-15.0,2,-14.678615381472413,-10.013120156302818,-7.505923095492215,-5.002147903931863,-2.500077635822757,-0.004391147143014924,lower,0.1
308,phase1,lower,-10.0,4,-14.678615381472413,-10.016352482650472,-7.5081176783943935,-5.003639418389572,-2.5012029538895693,-0.0008789566523856535,lower,0.1
309,phase1,lower,-10.0,4,-14.678615381472413,-10.016320063212012,-7.50800125537,-5.003506841002703,-2.501094622303305,2.6783436815260765e-05,lower,0.1
310,phase1,lower,-10.0,4,-14.678615381472413,-10.015464077334677,-7.507310332556343,-5.0029752329809964,-2.500716759861854,0.00024159438885941098,lower,0.1
311,phase1,lower,-10.0,4,-14.678615381472413,-10.01443126790687,-7.506504467024811,-5.002371689078751,-2.5003197174882197,0.000274565541649398,lower,0.1
312,phase1,lower,-10.0,4,-14.678615381472413,-10.013391478831181,-7.505704189315151,-5.001784006974616,-2.4999646030448957,0.00026092473148124726,lower,0.1
313,phase1,lower,-10.0,4,-14.678615381472413,-10.012387917621245,-7.504940231683332,-5.001235864080014,-2.4996626770831623,0.00023652249142546106,lower,0.1
314,phase1,lower,-10.0,4,-14.678615381472413,-10.01143027878517,-7.5042196982330776,-5.0007334597720945,-2.4994123734001668,0.00021079718168991619,lower,0.1
315,phase1,lower,-10.0,4,-14.678615381472413,-10.01051950326644,-7.503543586487608,-5.000277981166896,-2.4992091077505036,0.00018617099839670576,lower,0.1
316,phase1,lower,-10.0,4,-14.678615381472413,-10.009654357690001,-7.502911388473519,-4.999868976244184,-2.4990478550864603,0.00016320581284303212,lower,0.1
317,phase1,lower,-10.0,4,-14.678615381472413,-10.008833175536795,-7.50232226741965,-4.999505303116565,-2.4989238065982624,0.00014197352557845114,lower,0.1
318,phase1,lower,-10.0,4,-14.678615381472413,-10.00805430855206,-7.501775333149065,-4.999185428940357,-2.498832518365378,0.0001224200881043845,lower,0.1
319,phase1,lower,-10.0,4,-14.678615381472413,-10.007316232932466,-7.5012696857368075,-4.998907550575253,-2.4987699268279915,0.00010446198495458517,lower,0.1
320,phase1,lower,-10.0,4,-14.678615381472413,-10.006617562426442,-7.500804404395848,-4.998669663073802,-2.498732330715309,8.801158363799616e-05,lower,0.1
321,phase1,lower,-10.0,4,-14.678615381472413,-10.005957036198108,-7.500378527699125,-4.998469610027095,-2.498716365802498,7.298357578799731e-05,lower,0.1
322,phase1,lower,-10.0,4,-14.678615381472413,-10.005333500130002,-7.4999910365497025,-4.998305125259937,-2.4987189793868954,5.9296401571558364e-05,lower,0.1
323,phase1,lower,-10.0,4,-14.678615381472413,-10.004745887010557,-7.499640842171068,-4.998173868793049,-2.498737406193925,4.68723571589057e-05,lower,0.1
324,phase1,lower,-10.0,4,-14.678615381472413,-10.004193197405167,-7.49932677903759,-4.998073458194956,-2.4987691460476302,3.563737340842878e-05,lower,0.1
325,phase1,lower,-10.0,4,-14.678615381472413,-10.003674481932341,-7.499047602112155,-4.998001495928652,-2.498811943278789,2.5520731267198853e-05,lower,0.1
326,phase1,lower,-10.0,4,-14.678615381472413,-10.003188825292183,-7.498801987677961,-4.997955593125621,-2.4988637677527326,1.645478583526153e-05,lower,0.1
327,phase1,lower,-10.0,4,-14.678615381472413,-10.002735332223509,-7.498588537092067,-4.997933390143957,-2.4989227973813284,8.37471846141908e-06,lower,0.1
328,phase1,lower,-10.0,4,-14.678615381472413,-10.00231311546375,-7.498405782856077,-4.997932574221269,-2.4989874019861076,1.2183213973882166e-06,lower,0.1
329,phase1,lower,-10.0,4,-14.678615381472413,-10.001921285713724,-7.498252196469708,-4.997950894498592,-2.4990561283877346,-5.074185046248872e-06,lower,0.1
330,phase1,lower,-10.0,4,-14.678615381472413,-10.001558943555864,-7.498126197599587,-4.997986174663179,-2.4991276866069394,-1.0560304573221374e-05,lower,0.1
331,phase1,lower,-10.0,4,-14.678615381472413,-10.001225173234353,-7.498026164157008,-4.9980363234340155,-2.499200937072249,-1.52953886835376e-05,lower,0.1
332,phase1,lower,-10.0,4,-14.678615381472413,-10.000919038176432,-7.497950442934492,-4.998099343093165,-2.4992748787399854,-1.9332735024469855e-05,lower,0.1
333,phase1,lower,-10.0,4,-14.678615381472413,-10.00063957811376,-7.497897360501892,-4.998173336248205,-2.499348638041701,-2.272366335596598e-05,lower,0.1
334,phase1,lower,-10.0,4,-14.678615381472413,-10.000385807649593,-7.497865234108917,-4.998256510995381,-2.499421458583434,-2.5517572228821334e-05,lower,0.1
335,phase1,lower,-10.0,4,-14.678615381472413,-10.000156716110531,-7.49785238238247,-4.998347184639555,-2.499492691529726,-2.7761979435718727e-05,lower,0.1
336,phase1,lower,-10.0,4,-14.678615381472413,-9.999951268519217,-7.497857135644566,-4.998443786114984,-2.499561786613276,-2.9502549181717317e-05,lower,0.1
337,phase1,lower,-10.0,4,-14.678615381472413,-9.999768407526016,-7.497877845709976,-4.998544857240373,-2.499628283718294,-3.078310875936144e-05,lower,0.1
338,phase1,lower,-10.0,4,-14.678615381472413,-9.999607056142295,-7.497912895052501,-4.998649052932125,-2.499691804992141,-3.164565731043813e-05,lower,0.1
339,phase1,lower,-10.0,4,-14.678615381472413,-9.999466121124895,-7.497960705255144,-4.998755140491153,-2.499752047445666,-3.2130369032833845e-05,lower,0.1
340,phase1,lower,-10.0,4,-14.678615381472413,-9.999344496870048,-7.498019744682753,-4.998861998070782,-2.4998087760077956,-3.227559294917087e-05,lower,0.1
341,phase1,lower,-10.0,4,-14.678615381472413,-9.999241069684974,-7.498088535336057,-4.99896861242611,-2.499861817004455,-3.211785110728174e-05,lower,0.1
342,phase1,lower,-10.0,4,-14.678615381472413,-9.999154722316078,-7.498165658863839,-4.99907407603852,-2.499911052035827,-3.169183683586635e-05,lower,0.1
343,phase1,lower,-10.0,4,-14.678615381472413,-9.999084338624007,-7.498249761725304,-4.999177583702765,-2.499956412229331,-3.103041443720865e-05,lower,0.1
344,phase1,lower,-10.0,4,-14.678615381472413,-9.99902880830713,-7.498339559507881,-4.999278428658195,-2.499997872848556,-3.016462146535457e-05,lower,0.1
345,phase1,lower,-10.0,4,-14.678615381472413,-9.998987031586525,-7.498433840416856,-4.99937599834005,-2.500035448240814,-2.9123674520073658e-05,lower,0.1
346,phase1,lower,-10.0,4,-14.678615381472413,-9.998957923776626,-7.498531467962542,-4.99946976982141,-2.5000691871079512,-2.7934979278943828e-05,lower,0.1
347,phase1,lower,-10.0,4,-14.678615381472413,-9.99894041967657,-7.498631382878394,-4.999559305011229,-2.5000991680867086,-2.662414530215109e-05,lower,0.1
348,phase1,lower,-10.0,4,-14.678615381472413,-9.998933477727524,-7.498732604309668,-4.999644245668956,-2.5001254956262016,-2.5215005970289945e-05,lower,0.1
349,phase1,lower,-10.0,4,-14.678615381472413,-9.998936083891111,-7.498834230317076,-4.999724308291417,-2.5001482961511425,-2.3729643761378473e-05,lower,0.1
350,phase1,lower,-10.0,4,-14.678615381472413,-9.998947255213093,-7.49893543774358,-4.999799278923047,-2.5001677145002006,-2.2188420933046193e-05,lower,0.1
351,phase1,lower,-10.0,4,-14.678615381472413,-9.998966043044982,-7.499035481495038,-4.999869007936065,-2.500183910629476,-2.0610015557102004e-05,lower,0.1
352,phase1,lower,-10.0,4,-14.678615381472413,-9.99899153590399,-7.499133693287092,-4.9999334048228805,-2.5001970565714826,-1.9011462746786603e-05,lower,0.1
353,phase1,lower,-10.0,4,-14.678615381472413,-9.999022861958773,-7.499229479911545,-4.999992433038819,-2.5002073336403012,-1.7408200829880822e-05,lower,0.1
354,phase1,lower,-10.0,4,-14.678615381472413,-9.999059191134798,-7.499322321075519,-5.000046104929277,-2.500214929873728,-1.581412214628975e-05,lower,0.1
355,phase1,lower,-10.0,4,-14.678615381472413,-9.9990997368388,-7.499411766866246,-5.00009447677152,-2.5002200377033135,-1.424162808921884e-05,lower,0.1
356,phase1,lower,-10.0,4,-14.678615381472413,-9.999143757306827,-7.499497434893211,-5.000137643957648,-2.5002228518432044,-1.2701687962399863e-05,lower,0.1
357,phase1,lower,-10.0,4,-14.678615381472413,-9.999190556584631,-7.499579007157903,-5.000175736341717,-2.5002235673886535,-1.1203901191449594e-05,lower,0.1
358,phase1,lower,-10.0,4,-14.678615381472413,-9.99923948515303,-7.499656226699514,-5.000208913770634,-2.5002223781150117,-9.756562403158913e-06,lower,0.1
359,phase1,lower,-10.0,4,-14.678615381472413,-9.99928994021384,-7.499728894062695,-5.00023736181524,-2.5002194749679267,-8.366728873372462e-06,lower,0.1
360,phase1,lower,-10.0,4,-14.678615381472413,-9.999341365654713,-7.499796863631059,-5.000261287715005,-2.5002150447354032,-7.04028983824106e-06,lower,0.1
361,phase1,lower,-10.0,4,-14.678615381472413,-9.999393251713203,-7.499860039867413,-5.000280916546882,-2.5002092688923008,-5.782037167035737e-06,lower,0.1
362,phase1,lower,-10.0,4,-14.678615381472413,-9.999445134362073,-7.499918373498939,-5.000296487626275,-2.5002023226077927,-4.59573690359287e-06,lower,0.1
363,phase1,upper,-15.0,2,-14.788454008376354,-9.999445134362073,-7.499918373498939,-5.000296487626275,-2.5002023226077927,0.0002413136997550802,lower,0.1
364,phase1,lower,-10.0,4,-14.788454008376354,-9.999275275945982,-7.499816934737522,-5.00019980508396,-2.5001184616631877,5.5558654542917485e-05,lower,0.1
365,phase1,lower,-10.0,4,-14.788454008376354,-9.999279439036048,-7.499834844607176,-5.000187744225743,-2.5001016706632107,7.399831630003843e-06,lower,0.1
366,phase1,lower,-10.0,4,-14.788454008376354,-9.999328319744695,-7.499880468625526,-5.000195898998736,-2.500100913101174,-4.268383435980735e-06,lower,0.1
367,phase1,lower,-10.0,4,-14.788454008376354,-9.999387376177872,-7.499929608764194,-5.000207234999999,-2.5001028413855364,-6.321180448907e-06,lower,0.1
368,phase1,lower,-10.0,4,-14.788454008376354,-9.999447288498907,-7.499975994011288,-5.000217327383378,-2.5001041108407707,-5.900886935580843e-06,lower,0.1
369,phase1,lower,-10.0,4,-14.788454008376354,-9.999505469848387,-7.5000181199561,-5.0002251165554865,-2.5001040204885014,-4.903910627478223e-06,lower,0.1
370,phase1,lower,-10.0,4,-14.788454008376354,-9.999561148378723,-7.500055750632643,-5.000230447568594,-2.500102557279707,-3.831816499276864e-06,lower,0.1
371,phase1,lower,-10.0,4,-14.788454008376354,-9.999614057238965,-7.5000889886314885,-5.000233413170651,-2.5000998767555984,-2.815106834971848e-06,lower,0.1
372,phase1,lower,-10.0,4,-14.788454008376354,-9.999664083974368,-7.500118027750309,-5.000234176657136,-2.500096165586425,-1.8854245217844094e-06,lower,0.1
373,phase1,lower,-10.0,4,-14.788454008376354,-9.999711175234031,-7.500143086940391,-5.000232922580128,-2.500091605649918,-1.047960734797213e-06,lower,0.1
374,phase1,lower,-10.0,4,-14.788454008376354,-9.999755309569329,-7.5001643923357,-5.000229841731314,-2.5000863651187553,-3.0074570303695247e-07,lower,0.1
375,phase1,lower,-10.0,4,-14.788454008376354,-9.999796488517099,-7.500182171979746,-5.00022512549688,-2.5000805967371154,3.6018560160564267e-07,lower,0.1
376,phase1,lower,-10.0,4,-14.788454008376354,-9.999834732696321,-7.500196653868022,-5.00021896294146,-2.50007443801128,9.393870989602362e-07,lower,0.1
377,phase1,lower,-10.0,4,-14.788454008376354,-9.999870079365103,-7.50020806483313,-5.0002115388338595,-2.500068011906829,1.4415984782907115e-06,lower,0.1
378,phase1,lower,-10.0,4,-14.788454008376354,-9.999902580473274,-7.500216629633798,-5.000203032119593,-2.5000614276740216,1.8716121904208707e-06,lower,0.1
379,phase1,lower,-10.0,4,-14.788454008376354,-9.999932300938355,-7.5002225700940315,-5.0001936146903105,-2.500054781697281,2.234215261605549e-06,lower,0.1
380,phase1,lower,-10.0,4,-14.788454008376354,-9.999959317060187,-7.500226104265248,-5.0001834503932185,-2.500048158338289,2.5341536791353512e-06,lower,0.1
381,phase1,lower,-10.0,4,-14.788454008376354,-9.999983715042381,-7.500227445615764,-5.000172694249584,-2.500041630762278,2.7761051792834835e-06,lower,0.1
382,phase1,lower,-10.0,4,-14.788454008376354,-10.000005589605058,-7.500226802258364,-5.000161491859419,-2.500035261742889,2.9646564380559486e-06,lower,0.1
383,phase1,lower,-10.0,4,-14.788454008376354,-10.000025042679594,-7.500224376226553,-5.000149978972654,-2.5000291044428744,3.1042834065532982e-06,lower,0.1
384,phase1,lower,-10.0,4,-14.788454008376354,-10.000042182179225,-7.500220362808385,-5.0001382812088755,-2.500023203168723,3.1993342916228657e-06,lower,0.1
385,phase1,lower,-10.0,4,-14.788454008376354,-10.00005712084128,-7.500214949944818,-5.000126513909142,-2.5000175940977636,3.2540149070340025e-06,lower,0.1
386,phase1,lower,-10.0,4,-14.788454008376354,-10.000069975138217,-7.500208317697654,-5.000114782104524,-2.5000123059766435,3.2723762000618455e-06,lower,0.1
387,phase1,lower,-10.0,4,-14.788454008376354,-10.000080864255581,-7.5002006377904396,-5.000103180587191,-2.500007360790345,3.2583037928454642e-06,lower,0.1
388,phase1,lower,-10.0,4,-14.788454008376354,-10.000089909135653,-7.5001920732241665,-5.000091794070855,-2.500002774401139,3.215509398837822e-06,lower,0.1
389,phase1,lower,-10.0,4,-14.788454008376354,-10.000097231586045,-7.500182777968304,-5.000080697428372,-2.4999985571570846,3.1475239877403646e-06,lower,0.1
390,phase1,lower,-10.0,4,-14.788454008376354,-10.000102953452682,-7.500172896726519,-5.000069955995211,-2.499994714469829,3.05769258257933e-06,lower,0.1
391,phase1,lower,-10.0,4,-14.788454008376354,-10.000107195856742,-7.500162564775454,-5.000059625928373,-2.4999912473616517,2.949170579425001e-06,lower,0.1
392,phase1,upper,-15.0,2,-14.882498200065793,-10.000107195856742,-7.500162564775454,-5.000059625928373,-2.4999912473616517,0.002119281479741015,lower,0.1
393,phase1,lower,-10.0,4,-14.882498200065793,-9.998205379416847,-7.498818618519315,-4.999116452062828,-2.4993348411979737,0.0005109563089150665,lower,0.1
394,phase1,lower,-10.0,4,-14.882498200065793,-9.99780684264907,-7.498543056854817,-4.998932590968823,-2.499263263579561,8.745129041760992e-05,lower,0.1
395,phase1,lower,-10.0,4,-14.882498200065793,-9.997801757908267,-7.498546793736809,-4.99895152408039,-2.4993359714774397,-2.135095826244241e-05,lower,0.1
396,phase1,lower,-10.0,4,-14.882498200065793,-9.997895477353557,-7.498620833842242,-4.999024393489124,-2.499436851677737,-4.673657081999893e-05,lower,0.1
397,phase1,lower,-10.0,4,-14.882498200065793,-9.998010075916165,-7.498710218471741,-4.99911085548382,-2.4995359542041395,-5.0173767360382e-05,lower,0.1
398,phase1,lower,-10.0,4,-14.882498200065793,-9.998125246562347,-7.498800795495387,-4.999199541880884,-2.499626160016697,-4.798899952019388e-05,lower,0.1
399,phase1,lower,-10.0,4,-14.882498200065793,-9.99823599155522,-7.498889143024827,-4.999286900870497,-2.4997063507279162,-4.450930952375452e-05,lower,0.1
400,phase2,lower,-20.0,4,-14.882498200065793,-9.99830130670218,-8.498928918809394,-4.999328845856239,-2.4997357156551248,nan,lower,0.1
401,phase2,lower,-20.0,4,-14.882498200065793,-10.0983640679129,-9.398968911514078,-4.999369532836127,-2.4997621440896123,nan,lower,0.1
402,phase2,lower,-20.0,4,-14.882498200065793,-10.278424552273018,-10.209008973646283,-4.999408793961475,-2.499785929680651,nan,lower,0.1
403,phase2,lower,-20.0,4,-14.882498200065793,-10.521482994410345,-10.938048955677802,-4.999446507533393,-2.499807336712586,nan,lower,0.1
404,phase2,lower,-20.0,4,-14.882498200065793,-10.81313959053709,-11.59418871086336,-4.999482590451312,-2.499826603041327,nan,lower,0.1
405,phase2,lower,-20.0,4,-14.882498200065793,-11.141244502569718,-12.184718098822156,-4.999516991710314,-2.4998439427371943,nan,lower,0.1
406,phase2,lower,-20.0,4,-14.882498200065793,-11.495591862194962,-12.716197988110972,-4.999549686813002,-2.499859548463475,nan,lower,0.1
407,phase2,lower,-20.0,4,-14.882498200065793,-11.867652474786563,-13.194533157981175,-4.999580672978049,-2.4998735936171275,nan,lower,0.1
408,phase2,lower,-20.0,4,-14.882498200065793,-12.250340543106024,-13.625037909480863,-4.999609965041957,-2.4998862342554147,nan,lower,0.1
409,phase2,lower,-20.0,4,-14.882498200065793,-12.637810279743508,-14.012495115036971,-4.999637591963303,-2.499897610829873,nan,lower,0.1
410,phase2,lower,-20.0,4,-14.882498200065793,-13.025278763272855,-14.361209362729605,-4.99966359384996,-2.4999078497468856,nan,lower,0.1
411,phase2,lower,-20.0,4,-14.882498200065793,-13.40887182321853,-14.67505478584164,-4.9996880194396525,-2.499917064772197,nan,lower,0.1
412,phase2,lower,-20.0,4,-14.882498200065793,-13.78549011948084,-14.957518109201441,-4.9997109239729065,-2.499925358294977,nan,lower,0.1
413,phase2,lower,-20.0,4,-14.882498200065793,-14.152692918452901,-15.211737390678588,-4.999732367405113,-2.499932822465479,nan,lower,0.1
414,phase2,lower,-20.0,4,-14.882498200065793,-14.50859736567547,-15.44053688835124,-4.99975241291115,-2.4999395402189313,nan,lower,0.1
415,phase2,lower,-20.0,4,-14.882498200065793,-14.851791317943047,-15.64645844080723,-4.999771125641928,-2.4999455861970383,nan,lower,0.1
416,phase2,lower,-20.0,4,-14.882498200065793,-15.181258030229465,-15.8317897092907,-4.999788571697439,-2.4999510275773345,nan,upper,0.1
417,phase2,upper,-15.0,2,-14.962390481204464,-15.181258030229465,-15.8317897092907,-4.999788571697439,-2.4999510275773345,nan,upper,0.1
418,phase2,upper,-15.0,2,-15.027479324114744,-15.181258030229465,-15.8317897092907,-4.999788571697439,-2.4999510275773345,nan,upper,0.1
419,phase2,upper,-15.0,2,-15.079926493630921,-15.181258030229465,-15.8317897092907,-4.999788571697439,-2.4999510275773345,nan,upper,0.1
420,phase2,upper,-15.0,2,-15.121609436002716,-15.181258030229465,-15.8317897092907,-4.999788571697439,-2.4999510275773345,nan,upper,0.1
421,phase2,upper,-15.0,2,-15.154156524963843,-15.181258030229465,-15.8317897092907,-4.999788571697439,-2.4999510275773345,nan,upper,0.1
422,phase2,lower,-20.0,4,-15.154156524963843,-15.496311198135588,-15.998589595531374,-4.999804817285429,-2.499955924819601,nan,upper,0.1
423,phase2,upper,-15.0,2,-15.178978101772717,-15.496311198135588,-15.998589595531374,-4.999804817285429,-2.499955924819601,nan,upper,0.1
424,phase2,upper,-15.0,2,-15.197293797970179,-15.496311198135588,-15.998589595531374,-4.999804817285429,-2.499955924819601,nan,upper,0.1
425,phase2,upper,-15.0,2,-15.210156573910421,-15.496311198135588,-15.998589595531374,-4.999804817285429,-2.499955924819601,nan,upper,0.1
426,phase2,upper,-15.0,2,-15.218473856682913,-15.496311198135588,-15.998589595531374,-4.999804817285429,-2.499955924819601,nan,upper,0.1
427,phase2,upper,-15.0,2,-15.223026117161801,-15.496311198135588,-15.998589595531374,-4.999804817285429,-2.499955924819601,nan,upper,0.1
428,phase2,upper,-15.0,2,-15.224483186978084,-15.496311198135588,-15.998589595531374,-4.999804817285429,-2.499955924819601,nan,upper,0.1
429,phase2,upper,-15.0,2,-15.223418581659491,-15.496311198135588,-15.998589595531374,-4.999804817285429,-2.499955924819601,nan,upper,0.1
430,phase2,upper,-15.0,2,-15.220322065534836,-15.496311198135588,-15.998589595531374,-4.999804817285429,-2.499955924819601,nan,upper,0.1
431,phase2,upper,-15.0,2,-15.215610666818517,-15.496311198135588,-15.998589595531374,-4.999804817285429,-2.499955924819601,nan,upper,0.1
432,phase2,upper,-15.0,2,-15.209638327190113,-15.496311198135588,-15.998589595531374,-4.999804817285429,-2.499955924819601,nan,upper,0.1
433,phase2,upper,-15.0,2,-15.202704348819205,-15.496311198135588,-15.998589595531374,-4.999804817285429,-2.499955924819601,nan,upper,0.1
434,phase2,upper,-15.0,2,-15.195060782850579,-15.496311198135588,-15.998589595531374,-4.999804817285429,-2.499955924819601,nan,upper,0.1
435,phase2,upper,-15.0,2,-15.186918886587485,-15.496311198135588,-15.998589595531374,-4.999804817285429,-2.499955924819601,nan,upper,0.1
436,phase2,upper,-15.0,2,-15.178454761748505,-15.496311198135588,-15.998589595531374,-4.999804817285429,-2.499955924819601,nan,upper,0.1
437,phase2,upper,-15.0,2,-15.169814273011445,-15.496311198135588,-15.998589595531374,-4.999804817285429,-2.499955924819601,nan,upper,0.1
438,phase2,upper,-15.0,2,-15.161117334404313,-15.496311198135588,-15.998589595531374,-4.999804817285429,-2.499955924819601,nan,upper,0.1
439,phase2,upper,-15.0,2,-15.152461640788493,-15.496311198135588,-15.998589595531374,-4.999804817285429,-2.499955924819601,nan,upper,0.1
440,phase2,upper,-15.0,2,-15.143925912551794,-15.496311198135588,-15.998589595531374,-4.999804817285429,-2.499955924819601,nan,upper,0.1
441,phase2,upper,-15.0,2,-15.135572713554549,-15.496311198135588,-15.998589595531374,-4.999804817285429,-2.499955924819601,nan,upper,0.1
442,phase2,upper,-15.0,2,-15.127450895231235,-15.496311198135588,-15.998589595531374,-4.999804817285429,-2.499955924819601,nan,upper,0.1
443,phase2,upper,-15.0,2,-15.119597713437038,-15.496311198135588,-15.998589595531374,-4.999804817285429,-2.499955924819601,nan,upper,0.1
444,phase2,upper,-15.0,2,-15.112040659049368,-15.496311198135588,-15.998589595531374,-4.999804817285429,-2.499955924819601,nan,upper,0.1
445,phase2,lower,-20.0,4,-15.112040659049368,-15.796539037875167,-16.14871111770678,-4.999819928038846,-2.4999603323376407,nan,upper,0.1
446,phase2,upper,-15.0,2,-15.104799038404863,-15.796539037875167,-16.14871111770678,-4.999819928038846,-2.4999603323376407,nan,upper,0.1
447,phase2,upper,-15.0,2,-15.097885335298765,-15.796539037875167,-16.14871111770678,-4.999819928038846,-2.4999603323376407,nan,upper,0.1
448,phase2,upper,-15.0,2,-15.091306382429837,-15.796539037875167,-16.14871111770678,-4.999819928038846,-2.4999603323376407,nan,upper,0.1
449,phase2,upper,-15.0,2,-15.085064366781706,-15.796539037875167,-16.14871111770678,-4.999819928038846,-2.4999603323376407,nan,upper,0.1
450,phase2,upper,-15.0,2,-15.079157690438905,-15.796539037875167,-16.14871111770678,-4.999819928038846,-2.4999603323376407,nan,upper,0.1
451,phase2,upper,-15.0,2,-15.073581705696846,-15.796539037875167,-16.14871111770678,-4.999819928038846,-2.4999603323376407,nan,upper,0.1
452,phase2,upper,-15.0,2,-15.06832934099881,-15.796539037875167,-16.14871111770678,-4.999819928038846,-2.4999603323376407,nan,upper,0.1
453,phase2,upper,-15.0,2,-15.063391632183412,-15.796539037875167,-16.14871111770678,-4.999819928038846,-2.4999603323376407,nan,upper,0.1
454,phase2,upper,-15.0,2,-15.058758171721106,-15.796539037875167,-16.14871111770678,-4.999819928038846,-2.4999603323376407,nan,upper,0.1
455,phase2,upper,-15.0,2,-15.054417487029427,-15.796539037875167,-16.14871111770678,-4.999819928038846,-2.4999603323376407,nan,upper,0.1
456,phase2,upper,-15.0,2,-15.050357357558873,-15.796539037875167,-16.14871111770678,-4.999819928038846,-2.4999603323376407,nan,upper,0.1
457,phase2,upper,-15.0,2,-15.046565079112135,-15.796539037875167,-16.14871111770678,-4.999819928038846,-2.4999603323376407,nan,upper,0.1
458,phase2,upper,-15.0,2,-15.043027682779156,-15.796539037875167,-16.14871111770678,-4.999819928038846,-2.4999603323376407,nan,upper,0.1
459,phase2,upper,-15.0,2,-15.039732114921652,-15.796539037875167,-16.14871111770678,-4.999819928038846,-2.4999603323376407,nan,upper,0.1
460,phase2,upper,-15.0,2,-15.036665383807856,-15.796539037875167,-16.14871111770678,-4.999819928038846,-2.4999603323376407,nan,upper,0.1
461,phase2,upper,-15.0,2,-15.033814677767603,-15.796539037875167,-16.14871111770678,-4.999819928038846,-2.4999603323376407,nan,upper,0.1
462,phase2,upper,-15.0,2,-15.031167459097324,-15.796539037875167,-16.14871111770678,-4.999819928038846,-2.4999603323376407,nan,upper,0.1
463,phase2,upper,-15.0,2,-15.028711537383423,-15.796539037875167,-16.14871111770678,-4.999819928038846,-2.4999603323376407,nan,upper,0.1
464,phase2,upper,-15.0,2,-15.02643512542133,-15.796539037875167,-16.14871111770678,-4.999819928038846,-2.4999603323376407,nan,upper,0.1
465,phase2,upper,-15.0,2,-15.02432688047782,-15.796539037875167,-16.14871111770678,-4.999819928038846,-2.4999603323376407,nan,upper,0.1
466,phase2,upper,-15.0,2,-15.0223759332688,-15.796539037875167,-16.14871111770678,-4.999819928038846,-2.4999603323376407,nan,upper,0.1
467,phase2,upper,-15.0,2,-15.020571906696805,-15.796539037875167,-16.14871111770678,-4.999819928038846,-2.4999603323376407,nan,upper,0.1
468,phase2,upper,-15.0,2,-15.018904926106522,-15.796539037875167,-16.14871111770678,-4.999819928038846,-2.4999603323376407,nan,upper,0.1
469,phase2,upper,-15.0,2,-15.017365622567327,-15.796539037875167,-16.14871111770678,-4.999819928038846,-2.4999603323376407,nan,upper,0.1
470,phase2,upper,-15.0,2,-15.015945130474906,-15.796539037875167,-16.14871111770678,-4.999819928038846,-2.4999603323376407,nan,upper,0.1
471,phase2,lower,-20.0,4,-15.015945130474906,-16.08175624585833,-16.283821998739988,-4.999833968468725,-2.4999642991038766,nan,upper,0.1
472,phase2,upper,-15.0,2,-15.014635080575296,-16.08175624585833,-16.283821998739988,-4.999833968468725,-2.4999642991038766,nan,upper,0.1
473,phase2,upper,-15.0,2,-15.013427589350858,-16.08175624585833,-16.283821998739988,-4.999833968468725,-2.4999642991038766,nan,upper,0.1
474,phase2,upper,-15.0,2,-15.012315245565555,-16.08175624585833,-16.283821998739988,-4.999833968468725,-2.4999642991038766,nan,upper,0.1
475,phase2,upper,-15.0,2,-15.011291094643804,-16.08175624585833,-16.283821998739988,-4.999833968468725,-2.4999642991038766,nan,upper,0.1
476,phase2,upper,-15.0,2,-15.010348621450747,-16.08175624585833,-16.283821998739988,-4.999833968468725,-2.4999642991038766,nan,upper,0.1
477,phase2,upper,-15.0,2,-15.009481731949865,-16.08175624585833,-16.283821998739988,-4.999833968468725,-2.4999642991038766,nan,upper,0.1
478,phase2,upper,-15.0,2,-15.00868473413465,-16.08175624585833,-16.283821998739988,-4.999833968468725,-2.4999642991038766,nan,upper,0.1
479,phase2,upper,-15.0,2,-15.007952318562982,-16.08175624585833,-16.283821998739988,-4.999833968468725,-2.4999642991038766,nan,upper,0.1
480,phase2,upper,-15.0,2,-15.0072795387643,-16.08175624585833,-16.283821998739988,-4.999833968468725,-2.4999642991038766,nan,upper,0.1
481,phase2,upper,-15.0,2,-15.006661791739724,-16.08175624585833,-16.283821998739988,-4.999833968468725,-2.4999642991038766,nan,upper,0.1
482,phase2,upper,-15.0,2,-15.00609479873242,-16.08175624585833,-16.283821998739988,-4.999833968468725,-2.4999642991038766,nan,upper,0.1
483,phase2,upper,-15.0,2,-15.00557458640918,-16.08175624585833,-16.283821998739988,-4.999833968468725,-2.4999642991038766,nan,upper,0.1
484,phase2,upper,-15.0,2,-15.005097468563264,-16.08175624585833,-16.283821998739988,-4.999833968468725,-2.4999642991038766,nan,upper,0.1
485,phase2,upper,-15.0,2,-15.004660028422439,-16.08175624585833,-16.283821998739988,-4.999833968468725,-2.4999642991038766,nan,upper,0.1
486,phase2,upper,-15.0,2,-15.004259101624147,-16.08175624585833,-16.283821998739988,-4.999833968468725,-2.4999642991038766,nan,upper,0.1
487,phase2,upper,-15.0,2,-15.003891759901288,-16.08175624585833,-16.283821998739988,-4.999833968468725,-2.4999642991038766,nan,upper,0.1
488,phase2,lower,-20.0,4,-15.003891759901288,-16.351962821146497,-16.405423195712864,-4.99984700153224,-2.499967869193489,nan,upper,0.1
489,phase2,upper,-15.0,2,-15.003555295506759,-16.351962821146497,-16.405423195712864,-4.99984700153224,-2.499967869193489,nan,upper,0.1
490,phase2,upper,-15.0,2,-15.003247206392123,-16.351962821146497,-16.405423195712864,-4.99984700153224,-2.499967869193489,nan,upper,0.1
491,phase2,upper,-15.0,2,-15.002965182145347,-16.351962821146497,-16.405423195712864,-4.99984700153224,-2.499967869193489,nan,upper,0.1
492,phase2,upper,-15.0,2,-15.002707090684005,-16.351962821146497,-16.405423195712864,-4.99984700153224,-2.499967869193489,nan,upper,0.1
493,phase2,lower,-20.0,4,-15.002707090684005,-16.607308858603133,-16.514865576294802,-4.999859088298365,-2.49997108227414,nan,upper,0.1
494,phase2,upper,-15.0,2,-15.002470965693478,-16.607308858603133,-16.514865576294802,-4.999859088298365,-2.49997108227414,nan,upper,0.1
495,phase2,upper,-15.0,2,-15.002254994794216,-16.607308858603133,-16.514865576294802,-4.999859088298365,-2.49997108227414,nan,upper,0.1
496,phase2,upper,-15.0,2,-15.002057508417872,-16.607308858603133,-16.514865576294802,-4.999859088298365,-2.49997108227414,nan,upper,0.1
497,phase2,upper,-15.0,2,-15.001876969368855,-16.607308858603133,-16.514865576294802,-4.999859088298365,-2.49997108227414,nan,upper,0.1
498,phase2,upper,-15.0,2,-15.001711963045462,-16.607308858603133,-16.514865576294802,-4.999859088298365,-2.49997108227414,nan,upper,0.1
499,phase2,upper,-15.0,2,-15.00156118829306,-16.607308858603133,-16.514865576294802,-4.999859088298365,-2.49997108227414,nan,upper,0.1
500,phase2,upper,-15.0,2,-15.001423448860683,-16.607308858603133,-16.514865576294802,-4.999859088298365,-2.49997108227414,nan,upper,0.1
501,phase2,upper,-15.0,2,-15.001297645431851,-16.607308858603133,-16.514865576294802,-4.999859088298365,-2.49997108227414,nan,upper,0.1
502,phase2,upper,-15.0,2,-15.001182768200179,-16.607308858603133,-16.514865576294802,-4.999859088298365,-2.49997108227414,nan,upper,0.1
503,phase2,upper,-15.0,2,-15.001077889960523,-16.607308858603133,-16.514865576294802,-4.999859088298365,-2.49997108227414,nan,upper,0.1
504,phase2,upper,-15.0,2,-15.000982159686796,-16.607308858603133,-16.514865576294802,-4.999859088298365,-2.49997108227414,nan,upper,0.1
505,phase2,upper,-15.0,2,-15.00089479656821,-16.607308858603133,-16.514865576294802,-4.999859088298365,-2.49997108227414,nan,upper,0.1
506,phase2,upper,-15.0,2,-15.000815084476471,-16.607308858603133,-16.514865576294802,-4.999859088298365,-2.49997108227414,nan,upper,0.1
507,phase2,upper,-15.0,2,-15.0007423668374,-16.607308858603133,-16.514865576294802,-4.999859088298365,-2.49997108227414,nan,upper,0.1
508,phase2,upper,-15.0,2,-15.000676041881377,-16.607308858603133,-16.514865576294802,-4.999859088298365,-2.49997108227414,nan,upper,0.1
509,phase2,upper,-15.0,2,-15.000615558248185,-16.607308858603133,-16.514865576294802,-4.999859088298365,-2.49997108227414,nan,upper,0.1
510,phase2,upper,-15.0,2,-15.000560410922818,-16.607308858603133,-16.514865576294802,-4.999859088298365,-2.49997108227414,nan,upper,0.1
511,phase2,upper,-15.0,2,-15.000510137480042,-16.607308858603133,-16.514865576294802,-4.999859088298365,-2.49997108227414,nan,upper,0.1
512,phase2,upper,-15.0,2,-15.000464314616593,-16.607308858603133,-16.514865576294802,-4.999859088298365,-2.49997108227414,nan,upper,0.1
513,phase2,upper,-15.0,2,-15.000422554951033,-16.607308858603133,-16.514865576294802,-4.999859088298365,-2.49997108227414,nan,upper,0.1
514,phase2,upper,-15.0,2,-15.00038450407242,-16.607308858603133,-16.514865576294802,-4.999859088298365,-2.49997108227414,nan,upper,0.1
515,phase2,upper,-15.0,2,-15.00034983782002,-16.607308858603133,-16.514865576294802,-4.999859088298365,-2.49997108227414,nan,upper,0.1
516,phase2,upper,-15.0,2,-15.000318259777375,-16.607308858603133,-16.514865576294802,-4.999859088298365,-2.49997108227414,nan,upper,0.1
517,phase2,upper,-15.0,2,-15.000289498965058,-16.607308858603133,-16.514865576294802,-4.999859088298365,-2.49997108227414,nan,upper,0.1
518,phase2,upper,-15.0,2,-15.000263307717432,-16.607308858603133,-16.514865576294802,-4.999859088298365,-2.49997108227414,nan,upper,0.1
519,phase2,upper,-15.0,2,-15.00023945972968,-16.607308858603133,-16.514865576294802,-4.999859088298365,-2.49997108227414,nan,upper,0.1
520,phase2,upper,-15.0,2,-15.000217748262305,-16.607308858603133,-16.514865576294802,-4.999859088298365,-2.49997108227414,nan,upper,0.1
521,phase2,upper,-15.0,2,-15.000197984491107,-16.607308858603133,-16.514865576294802,-4.999859088298365,-2.49997108227414,nan,upper,0.1
522,phase2,upper,-15.0,2,-15.000179995991527,-16.607308858603133,-16.514865576294802,-4.999859088298365,-2.49997108227414,nan,upper,0.1
523,phase2,upper,-15.0,2,-15.00016362534695,-16.607308858603133,-16.514865576294802,-4.999859088298365,-2.49997108227414,nan,upper,0.1
524,phase2,upper,-15.0,2,-15.000148728871373,-16.607308858603133,-16.514865576294802,-4.999859088298365,-2.49997108227414,nan,upper,0.1
525,phase2,upper,-15.0,2,-15.000135175437443,-16.607308858603133,-16.514865576294802,-4.999859088298365,-2.49997108227414,nan,upper,0.1
526,phase2,upper,-15.0,2,-15.000122845401584,-16.607308858603133,-16.514865576294802,-4.999859088298365,-2.49997108227414,nan,upper,0.1
527,phase2,upper,-15.0,2,-15.000111629618523,-16.607308858603133,-16.514865576294802,-4.999859088298365,-2.49997108227414,nan,upper,0.1
528,phase2,upper,-15.0,2,-15.00010142853806,-16.607308858603133,-16.514865576294802,-4.999859088298365,-2.49997108227414,nan,upper,0.1
529,phase2,upper,-15.0,2,-15.000092151377503,-16.607308858603133,-16.514865576294802,-4.999859088298365,-2.49997108227414,nan,upper,0.1
530,phase2,upper,-15.0,2,-15.000083715363678,-16.607308858603133,-16.514865576294802,-4.999859088298365,-2.49997108227414,nan,upper,0.1
531,phase2,upper,-15.0,2,-15.000076045038842,-16.607308858603133,-16.514865576294802,-4.999859088298365,-2.49997108227414,nan,upper,0.1
532,phase2,upper,-15.0,2,-15.000069071625337,-16.607308858603133,-16.514865576294802,-4.999859088298365,-2.49997108227414,nan,upper,0.1
533,phase2,upper,-15.0,2,-15.000062732444144,-16.607308858603133,-16.514865576294802,-4.999859088298365,-2.49997108227414,nan,upper,0.1
534,phase2,upper,-15.0,2,-15.000056970382936,-16.607308858603133,-16.514865576294802,-4.999859088298365,-2.49997108227414,nan,upper,0.1
535,phase2,upper,-15.0,2,-15.000051733409528,-16.607308858603133,-16.514865576294802,-4.999859088298365,-2.49997108227414,nan,upper,0.1
536,phase2,lower,-20.0,4,-15.000051733409528,-16.8480645303723,-16.61336492749516,-4.999870287695942,-2.4999739740467257,nan,upper,0.1
537,phase2,upper,-15.0,2,-15.000046974126972,-16.8480645303723,-16.61336492749516,-4.999870287695942,-2.4999739740467257,nan,upper,0.1
538,phase2,upper,-15.0,2,-15.000042649366833,-16.8480645303723,-16.61336492749516,-4.999870287695942,-2.4999739740467257,nan,upper,0.1
539,phase2,upper,-15.0,2,-15.000038719817452,-16.8480645303723,-16.61336492749516,-4.999870287695942,-2.4999739740467257,nan,upper,0.1
540,phase2,upper,-15.0,2,-15.000035149684278,-16.8480645303723,-16.61336492749516,-4.999870287695942,-2.4999739740467257,nan,upper,0.1
541,phase2,upper,-15.0,2,-15.000031906379565,-16.8480645303723,-16.61336492749516,-4.999870287695942,-2.4999739740467257,nan,upper,0.1
542,phase2,upper,-15.0,2,-15.000028960238952,-16.8480645303723,-16.61336492749516,-4.999870287695942,-2.4999739740467257,nan,upper,0.1
543,phase2,upper,-15.0,2,-15.000026284262665,-16.8480645303723,-16.61336492749516,-4.999870287695942,-2.4999739740467257,nan,upper,0.1
544,phase2,upper,-15.0,2,-15.000023853879247,-16.8480645303723,-16.61336492749516,-4.999870287695942,-2.4999739740467257,nan,upper,0.1
545,phase2,upper,-15.0,2,-15.000021646729886,-16.8480645303723,-16.61336492749516,-4.999870287695942,-2.4999739740467257,nan,upper,0.1
546,phase2,upper,-15.0,2,-15.000019642471605,-16.8480645303723,-16.61336492749516,-4.999870287695942,-2.4999739740467257,nan,upper,0.1
547,phase2,upper,-15.0,2,-15.00001782259768,-16.8480645303723,-16.61336492749516,-4.999870287695942,-2.4999739740467257,nan,upper,0.1
548,phase2,upper,-15.0,2,-15.000016170273824,-16.8480645303723,-16.61336492749516,-4.999870287695942,-2.4999739740467257,nan,upper,0.1
549,phase2,upper,-15.0,2,-15.000014670188763,-16.8480645303723,-16.61336492749516,-4.999870287695942,-2.4999739740467257,nan,upper,0.1
550,phase2,upper,-15.0,2,-15.000013308417977,-16.8480645303723,-16.61336492749516,-4.999870287695942,-2.4999739740467257,nan,upper,0.1
551,phase2,upper,-15.0,2,-15.000012072299459,-16.8480645303723,-16.61336492749516,-4.999870287695942,-2.4999739740467257,nan,upper,0.1
552,phase2,upper,-15.0,2,-15.000010950320465,-16.8480645303723,-16.61336492749516,-4.999870287695942,-2.4999739740467257,nan,upper,0.1
553,phase2,lower,-20.0,4,-15.000010950320465,-17.07459457008459,-16.702015463515238,-4.999880656331021,-2.499976576642053,nan,upper,0.1
554,phase2,upper,-15.0,2,-15.000009932014276,-17.07459457008459,-16.702015463515238,-4.999880656331021,-2.499976576642053,nan,upper,0.1
555,phase2,upper,-15.0,2,-15.000009007866119,-17.07459457008459,-16.702015463515238,-4.999880656331021,-2.499976576642053,nan,upper,0.1
556,phase2,upper,-15.0,2,-15.000008169227451,-17.07459457008459,-16.702015463515238,-4.999880656331021,-2.499976576642053,nan,upper,0.1
557,phase2,upper,-15.0,2,-15.000007408237856,-17.07459457008459,-16.702015463515238,-4.999880656331021,-2.499976576642053,nan,upper,0.1
558,phase2,upper,-15.0,2,-15.000006717753905,-17.07459457008459,-16.702015463515238,-4.999880656331021,-2.499976576642053,nan,upper,0.1
559,phase2,lower,-20.0,4,-15.000006717753905,-17.287336659427652,-16.781801982796818,-4.999890248362124,-2.4999789189778476,nan,upper,0.1
560,phase2,upper,-15.0,2,-15.000006091284366,-17.287336659427652,-16.781801982796818,-4.999890248362124,-2.4999789189778476,nan,upper,0.1
561,phase2,upper,-15.0,2,-15.000005522931195,-17.287336659427652,-16.781801982796818,-4.999890248362124,-2.4999789189778476,nan,upper,0.1
562,phase2,upper,-15.0,2,-15.000005007335815,-17.287336659427652,-16.781801982796818,-4.999890248362124,-2.4999789189778476,nan,upper,0.1
563,phase2,upper,-15.0,2,-15.000004539630199,-17.287336659427652,-16.781801982796818,-4.999890248362124,-2.4999789189778476,nan,upper,0.1
564,phase2,upper,-15.0,2,-15.000004115392349,-17.287336659427652,-16.781801982796818,-4.999890248362124,-2.4999789189778476,nan,upper,0.1
565,phase2,upper,-15.0,2,-15.000003730605766,-17.287336659427652,-16.781801982796818,-4.999890248362124,-2.4999789189778476,nan,upper,0.1
566,phase2,upper,-15.0,2,-15.000003381622577,-17.287336659427652,-16.781801982796818,-4.999890248362124,-2.4999789189778476,nan,upper,0.1
567,phase2,upper,-15.0,2,-15.000003065129967,-17.287336659427652,-16.781801982796818,-4.999890248362124,-2.4999789189778476,nan,upper,0.1
568,phase2,upper,-15.0,2,-15.000002778119654,-17.287336659427652,-16.781801982796818,-4.999890248362124,-2.4999789189778476,nan,upper,0.1
569,phase2,upper,-15.0,2,-15.000002517860104,-17.287336659427652,-16.781801982796818,-4.999890248362124,-2.4999789189778476,nan,upper,0.1
570,phase2,upper,-15.0,2,-15.000002281871266,-17.287336659427652,-16.781801982796818,-4.999890248362124,-2.4999789189778476,nan,upper,0.1
571,phase2,upper,-15.0,2,-15.000002067901596,-17.287336659427652,-16.781801982796818,-4.999890248362124,-2.4999789189778476,nan,upper,0.1
572,phase2,upper,-15.0,2,-15.000001873907147,-17.287336659427652,-16.781801982796818,-4.999890248362124,-2.4999789189778476,nan,upper,0.1
573,phase2,upper,-15.0,2,-15.000001698032571,-17.287336659427652,-16.781801982796818,-4.999890248362124,-2.4999789189778476,nan,upper,0.1
574,phase2,upper,-15.0,2,-15.000001538593839,-17.287336659427652,-16.781801982796818,-4.999890248362124,-2.4999789189778476,nan,upper,0.1
575,phase2,upper,-15.0,2,-15.000001394062528,-17.287336659427652,-16.781801982796818,-4.999890248362124,-2.4999789189778476,nan,upper,0.1
576,phase2,upper,-15.0,2,-15.00000126305154,-17.287336659427652,-16.781801982796818,-4.999890248362124,-2.4999789189778476,nan,upper,0.1
577,phase2,upper,-15.0,2,-15.000001144302125,-17.287336659427652,-16.781801982796818,-4.999890248362124,-2.4999789189778476,nan,upper,0.1
578,phase2,upper,-15.0,2,-15.000001036672078,-17.287336659427652,-16.781801982796818,-4.999890248362124,-2.4999789189778476,nan,upper,0.1
579,phase2,upper,-15.0,2,-15.00000093912502,-17.287336659427652,-16.781801982796818,-4.999890248362124,-2.4999789189778476,nan,upper,0.1
580,phase2,upper,-15.0,2,-15.000000850720651,-17.287336659427652,-16.781801982796818,-4.999890248362124,-2.4999789189778476,nan,upper,0.1
581,phase2,upper,-15.0,2,-15.000000770605906,-17.287336659427652,-16.781801982796818,-4.999890248362124,-2.4999789189778476,nan,upper,0.1
582,phase2,upper,-15.0,2,-15.000000698006904,-17.287336659427652,-16.781801982796818,-4.999890248362124,-2.4999789189778476,nan,upper,0.1
583,phase2,upper,-15.0,2,-15.000000632221642,-17.287336659427652,-16.781801982796818,-4.999890248362124,-2.4999789189778476,nan,upper,0.1
584,phase2,upper,-15.0,2,-15.000000572613365,-17.287336659427652,-16.781801982796818,-4.999890248362124,-2.4999789189778476,nan,upper,0.1
585,phase2,upper,-15.0,2,-15.000000518604526,-17.287336659427652,-16.781801982796818,-4.999890248362124,-2.4999789189778476,nan,upper,0.1
586,phase2,upper,-15.0,2,-15.000000469671322,-17.287336659427652,-16.781801982796818,-4.999890248362124,-2.4999789189778476,nan,upper,0.1
587,phase2,upper,-15.0,2,-15.000000425338714,-17.287336659427652,-16.781801982796818,-4.999890248362124,-2.4999789189778476,nan,upper,0.1
588,phase2,upper,-15.0,2,-15.000000385175912,-17.287336659427652,-16.781801982796818,-4.999890248362124,-2.4999789189778476,nan,upper,0.1
589,phase2,upper,-15.0,2,-15.000000348792286,-17.287336659427652,-16.781801982796818,-4.999890248362124,-2.4999789189778476,nan,upper,0.1
590,phase2,lower,-20.0,4,-15.000000348792286,-17.48678319176457,-16.85361080935335,-4.9998991154236965,-2.4999810270800626,nan,upper,0.1
591,phase2,upper,-15.0,2,-15.000000315833624,-17.48678319176457,-16.85361080935335,-4.9998991154236965,-2.4999810270800626,nan,upper,0.1
592,phase2,upper,-15.0,2,-15.000000285978773,-17.48678319176457,-16.85361080935335,-4.9998991154236965,-2.4999810270800626,nan,upper,0.1
593,phase2,upper,-15.0,2,-15.000000258936556,-17.48678319176457,-16.85361080935335,-4.9998991154236965,-2.4999810270800626,nan,upper,0.1
594,phase2,upper,-15.0,2,-15.000000234442993,-17.48678319176457,-16.85361080935335,-4.9998991154236965,-2.4999810270800626,nan,upper,0.1
595,phase2,upper,-15.0,2,-15.000000212258778,-17.48678319176457,-16.85361080935335,-4.9998991154236965,-2.4999810270800626,nan,upper,0.1
596,phase2,upper,-15.0,2,-15.000000192166976,-17.48678319176457,-16.85361080935335,-4.9998991154236965,-2.4999810270800626,nan,upper,0.1
597,phase2,upper,-15.0,2,-15.000000173970946,-17.48678319176457,-16.85361080935335,-4.9998991154236965,-2.4999810270800626,nan,upper,0.1
598,phase2,upper,-15.0,2,-15.000000157492453,-17.48678319176457,-16.85361080935335,-4.9998991154236965,-2.4999810270800626,nan,upper,0.1
599,phase2,upper,-15.0,2,-15.000000142569949,-17.48678319176457,-16.85361080935335,-4.9998991154236965,-2.4999810270800626,nan,upper,0.1
600,phase2,upper,-15.0,2,-15.000000129057021,-17.48678319176457,-16.85361080935335,-4.9998991154236965,-2.4999810270800626,nan,upper,0.1
601,phase2,upper,-15.0,2,-15.00000011682098,-17.48678319176457,-16.85361080935335,-4.9998991154236965,-2.4999810270800626,nan,upper,0.1
602,phase2,upper,-15.0,2,-15.000000105741575,-17.48678319176457,-16.85361080935335,-4.9998991154236965,-2.4999810270800626,nan,upper,0.1
603,phase2,upper,-15.0,2,-15.000000095709844,-17.48678319176457,-16.85361080935335,-4.9998991154236965,-2.4999810270800626,nan,upper,0.1
604,phase2,upper,-15.0,2,-15.000000086627042,-17.48678319176457,-16.85361080935335,-4.9998991154236965,-2.4999810270800626,nan,upper,0.1
605,phase2,upper,-15.0,2,-15.000000078403701,-17.48678319176457,-16.85361080935335,-4.9998991154236965,-2.4999810270800626,nan,upper,0.1
606,phase2,upper,-15.0,2,-15.000000070958759,-17.48678319176457,-16.85361080935335,-4.9998991154236965,-2.4999810270800626,nan,upper,0.1
607,phase2,upper,-15.0,2,-15.000000064218767,-17.48678319176457,-16.85361080935335,-4.9998991154236965,-2.4999810270800626,nan,upper,0.1
608,phase2,upper,-15.0,2,-15.000000058117188,-17.48678319176457,-16.85361080935335,-4.9998991154236965,-2.4999810270800626,nan,upper,0.1
609,phase2,upper,-15.0,2,-15.000000052593736,-17.48678319176457,-16.85361080935335,-4.9998991154236965,-2.4999810270800626,nan,upper,0.1
610,phase2,upper,-15.0,2,-15.000000047593803,-17.48678319176457,-16.85361080935335,-4.9998991154236965,-2.4999810270800626,nan,upper,0.1
611,phase2,upper,-15.0,2,-15.000000043067919,-17.48678319176457,-16.85361080935335,-4.9998991154236965,-2.4999810270800626,nan,upper,0.1
612,phase2,upper,-15.0,2,-15.000000038971274,-17.48678319176457,-16.85361080935335,-4.9998991154236965,-2.4999810270800626,nan,upper,0.1
613,phase2,upper,-15.0,2,-15.000000035263279,-17.48678319176457,-16.85361080935335,-4.9998991154236965,-2.4999810270800626,nan,upper,0.1
614,phase2,upper,-15.0,2,-15.00000003190717,-17.48678319176457,-16.85361080935335,-4.9998991154236965,-2.4999810270800626,nan,upper,0.1
615,phase2,upper,-15.0,2,-15.00000002886965,-17.48678319176457,-16.85361080935335,-4.9998991154236965,-2.4999810270800626,nan,upper,0.1
616,phase2,upper,-15.0,2,-15.000000026120562,-17.48678319176457,-16.85361080935335,-4.9998991154236965,-2.4999810270800626,nan,upper,0.1
617,phase2,upper,-15.0,2,-15.000000023632595,-17.48678319176457,-16.85361080935335,-4.9998991154236965,-2.4999810270800626,nan,upper,0.1
618,phase2,upper,-15.0,2,-15.000000021381016,-17.48678319176457,-16.85361080935335,-4.9998991154236965,-2.4999810270800626,nan,upper,0.1
619,phase2,upper,-15.0,2,-15.000000019343426,-17.48678319176457,-16.85361080935335,-4.9998991154236965,-2.4999810270800626,nan,upper,0.1
620,phase2,upper,-15.0,2,-15.000000017499545,-17.48678319176457,-16.85361080935335,-4.9998991154236965,-2.4999810270800626,nan,upper,0.1
621,phase2,upper,-15.0,2,-15.000000015831006,-17.48678319176457,-16.85361080935335,-4.9998991154236965,-2.4999810270800626,nan,upper,0.1
622,phase2,upper,-15.0,2,-15.000000014321179,-17.48678319176457,-16.85361080935335,-4.9998991154236965,-2.4999810270800626,nan,upper,0.1
623,phase2,upper,-15.0,2,-15.000000012955008,-17.48678319176457,-16.85361080935335,-4.9998991154236965,-2.4999810270800626,nan,upper,0.1
624,phase2,upper,-15.0,2,-15.000000011718859,-17.48678319176457,-16.85361080935335,-4.9998991154236965,-2.4999810270800626,nan,upper,0.1
625,phase2,upper,-15.0,2,-15.00000001060039,-17.48678319176457,-16.85361080935335,-4.9998991154236965,-2.4999810270800626,nan,upper,0.1
626,phase2,upper,-15.0,2,-15.000000009588426,-17.48678319176457,-16.85361080935335,-4.9998991154236965,-2.4999810270800626,nan,upper,0.1
627,phase2,upper,-15.0,2,-15.00000000867285,-17.48678319176457,-16.85361080935335,-4.9998991154236965,-2.4999810270800626,nan,upper,0.1
628,phase2,upper,-15.0,2,-15.000000007844505,-17.48678319176457,-16.85361080935335,-4.9998991154236965,-2.4999810270800626,nan,upper,0.1
629,phase2,upper,-15.0,2,-15.000000007095101,-17.48678319176457,-16.85361080935335,-4.9998991154236965,-2.4999810270800626,nan,upper,0.1
630,phase2,upper,-15.0,2,-15.000000006417133,-17.48678319176457,-16.85361080935335,-4.9998991154236965,-2.4999810270800626,nan,upper,0.1
631,phase2,lower,-20.0,4,-15.000000006417133,-17.673465953523447,-16.918239639960383,-4.999907306589333,-2.4999829243720564,nan,upper,0.1
632,phase2,upper,-15.0,2,-15.000000005803807,-17.673465953523447,-16.918239639960383,-4.999907306589333,-2.4999829243720564,nan,upper,0.1
633,phase2,upper,-15.0,2,-15.000000005248975,-17.673465953523447,-16.918239639960383,-4.999907306589333,-2.4999829243720564,nan,upper,0.1
634,phase2,upper,-15.0,2,-15.000000004747072,-17.673465953523447,-16.918239639960383,-4.999907306589333,-2.4999829243720564,nan,upper,0.1
635,phase2,upper,-15.0,2,-15.00000000429306,-17.673465953523447,-16.918239639960383,-4.999907306589333,-2.4999829243720564,nan,upper,0.1
636,phase2,upper,-15.0,2,-15.000000003882379,-17.673465953523447,-16.918239639960383,-4.999907306589333,-2.4999829243720564,nan,upper,0.1
637,phase2,upper,-15.0,2,-15.000000003510904,-17.673465953523447,-16.918239639960383,-4.999907306589333,-2.4999829243720564,nan,upper,0.1
638,phase2,upper,-15.0,2,-15.0000000031749,-17.673465953523447,-16.918239639960383,-4.999907306589333,-2.4999829243720564,nan,upper,0.1
639,phase2,upper,-15.0,2,-15.000000002870989,-17.673465953523447,-16.918239639960383,-4.999907306589333,-2.4999829243720564,nan,upper,0.1
640,phase2,upper,-15.0,2,-15.00000000259611,-17.673465953523447,-16.918239639960383,-4.999907306589333,-2.4999829243720564,nan,upper,0.1
641,phase2,upper,-15.0,2,-15.000000002347496,-17.673465953523447,-16.918239639960383,-4.999907306589333,-2.4999829243720564,nan,upper,0.1
642,phase2,upper,-15.0,2,-15.000000002122645,-17.673465953523447,-16.918239639960383,-4.999907306589333,-2.4999829243720564,nan,upper,0.1
643,phase2,upper,-15.0,2,-15.00000000191929,-17.673465953523447,-16.918239639960383,-4.999907306589333,-2.4999829243720564,nan,upper,0.1
644,phase2,upper,-15.0,2,-15.000000001735378,-17.673465953523447,-16.918239639960383,-4.999907306589333,-2.4999829243720564,nan,upper,0.1
645,phase2,upper,-15.0,2,-15.000000001569056,-17.673465953523447,-16.918239639960383,-4.999907306589333,-2.4999829243720564,nan,upper,0.1
646,phase2,upper,-15.0,2,-15.000000001418645,-17.673465953523447,-16.918239639960383,-4.999907306589333,-2.4999829243720564,nan,upper,0.1
647,phase2,upper,-15.0,2,-15.000000001282626,-17.673465953523447,-16.918239639960383,-4.999907306589333,-2.4999829243720564,nan,upper,0.1
648,phase2,upper,-15.0,2,-15.000000001159624,-17.673465953523447,-16.918239639960383,-4.999907306589333,-2.4999829243720564,nan,upper,0.1
649,phase2,upper,-15.0,2,-15.000000001048395,-17.673465953523447,-16.918239639960383,-4.999907306589333,-2.4999829243720564,nan,upper,0.1
650,phase2,upper,-15.0,2,-15.000000000947816,-17.673465953523447,-16.918239639960383,-4.999907306589333,-2.4999829243720564,nan,upper,0.1
651,phase2,upper,-15.0,2,-15.000000000856868,-17.673465953523447,-16.918239639960383,-4.999907306589333,-2.4999829243720564,nan,upper,0.1
652,phase2,upper,-15.0,2,-15.000000000774634,-17.673465953523447,-16.918239639960383,-4.999907306589333,-2.4999829243720564,nan,upper,0.1
653,phase2,upper,-15.0,2,-15.000000000700277,-17.673465953523447,-16.918239639960383,-4.999907306589333,-2.4999829243720564,nan,upper,0.1
654,phase2,upper,-15.0,2,-15.000000000633046,-17.673465953523447,-16.918239639960383,-4.999907306589333,-2.4999829243720564,nan,upper,0.1
655,phase2,upper,-15.0,2,-15.000000000572257,-17.673465953523447,-16.918239639960383,-4.999907306589333,-2.4999829243720564,nan,upper,0.1
656,phase2,upper,-15.0,2,-15.000000000517296,-17.673465953523447,-16.918239639960383,-4.999907306589333,-2.4999829243720564,nan,upper,0.1
657,phase2,upper,-15.0,2,-15.000000000467605,-17.673465953523447,-16.918239639960383,-4.999907306589333,-2.4999829243720564,nan,upper,0.1
658,phase2,upper,-15.0,2,-15.000000000422679,-17.673465953523447,-16.918239639960383,-4.999907306589333,-2.4999829243720564,nan,upper,0.1
659,phase2,upper,-15.0,2,-15.000000000382062,-17.673465953523447,-16.918239639960383,-4.999907306589333,-2.4999829243720564,nan,upper,0.1
660,phase2,upper,-15.0,2,-15.000000000345342,-17.673465953523447,-16.918239639960383,-4.999907306589333,-2.4999829243720564,nan,upper,0.1
661,phase2,upper,-15.0,2,-15.000000000312145,-17.673465953523447,-16.918239639960383,-4.999907306589333,-2.4999829243720564,nan,upper,0.1
662,phase2,upper,-15.0,2,-15.000000000282133,-17.673465953523447,-16.918239639960383,-4.999907306589333,-2.4999829243720564,nan,upper,0.1
663,phase2,upper,-15.0,2,-15.000000000255003,-17.673465953523447,-16.918239639960383,-4.999907306589333,-2.4999829243720564,nan,upper,0.1
664,phase2,upper,-15.0,2,-15.000000000230477,-17.673465953523447,-16.918239639960383,-4.999907306589333,-2.4999829243720564,nan,upper,0.1
665,phase2,upper,-15.0,2,-15.000000000208306,-17.673465953523447,-16.918239639960383,-4.999907306589333,-2.4999829243720564,nan,upper,0.1
666,phase2,upper,-15.0,2,-15.000000000188265,-17.673465953523447,-16.918239639960383,-4.999907306589333,-2.4999829243720564,nan,upper,0.1
667,phase2,upper,-15.0,2,-15.00000000017015,-17.673465953523447,-16.918239639960383,-4.999907306589333,-2.4999829243720564,nan,upper,0.1
668,phase2,upper,-15.0,2,-15.000000000153774,-17.673465953523447,-16.918239639960383,-4.999907306589333,-2.4999829243720564,nan,upper,0.1
669,phase2,upper,-15.0,2,-15.000000000138972,-17.673465953523447,-16.918239639960383,-4.999907306589333,-2.4999829243720564,nan,upper,0.1
670,phase2,upper,-15.0,2,-15.000000000125592,-17.673465953523447,-16.918239639960383,-4.999907306589333,-2.4999829243720564,nan,upper,0.1
671,phase2,upper,-15.0,2,-15.000000000113499,-17.673465953523447,-16.918239639960383,-4.999907306589333,-2.4999829243720564,nan,upper,0.1
672,phase2,upper,-15.0,2,-15.000000000102569,-17.673465953523447,-16.918239639960383,-4.999907306589333,-2.4999829243720564,nan,upper,0.1
673,phase2,upper,-15.0,2,-15.00000000009269,-17.673465953523447,-16.918239639960383,-4.999907306589333,-2.4999829243720564,nan,upper,0.1
674,phase2,upper,-15.0,2,-15.00000000008376,-17.673465953523447,-16.918239639960383,-4.999907306589333,-2.4999829243720564,nan,upper,0.1
675,phase2,upper,-15.0,2,-15.00000000007569,-17.673465953523447,-16.918239639960383,-4.999907306589333,-2.4999829243720564,nan,upper,0.1
676,phase2,upper,-15.0,2,-15.000000000068397,-17.673465953523447,-16.918239639960383,-4.999907306589333,-2.4999829243720564,nan,upper,0.1
677,phase2,upper,-15.0,2,-15.000000000061805,-17.673465953523447,-16.918239639960383,-4.999907306589333,-2.4999829243720564,nan,upper,0.1
678,phase2,upper,-15.0,2,-15.000000000055847,-17.673465953523447,-16.918239639960383,-4.999907306589333,-2.4999829243720564,nan,upper,0.1
679,phase2,upper,-15.0,2,-15.000000000050463,-17.673465953523447,-16.918239639960383,-4.999907306589333,-2.4999829243720564,nan,upper,0.1
680,phase2,upper,-15.0,2,-15.000000000045597,-17.673465953523447,-16.918239639960383,-4.999907306589333,-2.4999829243720564,nan,upper,0.1
681,phase2,upper,-15.0,2,-15.0000000000412,-17.673465953523447,-16.918239639960383,-4.999907306589333,-2.4999829243720564,nan,upper,0.1
682,phase2,upper,-15.0,2,-15.000000000037227,-17.673465953523447,-16.918239639960383,-4.999907306589333,-2.4999829243720564,nan,upper,0.1
683,phase2,upper,-15.0,2,-15.000000000033637,-17.673465953523447,-16.918239639960383,-4.999907306589333,-2.4999829243720564,nan,upper,0.1
684,phase2,upper,-15.0,2,-15.000000000030392,-17.673465953523447,-16.918239639960383,-4.999907306589333,-2.4999829243720564,nan,upper,0.1
685,phase2,upper,-15.0,2,-15.000000000027459,-17.673465953523447,-16.918239639960383,-4.999907306589333,-2.4999829243720564,nan,upper,0.1
686,phase2,upper,-15.0,2,-15.000000000024809,-17.673465953523447,-16.918239639960383,-4.999907306589333,-2.4999829243720564,nan,upper,0.1
687,phase2,upper,-15.0,2,-15.000000000022414,-17.673465953523447,-16.918239639960383,-4.999907306589333,-2.4999829243720564,nan,upper,0.1
688,phase2,upper,-15.0,2,-15.00000000002025,-17.673465953523447,-16.918239639960383,-4.999907306589333,-2.4999829243720564,nan,upper,0.1
689,phase2,upper,-15.0,2,-15.000000000018295,-17.673465953523447,-16.918239639960383,-4.999907306589333,-2.4999829243720564,nan,upper,0.1
690,phase2,upper,-15.0,2,-15.000000000016527,-17.673465953523447,-16.918239639960383,-4.999907306589333,-2.4999829243720564,nan,upper,0.1
691,phase2,upper,-15.0,2,-15.000000000014932,-17.673465953523447,-16.918239639960383,-4.999907306589333,-2.4999829243720564,nan,upper,0.1
692,phase2,upper,-15.0,2,-15.00000000001349,-17.673465953523447,-16.918239639960383,-4.999907306589333,-2.4999829243720564,nan,upper,0.1
693,phase2,upper,-15.0,2,-15.000000000012186,-17.673465953523447,-16.918239639960383,-4.999907306589333,-2.4999829243720564,nan,upper,0.1
694,phase2,upper,-15.0,2,-15.000000000011008,-17.673465953523447,-16.918239639960383,-4.999907306589333,-2.4999829243720564,nan,upper,0.1
695,phase2,upper,-15.0,2,-15.000000000009944,-17.673465953523447,-16.918239639960383,-4.999907306589333,-2.4999829243720564,nan,upper,0.1
696,phase2,upper,-15.0,2,-15.000000000008983,-17.673465953523447,-16.918239639960383,-4.999907306589333,-2.4999829243720564,nan,upper,0.1
697,phase2,upper,-15.0,2,-15.000000000008114,-17.673465953523447,-16.918239639960383,-4.999907306589333,-2.4999829243720564,nan,upper,0.1
698,phase2,upper,-15.0,2,-15.00000000000733,-17.673465953523447,-16.918239639960383,-4.999907306589333,-2.4999829243720564,nan,upper,0.1
699,phase2,upper,-15.0,2,-15.00000000000662,-17.673465953523447,-16.918239639960383,-4.999907306589333,-2.4999829243720564,nan,upper,0.1
700,phase2,upper,-15.0,2,-15.000000000005981,-17.673465953523447,-16.918239639960383,-4.999907306589333,-2.4999829243720564,nan,upper,0.1
701,phase2,upper,-15.0,2,-15.000000000005402,-17.673465953523447,-16.918239639960383,-4.999907306589333,-2.4999829243720564,nan,upper,0.1
702,phase2,upper,-15.0,2,-15.00000000000488,-17.673465953523447,-16.918239639960383,-4.999907306589333,-2.4999829243720564,nan,upper,0.1
703,phase2,upper,-15.0,2,-15.000000000004407,-17.673465953523447,-16.918239639960383,-4.999907306589333,-2.4999829243720564,nan,upper,0.1
704,phase2,upper,-15.0,2,-15.00000000000398,-17.673465953523447,-16.918239639960383,-4.999907306589333,-2.4999829243720564,nan,upper,0.1
705,phase2,upper,-15.0,2,-15.000000000003595,-17.673465953523447,-16.918239639960383,-4.999907306589333,-2.4999829243720564,nan,upper,0.1
706,phase2,upper,-15.0,2,-15.000000000003247,-17.673465953523447,-16.918239639960383,-4.999907306589333,-2.4999829243720564,nan,upper,0.1
707,phase2,lower,-20.0,4,-15.000000000003247,-17.84794332216714,-16.976406406623276,-4.999914868367605,-2.4999846319348507,nan,upper,0.1
708,phase2,upper,-15.0,2,-15.000000000002933,-17.84794332216714,-16.976406406623276,-4.999914868367605,-2.4999846319348507,nan,upper,0.1
709,phase2,upper,-15.0,2,-15.000000000002649,-17.84794332216714,-16.976406406623276,-4.999914868367605,-2.4999846319348507,nan,upper,0.1
710,phase2,lower,-20.0,4,-15.000000000002649,-18.010789630612752,-17.02875725279771,-4.999921844724329,-2.4999861687413656,nan,upper,0.1
711,phase2,upper,-15.0,2,-15.000000000002393,-18.010789630612752,-17.02875725279771,-4.999921844724329,-2.4999861687413656,nan,upper,0.1
712,phase2,upper,-15.0,2,-15.000000000002162,-18.010789630612752,-17.02875725279771,-4.999921844724329,-2.4999861687413656,nan,upper,0.1
713,phase2,upper,-15.0,2,-15.000000000001952,-18.010789630612752,-17.02875725279771,-4.999921844724329,-2.4999861687413656,nan,upper,0.1
714,phase2,upper,-15.0,2,-15.000000000001764,-18.010789630612752,-17.02875725279771,-4.999921844724329,-2.4999861687413656,nan,upper,0.1
715,phase2,upper,-15.0,2,-15.000000000001593,-18.010789630612752,-17.02875725279771,-4.999921844724329,-2.4999861687413656,nan,upper,0.1
716,phase2,upper,-15.0,2,-15.000000000001439,-18.010789630612752,-17.02875725279771,-4.999921844724329,-2.4999861687413656,nan,upper,0.1
717,phase2,upper,-15.0,2,-15.0000000000013,-18.010789630612752,-17.02875725279771,-4.999921844724329,-2.4999861687413656,nan,upper,0.1
718,phase2,upper,-15.0,2,-15.000000000001174,-18.010789630612752,-17.02875725279771,-4.999921844724329,-2.4999861687413656,nan,upper,0.1
719,phase2,lower,-20.0,4,-15.000000000001174,-18.162586392831248,-17.075873711990372,-4.999928277126033,-2.499987551867229,nan,upper,0.1
720,phase2,upper,-15.0,2,-15.00000000000106,-18.162586392831248,-17.075873711990372,-4.999928277126033,-2.499987551867229,nan,upper,0.1
721,phase2,upper,-15.0,2,-15.000000000000957,-18.162586392831248,-17.075873711990372,-4.999928277126033,-2.499987551867229,nan,upper,0.1
722,phase2,upper,-15.0,2,-15.000000000000865,-18.162586392831248,-17.075873711990372,-4.999928277126033,-2.499987551867229,nan,upper,0.1
723,phase2,upper,-15.0,2,-15.000000000000782,-18.162586392831248,-17.075873711990372,-4.999928277126033,-2.499987551867229,nan,upper,0.1
724,phase2,upper,-15.0,2,-15.000000000000705,-18.162586392831248,-17.075873711990372,-4.999928277126033,-2.499987551867229,nan,upper,0.1
725,phase2,upper,-15.0,2,-15.000000000000636,-18.162586392831248,-17.075873711990372,-4.999928277126033,-2.499987551867229,nan,upper,0.1
726,phase2,upper,-15.0,2,-15.000000000000574,-18.162586392831248,-17.075873711990372,-4.999928277126033,-2.499987551867229,nan,upper,0.1
727,phase2,upper,-15.0,2,-15.000000000000519,-18.162586392831248,-17.075873711990372,-4.999928277126033,-2.499987551867229,nan,upper,0.1
728,phase2,upper,-15.0,2,-15.000000000000469,-18.162586392831248,-17.075873711990372,-4.999928277126033,-2.499987551867229,nan,upper,0.1
729,phase2,upper,-15.0,2,-15.000000000000423,-18.162586392831248,-17.075873711990372,-4.999928277126033,-2.499987551867229,nan,upper,0.1
730,phase2,upper,-15.0,2,-15.000000000000382,-18.162586392831248,-17.075873711990372,-4.999928277126033,-2.499987551867229,nan,upper,0.1
731,phase2,upper,-15.0,2,-15.000000000000345,-18.162586392831248,-17.075873711990372,-4.999928277126033,-2.499987551867229,nan,upper,0.1
732,phase2,upper,-15.0,2,-15.00000000000031,-18.162586392831248,-17.075873711990372,-4.999928277126033,-2.499987551867229,nan,upper,0.1
733,phase2,upper,-15.0,2,-15.00000000000028,-18.162586392831248,-17.075873711990372,-4.999928277126033,-2.499987551867229,nan,upper,0.1
734,phase2,upper,-15.0,2,-15.000000000000254,-18.162586392831248,-17.075873711990372,-4.999928277126033,-2.499987551867229,nan,upper,0.1
735,phase2,upper,-15.0,2,-15.00000000000023,-18.162586392831248,-17.075873711990372,-4.999928277126033,-2.499987551867229,nan,upper,0.1
736,phase2,upper,-15.0,2,-15.000000000000206,-18.162586392831248,-17.075873711990372,-4.999928277126033,-2.499987551867229,nan,upper,0.1
737,phase2,upper,-15.0,2,-15.000000000000187,-18.162586392831248,-17.075873711990372,-4.999928277126033,-2.499987551867229,nan,upper,0.1
738,phase2,upper,-15.0,2,-15.000000000000169,-18.162586392831248,-17.075873711990372,-4.999928277126033,-2.499987551867229,nan,upper,0.1
739,phase2,upper,-15.0,2,-15.000000000000153,-18.162586392831248,-17.075873711990372,-4.999928277126033,-2.499987551867229,nan,upper,0.1
740,phase2,upper,-15.0,2,-15.000000000000139,-18.162586392831248,-17.075873711990372,-4.999928277126033,-2.499987551867229,nan,upper,0.1
741,phase2,upper,-15.0,2,-15.000000000000124,-18.162586392831248,-17.075873711990372,-4.999928277126033,-2.499987551867229,nan,upper,0.1
742,phase2,upper,-15.0,2,-15.000000000000112,-18.162586392831248,-17.075873711990372,-4.999928277126033,-2.499987551867229,nan,upper,0.1
743,phase2,upper,-15.0,2,-15.000000000000101,-18.162586392831248,-17.075873711990372,-4.999928277126033,-2.499987551867229,nan,upper,0.1
744,phase2,upper,-15.0,2,-15.000000000000092,-18.162586392831248,-17.075873711990372,-4.999928277126033,-2.499987551867229,nan,upper,0.1
745,phase2,upper,-15.0,2,-15.000000000000083,-18.162586392831248,-17.075873711990372,-4.999928277126033,-2.499987551867229,nan,upper,0.1
746,phase2,upper,-15.0,2,-15.000000000000075,-18.162586392831248,-17.075873711990372,-4.999928277126033,-2.499987551867229,nan,upper,0.1
747,phase2,upper,-15.0,2,-15.000000000000068,-18.162586392831248,-17.075873711990372,-4.999928277126033,-2.499987551867229,nan,upper,0.1
748,phase2,upper,-15.0,2,-15.00000000000006,-18.162586392831248,-17.075873711990372,-4.999928277126033,-2.499987551867229,nan,upper,0.1
749,phase2,upper,-15.0,2,-15.000000000000055,-18.162586392831248,-17.075873711990372,-4.999928277126033,-2.499987551867229,nan,upper,0.1
750,phase2,lower,-20.0,4,-15.000000000000055,-18.30391512474716,-17.11827916850394,-4.9999342046001525,-2.499988796680506,nan,upper,0.1
751,phase2,upper,-15.0,2,-15.00000000000005,-18.30391512474716,-17.11827916850394,-4.9999342046001525,-2.499988796680506,nan,upper,0.1
752,phase2,upper,-15.0,2,-15.000000000000044,-18.30391512474716,-17.11827916850394,-4.9999342046001525,-2.499988796680506,nan,upper,0.1
753,phase2,upper,-15.0,2,-15.00000000000004,-18.30391512474716,-17.11827916850394,-4.9999342046001525,-2.499988796680506,nan,upper,0.1
754,phase2,upper,-15.0,2,-15.000000000000037,-18.30391512474716,-17.11827916850394,-4.9999342046001525,-2.499988796680506,nan,upper,0.1
755,phase2,upper,-15.0,2,-15.000000000000034,-18.30391512474716,-17.11827916850394,-4.9999342046001525,-2.499988796680506,nan,upper,0.1
756,phase2,upper,-15.0,2,-15.00000000000003,-18.30391512474716,-17.11827916850394,-4.9999342046001525,-2.499988796680506,nan,upper,0.1
757,phase2,upper,-15.0,2,-15.000000000000027,-18.30391512474716,-17.11827916850394,-4.9999342046001525,-2.499988796680506,nan,upper,0.1
758,phase2,upper,-15.0,2,-15.000000000000025,-18.30391512474716,-17.11827916850394,-4.9999342046001525,-2.499988796680506,nan,upper,0.1
759,phase2,upper,-15.0,2,-15.000000000000023,-18.30391512474716,-17.11827916850394,-4.9999342046001525,-2.499988796680506,nan,upper,0.1
760,phase2,upper,-15.0,2,-15.000000000000021,-18.30391512474716,-17.11827916850394,-4.9999342046001525,-2.499988796680506,nan,upper,0.1
761,phase2,upper,-15.0,2,-15.00000000000002,-18.30391512474716,-17.11827916850394,-4.9999342046001525,-2.499988796680506,nan,upper,0.1
762,phase2,upper,-15.0,2,-15.000000000000018,-18.30391512474716,-17.11827916850394,-4.9999342046001525,-2.499988796680506,nan,upper,0.1
763,phase2,upper,-15.0,2,-15.000000000000016,-18.30391512474716,-17.11827916850394,-4.9999342046001525,-2.499988796680506,nan,upper,0.1
764,phase2,upper,-15.0,2,-15.000000000000014,-18.30391512474716,-17.11827916850394,-4.9999342046001525,-2.499988796680506,nan,upper,0.1
765,phase2,upper,-15.0,2,-15.000000000000012,-18.30391512474716,-17.11827916850394,-4.9999342046001525,-2.499988796680506,nan,upper,0.1
766,phase2,upper,-15.0,2,-15.00000000000001,-18.30391512474716,-17.11827916850394,-4.9999342046001525,-2.499988796680506,nan,upper,0.1
767,phase2,upper,-15.0,2,-15.00000000000001,-18.30391512474716,-17.11827916850394,-4.9999342046001525,-2.499988796680506,nan,upper,0.1
768,phase2,upper,-15.0,2,-15.00000000000001,-18.30391512474716,-17.11827916850394,-4.9999342046001525,-2.499988796680506,nan,upper,0.1
769,phase2,upper,-15.0,2,-15.00000000000001,-18.30391512474716,-17.11827916850394,-4.9999342046001525,-2.499988796680506,nan,upper,0.1
770,phase2,upper,-15.0,2,-15.00000000000001,-18.30391512474716,-17.11827916850394,-4.9999342046001525,-2.499988796680506,nan,upper,0.1
771,phase2,upper,-15.0,2,-15.00000000000001,-18.30391512474716,-17.11827916850394,-4.9999342046001525,-2.499988796680506,nan,upper,0.1
772,phase2,upper,-15.0,2,-15.00000000000001,-18.30391512474716,-17.11827916850394,-4.9999342046001525,-2.499988796680506,nan,upper,0.1
773,phase2,upper,-15.0,2,-15.00000000000001,-18.30391512474716,-17.11827916850394,-4.9999342046001525,-2.499988796680506,nan,upper,0.1
774,phase2,upper,-15.0,2,-15.00000000000001,-18.30391512474716,-17.11827916850394,-4.9999342046001525,-2.499988796680506,nan,upper,0.1
775,phase2,upper,-15.0,2,-15.00000000000001,-18.30391512474716,-17.11827916850394,-4.9999342046001525,-2.499988796680506,nan,upper,0.1
776,phase2,upper,-15.0,2,-15.00000000000001,-18.30391512474716,-17.11827916850394,-4.9999342046001525,-2.499988796680506,nan,upper,0.1
777,phase2,upper,-15.0,2,-15.00000000000001,-18.30391512474716,-17.11827916850394,-4.9999342046001525,-2.499988796680506,nan,upper,0.1
778,phase2,lower,-20.0,4,-15.00000000000001,-18.435351529122837,-17.15644467211356,-4.999939663808188,-2.4999899170124555,nan,upper,0.1
779,phase2,upper,-15.0,2,-15.00000000000001,-18.435351529122837,-17.15644467211356,-4.999939663808188,-2.4999899170124555,nan,upper,0.1
780,phase2,upper,-15.0,2,-15.00000000000001,-18.435351529122837,-17.15644467211356,-4.999939663808188,-2.4999899170124555,nan,upper,0.1
781,phase2,upper,-15.0,2,-15.00000000000001,-18.435351529122837,-17.15644467211356,-4.999939663808188,-2.4999899170124555,nan,upper,0.1
782,phase2,upper,-15.0,2,-15.00000000000001,-18.435351529122837,-17.15644467211356,-4.999939663808188,-2.4999899170124555,nan,upper,0.1
783,phase2,upper,-15.0,2,-15.00000000000001,-18.435351529122837,-17.15644467211356,-4.999939663808188,-2.4999899170124555,nan,upper,0.1
784,phase2,upper,-15.0,2,-15.00000000000001,-18.435351529122837,-17.15644467211356,-4.999939663808188,-2.4999899170124555,nan,upper,0.1
785,phase2,upper,-15.0,2,-15.00000000000001,-18.435351529122837,-17.15644467211356,-4.999939663808188,-2.4999899170124555,nan,upper,0.1
786,phase2,upper,-15.0,2,-15.00000000000001,-18.435351529122837,-17.15644467211356,-4.999939663808188,-2.4999899170124555,nan,upper,0.1
787,phase2,upper,-15.0,2,-15.00000000000001,-18.435351529122837,-17.15644467211356,-4.999939663808188,-2.4999899170124555,nan,upper,0.1
788,phase2,upper,-15.0,2,-15.00000000000001,-18.435351529122837,-17.15644467211356,-4.999939663808188,-2.4999899170124555,nan,upper,0.1
789,phase2,upper,-15.0,2,-15.00000000000001,-18.435351529122837,-17.15644467211356,-4.999939663808188,-2.4999899170124555,nan,upper,0.1
790,phase2,upper,-15.0,2,-15.00000000000001,-18.435351529122837,-17.15644467211356,-4.999939663808188,-2.4999899170124555,nan,upper,0.1
791,phase2,upper,-15.0,2,-15.00000000000001,-18.435351529122837,-17.15644467211356,-4.999939663808188,-2.4999899170124555,nan,upper,0.1
792,phase2,upper,-15.0,2,-15.00000000000001,-18.435351529122837,-17.15644467211356,-4.999939663808188,-2.4999899170124555,nan,upper,0.1
793,phase2,upper,-15.0,2,-15.00000000000001,-18.435351529122837,-17.15644467211356,-4.999939663808188,-2.4999899170124555,nan,upper,0.1
794,phase2,upper,-15.0,2,-15.00000000000001,-18.435351529122837,-17.15644467211356,-4.999939663808188,-2.4999899170124555,nan,upper,0.1
795,phase2,upper,-15.0,2,-15.00000000000001,-18.435351529122837,-17.15644467211356,-4.999939663808188,-2.4999899170124555,nan,upper,0.1
796,phase2,lower,-20.0,4,-15.00000000000001,-18.55746084342191,-17.190794171283024,-4.999944689128615,-2.49999092531121,nan,upper,0.1
797,phase2,upper,-15.0,2,-15.00000000000001,-18.55746084342191,-17.190794171283024,-4.999944689128615,-2.49999092531121,nan,upper,0.1
798,phase2,upper,-15.0,2,-15.00000000000001,-18.55746084342191,-17.190794171283024,-4.999944689128615,-2.49999092531121,nan,upper,0.1
799,phase2,upper,-15.0,2,-15.00000000000001,-18.55746084342191,-17.190794171283024,-4.999944689128615,-2.49999092531121,nan,upper,0.1
