episode,phase,route,return,steps,q_start_right,q_start_down,q_shield_right,q_d1_right,q_d2_right,mood_M,greedy_route,epsilon
0,phase1,lower,-10.0,4,0.0,-0.25,-0.5875000000000001,-0.55375,-0.530125,-0.292875,upper,0.1
1,phase1,upper,-15.0,2,-1.5135875,-0.25,-0.5875000000000001,-0.55375,-0.530125,-0.27100875,lower,0.1
2,phase1,lower,-10.0,4,-1.5135875,-0.777657875,-1.0717226375000002,-1.0347593337499998,-0.9576602248749999,-0.239254559625,lower,0.1
3,phase1,lower,-10.0,4,-1.5135875,-1.2723934549125002,-1.5354675645262503,-1.496211089217125,-1.3310943846461125,-0.21751829514933751,lower,0.1
4,phase1,lower,-10.0,4,-1.5135875,-1.744467331508279,-2.2381909429394202,-2.1009912369208816,-1.774681322016173,-0.32841124807047095,upper,0.1
5,phase1,upper,-15.0,2,-2.957999998263424,-1.744467331508279,-2.2381909429394202,-2.1009912369208816,-1.774681322016173,-0.2460156125566561,lower,0.1
6,phase1,lower,-10.0,4,-2.957999998263424,-2.2652537439523837,-2.695057890133232,-2.5384692720256,-2.0609236432081643,-0.19028430862796283,lower,0.1
7,phase1,lower,-10.0,4,-2.957999998263424,-2.729490036335635,-3.1148630022637387,-2.935618367042431,-2.29692765527815,-0.16465553953623405,lower,0.1
8,phase1,lower,-10.0,4,-2.957999998263424,-3.1662173185110563,-3.750530357777797,-3.4384077954908445,-2.6048137192535363,-0.2952193580344275,upper,0.1
9,phase1,upper,-15.0,2,-4.2751125405929145,-3.1662173185110563,-3.750530357777797,-3.4384077954908445,-2.6048137192535363,-0.19259014172093958,lower,0.1
10,phase1,lower,-10.0,4,-4.2751125405929145,-3.6479797499865763,-4.155630055687115,-3.797968364176824,-2.7755826843226186,-0.1410146895011731,lower,0.1
11,phase1,lower,-10.0,4,-4.2751125405929145,-4.075658001107686,-4.738886359270548,-4.223878351661108,-3.0078111962468066,-0.26989027308633967,lower,0.1
12,phase1,lower,-10.0,4,-4.2751125405929145,-4.634882082701678,-5.148690866977857,-4.49532577913806,-3.1213517711346452,-0.19293574438099434,upper,0.1
13,phase1,upper,-15.0,2,-5.407475272953631,-4.634882082701678,-5.148690866977857,-4.49532577913806,-3.1213517711346452,-0.11119040661460551,lower,0.1
14,phase1,lower,-10.0,4,-5.407475272953631,-5.03633432708244,-5.46760565158952,-4.758492016475325,-3.1953907184310633,-0.09111362500295933,lower,0.1
15,phase1,lower,-10.0,4,-5.407475272953631,-5.411463722035812,-5.964781000608325,-5.082728520778248,-3.3515971252857124,-0.23607687294712043,upper,0.1
16,phase1,upper,-15.0,2,-6.492541312554399,-5.411463722035812,-5.964781000608325,-5.082728520778248,-3.3515971252857124,-0.11848037323774911,lower,0.1
17,phase1,lower,-10.0,4,-6.492541312554399,-5.823427785807038,-6.264460042965788,-5.307376654123994,-3.390667384379736,-0.07571766066002833,lower,0.1
18,phase1,lower,-10.0,4,-6.492541312554399,-6.185676906116939,-6.529339349713228,-5.4915815083712864,-3.4059142116449177,-0.058590788634207296,lower,0.1
19,phase1,lower,-10.0,4,-6.492541312554399,-6.522774860247354,-6.954255252003473,-5.726607959760014,-3.674391377275855,-0.2694238174790804,upper,0.1
20,phase1,upper,-15.0,2,-7.525249517206464,-6.522774860247354,-6.954255252003473,-5.726607959760014,-3.674391377275855,-0.23142139753529467,lower,0.1
21,phase1,lower,-10.0,4,-7.525249517206464,-7.024202157204731,-7.239255511748376,-5.8607463199168075,-3.68012555062177,-0.14206081490965955,lower,0.1
22,phase1,lower,-10.0,4,-7.525249517206464,-7.423562226077789,-7.448204030982852,-5.9372162686915395,-3.652920882392194,-0.11321345087679428,lower,0.1
23,phase1,lower,-10.0,4,-7.525249517206464,-7.77791851235741,-7.621839490244356,-5.987582286998475,-3.6165397127155523,-0.10041313283902228,upper,0.1
24,phase1,upper,-15.0,2,-8.331861829468838,-7.77791851235741,-7.621839490244356,-5.987582286998475,-3.6165397127155523,-0.023429308346493122,lower,0.1
25,phase1,lower,-10.0,4,-8.331861829468838,-8.03339698765795,-7.780919392434175,-6.083160536762822,-3.559697918812327,-0.017549983363708735,lower,0.1
26,phase1,lower,-10.0,4,-8.331861829468838,-8.27394421316291,-7.928751815575006,-6.156844023472308,-3.5011800781660978,-0.012689168731237432,lower,0.1
27,phase1,lower,-10.0,4,-8.331861829468838,-8.500845225262234,-8.064721202915635,-6.21097377629807,-3.4417061761256855,-0.008392409726936993,upper,0.1
28,phase1,upper,-15.0,2,-8.984442110830738,-8.500845225262234,-8.064721202915635,-6.21097377629807,-3.4417061761256855,-0.1437463611918619,lower,0.1
29,phase1,lower,-10.0,4,-8.984442110830738,-8.83660454810025,-8.273501439803729,-6.307253281403828,-3.4235768908116953,-0.03702622999206904,lower,0.1
30,phase1,lower,-10.0,4,-8.984442110830738,-9.063617844263462,-8.401067369472516,-6.33930124507677,-3.3680633899363954,-0.006470025241687508,upper,0.1
31,phase1,upper,-15.0,2,-9.593219530527014,-9.063617844263462,-8.401067369472516,-6.33930124507677,-3.3680633899363954,-0.12541706613797282,lower,0.1
32,phase1,lower,-10.0,4,-9.593219530527014,-9.360238156308542,-8.572632928079793,-6.3968842498583065,-3.340446524718813,-0.02496302270861145,lower,0.1
33,phase1,lower,-10.0,4,-9.593219530527014,-9.553944353923416,-8.666571372973394,-6.396025856528514,-3.278931327521505,0.0032186857607695747,lower,0.1
34,phase1,lower,-10.0,4,-9.593219530527014,-9.71231023864372,-8.730923860887833,-6.372091100353094,-3.2105045498049,0.011980598951929107,upper,0.1
35,phase1,upper,-15.0,2,-10.143581563574797,-9.71231023864372,-8.730923860887833,-6.372091100353094,-3.2105045498049,-0.0329424883272381,lower,0.1
36,phase1,lower,-10.0,4,-10.143581563574797,-9.893819840362646,-8.748010789091797,-6.292087907869067,-3.3018353852674447,-0.09895514007617079,lower,0.1
37,phase1,lower,-10.0,4,-10.143581563574797,-10.118298561304115,-8.853620446472497,-6.3175220708133,-3.255455555341587,-0.010278986819105974,lower,0.1
38,phase1,lower,-10.0,4,-10.143581563574797,-10.25108183795815,-8.892150205092063,-6.291515548090771,-3.182025141280069,0.013780509107175896,upper,0.1
39,phase1,upper,-15.0,2,-10.638602695074873,-10.25108183795815,-8.892150205092063,-6.291515548090771,-3.182025141280069,-0.017187869638839563,lower,0.1
40,phase1,lower,-10.0,4,-10.638602695074873,-10.380657757346498,-8.87364604304902,-6.212106159645324,-3.131484191742057,-0.009735929936227973,lower,0.1
41,phase1,lower,-10.0,4,-10.638602695074873,-10.488718922859354,-8.844382791708714,-6.133798703264397,-3.2113266804619562,-0.08173643462944244,lower,0.1
42,phase1,lower,-10.0,4,-10.638602695074873,-10.647848100910789,-8.902958979709913,-6.1418904673002865,-3.1564152691157563,-0.0019410353882386919,upper,0.1
43,phase1,upper,-15.0,2,-11.09853032498239,-10.647848100910789,-8.902958979709913,-6.1418904673002865,-3.1564152691157563,-0.08150879786964507,lower,0.1
44,phase1,lower,-10.0,4,-11.09853032498239,-10.79671710687338,-8.953152663458756,-6.139196011650045,-3.1038744964290665,-9.48899666623395e-05,lower,0.1
45,phase1,lower,-10.0,4,-11.09853032498239,-10.862446063501913,-8.943595491679647,-6.091427505435522,-3.0286320218106746,0.02103205792843662,lower,0.1
46,phase1,lower,-10.0,4,-11.09853032498239,-10.901632154184094,-8.914364341499098,-6.0284439623498285,-2.952665666738734,0.026053802818612238,lower,0.1
47,phase1,lower,-10.0,4,-11.09853032498239,-10.929456950378844,-8.876253964905601,-5.959215085919224,-2.8815036475082088,0.026724028470476193,lower,0.1
48,phase1,lower,-10.0,4,-11.09853032498239,-10.950085026208091,-8.832367231742724,-5.887025006482154,-2.8163172002300745,0.026176009444983238,lower,0.1
49,phase1,lower,-10.0,4,-11.09853032498239,-10.96475483826107,-8.78383144934987,-5.813526627230317,-2.757133638279022,0.025251278644025602,lower,0.1
50,phase1,lower,-10.0,4,-11.09853032498239,-10.973936348590327,-8.73129843930849,-5.7398309474712494,-2.703689196533762,0.024181922330095355,lower,0.1
51,phase1,lower,-10.0,4,-11.09853032498239,-10.977908827565058,-8.675326855682808,-5.6668071228599315,-2.65565465766081,0.023037747054862327,lower,0.1
52,phase1,lower,-10.0,4,-11.09853032498239,-10.976916658027456,-8.616470024361226,-5.595171760382366,-2.612694417551301,0.021845117030640966,lower,0.1
53,phase1,lower,-10.0,4,-11.09853032498239,-10.971211389333256,-8.555287819132136,-5.525521335839181,-2.5744814266532186,0.020618513834726074,lower,0.1
54,phase1,lower,-10.0,4,-11.09853032498239,-10.96106236986189,-8.492340367102832,-5.458348734755497,-2.5407005365125714,0.01936889739104027,lower,0.1
55,phase1,lower,-10.0,4,-11.09853032498239,-10.94675816193405,-8.428178685954801,-5.394054896763789,-2.5110488816710386,0.018105902920718786,lower,0.1
56,phase1,lower,-10.0,4,-11.09853032498239,-10.928604901707478,-8.36333603755453,-5.33295855219823,-2.485235574817597,0.01683840273800835,lower,0.1
57,phase1,lower,-10.0,4,-11.09853032498239,-10.906923452827977,-8.298320800439987,-5.275304905836186,-2.4629813054264167,0.015574637197174671,lower,0.1
58,phase1,lower,-10.0,4,-11.09853032498239,-10.88204601411172,-8.233610894509843,-5.221273547301028,-2.4440179845296846,0.014322235170095137,lower,0.1
59,phase1,lower,-10.0,4,-11.09853032498239,-10.854312490498447,-8.169649607542485,-5.170985707627072,-2.428088460410854,0.013088209323603108,lower,0.1
60,phase1,lower,-10.0,4,-11.09853032498239,-10.824066813811609,-8.10684264271824,-5.12451093291083,-2.4149462998304783,0.011878948852389775,lower,0.1
61,phase1,lower,-10.0,4,-11.09853032498239,-10.79165334273512,-8.04555621450245,-5.081873227904028,-2.4043556225478726,0.010700215586458055,lower,0.1
62,phase1,lower,-10.0,4,-11.09853032498239,-10.757413435884041,-7.9861160368592445,-5.043056713217686,-2.396090976245164,0.009557144869740356,lower,0.1
63,phase1,lower,-10.0,4,-11.09853032498239,-10.721682265598796,-7.928807064999609,-5.008010833653704,-2.389937239923619,0.008454251347695188,lower,0.1
64,phase1,lower,-10.0,4,-11.09853032498239,-10.684785919325952,-7.873873867843149,-4.976655150416426,-2.385689545196064,0.007395439424800308,lower,0.1
65,phase1,lower,-10.0,4,-11.09853032498239,-10.647038818695352,-7.821521522761576,-4.948883746064329,-2.3831532063059475,0.0063840180226926654,lower,0.1
66,phase1,lower,-10.0,4,-11.09853032498239,-10.608741472881551,-7.771916937034995,-4.924569267832936,-2.3821436510652454,0.005422719215590352,lower,0.1
67,phase1,lower,-10.0,4,-11.09853032498239,-10.570178572002865,-7.863724832690749,-4.980042473140675,-2.4271549777744132,-0.01654674568479847,lower,0.1
68,phase1,lower,-10.0,4,-11.09853032498239,-10.564425269187971,-7.836070158462798,-4.986200926387202,-2.433182888034037,0.009861147530637378,lower,0.1
69,phase1,lower,-10.0,4,-11.09853032498239,-10.532714725337879,-7.795412864265918,-4.980193535309522,-2.429885473342455,0.01592527487932099,lower,0.1
70,phase1,lower,-10.0,4,-11.09853032498239,-10.494651791839294,-7.754758838069089,-4.9718606690238385,-2.425063669138851,0.016581519938396946,lower,0.1
71,phase1,upper,-15.0,2,-11.508033142851374,-10.494651791839294,-7.754758838069089,-4.9718606690238385,-2.425063669138851,0.0037804172514919196,lower,0.1
72,phase1,lower,-10.0,4,-11.508033142851374,-10.467260120935931,-7.714623373843085,-4.952955524095682,-2.4241913732675884,0.003203317839921207,lower,0.1
73,phase1,lower,-10.0,4,-11.508033142851374,-10.439113460170717,-7.677099595101529,-4.936884004457287,-2.42442388035521,0.0024912455947474505,lower,0.1
74,phase1,upper,-15.0,2,-11.88492038876226,-10.439113460170717,-7.677099595101529,-4.936884004457287,-2.42442388035521,0.013434407952961943,lower,0.1
75,phase1,lower,-10.0,4,-11.88492038876226,-10.40082110650613,-7.6467617898793545,-4.934026580424661,-2.4219237418196906,0.012206481167903679,lower,0.1
76,phase1,lower,-10.0,4,-11.88492038876226,-10.36442934179234,-7.620167787101258,-4.93179146254679,-2.420354605777879,0.011002998146063947,lower,0.1
77,phase1,lower,-10.0,4,-11.88492038876226,-10.330100487991775,-7.596953821796075,-4.930157549823482,-2.4196231474699834,0.00983434624910209,lower,0.1
78,phase1,lower,-10.0,4,-11.88492038876226,-10.297934909748014,-7.576785089308783,-4.929095782225612,-2.419639521521595,0.008706432359142485,lower,0.1
79,phase1,lower,-10.0,4,-11.88492038876226,-10.26798413858086,-7.55935515918149,-4.92857230411121,-2.420318701403897,0.007623530374519543,lower,0.1
80,phase1,lower,-10.0,4,-11.88492038876226,-10.240260063303856,-7.544383901286014,-4.928550072947232,-2.4215807168509693,0.006589048946810778,lower,0.1
81,phase1,lower,-10.0,4,-11.88492038876226,-10.214742303049942,-7.5316152466998725,-4.928989946166309,-2.423350601066071,0.005605749254138889,lower,0.1
82,phase1,lower,-10.0,4,-11.88492038876226,-10.19138442308621,-7.5208151022498395,-4.9298515330656825,-2.4255582633191803,0.0046758191266820515,lower,0.1
83,phase1,lower,-10.0,4,-11.88492038876226,-10.17011925378856,-7.511769475418573,-4.931093899079111,-2.4281383438538198,0.0038009111860428275,lower,0.1
84,phase1,lower,-10.0,4,-11.88492038876226,-10.150863455884123,-7.504282800570522,-4.932676155528723,-2.4310300657336636,0.0029821732720834394,lower,0.1
85,phase1,lower,-10.0,4,-11.88492038876226,-10.133521434407887,-7.498176443433963,-4.934557952491145,-2.4341770869787616,0.002220278334804817,lower,0.1
86,phase1,lower,-10.0,4,-11.88492038876226,-10.11798868480917,-7.493287360052781,-4.936699887346285,-2.437527353351795,0.0015154553726881635,lower,0.1
87,phase1,lower,-10.0,4,-11.88492038876226,-10.104154642498113,-7.489466888833473,-4.939063839375009,-2.441032951404573,0.0008675215264860089,lower,0.1
88,phase1,lower,-10.0,4,-11.88492038876226,-10.091905097757811,-7.486579657206627,-4.94161323942089,-2.44464996126395,0.00027591506387000114,lower,0.1
89,phase1,lower,-10.0,4,-11.88492038876226,-10.08112423014521,-7.484502587135102,-4.944313282588179,-2.448338308684951,-0.00026027108914257425,lower,0.1
90,phase1,lower,-10.0,4,-11.88492038876226,-10.071696309824429,-7.483123986095076,-4.947131091061275,-2.4520616160031707,-0.0007422556139816557,lower,0.1
91,phase1,lower,-10.0,4,-11.88492038876226,-10.063507107504076,-7.4823427122282045,-4.950035833352663,-2.455787051739899,-0.0011715351844165754,lower,0.1
92,phase1,lower,-10.0,4,-11.88492038876226,-10.056445049642464,-7.4820674041424935,-4.952998805596969,-2.459485178737503,-0.001549851264001788,lower,0.1
93,phase1,lower,-10.0,4,-11.88492038876226,-10.05040215123007,-7.482215767360454,-4.9559934798969945,-2.4631298008222817,-0.0018791575793435903,lower,0.1
94,phase1,lower,-10.0,4,-11.88492038876226,-10.045274754664518,-7.482713910708432,-4.958995524184283,-2.466697808103202,-0.002161588502033882,lower,0.1
95,phase1,lower,-10.0,4,-11.88492038876226,-10.040964099920739,-7.483495727039943,-4.961982797574238,-2.4701690211149696,-0.002399428542093442,lower,0.1
96,phase1,lower,-10.0,4,-11.88492038876226,-10.037376748320543,-7.48450231361467,-4.964935324767035,-2.4735260341011704,-0.00259508312658144,lower,0.1
97,phase1,lower,-10.0,4,-11.88492038876226,-10.034424879663879,-7.4856814282363375,-4.967835252664311,-2.4767540578068337,-0.0027510508089267035,lower,0.1
98,phase1,lower,-10.0,4,-11.88492038876226,-10.032026480249158,-7.486986977907408,-4.970666792032104,-2.4798407622093994,-0.0028698970277326987,lower,0.1
99,phase1,lower,-10.0,4,-11.88492038876226,-10.030105437339941,-7.4883785373040155,-4.973416146737942,-2.482776119662899,-0.002954229508463184,lower,0.1
100,phase1,lower,-10.0,4,-11.88492038876226,-10.028591553893966,-7.489820894826459,-4.976071432819492,-2.485552248962616,-0.0030066753776454773,lower,0.1
101,phase1,lower,-10.0,4,-11.88492038876226,-10.027420495827096,-7.4912836243524765,-4.978622589400217,-2.488163260857391,-0.0030298600371201096,lower,0.1
102,phase1,lower,-10.0,4,-11.88492038876226,-10.026533682713042,-7.492740681124269,-4.981061283250169,-2.490605105544941,-0.003026387825471469,lower,0.1
103,phase1,upper,-15.0,2,-12.22501873033716,-10.026533682713042,-7.492740681124269,-4.981061283250169,-2.490605105544941,-0.0015168256832535198,lower,0.1
104,phase1,lower,-10.0,4,-12.22501873033716,-10.024519525669092,-7.492903569029629,-4.9847146075072555,-2.494006733796784,-0.0013841262144709367,lower,0.1
105,phase1,lower,-10.0,4,-12.22501873033716,-10.022603643598169,-7.610581764790735,-5.039197445449201,-2.532607112645157,-0.03142843329309024,lower,0.1
106,phase1,lower,-10.0,4,-12.22501873033716,-10.059687045681207,-7.6237046652354215,-5.0522248618719425,-2.539137645098026,-0.009060070139093596,lower,0.1
107,phase1,lower,-10.0,4,-12.22501873033716,-10.074242870761813,-7.622413503299479,-5.0540220224347685,-2.5376125028797256,-0.0031254471333925543,lower,0.1
108,phase1,lower,-10.0,4,-12.22501873033716,-10.081872836435632,-7.617516049026968,-5.052687620476165,-2.534353612503584,-0.0015412820534960298,lower,0.1
109,phase1,lower,-10.0,4,-12.22501873033716,-10.086824311542912,-7.61185082357387,-5.050426754021734,-2.530986859774494,-0.0010983645454159846,lower,0.1
110,phase1,lower,-10.0,4,-12.22501873033716,-10.090315490836883,-7.606146977751817,-5.047867863665664,-2.5278962383936796,-0.0009462156737411314,lower,0.1
111,phase1,lower,-10.0,4,-12.22501873033716,-10.092750233634742,-7.600580076059939,-5.045211862437484,-2.5251414881454712,-0.0008611446607252322,lower,0.1
112,phase1,lower,-10.0,4,-12.22501873033716,-10.094308248071915,-7.595184079963213,-5.042538964479367,-2.522701483674317,-0.0007858583270580794,lower,0.1
113,phase1,lower,-10.0,4,-12.22501873033716,-10.095103103755397,-7.589959565522646,-5.039891417698864,-2.5205384155361075,-0.0007070839614313488,lower,0.1
114,phase1,lower,-10.0,4,-12.22501873033716,-10.095225125497409,-7.5849014332585805,-5.037296498315572,-2.5186143616244565,-0.0006230463889512479,lower,0.1
115,phase1,lower,-10.0,4,-12.22501873033716,-10.09475349802358,-7.580005419244417,-5.034773478617711,-2.5168952332187806,-0.0005348317519812218,lower,0.1
116,phase1,lower,-10.0,4,-12.22501873033716,-10.093760038722447,-7.57526914016731,-5.032336206123388,-2.51535139649492,-0.0004441018347489159,lower,0.1
117,phase1,lower,-10.0,4,-12.22501873033716,-10.092310640518209,-7.570691826251049,-5.02999440449773,-2.513957442267149,-0.0003524971047357947,lower,0.1
118,phase1,lower,-10.0,4,-12.22501873033716,-10.090466006485755,-7.56627382219186,-5.02775453783574,-2.5126917610544903,-0.0002614890180728393,lower,0.1
119,phase1,lower,-10.0,4,-12.22501873033716,-10.088282128172631,-7.5620161228212455,-5.025620475165769,-2.5115360974477996,-0.0001723519278168918,lower,0.1
120,phase1,lower,-10.0,4,-12.22501873033716,-10.085810644372527,-7.557919997123354,-5.023594029752966,-2.5104751289788982,-8.616681124616192e-05,lower,0.1
121,phase1,lower,-10.0,4,-12.22501873033716,-10.083099129777732,-7.553986700299363,-5.021675403270338,-2.509496080203934,-3.833356238443599e-06,lower,0.1
122,phase1,lower,-10.0,4,-12.22501873033716,-10.08019133685051,-7.550217261560361,-5.019863551830856,-2.5085883733641907,7.391593138923905e-05,lower,0.1
123,phase1,lower,-10.0,4,-12.22501873033716,-10.077127404983244,-7.546612334129869,-5.018156486281071,-2.507743314383858,0.00014650136673486546,lower,0.1
124,phase1,lower,-10.0,4,-12.22501873033716,-10.073944046667844,-7.543172095319752,-5.016551516933481,-2.506953812204073,0.0002134820062381009,lower,0.1
125,phase1,lower,-10.0,4,-12.22501873033716,-10.070674717727421,-7.539896186359931,-5.015045451428203,-2.506214129222809,0.00027454204336831823,lower,0.1
126,phase1,lower,-10.0,4,-12.22501873033716,-10.067349776751641,-7.536783683375627,-5.013634753221393,-2.5055196605534267,0.0003294777702787614,lower,0.1
127,phase1,lower,-10.0,4,-12.22501873033716,-10.063996637420788,-7.533833092402645,-5.012315667172336,-2.50486673982889,0.00037818515840228175,lower,0.1
128,phase1,lower,-10.0,4,-12.22501873033716,-10.060639916276411,-7.531042362607533,-5.0110843178016165,-2.5042524693307278,0.00042064809212731785,lower,0.1
129,phase1,lower,-10.0,4,-12.22501873033716,-10.057301577626609,-7.528408912957254,-5.009936785000765,-2.5036745722982396,0.0004569272772032537,lower,0.1
130,phase1,lower,-10.0,4,-12.22501873033716,-10.05400107661019,-7.525929668488042,-5.008869161277118,-2.503131265366514,0.00048714983586474426,lower,0.1
131,phase1,lower,-10.0,4,-12.22501873033716,-10.050755500945698,-7.523601103079783,-5.007877594006516,-2.5026211491863064,0.000511499592732397,lower,0.1
132,phase1,lower,-10.0,4,-12.22501873033716,-10.047579711525648,-7.521419286272126,-5.006958315632144,-2.5021431153906155,0.0005302080489257167,lower,0.1
133,phase1,lower,-10.0,4,-12.22501873033716,-10.044486481756262,-7.5193799321806685,-5.006107664282172,-2.501696268188711,0.0005435460362711545,lower,0.1
134,phase1,lower,-10.0,4,-12.22501873033716,-10.04148663536606,-7.5174784490021835,-5.005322096874584,-2.6073744783814887,-0.04937684366975602,lower,0.1
135,phase1,lower,-10.0,4,-12.22501873033716,-10.083524976032454,-7.547364542376112,-5.036974658269806,-2.6114449750808735,-0.011592069561321848,lower,0.1
136,phase1,lower,-10.0,4,-12.22501873033716,-10.090341795272009,-7.553230943850433,-5.04868277766324,-2.6029260423289444,-0.0016651690142463116,lower,0.1
137,phase1,lower,-10.0,4,-12.22501873033716,-10.088129362242674,-7.553314820881714,-5.053861657175479,-2.5920620648083283,0.0008624116051793336,lower,0.1
138,phase1,lower,-10.0,4,-12.22501873033716,-10.083871737661916,-7.552278686524322,-5.05629671825134,-2.581480347243252,0.0014289098990367,lower,0.1
139,phase1,lower,-10.0,4,-12.22501873033716,-10.079426413639023,-7.5512168914593705,-5.057182751100934,-2.571792198248736,0.0014797624722279108,lower,0.1
140,phase1,upper,-15.0,2,-12.524724767256755,-10.079426413639023,-7.5512168914593705,-5.057182751100934,-2.571792198248736,0.001827494530630412,lower,0.1
141,phase1,lower,-10.0,4,-12.524724767256755,-10.074960716343492,-7.5502815401597605,-5.057384587204089,-2.563152435594887,0.0017737988011021634,lower,0.1
142,phase1,lower,-10.0,4,-12.524724767256755,-10.070896379804127,-7.549516168039251,-5.0568016832975395,-2.5554413171747647,0.0017035938462119501,lower,0.1
143,phase1,lower,-10.0,4,-12.524724767256755,-10.06722512416605,-7.548839678759519,-5.055607917924291,-2.548569102628765,0.0016300602340773615,lower,0.1
144,phase1,lower,-10.0,4,-12.524724767256755,-10.063919525414727,-7.54818700692333,-5.053944545292252,-2.5424506039849946,0.0015564183134407575,lower,0.1
145,phase1,lower,-10.0,4,-12.524724767256755,-10.060945497083491,-7.54751074486888,-5.051928676754851,-2.632980812814528,-0.04088433657274698,lower,0.1
146,phase1,lower,-10.0,4,-12.524724767256755,-10.096397924777502,-7.573118796862006,-5.077153468055945,-2.631427121008854,-0.009182022341831998,lower,0.1
147,phase1,lower,-10.0,4,-12.524724767256755,-10.102333832093601,-7.578411471406282,-5.08531496354638,-2.6198420612903783,-0.0009019231988712847,lower,0.1
148,phase1,lower,-10.0,4,-12.524724767256755,-10.100753326903854,-7.578704166207493,-5.0877760207691525,-2.606783456016616,0.001160999139405344,lower,0.1
149,phase1,lower,-10.0,4,-12.524724767256755,-10.097503511608755,-7.57790665993141,-5.087787452879317,-2.5944088581615903,0.001579895157988048,lower,0.1
150,phase1,lower,-10.0,4,-12.524724767256755,-10.09412192079883,-7.576936052111804,-5.08640972978792,-2.5831854666657224,0.0015700348036733285,lower,0.1
151,phase1,lower,-10.0,4,-12.524724767256755,-10.090990302606821,-7.575945908741019,-5.084091489422992,-2.5731411300605074,0.001454083240507732,lower,0.1
152,phase1,upper,-15.0,2,-12.791978854912225,-10.090990302606821,-7.575945908741019,-5.084091489422992,-2.5731411300605074,0.002114960375774918,lower,0.1
153,phase1,lower,-10.0,4,-12.791978854912225,-10.087582398882043,-7.575129422136045,-5.0818107587804,-2.564082971155081,0.00200137867342709,lower,0.1
154,phase1,lower,-10.0,4,-12.791978854912225,-10.084535860401358,-7.574270888550874,-5.07897378405771,-2.556033966873156,0.001887763284863562,lower,0.1
155,phase1,upper,-15.0,2,-13.029828923901167,-10.084535860401358,-7.574270888550874,-5.07897378405771,-2.556033966873156,0.0010546781592315978,lower,0.1
156,phase1,lower,-10.0,4,-13.029828923901167,-10.082560152873,-7.57319992286981,-5.075080771554871,-2.5491150657636843,0.0009353066146096093,lower,0.1
157,phase1,lower,-10.0,4,-13.029828923901167,-10.080782353919533,-7.571941636954619,-5.070982426289992,-2.5429913152475203,0.0008243141225936453,lower,0.1
158,phase1,lower,-10.0,4,-13.029828923901167,-10.079156399512707,-7.570489727561935,-5.066776143662603,-2.5375807482976755,0.0007213944093553569,lower,0.1
159,phase1,lower,-10.0,4,-13.029828923901167,-10.07764047734921,-7.568848508486913,-5.062541496439033,-2.5328091841215117,0.0006261765997439037,lower,0.1
160,phase1,lower,-10.0,4,-13.029828923901167,-10.076197721523211,-7.56703009516271,-5.058342768971329,-2.5286095278307648,0.0005382856224745356,lower,0.1
161,phase1,lower,-10.0,4,-13.029828923901167,-10.074796501826935,-7.5650520819149065,-5.054231151217593,-2.5249211164589536,0.00045735731120131795,lower,0.1
162,phase1,lower,-10.0,4,-13.029828923901167,-10.073410438255651,-7.562935659164953,-5.050246650830527,-2.5216891217279334,0.0003830414320687393,lower,0.1
163,phase1,lower,-10.0,4,-13.029828923901167,-10.07201822305772,-7.56070410738035,-5.046419761692949,-2.5188640081338383,0.00031500151995546126,lower,0.1
164,phase1,lower,-10.0,4,-13.029828923901167,-10.070603310122022,-7.558381608764945,-5.042772919290342,-2.516401042134264,0.0002529139196689492,lower,0.1
165,phase1,lower,-10.0,4,-13.029828923901167,-10.069153517458611,-7.555992324854181,-5.039321768801443,-2.514259847811878,0.00019646669319615175,lower,0.1
166,phase1,upper,-15.0,2,-13.243399393871183,-10.069153517458611,-7.555992324854181,-5.039321768801443,-2.514259847811878,0.000821453576157039,lower,0.1
167,phase1,lower,-10.0,4,-13.243399393871183,-10.067098089979627,-7.553895410812214,-5.036684753976899,-2.598213556827936,-0.03401638488797735,lower,0.1
168,phase1,lower,-10.0,4,-13.243399393871183,-10.096392568462065,-7.649922490362977,-5.08272014886048,-2.615696104451131,-0.02104349043403569,lower,0.1
169,phase1,lower,-10.0,4,-13.243399393871183,-10.120684702042787,-7.656563909732947,-5.095535578423577,-2.6098795249899367,-0.004061629711669101,lower,0.1
170,phase1,lower,-10.0,4,-13.243399393871183,-10.127928089552306,-7.652979607893948,-5.098520389225414,-2.5990195410792034,0.00033952802094261604,lower,0.1
171,phase1,lower,-10.0,4,-13.243399393871183,-10.130127666167622,-7.647231564657101,-5.098099518923676,-2.587848525281158,0.0014050096056964804,lower,0.1
172,phase1,lower,-10.0,4,-13.243399393871183,-10.130573547371442,-7.641327970388158,-5.096155933574184,-2.57751600189546,0.0015914654981437457,lower,0.1
173,phase1,lower,-10.0,4,-13.243399393871183,-10.130216670724785,-7.635698313055125,-5.093337271493459,-2.6367406570082945,-0.020619011590404704,lower,0.1
174,phase1,lower,-10.0,4,-13.243399393871183,-10.149321945389184,-7.643586045673435,-5.1058423728366265,-2.628674119139958,-0.00421883278922598,lower,0.1
175,phase1,lower,-10.0,4,-13.243399393871183,-10.152545304927912,-7.641484125888455,-5.108888854450941,-2.6161621192640903,2.0114222206011245e-05,lower,0.1
176,phase1,lower,-10.0,4,-13.243399393871183,-10.15142108422398,-7.63722694916123,-5.108508723506263,-2.6035719722876873,0.0010350586267031845,lower,0.1
177,phase1,lower,-10.0,4,-13.243399393871183,-10.149070117953672,-7.632749201764864,-5.106499872260064,-2.5919539336865087,0.0012012345783003508,lower,0.1
178,phase1,lower,-10.0,4,-13.243399393871183,-10.146356915214321,-7.628451726003535,-5.103505000973193,-2.5814871646626876,0.001149544650410143,lower,0.1
179,phase1,lower,-10.0,4,-13.243399393871183,-10.143531806107873,-7.624355733445042,-5.099833998607439,-2.572128929398299,0.001047222800076812,lower,0.1
180,phase1,lower,-10.0,4,-13.243399393871183,-10.140671698321523,-7.620404282188023,-5.095685992186226,-2.563786255854965,0.0009382700446114534,lower,0.1
181,phase1,lower,-10.0,4,-13.243399393871183,-10.137800513668022,-7.616537934899711,-5.091211386116332,-2.5563607384542095,0.000833952389238558,lower,0.1
182,phase1,lower,-10.0,4,-13.243399393871183,-10.134923698640876,-7.612711123676925,-5.086530991244473,-2.549759695045084,0.0007368580080568665,lower,0.1
183,phase1,lower,-10.0,4,-13.243399393871183,-10.13203926893723,-7.6088933809386035,-5.081743416839374,-2.5438984499335535,0.0006472921200975047,lower,0.1
184,phase1,lower,-10.0,4,-13.243399393871183,-10.12914211722928,-7.605067081977388,-5.076929051899566,-2.5387003219035638,0.0005649762990102849,lower,0.1
185,phase1,lower,-10.0,4,-13.243399393871183,-10.126226135034981,-7.66177892321425,-5.08747212952578,-2.5442138258705107,-0.00703908410340256,lower,0.1
186,phase1,upper,-15.0,2,-13.440375236931045,-10.126226135034981,-7.66177892321425,-5.08747212952578,-2.5442138258705107,-0.003478667944194531,lower,0.1
187,phase1,lower,-10.0,4,-13.440375236931045,-10.132912215002683,-7.709323947316092,-5.095450298884237,-2.547642021585203,-0.005773041249316354,lower,0.1
188,phase1,lower,-10.0,4,-13.440375236931045,-10.14574912535841,-7.701467587040821,-5.093089316489577,-2.543734645659728,-0.00027605843475058127,lower,0.1
189,phase1,lower,-10.0,4,-13.440375236931045,-10.151569424117927,-7.690658132957097,-5.08803170128717,-2.5384449843657526,0.0010983459742770767,lower,0.1
190,phase1,lower,-10.0,4,-13.440375236931045,-10.154489783624994,-7.679552399298389,-5.082354291901138,-2.533293589124332,0.0013826109024732555,lower,0.1
191,phase1,lower,-10.0,4,-13.440375236931045,-10.155751695380108,-7.668816593343908,-5.0766440715016845,-2.5286290902485673,0.001382193426779663,lower,0.1
192,phase1,lower,-10.0,4,-13.440375236931045,-10.155814211092387,-7.658594974216223,-5.071083290262448,-2.524494397316983,0.0013106491813575732,lower,0.1
193,phase1,lower,-10.0,4,-13.440375236931045,-10.15491270314155,-7.648898717027905,-5.065739353092165,-2.5208563958437313,0.0012242708724921648,lower,0.1
194,phase1,lower,-10.0,4,-13.440375236931045,-10.153209460744943,-7.639708030962474,-5.060643112845822,-2.5176664897576306,0.0011376184201637425,lower,0.1
195,phase1,lower,-10.0,4,-13.440375236931045,-10.15083546118855,-7.630998295992079,-5.055810740790951,-2.5148762214604616,0.0010542220407711795,lower,0.1
196,phase1,lower,-10.0,4,-13.440375236931045,-10.14790294483221,-7.622746203996487,-5.051250445308906,-2.5124409913911596,0.0009747363996781334,lower,0.1
197,phase1,lower,-10.0,4,-13.440375236931045,-10.144510007988927,-7.614930751974254,-5.046965029479993,-2.510320652891536,0.0008991010524397177,lower,0.1
198,phase1,lower,-10.0,4,-13.440375236931045,-10.140742891440263,-7.607533004787679,-5.042953226604551,-2.5084793128012906,0.0008271080404138695,lower,0.1
199,phase1,lower,-10.0,4,-13.440375236931045,-10.136677505538632,-7.600535643913417,-5.03921061032383,-2.506884954810016,0.0007585465451672765,lower,0.1
200,phase1,lower,-10.0,4,-13.440375236931045,-10.13238062748546,-7.593922551446311,-5.03573030465415,-2.5055090471252472,0.0006932356161293713,lower,0.1
201,phase1,lower,-10.0,4,-13.440375236931045,-10.12791090782703,-7.587678478023578,-5.032503565718382,-2.504326174978351,0.0006310276569528281,lower,0.1
202,phase1,lower,-10.0,4,-13.440375236931045,-10.123319739955427,-7.581788792897515,-5.029520264677398,-2.503313706384398,0.0005718046491807081,lower,0.1
203,phase1,lower,-10.0,4,-13.440375236931045,-10.118652021065374,-7.576239303434897,-5.026769288818763,-2.5024514911299307,0.0005154729456039268,lower,0.1
204,phase1,lower,-10.0,4,-13.440375236931045,-10.113946823651283,-7.57101613050268,-5.024238873266936,-2.501721590827109,0.0004619581668384086,lower,0.1
205,phase1,lower,-10.0,4,-13.440375236931045,-10.109237991986268,-7.566105627758131,-5.021916873559807,-2.5011080374248915,0.0004112005867962597,lower,0.1
206,phase1,lower,-10.0,4,-13.440375236931045,-10.104554675035338,-7.561494334779378,-5.01979098784102,-2.5005966175753542,0.00036315108389557195,lower,0.1
207,phase1,lower,-10.0,4,-13.440375236931045,-10.099921805034235,-7.557168955751138,-5.017848936221814,-2.50017468038486,0.000317767650211166,lower,0.1
208,phase1,lower,-10.0,4,-13.440375236931045,-10.095360529220734,-7.55311635696063,-5.016078603846145,-2.4998309662447915,0.00027501242668765747,lower,0.1
209,phase1,upper,-15.0,2,-13.610009518132006,-10.095360529220734,-7.55311635696063,-5.016078603846145,-2.4998309662447915,-1.590357682326648e-05,lower,0.1
210,phase1,lower,-10.0,4,-13.610009518132006,-10.091150425213865,-7.549120166637449,-5.014242475783208,-2.499787684361956,-3.247537259840668e-05,lower,0.1
211,phase1,lower,-10.0,4,-13.610009518132006,-10.08697662719156,-7.545371717156451,-5.012619479293552,-2.4997748641465525,-4.6678356777120044e-05,lower,0.1
212,phase1,lower,-10.0,4,-13.610009518132006,-10.08285814670915,-7.541865543213354,-5.011189082144225,-2.4997868703623145,-5.869592135651626e-05,lower,0.1
213,phase1,lower,-10.0,4,-13.610009518132006,-10.07881171268879,-7.5385947567766864,-5.009932279412395,-2.499818733767675,-6.870260803241234e-05,lower,0.1
214,phase1,lower,-10.0,4,-13.610009518132006,-10.074851849444808,-7.535551335367057,-5.00883151112602,-2.4998660898294847,-7.686453264910955e-05,lower,0.1
215,phase1,lower,-10.0,4,-13.610009518132006,-10.070990976116418,-7.532726374536269,-5.007870582599169,-2.4999251226205863,-8.333974681732948e-05,lower,0.1
216,phase1,lower,-10.0,4,-13.610009518132006,-10.067239521730539,-7.53011030825065,-5.0070345874851725,-2.499992513417764,-8.82785453743256e-05,lower,0.1
217,phase1,lower,-10.0,4,-13.610009518132006,-10.063606051073387,-7.527693100516015,-5.0063098335505485,-2.5000653935666213,-9.182372808712598e-05,lower,0.1
218,phase1,lower,-10.0,4,-13.610009518132006,-10.06009739737293,-7.525464411252515,-5.005683771157318,-2.5001413012253937,-9.411082356467665e-05,lower,0.1
219,phase1,lower,-10.0,4,-13.610009518132006,-10.056718798502096,-7.52341373913206,-5.005144924430128,-2.500218141640812,-9.526828279690326e-05,lower,0.1
220,phase1,lower,-10.0,4,-13.610009518132006,-10.05347403401961,-7.5679345181714055,-5.012050171079216,-2.5052585420718994,-0.004015054252513216,lower,0.1
221,phase1,lower,-10.0,4,-13.610009518132006,-10.058533631262051,-7.564951985562987,-5.013212539314672,-2.505860995773118,-0.000912602335448432,lower,0.1
222,phase1,lower,-10.0,4,-13.610009518132006,-10.059996808794049,-7.5603962900439825,-5.012855459676938,-2.5053787566285224,-0.00010791010998993963,lower,0.1
223,phase1,lower,-10.0,4,-13.610009518132006,-10.060133876018032,-7.5557382155709565,-5.012109072948924,-2.5046921046814963,8.838642112549811e-05,lower,0.1
224,phase1,lower,-10.0,4,-13.610009518132006,-10.059614762194311,-7.5513382183121625,-5.011279495617375,-2.5040250784965687,0.00012511747701719436,lower,0.1
225,phase1,lower,-10.0,4,-13.610009518132006,-10.058674502076782,-7.547265216744416,-5.010452334470941,-2.5034283158923123,0.00012136604682999801,lower,0.1
226,phase1,lower,-10.0,4,-13.610009518132006,-10.057424344101397,-7.543513748119675,-5.009653362792946,-2.5029073158284527,0.00010857803347476775,lower,0.1
227,phase1,lower,-10.0,4,-13.610009518132006,-10.0559355642731,-7.5400612675868235,-5.0088914443793415,-2.5024564486096557,9.492077174682837e-05,lower,0.1
228,phase1,lower,-10.0,4,-13.610009518132006,-10.054262705909899,-7.536883015205201,-5.008170125808438,-2.5020679164556388,8.239043294619467e-05,lower,0.1
229,phase1,lower,-10.0,4,-13.610009518132006,-10.052450585449778,-7.533955656603539,-5.007490873445222,-2.5017340603404246,7.135876038950537e-05,lower,0.1
230,phase1,lower,-10.0,4,-13.610009518132006,-10.050536869680803,-7.531257984888548,-5.006854066238112,-2.5419212715925994,-0.004955723978670702,lower,0.1
231,phase1,lower,-10.0,4,-13.610009518132006,-10.053069132782381,-7.531869736239296,-5.01252061002937,-2.5392332298146822,-0.0011460894702447653,lower,0.1
232,phase1,lower,-10.0,4,-13.610009518132006,-10.051980673651293,-7.530558209457483,-5.015624361070917,-2.53558579452239,-0.0001480775086435958,lower,0.1
233,phase1,lower,-10.0,4,-13.610009518132006,-10.04997169698969,-7.529057921315996,-5.017604339503662,-2.53198151704247,0.00010367116573733998,lower,0.1
234,phase1,lower,-10.0,4,-13.610009518132006,-10.047787015373157,-7.52775215944772,-5.018915887013876,-2.5286571729004663,0.00015809416276748095,lower,0.1
235,phase1,lower,-10.0,4,-13.610009518132006,-10.04564124503412,-7.526680150657931,-5.019742786599841,-2.5256489137648157,0.00016103014684243746,lower,0.1
236,phase1,lower,-10.0,4,-13.610009518132006,-10.043600208464344,-7.5609601891460665,-5.022312252607779,-2.5243865348852483,-0.0009945510932870953,lower,0.1
237,phase1,lower,-10.0,4,-13.610009518132006,-10.046231302516475,-7.55768204106088,-5.022893548307195,-2.5221152448226674,-9.685055867199805e-05,lower,0.1
238,phase1,lower,-10.0,4,-13.610009518132006,-10.04746354187372,-7.554216271575507,-5.022775928397644,-2.519782383725059,0.00013209398520070217,lower,0.1
239,phase1,lower,-10.0,4,-13.610009518132006,-10.048019930257219,-7.550938980735618,-5.022338890337898,-2.517618034641438,0.00018418787166332894,lower,0.1
240,phase1,lower,-10.0,4,-13.610009518132006,-10.048146066220562,-7.5479130713114575,-5.021714308800962,-2.51566386833258,0.00019003710883338094,lower,0.1
241,phase1,lower,-10.0,4,-13.610009518132006,-10.047951733331702,-7.545124955744207,-5.020963247414765,-2.513913500914566,0.00018422619335041452,lower,0.1
242,phase1,lower,-10.0,4,-13.610009518132006,-10.047503251998938,-7.542546308523985,-5.020123656918972,-2.5123496014044893,0.00017583405612027036,lower,0.1
243,phase1,lower,-10.0,4,-13.610009518132006,-10.046849307000933,-7.540149497007781,-5.019223661643778,-2.510953571151283,0.0001671772821693815,lower,0.1
244,phase1,upper,-15.0,2,-13.761376590836505,-10.046849307000933,-7.540149497007781,-5.019223661643778,-2.510953571151283,0.00012337015821155164,lower,0.1
245,phase1,lower,-10.0,4,-13.761376590836505,-10.046068292859227,-7.56824481781079,-5.018331383489089,-2.509739984068819,0.00013387485749987753,lower,0.1
246,phase1,lower,-10.0,4,-13.761376590836505,-10.048165457982634,-7.56313171165948,-5.0173830387452165,-2.508633052283738,0.0001453446952264082,lower,0.1
247,phase1,lower,-10.0,4,-13.761376590836505,-10.049531273124614,-7.558431166282814,-5.016419779224215,-2.507639567070091,0.0001427343690734025,lower,0.1
248,phase1,lower,-10.0,4,-13.761376590836505,-10.050292801508268,-7.554109515036189,-5.0154605349449,-2.5067523312725344,0.00013656598444636387,lower,0.1
249,phase1,lower,-10.0,4,-13.761376590836505,-10.050551563475059,-7.550131577735466,-5.014516663055319,-2.505961384513424,0.0001296027253035398,lower,0.1
250,phase1,lower,-10.0,4,-13.761376590836505,-10.050392922448326,-7.546465008191983,-5.0135961009927685,-2.5052568861386306,0.00012255386651015797,lower,0.1
251,phase1,lower,-10.0,4,-13.761376590836505,-10.049889832542833,-7.543080987296119,-5.012704693892253,-2.5306284134770762,0.0019601601991903334,lower,0.1
252,phase1,lower,-10.0,4,-13.761376590836505,-10.047444803838891,-7.538747290202752,-5.013556772078524,-2.5268908434677955,0.0005113695456656263,lower,0.1
253,phase1,lower,-10.0,4,-13.761376590836505,-10.046114819884178,-7.535860358860816,-5.014610875431556,-2.523999753757155,0.00012479595115354612,lower,0.1
254,phase1,lower,-10.0,4,-13.761376590836505,-10.044977057425804,-7.533615958745633,-5.015448279993528,-2.521527892446928,2.0763722817213125e-05,lower,0.1
255,phase1,lower,-10.0,4,-13.761376590836505,-10.04382226020725,-7.531747383075082,-5.016004295840157,-2.5193419409509845,-7.996519573665914e-06,lower,0.1
256,phase1,lower,-10.0,4,-13.761376590836505,-10.04262196936165,-7.552233379861244,-5.013178073565987,-2.515158439875033,0.0017647895520868486,lower,0.1
257,phase1,lower,-10.0,4,-13.761376590836505,-10.04199479981473,-7.547222459578296,-5.0126306022194225,-2.513110364478933,0.00040720938495967325,lower,0.1
258,phase1,lower,-10.0,4,-13.761376590836505,-10.042151077344624,-7.543528382261303,-5.012569438161176,-2.511719957411485,4.828128330041809e-05,lower,0.1
259,phase1,lower,-10.0,4,-13.761376590836505,-10.04224535468132,-7.5404306374387104,-5.012539292310409,-2.5105856624575407,-4.568072558089976e-05,lower,0.1
260,phase1,lower,-10.0,4,-13.761376590836505,-10.042104995610082,-7.537702724924651,-5.012437322447109,-2.5095928871758124,-6.960000126964236e-05,lower,0.1
261,phase1,lower,-10.0,4,-13.761376590836505,-10.041727408542682,-7.535254828229806,-5.012251760363612,-2.508704103043913,-7.519486986918557e-05,lower,0.1
262,phase1,lower,-10.0,4,-13.761376590836505,-10.041147825894276,-7.53303802539966,-5.011992771886181,-2.5079029616774497,-7.612771392712517e-05,lower,0.1
263,phase1,lower,-10.0,4,-13.761376590836505,-10.040405360787348,-7.531018138397683,-5.011674375139551,-2.5071793638195006,-7.595585036362896e-05,lower,0.1
264,phase1,lower,-10.0,4,-13.761376590836505,-10.039534998813709,-7.52916819343319,-5.011309894411751,-2.5065254243303445,-7.556102104143264e-05,lower,0.1
265,phase1,lower,-10.0,4,-13.761376590836505,-10.038566323194594,-7.5274659139970534,-5.010910979689212,-2.505934341920687,-7.512368880952448e-05,lower,0.1
266,phase1,lower,-10.0,4,-13.761376590836505,-10.03752389359477,-7.5258926252364065,-5.010487545582331,-2.5054000481579846,-7.46471482110022e-05,lower,0.1
267,phase1,lower,-10.0,4,-13.761376590836505,-10.036427949192325,-7.524432596706483,-5.01004792967943,-2.504917069727994,-7.409610770615816e-05,lower,0.1
268,phase1,lower,-10.0,4,-13.761376590836505,-10.035295100440676,-7.52307255595306,-5.00959908731525,-2.5044804526266264,-7.343277480942486e-05,lower,0.1
269,phase1,lower,-10.0,4,-13.761376590836505,-10.034138935489244,-7.521801294110552,-5.009146776780469,-2.5040857073218277,-7.262569590183316e-05,lower,0.1
270,phase1,lower,-10.0,4,-13.761376590836505,-10.032970534477688,-7.520609335922856,-5.008695725098019,-2.5037287633728647,-7.165136635306324e-05,lower,0.1
271,phase1,lower,-10.0,4,-13.761376590836505,-10.031798900851923,-7.519488661121863,-5.00824977380035,-2.5034059299160982,-7.049394089509753e-05,lower,0.1
272,phase1,lower,-10.0,4,-13.761376590836505,-10.030631321425723,-7.518432468750272,-5.00781200636474,-2.5031138606119714,-6.914446822771829e-05,lower,0.1
273,phase1,lower,-10.0,4,-13.761376590836505,-10.029473666179582,-7.517434977935733,-5.007384859334919,-2.5028495222969065,-6.76000337355003e-05,lower,0.1
274,phase1,lower,-10.0,4,-13.761376590836505,-10.028330637385558,-7.516491259725768,-5.006970219063531,-2.5026101668140126,-6.586291620088124e-05,lower,0.1
275,phase1,lower,-10.0,4,-13.761376590836505,-10.02720597624416,-7.515597095398194,-5.00656950581668,-2.5209588093185067,0.004789830440493172,lower,0.1
276,phase1,lower,-10.0,4,-13.761376590836505,-10.02173424076312,-7.511696194351899,-5.005936373683648,-2.517426723459889,0.0011240523074882644,lower,0.1
277,phase1,lower,-10.0,4,-13.761376590836505,-10.019718789045259,-7.510467672052959,-5.0066790318099095,-2.5154289400395053,0.00016163720472842118,lower,0.1
278,phase1,lower,-10.0,4,-13.761376590836505,-10.018648203861773,-7.510051764055035,-5.007583034714777,-2.513940166545054,-8.285132966308676e-05,lower,0.1
279,phase1,lower,-10.0,4,-13.761376590836505,-10.017863126077795,-7.509923818060652,-5.008356610051369,-2.51267743035654,-0.00013716525386641595,lower,0.1
280,phase1,lower,-10.0,4,-13.761376590836505,-10.017192644004561,-7.50992022798106,-5.008949024499679,-2.5115561968106523,-0.00014156581368007963,lower,0.1
281,phase1,lower,-10.0,4,-13.761376590836505,-10.016592811634524,-7.509978454550894,-5.009369933520464,-2.5105456725398394,-0.00013330929053437715,lower,0.1
282,phase1,lower,-10.0,4,-13.761376590836505,-10.016051354287642,-7.510067030922929,-5.009641838334637,-2.509630235521329,-0.00012227111736536994,lower,0.1
283,phase1,lower,-10.0,4,-13.761376590836505,-10.0155629659568,-7.510166209978912,-5.009787866980881,-2.5087990878215245,-0.00011104904109934859,lower,0.1
284,phase1,lower,-10.0,4,-13.761376590836505,-10.015123234496,-7.510262192011855,-5.009828893201201,-2.508043420828478,-0.00010030726742785773,lower,0.1
285,phase1,lower,-10.0,4,-13.761376590836505,-10.014727406788271,-7.510345063422057,-5.009783091560882,-2.5073555865133104,-9.019718727785935e-05,lower,0.1
286,phase1,lower,-10.0,4,-13.761376590836505,-10.014370349920199,-7.510407807843005,-5.009666099686067,-2.5067288099494967,-8.073508843472457e-05,lower,0.1
287,phase1,lower,-10.0,4,-13.761376590836505,-10.01404675729207,-7.510445675356437,-5.009491306261568,-2.506157052826047,-7.190255575931342e-05,lower,0.1
288,phase1,lower,-10.0,4,-13.761376590836505,-10.01375136139869,-7.510455708802263,-5.009270141137278,-2.505634923429023,-6.367311832884494e-05,lower,0.1
289,phase1,upper,-15.0,2,-13.89654826760288,-10.01375136139869,-7.510455708802263,-5.009270141137278,-2.505634923429023,-0.00011746568094885275,lower,0.1
290,phase1,lower,-10.0,4,-13.89654826760288,-10.013527515251901,-7.5104233255653,-5.008957036706146,-2.5051646700755157,-0.0001103372333397713,lower,0.1
291,phase1,lower,-10.0,4,-13.89654826760288,-10.013316399793247,-7.510355644128024,-5.008621822853952,-2.504735731008305,-0.00010334377238331657,lower,0.1
292,phase1,lower,-10.0,4,-13.89654826760288,-10.01311333362187,-7.510254186415716,-5.008271312815981,-2.5043442167077363,-9.648532947631144e-05,lower,0.1
293,phase1,lower,-10.0,4,-13.89654826760288,-10.012914255697783,-7.510121026779102,-5.007911227502723,-2.503986608977424,-8.976559279080016e-05,lower,0.1
294,phase1,lower,-10.0,4,-13.89654826760288,-10.012715721839426,-7.509958624288278,-5.007546342809526,-2.50365972637804,-8.319110596526771e-05,lower,0.1
295,phase1,lower,-10.0,4,-13.89654826760288,-10.012514884079678,-7.509769686721427,-5.007180618640507,-2.503360692979675,-7.677053746576826e-05,lower,0.1
296,phase1,lower,-10.0,4,-13.89654826760288,-10.012309457827572,-7.509557061226332,-5.006817311808504,-2.503086910051632,-7.051402831461267e-05,lower,0.1
297,phase1,lower,-10.0,4,-13.89654826760288,-10.01209768079293,-7.50932364736223,-5.006459074725227,-2.502836030365439,-6.443261782852747e-05,lower,0.1
298,phase1,lower,-10.0,4,-13.89654826760288,-10.011878266805907,-7.509072328855633,-5.006108041574355,-2.5026059348327174,-5.853774439275226e-05,lower,0.1
299,phase1,lower,-10.0,4,-13.89654826760288,-10.011650356980832,-7.508805920942899,-5.005765903464145,-2.50239471123767,-5.28408172613267e-05,lower,0.1
300,phase1,lower,-10.0,4,-13.89654826760288,-10.011413470112572,-7.508527130636826,-5.005433973882604,-2.502200634855922,-4.735285487088668e-05,lower,0.1
301,phase1,lower,-10.0,4,-13.89654826760288,-10.011167453734382,-7.508238527654461,-5.005113245624808,-2.5020221507783815,-4.208418488621903e-05,lower,0.1
302,phase1,lower,-10.0,4,-13.89654826760288,-10.010912436892786,-7.507942524087327,-5.004804440226294,-2.501857857781492,-3.704420106639028e-05,lower,0.1
303,phase1,upper,-15.0,2,-14.017063528882701,-10.010912436892786,-7.507942524087327,-5.004804440226294,-2.501857857781492,1.923517175775626e-06,lower,0.1
304,phase1,lower,-10.0,4,-14.017063528882701,-10.010613714446782,-7.523121710238459,-4.999248569415945,-2.498024856624118,0.0028312542571011876,lower,0.1
305,phase1,upper,-15.0,2,-14.121933385145242,-10.010613714446782,-7.523121710238459,-4.999248569415945,-2.498024856624118,0.0014070193117772748,lower,0.1
306,phase1,lower,-10.0,4,-14.121933385145242,-10.01059819664535,-7.5199241141824285,-4.998591981815769,-2.497857653131255,0.00023968764880949786,lower,0.1
307,phase1,lower,-10.0,4,-14.121933385145242,-10.01131506951513,-7.517724034962439,-4.998509802845628,-2.4980826106007497,-5.8865074338447514e-05,lower,0.1
308,phase1,upper,-15.0,2,-14.217825436346608,-10.01131506951513,-7.517724034962439,-4.998509802845628,-2.4980826106007497,-0.00013550144682769244,lower,0.1
309,phase1,lower,-10.0,4,-14.217825436346608,-10.012077917362005,-7.515908211132466,-4.998581639030368,-2.4984353094875544,-0.00016498658600250254,lower,0.1
310,phase1,lower,-10.0,4,-14.217825436346608,-10.012609434666453,-7.514301327676975,-4.998688768778913,-2.4987545409941307,-0.0001644606254309395,lower,0.1
311,phase1,lower,-10.0,4,-14.217825436346608,-10.012926638530393,-7.512866089790964,-4.998810511678785,-2.499033993654314,-0.00015661119926520665,lower,0.1
312,phase1,lower,-10.0,4,-14.217825436346608,-10.013061533735788,-7.511581465464553,-4.998938368597725,-2.499275636644085,-0.0001473816378455627,lower,0.1
313,phase1,lower,-10.0,4,-14.217825436346608,-10.013046170382726,-7.5104315928762055,-4.999067705920925,-2.4994832467585355,-0.0001382755388188682,lower,0.1
314,phase1,lower,-10.0,4,-14.217825436346608,-10.012909160617012,-7.509402804652805,-4.999195444628278,-2.4996607239354747,-0.00012962677172034145,lower,0.1
315,phase1,upper,-15.0,2,-14.303400790195152,-10.012909160617012,-7.509402804652805,-4.999195444628278,-2.4996607239354747,-8.598541775679343e-05,lower,0.1
316,phase1,lower,-10.0,4,-14.303400790195152,-10.012635911896572,-7.508499094763137,-4.999351293610395,-2.49978859621363,-7.691869082371835e-05,lower,0.1
317,phase1,lower,-10.0,4,-14.303400790195152,-10.01229145700497,-7.50769315372936,-4.999497407679884,-2.499897014593738,-6.853010143128908e-05,lower,0.1
318,phase1,lower,-10.0,4,-14.303400790195152,-10.011893303768698,-7.506974784540189,-4.999633175610373,-2.4999880769955034,-6.0780486656103596e-05,lower,0.1
319,phase1,lower,-10.0,4,-14.303400790195152,-10.011456154283838,-7.506334707270055,-4.9997582155167395,-2.5000636936501555,-5.363042818272813e-05,lower,0.1
320,phase1,lower,-10.0,4,-14.303400790195152,-10.010992276967825,-7.505764490404284,-4.999872339593033,-2.500125601881815,-4.704240421053772e-05,lower,0.1
321,phase1,lower,-10.0,4,-14.303400790195152,-10.01051183647526,-7.505256487481216,-4.9999755239221875,-2.5001753804757967,-4.098123767685209e-05,lower,0.1
322,phase1,lower,-10.0,4,-14.303400790195152,-10.010023184689764,-7.504803777760923,-5.000067882104784,-2.5002144630731054,-3.541408228775571e-05,lower,0.1
323,phase1,lower,-10.0,4,-14.303400790195152,-10.009533116670939,-7.504400110460754,-5.000149642088162,-2.5002441504960577,-3.031028238388296e-05,lower,0.1
324,phase1,lower,-10.0,4,-14.303400790195152,-10.009047095304068,-7.50403985232468,-5.00022112578118,-2.5002656220358017,-2.564120054766497e-05,lower,0.1
325,phase1,lower,-10.0,4,-14.303400790195152,-10.008569448086623,-7.50371793835884,-5.000282731125215,-2.5002799457664304,-2.1380041319074984e-05,lower,0.1
326,phase1,lower,-10.0,4,-14.303400790195152,-10.008103539151032,-7.503429825587536,-5.0003349163416635,-2.5002880879586495,-1.7501680996482167e-05,lower,0.1
327,phase1,lower,-10.0,4,-14.303400790195152,-10.00765191930758,-7.50317144969369,-5.000378186113011,-2.500290921666464,-1.3982507822451702e-05,lower,0.1
328,phase1,lower,-10.0,4,-14.303400790195152,-10.007216456603233,-7.502939184413888,-5.0004130794847805,-2.500289234558134,-1.0800274710975727e-05,lower,0.1
329,phase1,lower,-10.0,4,-14.303400790195152,-10.006798449631539,-7.502729803562886,-5.000440159301539,-2.500283736059226,-7.933965596045318e-06,lower,0.1
330,phase1,lower,-10.0,4,-14.303400790195152,-10.006398725593709,-7.502540445566698,-5.000460003012403,-2.500275063871551,-5.363675798792174e-06,lower,0.1
331,phase1,lower,-10.0,4,-14.303400790195152,-10.006017724899227,-7.502368580387139,-5.000473194700853,-2.500263789927373,-3.0705063250005722e-06,lower,0.1
332,phase1,lower,-10.0,4,-14.303400790195152,-10.00565557390371,-7.50221197872427,-5.000480318210361,-2.5002504258337694,-1.0364716453409584e-06,lower,0.1
333,phase1,lower,-10.0,4,-14.303400790195152,-10.005312147210246,-7.502068683386547,-5.0004819512518335,-2.500235427857427,7.555797491221584e-07,lower,0.1
334,phase1,lower,-10.0,4,-14.303400790195152,-10.004987120806103,-7.501936982721676,-5.000478660391453,-2.500219201495687,2.322032906565135e-06,lower,0.1
335,phase1,lower,-10.0,4,-14.303400790195152,-10.004680017168043,-7.501815386004285,-5.0004709968283425,-2.5002021056753114,3.6785630993005026e-06,lower,0.1
336,phase1,lower,-10.0,4,-14.303400790195152,-10.004390243344877,-7.501702600679539,-5.000459492880964,-2.5001844566162785,4.840182712708767e-06,lower,0.1
337,phase1,lower,-10.0,4,-14.303400790195152,-10.004117122913902,-7.501597511364796,-5.000444659109336,-2.5001665313940515,5.8212794445993716e-06,lower,0.1
338,phase1,lower,-10.0,4,-14.303400790195152,-10.003859922607491,-7.501499160514325,-5.000426982007318,-2.50014857123009,6.6356469175772905e-06,lower,0.1
339,phase1,lower,-10.0,4,-14.303400790195152,-10.003617874315948,-7.501406730654993,-5.0004069222054435,-2.500130784537039,7.2965087768790135e-06,lower,0.1
340,phase1,lower,-10.0,4,-14.303400790195152,-10.003390193091954,-7.501319528103718,-5.000384913130248,-2.5001133497419383,7.816537299280145e-06,lower,0.1
341,phase1,lower,-10.0,4,-14.303400790195152,-10.00317609170956,-7.50123696808036,-5.000361360070862,-2.5000964179080114,8.207867475613079e-06,lower,0.1
342,phase1,lower,-10.0,4,-14.303400790195152,-10.002974792265912,-7.501158561132559,-5.000336639607881,-2.5000801151730636,8.48210745903771e-06,lower,0.1
343,phase1,lower,-10.0,4,-14.303400790195152,-10.002785535255864,-7.50108390079191,-5.000311099363321,-2.500064545020276,8.650346193708158e-06,lower,0.1
344,phase1,lower,-10.0,4,-14.303400790195152,-10.002607586497895,-7.501012652383709,-5.00028505803384,-2.5000497903951695,8.723158956954434e-06,lower,0.1
345,phase1,lower,-10.0,4,-14.303400790195152,-10.002440242243415,-7.500944542915368,-5.00025880567248,-2.5000359156807535,8.71061146807088e-06,lower,0.1
346,phase1,lower,-10.0,4,-14.303400790195152,-10.002282832760288,-7.500879351971412,-5.000232604186913,-2.500022968541334,8.622263134891079e-06,lower,0.1
347,phase1,upper,-15.0,2,-14.379580134649311,-10.002282832760288,-7.500879351971412,-5.000232604186913,-2.500022968541334,5.5028862541790625e-06,lower,0.1
348,phase1,lower,-10.0,4,-14.379580134649311,-10.002137532083772,-7.500804987149859,-5.000204020169417,-2.500021848439001,6.502631186583717e-06,lower,0.1
349,phase1,lower,-10.0,4,-14.379580134649311,-10.001998425222313,-7.500734981238576,-5.000178374497782,-2.5127669760836158,0.00665652219809388,lower,0.1
350,phase1,lower,-10.0,4,-14.379580134649311,-9.995881210845656,-7.496491141456764,-4.998498729754262,-2.5094279350039974,0.001604239695017183,lower,0.1
351,phase1,lower,-10.0,4,-14.379580134649311,-9.99449838818125,-7.495734110868849,-4.998948298312421,-2.5080535829200916,0.00027396166755838653,lower,0.1
352,phase1,lower,-10.0,4,-14.379580134649311,-9.99437539494921,-7.495946359966688,-4.999817167174121,-2.5072472428947874,-6.770869481618675e-05,lower,0.1
353,phase1,lower,-10.0,4,-14.379580134649311,-9.994593429276293,-7.496440366352219,-5.000670946719572,-2.5066326817803644,-0.00014733696012782848,lower,0.1
354,phase1,lower,-10.0,4,-14.379580134649311,-9.994910726248,-7.497018923014652,-5.0014116670005695,-2.5061054893256913,-0.00015802082005165116,lower,0.1
355,phase1,lower,-10.0,4,-14.379580134649311,-9.995263764662711,-7.507887990858281,-4.995415137359197,-2.5010293987365944,0.003433952886901486,lower,0.1
356,phase1,lower,-10.0,4,-14.379580134649311,-9.993435629684058,-7.50451318672723,-4.994525895464129,-2.5000230703816464,0.000622078675938498,lower,0.1
357,phase1,lower,-10.0,4,-14.379580134649311,-9.99398351458003,-7.503184693978384,-4.994936957029789,-2.5000466020834735,-0.00010980856132870544,lower,0.1
358,phase1,lower,-10.0,4,-14.379580134649311,-9.995002460225061,-7.502500461781121,-4.995638164949999,-2.50029823577965,-0.00029019908233847967,lower,0.1
359,phase1,lower,-10.0,4,-14.379580134649311,-9.996013439554773,-7.5020715961224935,-4.996363210159539,-2.500570510760324,-0.00032516761159041195,lower,0.1
360,phase1,lower,-10.0,4,-14.379580134649311,-9.996911906061976,-7.501780483185754,-4.997043794331138,-2.500813333062993,-0.0003224521742669906,lower,0.1
361,phase1,lower,-10.0,4,-14.379580134649311,-9.997688970731195,-7.501583397862738,-4.997664445640076,-2.501017875991683,-0.00031051363660247207,lower,0.1
362,phase1,lower,-10.0,4,-14.379580134649311,-9.998357875717293,-7.501457862117479,-4.998223852600792,-2.501185766085793,-0.00029676534946638015,lower,0.1
363,phase1,lower,-10.0,4,-14.379580134649311,-9.99893496317183,-7.501388493087001,-4.998724525650732,-2.501320939333724,-0.0002830499569282478,lower,0.1
364,phase1,lower,-10.0,4,-14.379580134649311,-9.999435061124583,-7.501363093991704,-4.999169999931937,-2.501427522084691,-0.000269751355469471,lower,0.1
365,phase1,lower,-10.0,4,-14.379580134649311,-9.999870640631217,-7.501371478776051,-4.999564052247099,-2.5015093112628364,-0.0002568855872498723,lower,0.1
366,phase1,lower,-10.0,4,-14.379580134649311,-10.000251921474225,-7.50140503399773,-4.9999104616677315,-2.5096630026840048,0.007620510218520678,lower,0.1
367,phase1,lower,-10.0,4,-14.379580134649311,-9.993508773529907,-7.502786083458541,-4.990328320164348,-2.501411503997652,0.005586218825188045,lower,0.1
368,phase1,lower,-10.0,4,-14.379580134649311,-9.989408907580101,-7.498067934451928,-4.9890018791372,-2.499756056184592,0.001032800751442803,lower,0.1
369,phase1,lower,-10.0,4,-14.379580134649311,-9.989345289590986,-7.496594496312978,-4.989770579396191,-2.4997746803359697,-0.00015285751009406636,lower,0.1
370,phase1,lower,-10.0,4,-14.379580134649311,-9.99020778202227,-7.496102652647804,-4.99100073643066,-2.500168360611232,-0.0004450540640056906,lower,0.1
371,phase1,lower,-10.0,4,-14.379580134649311,-9.99119781774243,-7.495968734793458,-4.992262472678904,-2.50060019145779,-0.0005012444141782267,lower,0.1
372,phase1,lower,-10.0,4,-14.379580134649311,-9.992126029420293,-7.496007696096541,-4.993446220398978,-2.500988127132266,-0.0004959586488241318,lower,0.1
373,phase1,upper,-15.0,2,-14.447943171763058,-9.992126029420293,-7.496007696096541,-4.993446220398978,-2.500988127132266,-0.0003637075649978234,lower,0.1
374,phase1,lower,-10.0,4,-14.447943171763058,-9.992841532896415,-7.49617928372377,-4.99462826052021,-2.501272866819057,-0.00033213532793627336,lower,0.1
375,phase1,lower,-10.0,4,-14.447943171763058,-9.993474229774293,-7.496427720385438,-4.995699198629948,-2.5015076138721044,-0.0003005103369822552,lower,0.1
376,phase1,lower,-10.0,4,-14.447943171763058,-9.99404003813869,-7.496734278758359,-4.996665057000632,-2.5016966174143422,-0.00027043628856098954,lower,0.1
377,phase1,lower,-10.0,4,-14.447943171763058,-9.994552854860363,-7.497083696206807,-4.997532313978981,-2.5018443880711705,-0.00024225612652322597,lower,0.1
378,phase1,lower,-10.0,4,-14.447943171763058,-9.995023969508878,-7.497463063517963,-4.99830733787166,-2.501955249103579,-0.00021598251610368006,lower,0.1
379,phase1,lower,-10.0,4,-14.447943171763058,-9.995462263174279,-7.497861366781797,-4.998996252649257,-2.5020332337105935,-0.0001915450062628753,lower,0.1
380,phase1,lower,-10.0,4,-14.447943171763058,-9.995874564040667,-7.49826922221115,-4.999604916049478,-2.5020820735114033,-0.00016885546940801082,lower,0.1
381,phase1,lower,-10.0,4,-14.447943171763058,-9.996265999780181,-7.4986786788920305,-5.00013892546223,-2.5021052103591774,-0.00014782518393660957,lower,0.1
382,phase1,lower,-10.0,4,-14.447943171763058,-9.99664031035691,-7.503679745783237,-4.993226884573512,-2.4970838412995353,0.003644848309593924,lower,0.1
383,phase1,lower,-10.0,4,-14.447943171763058,-9.994063890420907,-7.5003616765333145,-4.991989377316152,-2.4964586777960296,0.0005772980266490734,lower,0.1
384,phase1,lower,-10.0,4,-14.447943171763058,-9.994174100808165,-7.499205852225766,-4.992245627172811,-2.496908141461949,-0.00021325183750217985,lower,0.1
385,phase1,lower,-10.0,4,-14.447943171763058,-9.994869202603677,-7.498693431293463,-4.992878104042115,-2.4975598537239185,-0.0003999744728573916,lower,0.1
386,phase1,lower,-10.0,4,-14.447943171763058,-9.995611602498228,-7.498411755766808,-4.993585155712125,-2.498191414762826,-0.00042747629834221127,lower,0.1
387,phase1,lower,-10.0,4,-14.447943171763058,-9.996276346493593,-7.498242766212775,-4.994283333785447,-2.4987522179525503,-0.00041380309781810634,lower,0.1
388,phase1,lower,-10.0,4,-14.447943171763058,-9.996845411253547,-7.498147322980163,-4.994948287674074,-2.4992364250706682,-0.0003902143601706469,lower,0.1
389,phase1,lower,-10.0,4,-14.447943171763058,-9.997326795350363,-7.498107907780587,-4.995572273663532,-2.499649283994587,-0.0003649193052299234,lower,0.1
390,phase1,lower,-10.0,4,-14.447943171763058,-9.997733333968092,-7.498113405504682,-4.996152691683029,-2.503167752711197,0.007943541341315372,lower,0.1
391,phase1,lower,-10.0,4,-14.447943171763058,-9.990622153914568,-7.493105899373196,-4.9935724803948665,-2.5005772855732302,0.00178482465029077,lower,0.1
392,phase1,lower,-10.0,4,-14.447943171763058,-9.989264186275168,-7.492273562621533,-4.993778976154573,-2.500220667862675,0.00017901646386612416,lower,0.1
393,phase1,lower,-10.0,4,-14.447943171763058,-9.989404009092324,-7.492563993352774,-4.994645333655864,-2.5004064214077677,-0.00021871229988224737,lower,0.1
394,phase1,upper,-15.0,2,-14.508673122892992,-9.989404009092324,-7.492563993352774,-4.994645333655864,-2.5004064214077677,-0.0004325686231316152,lower,0.1
395,phase1,lower,-10.0,4,-14.508673122892992,-9.990109319279187,-7.493096454013495,-4.995489090077544,-2.5007933228610497,-0.0004576875025988754,lower,0.1
396,phase1,lower,-10.0,4,-14.508673122892992,-9.990819951504957,-7.493672995606591,-4.996283408232238,-2.5011304692199845,-0.00044153453294964345,lower,0.1
397,phase1,upper,-15.0,2,-14.563036450717453,-9.990819951504957,-7.493672995606591,-4.996283408232238,-2.5011304692199845,-0.00026888305760404353,lower,0.1
398,phase1,lower,-10.0,4,-14.563036450717453,-9.991347250666964,-7.4943267145684525,-5.267142215121764,-2.6903192006964125,-0.1472409410978316,lower,0.1
399,phase1,lower,-10.0,4,-14.563036450717453,-10.12416204404516,-7.641585001830829,-5.593826422693239,-2.903191361503311,-0.17469638943895027,lower,0.1
400,phase2,lower,-20.0,4,-14.563036450717453,-10.283131090318783,-8.8460610154803,-5.917157016636138,-3.0973337713348,-0.17029575166326372,lower,0.1
401,phase2,lower,-20.0,4,-14.563036450717453,-10.542690259331872,-9.977877228004367,-6.219718739526124,-3.2630884662108537,-0.1574888594931793,lower,0.1
402,phase2,lower,-20.0,4,-14.563036450717453,-10.877948929742983,-11.033761454254838,-6.495716576251028,-3.3995640603408077,-0.14263269044993238,lower,0.1
403,phase2,lower,-20.0,4,-14.563036450717453,-11.271899603599108,-12.01457544958448,-6.7428991180829065,-3.508228129881817,-0.1275193717706395,lower,0.1
404,phase2,upper,-15.0,2,-14.72588247065575,-11.271899603599108,-12.01457544958448,-6.7428991180829065,-3.508228129881817,-0.32324536968948214,lower,0.1
405,phase2,lower,-20.0,4,-14.72588247065575,-11.88708802091818,-12.921180740087062,-6.770870104501098,-3.5905579961772816,-0.30491827042221964,lower,0.1
406,phase2,lower,-20.0,4,-14.72588247065575,-12.514923736215065,-13.7247504038913,-6.791414868697322,-3.661265047562098,-0.28616246680596374,lower,0.1
407,phase2,lower,-20.0,4,-14.72588247065575,-13.143452623108058,-14.43474945201181,-6.804680407380098,-3.720151877091221,-0.26717279078054623,lower,0.1
408,phase2,lower,-20.0,4,-14.72588247065575,-13.763037817700923,-15.059887630803047,-6.810842062068546,-3.7672825212738443,-0.2481146706147052,lower,0.1
409,phase2,lower,-20.0,4,-14.72588247065575,-14.36602600256437,-15.608167832349086,-6.810107176130174,-3.8029255835614886,-0.22913381091634905,lower,0.1
410,phase2,lower,-20.0,4,-14.72588247065575,-14.946460615367556,-16.08693730764963,-6.802718470564394,-3.827508860456552,-0.21035954839688706,upper,0.1
411,phase2,upper,-15.0,2,-14.965051455895908,-14.946460615367556,-16.08693730764963,-6.802718470564394,-3.827508860456552,-0.03750854651147362,lower,0.1
412,phase2,lower,-20.0,4,-14.965051455895908,-15.344265976456091,-16.434302685791028,-6.764525732456833,-3.702141432586623,0.003753788554988438,upper,0.1
413,phase2,upper,-15.0,2,-14.994800363183995,-15.344265976456091,-16.434302685791028,-6.764525732456833,-3.702141432586623,0.010715692595867621,upper,0.1
414,phase2,upper,-15.0,2,-15.012095045193723,-15.344265976456091,-16.434302685791028,-6.764525732456833,-3.702141432586623,0.013759695024606965,upper,0.1
415,phase2,upper,-15.0,2,-15.021514633221155,-15.344265976456091,-16.434302685791028,-6.764525732456833,-3.702141432586623,0.014676203695566298,upper,0.1
416,phase2,upper,-15.0,2,-15.025854176205842,-15.344265976456091,-16.434302685791028,-6.764525732456833,-3.702141432586623,-0.1663359190620957,upper,0.1
417,phase2,upper,-15.0,2,-15.20209546548695,-15.344265976456091,-16.434302685791028,-6.764525732456833,-3.702141432586623,-0.015152990616950975,upper,0.1
418,phase2,upper,-15.0,2,-15.228205686849432,-15.344265976456091,-16.434302685791028,-6.764525732456833,-3.702141432586623,-0.00015915547642220314,upper,0.1
419,phase2,upper,-15.0,2,-15.235711151894746,-15.344265976456091,-16.434302685791028,-6.764525732456833,-3.702141432586623,0.007224333635088887,upper,0.1
420,phase2,upper,-15.0,2,-15.232577082508687,-15.344265976456091,-16.434302685791028,-6.764525732456833,-3.702141432586623,0.010477612126663201,upper,0.1
421,phase2,upper,-15.0,2,-15.223411699853465,-15.344265976456091,-16.434302685791028,-6.764525732456833,-3.702141432586623,0.011516218665112314,upper,0.1
422,phase2,upper,-15.0,2,-15.210929174864038,-15.344265976456091,-16.434302685791028,-6.764525732456833,-3.702141432586623,0.011394386052195778,upper,0.1
423,phase2,upper,-15.0,2,-15.196761264482905,-15.344265976456091,-16.434302685791028,-6.764525732456833,-3.702141432586623,0.010691750328930395,upper,0.1
424,phase2,upper,-15.0,2,-15.181910114704671,-15.344265976456091,-16.434302685791028,-6.764525732456833,-3.702141432586623,0.009726092366211195,upper,0.1
425,phase2,upper,-15.0,2,-15.167003013986475,-15.344265976456091,-16.434302685791028,-6.764525732456833,-3.702141432586623,0.008670464379690688,upper,0.1
426,phase2,upper,-15.0,2,-15.152437523411672,-15.344265976456091,-16.434302685791028,-6.764525732456833,-3.702141432586623,0.007617750236515963,upper,0.1
427,phase2,upper,-15.0,2,-15.138465652303935,-15.344265976456091,-16.434302685791028,-6.764525732456833,-3.702141432586623,0.006616313519549586,upper,0.1
428,phase2,upper,-15.0,2,-15.12524389937695,-15.344265976456091,-16.434302685791028,-6.764525732456833,-3.702141432586623,0.005689732088314228,upper,0.1
429,phase2,upper,-15.0,2,-15.112863969666371,-15.344265976456091,-16.434302685791028,-6.764525732456833,-3.702141432586623,0.004847763929321285,upper,0.1
430,phase2,upper,-15.0,2,-15.101372372956211,-15.344265976456091,-16.434302685791028,-6.764525732456833,-3.702141432586623,0.004092472805887001,upper,0.1
431,phase2,upper,-15.0,2,-15.090783474645907,-15.344265976456091,-16.434302685791028,-6.764525732456833,-3.702141432586623,0.0034216749863973032,upper,0.1
432,phase2,upper,-15.0,2,-15.081088567053188,-15.344265976456091,-16.434302685791028,-6.764525732456833,-3.702141432586623,0.002830897170427833,upper,0.1
433,phase2,upper,-15.0,2,-15.072262423016307,-15.344265976456091,-16.434302685791028,-6.764525732456833,-3.702141432586623,0.0023145019219668692,upper,0.1
434,phase2,upper,-15.0,2,-15.064268180586144,-15.344265976456091,-16.434302685791028,-6.764525732456833,-3.702141432586623,0.0018663433903930173,upper,0.1
435,phase2,upper,-15.0,2,-15.057061065780893,-15.344265976456091,-16.434302685791028,-6.764525732456833,-3.702141432586623,0.0014801545917472502,upper,0.1
436,phase2,upper,-15.0,2,-15.050591267964123,-15.344265976456091,-16.434302685791028,-6.764525732456833,-3.702141432586623,0.001149778560950954,upper,0.1
437,phase2,upper,-15.0,2,-15.04480617245586,-15.344265976456091,-16.434302685791028,-6.764525732456833,-3.702141432586623,0.0008693065970616139,upper,0.1
438,phase2,upper,-15.0,2,-15.039652090708694,-15.344265976456091,-16.434302685791028,-6.764525732456833,-3.702141432586623,0.0006331596588861797,upper,0.1
439,phase2,upper,-15.0,2,-15.0350755895526,-15.344265976456091,-16.434302685791028,-6.764525732456833,-3.702141432586623,0.00043613386597736524,upper,0.1
440,phase2,upper,-15.0,2,-15.031024496506046,-15.344265976456091,-16.434302685791028,-6.764525732456833,-3.702141432586623,0.0002734226020533878,upper,0.1
441,phase2,upper,-15.0,2,-15.027448641834667,-15.344265976456091,-16.434302685791028,-6.764525732456833,-3.702141432586623,0.00014062292680722057,upper,0.1
442,phase2,upper,-15.0,2,-15.024300386523215,-15.344265976456091,-16.434302685791028,-6.764525732456833,-3.702141432586623,3.373124124020116e-05,upper,0.1
443,phase2,upper,-15.0,2,-15.021534976728653,-15.344265976456091,-16.434302685791028,-6.764525732456833,-3.702141432586623,-5.086847910764107e-05,upper,0.1
444,phase2,upper,-15.0,2,-15.019110758546049,-15.344265976456091,-16.434302685791028,-6.764525732456833,-3.702141432586623,-0.00011642156496977606,upper,0.1
445,phase2,upper,-15.0,2,-15.016989281443358,-15.344265976456091,-16.434302685791028,-6.764525732456833,-3.702141432586623,-0.0001658229653885892,upper,0.1
446,phase2,upper,-15.0,2,-15.015135314155115,-15.344265976456091,-16.434302685791028,-6.764525732456833,-3.702141432586623,-0.00020163973360480308,upper,0.1
447,phase2,upper,-15.0,2,-15.013516792955606,-15.344265976456091,-16.434302685791028,-6.764525732456833,-3.702141432586623,-0.0002261347292652842,upper,0.1
448,phase2,upper,-15.0,2,-15.012104718923606,-15.344265976456091,-16.434302685791028,-6.764525732456833,-3.702141432586623,-0.0002412908008977067,upper,0.1
449,phase2,upper,-15.0,2,-15.010873017970077,-15.344265976456091,-16.434302685791028,-6.764525732456833,-3.702141432586623,-0.0002488348826775857,upper,0.1
450,phase2,upper,-15.0,2,-15.0097983749599,-15.344265976456091,-16.434302685791028,-6.764525732456833,-3.702141432586623,-0.00025026157389948327,upper,0.1
451,phase2,upper,-15.0,2,-15.008860051165534,-15.344265976456091,-16.434302685791028,-6.764525732456833,-3.702141432586623,-0.0002468558777537756,upper,0.1
452,phase2,upper,-15.0,2,-15.00803969250084,-15.344265976456091,-16.434302685791028,-6.764525732456833,-3.702141432586623,-0.00023971486400182473,upper,0.1
453,phase2,upper,-15.0,2,-15.00732113445981,-15.344265976456091,-16.434302685791028,-6.764525732456833,-3.702141432586623,-0.00022976809196655784,upper,0.1
454,phase2,upper,-15.0,2,-15.006690208394955,-15.344265976456091,-16.434302685791028,-6.764525732456833,-3.702141432586623,-0.00021779668878460783,upper,0.1
455,phase2,upper,-15.0,2,-15.006134552684493,-15.344265976456091,-16.434302685791028,-6.764525732456833,-3.702141432586623,-0.00020445102527865154,upper,0.1
456,phase2,upper,-15.0,2,-15.005643431430183,-15.344265976456091,-16.434302685791028,-6.764525732456833,-3.702141432586623,-0.0001902669698430881,upper,0.1
457,phase2,upper,-15.0,2,-15.005207562575636,-15.344265976456091,-16.434302685791028,-6.764525732456833,-3.702141432586623,-0.00017568073083407934,upper,0.1
458,phase2,upper,-15.0,2,-15.00481895671707,-15.344265976456091,-16.434302685791028,-6.764525732456833,-3.702141432586623,-0.00016104232133270873,upper,0.1
459,phase2,upper,-15.0,2,-15.004470767376386,-15.344265976456091,-16.434302685791028,-6.764525732456833,-3.702141432586623,-0.00014662769786436252,upper,0.1
460,phase2,upper,-15.0,2,-15.004157153103405,-15.344265976456091,-16.434302685791028,-6.764525732456833,-3.702141432586623,-0.00013264963761828484,upper,0.1
461,phase2,upper,-15.0,2,-15.00387315145556,-15.344265976456091,-16.434302685791028,-6.764525732456833,-3.702141432586623,-0.00011926742771434553,upper,0.1
462,phase2,upper,-15.0,2,-15.003614564656155,-15.344265976456091,-16.434302685791028,-6.764525732456833,-3.702141432586623,-0.00010659544580180313,upper,0.1
463,phase2,upper,-15.0,2,-15.00337785654529,-15.344265976456091,-16.434302685791028,-6.764525732456833,-3.702141432586623,-9.471071434251772e-05,upper,0.1
464,phase2,upper,-15.0,2,-15.003160060300527,-15.344265976456091,-16.434302685791028,-6.764525732456833,-3.702141432586623,-8.36595118524547e-05,upper,0.1
465,phase2,upper,-15.0,2,-15.002958696308825,-15.344265976456091,-16.434302685791028,-6.764525732456833,-3.702141432586623,-7.346312359013067e-05,upper,0.1
466,phase2,upper,-15.0,2,-15.002771699509601,-15.344265976456091,-16.434302685791028,-6.764525732456833,-3.702141432586623,-6.412281207113251e-05,upper,0.1
467,phase2,upper,-15.0,2,-15.002597355494522,-15.344265976456091,-16.434302685791028,-6.764525732456833,-3.702141432586623,-5.562408467734578e-05,upper,0.1
468,phase2,lower,-20.0,4,-15.002597355494522,-15.703319709065793,-16.717378193908278,-6.708330448768419,-3.581974511202801,-4.103590449320045e-05,upper,0.1
469,phase2,upper,-15.0,2,-15.002421115275144,-15.703319709065793,-16.717378193908278,-6.708330448768419,-3.581974511202801,-3.486869635712931e-05,upper,0.1
470,phase2,upper,-15.0,2,-15.002256459076756,-15.703319709065793,-16.717378193908278,-6.708330448768419,-3.581974511202801,-2.939228872063962e-05,upper,0.1
471,phase2,upper,-15.0,2,-15.002102387411497,-15.703319709065793,-16.717378193908278,-6.708330448768419,-3.581974511202801,-2.4557714344088692e-05,upper,0.1
472,phase2,upper,-15.0,2,-15.001958046497396,-15.703319709065793,-16.717378193908278,-6.708330448768419,-3.581974511202801,-2.0314889224679468e-05,upper,0.1
473,phase2,upper,-15.0,2,-15.001822702837677,-15.703319709065793,-16.717378193908278,-6.708330448768419,-3.581974511202801,-1.6613757807821877e-05,upper,0.1
474,phase2,upper,-15.0,2,-15.001695721770009,-15.703319709065793,-16.717378193908278,-6.708330448768419,-3.581974511202801,-1.340519228979527e-05,upper,0.1
475,phase2,upper,-15.0,2,-15.001576549479749,-15.703319709065793,-16.717378193908278,-6.708330448768419,-3.581974511202801,-1.0641682437589758e-05,upper,0.1
476,phase2,upper,-15.0,2,-15.001464698018626,-15.703319709065793,-16.717378193908278,-6.708330448768419,-3.581974511202801,-8.277848337165705e-06,upper,0.1
477,phase2,upper,-15.0,2,-15.001359732916034,-15.703319709065793,-16.717378193908278,-6.708330448768419,-3.581974511202801,-6.270804737592247e-06,upper,0.1
478,phase2,upper,-15.0,2,-15.001261263013424,-15.703319709065793,-16.717378193908278,-6.708330448768419,-3.581974511202801,-4.58040220072752e-06,upper,0.1
479,phase2,upper,-15.0,2,-15.001168932193192,-15.703319709065793,-16.717378193908278,-6.708330448768419,-3.581974511202801,-3.1693670930023493e-06,upper,0.1
480,phase2,upper,-15.0,2,-15.001082412711437,-15.703319709065793,-16.717378193908278,-6.708330448768419,-3.581974511202801,-2.003359562424564e-06,upper,0.1
481,phase2,upper,-15.0,2,-15.00100139987908,-15.703319709065793,-16.717378193908278,-6.708330448768419,-3.581974511202801,-1.0509660266553197e-06,upper,0.1
482,phase2,upper,-15.0,2,-15.00092560786805,-15.703319709065793,-16.717378193908278,-6.708330448768419,-3.581974511202801,-2.836403408536486e-07,upper,0.1
483,phase2,upper,-15.0,2,-15.000854766448525,-15.703319709065793,-16.717378193908278,-6.708330448768419,-3.581974511202801,3.243942940982275e-07,upper,0.1
484,phase2,lower,-20.0,4,-15.000854766448525,-16.054725265595177,-16.966475614472216,-6.645694138366611,-3.4737785597624513,1.1526344074846538e-06,upper,0.1
485,phase2,upper,-15.0,2,-15.000787873073548,-16.054725265595177,-16.966475614472216,-6.645694138366611,-3.4737785597624513,1.4117868740807733e-06,upper,0.1
486,phase2,upper,-15.0,2,-15.00072556635125,-16.054725265595177,-16.966475614472216,-6.645694138366611,-3.4737785597624513,1.5898722867571097e-06,upper,0.1
487,phase2,upper,-15.0,2,-15.000667600783931,-16.054725265595177,-16.966475614472216,-6.645694138366611,-3.4737785597624513,1.701040397352069e-06,upper,0.1
488,phase2,upper,-15.0,2,-15.000613737853168,-16.054725265595177,-16.966475614472216,-6.645694138366611,-3.4737785597624513,1.7576193597221622e-06,upper,0.1
489,phase2,upper,-15.0,2,-15.00056374615599,-16.054725265595177,-16.966475614472216,-6.645694138366611,-3.4737785597624513,1.7702830691368269e-06,upper,0.1
490,phase2,upper,-15.0,2,-15.000517401590725,-16.054725265595177,-16.966475614472216,-6.645694138366611,-3.4737785597624513,1.7482125664888065e-06,upper,0.1
491,phase2,upper,-15.0,2,-15.000474487563837,-16.054725265595177,-16.966475614472216,-6.645694138366611,-3.4737785597624513,1.6992498596727734e-06,upper,0.1
492,phase2,upper,-15.0,2,-15.000434795195673,-16.054725265595177,-16.966475614472216,-6.645694138366611,-3.4737785597624513,1.630043004542507e-06,upper,0.1
493,phase2,upper,-15.0,2,-15.000398123508655,-16.054725265595177,-16.966475614472216,-6.645694138366611,-3.4737785597624513,1.5461816941988901e-06,upper,0.1
494,phase2,upper,-15.0,2,-15.000364279586094,-16.054725265595177,-16.966475614472216,-6.645694138366611,-3.4737785597624513,1.452322937775239e-06,upper,0.1
495,phase2,upper,-15.0,2,-15.000333078693648,-16.054725265595177,-16.966475614472216,-6.645694138366611,-3.4737785597624513,1.3523066793588685e-06,upper,0.1
496,phase2,upper,-15.0,2,-15.000304344358558,-16.054725265595177,-16.966475614472216,-6.645694138366611,-3.4737785597624513,1.2492614210695374e-06,upper,0.1
497,phase2,upper,-15.0,2,-15.000277908404323,-16.054725265595177,-16.966475614472216,-6.645694138366611,-3.4737785597624513,1.145700082123198e-06,upper,0.1
498,phase2,upper,-15.0,2,-15.000253610940469,-16.054725265595177,-16.966475614472216,-6.645694138366611,-3.4737785597624513,1.0436064515084513e-06,upper,0.1
499,phase2,upper,-15.0,2,-15.000231300308549,-16.054725265595177,-16.966475614472216,-6.645694138366611,-3.4737785597624513,9.445126870564435e-07,upper,0.1
500,phase2,upper,-15.0,2,-15.000210832986717,-16.054725265595177,-16.966475614472216,-6.645694138366611,-3.4737785597624513,8.495683766730069e-07,upper,0.1
501,phase2,upper,-15.0,2,-15.000192073455977,-16.054725265595177,-16.966475614472216,-6.645694138366611,-3.4737785597624513,7.596017212729961e-07,upper,0.1
502,phase2,upper,-15.0,2,-15.000174894031833,-16.054725265595177,-16.966475614472216,-6.645694138366611,-3.4737785597624513,6.751734209561934e-07,upper,0.1
503,phase2,upper,-15.0,2,-15.000159174665333,-16.054725265595177,-16.966475614472216,-6.645694138366611,-3.4737785597624513,5.966238526218471e-07,upper,0.1
504,phase2,upper,-15.0,2,-15.000144802717736,-16.054725265595177,-16.966475614472216,-6.645694138366611,-3.4737785597624513,5.241141239796951e-07,upper,0.1
505,phase2,upper,-15.0,2,-15.000131672712978,-16.054725265595177,-16.966475614472216,-6.645694138366611,-3.4737785597624513,4.576615729582875e-07,upper,0.1
506,phase2,upper,-15.0,2,-15.000119686072095,-16.054725265595177,-16.966475614472216,-6.645694138366611,-3.4737785597624513,3.9717026085206484e-07,upper,0.1
507,phase2,lower,-20.0,4,-15.000119686072095,-16.395899943029647,-17.184397087706017,-6.578502272294913,-3.3764003671275757,2.932732699548697e-07,upper,0.1
508,phase2,upper,-15.0,2,-15.000108844340808,-16.395899943029647,-17.184397087706017,-6.578502272294913,-3.3764003671275757,2.493238889972047e-07,upper,0.1
509,phase2,upper,-15.0,2,-15.000098957537066,-16.395899943029647,-17.184397087706017,-6.578502272294913,-3.3764003671275757,2.1028218338944598e-07,upper,0.1
510,phase2,upper,-15.0,2,-15.00008994627079,-16.395899943029647,-17.184397087706017,-6.578502272294913,-3.3764003671275757,1.7580272435727197e-07,upper,0.1
511,phase2,upper,-15.0,2,-15.000081737041652,-16.395899943029647,-17.184397087706017,-6.578502272294913,-3.3764003671275757,1.4553157995278513e-07,upper,0.1
512,phase2,upper,-15.0,2,-15.000074261899545,-16.395899943029647,-17.184397087706017,-6.578502272294913,-3.3764003671275757,1.1911453876901431e-07,upper,0.1
513,phase2,upper,-15.0,2,-15.000067458111662,-16.395899943029647,-17.184397087706017,-6.578502272294913,-3.3764003671275757,9.62035768050929e-08,upper,0.1
514,phase2,upper,-15.0,2,-15.000061267838,-16.395899943029647,-17.184397087706017,-6.578502272294913,-3.3764003671275757,7.646182671795539e-08,upper,0.1
515,phase2,upper,-15.0,2,-15.000055637816793,-16.395899943029647,-17.184397087706017,-6.578502272294913,-3.3764003671275757,5.9567280349698297e-08,upper,0.1
516,phase2,upper,-15.0,2,-15.000050519061078,-16.395899943029647,-17.184397087706017,-6.578502272294913,-3.3764003671275757,4.521542907583416e-08,upper,0.1
517,phase2,upper,-15.0,2,-15.000045866567294,-16.395899943029647,-17.184397087706017,-6.578502272294913,-3.3764003671275757,3.312102214298755e-08,upper,0.1
518,phase2,upper,-15.0,2,-15.00004163903661,-16.395899943029647,-17.184397087706017,-6.578502272294913,-3.3764003671275757,2.3019099482730943e-08,upper,0.1
519,phase2,upper,-15.0,2,-15.00003779860945,-16.395899943029647,-17.184397087706017,-6.578502272294913,-3.3764003671275757,1.4665436567337625e-08,upper,0.1
520,phase2,upper,-15.0,2,-15.000034310613458,-16.395899943029647,-17.184397087706017,-6.578502272294913,-3.3764003671275757,7.836518629421545e-09,upper,0.1
521,phase2,upper,-15.0,2,-15.000031143325037,-16.395899943029647,-17.184397087706017,-6.578502272294913,-3.3764003671275757,2.3291459671790225e-09,upper,0.1
522,phase2,upper,-15.0,2,-15.000028267744412,-16.395899943029647,-17.184397087706017,-6.578502272294913,-3.3764003671275757,-2.0402436846998655e-09,upper,0.1
523,phase2,upper,-15.0,2,-15.000025657384061,-16.395899943029647,-17.184397087706017,-6.578502272294913,-3.3764003671275757,-5.436462831486926e-09,upper,0.1
524,phase2,upper,-15.0,2,-15.000023288070263,-16.395899943029647,-17.184397087706017,-6.578502272294913,-3.3764003671275757,-8.00661072269461e-09,upper,0.1
525,phase2,upper,-15.0,2,-15.000021137757418,-16.395899943029647,-17.184397087706017,-6.578502272294913,-3.3764003671275757,-9.881208305571435e-09,upper,0.1
526,phase2,upper,-15.0,2,-15.000019186354734,-16.395899943029647,-17.184397087706017,-6.578502272294913,-3.3764003671275757,-1.1175389678772847e-08,upper,0.1
527,phase2,upper,-15.0,2,-15.000017415564823,-16.395899943029647,-17.184397087706017,-6.578502272294913,-3.3764003671275757,-1.1990116648117408e-08,upper,0.1
528,phase2,upper,-15.0,2,-15.000015808733705,-16.395899943029647,-17.184397087706017,-6.578502272294913,-3.3764003671275757,-1.2413389353229501e-08,upper,0.1
529,phase2,upper,-15.0,2,-15.000014350711703,-16.395899943029647,-17.184397087706017,-6.578502272294913,-3.3764003671275757,-1.252143200062251e-08,upper,0.1
530,phase2,upper,-15.0,2,-15.00001302772468,-16.395899943029647,-17.184397087706017,-6.578502272294913,-3.3764003671275757,-1.2379837406129642e-08,upper,0.1
531,phase2,lower,-20.0,4,-15.00001302772468,-16.724749668639138,-17.37380761133912,-6.5082920926183725,-3.2887603362010753,-1.1563439206410028e-08,upper,0.1
532,phase2,upper,-15.0,2,-15.000011826520295,-16.724749668639138,-17.37380761133912,-6.5082920926183725,-3.2887603362010753,-1.0976176908160374e-08,upper,0.1
533,phase2,upper,-15.0,2,-15.000010736407962,-16.724749668639138,-17.37380761133912,-6.5082920926183725,-3.2887603362010753,-1.0316216667235792e-08,upper,0.1
534,phase2,upper,-15.0,2,-15.000009747081448,-16.724749668639138,-17.37380761133912,-6.5082920926183725,-3.2887603362010753,-9.611073463718665e-09,upper,0.1
535,phase2,upper,-15.0,2,-15.000008849187642,-16.724749668639138,-17.37380761133912,-6.5082920926183725,-3.2887603362010753,-8.88318355279218e-09,upper,0.1
536,phase2,upper,-15.0,2,-15.000008034240146,-16.724749668639138,-17.37380761133912,-6.5082920926183725,-3.2887603362010753,-8.150587007033552e-09,upper,0.1
537,phase2,upper,-15.0,2,-15.000007294540307,-16.724749668639138,-17.37380761133912,-6.5082920926183725,-3.2887603362010753,-7.427543473112205e-09,upper,0.1
538,phase2,upper,-15.0,2,-15.000006623105099,-16.724749668639138,-17.37380761133912,-6.5082920926183725,-3.2887603362010753,-6.725084300266477e-09,upper,0.1
539,phase2,upper,-15.0,2,-15.000006013601334,-16.724749668639138,-17.37380761133912,-6.5082920926183725,-3.2887603362010753,-6.051504647357595e-09,upper,0.1
540,phase2,upper,-15.0,2,-15.000005460285708,-16.724749668639138,-17.37380761133912,-6.5082920926183725,-3.2887603362010753,-5.412799920431542e-09,upper,0.1
541,phase2,upper,-15.0,2,-15.000004957950175,-16.724749668639138,-17.37380761133912,-6.5082920926183725,-3.2887603362010753,-4.813049928230929e-09,upper,0.1
542,phase2,upper,-15.0,2,-15.000004501872251,-16.724749668639138,-17.37380761133912,-6.5082920926183725,-3.2887603362010753,-4.254755735514424e-09,upper,0.1
543,phase2,upper,-15.0,2,-15.000004087769806,-16.724749668639138,-17.37380761133912,-6.5082920926183725,-3.2887603362010753,-3.739132578907671e-09,upper,0.1
544,phase2,upper,-15.0,2,-15.000003711759986,-16.724749668639138,-17.37380761133912,-6.5082920926183725,-3.2887603362010753,-3.2663634969316924e-09,upper,0.1
545,phase2,upper,-15.0,2,-15.000003370321892,-16.724749668639138,-17.37380761133912,-6.5082920926183725,-3.2887603362010753,-2.8358171685433526e-09,upper,0.1
546,phase2,upper,-15.0,2,-15.000003060262703,-16.724749668639138,-17.37380761133912,-6.5082920926183725,-3.2887603362010753,-2.4462338599953e-09,upper,0.1
547,phase2,upper,-15.0,2,-15.00000277868693,-16.724749668639138,-17.37380761133912,-6.5082920926183725,-3.2887603362010753,-2.0958827711502705e-09,upper,0.1
548,phase2,upper,-15.0,2,-15.000002522968536,-16.724749668639138,-17.37380761133912,-6.5082920926183725,-3.2887603362010753,-1.7826943283584595e-09,upper,0.1
549,phase2,upper,-15.0,2,-15.000002290725657,-16.724749668639138,-17.37380761133912,-6.5082920926183725,-3.2887603362010753,-1.504370342370325e-09,upper,0.1
550,phase2,upper,-15.0,2,-15.00000207979768,-16.724749668639138,-17.37380761133912,-6.5082920926183725,-3.2887603362010753,-1.2584744179044644e-09,upper,0.1
551,phase2,upper,-15.0,2,-15.000001888224485,-16.724749668639138,-17.37380761133912,-6.5082920926183725,-3.2887603362010753,-0.16090268684696127,upper,0.1
552,phase2,upper,-15.0,2,-15.156944258544586,-16.724749668639138,-17.37380761133912,-6.5082920926183725,-3.2887603362010753,-0.012937887334729267,upper,0.1
553,phase2,upper,-15.0,2,-15.169793766805489,-16.724749668639138,-17.37380761133912,-6.5082920926183725,-3.2887603362010753,-0.006339565219870488,upper,0.1
554,phase2,upper,-15.0,2,-15.17454493774912,-16.724749668639138,-17.37380761133912,-6.5082920926183725,-3.2887603362010753,-0.0027885034399728224,upper,0.1
555,phase2,upper,-15.0,2,-15.174412503049385,-16.724749668639138,-17.37380761133912,-6.5082920926183725,-3.2887603362010753,-0.0009082404222971067,upper,0.1
556,phase2,upper,-15.0,2,-15.171279944792348,-16.724749668639138,-17.37380761133912,-6.5082920926183725,-3.2887603362010753,5.798279729001205e-05,upper,0.1
557,phase2,upper,-15.0,2,-15.166279637514174,-16.724749668639138,-17.37380761133912,-6.5082920926183725,-3.2887603362010753,0.0005262881938516724,upper,0.1
558,phase2,upper,-15.0,2,-15.160114349057736,-16.724749668639138,-17.37380761133912,-6.5082920926183725,-3.2887603362010753,0.0007255044968310835,upper,0.1
559,phase2,upper,-15.0,2,-15.153236300835303,-16.724749668639138,-17.37380761133912,-6.5082920926183725,-3.2887603362010753,0.000781439036666504,upper,0.1
560,phase2,upper,-15.0,2,-15.145947664448828,-16.724749668639138,-17.37380761133912,-6.5082920926183725,-3.2887603362010753,0.0007631997205112769,upper,0.1
561,phase2,upper,-15.0,2,-15.138457622594723,-16.724749668639138,-17.37380761133912,-6.5082920926183725,-3.2887603362010753,0.0007086649433615602,upper,0.1
562,phase2,upper,-15.0,2,-15.13091532464601,-16.724749668639138,-17.37380761133912,-6.5082920926183725,-3.2887603362010753,0.000638494783512569,upper,0.1
563,phase2,upper,-15.0,2,-15.123429385241883,-16.724749668639138,-17.37380761133912,-6.5082920926183725,-3.2887603362010753,0.0005638442370599805,upper,0.1
564,phase2,upper,-15.0,2,-15.11607980147983,-16.724749668639138,-17.37380761133912,-6.5082920926183725,-3.2887603362010753,0.0004906139757302585,upper,0.1
565,phase2,upper,-15.0,2,-15.108925539522888,-16.724749668639138,-17.37380761133912,-6.5082920926183725,-3.2887603362010753,0.0004217966609083755,upper,0.1
566,phase2,upper,-15.0,2,-15.102009596938677,-16.724749668639138,-17.37380761133912,-6.5082920926183725,-3.2887603362010753,0.0003587750318445002,upper,0.1
567,phase2,upper,-15.0,2,-15.09536255125027,-16.724749668639138,-17.37380761133912,-6.5082920926183725,-3.2887603362010753,0.00030204240690989194,upper,0.1
568,phase2,upper,-15.0,2,-15.089005165922442,-16.724749668639138,-17.37380761133912,-6.5082920926183725,-3.2887603362010753,0.00025160438775021627,upper,0.1
569,phase2,upper,-15.0,2,-15.082950381851015,-16.724749668639138,-17.37380761133912,-6.5082920926183725,-3.2887603362010753,0.00020720414967860578,upper,0.1
570,phase2,upper,-15.0,2,-15.077204887188048,-16.724749668639138,-17.37380761133912,-6.5082920926183725,-3.2887603362010753,0.0001684497293059996,upper,0.1
571,phase2,upper,-15.0,2,-15.071770382560661,-16.724749668639138,-17.37380761133912,-6.5082920926183725,-3.2887603362010753,0.0001348865550146529,upper,0.1
572,phase2,upper,-15.0,2,-15.066644615788313,-16.724749668639138,-17.37380761133912,-6.5082920926183725,-3.2887603362010753,0.0001060391275287217,upper,0.1
573,phase2,upper,-15.0,2,-15.061822235423271,-16.724749668639138,-17.37380761133912,-6.5082920926183725,-3.2887603362010753,8.143511583958926e-05,upper,0.1
574,phase2,upper,-15.0,2,-15.057295497771209,-16.724749668639138,-17.37380761133912,-6.5082920926183725,-3.2887603362010753,6.0619270743364424e-05,upper,0.1
575,phase2,upper,-15.0,2,-15.05305485305221,-16.724749668639138,-17.37380761133912,-6.5082920926183725,-3.2887603362010753,4.316132216401475e-05,upper,0.1
576,phase2,upper,-15.0,2,-15.049089430586369,-16.724749668639138,-17.37380761133912,-6.5082920926183725,-3.2887603362010753,2.8660234929130416e-05,upper,0.1
577,phase2,upper,-15.0,2,-15.045387438975606,-16.724749668639138,-17.37380761133912,-6.5082920926183725,-3.2887603362010753,1.6746201150192747e-05,upper,0.1
578,phase2,upper,-15.0,2,-15.041936494449464,-16.724749668639138,-17.37380761133912,-6.5082920926183725,-3.2887603362010753,7.081188892227735e-06,upper,0.1
579,phase2,upper,-15.0,2,-15.038723888424158,-16.724749668639138,-17.37380761133912,-6.5082920926183725,-3.2887603362010753,-6.414497704286472e-07,upper,0.1
580,phase2,upper,-15.0,2,-15.035736803650487,-16.724749668639138,-17.37380761133912,-6.5082920926183725,-3.2887603362010753,-6.697990783683694e-06,upper,0.1
581,phase2,upper,-15.0,2,-15.032962486958024,-16.724749668639138,-17.37380761133912,-6.5082920926183725,-3.2887603362010753,-1.1335757584957572e-05,upper,0.1
582,phase2,upper,-15.0,2,-15.03038838545733,-16.724749668639138,-17.37380761133912,-6.5082920926183725,-3.2887603362010753,-1.4774801267528132e-05,upper,0.1
583,phase2,upper,-15.0,2,-15.028002252087026,-16.724749668639138,-17.37380761133912,-6.5082920926183725,-3.2887603362010753,-1.720973663538301e-05,upper,0.1
584,phase2,upper,-15.0,2,-15.025792225554879,-16.724749668639138,-17.37380761133912,-6.5082920926183725,-3.2887603362010753,-0.14811678510085818,upper,0.1
585,phase2,upper,-15.0,2,-15.16888007587231,-16.724749668639138,-17.37380761133912,-6.5082920926183725,-3.2887603362010753,-0.007332133478982539,upper,0.1
586,phase2,upper,-15.0,2,-15.1747775619417,-16.724749668639138,-17.37380761133912,-6.5082920926183725,-3.2887603362010753,-0.13899738437874742,upper,0.1
587,phase2,upper,-15.0,2,-15.308910257072194,-16.724749668639138,-17.37380761133912,-6.5082920926183725,-3.2887603362010753,-0.0038911794515535114,upper,0.1
588,phase2,upper,-15.0,2,-15.309784605548908,-16.724749668639138,-17.37380761133912,-6.5082920926183725,-3.2887603362010753,-0.001917056817653048,upper,0.1
589,phase2,upper,-15.0,2,-15.306212254216693,-16.724749668639138,-17.37380761133912,-6.5082920926183725,-3.2887603362010753,-0.0008546867655917306,upper,0.1
590,phase2,upper,-15.0,2,-15.299589788424262,-16.724749668639138,-17.37380761133912,-6.5082920926183725,-3.2887603362010753,-0.00029204753770679216,upper,0.1
591,phase2,upper,-15.0,2,-15.290848570017067,-16.724749668639138,-17.37380761133912,-6.5082920926183725,-3.2887603362010753,-2.65609335817763e-06,upper,0.1
592,phase2,upper,-15.0,2,-15.280637438217013,-16.724749668639138,-17.37380761133912,-6.5082920926183725,-3.2887603362010753,0.00013799025825148774,upper,0.1
593,phase2,upper,-15.0,2,-15.269426832745136,-16.724749668639138,-17.37380761133912,-6.5082920926183725,-3.2887603362010753,0.0001983276255767232,upper,0.1
594,phase2,upper,-15.0,2,-15.257569269862515,-16.724749668639138,-17.37380761133912,-6.5082920926183725,-3.2887603362010753,0.00021595732272310927,upper,0.1
595,phase2,upper,-15.0,2,-15.245335418756833,-16.724749668639138,-17.37380761133912,-6.5082920926183725,-3.2887603362010753,0.00021151450112018937,upper,0.1
596,phase2,upper,-15.0,2,-15.232936403205873,-16.724749668639138,-17.37380761133912,-6.5082920926183725,-3.2887603362010753,0.00019629319578814177,upper,0.1
597,phase2,upper,-15.0,2,-15.22053821063325,-16.724749668639138,-17.37380761133912,-6.5082920926183725,-3.2887603362010753,0.00017644042146926057,upper,0.1
598,phase2,upper,-15.0,2,-15.20827147988113,-16.724749668639138,-17.37380761133912,-6.5082920926183725,-3.2887603362010753,0.00015526459307773147,upper,0.1
599,phase2,upper,-15.0,2,-15.1962385000851,-16.724749668639138,-17.37380761133912,-6.5082920926183725,-3.2887603362010753,0.00013450729139264983,upper,0.1
600,phase2,upper,-15.0,2,-15.184518458395875,-16.724749668639138,-17.37380761133912,-6.5082920926183725,-3.2887603362010753,0.00011504488852459242,upper,0.1
601,phase2,upper,-15.0,2,-15.173171534074756,-16.724749668639138,-17.37380761133912,-6.5082920926183725,-3.2887603362010753,9.727640353030486e-05,upper,0.1
602,phase2,upper,-15.0,2,-15.162242191395313,-16.724749668639138,-17.37380761133912,-6.5082920926183725,-3.2887603362010753,8.133850464200903e-05,upper,0.1
603,phase2,upper,-15.0,2,-15.151761886253402,-16.724749668639138,-17.37380761133912,-6.5082920926183725,-3.2887603362010753,6.72251406202365e-05,upper,0.1
604,phase2,upper,-15.0,2,-15.14175132327855,-16.724749668639138,-17.37380761133912,-6.5082920926183725,-3.2887603362010753,5.4854428169468705e-05,upper,0.1
605,phase2,upper,-15.0,2,-15.132222355067634,-16.724749668639138,-17.37380761133912,-6.5082920926183725,-3.2887603362010753,4.410626721728762e-05,upper,0.1
606,phase2,upper,-15.0,2,-15.123179588344755,-16.724749668639138,-17.37380761133912,-6.5082920926183725,-3.2887603362010753,3.484362645785737e-05,upper,0.1
607,phase2,upper,-15.0,2,-15.114621745349401,-16.724749668639138,-17.37380761133912,-6.5082920926183725,-3.2887603362010753,2.692465132047132e-05,upper,0.1
608,phase2,upper,-15.0,2,-15.10654281812608,-16.724749668639138,-17.37380761133912,-6.5082920926183725,-3.2887603362010753,2.0209560286468705e-05,upper,0.1
609,phase2,upper,-15.0,2,-15.098933046168703,-16.724749668639138,-17.37380761133912,-6.5082920926183725,-3.2887603362010753,1.4564540260825516e-05,upper,0.1
610,phase2,upper,-15.0,2,-15.091779742688557,-16.724749668639138,-17.37380761133912,-6.5082920926183725,-3.2887603362010753,9.86388309091955e-06,upper,0.1
611,phase2,upper,-15.0,2,-15.085067990852254,-16.724749668639138,-17.37380761133912,-6.5082920926183725,-3.2887603362010753,5.991069279569224e-06,upper,0.1
612,phase2,upper,-15.0,2,-15.078781228235018,-16.724749668639138,-17.37380761133912,-6.5082920926183725,-3.2887603362010753,2.8392069456273837e-06,upper,0.1
613,phase2,upper,-15.0,2,-15.07290173519784,-16.724749668639138,-17.37380761133912,-6.5082920926183725,-3.2887603362010753,3.1106725500375044e-07,upper,0.1
614,phase2,upper,-15.0,2,-15.067411040770747,-16.724749668639138,-17.37380761133912,-6.5082920926183725,-3.2887603362010753,-1.6811368687799507e-06,upper,0.1
615,phase2,upper,-15.0,2,-15.062290257812348,-16.724749668639138,-17.37380761133912,-6.5082920926183725,-3.2887603362010753,-3.2161362397209744e-06,upper,0.1
616,phase2,lower,-20.0,4,-15.062290257812348,-17.03965835743175,-17.53725141472647,-6.436342844661735,-3.2098815624850077,-5.1871599670956396e-06,upper,0.1
617,phase2,upper,-15.0,2,-15.05752213157638,-17.03965835743175,-17.53725141472647,-6.436342844661735,-3.2098815624850077,-5.740050335868287e-06,upper,0.1
618,phase2,upper,-15.0,2,-15.053085573055593,-17.03965835743175,-17.53725141472647,-6.436342844661735,-3.2098815624850077,-6.070651044963762e-06,upper,0.1
619,phase2,upper,-15.0,2,-15.048961923309754,-17.03965835743175,-17.53725141472647,-6.436342844661735,-3.2098815624850077,-6.220610453806863e-06,upper,0.1
620,phase2,upper,-15.0,2,-15.045132930417154,-17.03965835743175,-17.53725141472647,-6.436342844661735,-3.2098815624850077,-6.22592165310398e-06,upper,0.1
621,phase2,upper,-15.0,2,-15.04158085725622,-17.03965835743175,-17.53725141472647,-6.436342844661735,-3.2098815624850077,-6.117482477884223e-06,upper,0.1
622,phase2,upper,-15.0,2,-15.038288563221453,-17.03965835743175,-17.53725141472647,-6.436342844661735,-3.2098815624850077,-5.921628022879769e-06,upper,0.1
623,phase2,upper,-15.0,2,-15.0352395640643,-17.03965835743175,-17.53725141472647,-6.436342844661735,-3.2098815624850077,-5.660631767512154e-06,upper,0.1
624,phase2,upper,-15.0,2,-15.032418073467092,-17.03965835743175,-17.53725141472647,-6.436342844661735,-3.2098815624850077,-5.353172888773943e-06,upper,0.1
625,phase2,upper,-15.0,2,-15.02980902945056,-17.03965835743175,-17.53725141472647,-6.436342844661735,-3.2098815624850077,-5.01476850861832e-06,upper,0.1
626,phase2,upper,-15.0,2,-15.027398108273387,-17.03965835743175,-17.53725141472647,-6.436342844661735,-3.2098815624850077,-4.658170545240593e-06,upper,0.1
627,phase2,upper,-15.0,2,-15.025171728097943,-17.03965835743175,-17.53725141472647,-6.436342844661735,-3.2098815624850077,-4.293727561650838e-06,upper,0.1
628,phase2,upper,-15.0,2,-15.023117044362557,-17.03965835743175,-17.53725141472647,-6.436342844661735,-3.2098815624850077,-3.929712558513323e-06,upper,0.1
629,phase2,upper,-15.0,2,-15.021221938511147,-17.03965835743175,-17.53725141472647,-6.436342844661735,-3.2098815624850077,-3.572618075380106e-06,upper,0.1
630,phase2,upper,-15.0,2,-15.019475001480368,-17.03965835743175,-17.53725141472647,-6.436342844661735,-3.2098815624850077,-3.227420266122057e-06,upper,0.1
631,phase2,upper,-15.0,2,-15.017865513127612,-17.03965835743175,-17.53725141472647,-6.436342844661735,-3.2098815624850077,-2.89781381799312e-06,upper,0.1
632,phase2,upper,-15.0,2,-15.016383418596044,-17.03965835743175,-17.53725141472647,-6.436342844661735,-3.2098815624850077,-2.5864197123311817e-06,upper,0.1
633,phase2,upper,-15.0,2,-15.01501930245161,-17.03965835743175,-17.53725141472647,-6.436342844661735,-3.2098815624850077,-2.294967888536542e-06,upper,0.1
634,phase2,upper,-15.0,2,-15.01376436128818,-17.03965835743175,-17.53725141472647,-6.436342844661735,-3.2098815624850077,-2.0244568837970006e-06,upper,0.1
635,phase2,upper,-15.0,2,-15.012610375377992,-17.03965835743175,-17.53725141472647,-6.436342844661735,-3.2098815624850077,-1.7752924955856e-06,upper,0.1
636,phase2,upper,-15.0,2,-15.011549679842464,-17.03965835743175,-17.53725141472647,-6.436342844661735,-3.2098815624850077,-1.5474074529474677e-06,upper,0.1
637,phase2,upper,-15.0,2,-15.010575135731422,-17.03965835743175,-17.53725141472647,-6.436342844661735,-3.2098815624850077,-1.3403640016556976e-06,upper,0.1
638,phase2,upper,-15.0,2,-15.009680101324427,-17.03965835743175,-17.53725141472647,-6.436342844661735,-3.2098815624850077,-1.1534412089477227e-06,upper,0.1
639,phase2,upper,-15.0,2,-15.008858403904833,-17.03965835743175,-17.53725141472647,-6.436342844661735,-3.2098815624850077,-9.85708682686162e-07,upper,0.1
640,phase2,upper,-15.0,2,-15.008104312203727,-17.03965835743175,-17.53725141472647,-6.436342844661735,-3.2098815624850077,-8.36088282841145e-07,upper,0.1
641,phase2,upper,-15.0,2,-15.007412509665818,-17.03965835743175,-17.53725141472647,-6.436342844661735,-3.2098815624850077,-7.034052820048734e-07,upper,0.1
642,phase2,upper,-15.0,2,-15.006778068651357,-17.03965835743175,-17.53725141472647,-6.436342844661735,-3.2098815624850077,-5.864303102641782e-07,upper,0.1
643,phase2,upper,-15.0,2,-15.006196425656503,-17.03965835743175,-17.53725141472647,-6.436342844661735,-3.2098815624850077,-4.839133006432158e-07,upper,0.1
644,phase2,upper,-15.0,2,-15.00566335760806,-17.03965835743175,-17.53725141472647,-6.436342844661735,-3.2098815624850077,-3.9461053510506495e-07,upper,0.1
645,phase2,upper,-15.0,2,-15.005174959266682,-17.03965835743175,-17.53725141472647,-6.436342844661735,-3.2098815624850077,-3.173057803225776e-07,upper,0.1
646,phase2,upper,-15.0,2,-15.00472762175465,-17.03965835743175,-17.53725141472647,-6.436342844661735,-3.2098815624850077,-2.5082639720150896e-07,upper,0.1
647,phase2,upper,-15.0,2,-15.004318012209714,-17.03965835743175,-17.53725141472647,-6.436342844661735,-3.2098815624850077,-1.9405521028126004e-07,upper,0.1
648,phase2,upper,-15.0,2,-15.003943054554641,-17.03965835743175,-17.53725141472647,-6.436342844661735,-3.2098815624850077,-1.459388304187732e-07,upper,0.1
649,phase2,upper,-15.0,2,-15.00359991136275,-17.03965835743175,-17.53725141472647,-6.436342844661735,-3.2098815624850077,-1.054930402045757e-07,upper,0.1
650,phase2,upper,-15.0,2,-15.003285966792276,-17.03965835743175,-17.53725141472647,-6.436342844661735,-3.2098815624850077,-7.180577429015654e-08,upper,0.1
651,phase2,upper,-15.0,2,-15.002998810556813,-17.03965835743175,-17.53725141472647,-6.436342844661735,-3.2098815624850077,-4.403815622849582e-08,upper,0.1
652,phase2,upper,-15.0,2,-15.002736222894807,-17.03965835743175,-17.53725141472647,-6.436342844661735,-3.2098815624850077,-2.1423988974547395e-08,upper,0.1
653,phase2,upper,-15.0,2,-15.00249616049808,-17.03965835743175,-17.53725141472647,-6.436342844661735,-3.2098815624850077,-3.2680403435969557e-09,upper,0.1
654,phase2,upper,-15.0,2,-15.002276743357298,-17.03965835743175,-17.53725141472647,-6.436342844661735,-3.2098815624850077,1.1056588284021693e-08,upper,0.1
655,phase2,upper,-15.0,2,-15.002076242481154,-17.03965835743175,-17.53725141472647,-6.436342844661735,-3.2098815624850077,2.211176497217592e-08,upper,0.1
656,phase2,upper,-15.0,2,-15.001893068445456,-17.03965835743175,-17.53725141472647,-6.436342844661735,-3.2098815624850077,3.039809875986639e-08,upper,0.1
657,phase2,upper,-15.0,2,-15.001725760728371,-17.03965835743175,-17.53725141472647,-6.436342844661735,-3.2098815624850077,3.635901142592953e-08,upper,0.1
658,phase2,upper,-15.0,2,-15.001572977788529,-17.03965835743175,-17.53725141472647,-6.436342844661735,-3.2098815624850077,4.0384970778094376e-08,upper,0.1
659,phase2,lower,-20.0,4,-15.001572977788529,-17.339417626814747,-17.677160557939015,-6.363696677908065,-3.1388933994750405,4.3954798790845606e-08,upper,0.1
660,phase2,upper,-15.0,2,-15.001433484630665,-17.339417626814747,-17.677160557939015,-6.363696677908065,-3.1388933994750405,4.405313405913941e-08,upper,0.1
661,phase2,upper,-15.0,2,-15.001306155069667,-17.339417626814747,-17.677160557939015,-6.363696677908065,-3.1388933994750405,4.333357081638155e-08,upper,0.1
662,phase2,lower,-20.0,4,-15.001306155069667,-17.62319188092696,-17.79581415097128,-6.291216312278818,-3.075004038669228,4.016488854469091e-08,upper,0.1
663,phase2,upper,-15.0,2,-15.001189954497406,-17.62319188092696,-17.79581415097128,-6.291216312278818,-3.075004038669228,3.800877590416169e-08,upper,0.1
664,phase2,lower,-20.0,4,-15.001189954497406,-17.890454073723497,-17.89535434465785,-6.2195950528534025,-3.0175036123906596,3.3111479445697654e-08,upper,0.1
665,phase2,upper,-15.0,2,-15.001083933025237,-17.890454073723497,-17.89535434465785,-6.2195950528534025,-3.0175036123906596,3.0535928028314975e-08,upper,0.1
666,phase2,upper,-15.0,2,-15.000987213442421,-17.890454073723497,-17.89535434465785,-6.2195950528534025,-3.0175036123906596,2.7959932419989394e-08,upper,0.1
667,phase2,upper,-15.0,2,-15.000898995891628,-17.890454073723497,-17.89535434465785,-6.2195950528534025,-3.0175036123906596,2.5430182007669568e-08,upper,0.1
668,phase2,upper,-15.0,2,-15.00081854744877,-17.890454073723497,-17.89535434465785,-6.2195950528534025,-3.0175036123906596,2.298252527148997e-08,upper,0.1
669,phase2,upper,-15.0,2,-15.00074519673389,-17.890454073723497,-17.89535434465785,-6.2195950528534025,-3.0175036123906596,2.064364413054031e-08,upper,0.1
670,phase2,upper,-15.0,2,-15.000678328931123,-17.890454073723497,-17.89535434465785,-6.2195950528534025,-3.0175036123906596,1.8432535739253746e-08,upper,0.1
671,phase2,upper,-15.0,2,-15.000617381189704,-17.890454073723497,-17.89535434465785,-6.2195950528534025,-3.0175036123906596,1.636181529297127e-08,upper,0.1
672,phase2,upper,-15.0,2,-15.0005618383795,-17.890454073723497,-17.89535434465785,-6.2195950528534025,-3.0175036123906596,1.4438855607079549e-08,upper,0.1
673,phase2,upper,-15.0,2,-15.000511229176073,-17.890454073723497,-17.89535434465785,-6.2195950528534025,-3.0175036123906596,1.2666776941679487e-08,upper,0.1
674,phase2,upper,-15.0,2,-15.00046512245173,-17.890454073723497,-17.89535434465785,-6.2195950528534025,-3.0175036123906596,1.104530182918698e-08,upper,0.1
675,phase2,upper,-15.0,2,-15.000423123950457,-17.890454073723497,-17.89535434465785,-6.2195950528534025,-3.0175036123906596,9.571488221791071e-09,upper,0.1
676,phase2,lower,-20.0,4,-15.000423123950457,-18.14094409220259,-17.97777840627902,-6.14938590139081,-2.965753242995142,7.045402213778551e-09,upper,0.1
677,phase2,upper,-15.0,2,-15.000384875499481,-18.14094409220259,-17.97777840627902,-6.14938590139081,-2.965753242995142,5.979067072665088e-09,upper,0.1
678,phase2,upper,-15.0,2,-15.000350045105787,-18.14094409220259,-17.97777840627902,-6.14938590139081,-2.965753242995142,5.033076151813381e-09,upper,0.1
679,phase2,upper,-15.0,2,-15.00031833171901,-18.14094409220259,-17.97777840627902,-6.14938590139081,-2.965753242995142,4.198753269090959e-09,upper,0.1
680,phase2,upper,-15.0,2,-15.000289460307608,-18.14094409220259,-17.97777840627902,-6.14938590139081,-2.965753242995142,3.4672614620464243e-09,upper,0.1
681,phase2,upper,-15.0,2,-15.000263179666693,-18.14094409220259,-17.97777840627902,-6.14938590139081,-2.965753242995142,2.8297973599821214e-09,upper,0.1
682,phase2,upper,-15.0,2,-15.000239260404053,-18.14094409220259,-17.97777840627902,-6.14938590139081,-2.965753242995142,2.277743188864368e-09,upper,0.1
683,phase2,upper,-15.0,2,-15.000217493090634,-18.14094409220259,-17.97777840627902,-6.14938590139081,-2.965753242995142,1.8027828870928962e-09,upper,0.1
684,phase2,upper,-15.0,2,-15.000197686562728,-18.14094409220259,-17.97777840627902,-6.14938590139081,-2.965753242995142,1.3969879310871842e-09,upper,0.1
685,phase2,upper,-15.0,2,-15.000179666364017,-18.14094409220259,-17.97777840627902,-6.14938590139081,-2.965753242995142,1.05287765521296e-09,upper,0.1
686,phase2,upper,-15.0,2,-15.000163273316488,-18.14094409220259,-17.97777840627902,-6.14938590139081,-2.965753242995142,7.634585127836025e-10,upper,0.1
687,phase2,upper,-15.0,2,-15.000148362210025,-18.14094409220259,-17.97777840627902,-6.14938590139081,-2.965753242995142,5.222463941535875e-10,upper,0.1
688,phase2,upper,-15.0,2,-15.000134800601222,-18.14094409220259,-17.97777840627902,-6.14938590139081,-2.965753242995142,3.232745436658266e-10,upper,0.1
689,phase2,upper,-15.0,2,-15.000122467712702,-18.14094409220259,-17.97777840627902,-6.14938590139081,-2.965753242995142,1.610907376496882e-10,upper,0.1
690,phase2,upper,-15.0,2,-15.000111253424837,-18.14094409220259,-17.97777840627902,-6.14938590139081,-2.965753242995142,3.074566183102573e-11,upper,0.1
691,phase2,upper,-15.0,2,-15.00010105735241,-18.14094409220259,-17.97777840627902,-6.14938590139081,-2.965753242995142,-7.222535501425972e-11,upper,0.1
692,phase2,upper,-15.0,2,-15.000091787999315,-18.14094409220259,-17.97777840627902,-6.14938590139081,-2.965753242995142,-1.518254509103416e-10,upper,0.1
693,phase2,upper,-15.0,2,-15.00008336198493,-18.14094409220259,-17.97777840627902,-6.14938590139081,-2.965753242995142,-2.1162277166889218e-10,upper,0.1
694,phase2,upper,-15.0,2,-15.000075703336266,-18.14094409220259,-17.97777840627902,-6.14938590139081,-2.965753242995142,-2.5477901554255136e-10,upper,0.1
695,phase2,upper,-15.0,2,-15.000068742840515,-18.14094409220259,-17.97777840627902,-6.14938590139081,-2.965753242995142,-2.840793620195815e-10,upper,0.1
696,phase2,upper,-15.0,2,-15.000062417452947,-18.14094409220259,-17.97777840627902,-6.14938590139081,-2.965753242995142,-3.0196289499477117e-10,upper,0.1
697,phase2,upper,-15.0,2,-15.000056669755622,-18.14094409220259,-17.97777840627902,-6.14938590139081,-2.965753242995142,-3.105525034630801e-10,upper,0.1
698,phase2,upper,-15.0,2,-15.000051447462633,-18.14094409220259,-17.97777840627902,-6.14938590139081,-2.965753242995142,-3.116843183656788e-10,upper,0.1
699,phase2,upper,-15.0,2,-15.000046702968007,-18.14094409220259,-17.97777840627902,-6.14938590139081,-2.965753242995142,-0.12279103405456064,upper,0.1
700,phase2,upper,-15.0,2,-15.121608520774418,-18.14094409220259,-17.97777840627902,-6.14938590139081,-2.965753242995142,0.002775536156756915,upper,0.1
701,phase2,upper,-15.0,2,-15.120223060458905,-18.14094409220259,-17.97777840627902,-6.14938590139081,-2.965753242995142,0.0013600125626003,upper,0.1
702,phase2,upper,-15.0,2,-15.11874792119311,-18.14094409220259,-17.97777840627902,-6.14938590139081,-2.965753242995142,0.0005982110773900173,upper,0.1
703,phase2,upper,-15.0,2,-15.116845141950543,-18.14094409220259,-17.97777840627902,-6.14938590139081,-2.965753242995142,-0.1102145270341778,upper,0.1
704,phase2,upper,-15.0,2,-15.224353943878635,-18.14094409220259,-17.97777840627902,-6.14938590139081,-2.965753242995142,0.007267814666280993,upper,0.1
705,phase2,lower,-20.0,4,-15.224353943878635,-18.36808649041058,-18.040393824794684,-6.077905982205964,-2.9170867061684222,0.001425060350825577,upper,0.1
706,phase2,upper,-15.0,2,-15.2211430159356,-18.36808649041058,-18.040393824794684,-6.077905982205964,-2.9170867061684222,0.00035530243576396955,upper,0.1
707,phase2,upper,-15.0,2,-15.21708820370031,-18.36808649041058,-18.040393824794684,-6.077905982205964,-2.9170867061684222,-0.00018553216973602273,upper,0.1
708,phase2,upper,-15.0,2,-15.212080341757737,-18.36808649041058,-18.040393824794684,-6.077905982205964,-2.9170867061684222,-0.0004389474810549485,upper,0.1
709,phase2,upper,-15.0,2,-15.206176005167332,-18.36808649041058,-18.040393824794684,-6.077905982205964,-2.9170867061684222,-0.000537732456717041,upper,0.1
710,phase2,upper,-15.0,2,-15.199504828199952,-18.36808649041058,-18.040393824794684,-6.077905982205964,-2.9170867061684222,-0.000554867943030411,upper,0.1
711,phase2,upper,-15.0,2,-15.192221000368749,-18.36808649041058,-18.040393824794684,-6.077905982205964,-2.9170867061684222,-0.0005304118852908496,upper,0.1
712,phase2,upper,-15.0,2,-15.184478726793225,-18.36808649041058,-18.040393824794684,-6.077905982205964,-2.9170867061684222,-0.00048628401311252584,upper,0.1
713,phase2,upper,-15.0,2,-15.176420586505515,-18.36808649041058,-18.040393824794684,-6.077905982205964,-2.9170867061684222,-0.0004344006510438968,upper,0.1
714,phase2,upper,-15.0,2,-15.168172742405968,-18.36808649041058,-18.040393824794684,-6.077905982205964,-2.9170867061684222,-0.00038115431410659477,upper,0.1
715,phase2,upper,-15.0,2,-15.1598437103176,-18.36808649041058,-18.040393824794684,-6.077905982205964,-2.9170867061684222,-0.0003298834900070168,upper,0.1
716,phase2,upper,-15.0,2,-15.151524903788282,-18.36808649041058,-18.040393824794684,-6.077905982205964,-2.9170867061684222,-0.09870336130831595,upper,0.1
717,phase2,upper,-15.0,2,-15.241918860137062,-18.36808649041058,-18.040393824794684,-6.077905982205964,-2.9170867061684222,0.010963221498434702,upper,0.1
718,phase2,upper,-15.0,2,-15.224686400914115,-18.36808649041058,-18.040393824794684,-6.077905982205964,-2.9170867061684222,0.005251384690390138,upper,0.1
719,phase2,upper,-15.0,2,-15.21195751083014,-18.36808649041058,-18.040393824794684,-6.077905982205964,-2.9170867061684222,0.0021950747959798467,upper,0.1
720,phase2,upper,-15.0,2,-15.20149495804294,-18.36808649041058,-18.040393824794684,-6.077905982205964,-2.9170867061684222,0.0005926192747857882,upper,0.1
721,phase2,upper,-15.0,2,-15.192136252172132,-18.36808649041058,-18.040393824794684,-6.077905982205964,-2.9170867061684222,-0.00021645359167656833,upper,0.1
722,phase2,upper,-15.0,2,-15.183298817228,-18.36808649041058,-18.040393824794684,-6.077905982205964,-2.9170867061684222,-0.0005951346732484061,upper,0.1
723,phase2,upper,-15.0,2,-15.17470955639505,-18.36808649041058,-18.040393824794684,-6.077905982205964,-2.9170867061684222,-0.0007428578507170727,upper,0.1
724,phase2,upper,-15.0,2,-15.166257508093553,-18.36808649041058,-18.040393824794684,-6.077905982205964,-2.9170867061684222,-0.0007691010225423035,upper,0.1
725,phase2,lower,-20.0,4,-15.166257508093553,-18.586009414769276,-18.094899862037526,-6.012484513917507,-2.8760985155961594,-0.0006698129870507344,upper,0.1
726,phase2,upper,-15.0,2,-15.157824607241896,-18.586009414769276,-18.094899862037526,-6.012484513917507,-2.8760985155961594,-0.0005947217948154735,upper,0.1
727,phase2,upper,-15.0,2,-15.149474992073332,-18.586009414769276,-18.094899862037526,-6.012484513917507,-2.8760985155961594,-0.0005180058351465112,upper,0.1
728,phase2,upper,-15.0,2,-15.141261807020872,-18.586009414769276,-18.094899862037526,-6.012484513917507,-2.8760985155961594,-0.0004445363769500842,upper,0.1
729,phase2,upper,-15.0,2,-15.133230791172691,-18.586009414769276,-18.094899862037526,-6.012484513917507,-2.8760985155961594,-0.00037666920221826063,upper,0.1
730,phase2,upper,-15.0,2,-15.125419758149901,-18.586009414769276,-18.094899862037526,-6.012484513917507,-2.8760985155961594,-0.00031537773524895605,upper,0.1
731,phase2,upper,-15.0,2,-15.117858878186725,-18.586009414769276,-18.094899862037526,-6.012484513917507,-2.8760985155961594,-0.0002608814406889127,upper,0.1
732,phase2,upper,-15.0,2,-15.110571328318004,-18.586009414769276,-18.094899862037526,-6.012484513917507,-2.8760985155961594,-0.00021299557725917227,upper,0.1
733,phase2,upper,-15.0,2,-15.103574081171859,-18.586009414769276,-18.094899862037526,-6.012484513917507,-2.8760985155961594,-0.00017132672154964598,upper,0.1
734,phase2,upper,-15.0,2,-15.096878714118304,-18.586009414769276,-18.094899862037526,-6.012484513917507,-2.8760985155961594,-0.0001353825966935756,upper,0.1
735,phase2,upper,-15.0,2,-15.090492180653499,-18.586009414769276,-18.094899862037526,-6.012484513917507,-2.8760985155961594,-0.0001046340200489753,upper,0.1
736,phase2,upper,-15.0,2,-15.084417518074801,-18.586009414769276,-18.094899862037526,-6.012484513917507,-2.8760985155961594,-7.85498866123772e-05,upper,0.1
737,phase2,upper,-15.0,2,-15.078654482434525,-18.586009414769276,-18.094899862037526,-6.012484513917507,-2.8760985155961594,-5.661680333898587e-05,upper,0.1
738,phase2,upper,-15.0,2,-15.073200110417226,-18.586009414769276,-18.094899862037526,-6.012484513917507,-2.8760985155961594,-3.834986265591379e-05,upper,0.1
739,phase2,upper,-15.0,2,-15.068049211980195,-18.586009414769276,-18.094899862037526,-6.012484513917507,-2.8760985155961594,-2.3298211674236996e-05,upper,0.1
740,phase2,upper,-15.0,2,-15.063194799412981,-18.586009414769276,-18.094899862037526,-6.012484513917507,-2.8760985155961594,-1.1047504279695222e-05,upper,0.1
741,phase2,upper,-15.0,2,-15.058628459043764,-18.586009414769276,-18.094899862037526,-6.012484513917507,-2.8760985155961594,-1.2204490123301164e-06,upper,0.1
742,phase2,upper,-15.0,2,-15.054340671762834,-18.586009414769276,-18.094899862037526,-6.012484513917507,-2.8760985155961594,6.523825385998764e-06,upper,0.1
743,phase2,lower,-20.0,4,-15.054340671762834,-18.786892588053252,-18.13668539587974,-5.9488346720557095,-2.838506725787428,1.6954118774960293e-05,upper,0.1
744,phase2,upper,-15.0,2,-15.050311700912527,-18.786892588053252,-18.13668539587974,-5.9488346720557095,-2.838506725787428,2.015425400447947e-05,upper,0.1
745,phase2,upper,-15.0,2,-15.046541777319105,-18.786892588053252,-18.13668539587974,-5.9488346720557095,-2.838506725787428,2.2304200510958828e-05,upper,0.1
746,phase2,upper,-15.0,2,-15.04301943737918,-18.786892588053252,-18.13668539587974,-5.9488346720557095,-2.838506725787428,2.359006756389892e-05,upper,0.1
747,phase2,upper,-15.0,2,-15.039732967129561,-18.786892588053252,-18.13668539587974,-5.9488346720557095,-2.838506725787428,-0.08692101252037995,upper,0.1
748,phase2,upper,-15.0,2,-15.12442890143588,-18.786892588053252,-18.13668539587974,-5.9488346720557095,-2.838506725787428,0.014568710018590027,upper,0.1
749,phase2,upper,-15.0,2,-15.109340584552353,-18.786892588053252,-18.13668539587974,-5.9488346720557095,-2.838506725787428,-0.06860514242597021,upper,0.1
750,phase2,upper,-15.0,2,-15.177584524399633,-18.786892588053252,-18.13668539587974,-5.9488346720557095,-2.838506725787428,0.021169037131920965,upper,0.1
751,phase2,upper,-15.0,2,-15.15643243445782,-18.786892588053252,-18.13668539587974,-5.9488346720557095,-2.838506725787428,0.010385442792209681,upper,0.1
752,phase2,upper,-15.0,2,-15.144202382424456,-18.786892588053252,-18.13668539587974,-5.9488346720557095,-2.838506725787428,0.004581673294904245,upper,0.1
753,phase2,upper,-15.0,2,-15.136504691599422,-18.786892588053252,-18.13668539587974,-5.9488346720557095,-2.838506725787428,0.0015081848358957605,upper,0.1
754,phase2,upper,-15.0,2,-15.1309957252764,-18.786892588053252,-18.13668539587974,-5.9488346720557095,-2.838506725787428,-7.175338390278871e-05,upper,0.1
755,phase2,upper,-15.0,2,-15.126447008019312,-18.786892588053252,-18.13668539587974,-5.9488346720557095,-2.838506725787428,-0.00083815701413227,upper,0.1
756,phase2,upper,-15.0,2,-15.122234905021834,-18.786892588053252,-18.13668539587974,-5.9488346720557095,-2.838506725787428,-0.0011649469806745733,upper,0.1
757,phase2,upper,-15.0,2,-15.118061202361988,-18.786892588053252,-18.13668539587974,-5.9488346720557095,-2.838506725787428,-0.0012576801882036126,upper,0.1
758,phase2,upper,-15.0,2,-15.113800417599904,-18.786892588053252,-18.13668539587974,-5.9488346720557095,-2.838506725787428,-0.06579415532604937,upper,0.1
759,phase2,upper,-15.0,2,-15.175832978967724,-18.786892588053252,-18.13668539587974,-5.9488346720557095,-2.838506725787428,0.019826326314693467,upper,0.1
760,phase2,upper,-15.0,2,-15.153054925396235,-18.786892588053252,-18.13668539587974,-5.9488346720557095,-2.838506725787428,-0.045208696396668635,upper,0.1
761,phase2,lower,-20.0,4,-15.153054925396235,-19.012559695592902,-18.15458662764957,-5.8632714092007525,-2.7878708200656335,0.01274248466123357,upper,0.1
762,phase2,upper,-15.0,2,-15.144154858562349,-19.012559695592902,-18.15458662764957,-5.8632714092007525,-2.7878708200656335,0.005004028549195792,upper,0.1
763,phase2,upper,-15.0,2,-15.14057774110922,-19.012559695592902,-18.15458662764957,-5.8632714092007525,-2.7878708200656335,0.0009733949625243623,upper,0.1
764,phase2,upper,-15.0,2,-15.139207012799481,-19.012559695592902,-18.15458662764957,-5.8632714092007525,-2.7878708200656335,-0.0010354404655214444,upper,0.1
765,phase2,upper,-15.0,2,-15.13844110058892,-19.012559695592902,-18.15458662764957,-5.8632714092007525,-2.7878708200656335,-0.0019491919095441113,upper,0.1
766,phase2,upper,-15.0,2,-15.137497774185466,-19.012559695592902,-18.15458662764957,-5.8632714092007525,-2.7878708200656335,-0.0022770508824070113,upper,0.1
767,phase2,upper,-15.0,2,-15.13603336139862,-19.012559695592902,-18.15458662764957,-5.8632714092007525,-2.7878708200656335,-0.00229853338935177,upper,0.1
768,phase2,upper,-15.0,2,-15.133934778467058,-19.012559695592902,-18.15458662764957,-5.8632714092007525,-2.7878708200656335,-0.002166745611478267,upper,0.1
769,phase2,upper,-15.0,2,-15.131206363265047,-19.012559695592902,-18.15458662764957,-5.8632714092007525,-2.7878708200656335,-0.001965172859721997,upper,0.1
770,phase2,upper,-15.0,2,-15.12790867292163,-19.012559695592902,-18.15458662764957,-5.8632714092007525,-2.7878708200656335,-0.0017389264647111702,upper,0.1
771,phase2,upper,-15.0,2,-15.12412572745807,-19.012559695592902,-18.15458662764957,-5.8632714092007525,-2.7878708200656335,-0.0015119505152251832,upper,0.1
772,phase2,upper,-15.0,2,-15.119947792251718,-19.012559695592902,-18.15458662764957,-5.8632714092007525,-2.7878708200656335,-0.001296508230298279,upper,0.1
773,phase2,upper,-15.0,2,-15.115462619433757,-19.012559695592902,-18.15458662764957,-5.8632714092007525,-2.7878708200656335,-0.0010984207740196718,upper,0.1
774,phase2,upper,-15.0,2,-15.110751267893484,-19.012559695592902,-18.15458662764957,-5.8632714092007525,-2.7878708200656335,-0.0009199672023619742,upper,0.1
775,phase2,upper,-15.0,2,-15.105886377854974,-19.012559695592902,-18.15458662764957,-5.8632714092007525,-2.7878708200656335,-0.0007614948731749633,upper,0.1
776,phase2,upper,-15.0,2,-15.100931739662451,-19.012559695592902,-18.15458662764957,-5.8632714092007525,-2.7878708200656335,-0.0006223174687216562,upper,0.1
777,phase2,upper,-15.0,2,-15.095942524857096,-19.012559695592902,-18.15458662764957,-5.8632714092007525,-2.7878708200656335,-0.0005012183047666645,upper,0.1
778,phase2,upper,-15.0,2,-15.090965837154018,-19.012559695592902,-18.15458662764957,-5.8632714092007525,-2.7878708200656335,-0.0003967339836052763,upper,0.1
779,phase2,upper,-15.0,2,-15.086041399344102,-19.012559695592902,-18.15458662764957,-5.8632714092007525,-2.7878708200656335,-0.000307315035255531,upper,0.1
780,phase2,upper,-15.0,2,-15.081202278651322,-19.012559695592902,-18.15458662764957,-5.8632714092007525,-2.7878708200656335,-0.00023141705432356527,upper,0.1
781,phase2,upper,-15.0,2,-15.07647560017196,-19.012559695592902,-18.15458662764957,-5.8632714092007525,-2.7878708200656335,-0.0001675520882200464,upper,0.1
782,phase2,upper,-15.0,2,-15.07188322354379,-19.012559695592902,-18.15458662764957,-5.8632714092007525,-2.7878708200656335,-0.00011431693502317786,upper,0.1
783,phase2,upper,-15.0,2,-15.067442371723633,-19.012559695592902,-18.15458662764957,-5.8632714092007525,-2.7878708200656335,-7.040776994547552e-05,upper,0.1
784,phase2,lower,-20.0,4,-15.067442371723633,-19.17682575579152,-18.17564885221271,-5.8057625141398,-2.7592330776984224,-5.882027532942881e-06,upper,0.1
785,phase2,upper,-15.0,2,-15.063108134884795,-19.17682575579152,-18.17564885221271,-5.8057625141398,-2.7592330776984224,1.6811738911650493e-05,upper,0.1
786,phase2,upper,-15.0,2,-15.058957601137125,-19.17682575579152,-18.17564885221271,-5.8057625141398,-2.7592330776984224,3.43398497024463e-05,upper,0.1
787,phase2,upper,-15.0,2,-15.054996822686343,-19.17682575579152,-18.17564885221271,-5.8057625141398,-2.7592330776984224,4.7491597538016595e-05,upper,0.1
788,phase2,upper,-15.0,2,-15.051229090006082,-19.17682575579152,-18.17564885221271,-5.8057625141398,-2.7592330776984224,5.6966553827831275e-05,upper,0.1
789,phase2,upper,-15.0,2,-15.047655367067192,-19.17682575579152,-18.17564885221271,-5.8057625141398,-2.7592330776984224,6.338102844852436e-05,upper,0.1
790,phase2,upper,-15.0,2,-15.044274675183386,-19.17682575579152,-18.17564885221271,-5.8057625141398,-2.7592330776984224,6.727470173611821e-05,upper,0.1
791,phase2,upper,-15.0,2,-15.041084430523837,-19.17682575579152,-18.17564885221271,-5.8057625141398,-2.7592330776984224,6.911724913749654e-05,upper,0.1
792,phase2,upper,-15.0,2,-15.038080739917234,-19.17682575579152,-18.17564885221271,-5.8057625141398,-2.7592330776984224,-0.0453961201491078,upper,0.1
793,phase2,upper,-15.0,2,-15.083315893151639,-19.17682575579152,-18.17564885221271,-5.8057625141398,-2.7592330776984224,0.02414109409796225,upper,0.1
794,phase2,upper,-15.0,2,-15.05942584326607,-19.17682575579152,-18.17564885221271,-5.8057625141398,-2.7592330776984224,0.011864583483714455,upper,0.1
795,phase2,upper,-15.0,2,-15.04683838538941,-19.17682575579152,-18.17564885221271,-5.8057625141398,-2.7592330776984224,0.005256449500662343,upper,0.1
796,phase2,upper,-15.0,2,-15.040325595566383,-19.17682575579152,-18.17564885221271,-5.8057625141398,-2.7592330776984224,0.005256449500662343,upper,0.1
797,phase2,upper,-15.0,2,-15.033700818943949,-19.17682575579152,-18.17564885221271,-5.8057625141398,-2.7592330776984224,0.005256449500662343,upper,0.1
798,phase2,upper,-15.0,2,-15.027051580780219,-19.17682575579152,-18.17564885221271,-5.8057625141398,-2.7592330776984224,0.005256449500662343,upper,0.1
799,phase2,upper,-15.0,2,-15.020449021149675,-19.17682575579152,-18.17564885221271,-5.8057625141398,-2.7592330776984224,0.005256449500662343,upper,0.1
