episode,phase,route,return,steps,q_start_right,q_start_down,q_shield_right,q_d1_right,q_d2_right,mood_M,greedy_route,epsilon
0,phase1,lower,-10.0,4,0.0,-0.25,-0.5875000000000001,-0.55375,-0.7822375000000001,-0.4713375000000001,upper,0.1
1,phase1,upper,-15.0,2,-1.6742037500000002,-0.25,-0.5875000000000001,-0.55375,-0.7822375000000001,-0.358455375,lower,0.1
2,phase1,lower,-10.0,4,-1.6742037500000002,-0.8563598375000001,-1.1274518862500003,-1.099427570375,-1.2108803738875,-0.2735301682875,lower,0.1
3,phase1,lower,-10.0,4,-1.6742037500000002,-1.3796461938337503,-1.6136828209998753,-1.5807263812336625,-1.5594036846850263,-0.24427080807799123,lower,0.1
4,phase1,lower,-10.0,4,-1.6742037500000002,-1.872893583820555,-2.0794063456058614,-2.02300078535964,-1.8550984164424005,-0.23018656169838395,upper,0.1
5,phase1,upper,-15.0,2,-3.025395543028546,-1.872893583820555,-2.0794063456058614,-2.02300078535964,-1.8550984164424005,-0.19608291397641653,lower,0.1
6,phase1,lower,-10.0,4,-3.025395543028546,-2.3200194825778606,-2.5130909121588,-2.454578798452456,-2.118000795133127,-0.1791594194628634,lower,0.1
7,phase1,upper,-15.0,2,-4.235171332482953,-2.3200194825778606,-2.5130909121588,-2.454578798452456,-2.118000795133127,-0.356001728036803,lower,0.1
8,phase1,lower,-10.0,4,-4.235171332482953,-2.9097281807690774,-3.0476654174645197,-2.9396752065307603,-2.400164341845862,-0.20615204373675539,lower,0.1
9,phase1,lower,-10.0,4,-4.235171332482953,-3.3590587438017017,-3.4820086221697975,-3.336232701495142,-2.6015629113507903,-0.15632172842102088,lower,0.1
10,phase1,lower,-10.0,4,-4.235171332482953,-3.76204328721743,-3.8813037611987644,-3.6902455465554165,-2.7620199727864176,-0.1336558771072336,lower,0.1
11,phase1,lower,-10.0,4,-4.235171332482953,-4.144259624012074,-4.262155017253751,-4.013890103600782,-2.893985383279024,-0.11876163695308743,lower,0.1
12,phase1,lower,-10.0,4,-4.235171332482953,-4.512934636594021,-4.8412109373885155,-4.417390249256086,-3.3000328098262965,-0.35361442997312653,upper,0.1
13,phase1,upper,-15.0,2,-5.537057325503249,-4.512934636594021,-4.8412109373885155,-4.417390249256086,-3.3000328098262965,-0.2913240736054504,lower,0.1
14,phase1,upper,-15.0,2,-6.690869014323913,-4.512934636594021,-4.8412109373885155,-4.417390249256086,-3.3000328098262965,-0.16284804512612308,lower,0.1
15,phase1,lower,-10.0,4,-6.690869014323913,-4.942325507286981,-5.216142788251462,-4.729701398316316,-3.373144371084715,-0.10475816212987607,lower,0.1
16,phase1,lower,-10.0,4,-6.690869014323913,-5.3139895813003175,-5.547996960779508,-4.989938939958847,-3.414254050721386,-0.08239393521603407,lower,0.1
17,phase1,lower,-10.0,4,-6.690869014323913,-5.6615448609426675,-5.858582214026694,-5.2159797211918235,-3.4379781954307242,-0.06996569741162548,lower,0.1
18,phase1,upper,-15.0,2,-7.5575847489736345,-5.6615448609426675,-5.858582214026694,-5.2159797211918235,-3.4379781954307242,-0.13941779776376384,lower,0.1
19,phase1,lower,-10.0,4,-7.5575847489736345,-6.056724614238457,-6.149353963771183,-5.342720928632284,-3.4464923606094438,-0.13154641357119945,lower,0.1
20,phase1,lower,-10.0,4,-7.5575847489736345,-6.434379321405809,-6.414593716158068,-5.4503114116140745,-3.624037617172284,-0.20478426021321322,lower,0.1
21,phase1,upper,-15.0,2,-8.47252895752954,-6.434379321405809,-6.414593716158068,-5.4503114116140745,-3.624037617172284,-0.1985819459859127,lower,0.1
22,phase1,lower,-10.0,4,-8.47252895752954,-6.861124512268356,-6.702398970215516,-5.591131169407046,-3.7837289508806964,-0.19723337324091636,lower,0.1
23,phase1,lower,-10.0,4,-8.47252895752954,-7.272761993979897,-7.027457378812533,-5.830705653263891,-3.77953765507816,-0.0720423818766955,lower,0.1
24,phase1,lower,-10.0,4,-8.47252895752954,-7.563069676152186,-7.263136990510511,-5.9853913961825285,-3.7294563527918676,-0.034753047605104864,lower,0.1
25,phase1,lower,-10.0,4,-8.47252895752954,-7.814354150432613,-7.465927495043646,-6.09886336881344,-3.666580756078623,-0.021151985799725964,lower,0.1
26,phase1,lower,-10.0,4,-8.47252895752954,-8.04854827211347,-7.649948163941357,-6.184548935198717,-3.6000300432356043,-0.014158052328160677,lower,0.1
27,phase1,lower,-10.0,4,-8.47252895752954,-8.271430508391603,-7.818325136459599,-6.24771106679808,-3.5325267032962167,-0.009219166798032148,lower,0.1
28,phase1,lower,-10.0,4,-8.47252895752954,-8.484417221316631,-8.119753535782856,-6.353128049480976,-3.5725523513790565,-0.13696400541795195,upper,0.1
29,phase1,upper,-15.0,2,-9.255570926841125,-8.484417221316631,-8.119753535782856,-6.353128049480976,-3.5725523513790565,-0.036763822226368904,lower,0.1
30,phase1,lower,-10.0,4,-9.255570926841125,-8.731038292766986,-8.267971904217639,-6.3966424887121045,-3.5032703938794603,-0.006785351628278896,lower,0.1
31,phase1,lower,-10.0,4,-9.255570926841125,-8.940838470377502,-8.384705432939263,-6.41094958541992,-3.426625339467699,0.0031943545623713265,lower,0.1
32,phase1,lower,-10.0,4,-9.255570926841125,-9.132350247527544,-8.62123541737869,-6.468515133656283,-3.4556772037276016,-0.10905686297691597,lower,0.1
33,phase1,lower,-10.0,4,-9.255570926841125,-9.429389941191882,-8.709432872728344,-6.436513487943867,-3.4180906752318467,-0.05564775719822741,upper,0.1
34,phase1,upper,-15.0,2,-9.89407023471892,-9.429389941191882,-8.709432872728344,-6.436513487943867,-3.4180906752318467,0.005498322098709804,lower,0.1
35,phase1,lower,-10.0,4,-9.89407023471892,-9.60244574445669,-8.770706800150887,-6.418327217490593,-3.3321453950438458,0.01376452455698711,lower,0.1
36,phase1,lower,-10.0,4,-9.89407023471892,-9.756883777924822,-8.816464897429864,-6.385498080234955,-3.248657646460532,0.016881132806250896,lower,0.1
37,phase1,lower,-10.0,4,-9.89407023471892,-9.8976488703497,-8.98282879397532,-6.408008658232678,-3.2714096042486154,-0.07782431984281953,upper,0.1
38,phase1,upper,-15.0,2,-10.489113608904153,-9.8976488703497,-8.98282879397532,-6.408008658232678,-3.2714096042486154,-0.008598349509750507,lower,0.1
39,phase1,lower,-10.0,4,-10.489113608904153,-10.063905377271038,-9.014796451260624,-6.370887824372505,-3.1935972576594844,0.014926382751382427,lower,0.1
40,phase1,lower,-10.0,4,-10.489113608904153,-10.195560740193754,-9.022380038453798,-6.315299294555697,-3.1133809783006585,0.02138761870412082,lower,0.1
41,phase1,upper,-15.0,2,-10.936954297679756,-10.195560740193754,-9.022380038453798,-6.315299294555697,-3.1133809783006585,-0.006289012425193502,lower,0.1
42,phase1,lower,-10.0,4,-10.936954297679756,-10.333902781202433,-8.98642876363599,-6.224246007190777,-3.1926988529919145,-0.07918748898055988,lower,0.1
43,phase1,lower,-10.0,4,-10.936954297679756,-10.520424119528291,-9.036507139179104,-6.21770890508544,-3.1371930356251556,-0.0009714667426923441,lower,0.1
44,phase1,lower,-10.0,4,-10.936954297679756,-10.622906741561795,-9.028463768982688,-6.167543636962013,-3.0602496215157386,0.01945886883650952,lower,0.1
45,phase1,lower,-10.0,4,-10.936954297679756,-10.695949462351026,-9.000754712414423,-6.102457919476419,-2.9829095658050586,0.024437787355147473,lower,0.1
46,phase1,lower,-10.0,4,-10.936954297679756,-10.754435978737733,-8.96378381847098,-6.0311317592288045,-2.910454345339317,0.025228417787780053,lower,0.1
47,phase1,lower,-10.0,4,-10.936954297679756,-10.802665186702056,-8.920587619560767,-5.956786448963381,-2.8439922412877796,0.024834184108694944,lower,0.1
48,phase1,lower,-10.0,4,-10.936954297679756,-10.842106664290101,-8.87231091207382,-5.881070533809675,-2.7835366714941725,0.024062643578173996,lower,0.1
49,phase1,lower,-10.0,4,-10.936954297679756,-10.873470709848117,-8.819642834421895,-5.805104669355533,-2.728823120243845,0.023137378963517176,lower,0.1
50,phase1,lower,-10.0,4,-10.936954297679756,-10.89726428123833,-8.763182220363296,-5.729770108076498,-2.679525137173,0.02212644759852547,lower,0.1
51,phase1,lower,-10.0,4,-10.936954297679756,-10.913942272312154,-8.703521013189853,-5.655795122454547,-2.6353107800965834,0.02105624114295869,lower,0.1
52,phase1,lower,-10.0,4,-10.936954297679756,-10.92394952937126,-8.641255075283444,-5.583786828363952,-2.5958568096921986,0.01994172101685064,lower,0.1
53,phase1,lower,-10.0,4,-10.936954297679756,-10.927732535047314,-8.576977735803455,-5.514247707193313,-2.56085179946136,0.018794426892718437,lower,0.1
54,phase1,lower,-10.0,4,-10.936954297679756,-10.925742070919481,-8.511270520533596,-5.447587358780439,-2.5299964259522723,0.017624579946983274,lower,0.1
55,phase1,lower,-10.0,4,-10.936954297679756,-10.918432793928607,-8.444694667814996,-5.3841323588164345,-2.503003118370805,0.016441620085072366,lower,0.1
56,phase1,lower,-10.0,4,-10.936954297679756,-10.906261523240682,-8.377784180898484,-5.324135048544748,-2.4795956301634132,0.015254330924629668,lower,0.1
57,phase1,lower,-10.0,4,-10.936954297679756,-10.889684891174296,-8.311040433107909,-5.26778153208724,-2.4595086667321575,0.014070859404550603,lower,0.1
58,phase1,lower,-10.0,4,-10.936954297679756,-10.86915667190356,-8.244928168780964,-5.21519900240679,-2.4424875908804196,0.012898711633392011,lower,0.1
59,phase1,lower,-10.0,4,-10.936954297679756,-10.845124981121248,-8.179872715955206,-5.166462469494991,-2.428288198994193,0.011744746612764218,lower,0.1
60,phase1,upper,-15.0,2,-11.348629204467207,-10.845124981121248,-8.179872715955206,-5.166462469494991,-2.428288198994193,0.023382329053620532,lower,0.1
61,phase1,lower,-10.0,4,-11.348629204467207,-10.807555658456385,-8.10974886688798,-5.133091386342136,-2.5701468387026503,-0.07334679317028742,lower,0.1
62,phase1,lower,-10.0,4,-11.348629204467207,-10.853787093152803,-8.102613506767353,-5.143318790138097,-2.571471180854477,-0.010643714852998365,lower,0.1
63,phase1,lower,-10.0,4,-11.348629204467207,-10.838249077881958,-8.056406344975619,-5.12430431663501,-2.553292882530564,0.0050879524805683245,lower,0.1
64,phase1,lower,-10.0,4,-11.348629204467207,-10.805485647358813,-8.00227615178836,-5.098500440691568,-2.5327321654783885,0.008373062502191294,lower,0.1
65,phase1,lower,-10.0,4,-11.348629204467207,-10.767628941549795,-7.94840335261807,-5.072100002529184,-2.5140632066499395,0.008391279446867479,lower,0.1
66,phase1,lower,-10.0,4,-11.348629204467207,-10.728154231154441,-7.89688973190315,-5.046915979235403,-2.4981653912973267,0.007584422172150124,lower,0.1
67,phase1,lower,-10.0,4,-11.348629204467207,-10.688201801274376,-7.8482399239842,-5.023547432269255,-2.4850344873189196,0.0066028059374978534,lower,0.1
68,phase1,lower,-10.0,4,-11.348629204467207,-10.64826308820161,-7.802546092302324,-5.002228222420871,-2.4744490563592216,0.005620136292509187,lower,0.1
69,phase1,lower,-10.0,4,-11.348629204467207,-10.608633265948422,-7.75979759985401,-4.983058961021305,-2.466146558719515,0.0046830694176813415,lower,0.1
70,phase1,lower,-10.0,4,-11.348629204467207,-10.569534936863068,-7.719959237768656,-4.966074305848676,-2.4598691933222776,0.003804161055039266,lower,0.1
71,phase1,lower,-10.0,4,-11.348629204467207,-10.531153622004092,-7.682988905605227,-4.951265855076596,-2.4553751733855074,0.002986600799609532,lower,0.1
72,phase1,lower,-10.0,4,-11.348629204467207,-10.493649209644557,-7.648840012529996,-4.938592669267443,-2.4524408706731413,0.002230812569078187,lower,0.1
73,phase1,lower,-10.0,4,-11.348629204467207,-10.45716055862093,-7.617460495638856,-4.927987992588391,-2.4508605829250234,0.0015362340743544567,lower,0.1
74,phase1,lower,-10.0,4,-11.348629204467207,-10.421807941655803,-7.588791498998993,-4.919364502490316,-2.4504457146006553,0.0009018141947167635,lower,0.1
75,phase1,lower,-10.0,4,-11.348629204467207,-10.387694664614878,-7.562766420091508,-4.912618752554606,-2.451023842042588,0.0003261689726514975,lower,0.1
76,phase1,lower,-10.0,4,-11.348629204467207,-10.354908288087156,-7.539310423480789,-4.907635026092522,-2.4524377841455953,-0.00019235374291774396,lower,0.1
77,phase1,lower,-10.0,4,-11.348629204467207,-10.323521619995145,-7.518340372784966,-4.904288695127601,-2.4545447071390156,-0.0006556345927503562,lower,0.1
78,phase1,lower,-10.0,4,-11.348629204467207,-10.293593566407601,-7.499765103477307,-4.902449143086855,-2.457215268023819,-0.0010657503490873296,lower,0.1
79,phase1,lower,-10.0,4,-11.348629204467207,-10.265169895428752,-7.483485961077877,-4.901982296672898,-2.460332795277508,-0.0014249442907346152,lower,0.1
80,phase1,lower,-10.0,4,-11.348629204467207,-10.238283951855324,-7.469397538237511,-4.9027528061339725,-2.4637925042847337,-0.0017355981501557122,lower,0.1
81,phase1,lower,-10.0,4,-11.348629204467207,-10.212957348828683,-7.457388553928019,-4.904625908965588,-2.4675007450182243,-0.002000205386134402,lower,0.1
82,phase1,lower,-10.0,4,-11.348629204467207,-10.189200654186138,-7.447342826928546,-4.907469008722096,-2.4713742798409606,-0.002221345773944533,lower,0.1
83,phase1,lower,-10.0,4,-11.348629204467207,-10.167014082656928,-7.439140303750521,-4.91115299772251,-2.475339589678269,-0.0024016613618254683,lower,0.1
84,phase1,lower,-10.0,4,-11.348629204467207,-10.14638819999193,-7.432658108095115,-4.91555334987367,-2.479332207154096,-0.002543833849970624,lower,0.1
85,phase1,lower,-10.0,4,-11.348629204467207,-10.127304641267221,-7.427771584980681,-4.920551007543971,-2.483296075585158,-0.002650563441695246,lower,0.1
86,phase1,lower,-10.0,4,-11.348629204467207,-10.109736842736092,-7.424355317914523,-4.9260330843625475,-2.4871829329789765,-0.00272454920575066,lower,0.1
87,phase1,lower,-10.0,4,-11.348629204467207,-10.093650784539111,-7.422284102007949,-4.931893403960724,-2.490951720389822,-0.0027684709767715953,lower,0.1
88,phase1,lower,-10.0,4,-11.348629204467207,-10.07900574016509,-7.421433859830356,-4.9380328929889625,-2.4945680141539697,-0.002784972808590628,lower,0.1
89,phase1,lower,-10.0,4,-11.348629204467207,-10.065755027659348,-7.421682490142046,-4.94435984521106,-2.4980034816563847,-0.0027766479830783567,lower,0.1
90,phase1,lower,-10.0,4,-11.348629204467207,-10.053846757092389,-7.422910642502552,-4.950790072079133,-2.50123536037889,-0.002746025565546267,lower,0.1
91,phase1,lower,-10.0,4,-11.348629204467207,-10.043224568642396,-7.425002413180005,-4.957246953911535,-2.504245960048871,-0.0026955584867678936,lower,0.1
92,phase1,lower,-10.0,4,-11.348629204467207,-10.033828355734247,-7.42784595983902,-4.9636614046173335,-2.5070221877512897,-0.0026276131214724116,lower,0.1
93,phase1,lower,-10.0,4,-11.348629204467207,-10.02559496795405,-7.431334034205444,-4.969971761823462,-2.5095550958886808,-0.0025444603238410027,lower,0.1
94,phase1,lower,-10.0,4,-11.348629204467207,-10.018458888870645,-7.4353644333363365,-4.976123613253867,-2.5118394528771795,-0.0024482678721584614,lower,0.1
95,phase1,lower,-10.0,4,-11.348629204467207,-10.012352884402157,-7.439840371298761,-4.982069569275379,-2.5138733364544956,-0.0023410942673801117,lower,0.1
96,phase1,lower,-10.0,4,-11.348629204467207,-10.00720861793246,-7.444670774012848,-4.98776899065528,-2.515657749450954,-0.0022248838239848604,lower,0.1
97,phase1,lower,-10.0,4,-11.348629204467207,-10.002957228982085,-7.449770500771476,-4.99318767976434,-2.517196257839851,-0.002101462986098355,lower,0.1
98,phase1,lower,-10.0,4,-11.348629204467207,-9.999529872848514,-7.455060496535718,-4.998297542701424,-2.518494650840743,-0.001972537797467309,lower,0.1
99,phase1,lower,-10.0,4,-11.348629204467207,-9.996858219234955,-7.460467879544233,-5.00307622910694,-2.519560622801085,-0.0018396924504176387,lower,0.1
100,phase1,lower,-10.0,4,-11.348629204467207,-9.994874908471258,-7.4659259690856805,-5.007506755768898,-2.52040347652969,-0.0017043888363952413,lower,0.1
101,phase1,lower,-10.0,4,-11.348629204467207,-9.993513964485455,-7.47137425848375,-5.011577119503921,-2.521033847701523,-0.0015679670190189778,lower,0.1
102,phase1,lower,-10.0,4,-11.348629204467207,-9.992711164202403,-7.476758338450076,-5.015279904213449,-2.521463449898849,-0.0014316465497169286,lower,0.1
103,phase1,lower,-10.0,4,-11.348629204467207,-9.992404363521915,-7.482029775985079,-5.018611886470482,-2.5217048397999355,-0.001296528545908316,lower,0.1
104,phase1,lower,-10.0,4,-11.348629204467207,-9.99253378045955,-7.487145953963119,-5.02157364348237,-2.5217712019745564,-0.0011635984522749049,lower,0.1
105,phase1,lower,-10.0,4,-11.348629204467207,-9.993042236416953,-7.492069876437258,-5.024169166798772,-2.5216761526962728,-0.0010337294068683488,lower,0.1
106,phase1,lower,-10.0,4,-11.348629204467207,-9.993875356885164,-7.496769944550161,-5.026405484689447,-2.5214335621357025,-0.0009076861355636426,lower,0.1
107,phase1,lower,-10.0,4,-11.348629204467207,-9.99498173317367,-7.501219707750082,-5.028292295702641,-2.521057394257284,-0.0007861293006249633,lower,0.1
108,phase1,lower,-10.0,4,-11.348629204467207,-9.996313047001873,-7.505397594792026,-5.029841615530267,-2.5205615637049013,-0.0006696202318370648,lower,0.1
109,phase1,lower,-10.0,4,-11.348629204467207,-9.997824159989541,-7.509286628761075,-5.031067438949792,-2.519959808929466,-0.0005586259717094328,lower,0.1
110,phase1,lower,-10.0,4,-11.348629204467207,-9.999473170241233,-7.5128741300934525,-5.031985418283522,-2.519265580784415,-0.0004535245696229561,lower,0.1
111,phase1,lower,-10.0,4,-11.348629204467207,-10.001221438339115,-7.516151411296501,-5.032612559513005,-2.5184919457931665,-0.0003546105634019272,lower,0.1
112,phase1,lower,-10.0,4,-11.348629204467207,-10.003033585141916,-7.5191134667861395,-5.032966936908357,-2.5176515032759537,-0.0002621005906029905,lower,0.1
113,phase1,lower,-10.0,4,-11.348629204467207,-10.00487746383788,-7.521758660973501,-5.033067426778664,-2.5167563155120787,-0.00017613907576716822,lower,0.1
114,phase1,lower,-10.0,4,-11.348629204467207,-10.006724108719633,-7.524088417444977,-5.032933460719132,-2.5158178501073465,-9.680394393335153e-05,lower,0.1
115,phase1,lower,-10.0,4,-11.348629204467207,-10.008547663141707,-7.526106911794835,-5.032584798522478,-2.51484693373516,-2.4112314816962283e-05,lower,0.1
116,phase1,lower,-10.0,4,-11.348629204467207,-10.010325289090355,-7.655075007554733,-5.091556468510298,-2.556934939051868,-0.034427720921293585,lower,0.1
117,phase1,lower,-10.0,4,-11.348629204467207,-10.055785209765958,-7.670042877808281,-5.102636312754524,-2.5619513759416432,-0.008395291199321865,lower,0.1
118,phase1,lower,-10.0,4,-11.348629204467207,-10.07476673864958,-7.667959346700123,-5.100908545550551,-2.557774641626945,-0.0014638426723275356,lower,0.1
119,phase1,lower,-10.0,4,-11.348629204467207,-10.085403457859728,-7.661437580895719,-5.095770397619189,-2.551743507342366,0.00039585195078507916,lower,0.1
120,phase1,lower,-10.0,4,-11.348629204467207,-10.09265060340762,-7.65383053027717,-5.0897767567007435,-2.5457443340176935,0.0009111870910637207,lower,0.1
121,phase1,lower,-10.0,4,-11.348629204467207,-10.097948527712617,-7.646034512348281,-5.083651707645999,-2.5402210114594483,0.0010713073645318182,lower,0.1
122,phase1,lower,-10.0,4,-11.348629204467207,-10.101792949548104,-7.638296133517143,-5.07762259392222,-2.5352402908286993,0.001137691855458535,lower,0.1
123,phase1,lower,-10.0,4,-11.348629204467207,-10.104419345275096,-7.630691309027546,-5.071776259170301,-2.530774390447631,0.0011786063203867087,lower,0.1
124,phase1,lower,-10.0,4,-11.348629204467207,-10.105985795961994,-7.623251576565555,-5.066155137204616,-2.526775563184851,0.001211160124707564,lower,0.1
125,phase1,lower,-10.0,4,-11.348629204467207,-10.106622329910113,-7.6159968872116375,-5.060783991877994,-2.5231953955614252,0.0012390535557671159,lower,0.1
126,phase1,upper,-15.0,2,-11.725770337989864,-10.106622329910113,-7.6159968872116375,-5.060783991877994,-2.5231953955614252,0.001496757249360021,lower,0.1
127,phase1,lower,-10.0,4,-11.725770337989864,-10.106212704115842,-7.609589192369316,-5.055888795402456,-2.519365554004488,0.0014034976024042726,lower,0.1
128,phase1,lower,-10.0,4,-11.725770337989864,-10.105287205099026,-7.603346698710497,-5.051083250901867,-2.5159476740590163,0.001312768694379389,lower,0.1
129,phase1,lower,-10.0,4,-11.725770337989864,-10.103911662635232,-7.597260182702849,-5.046404333308251,-2.512907176176046,0.0012245819447947552,lower,0.1
130,phase1,lower,-10.0,4,-11.725770337989864,-10.102144390891677,-7.591325648534867,-5.04188219914106,-2.510212203707213,0.0011389387196775388,lower,0.1
131,phase1,lower,-10.0,4,-11.725770337989864,-10.100037471808287,-7.585543076171806,-5.037541011944063,-2.5078333800109474,0.0010558525039583958,lower,0.1
132,phase1,lower,-10.0,4,-11.725770337989864,-10.097637764991076,-7.579915357469028,-5.033399666420406,-2.5057435828916867,0.0009753516955997086,lower,0.1
133,phase1,lower,-10.0,4,-11.725770337989864,-10.09498770771283,-7.5744474061245315,-5.02947243109883,-2.5039177411985896,0.0008974773506118874,lower,0.1
134,phase1,lower,-10.0,4,-11.725770337989864,-10.09212594793845,-7.569145421072446,-5.025769521303014,-2.502332653194393,0.0008222797518346645,lower,0.1
135,phase1,lower,-10.0,4,-11.725770337989864,-10.0890878434752,-7.56401628329875,-5.022297611195458,-2.500966825000131,0.0007498148770575628,lower,0.1
136,phase1,lower,-10.0,4,-11.725770337989864,-10.085905854068203,-7.559067067941648,-5.0190602921229015,-2.4998003271662714,0.0006801410837231615,lower,0.1
137,phase1,lower,-10.0,4,-11.725770337989864,-10.082609848480196,-7.554304655606745,-5.016058483430923,-2.498814667451218,0.0006133161137520875,lower,0.1
138,phase1,lower,-10.0,4,-11.725770337989864,-10.079227344690475,-7.666124440446077,-5.065649652336442,-2.534495865578368,-0.027079768212493825,lower,0.1
139,phase1,lower,-10.0,4,-11.725770337989864,-10.112288845657279,-7.672927003434075,-5.074493213805734,-2.5386176033759695,-0.005007650699908021,lower,0.1
140,phase1,lower,-10.0,4,-11.725770337989864,-10.122859547064875,-7.665862557304355,-5.07254347441461,-2.534984608054941,0.0007488114686385401,lower,0.1
141,phase1,upper,-15.0,2,-12.064173469074323,-10.122859547064875,-7.665862557304355,-5.07254347441461,-2.534984608054941,0.0010810362459363117,lower,0.1
142,phase1,lower,-10.0,4,-12.064173469074323,-10.12618691546748,-7.654902205942196,-5.066831075977674,-2.52970152545688,0.0017131351322576304,lower,0.1
143,phase1,lower,-10.0,4,-12.064173469074323,-10.12751662289592,-7.644063807650826,-5.060910915525548,-2.5247881543462634,0.0017504399276248395,lower,0.1
144,phase1,lower,-10.0,4,-12.064173469074323,-10.127595945436548,-7.63369718604985,-5.055111364290133,-2.520405502373597,0.001637608134273109,lower,0.1
145,phase1,upper,-15.0,2,-12.36668221578265,-10.127595945436548,-7.63369718604985,-5.055111364290133,-2.520405502373597,0.0023316857834493063,lower,0.1
146,phase1,lower,-10.0,4,-12.36668221578265,-10.126107552292774,-7.624027708937309,-5.050297509659612,-2.5164919457973363,0.002215682497211623,lower,0.1
147,phase1,lower,-10.0,4,-12.36668221578265,-10.123905453709737,-7.6149512710355225,-5.045705377069917,-2.513072597382325,0.002097600252819262,lower,0.1
148,phase1,lower,-10.0,4,-12.36668221578265,-10.12112219521478,-7.606434339716208,-5.041356186781039,-2.5100953987261008,0.0019811993778799646,lower,0.1
149,phase1,lower,-10.0,4,-12.36668221578265,-10.11787033022483,-7.598445451584307,-5.037262204543819,-2.5075123252488716,0.0018672555756775113,lower,0.1
150,phase1,lower,-10.0,4,-12.36668221578265,-10.114247312342668,-7.590956169294054,-5.033429498070246,-2.5052800309968046,0.0017558240165909355,lower,0.1
151,phase1,lower,-10.0,4,-12.36668221578265,-10.110337956422875,-7.583940758757334,-5.029859403417331,-2.503359651356997,0.0016468304764024584,lower,0.1
152,phase1,lower,-10.0,4,-12.36668221578265,-10.106216089227559,-7.577375652863565,-5.026549538231666,-2.50171641399803,0.0015402183909439071,lower,0.1
153,phase1,lower,-10.0,4,-12.36668221578265,-10.10194584903931,-7.571238962078492,-5.023494598827684,-2.5003192294778875,0.001435978567416319,lower,0.1
154,phase1,lower,-10.0,4,-12.36668221578265,-10.097582779632553,-7.565510081713588,-5.020687016896749,-2.499140305433998,0.0013341484558199923,lower,0.1
155,phase1,lower,-10.0,4,-12.36668221578265,-10.093174776230418,-7.560169392789927,-5.018117507278893,-2.4981547942224522,0.0012348041063726517,lower,0.1
156,phase1,lower,-10.0,4,-12.36668221578265,-10.088762914190633,-7.555198042033803,-5.015775525069691,-2.49734047474137,0.0011380509666235738,lower,0.1
157,phase1,lower,-10.0,4,-12.36668221578265,-10.084382181104989,-7.550577785796458,-5.013649645613702,-2.4966774667172413,0.0010440151455425879,lower,0.1
158,phase1,lower,-10.0,4,-12.36668221578265,-10.080062127943147,-7.546290884439159,-5.0117278785892925,-2.496147975092755,0.0009528355569427602,lower,0.1
159,phase1,upper,-15.0,2,-12.638319051309676,-10.080062127943147,-7.546290884439159,-5.0117278785892925,-2.496147975092755,0.00019106938375902313,lower,0.1
160,phase1,lower,-10.0,4,-12.638319051309676,-10.076513041147365,-7.542037468299302,-5.009391696919291,-2.4960936914363763,0.00013816495815776388,lower,0.1
161,phase1,lower,-10.0,4,-12.638319051309676,-10.072941135400217,-7.5380378794017195,-5.007360234482594,-2.4961153561940215,9.049720729206804e-05,lower,0.1
162,phase1,lower,-10.0,4,-12.638319051309676,-10.069369362313804,-7.639514563100399,-5.049622483688899,-2.6208613133007583,-0.06379178419858247,lower,0.1
163,phase1,lower,-10.0,4,-12.638319051309676,-10.133796488171187,-7.670095804877313,-5.084290363330539,-2.628192622812426,-0.015290351753523466,lower,0.1
164,phase1,lower,-10.0,4,-12.638319051309676,-10.15118773641997,-7.67009437540716,-5.094235133332451,-2.6191820140089224,-0.002548870801939531,lower,0.1
165,phase1,lower,-10.0,4,-12.638319051309676,-10.155372384040435,-7.662980810503062,-5.096565104166541,-2.6069925895038413,0.0006972846202618762,lower,0.1
166,phase1,lower,-10.0,4,-12.638319051309676,-10.155505670528463,-7.654781143453093,-5.096038560166956,-2.59500785118647,0.0014293805776122027,lower,0.1
167,phase1,upper,-15.0,2,-12.88139559705391,-10.155505670528463,-7.654781143453093,-5.096038560166956,-2.59500785118647,0.0020400650747384036,lower,0.1
168,phase1,lower,-10.0,4,-12.88139559705391,-10.153597159253662,-7.647422369252288,-5.09458308983462,-2.583524750617344,0.0020093739104636767,lower,0.1
169,phase1,lower,-10.0,4,-12.88139559705391,-10.151171243734108,-7.640671356179726,-5.092208463758506,-2.5732929594828637,0.0018996429001972594,lower,0.1
170,phase1,lower,-10.0,4,-12.88139559705391,-10.148411576368492,-7.634432263531206,-5.089163912938447,-2.564208617969903,0.0017758846055999724,lower,0.1
171,phase1,lower,-10.0,4,-12.88139559705391,-10.145415348939723,-7.628600947458756,-5.085632618217129,-2.5561563381102275,0.0016545728950058665,lower,0.1
172,phase1,lower,-10.0,4,-12.88139559705391,-10.142244793186121,-7.623090297427296,-5.081760173554969,-2.549026793555375,0.0015393884868266342,lower,0.1
173,phase1,lower,-10.0,4,-12.88139559705391,-10.138943893972094,-7.617833096320077,-5.07766504630419,-2.542720499793005,0.0014307110421944783,lower,0.1
174,phase1,lower,-10.0,4,-12.88139559705391,-10.135545174268918,-7.612779575116057,-5.073443871974664,-2.5371480000361535,0.00132813247342712,lower,0.1
175,phase1,lower,-10.0,4,-12.88139559705391,-10.132073295127547,-7.607894123029584,-5.069175042374609,-2.53222916779494,0.0012311153516171278,lower,0.1
176,phase1,lower,-10.0,4,-12.88139559705391,-10.128547374101297,-7.6031522501045945,-5.064921547673838,-2.5278923421970916,0.0011391586104416158,lower,0.1
177,phase1,upper,-15.0,2,-13.099408156329662,-10.128547374101297,-7.6031522501045945,-5.064921547673838,-2.5278923421970916,0.0005391811378444916,lower,0.1
178,phase1,lower,-10.0,4,-13.099408156329662,-10.125522598677566,-7.5982995536709295,-5.060271977647572,-2.5243874856700077,0.00046430987301467036,lower,0.1
179,phase1,lower,-10.0,4,-13.099408156329662,-10.12238241529119,-7.678014826460666,-5.0851146222040455,-2.5411922659445816,-0.014737881958254992,lower,0.1
180,phase1,lower,-10.0,4,-13.099408156329662,-10.141209750170567,-7.677976544170147,-5.0872926761315025,-2.616364849886849,-0.029134339763247072,lower,0.1
181,phase1,lower,-10.0,4,-13.099408156329662,-10.171107335357448,-7.6864016764140715,-5.102094860559492,-2.6129261007701237,-0.006192537504051142,lower,0.1
182,phase1,lower,-10.0,4,-13.099408156329662,-10.178210053216757,-7.680826600883358,-5.104697427155629,-2.602464895159834,-0.00023558448567771468,lower,0.1
183,phase1,lower,-10.0,4,-13.099408156329662,-10.178683734020527,-7.6722996529568395,-5.1033435221239705,-2.5911623918212654,0.0012162433078310828,lower,0.1
184,phase1,lower,-10.0,4,-13.099408156329662,-10.176950706937111,-7.66360211611547,-5.100390010534503,-2.580559746157716,0.0014798228165560509,lower,0.1
185,phase1,lower,-10.0,4,-13.099408156329662,-10.174284007320047,-7.6553499933342675,-5.096603332236336,-2.5709743376849254,0.0014363234700319465,lower,0.1
186,phase1,lower,-10.0,4,-13.099408156329662,-10.171097914798441,-7.647610305708533,-5.092304854020477,-2.5624070041285028,0.0013194597980173833,lower,0.1
187,phase1,lower,-10.0,4,-13.099408156329662,-10.167561640071234,-7.640325917619574,-5.087678317146416,-2.5547823971419623,0.0011908587525634496,lower,0.1
188,phase1,lower,-10.0,4,-13.099408156329662,-10.163766294948761,-7.633424394565652,-5.082854178817191,-2.5480121357645924,0.001066426816537238,lower,0.1
189,phase1,lower,-10.0,4,-13.099408156329662,-10.159772320775566,-7.626843518347239,-5.077934321186692,-2.5420109208196466,0.000949942718478692,lower,0.1
190,phase1,lower,-10.0,4,-13.099408156329662,-10.155624492086103,-7.6205352041331,-5.073000622465575,-2.536700205875818,0.0008419874513073785,lower,0.1
191,phase1,lower,-10.0,4,-13.099408156329662,-10.151357774584627,-7.6144641520481615,-5.068118986570381,-2.532008616315308,0.0007423176626267082,lower,0.1
192,phase1,lower,-10.0,4,-13.099408156329662,-10.147000326434615,-7.608605505141379,-5.063341944340087,-2.5278715552541864,0.0006504956580305652,lower,0.1
193,phase1,lower,-10.0,4,-13.099408156329662,-10.142575398213063,-7.602942588992457,-5.0587106806257465,-2.524230640263905,0.0005660556479639616,lower,0.1
194,phase1,upper,-15.0,2,-13.295338399968413,-10.142575398213063,-7.602942588992457,-5.0587106806257465,-2.524230640263905,0.0011177096049170595,lower,0.1
195,phase1,lower,-10.0,4,-13.295338399968413,-10.137606178646577,-7.5977449599323625,-5.054822984726729,-2.5208302590338025,0.001034326478129619,lower,0.1
196,phase1,lower,-10.0,4,-13.295338399968413,-10.132689162944839,-7.592754375676208,-5.0510479246787625,-2.58474267386743,-0.019667671335007894,lower,0.1
197,phase1,lower,-10.0,4,-13.295338399968413,-10.146396588419483,-7.600332590844786,-5.062416084502154,-2.5818429869801025,-0.004469819671186619,lower,0.1
198,phase1,lower,-10.0,4,-13.295338399968413,-10.145813026366083,-7.598596074283385,-5.065490698417784,-2.5743755981257097,-0.0005109904845305023,lower,0.1
199,phase1,lower,-10.0,4,-13.295338399968413,-10.141551222593892,-7.594838898597733,-5.0657580682010375,-2.566419961211682,0.00046640160645182574,lower,0.1
200,phase1,lower,-10.0,4,-13.295338399968413,-10.136460228748469,-7.59088995300282,-5.064804987233669,-2.5589865836452943,0.0006570840635805533,lower,0.1
201,phase1,lower,-10.0,4,-13.295338399968413,-10.131311825516681,-7.646442568971104,-5.077507734873613,-2.561668973913121,-0.006375475529860352,lower,0.1
202,phase1,lower,-10.0,4,-13.295338399968413,-10.138562827838998,-7.643497944247253,-5.0786757593757015,-2.556628184100921,-0.000514240554102319,lower,0.1
203,phase1,lower,-10.0,4,-13.295338399968413,-10.139519155978515,-7.637229240582003,-5.076502772605246,-2.5501909623729375,0.0009599442004791381,lower,0.1
204,phase1,lower,-10.0,4,-13.295338399968413,-10.138426214658432,-7.63043391777646,-5.073254032819836,-2.543968642993279,0.0012734953137967242,lower,0.1
205,phase1,lower,-10.0,4,-13.295338399968413,-10.136480839187819,-7.62380015302389,-5.069603445708553,-2.538326304299414,0.0012834878142935985,lower,0.1
206,phase1,lower,-10.0,4,-13.295338399968413,-10.134057631538562,-7.6174678776833655,-5.0657887300263695,-2.533304272951688,0.0012172428636690832,lower,0.1
207,phase1,upper,-15.0,2,-13.47034605667015,-10.134057631538562,-7.6174678776833655,-5.0657887300263695,-2.533304272951688,0.0006887082594687506,lower,0.1
208,phase1,lower,-10.0,4,-13.47034605667015,-10.131778818719521,-7.611188568282543,-5.061519011160197,-2.5291807871155982,0.0006097812997349269,lower,0.1
209,phase1,lower,-10.0,4,-13.47034605667015,-10.129170990506061,-7.605190091027129,-5.057338772999684,-2.525536662353525,0.0005345729186214782,lower,0.1
210,phase1,lower,-10.0,4,-13.47034605667015,-10.126291784931409,-7.599450086430076,-5.053284177724933,-2.5223223892948385,0.00046490731692214,lower,0.1
211,phase1,lower,-10.0,4,-13.47034605667015,-10.123189198496046,-7.593950932510944,-5.0493821482233345,-2.5194925436242803,0.0004009788472538247,lower,0.1
212,phase1,lower,-10.0,4,-13.47034605667015,-10.119904490935008,-7.588679395506387,-5.045652395994793,-2.517005941833147,0.0003425649305371103,lower,0.1
213,phase1,lower,-10.0,4,-13.47034605667015,-10.116473672954662,-7.583625736865049,-5.04210871689121,-2.514825386670485,0.0002893477984655888,lower,0.1
214,phase1,lower,-10.0,4,-13.47034605667015,-10.112928466327082,-7.578782829431833,-5.038759991955451,-2.512917330935327,0.00024099922333630552,lower,0.1
215,phase1,lower,-10.0,4,-13.47034605667015,-10.109297003336554,-7.574145405276849,-5.035611021962798,-2.5112515445481676,0.00019720218077010185,lower,0.1
216,phase1,lower,-10.0,4,-13.47034605667015,-10.10560436156789,-7.569709446694159,-5.032663240729419,-2.5098008052362535,0.00015765572497692244,lower,0.1
217,phase1,lower,-10.0,4,-13.47034605667015,-10.101872979928038,-7.565471705435895,-5.029915328733662,-2.5085406161665285,0.0001220754093198848,lower,0.1
218,phase1,lower,-10.0,4,-13.47034605667015,-10.098122984610436,-7.561429330836182,-5.0273637411878935,-2.5074489495060006,9.019255274880737e-05,lower,0.1
219,phase1,lower,-10.0,4,-13.47034605667015,-10.094372445935537,-7.557579588575173,-5.025003161710945,-2.5065060138888313,6.175324499953528e-05,lower,0.1
220,phase1,lower,-10.0,4,-13.47034605667015,-10.090637582279003,-7.553919654085139,-5.022826891060532,-2.5056940436517623,3.651733804866972e-05,lower,0.1
221,phase1,lower,-10.0,4,-13.47034605667015,-10.086932923855374,-7.602348437917617,-5.03093452667082,-2.511658378563655,-0.005046586605614769,lower,0.1
222,phase1,lower,-10.0,4,-13.47034605667015,-10.093016403206652,-7.598459363896563,-5.031359974122081,-2.511740946974911,-0.0008876462684159449,lower,0.1
223,phase1,lower,-10.0,4,-13.47034605667015,-10.094359580917217,-7.592347137392321,-5.029797453837306,-2.51045023040777,0.00017491712492519022,lower,0.1
224,phase1,lower,-10.0,4,-13.47034605667015,-10.094000911152296,-7.5860092838421345,-5.027771458950124,-2.5089632348460276,0.000417735882487563,lower,0.1
225,phase1,upper,-15.0,2,-13.627922928560833,-10.094000911152296,-7.5860092838421345,-5.027771458950124,-2.5089632348460276,0.00021735911142699795,lower,0.1
226,phase1,upper,-15.0,2,-13.769399717873583,-10.094000911152296,-7.5860092838421345,-5.027771458950124,-2.5089632348460276,0.00044572226498616253,lower,0.1
227,phase1,lower,-10.0,4,-13.769399717873583,-10.09280059838279,-7.579926542668618,-5.0256909221498445,-2.5075927310394923,0.0004194281785695471,lower,0.1
228,phase1,lower,-10.0,4,-13.769399717873583,-10.091135707450661,-7.574260397408083,-5.023701687697461,-2.5063949584787766,0.00038130713691488877,lower,0.1
229,phase1,lower,-10.0,4,-13.769399717873583,-10.08910500002318,-7.568986475478798,-5.0218162824657115,-2.505354914216477,0.0003424411528051999,lower,0.1
230,phase1,lower,-10.0,4,-13.769399717873583,-10.086784950531216,-7.564076842259095,-5.020039316298572,-2.504455411687957,0.0003055930217035765,lower,0.1
231,phase1,upper,-15.0,2,-13.896153613513043,-10.086784950531216,-7.564076842259095,-5.020039316298572,-2.504455411687957,0.0001210365691369397,lower,0.1
232,phase1,lower,-10.0,4,-13.896153613513043,-10.08440520679178,-7.55934333061178,-5.01823672677997,-2.5038645951724496,9.914526357217304e-05,lower,0.1
233,phase1,lower,-10.0,4,-13.896153613513043,-10.081809788436566,-7.554934754223193,-5.016583817985131,-2.5033541634462937,7.960256326830472e-05,lower,0.1
234,phase1,lower,-10.0,4,-13.896153613513043,-10.079050642708287,-7.550831251998836,-5.0150714489471095,-2.5029144682106326,6.224839857228096e-05,lower,0.1
235,phase1,lower,-10.0,4,-13.896153613513043,-10.076172680078628,-7.59238785747531,-5.020426883728008,-2.507020916854327,-0.003424582794647804,lower,0.1
236,phase1,lower,-10.0,4,-13.896153613513043,-10.080876322333479,-7.5873787160505,-5.020635246234148,-2.507163071183729,-0.0006240346606028152,lower,0.1
237,phase1,lower,-10.0,4,-13.896153613513043,-10.082088192899723,-7.581101672267002,-5.019523374182863,-2.506373521647018,9.43234122739267e-05,lower,0.1
238,phase1,lower,-10.0,4,-13.896153613513043,-10.081904649765404,-7.57487945040022,-5.0181140971956255,-2.505444285446021,0.00026154378920252797,lower,0.1
239,phase1,lower,-10.0,4,-13.896153613513043,-10.080966740418603,-7.569029302758855,-5.016683030418091,-2.504573263088493,0.0002843753487826752,lower,0.1
240,phase1,lower,-10.0,4,-13.896153613513043,-10.079517058838725,-7.563604975578327,-5.015305649975133,-2.5038017737444687,0.00027072298965713363,lower,0.1
241,phase1,lower,-10.0,4,-13.896153613513043,-10.077682199821993,-7.558593425453149,-5.014002999582487,-2.5031307368785707,0.00024907436479363124,lower,0.1
242,phase1,lower,-10.0,4,-13.896153613513043,-10.075549155456795,-7.553966671990006,-5.012780661946331,-2.502551438597288,0.00022682741631972628,lower,0.1
243,phase1,lower,-10.0,4,-13.896153613513043,-10.073186762435428,-7.549695208027885,-5.011639321357394,-2.5020536011830083,0.00020579356920804318,lower,0.1
244,phase1,lower,-10.0,4,-13.896153613513043,-10.070652392782387,-7.545751247083307,-5.0105777432803,-2.5016274278183697,0.00018631712753337673,lower,0.1
245,phase1,lower,-10.0,4,-13.896153613513043,-10.0679945927977,-7.542109317002325,-5.009593711076277,-2.5012640540636553,0.0001683686096717906,lower,0.1
246,phase1,lower,-10.0,4,-13.896153613513043,-10.065254533469458,-7.53874618863387,-5.00868439620322,-2.500955583750602,0.00015183374636213711,lower,0.1
247,phase1,lower,-10.0,4,-13.896153613513043,-10.062467048614174,-7.535640661988413,-5.007846557550402,-2.5006950219339172,0.00013658874916832586,lower,0.1
248,phase1,lower,-10.0,4,-13.896153613513043,-10.059661480077347,-7.532773343462255,-5.0070766779076745,-2.500476187563637,0.00012251885904879318,lower,0.1
249,phase1,lower,-10.0,4,-13.896153613513043,-10.056862399442695,-7.530126445118291,-5.006371068758454,-2.500293627389263,0.00010952191914050916,lower,0.1
250,phase1,lower,-10.0,4,-13.896153613513043,-10.054090234283027,-7.5276836104203735,-5.005725953859894,-2.5001425363446654,9.75080719595747e-05,lower,0.1
251,phase1,lower,-10.0,4,-13.896153613513043,-10.051361814631997,-7.525429764331537,-5.0051375362896335,-2.500018685343044,8.639853262648405e-05,lower,0.1
252,phase1,lower,-10.0,4,-13.896153613513043,-10.048690850922588,-7.523350984461968,-5.004602051856688,-2.4999183562732608,7.612422151849157e-05,lower,0.1
253,phase1,lower,-10.0,4,-13.896153613513043,-10.04608835247716,-7.521434390055368,-5.00411581108359,-2.4998382837020188,6.662446177368113e-05,lower,0.1
254,phase1,lower,-10.0,4,-13.896153613513043,-10.043562994219384,-7.519668045995797,-5.003675231591448,-2.4997756027296254,5.784579220706637e-05,lower,0.1
255,phase1,lower,-10.0,4,-13.896153613513043,-10.041121438184039,-7.518040879433949,-5.003276862450382,-2.499727802454236,4.9740904144088315e-05,lower,0.1
256,phase1,lower,-10.0,4,-13.896153613513043,-10.0387686154953,-7.5165426070083745,-5.002917401837088,-2.4996926845252427,4.226769888072099e-05,lower,0.1
257,phase1,lower,-10.0,4,-13.896153613513043,-10.036507973717613,-7.515163670962978,-5.002593709151586,-2.499668326298165,3.5388458950392244e-05,lower,0.1
258,phase1,lower,-10.0,4,-13.896153613513043,-10.034341693829095,-7.5138951827398905,-5.0023028125800675,-2.499653048136914,2.906912522929331e-05,lower,0.1
259,phase1,lower,-10.0,4,-13.896153613513043,-10.032270880507468,-7.5127288728622235,-5.002041912946574,-2.4996453844431055,2.327867154103527e-05,lower,0.1
260,phase1,lower,-10.0,4,-13.896153613513043,-10.030295728938556,-7.5116570461199546,-5.0018083845706,-2.4996440580254475,1.798856837377977e-05,lower,0.1
261,phase1,lower,-10.0,4,-13.896153613513043,-10.02841567094516,-7.51067254123951,-5.001599773738377,-2.4996479574545316,1.3172327453571567e-05,lower,0.1
262,phase1,lower,-10.0,4,-13.896153613513043,-10.026629502879887,-7.509768694358048,-5.0014137953007705,-2.4996561170794123,8.805119162308762e-06,lower,0.1
263,phase1,lower,-10.0,4,-13.896153613513043,-10.024935497420458,-7.508939305740983,-5.001248327828695,-2.4996676994118237,4.863455117842919e-06,lower,0.1
264,phase1,lower,-10.0,4,-13.896153613513043,-10.023331501142904,-7.508178609279381,-5.00110140768615,-2.499681979611672,1.3249286219646225e-06,lower,0.1
265,phase1,lower,-10.0,4,-13.896153613513043,-10.021815019520792,-7.507481244385441,-5.000971222320134,-2.4996983318334585,-1.8319938914097212e-06,lower,0.1
266,phase1,lower,-10.0,4,-13.896153613513043,-10.020383290801758,-7.506842229971934,-5.000856103014513,-2.4997162172174665,-4.6281368200165205e-06,lower,0.1
267,phase1,lower,-10.0,4,-13.896153613513043,-10.019033350041914,-7.506256940257325,-5.0007545173103285,-2.5391258242869856,-0.004254189849372994,lower,0.1
268,phase1,lower,-10.0,4,-13.896153613513043,-10.02158447992789,-7.508368733391085,-5.006468043689207,-2.5365366403002176,-0.0010319869985719438,lower,0.1
269,phase1,lower,-10.0,4,-13.896153613513043,-10.021191693572925,-7.508782317702374,-5.009888914313836,-2.5331670232767154,-0.0001836328856203101,lower,0.1
270,phase1,lower,-10.0,4,-13.896153613513043,-10.02011602558293,-7.508957184127784,-5.012248281835574,-2.529860360628114,3.4276078424339676e-05,lower,0.1
271,phase1,lower,-10.0,4,-13.896153613513043,-10.018969292966833,-7.509214298703407,-5.013944957230016,-2.5268139382809176,8.514454637990807e-05,lower,0.1
272,phase1,lower,-10.0,4,-13.896153613513043,-10.017917163448748,-7.5095858378062905,-5.015146744485556,-2.524055950645771,9.212106518347022e-05,lower,0.1
273,phase1,lower,-10.0,4,-13.896153613513043,-10.017001121925837,-7.510038718663913,-5.015951521930199,-2.52157204140087,8.790650865604997e-05,lower,0.1
274,phase1,lower,-10.0,4,-13.896153613513043,-10.016225765741854,-7.510532023951362,-5.016431144079307,-2.519338705627491,8.11599987146553e-05,lower,0.1
275,phase1,lower,-10.0,4,-13.896153613513043,-10.015583347563963,-7.511030576695163,-5.016644062846389,-2.5173319560609704,7.415157613991619e-05,lower,0.1
276,phase1,lower,-10.0,4,-13.896153613513043,-10.015061334058556,-7.511507121092255,-5.016639517713289,-2.5155294345523402,6.745489218744192e-05,lower,0.1
277,phase1,lower,-10.0,4,-13.896153613513043,-10.014645203358958,-7.511941699338944,-5.01645938255984,-2.5139107998088353,6.119471833003528e-05,lower,0.1
278,phase1,lower,-10.0,4,-13.896153613513043,-10.01431977771046,-7.512320475549491,-5.016139299528147,-2.512457673871781,5.5378571970000765e-05,lower,0.1
279,phase1,lower,-10.0,4,-13.896153613513043,-10.01407000677959,-7.512634577168713,-5.015709544022727,-2.5111534866359198,4.998482685526058e-05,lower,0.1
280,phase1,lower,-10.0,4,-13.896153613513043,-10.013881477474333,-7.512879081341525,-5.015195748362539,-2.5099833071439726,4.49860544626854e-05,lower,0.1
281,phase1,lower,-10.0,4,-13.896153613513043,-10.013740750412037,-7.513052159281995,-5.014619526342745,-2.508933683914647,4.035512259488607e-05,lower,0.1
282,phase1,lower,-10.0,4,-13.896153613513043,-10.013635571688697,-7.5131543641563265,-5.013999017324082,-2.5079924990127025,3.606669369963192e-05,lower,0.1
283,phase1,lower,-10.0,4,-13.896153613513043,-10.013554990911132,-7.513188043182672,-5.013349361319144,-2.507148836015594,3.2097490664803026e-05,lower,0.1
284,phase1,lower,-10.0,4,-13.896153613513043,-10.013489408396689,-7.513156855544907,-5.012683113879083,-2.506392860922133,2.842623089306202e-05,lower,0.1
285,phase1,lower,-10.0,4,-13.896153613513043,-10.013430569503708,-7.513065379838261,-5.012010608198112,-2.5057157148465645,2.5033472436552385e-05,lower,0.1
286,phase1,lower,-10.0,4,-13.896153613513043,-10.01337152041197,-7.5129187969585765,-5.011340270885294,-2.5051094173724144,2.1901440282902787e-05,lower,0.1
287,phase1,lower,-10.0,4,-13.896153613513043,-10.013306536770378,-7.512722636340026,-5.010678897065539,-2.5045667795259496,1.9013853320422555e-05,lower,0.1
288,phase1,lower,-10.0,4,-13.896153613513043,-10.013231034259354,-7.51248257519416,-5.010031889793662,-2.504081325422192,1.635575915952074e-05,lower,0.1
289,phase1,lower,-10.0,4,-13.896153613513043,-10.013141468169591,-7.512204281919334,-5.009403468170699,-2.503647221725303,1.3913379860356952e-05,lower,0.1
290,phase1,lower,-10.0,4,-13.896153613513043,-10.01303522750269,-7.5460398765865,-5.010281243217711,-2.5042777403809637,-0.0007636735008568747,lower,0.1
291,phase1,lower,-10.0,4,-13.896153613513043,-10.017022998561844,-7.542943538998502,-5.010022354169185,-2.504055757614959,-0.0001412829027128256,lower,0.1
292,phase1,lower,-10.0,4,-13.896153613513043,-10.01974220721795,-7.539733968293529,-5.009475744652952,-2.50364995550083,2.0152257721294327e-05,lower,0.1
293,phase1,lower,-10.0,4,-13.896153613513043,-10.02172324629356,-7.536687657886362,-5.008869635342715,-2.532659189992915,0.0006044204529992436,lower,0.1
294,phase1,lower,-10.0,4,-13.896153613513043,-10.02267570904514,-7.5334901801177585,-5.010940174420757,-2.5291693842602823,0.00018270824948709964,lower,0.1
295,phase1,lower,-10.0,4,-13.896153613513043,-10.023592718727864,-7.53109039161034,-5.0126481411441866,-2.5261662927452053,6.800806734815071e-05,lower,0.1
296,phase1,lower,-10.0,4,-13.896153613513043,-10.024281278755499,-7.529175778180541,-5.013938679000967,-2.5235023403841477,3.512235069240282e-05,lower,0.1
297,phase1,lower,-10.0,4,-13.896153613513043,-10.02473911858238,-7.5276037037771495,-5.014850188209634,-2.521117248786534,2.41756973835656e-05,lower,0.1
298,phase1,lower,-10.0,4,-13.896153613513043,-10.025003818974213,-7.526287955320028,-5.015438463759364,-2.518976044814092,1.924029348782571e-05,lower,0.1
299,phase1,lower,-10.0,4,-13.896153613513043,-10.025114916344654,-7.525166716674515,-5.015757477131066,-2.5170523726529823,1.607138766269163e-05,lower,0.1
300,phase1,lower,-10.0,4,-13.896153613513043,-10.025105632128742,-7.524192469965648,-5.015855099944848,-2.5153238695344915,1.3530506309165942e-05,lower,0.1
301,phase1,lower,-10.0,4,-13.896153613513043,-10.025002138456754,-7.523327967481652,-5.015772697736056,-2.5137707670289937,1.1305478885324864e-05,lower,0.1
302,phase1,lower,-10.0,4,-13.896153613513043,-10.024824546428247,-7.522544024708997,-5.015545662726329,-2.5123753666607915,9.304317681504505e-06,lower,0.1
303,phase1,lower,-10.0,4,-13.896153613513043,-10.024588120370408,-7.521817975187386,-5.015204117064513,-2.5111217631402085,7.494052634009704e-06,lower,0.1
304,phase1,lower,-10.0,4,-13.896153613513043,-10.024304361204736,-7.5211324533413535,-5.014773591657087,-2.5099956471049514,5.857848988956558e-06,lower,0.1
305,phase1,lower,-10.0,4,-13.896153613513043,-10.023981898354307,-7.520474394378966,-5.014275637105297,-2.5089841413191967,4.38357056727934e-06,lower,0.1
306,phase1,lower,-10.0,4,-13.896153613513043,-10.023627202743263,-7.519834202654168,-5.013728362543825,-2.508075656859875,3.0607054388249828e-06,lower,0.1
307,phase1,lower,-10.0,4,-13.896153613513043,-10.023245148099459,-7.519205059095898,-5.013146907759625,-2.5072597646024923,1.8795180884560425e-06,lower,0.1
308,phase1,lower,-10.0,4,-13.896153613513043,-10.022839447632824,-7.51858234570744,-5.012543855757979,-2.5065270797635604,8.307970252319967e-07,lower,0.1
309,phase1,lower,-10.0,4,-13.896153613513043,-10.022412989722962,-7.51796316909643,-5.011929592746004,-2.5058691580058254,-9.423582105806168e-08,lower,0.1
310,phase1,lower,-10.0,4,-13.896153613513043,-10.021968092472548,-7.517345967772016,-5.011312621856501,-2.5052784019010197,-9.039693609234861e-07,lower,0.1
311,phase1,lower,-10.0,4,-13.896153613513043,-10.02150669357492,-7.5418779794560615,-5.008515492549237,-2.5032019540877357,0.0012051987308927257,lower,0.1
312,phase1,lower,-10.0,4,-13.896153613513043,-10.02245914330523,-7.5377864250934135,-5.007458680027768,-2.523835024116171,0.004245525863961843,lower,0.1
313,phase1,lower,-10.0,4,-13.896153613513043,-10.020170898206482,-7.5320846103775025,-5.007240321150162,-2.5201651175852122,0.0009746220720495823,lower,0.1
314,phase1,lower,-10.0,4,-13.896153613513043,-10.02048510955874,-7.529023582204684,-5.008163514077729,-2.51791932839797,0.00011641174673073274,lower,0.1
315,phase1,lower,-10.0,4,-13.896153613513043,-10.021234186251275,-7.5269094557938345,-5.0091588310399215,-2.5161768639880417,-0.00010107739636194818,lower,0.1
316,phase1,lower,-10.0,4,-13.896153613513043,-10.021892682862259,-7.525244781401392,-5.009978240761126,-2.5146800272544616,-0.00014885188698484465,lower,0.1
317,phase1,lower,-10.0,4,-13.896153613513043,-10.022361859414458,-7.523858500191424,-5.010587029111743,-2.5133487487307,-0.00015208748842746023,lower,0.1
318,phase1,lower,-10.0,4,-13.896153613513043,-10.02264840223174,-7.522673312586447,-5.011002808694785,-2.512151393133491,-0.00014402950913590786,lower,0.1
319,phase1,lower,-10.0,4,-13.896153613513043,-10.022780519825432,-7.521642691512307,-5.011253295924618,-2.5110702884384573,-0.00013348663442233654,lower,0.1
320,phase1,lower,-10.0,4,-13.896153613513043,-10.022786874965098,-7.520733166686046,-5.011365588760186,-2.5100924484561578,-0.0001227729252568536,lower,0.1
321,phase1,lower,-10.0,4,-13.896153613513043,-10.022691999769924,-7.519918792973615,-5.011363755694435,-2.5092070047186072,-0.00011247751451995975,lower,0.1
322,phase1,lower,-10.0,4,-13.896153613513043,-10.02251590885336,-7.5191789857022995,-5.011268579073324,-2.5084044327124193,-0.00010273264970375072,lower,0.1
323,phase1,lower,-10.0,4,-13.896153613513043,-10.022274675922988,-7.518497360365335,-5.011097822634302,-2.5076762647136386,-9.355081670658067e-05,lower,0.1
324,phase1,lower,-10.0,4,-13.896153613513043,-10.021981140102259,-7.517860932545018,-5.010866595742184,-2.5070149405187663,-8.491433452146861e-05,lower,0.1
325,phase1,lower,-10.0,4,-13.896153613513043,-10.021645542247603,-7.517259492929097,-5.0105877058088195,-2.5064137024329685,-7.679910173623904e-05,lower,0.1
326,phase1,lower,-10.0,4,-13.896153613513043,-10.021276056507315,-7.516685096277217,-5.010271974589413,-2.5058665087925247,-6.918080521056588e-05,lower,0.1
327,phase1,lower,-10.0,4,-13.896153613513043,-10.020879223208995,-7.516131637844227,-5.009928515905824,-2.5053679584510133,-6.203644507209684e-05,lower,0.1
328,phase1,lower,-10.0,4,-13.896153613513043,-10.020460297473083,-7.515594501441844,-5.0095649776906805,-2.504913223570311,-5.534460254642395e-05,lower,0.1
329,phase1,lower,-10.0,4,-13.896153613513043,-10.020023528012251,-7.515070267422673,-5.009187752252758,-2.5044979894384465,-4.908536896598497e-05,lower,0.1
330,phase1,lower,-10.0,4,-13.896153613513043,-10.019572378785362,-7.514556471053101,-5.008802158564996,-2.504118400469353,-4.3240185837223925e-05,lower,0.1
331,phase1,lower,-10.0,4,-13.896153613513043,-10.01910970417939,-7.514051403263404,-5.008412600025206,-2.5037710117123058,-3.779166670946331e-05,lower,0.1
332,phase1,lower,-10.0,4,-13.896153613513043,-10.018637886587829,-7.5135539469791635,-5.008022700758169,-2.503452745295249,-3.272342277735477e-05,lower,0.1
333,phase1,lower,-10.0,4,-13.896153613513043,-10.01815894370746,-7.513063443259233,-5.007635423171375,-2.5031608512960344,-2.8019900194335134e-05,lower,0.1
334,phase1,lower,-10.0,4,-13.896153613513043,-10.017674611572811,-7.51257958233679,-5.007253169155876,-2.5028928725929593,-2.366623257037643e-05,lower,0.1
335,phase1,lower,-10.0,4,-13.896153613513043,-10.017186408258523,-7.529981928246833,-5.002166459217224,-2.4993885737972255,0.0024761584534962293,lower,0.1
336,phase1,lower,-10.0,4,-13.896153613513043,-10.016237417649206,-7.525640920202608,-5.0007846116024925,-2.4987542528645594,0.0004892989299206482,lower,0.1
337,phase1,lower,-10.0,4,-13.896153613513043,-10.016737398867617,-7.522864319404963,-5.000408809576707,-2.4988432089139283,-2.8325812166822047e-05,lower,0.1
338,phase1,lower,-10.0,4,-13.896153613513043,-10.017375584152301,-7.520659298289313,-5.000316298129685,-2.4990892535457703,-0.00015617557141017185,lower,0.1
339,phase1,lower,-10.0,4,-13.896153613513043,-10.017844513580272,-7.5187477787887,-5.000310555666634,-2.4993459006999195,-0.00018109653011860564,lower,0.1
340,phase1,lower,-10.0,4,-13.896153613513043,-10.018097826978222,-7.517042719776281,-5.000335753477036,-2.4995778252416296,-0.00017925019290837248,lower,0.1
341,phase1,upper,-15.0,2,-14.010254769245844,-10.018097826978222,-7.517042719776281,-5.000335753477036,-2.4995778252416296,-0.00012687489303831956,lower,0.1
342,phase1,lower,-10.0,4,-14.010254769245844,-10.018106503661762,-7.515530857075814,-5.000413684580208,-2.4997503546082394,-0.00011564350057133611,lower,0.1
343,phase1,lower,-10.0,4,-14.010254769245844,-10.017953018153682,-7.5141684671775755,-5.000492299431553,-2.499897871226988,-0.00010426975436249935,lower,0.1
344,phase1,lower,-10.0,4,-14.010254769245844,-10.017668405834996,-7.512940628671271,-5.0005690688432445,-2.5000226133403873,-9.345805558081016e-05,lower,0.1
345,phase1,lower,-10.0,4,-14.010254769245844,-10.017279740368645,-7.511834107756876,-5.000642220325132,-2.5001268812726876,-8.336200371255765e-05,lower,0.1
346,phase1,lower,-10.0,4,-14.010254769245844,-10.016810202910808,-7.510836909284619,-5.000710427352792,-2.5002128473099003,-7.399045573300801e-05,lower,0.1
347,phase1,lower,-10.0,4,-14.010254769245844,-10.016279464958348,-7.509938102881218,-5.000772694389306,-2.5002825160745306,-6.531547779295996e-05,lower,0.1
348,phase1,lower,-10.0,4,-14.010254769245844,-10.015704112680648,-7.509127725144485,-5.000828297490192,-2.500337724206673,-5.73010090071171e-05,lower,0.1
349,phase1,lower,-10.0,4,-14.010254769245844,-10.015098044835138,-7.508396704853324,-5.000876742841939,-2.5003801497971554,-4.991041798486047e-05,lower,0.1
350,phase1,lower,-10.0,4,-14.010254769245844,-10.014472830213144,-7.5077367969573485,-5.0009177328834395,-2.500411323731974,-4.3108428240450935e-05,lower,0.1
351,phase1,lower,-10.0,4,-14.010254769245844,-10.013838024472982,-7.507140521441717,-5.0009511369569895,-2.500432640888854,-3.686153453314221e-05,lower,0.1
352,phase1,lower,-10.0,4,-14.010254769245844,-10.013201449550936,-7.521436027942957,-4.9953704999519655,-2.4965755257807105,0.0029418707789399764,lower,0.1
353,phase1,lower,-10.0,4,-14.010254769245844,-10.011377223689092,-7.516977715780936,-4.994183599482506,-2.496101965693021,0.0005774955612987709,lower,0.1
354,phase1,lower,-10.0,4,-14.010254769245844,-10.011417526893107,-7.514356312059805,-4.994175984793994,-2.496459823976148,-3.7926438845984985e-05,lower,0.1
355,phase1,lower,-10.0,4,-14.010254769245844,-10.011745539204739,-7.5123906137619025,-4.994486185437654,-2.4969781891847553,-0.00018946376828806737,lower,0.1
356,phase1,lower,-10.0,4,-14.010254769245844,-10.011980564051916,-7.510750139478132,-4.99487961512968,-2.4974854748374624,-0.00021858564653970684,lower,0.1
357,phase1,lower,-10.0,4,-14.010254769245844,-10.012054248676423,-7.5093317120523455,-4.9952895156559185,-2.4979421362067535,-0.00021594455993489904,lower,0.1
358,phase1,lower,-10.0,4,-14.010254769245844,-10.011976345117956,-7.508093730880973,-4.995694741107753,-2.5104529013205172,0.006845793195825742,lower,0.1
359,phase1,lower,-10.0,4,-14.010254769245844,-10.005426869818015,-7.502638181524791,-4.994267961533287,-2.5074045689601383,0.0015393124182291208,lower,0.1
360,phase1,lower,-10.0,4,-14.010254769245844,-10.003762619812285,-7.50097623828459,-4.995086031057763,-2.5063690582104643,0.00015264668035160704,lower,0.1
361,phase1,lower,-10.0,4,-14.010254769245844,-10.0033465996472,-7.500444728960783,-4.996342337948247,-2.505880759388612,-0.0001935905224504768,lower,0.1
362,phase1,lower,-10.0,4,-14.010254769245844,-10.003230644048765,-7.500308799557123,-4.997574972169613,-2.5055485185060973,-0.00026473118239670926,lower,0.1
363,phase1,lower,-10.0,4,-14.010254769245844,-10.003176717663758,-7.500350690005928,-4.998677304879139,-2.5052670613634995,-0.00026413880147809594,lower,0.1
364,phase1,lower,-10.0,4,-14.010254769245844,-10.003131839819305,-7.500493910319353,-4.999635242903451,-2.5050073300513107,-0.00024579386994020083,lower,0.1
365,phase1,lower,-10.0,4,-14.010254769245844,-10.003089261352256,-7.500702753594069,-5.000457619719444,-2.5047607153086746,-0.0002239703988044698,lower,0.1
366,phase1,lower,-10.0,4,-14.010254769245844,-10.003052183935361,-7.500955086936654,-5.001157898397669,-2.504524203405677,-0.000202391182312512,lower,0.1
367,phase1,lower,-10.0,4,-14.010254769245844,-10.003024626299572,-7.501234695390379,-5.001749489210195,-2.5042964033794277,-0.00018197822465076984,lower,0.1
368,phase1,lower,-10.0,4,-14.010254769245844,-10.003009413610839,-7.501528886681595,-5.002244663941054,-2.504076470086026,-0.00016291305182073395,lower,0.1
369,phase1,lower,-10.0,4,-14.010254769245844,-10.003007982664553,-7.50182754834356,-5.002654406490895,-2.5038638000067435,-0.00014518432692800992,lower,0.1
370,phase1,lower,-10.0,4,-14.010254769245844,-10.003020605126688,-7.50212263692342,-5.002988494903624,-2.503657934975201,-0.00012873326737831747,lower,0.1
371,phase1,lower,-10.0,4,-14.010254769245844,-10.003046668247002,-7.502407821263203,-5.003255629515642,-2.503458523290521,-0.00011349208982796709,lower,0.1
372,phase1,lower,-10.0,4,-14.010254769245844,-10.003084926429468,-7.502678200134815,-5.003463559813298,-2.503265297879882,-9.93939829043531e-05,lower,0.1
373,phase1,lower,-10.0,4,-14.010254769245844,-10.003133708384617,-7.502930068056932,-5.003619199031907,-2.5030780605232494,-8.637549189348535e-05,lower,0.1
374,phase1,lower,-10.0,4,-14.010254769245844,-10.003191082294553,-7.512890687150447,-4.996859815861107,-2.498183886310883,0.003511148560896092,lower,0.1
375,phase1,lower,-10.0,4,-14.010254769245844,-10.001001009075335,-7.50908744306044,-4.995430562054366,-2.497431176143152,0.0006321619729215181,lower,0.1
376,phase1,lower,-10.0,4,-14.010254769245844,-10.001240706698216,-7.5073579344601375,-4.995415957470337,-2.505293383612038,0.008010961854535748,lower,0.1
377,phase1,lower,-10.0,4,-14.010254769245844,-9.994642563805325,-7.507054643379536,-4.985541757035535,-2.4973290881616665,0.005682876991696435,lower,0.1
378,phase1,lower,-10.0,4,-14.010254769245844,-9.990769182470219,-7.501363678847427,-4.984288547694434,-2.4961468990564057,0.000963222231387897,lower,0.1
379,phase1,lower,-10.0,4,-14.010254769245844,-9.99096173209969,-7.4991329244018345,-4.9852449327558785,-2.4966406570819504,-0.0002587036240728159,lower,0.1
380,phase1,lower,-10.0,4,-14.010254769245844,-9.99201168459157,-7.498005298998289,-4.986704591307945,-2.4974676235596815,-0.0005534752452357313,lower,0.1
381,phase1,lower,-10.0,4,-14.010254769245844,-9.993109173752956,-7.497326780706005,-4.988213467613348,-2.5024378567715138,0.007843530549877414,lower,0.1
382,phase1,lower,-10.0,4,-14.010254769245844,-9.986471756953371,-7.491734355925241,-4.9865085836572876,-2.500107912952138,0.0015196276717503623,lower,0.1
383,phase1,lower,-10.0,4,-14.010254769245844,-9.985630351945982,-7.490567863487124,-4.9876045228342,-2.5000423731386037,-0.0001126483583320953,lower,0.1
384,phase1,lower,-10.0,4,-14.010254769245844,-9.986225486622594,-7.490662819018527,-4.989313545378379,-2.500500464851849,-0.0005009391841776842,lower,0.1
385,phase1,lower,-10.0,4,-14.010254769245844,-9.987120065127948,-7.491158733302004,-4.991061690665926,-2.501026675161084,-0.000561544804965582,lower,0.1
386,phase1,lower,-10.0,4,-14.010254769245844,-9.988029322269822,-7.491810173551841,-4.992703594504445,-2.5015066316780303,-0.0005378748902520127,lower,0.1
387,phase1,lower,-10.0,4,-14.010254769245844,-9.988891494799251,-7.492537476771707,-4.994207473885375,-2.501916157670603,-0.0004944745373889716,lower,0.1
388,phase1,lower,-10.0,4,-14.010254769245844,-9.989701120080147,-7.493307040269167,-4.995571419715016,-2.5022545917271657,-0.00044834997050476267,lower,0.1
389,phase1,lower,-10.0,4,-14.010254769245844,-9.990465227072503,-7.494099260811006,-4.9968011726848145,-2.502527089903264,-0.0004038787623990398,lower,0.1
390,phase1,lower,-10.0,4,-14.010254769245844,-9.991192121332512,-7.494899805543843,-4.997904238910642,-2.502739948302316,-0.00036208999104050504,lower,0.1
391,phase1,lower,-10.0,4,-14.010254769245844,-9.991888770745582,-7.495697112501526,-4.998888345493997,-2.50289938602579,-0.00032313100612842486,lower,0.1
392,phase1,lower,-10.0,4,-14.010254769245844,-9.992560422826692,-7.496481570210551,-4.999761046537461,-2.5030112468872563,-0.00028692283556768796,lower,0.1
393,phase1,lower,-10.0,4,-14.010254769245844,-9.99321076811709,-7.497245163153933,-5.00052963214978,-2.503080944075939,-0.0002533339590196828,lower,0.1
394,phase1,lower,-10.0,4,-14.010254769245844,-9.99384220818389,-7.4979812575640254,-5.001201115518147,-2.50311346801231,-0.0002222259712490971,lower,0.1
395,phase1,lower,-10.0,4,-14.010254769245844,-9.994456116496027,-7.498684438485436,-5.271782238590375,-2.692113409565769,-0.14719346514778825,lower,0.1
396,phase1,lower,-10.0,4,-14.010254769245844,-10.127353067327977,-7.6459603723275,-5.598196480871849,-2.904809885921629,-0.17464962493264863,lower,0.1
397,phase1,lower,-10.0,4,-14.010254769245844,-10.286398460267314,-7.850426857299665,-5.9212654762057735,-3.0987893221445804,-0.17025006399083764,lower,0.1
398,phase1,lower,-10.0,4,-14.010254769245844,-10.446026357562303,-8.082209844883618,-6.223574083159564,-3.2643930061851694,-0.15744431567509037,lower,0.1
399,phase1,upper,-15.0,2,-14.254142533750468,-10.446026357562303,-8.082209844883618,-6.223574083159564,-3.2643930061851694,-0.35741255433590846,lower,0.1
400,phase2,lower,-20.0,4,-14.254142533750468,-10.781316005196754,-9.359121330393709,-6.305986335457129,-3.372566875041458,-0.34089575812409967,lower,0.1
401,phase2,lower,-20.0,4,-14.254142533750468,-11.195902720028139,-10.502415379000809,-6.377373781556198,-3.470201819990117,-0.3232521593591222,lower,0.1
402,phase2,lower,-20.0,4,-14.254142533750468,-11.667480929348615,-11.523668025810228,-6.43805764381168,-3.5563299915975453,-0.30492235130232703,lower,0.1
403,phase2,lower,-20.0,4,-14.254142533750468,-12.177529755166871,-12.433688756159675,-6.488424847239759,-3.630455625773621,-0.28616373492229463,lower,0.1
404,phase2,lower,-20.0,4,-14.254142533750468,-12.710693016696217,-13.242473504455365,-6.528873472372174,-3.692419071800675,-0.2671712073175387,lower,0.1
405,phase2,lower,-20.0,4,-14.254142533750468,-13.254325152057916,-13.959234946409287,-6.559808618033413,-3.742318379093721,-0.2481102535536887,lower,0.1
406,phase2,lower,-20.0,4,-14.254142533750468,-13.798115359691373,-14.592451575499544,-6.581647815163891,-3.780452794707771,-0.2291266270181158,lower,0.1
407,phase2,lower,-20.0,4,-14.254142533750468,-14.333762945588495,-15.1499196911357,-6.594826021122495,-3.8072777253280865,-0.21034970564991262,upper,0.1
408,phase2,upper,-15.0,2,-14.539104419949076,-14.333762945588495,-15.1499196911357,-6.594826021122495,-3.8072777253280865,-0.037474528769212534,lower,0.1
409,phase2,lower,-20.0,4,-14.539104419949076,-14.699105696035506,-15.571071624197389,-6.575281775753715,-3.68460846545657,0.003984432765441777,upper,0.1
410,phase2,upper,-15.0,2,-14.610002609321635,-14.699105696035506,-15.571071624197389,-6.575281775753715,-3.68460846545657,0.011035148228036926,upper,0.1
411,phase2,upper,-15.0,2,-14.664424473748284,-14.699105696035506,-15.571071624197389,-6.575281775753715,-3.68460846545657,0.014151098668758372,upper,0.1
412,phase2,upper,-15.0,2,-14.707332889490493,-14.699105696035506,-15.571071624197389,-6.575281775753715,-3.68460846545657,0.015121423627268052,lower,0.1
413,phase2,lower,-20.0,4,-14.707332889490493,-15.022693007587153,-16.035174791865632,-6.685724308237258,-3.6306927379260405,-0.01502153036582378,upper,0.1
414,phase2,upper,-15.0,2,-14.769003851768092,-15.022693007587153,-16.035174791865632,-6.685724308237258,-3.6306927379260405,0.00016895164397429455,upper,0.1
415,phase2,upper,-15.0,2,-14.809743562729071,-15.022693007587153,-16.035174791865632,-6.685724308237258,-3.6306927379260405,0.0076599406028206776,upper,0.1
416,phase2,upper,-15.0,2,-14.83766978121637,-15.022693007587153,-16.035174791865632,-6.685724308237258,-3.6306927379260405,0.010967239567724014,upper,0.1
417,phase2,lower,-20.0,4,-14.83766978121637,-15.364070670404049,-16.34061762487543,-6.61939681679414,-3.5072113396965854,0.011905806820461034,upper,0.1
418,phase2,upper,-15.0,2,-14.85667393795877,-15.364070670404049,-16.34061762487543,-6.61939681679414,-3.5072113396965854,0.011190651622960767,upper,0.1
419,phase2,upper,-15.0,2,-14.87203430421999,-15.364070670404049,-16.34061762487543,-6.61939681679414,-3.5072113396965854,0.01020407741555146,upper,0.1
420,phase2,upper,-15.0,2,-14.884644989154955,-15.364070670404049,-16.34061762487543,-6.61939681679414,-3.5072113396965854,0.009122240208860509,upper,0.1
421,phase2,upper,-15.0,2,-14.895145666038278,-15.364070670404049,-16.34061762487543,-6.61939681679414,-3.5072113396965854,0.00804014094268834,upper,0.1
422,phase2,upper,-15.0,2,-14.90400835911499,-15.364070670404049,-16.34061762487543,-6.61939681679414,-3.5072113396965854,0.007007634777628138,upper,0.1
423,phase2,upper,-15.0,2,-14.911589654371268,-15.364070670404049,-16.34061762487543,-6.61939681679414,-3.5072113396965854,0.006049376035563976,upper,0.1
424,phase2,upper,-15.0,2,-14.918163286637947,-15.364070670404049,-16.34061762487543,-6.61939681679414,-3.5072113396965854,0.005175910294835098,upper,0.1
425,phase2,upper,-15.0,2,-14.923941389965973,-15.364070670404049,-16.34061762487543,-6.61939681679414,-3.5072113396965854,0.00438987887798249,upper,0.1
426,phase2,upper,-15.0,2,-14.929089030030246,-15.364070670404049,-16.34061762487543,-6.61939681679414,-3.5072113396965854,-0.15875764037578288,upper,0.1
427,phase2,upper,-15.0,2,-15.092260632926607,-15.364070670404049,-16.34061762487543,-6.61939681679414,-3.5072113396965854,-0.011867558766192852,upper,0.1
428,phase2,upper,-15.0,2,-15.111439782912324,-15.364070670404049,-16.34061762487543,-6.61939681679414,-3.5072113396965854,-0.004276627174951609,upper,0.1
429,phase2,upper,-15.0,2,-15.120652608485669,-15.364070670404049,-16.34061762487543,-6.61939681679414,-3.5072113396965854,-0.00043331672923475916,upper,0.1
430,phase2,upper,-15.0,2,-15.123916957205592,-15.364070670404049,-16.34061762487543,-6.61939681679414,-3.5072113396965854,0.001386563885449653,upper,0.1
431,phase2,upper,-15.0,2,-15.123572099560965,-15.364070670404049,-16.34061762487543,-6.61939681679414,-3.5072113396965854,0.0021279175090657384,upper,0.1
432,phase2,upper,-15.0,2,-15.121010244813988,-15.364070670404049,-16.34061762487543,-6.61939681679414,-3.5072113396965854,0.002307428701689944,upper,0.1
433,phase2,upper,-15.0,2,-15.117082389762142,-15.364070670404049,-16.34061762487543,-6.61939681679414,-3.5072113396965854,0.0022064957364793672,upper,0.1
434,phase2,upper,-15.0,2,-15.11232469524253,-15.364070670404049,-16.34061762487543,-6.61939681679414,-3.5072113396965854,0.001977273343164541,upper,0.1
435,phase2,upper,-15.0,2,-15.107085775231011,-15.364070670404049,-16.34061762487543,-6.61939681679414,-3.5072113396965854,0.0017009699179210665,upper,0.1
436,phase2,upper,-15.0,2,-15.101599121940623,-15.364070670404049,-16.34061762487543,-6.61939681679414,-3.5072113396965854,-0.14732743982404845,upper,0.1
437,phase2,upper,-15.0,2,-15.241852583351323,-15.364070670404049,-16.34061762487543,-6.61939681679414,-3.5072113396965854,-0.006980602485371835,upper,0.1
438,phase2,upper,-15.0,2,-15.244997491424888,-15.364070670404049,-16.34061762487543,-6.61939681679414,-3.5072113396965854,-0.002834065308906351,upper,0.1
439,phase2,upper,-15.0,2,-15.242324406804522,-15.364070670404049,-16.34061762487543,-6.61939681679414,-3.5072113396965854,-0.0007159949146872788,upper,0.1
440,phase2,upper,-15.0,2,-15.236161560793208,-15.364070670404049,-16.34061762487543,-6.61939681679414,-3.5072113396965854,0.0003067556351479842,upper,0.1
441,phase2,upper,-15.0,2,-15.227901789839047,-15.364070670404049,-16.34061762487543,-6.61939681679414,-3.5072113396965854,0.0007452912162364066,upper,0.1
442,phase2,upper,-15.0,2,-15.218402610747878,-15.364070670404049,-16.34061762487543,-6.61939681679414,-3.5072113396965854,0.0008788729592619387,upper,0.1
443,phase2,upper,-15.0,2,-15.208209336908379,-15.364070670404049,-16.34061762487543,-6.61939681679414,-3.5072113396965854,0.0008594318010817287,upper,0.1
444,phase2,upper,-15.0,2,-15.197680516175156,-15.364070670404049,-16.34061762487543,-6.61939681679414,-3.5072113396965854,0.0007690036764722303,upper,0.1
445,phase2,upper,-15.0,2,-15.187059303394092,-15.364070670404049,-16.34061762487543,-6.61939681679414,-3.5072113396965854,0.0006512963642382474,upper,0.1
446,phase2,upper,-15.0,2,-15.176514779116244,-15.364070670404049,-16.34061762487543,-6.61939681679414,-3.5072113396965854,0.0005290408946187218,upper,0.1
447,phase2,upper,-15.0,2,-15.16616645156291,-15.364070670404049,-16.34061762487543,-6.61939681679414,-3.5072113396965854,0.0004135299680833767,upper,0.1
448,phase2,upper,-15.0,2,-15.15609925429868,-15.364070670404049,-16.34061762487543,-6.61939681679414,-3.5072113396965854,0.00030986131671016935,upper,0.1
449,phase2,upper,-15.0,2,-15.146373092409883,-15.364070670404049,-16.34061762487543,-6.61939681679414,-3.5072113396965854,0.00021981919600976875,upper,0.1
450,phase2,upper,-15.0,2,-15.137029194889381,-15.364070670404049,-16.34061762487543,-6.61939681679414,-3.5072113396965854,-0.13536555875637335,upper,0.1
451,phase2,upper,-15.0,2,-15.261572253473076,-15.364070670404049,-16.34061762487543,-6.61939681679414,-3.5072113396965854,-0.0021653354045004167,upper,0.1
452,phase2,upper,-15.0,2,-15.256312759526347,-15.364070670404049,-16.34061762487543,-6.61939681679414,-3.5072113396965854,-0.0010252692410985043,upper,0.1
453,phase2,upper,-15.0,2,-15.248763779471842,-15.364070670404049,-16.34061762487543,-6.61939681679414,-3.5072113396965854,-0.0004341106661293101,upper,0.1
454,phase2,upper,-15.0,2,-15.239757910517605,-15.364070670404049,-16.34061762487543,-6.61939681679414,-3.5072113396965854,-0.0001393062726769818,upper,0.1
455,phase2,upper,-15.0,2,-15.229840988336115,-15.364070670404049,-16.34061762487543,-6.61939681679414,-3.5072113396965854,-2.6834581875507136e-06,upper,0.1
456,phase2,upper,-15.0,2,-15.219385236313745,-15.364070670404049,-16.34061762487543,-6.61939681679414,-3.5072113396965854,5.113225229434542e-05,upper,0.1
457,phase2,upper,-15.0,2,-15.208653808354974,-15.364070670404049,-16.34061762487543,-6.61939681679414,-3.5072113396965854,6.305631461520805e-05,upper,0.1
458,phase2,upper,-15.0,2,-15.197838308049253,-15.364070670404049,-16.34061762487543,-6.61939681679414,-3.5072113396965854,-0.1229113056531849,upper,0.1
459,phase2,upper,-15.0,2,-15.30883188320203,-15.364070670404049,-16.34061762487543,-6.61939681679414,-3.5072113396965854,0.002575655597674857,upper,0.1
460,phase2,upper,-15.0,2,-15.297107667059592,-15.364070670404049,-16.34061762487543,-6.61939681679414,-3.5072113396965854,0.0012862876767886413,upper,0.1
461,phase2,upper,-15.0,2,-15.285390642660847,-15.364070670404049,-16.34061762487543,-6.61939681679414,-3.5072113396965854,0.000580533578615708,upper,0.1
462,phase2,upper,-15.0,2,-15.273472537826903,-15.364070670404049,-16.34061762487543,-6.61939681679414,-3.5072113396965854,0.00019712527415103313,upper,0.1
463,phase2,upper,-15.0,2,-15.261331678782133,-15.364070670404049,-16.34061762487543,-6.61939681679414,-3.5072113396965854,-7.9173413060015e-06,upper,0.1
464,phase2,upper,-15.0,2,-15.24903238518812,-15.364070670404049,-16.34061762487543,-6.61939681679414,-3.5072113396965854,-0.00011406742275858452,upper,0.1
465,phase2,lower,-20.0,4,-15.24903238518812,-15.71182802653167,-16.618540587654937,-6.558327035579662,-3.4065803732106756,-0.0001860149414404005,upper,0.1
466,phase2,upper,-15.0,2,-15.236736852895257,-15.71182802653167,-16.618540587654937,-6.558327035579662,-3.4065803732106756,-0.000189841509503007,upper,0.1
467,phase2,upper,-15.0,2,-15.224441634935474,-15.71182802653167,-16.618540587654937,-6.558327035579662,-3.4065803732106756,-0.00018442162719579025,upper,0.1
468,phase2,upper,-15.0,2,-15.212262693330803,-15.71182802653167,-16.618540587654937,-6.558327035579662,-3.4065803732106756,-0.00017408450977558288,upper,0.1
469,phase2,upper,-15.0,2,-15.200295092454118,-15.71182802653167,-16.618540587654937,-6.558327035579662,-3.4065803732106756,-0.00016130679222791996,upper,0.1
470,phase2,upper,-15.0,2,-15.188615043516233,-15.71182802653167,-16.618540587654937,-6.558327035579662,-3.4065803732106756,-0.11073523514163912,upper,0.1
471,phase2,upper,-15.0,2,-15.287398701366742,-15.71182802653167,-16.618540587654937,-6.558327035579662,-3.4065803732106756,0.006881254159285352,upper,0.1
472,phase2,upper,-15.0,2,-15.271194771563101,-15.71182802653167,-16.618540587654937,-6.558327035579662,-3.4065803732106756,0.0033033332844657603,upper,0.1
473,phase2,upper,-15.0,2,-15.257526800569995,-15.71182802653167,-16.618540587654937,-6.558327035579662,-3.4065803732106756,0.0013843160249311058,upper,0.1
474,phase2,upper,-15.0,2,-15.24510941092537,-15.71182802653167,-16.618540587654937,-6.558327035579662,-3.4065803732106756,0.0003744507922172484,upper,0.1
475,phase2,upper,-15.0,2,-15.23330802207816,-15.71182802653167,-16.618540587654937,-6.558327035579662,-3.4065803732106756,-0.00013848339812519688,upper,0.1
476,phase2,upper,-15.0,2,-15.221833091260857,-15.71182802653167,-16.618540587654937,-6.558327035579662,-3.4065803732106756,-0.0003811625573778641,upper,0.1
477,phase2,upper,-15.0,2,-15.21057391259884,-15.71182802653167,-16.618540587654937,-6.558327035579662,-3.4065803732106756,-0.0004782347016083892,upper,0.1
478,phase2,upper,-15.0,2,-15.199508850041562,-15.71182802653167,-16.618540587654937,-6.558327035579662,-3.4065803732106756,-0.0004982196431425468,upper,0.1
479,phase2,upper,-15.0,2,-15.188657356255082,-15.71182802653167,-16.618540587654937,-6.558327035579662,-3.4065803732106756,-0.00047874062610527696,upper,0.1
480,phase2,upper,-15.0,2,-15.178054769691714,-15.71182802653167,-16.618540587654937,-6.558327035579662,-3.4065803732106756,-0.09891373303227069,upper,0.1
481,phase2,upper,-15.0,2,-15.26642179914871,-15.71182802653167,-16.618540587654937,-6.558327035579662,-3.4065803732106756,0.010748225537335891,upper,0.1
482,phase2,upper,-15.0,2,-15.247343384487555,-15.71182802653167,-16.618540587654937,-6.558327035579662,-3.4065803732106756,0.005060814127758546,upper,0.1
483,phase2,upper,-15.0,2,-15.232905230251516,-15.71182802653167,-16.618540587654937,-6.558327035579662,-3.4065803732106756,0.0020253383780822593,upper,0.1
484,phase2,upper,-15.0,2,-15.220861099825438,-15.71182802653167,-16.618540587654937,-6.558327035579662,-3.4065803732106756,0.00044133156733591164,upper,0.1
485,phase2,upper,-15.0,2,-15.210039280155941,-15.71182802653167,-16.618540587654937,-6.558327035579662,-3.4065803732106756,-0.0003510538636647544,upper,0.1
486,phase2,upper,-15.0,2,-15.19984824693697,-15.71182802653167,-16.618540587654937,-6.558327035579662,-3.4065803732106756,-0.0007144878140461704,upper,0.1
487,phase2,upper,-15.0,2,-15.190006461520177,-15.71182802653167,-16.618540587654937,-6.558327035579662,-3.4065803732106756,-0.0008482365077497179,upper,0.1
488,phase2,upper,-15.0,2,-15.180395119265858,-15.71182802653167,-16.618540587654937,-6.558327035579662,-3.4065803732106756,-0.08748217406454795,upper,0.1
489,phase2,upper,-15.0,2,-15.258424856726304,-15.71182802653167,-16.618540587654937,-6.558327035579662,-3.4065803732106756,0.014193231163191537,upper,0.1
490,phase2,upper,-15.0,2,-15.236520445396767,-15.71182802653167,-16.618540587654937,-6.558327035579662,-3.4065803732106756,0.006508635312824378,upper,0.1
491,phase2,upper,-15.0,2,-15.221187664560865,-15.71182802653167,-16.618540587654937,-6.558327035579662,-3.4065803732106756,0.00242714000245183,upper,0.1
492,phase2,upper,-15.0,2,-15.209274195449048,-15.71182802653167,-16.618540587654937,-6.558327035579662,-3.4065803732106756,0.0003158069064714505,upper,0.1
493,phase2,upper,-15.0,2,-15.199106647664125,-15.71182802653167,-16.618540587654937,-6.558327035579662,-3.4065803732106756,-0.0007228290298677031,upper,0.1
494,phase2,upper,-15.0,2,-15.189815594242026,-15.71182802653167,-16.618540587654937,-6.558327035579662,-3.4065803732106756,-0.0011819318805741908,upper,0.1
495,phase2,upper,-15.0,2,-15.180965825681158,-15.71182802653167,-16.618540587654937,-6.558327035579662,-3.4065803732106756,-0.001332352392247309,upper,0.1
496,phase2,upper,-15.0,2,-15.172354146142853,-15.71182802653167,-16.618540587654937,-6.558327035579662,-3.4065803732106756,-0.0013226509929576047,upper,0.1
497,phase2,upper,-15.0,2,-15.163899096308537,-15.71182802653167,-16.618540587654937,-6.558327035579662,-3.4065803732106756,-0.07651465058727877,upper,0.1
498,phase2,upper,-15.0,2,-15.232227059667336,-15.71182802653167,-16.618540587654937,-6.558327035579662,-3.4065803732106756,0.017212679527558773,upper,0.1
499,phase2,upper,-15.0,2,-15.208253481421254,-15.71182802653167,-16.618540587654937,-6.558327035579662,-3.4065803732106756,-0.05668523003407561,upper,0.1
500,phase2,upper,-15.0,2,-15.258970666806695,-15.71182802653167,-16.618540587654937,-6.558327035579662,-3.4065803732106756,0.024408650953952463,upper,0.1
501,phase2,upper,-15.0,2,-15.228874923939308,-15.71182802653167,-16.618540587654937,-6.558327035579662,-3.4065803732106756,0.011374252571685225,upper,0.1
502,phase2,upper,-15.0,2,-15.2102519650462,-15.71182802653167,-16.618540587654937,-6.558327035579662,-3.4065803732106756,0.004435016364493576,upper,0.1
503,phase2,upper,-15.0,2,-15.197633167821943,-15.71182802653167,-16.618540587654937,-6.558327035579662,-3.4065803732106756,0.0008296157742176415,upper,0.1
504,phase2,upper,-15.0,2,-15.188074670535173,-15.71182802653167,-16.618540587654937,-6.558327035579662,-3.4065803732106756,-0.0009595322519646809,upper,0.1
505,phase2,upper,-15.0,2,-15.18001252089286,-15.71182802653167,-16.618540587654937,-6.558327035579662,-3.4065803732106756,-0.0017663348412304376,upper,0.1
506,phase2,upper,-15.0,2,-15.172634454346195,-15.71182802653167,-16.618540587654937,-6.558327035579662,-3.4065803732106756,-0.0020487887475540935,upper,0.1
507,phase2,lower,-20.0,4,-15.172634454346195,-16.054343192516797,-16.94130205095866,-6.543623654819952,-3.309503050735723,0.021820383720274034,upper,0.1
508,phase2,upper,-15.0,2,-15.144053149427872,-16.054343192516797,-16.94130205095866,-6.543623654819952,-3.309503050735723,0.009637766893198256,upper,0.1
509,phase2,upper,-15.0,2,-15.127164723138112,-16.054343192516797,-16.94130205095866,-6.543623654819952,-3.309503050735723,0.0032127164594527844,upper,0.1
510,phase2,upper,-15.0,2,-15.116612909488122,-16.054343192516797,-16.94130205095866,-6.543623654819952,-3.309503050735723,-6.901802894599004e-05,upper,0.1
511,phase2,upper,-15.0,2,-15.10946084928401,-16.054343192516797,-16.94130205095866,-6.543623654819952,-3.309503050735723,-0.0016438826073523836,upper,0.1
512,phase2,upper,-15.0,2,-15.104103003521763,-16.054343192516797,-16.94130205095866,-6.543623654819952,-3.309503050735723,-0.0023008592809768418,upper,0.1
513,phase2,upper,-15.0,2,-15.099666760253832,-16.054343192516797,-16.94130205095866,-6.543623654819952,-3.309503050735723,-0.002472909552603164,upper,0.1
514,phase2,upper,-15.0,2,-15.095683156552155,-16.054343192516797,-16.94130205095866,-6.543623654819952,-3.309503050735723,-0.0023971621321424684,upper,0.1
515,phase2,upper,-15.0,2,-15.091905529949587,-16.054343192516797,-16.94130205095866,-6.543623654819952,-3.309503050735723,-0.002202980765935242,upper,0.1
516,phase2,upper,-15.0,2,-15.088209516302438,-16.054343192516797,-16.94130205095866,-6.543623654819952,-3.309503050735723,-0.001960400936395639,upper,0.1
517,phase2,upper,-15.0,2,-15.084537807653117,-16.054343192516797,-16.94130205095866,-6.543623654819952,-3.309503050735723,-0.0017067849972108543,upper,0.1
518,phase2,upper,-15.0,2,-15.080869562876106,-16.054343192516797,-16.94130205095866,-6.543623654819952,-3.309503050735723,-0.0014615029181128908,upper,0.1
519,phase2,upper,-15.0,2,-15.077203417249416,-16.054343192516797,-16.94130205095866,-6.543623654819952,-3.309503050735723,-0.0012340274819617738,upper,0.1
520,phase2,upper,-15.0,2,-15.073548011072022,-16.054343192516797,-16.94130205095866,-6.543623654819952,-3.309503050735723,-0.0010284053864257454,upper,0.1
521,phase2,upper,-15.0,2,-15.069916690441469,-16.054343192516797,-16.94130205095866,-6.543623654819952,-3.309503050735723,-0.000845732073138526,upper,0.1
522,phase2,upper,-15.0,2,-15.066324535235207,-16.054343192516797,-16.94130205095866,-6.543623654819952,-3.309503050735723,-0.000685525359150514,upper,0.1
523,phase2,upper,-15.0,2,-15.062786694995058,-16.054343192516797,-16.94130205095866,-6.543623654819952,-3.309503050735723,-0.0005464903077073016,upper,0.1
524,phase2,upper,-15.0,2,-15.059317467559367,-16.054343192516797,-16.94130205095866,-6.543623654819952,-3.309503050735723,-0.00042694649564033275,upper,0.1
525,phase2,upper,-15.0,2,-15.055929805332822,-16.054343192516797,-16.94130205095866,-6.543623654819952,-3.309503050735723,-0.00032506719357044235,upper,0.1
526,phase2,upper,-15.0,2,-15.052635071987206,-16.054343192516797,-16.94130205095866,-6.543623654819952,-3.309503050735723,-0.0002390130787933359,upper,0.1
527,phase2,upper,-15.0,2,-15.049442948657948,-16.054343192516797,-16.94130205095866,-6.543623654819952,-3.309503050735723,-0.00016700628579626548,upper,0.1
528,phase2,upper,-15.0,2,-15.046361431082948,-16.054343192516797,-16.94130205095866,-6.543623654819952,-3.309503050735723,-0.00010737031640329551,upper,0.1
529,phase2,upper,-15.0,2,-15.043396882859232,-16.054343192516797,-16.94130205095866,-6.543623654819952,-3.309503050735723,-5.855013666761124e-05,upper,0.1
530,phase2,upper,-15.0,2,-15.040554123437312,-16.054343192516797,-16.94130205095866,-6.543623654819952,-3.309503050735723,-1.912059105923123e-05,upper,0.1
531,phase2,upper,-15.0,2,-15.037836537229566,-16.054343192516797,-16.94130205095866,-6.543623654819952,-3.309503050735723,1.2212180908262923e-05,upper,0.1
532,phase2,upper,-15.0,2,-15.035246194802616,-16.054343192516797,-16.94130205095866,-6.543623654819952,-3.309503050735723,3.6613569594868786e-05,upper,0.1
533,phase2,upper,-15.0,2,-15.032783979942907,-16.054343192516797,-16.94130205095866,-6.543623654819952,-3.309503050735723,5.5125897321556006e-05,upper,0.1
534,phase2,upper,-15.0,2,-15.030449718193955,-16.054343192516797,-16.94130205095866,-6.543623654819952,-3.309503050735723,6.867536070665233e-05,upper,0.1
535,phase2,upper,-15.0,2,-15.028242303684744,-16.054343192516797,-16.94130205095866,-6.543623654819952,-3.309503050735723,7.807984504481054e-05,upper,0.1
536,phase2,upper,-15.0,2,-15.02615982193577,-16.054343192516797,-16.94130205095866,-6.543623654819952,-3.309503050735723,8.405716573237762e-05,upper,0.1
537,phase2,upper,-15.0,2,-15.02419966697322,-16.054343192516797,-16.94130205095866,-6.543623654819952,-3.309503050735723,8.72334320008382e-05,upper,0.1
538,phase2,upper,-15.0,2,-15.022358651577228,-16.054343192516797,-16.94130205095866,-6.543623654819952,-3.309503050735723,8.815132022106375e-05,upper,0.1
539,phase2,upper,-15.0,2,-15.020633109880846,-16.054343192516797,-16.94130205095866,-6.543623654819952,-3.309503050735723,8.727810714436536e-05,upper,0.1
540,phase2,upper,-15.0,2,-15.019018991848142,-16.054343192516797,-16.94130205095866,-6.543623654819952,-3.309503050735723,8.50133585788416e-05,upper,0.1
541,phase2,upper,-15.0,2,-15.0175119494102,-16.054343192516797,-16.94130205095866,-6.543623654819952,-3.309503050735723,8.169620241809757e-05,upper,0.1
542,phase2,upper,-15.0,2,-15.016107414237714,-16.054343192516797,-16.94130205095866,-6.543623654819952,-3.309503050735723,7.761214032212197e-05,upper,0.1
543,phase2,upper,-15.0,2,-15.014800667287183,-16.054343192516797,-16.94130205095866,-6.543623654819952,-3.309503050735723,7.299937193544053e-05,upper,0.1
544,phase2,upper,-15.0,2,-15.013586900380739,-16.054343192516797,-16.94130205095866,-6.543623654819952,-3.309503050735723,6.80546207341037e-05,upper,0.1
545,phase2,upper,-15.0,2,-15.012461270173004,-16.054343192516797,-16.94130205095866,-6.543623654819952,-3.309503050735723,6.293846238264176e-05,upper,0.1
546,phase2,upper,-15.0,2,-15.011418944926463,-16.054343192516797,-16.94130205095866,-6.543623654819952,-3.309503050735723,5.77801655315023e-05,upper,0.1
547,phase2,upper,-15.0,2,-15.010455144563847,-16.054343192516797,-16.94130205095866,-6.543623654819952,-3.309503050735723,5.268206180786114e-05,upper,0.1
548,phase2,upper,-15.0,2,-15.009565174495195,-16.054343192516797,-16.94130205095866,-6.543623654819952,-3.309503050735723,-0.04530578582801721,upper,0.1
549,phase2,upper,-15.0,2,-15.056698463262563,-16.054343192516797,-16.94130205095866,-6.543623654819952,-3.309503050735723,0.02434949605146204,upper,0.1
550,phase2,upper,-15.0,2,-15.03448899442464,-16.054343192516797,-16.94130205095866,-6.543623654819952,-3.309503050735723,0.011953162321682677,upper,0.1
551,phase2,upper,-15.0,2,-15.023585066539797,-16.054343192516797,-16.94130205095866,-6.543623654819952,-3.309503050735723,0.005279656496142274,upper,0.1
552,phase2,upper,-15.0,2,-15.018711398828872,-16.054343192516797,-16.94130205095866,-6.543623654819952,-3.309503050735723,0.0017440841559470351,upper,0.1
553,phase2,upper,-15.0,2,-15.016979358015053,-16.054343192516797,-16.94130205095866,-6.543623654819952,-3.309503050735723,-7.468698010140988e-05,upper,0.1
554,phase2,upper,-15.0,2,-15.016812534438474,-16.054343192516797,-16.94130205095866,-6.543623654819952,-3.309503050735723,-0.0009580983311594186,upper,0.1
555,phase2,upper,-15.0,2,-15.017356158298433,-16.054343192516797,-16.94130205095866,-6.543623654819952,-3.309503050735723,-0.036624881334599554,upper,0.1
556,phase2,upper,-15.0,2,-15.056392562578168,-16.054343192516797,-16.94130205095866,-6.543623654819952,-3.309503050735723,0.02574240483509382,upper,0.1
557,phase2,upper,-15.0,2,-15.03298765675511,-16.054343192516797,-16.94130205095866,-6.543623654819952,-3.309503050735723,0.011747374986640231,upper,0.1
558,phase2,upper,-15.0,2,-15.022399589246998,-16.054343192516797,-16.94130205095866,-6.543623654819952,-3.309503050735723,0.004310493619632771,upper,0.1
559,phase2,upper,-15.0,2,-15.018558384555277,-16.054343192516797,-16.94130205095866,-6.543623654819952,-3.309503050735723,-0.02541492480251239,upper,0.1
560,phase2,upper,-15.0,2,-15.047269653057894,-16.054343192516797,-16.94130205095866,-6.543623654819952,-3.309503050735723,0.028328900990098466,upper,0.1
561,phase2,upper,-15.0,2,-15.021781203356456,-16.054343192516797,-16.94130205095866,-6.543623654819952,-3.309503050735723,0.012230328256351161,upper,0.1
562,phase2,upper,-15.0,2,-15.011147947829494,-16.054343192516797,-16.94130205095866,-6.543623654819952,-3.309503050735723,0.0037436069452487057,upper,0.1
563,phase2,upper,-15.0,2,-15.008290816331598,-16.054343192516797,-16.94130205095866,-6.543623654819952,-3.309503050735723,-0.000584161605141426,upper,0.1
564,phase2,upper,-15.0,2,-15.009331118614519,-16.054343192516797,-16.94130205095866,-6.543623654819952,-3.309503050735723,-0.002651062158999895,upper,0.1
565,phase2,upper,-15.0,2,-15.012153319279808,-16.054343192516797,-16.94130205095866,-6.543623654819952,-3.309503050735723,-0.0035003317201806787,upper,0.1
566,phase2,upper,-15.0,2,-15.01561423206415,-16.054343192516797,-16.94130205095866,-6.543623654819952,-3.309503050735723,-0.003705035367425281,upper,0.1
567,phase2,upper,-15.0,2,-15.019107509944279,-16.054343192516797,-16.94130205095866,-6.543623654819952,-3.309503050735723,-0.003579512510181114,upper,0.1
568,phase2,upper,-15.0,2,-15.022323483246986,-16.054343192516797,-16.94130205095866,-6.543623654819952,-3.309503050735723,-0.0032956390392811456,upper,0.1
569,phase2,upper,-15.0,2,-15.025116461127766,-16.054343192516797,-16.94130205095866,-6.543623654819952,-3.309503050735723,-0.002946782887442004,upper,0.1
570,phase2,upper,-15.0,2,-15.027431200928811,-16.054343192516797,-16.94130205095866,-6.543623654819952,-3.309503050735723,-0.0025830102815011854,upper,0.1
571,phase2,lower,-20.0,4,-15.027431200928811,-16.395363787614333,-17.15415703667341,-6.472219031758651,-3.2308791228670217,-0.001902179349909041,upper,0.1
572,phase2,upper,-15.0,2,-15.028649251402637,-16.395363787614333,-17.15415703667341,-6.472219031758651,-3.2308791228670217,-0.0016037856571564945,upper,0.1
573,phase2,upper,-15.0,2,-15.029456460396371,-16.395363787614333,-17.15415703667341,-6.472219031758651,-3.2308791228670217,-0.0013370097117646807,upper,0.1
574,phase2,lower,-20.0,4,-15.029456460396371,-16.72244642126083,-17.33750474522039,-6.399076296075975,-3.1591147141488967,-0.0008953452728663941,upper,0.1
575,phase2,upper,-15.0,2,-15.029500680199664,-16.72244642126083,-17.33750474522039,-6.399076296075975,-3.1591147141488967,-0.0007167037392411303,upper,0.1
576,phase2,upper,-15.0,2,-15.029274058781036,-16.72244642126083,-17.33750474522039,-6.399076296075975,-3.1591147141488967,-0.0005630758980335511,upper,0.1
577,phase2,upper,-15.0,2,-15.028819292473509,-16.72244642126083,-17.33750474522039,-6.399076296075975,-3.1591147141488967,-0.00043201661833245535,upper,0.1
578,phase2,upper,-15.0,2,-15.028175296634211,-16.72244642126083,-17.33750474522039,-6.399076296075975,-3.1591147141488967,-0.0003211352193505978,upper,0.1
579,phase2,upper,-15.0,2,-15.02737722380161,-16.72244642126083,-17.33750474522039,-6.399076296075975,-3.1591147141488967,-0.0002281546564592092,upper,0.1
580,phase2,upper,-15.0,2,-15.026456566673119,-16.72244642126083,-17.33750474522039,-6.399076296075975,-3.1591147141488967,-0.0001509435269473993,upper,0.1
581,phase2,upper,-15.0,2,-15.025441315660336,-16.72244642126083,-17.33750474522039,-6.399076296075975,-3.1591147141488967,-0.019602546202914323,upper,0.1
582,phase2,upper,-15.0,2,-15.047214004429437,-16.72244642126083,-17.33750474522039,-6.399076296075975,-3.1591147141488967,0.02817281605266068,upper,0.1
583,phase2,upper,-15.0,2,-15.020744719174596,-16.72244642126083,-17.33750474522039,-6.399076296075975,-3.1591147141488967,0.0137911104462409,upper,0.1
584,phase2,upper,-15.0,2,-15.007755823415913,-16.72244642126083,-17.33750474522039,-6.399076296075975,-3.1591147141488967,0.006068503701451887,upper,0.1
585,phase2,upper,-15.0,2,-15.002040146499832,-16.72244642126083,-17.33750474522039,-6.399076296075975,-3.1591147141488967,0.0019932681206228584,upper,0.1
586,phase2,upper,-15.0,2,-15.000182025341465,-16.72244642126083,-17.33750474522039,-6.399076296075975,-3.1591147141488967,-8.982603421798228e-05,upper,0.1
587,phase2,upper,-15.0,2,-15.000303393032075,-16.72244642126083,-17.33750474522039,-6.399076296075975,-3.1591147141488967,-0.00109043680136532,upper,0.1
588,phase2,upper,-15.0,2,-15.001374104664146,-16.72244642126083,-17.33750474522039,-6.399076296075975,-3.1591147141488967,-0.0015083435008505812,upper,0.1
589,phase2,upper,-15.0,2,-15.002832346187894,-16.72244642126083,-17.33750474522039,-6.399076296075975,-3.1591147141488967,-0.0016179258366763472,upper,0.1
590,phase2,upper,-15.0,2,-15.004375492922954,-16.72244642126083,-17.33750474522039,-6.399076296075975,-3.1591147141488967,-0.0015695622561573554,upper,0.1
591,phase2,upper,-15.0,2,-15.005844698311385,-16.72244642126083,-17.33750474522039,-6.399076296075975,-3.1591147141488967,-0.0014453786014422343,upper,0.1
592,phase2,upper,-15.0,2,-15.007161056567464,-16.72244642126083,-17.33750474522039,-6.399076296075975,-3.1591147141488967,-0.0012899113173999077,upper,0.1
593,phase2,upper,-15.0,2,-15.008290171052366,-16.72244642126083,-17.33750474522039,-6.399076296075975,-3.1591147141488967,-0.001126983373709938,upper,0.1
594,phase2,upper,-15.0,2,-15.009222392144382,-16.72244642126083,-17.33750474522039,-6.399076296075975,-3.1591147141488967,-0.00096900050241173,upper,0.1
595,phase2,upper,-15.0,2,-15.009961719876495,-16.72244642126083,-17.33750474522039,-6.399076296075975,-3.1591147141488967,-0.0008220787033986873,upper,0.1
596,phase2,upper,-15.0,2,-15.010519515888804,-16.72244642126083,-17.33750474522039,-6.399076296075975,-3.1591147141488967,-0.000688877519416345,upper,0.1
597,phase2,upper,-15.0,2,-15.010910899949465,-16.72244642126083,-17.33750474522039,-6.399076296075975,-3.1591147141488967,-0.0005701694442223947,upper,0.1
598,phase2,upper,-15.0,2,-15.011152657691945,-16.72244642126083,-17.33750474522039,-6.399076296075975,-3.1591147141488967,-0.0004657120263959453,upper,0.1
599,phase2,upper,-15.0,2,-15.011262009472437,-16.72244642126083,-17.33750474522039,-6.399076296075975,-3.1591147141488967,-0.00037473437792806346,upper,0.1
600,phase2,upper,-15.0,2,-15.011255878282672,-16.72244642126083,-17.33750474522039,-6.399076296075975,-3.1591147141488967,-0.00029620973611606716,upper,0.1
601,phase2,upper,-15.0,2,-15.011150453433363,-16.72244642126083,-17.33750474522039,-6.399076296075975,-3.1591147141488967,-0.00022900873391873105,upper,0.1
602,phase2,upper,-15.0,2,-15.010960934465276,-16.72244642126083,-17.33750474522039,-6.399076296075975,-3.1591147141488967,-0.0001719856915792251,upper,0.1
603,phase2,upper,-15.0,2,-15.010701388425533,-16.72244642126083,-17.33750474522039,-6.399076296075975,-3.1591147141488967,-0.0001240269400254614,upper,0.1
604,phase2,upper,-15.0,2,-15.010384680831582,-16.72244642126083,-17.33750474522039,-6.399076296075975,-3.1591147141488967,-8.407734805985966e-05,upper,0.1
605,phase2,upper,-15.0,2,-15.010022455983618,-16.72244642126083,-17.33750474522039,-6.399076296075975,-3.1591147141488967,-5.115413900248523e-05,upper,0.1
606,phase2,upper,-15.0,2,-15.009625151079115,-16.72244642126083,-17.33750474522039,-6.399076296075975,-3.1591147141488967,-0.012079951836575793,upper,0.1
607,phase2,upper,-15.0,2,-15.024775644459504,-16.72244642126083,-17.33750474522039,-6.399076296075975,-3.1591147141488967,0.028901363520937456,upper,0.1
608,phase2,upper,-15.0,2,-14.998295874271614,-16.72244642126083,-17.33750474522039,-6.399076296075975,-3.1591147141488967,0.014162380493738348,upper,0.1
609,phase2,upper,-15.0,2,-14.985718723228764,-16.72244642126083,-17.33750474522039,-6.399076296075975,-3.1591147141488967,0.006237285548565855,upper,0.1
610,phase2,upper,-15.0,2,-14.980670484917034,-16.72244642126083,-17.33750474522039,-6.399076296075975,-3.1591147141488967,0.0020465652270766996,upper,0.1
611,phase2,upper,-15.0,2,-14.979635005465036,-16.72244642126083,-17.33750474522039,-6.399076296075975,-3.1591147141488967,-0.00010259424284211319,upper,0.1
612,phase2,upper,-15.0,2,-14.98067148270952,-16.72244642126083,-17.33750474522039,-6.399076296075975,-3.1591147141488967,-0.0011407985818406294,upper,0.1
613,phase2,upper,-15.0,2,-14.98270906866814,-16.72244642126083,-17.33750474522039,-6.399076296075975,-3.1591147141488967,-0.0015795949145973,upper,0.1
614,phase2,upper,-15.0,2,-14.985158476544035,-16.72244642126083,-17.33750474522039,-6.399076296075975,-3.1591147141488967,-0.0017000511708728393,upper,0.1
615,phase2,upper,-15.0,2,-14.987697856561898,-16.72244642126083,-17.33750474522039,-6.399076296075975,-3.1591147141488967,-0.001656410784000784,upper,0.1
616,phase2,lower,-20.0,4,-14.987697856561898,-17.035443023362387,-17.495246284581107,-6.326459913892616,-3.0946854451687176,-0.001375999604367924,upper,0.1
617,phase2,upper,-15.0,2,-14.98990214553113,-17.035443023362387,-17.495246284581107,-6.326459913892616,-3.0946854451687176,-0.0012098563715757591,upper,0.1
618,phase2,upper,-15.0,2,-14.99189835463213,-17.035443023362387,-17.495246284581107,-6.326459913892616,-3.0946854451687176,-0.0010476354798310379,upper,0.1
619,phase2,upper,-15.0,2,-14.993681012269596,-17.035443023362387,-17.495246284581107,-6.326459913892616,-3.0946854451687176,-0.000895844586409974,upper,0.1
620,phase2,upper,-15.0,2,-14.995254123944374,-17.035443023362387,-17.495246284581107,-6.326459913892616,-3.0946854451687176,-0.000757419188679087,upper,0.1
621,phase2,upper,-15.0,2,-14.996627208160392,-17.035443023362387,-17.495246284581107,-6.326459913892616,-3.0946854451687176,-0.0006333312979979889,upper,0.1
622,phase2,lower,-20.0,4,-14.996627208160392,-17.331993347652457,-17.62908956216822,-6.253753603526228,-3.0358380019203026,-0.000427217571503768,upper,0.1
623,phase2,upper,-15.0,2,-14.997627408556847,-17.331993347652457,-17.62908956216822,-6.253753603526228,-3.0358380019203026,-0.00034358147490738217,upper,0.1
624,phase2,upper,-15.0,2,-14.998477508262315,-17.331993347652457,-17.62908956216822,-6.253753603526228,-3.0358380019203026,-0.00027150422738629463,upper,0.1
625,phase2,upper,-15.0,2,-14.999192293702013,-17.331993347652457,-17.62908956216822,-6.253753603526228,-3.0358380019203026,-0.00020987939725877582,upper,0.1
626,phase2,upper,-15.0,2,-14.999786054733194,-17.331993347652457,-17.62908956216822,-6.253753603526228,-3.0358380019203026,-0.00015761853683864973,upper,0.1
627,phase2,upper,-15.0,2,-15.000272390926623,-17.331993347652457,-17.62908956216822,-6.253753603526228,-3.0358380019203026,-0.00011368055299798755,upper,0.1
628,phase2,upper,-15.0,2,-15.000664085498336,-17.331993347652457,-17.62908956216822,-6.253753603526228,-3.0358380019203026,-7.708782772559755e-05,upper,0.1
629,phase2,upper,-15.0,2,-15.000973028951194,-17.331993347652457,-17.62908956216822,-6.253753603526228,-3.0358380019203026,-4.693438514119272e-05,upper,0.1
630,phase2,upper,-15.0,2,-15.001210179976086,-17.331993347652457,-17.62908956216822,-6.253753603526228,-3.0358380019203026,-2.238917164482012e-05,upper,0.1
631,phase2,upper,-15.0,2,-15.001385554557368,-17.331993347652457,-17.62908956216822,-6.253753603526228,-3.0358380019203026,-2.696266634937832e-06,upper,0.1
632,phase2,upper,-15.0,2,-15.001508236429386,-17.331993347652457,-17.62908956216822,-6.253753603526228,-3.0358380019203026,1.2826866540647968e-05,upper,0.1
633,phase2,upper,-15.0,2,-15.001586403539656,-17.331993347652457,-17.62908956216822,-6.253753603526228,-3.0358380019203026,2.479238744765339e-05,upper,0.1
634,phase2,upper,-15.0,2,-15.001627366266312,-17.331993347652457,-17.62908956216822,-6.253753603526228,-3.0358380019203026,3.374588178086349e-05,upper,0.1
635,phase2,upper,-15.0,2,-15.001637613967826,-17.331993347652457,-17.62908956216822,-6.253753603526228,-3.0358380019203026,4.017064593366747e-05,upper,0.1
636,phase2,upper,-15.0,2,-15.001622867099819,-17.331993347652457,-17.62908956216822,-6.253753603526228,-3.0358380019203026,4.4492230765065606e-05,upper,0.1
637,phase2,upper,-15.0,2,-15.001588132668049,-17.331993347652457,-17.62908956216822,-6.253753603526228,-3.0358380019203026,4.708308403119144e-05,upper,0.1
638,phase2,upper,-15.0,2,-15.001537761229292,-17.331993347652457,-17.62908956216822,-6.253753603526228,-3.0358380019203026,4.826717383883327e-05,upper,0.1
639,phase2,upper,-15.0,2,-15.001475504022105,-17.331993347652457,-17.62908956216822,-6.253753603526228,-3.0358380019203026,4.832450667608741e-05,upper,0.1
640,phase2,upper,-15.0,2,-15.001404569120664,-17.331993347652457,-17.62908956216822,-6.253753603526228,-3.0358380019203026,4.7495477107397716e-05,upper,0.1
641,phase2,upper,-15.0,2,-15.001327675766191,-17.331993347652457,-17.62908956216822,-6.253753603526228,-3.0358380019203026,4.598500444968934e-05,upper,0.1
642,phase2,upper,-15.0,2,-15.001247106249396,-17.331993347652457,-17.62908956216822,-6.253753603526228,-3.0358380019203026,4.396642610983986e-05,upper,0.1
643,phase2,upper,-15.0,2,-15.001164754899529,-17.331993347652457,-17.62908956216822,-6.253753603526228,-3.0358380019203026,4.15851286772197e-05,upper,0.1
644,phase2,lower,-20.0,4,-15.001164754899529,-17.611665542488225,-17.741531325292776,-6.181926977649388,-2.9822296210952235,3.6196048186169726e-05,upper,0.1
645,phase2,upper,-15.0,2,-15.001087024058672,-17.611665542488225,-17.741531325292776,-6.181926977649388,-2.9822296210952235,3.336814474174689e-05,upper,0.1
646,phase2,upper,-15.0,2,-15.00101007044759,-17.611665542488225,-17.741531325292776,-6.181926977649388,-2.9822296210952235,3.054264208233765e-05,upper,0.1
647,phase2,upper,-15.0,2,-15.000934850511964,-17.611665542488225,-17.741531325292776,-6.181926977649388,-2.9822296210952235,2.7770133025994486e-05,upper,0.1
648,phase2,upper,-15.0,2,-15.000862100349433,-17.611665542488225,-17.741531325292776,-6.181926977649388,-2.9822296210952235,2.5089410920570367e-05,upper,0.1
649,phase2,upper,-15.0,2,-15.00079236910912,-17.611665542488225,-17.741531325292776,-6.181926977649388,-2.9822296210952235,2.2529296315126838e-05,upper,0.1
650,phase2,upper,-15.0,2,-15.000726048556688,-17.611665542488225,-17.741531325292776,-6.181926977649388,-2.9822296210952235,2.01102526074515e-05,upper,0.1
651,phase2,upper,-15.0,2,-15.000663399108639,-17.611665542488225,-17.741531325292776,-6.181926977649388,-2.9822296210952235,1.7845806659472464e-05,upper,0.1
652,phase2,upper,-15.0,2,-15.000604572635604,-17.611665542488225,-17.741531325292776,-6.181926977649388,-2.9822296210952235,1.57437904743722e-05,upper,0.1
653,phase2,upper,-15.0,2,-15.00054963232616,-17.611665542488225,-17.741531325292776,-6.181926977649388,-2.9822296210952235,1.3807419817500904e-05,upper,0.1
654,phase2,upper,-15.0,2,-15.000498569891397,-17.611665542488225,-17.741531325292776,-6.181926977649388,-2.9822296210952235,1.2036225210537507e-05,upper,0.1
655,phase2,upper,-15.0,2,-15.00045132037671,-17.611665542488225,-17.741531325292776,-6.181926977649388,-2.9822296210952235,1.0426850091864904e-05,upper,0.1
656,phase2,upper,-15.0,2,-15.000407774832016,-17.611665542488225,-17.741531325292776,-6.181926977649388,-2.9822296210952235,8.973730169837977e-06,upper,0.1
657,phase2,upper,-15.0,2,-15.000367791075165,-17.611665542488225,-17.741531325292776,-6.181926977649388,-2.9822296210952235,7.669667138004497e-06,upper,0.1
658,phase2,upper,-15.0,2,-15.00033120276645,-17.611665542488225,-17.741531325292776,-6.181926977649388,-2.9822296210952235,6.506309011689618e-06,upper,0.1
659,phase2,upper,-15.0,2,-15.000297826995059,-17.611665542488225,-17.741531325292776,-6.181926977649388,-2.9822296210952235,5.47454840612789e-06,upper,0.1
660,phase2,upper,-15.0,2,-15.000267470561376,-17.611665542488225,-17.741531325292776,-6.181926977649388,-2.9822296210952235,4.564849135660478e-06,upper,0.1
661,phase2,upper,-15.0,2,-15.000239935122599,-17.611665542488225,-17.741531325292776,-6.181926977649388,-2.9822296210952235,3.767510586071476e-06,upper,0.1
662,phase2,upper,-15.0,2,-15.000215021353265,-17.611665542488225,-17.741531325292776,-6.181926977649388,-2.9822296210952235,3.0728784113532834e-06,upper,0.1
663,phase2,upper,-15.0,2,-15.00019253225715,-17.611665542488225,-17.741531325292776,-6.181926977649388,-2.9822296210952235,2.4715092460513262e-06,upper,0.1
664,phase2,upper,-15.0,2,-15.000172275752758,-17.611665542488225,-17.741531325292776,-6.181926977649388,-2.9822296210952235,1.954296306981218e-06,upper,0.1
665,phase2,upper,-15.0,2,-15.000154066641223,-17.611665542488225,-17.741531325292776,-6.181926977649388,-2.9822296210952235,1.5125619932552576e-06,upper,0.1
666,phase2,upper,-15.0,2,-15.000137728053126,-17.611665542488225,-17.741531325292776,-6.181926977649388,-2.9822296210952235,1.1381228808059662e-06,upper,0.1
667,phase2,upper,-15.0,2,-15.000123092459205,-17.611665542488225,-17.741531325292776,-6.181926977649388,-2.9822296210952235,8.233318516885461e-07,upper,0.1
668,phase2,upper,-15.0,2,-15.000110002319488,-17.611665542488225,-17.741531325292776,-6.181926977649388,-2.9822296210952235,5.6110149517979e-07,upper,0.1
669,phase2,upper,-15.0,2,-15.000098310435858,-17.611665542488225,-17.741531325292776,-6.181926977649388,-2.9822296210952235,3.4491237060191925e-07,upper,0.1
670,phase2,upper,-15.0,2,-15.000087880064347,-17.611665542488225,-17.741531325292776,-6.181926977649388,-2.9822296210952235,1.6880922643068966e-07,upper,0.1
671,phase2,lower,-20.0,4,-15.000087880064347,-17.874651968840375,-17.835570156402056,-6.11195721734493,-2.9340061099370534,-8.422538030309711e-08,upper,0.1
672,phase2,upper,-15.0,2,-15.000078812566882,-17.874651968840375,-17.835570156402056,-6.11195721734493,-2.9340061099370534,-1.703988020712814e-07,upper,0.1
673,phase2,upper,-15.0,2,-15.00007072553483,-17.874651968840375,-17.835570156402056,-6.11195721734493,-2.9340061099370534,-2.3502494928821509e-07,upper,0.1
674,phase2,upper,-15.0,2,-15.000063514831492,-17.874651968840375,-17.835570156402056,-6.11195721734493,-2.9340061099370534,-2.8155199321094133e-07,upper,0.1
675,phase2,upper,-15.0,2,-15.000057086217279,-17.874651968840375,-17.835570156402056,-6.11195721734493,-2.9340061099370534,-3.13016609870599e-07,upper,0.1
676,phase2,upper,-15.0,2,-15.000051354650024,-17.874651968840375,-17.835570156402056,-6.11195721734493,-2.9340061099370534,-3.320772277762314e-07,upper,0.1
677,phase2,upper,-15.0,2,-15.000046243591235,-17.874651968840375,-17.835570156402056,-6.11195721734493,-2.9340061099370534,-3.410469928135471e-07,upper,0.1
678,phase2,upper,-15.0,2,-15.000041684327917,-17.874651968840375,-17.835570156402056,-6.11195721734493,-2.9340061099370534,-3.4192591525926694e-07,upper,0.1
679,phase2,upper,-15.0,2,-15.000037615317359,-17.874651968840375,-17.835570156402056,-6.11195721734493,-2.9340061099370534,-3.3643179193931246e-07,upper,0.1
680,phase2,upper,-15.0,2,-15.000033981560406,-17.874651968840375,-17.835570156402056,-6.11195721734493,-2.9340061099370534,-3.2602960742402837e-07,upper,0.1
681,phase2,upper,-15.0,2,-15.000030734007067,-17.874651968840375,-17.835570156402056,-6.11195721734493,-2.9340061099370534,-3.1195920769727337e-07,upper,0.1
682,phase2,upper,-15.0,2,-15.000027828997062,-17.874651968840375,-17.835570156402056,-6.11195721734493,-2.9340061099370534,-2.952611165355979e-07,upper,0.1
683,phase2,upper,-15.0,2,-15.00002522773677,-17.874651968840375,-17.835570156402056,-6.11195721734493,-2.9340061099370534,-2.7680042487416637e-07,upper,0.1
684,phase2,upper,-15.0,2,-15.000022895813151,-17.874651968840375,-17.835570156402056,-6.11195721734493,-2.9340061099370534,-2.5728873496887515e-07,upper,0.1
685,phase2,upper,-15.0,2,-15.000020802744505,-17.874651968840375,-17.835570156402056,-6.11195721734493,-2.9340061099370534,-2.3730417818710365e-07,upper,0.1
686,phase2,upper,-15.0,2,-15.00001892156738,-17.874651968840375,-17.835570156402056,-6.11195721734493,-2.9340061099370534,-2.17309557911856e-07,upper,0.1
687,phase2,upper,-15.0,2,-15.000017228458464,-17.874651968840375,-17.835570156402056,-6.11195721734493,-2.9340061099370534,-1.9766869057260153e-07,upper,0.1
688,phase2,upper,-15.0,2,-15.000015702390026,-17.874651968840375,-17.835570156402056,-6.11195721734493,-2.9340061099370534,-1.786610358870922e-07,upper,0.1
689,phase2,upper,-15.0,2,-15.000014324817187,-17.874651968840375,-17.835570156402056,-6.11195721734493,-2.9340061099370534,-1.6049471792387587e-07,upper,0.1
690,phase2,upper,-15.0,2,-15.000013079395169,-17.874651968840375,-17.835570156402056,-6.11195721734493,-2.9340061099370534,-1.4331804622271376e-07,upper,0.1
691,phase2,upper,-15.0,2,-15.000011951724604,-17.874651968840375,-17.835570156402056,-6.11195721734493,-2.9340061099370534,-1.2722965008880032e-07,upper,0.1
692,phase2,upper,-15.0,2,-15.000010929122867,-17.874651968840375,-17.835570156402056,-6.11195721734493,-2.9340061099370534,-1.1228734016330751e-07,upper,0.1
693,phase2,upper,-15.0,2,-15.000010000419486,-17.874651968840375,-17.835570156402056,-6.11195721734493,-2.9340061099370534,-9.851580924497427e-08,upper,0.1
694,phase2,upper,-15.0,2,-15.000009155773649,-17.874651968840375,-17.835570156402056,-6.11195721734493,-2.9340061099370534,-8.591328203451694e-08,upper,0.1
695,phase2,upper,-15.0,2,-15.000008386511919,-17.874651968840375,-17.835570156402056,-6.11195721734493,-2.9340061099370534,-7.445721890794069e-08,upper,0.1
696,phase2,upper,-15.0,2,-15.000007684984336,-17.874651968840375,-17.835570156402056,-6.11195721734493,-2.9340061099370534,-6.410917285462817e-08,upper,0.1
697,phase2,upper,-15.0,2,-15.000007044437181,-17.874651968840375,-17.835570156402056,-6.11195721734493,-2.9340061099370534,-5.481889363773712e-08,upper,0.1
698,phase2,upper,-15.0,2,-15.00000645890076,-17.874651968840375,-17.835570156402056,-6.11195721734493,-2.9340061099370534,-4.6527765758039873e-08,upper,0.1
699,phase2,upper,-15.0,2,-15.000005923090708,-17.874651968840375,-17.835570156402056,-6.11195721734493,-2.9340061099370534,-3.917166130037279e-08,upper,0.1
700,phase2,upper,-15.0,2,-15.000005432321368,-17.874651968840375,-17.835570156402056,-6.11195721734493,-2.9340061099370534,-3.2683280921999604e-08,upper,0.1
701,phase2,upper,-15.0,2,-15.000004982429973,-17.874651968840375,-17.835570156402056,-6.11195721734493,-2.9340061099370534,-2.69940509183199e-08,upper,0.1
702,phase2,upper,-15.0,2,-15.000004569710407,-17.874651968840375,-17.835570156402056,-6.11195721734493,-2.9340061099370534,-2.2035636467501885e-08,upper,0.1
703,phase2,upper,-15.0,2,-15.000004190855464,-17.874651968840375,-17.835570156402056,-6.11195721734493,-2.9340061099370534,-1.774112654964576e-08,upper,0.1
704,phase2,upper,-15.0,2,-15.000003842906608,-17.874651968840375,-17.835570156402056,-6.11195721734493,-2.9340061099370534,-1.4045939169510812e-08,upper,0.1
705,phase2,upper,-15.0,2,-15.000003523210339,-17.874651968840375,-17.835570156402056,-6.11195721734493,-2.9340061099370534,-1.0888490359315383e-08,upper,0.1
706,phase2,upper,-15.0,2,-15.000003229380352,-17.874651968840375,-17.835570156402056,-6.11195721734493,-2.9340061099370534,-0.005159765898006902,upper,0.1
707,phase2,upper,-15.0,2,-15.008812935415474,-17.874651968840375,-17.835570156402056,-6.11195721734493,-2.9340061099370534,0.02934357905999302,upper,0.1
708,phase2,upper,-15.0,2,-14.982302009928404,-17.874651968840375,-17.835570156402056,-6.11195721734493,-2.9340061099370534,0.014378350864091054,upper,0.1
709,phase2,upper,-15.0,2,-14.969984278889335,-17.874651968840375,-17.835570156402056,-6.11195721734493,-2.9340061099370534,0.006324417983468257,upper,0.1
710,phase2,upper,-15.0,2,-14.965377118156555,-17.874651968840375,-17.835570156402056,-6.11195721734493,-2.9340061099370534,0.002059916227327694,upper,0.1
711,phase2,upper,-15.0,2,-14.964897266184039,-17.874651968840375,-17.835570156402056,-6.11195721734493,-2.9340061099370534,-0.00013151084250471448,upper,0.1
712,phase2,upper,-15.0,2,-14.966560947876426,-17.874651968840375,-17.835570156402056,-6.11195721734493,-2.9340061099370534,-0.001193642752106631,upper,0.1
713,phase2,upper,-15.0,2,-14.969268624155132,-17.874651968840375,-17.835570156402056,-6.11195721734493,-2.9340061099370534,-0.0016454712289089976,upper,0.1
714,phase2,upper,-15.0,2,-14.972411057418768,-17.874651968840375,-17.835570156402056,-6.11195721734493,-2.9340061099370534,-0.0017723317741375692,upper,0.1
715,phase2,upper,-15.0,2,-14.97565202732591,-17.874651968840375,-17.835570156402056,-6.11195721734493,-2.9340061099370534,-0.0017309635660334804,upper,0.1
716,phase2,upper,-15.0,2,-14.97880821066325,-17.874651968840375,-17.835570156402056,-6.11195721734493,-2.9340061099370534,-0.0016072761321819986,upper,0.1
717,phase2,upper,-15.0,2,-14.981782546752301,-17.874651968840375,-17.835570156402056,-6.11195721734493,-2.9340061099370534,-0.0014481272434328652,upper,0.1
718,phase2,upper,-15.0,2,-14.984527081879092,-17.874651968840375,-17.835570156402056,-6.11195721734493,-2.9340061099370534,0.00045056891105702684,upper,0.1
719,phase2,upper,-15.0,2,-14.989034488528633,-17.874651968840375,-17.835570156402056,-6.11195721734493,-2.9340061099370534,0.02917270998468116,upper,0.1
720,phase2,upper,-15.0,2,-14.963761777148815,-17.874651968840375,-17.835570156402056,-6.11195721734493,-2.9340061099370534,0.013725393435444539,upper,0.1
721,phase2,upper,-15.0,2,-14.953140448810034,-17.874651968840375,-17.835570156402056,-6.11195721734493,-2.9340061099370534,0.005486981313588346,upper,0.1
722,phase2,upper,-15.0,2,-14.950387901851093,-17.874651968840375,-17.835570156402056,-6.11195721734493,-2.9340061099370534,0.0011929356083728456,upper,0.1
723,phase2,upper,-15.0,2,-14.95175863319308,-17.874651968840375,-17.835570156402056,-6.11195721734493,-2.9340061099370534,-0.0009509446160958737,upper,0.1
724,phase2,upper,-15.0,2,-14.955183511104416,-17.874651968840375,-17.835570156402056,-6.11195721734493,-2.9340061099370534,0.006462388571339579,upper,0.1
725,phase2,upper,-15.0,2,-14.954967479806088,-17.874651968840375,-17.835570156402056,-6.11195721734493,-2.9340061099370534,0.029262894794255683,upper,0.1
726,phase2,upper,-15.0,2,-14.930804251584663,-17.874651968840375,-17.835570156402056,-6.11195721734493,-2.9340061099370534,0.012874143355817809,upper,0.1
727,phase2,upper,-15.0,2,-14.922284351971756,-17.874651968840375,-17.835570156402056,-6.11195721734493,-2.9340061099370534,0.00422424962976421,upper,0.1
728,phase2,upper,-15.0,2,-14.922085227557874,-17.874651968840375,-17.835570156402056,-6.11195721734493,-2.9340061099370534,-0.00019840938029134147,upper,0.1
729,phase2,upper,-15.0,2,-14.926159302906829,-17.874651968840375,-17.835570156402056,-6.11195721734493,-2.9340061099370534,-0.0023237651783094286,upper,0.1
730,phase2,upper,-15.0,2,-14.932269051976943,-17.874651968840375,-17.835570156402056,-6.11195721734493,-2.9340061099370534,0.01099382211405341,upper,0.1
731,phase2,upper,-15.0,2,-14.928848468757845,-17.874651968840375,-17.835570156402056,-6.11195721734493,-2.9340061099370534,0.028683105979783893,upper,0.1
732,phase2,upper,-15.0,2,-14.906446278026046,-17.874651968840375,-17.835570156402056,-6.11195721734493,-2.9340061099370534,0.011981161677056696,upper,0.1
733,phase2,upper,-15.0,2,-14.900009006402026,-17.874651968840375,-17.835570156402056,-6.11195721734493,-2.9340061099370534,0.0032369789691867514,upper,0.1
734,phase2,lower,-20.0,4,-14.900009006402026,-18.117830506524275,-17.912785889773936,-6.0452127580987645,-2.892997558180422,-0.0032199120997036994,upper,0.1
735,phase2,upper,-15.0,2,-14.907793326471255,-18.117830506524275,-17.912785889773936,-6.0452127580987645,-2.892997558180422,-0.004012425882441322,upper,0.1
736,phase2,upper,-15.0,2,-14.916391552300654,-18.117830506524275,-17.912785889773936,-6.0452127580987645,-2.892997558180422,-0.004143952156192554,upper,0.1
737,phase2,upper,-15.0,2,-14.92508540211666,-18.117830506524275,-17.912785889773936,-6.0452127580987645,-2.892997558180422,-0.003942379193550327,upper,0.1
738,phase2,upper,-15.0,2,-14.933483766135232,-18.117830506524275,-17.912785889773936,-6.0452127580987645,-2.892997558180422,-0.0035863570631868963,upper,0.1
739,phase2,upper,-15.0,2,-14.94138103727952,-18.117830506524275,-17.912785889773936,-6.0452127580987645,-2.892997558180422,-0.003172350352443223,upper,0.1
740,phase2,upper,-15.0,2,-14.94867783651406,-18.117830506524275,-17.912785889773936,-6.0452127580987645,-2.892997558180422,-0.0027515477145209906,upper,0.1
741,phase2,upper,-15.0,2,-14.955336253997684,-18.117830506524275,-17.912785889773936,-6.0452127580987645,-2.892997558180422,-0.0023501983953404036,upper,0.1
742,phase2,upper,-15.0,2,-14.961354260295291,-18.117830506524275,-17.912785889773936,-6.0452127580987645,-2.892997558180422,-0.0019808325144150844,upper,0.1
743,phase2,upper,-15.0,2,-14.966750829908117,-18.117830506524275,-17.912785889773936,-6.0452127580987645,-2.892997558180422,-0.0016484632143909405,upper,0.1
744,phase2,lower,-20.0,4,-14.966750829908117,-18.34880966174219,-17.99809886724199,-5.9655922277391396,-2.8181148457687564,0.028427818866438477,upper,0.1
745,phase2,upper,-15.0,2,-14.944488452227912,-18.34880966174219,-17.99809886724199,-5.9655922277391396,-2.8181148457687564,0.013383354726036724,upper,0.1
746,phase2,upper,-15.0,2,-14.936290784177272,-18.34880966174219,-17.99809886724199,-5.9655922277391396,-2.8181148457687564,0.005386064443307446,upper,0.1
747,phase2,upper,-15.0,2,-14.935539741641032,-18.34880966174219,-17.99809886724199,-5.9655922277391396,-2.8181148457687564,0.001238473318321349,upper,0.1
748,phase2,upper,-15.0,2,-14.938592539060394,-18.34880966174219,-17.99809886724199,-5.9655922277391396,-2.8181148457687564,-0.0008157836513129855,upper,0.1
749,phase2,upper,-15.0,2,-14.94344762045256,-18.34880966174219,-17.99809886724199,-5.9655922277391396,-2.8181148457687564,-0.0017410313148298506,upper,0.1
750,phase2,upper,-15.0,2,-14.949010328426274,-18.34880966174219,-17.99809886724199,-5.9655922277391396,-2.8181148457687564,-0.002066215068454049,upper,0.1
751,phase2,upper,-15.0,2,-14.954688263839538,-18.34880966174219,-17.99809886724199,-5.9655922277391396,-2.8181148457687564,-0.0020809086970205227,upper,0.1
752,phase2,upper,-15.0,2,-14.960167957006226,-18.34880966174219,-17.99809886724199,-5.9655922277391396,-2.8181148457687564,-0.0019430532447515035,upper,0.1
753,phase2,upper,-15.0,2,-14.965291313581243,-18.34880966174219,-17.99809886724199,-5.9655922277391396,-2.8181148457687564,-0.0017381936372466876,upper,0.1
754,phase2,upper,-15.0,2,-14.969987020912185,-18.34880966174219,-17.99809886724199,-5.9655922277391396,-2.8181148457687564,-0.0015120608752813422,upper,0.1
755,phase2,upper,-15.0,2,-14.974232276611058,-18.34880966174219,-17.99809886724199,-5.9655922277391396,-2.8181148457687564,-0.0012885034561556366,upper,0.1
756,phase2,upper,-15.0,2,-14.97803128682514,-18.34880966174219,-17.99809886724199,-5.9655922277391396,-2.8181148457687564,-0.0010793635075422186,upper,0.1
757,phase2,upper,-15.0,2,-14.981403073474485,-18.34880966174219,-17.99809886724199,-5.9655922277391396,-2.8181148457687564,0.020414119964264177,upper,0.1
758,phase2,upper,-15.0,2,-14.966791157591661,-18.34880966174219,-17.99809886724199,-5.9655922277391396,-2.8181148457687564,0.027962467872220592,upper,0.1
759,phase2,upper,-15.0,2,-14.943011425910258,-18.34880966174219,-17.99809886724199,-5.9655922277391396,-2.8181148457687564,0.013340575436128314,upper,0.1
760,phase2,upper,-15.0,2,-14.93326081739652,-18.34880966174219,-17.99809886724199,-5.9655922277391396,-2.8181148457687564,0.00553748136410755,upper,0.1
761,phase2,upper,-15.0,2,-14.93108664077196,-18.34880966174219,-17.99809886724199,-5.9655922277391396,-2.8181148457687564,0.0014635926890231225,upper,0.1
762,phase2,upper,-15.0,2,-14.93291673522594,-18.34880966174219,-17.99809886724199,-5.9655922277391396,-2.8181148457687564,-0.0005786569535682423,upper,0.1
763,phase2,upper,-15.0,2,-14.936770265565638,-18.34880966174219,-17.99809886724199,-5.9655922277391396,-2.8181148457687564,-0.0015217395041577958,upper,0.1
764,phase2,upper,-15.0,2,-14.941547856452514,-18.34880966174219,-17.99809886724199,-5.9655922277391396,-2.8181148457687564,-0.0018775275744807797,upper,0.1
765,phase2,upper,-15.0,2,-14.9466402216116,-18.34880966174219,-17.99809886724199,-5.9655922277391396,-2.8181148457687564,-0.001926616124518301,upper,0.1
766,phase2,upper,-15.0,2,-14.951711964578159,-18.34880966174219,-17.99809886724199,-5.9655922277391396,-2.8181148457687564,-0.0018223864528912627,upper,0.1
767,phase2,upper,-15.0,2,-14.956581791236125,-18.34880966174219,-17.99809886724199,-5.9655922277391396,-2.8181148457687564,-0.0016482231037924224,upper,0.1
768,phase2,upper,-15.0,2,-14.96115584530771,-18.34880966174219,-17.99809886724199,-5.9655922277391396,-2.8181148457687564,-0.001448986334579817,upper,0.1
769,phase2,lower,-20.0,4,-14.96115584530771,-18.565042669993293,-18.046391506995995,-5.901967990392736,-2.7876679875273283,-0.0010582651851841337,upper,0.1
770,phase2,upper,-15.0,2,-14.965038717200853,-18.565042669993293,-18.046391506995995,-5.901967990392736,-2.7876679875273283,-0.0008843802759677779,upper,0.1
771,phase2,upper,-15.0,2,-14.968591533275058,-18.565042669993293,-18.046391506995995,-5.901967990392736,-2.7876679875273283,-0.0007287910650588,upper,0.1
772,phase2,upper,-15.0,2,-14.971826328493588,-18.565042669993293,-18.046391506995995,-5.901967990392736,-2.7876679875273283,-0.0005917287378405267,upper,0.1
773,phase2,upper,-15.0,2,-14.974759248303892,-18.565042669993293,-18.046391506995995,-5.901967990392736,-2.7876679875273283,-0.0004724372042224229,upper,0.1
774,phase2,upper,-15.0,2,-14.977408795760704,-18.565042669993293,-18.046391506995995,-5.901967990392736,-2.7876679875273283,-0.00036966988998665294,upper,0.1
775,phase2,upper,-15.0,2,-14.979794670073183,-18.565042669993293,-18.046391506995995,-5.901967990392736,-2.7876679875273283,-0.0002819665726813401,upper,0.1
776,phase2,upper,-15.0,2,-14.981936976545555,-18.565042669993293,-18.046391506995995,-5.901967990392736,-2.7876679875273283,-0.00020780753293947804,upper,0.1
777,phase2,upper,-15.0,2,-14.983855679419008,-18.565042669993293,-18.046391506995995,-5.901967990392736,-2.7876679875273283,-0.0001456988172770254,upper,0.1
778,phase2,upper,-15.0,2,-14.985570220398337,-18.565042669993293,-18.046391506995995,-5.901967990392736,-2.7876679875273283,-9.421847489410936e-05,upper,0.1
779,phase2,upper,-15.0,2,-14.987099254704054,-18.565042669993293,-18.046391506995995,-5.901967990392736,-2.7876679875273283,-5.2040437923179e-05,upper,0.1
780,phase2,upper,-15.0,2,-14.988460473248733,-18.565042669993293,-18.046391506995995,-5.901967990392736,-2.7876679875273283,-1.794542675283647e-05,upper,0.1
781,phase2,upper,-15.0,2,-14.989670489450459,-18.565042669993293,-18.046391506995995,-5.901967990392736,-2.7876679875273283,9.17577708754166e-06,upper,0.1
782,phase2,upper,-15.0,2,-14.990744775270533,-18.565042669993293,-18.046391506995995,-5.901967990392736,-2.7876679875273283,3.0323598242102355e-05,upper,0.1
783,phase2,upper,-15.0,2,-14.991697634953479,-18.565042669993293,-18.046391506995995,-5.901967990392736,-2.7876679875273283,4.639364642711903e-05,upper,0.1
784,phase2,upper,-15.0,2,-14.992542207571319,-18.565042669993293,-18.046391506995995,-5.901967990392736,-2.7876679875273283,5.818229638400278e-05,upper,0.1
785,phase2,upper,-15.0,2,-14.993290491340968,-18.565042669993293,-18.046391506995995,-5.901967990392736,-2.7876679875273283,6.6393173536146e-05,upper,0.1
786,phase2,upper,-15.0,2,-14.993953384078843,-18.565042669993293,-18.046391506995995,-5.901967990392736,-2.7876679875273283,0.02459319839371707,upper,0.1
787,phase2,upper,-15.0,2,-14.973691252442329,-18.565042669993293,-18.046391506995995,-5.901967990392736,-2.7876679875273283,0.02747301344362519,upper,0.1
788,phase2,upper,-15.0,2,-14.949018750728037,-18.565042669993293,-18.046391506995995,-5.901967990392736,-2.7876679875273283,0.013500888028226089,upper,0.1
789,phase2,upper,-15.0,2,-14.93792020452263,-18.565042669993293,-18.046391506995995,-5.901967990392736,-2.7876679875273283,0.005981423039755489,upper,0.1
790,phase2,upper,-15.0,2,-14.934276874269724,-18.565042669993293,-18.046391506995995,-5.901967990392736,-2.7876679875273283,0.0019992958750532416,upper,0.1
791,phase2,upper,-15.0,2,-14.934687719540507,-18.565042669993293,-18.046391506995995,-5.901967990392736,-2.7876679875273283,-4.815063724826962e-05,upper,0.1
792,phase2,upper,-15.0,2,-14.937253994736226,-18.565042669993293,-18.046391506995995,-5.901967990392736,-2.7876679875273283,-0.0010420527461104051,upper,0.1
793,phase2,upper,-15.0,2,-14.940910053697174,-18.565042669993293,-18.046391506995995,-5.901967990392736,-2.7876679875273283,-0.0014668511080491704,upper,0.1
794,phase2,upper,-15.0,2,-14.945054412298598,-18.565042669993293,-18.046391506995995,-5.901967990392736,-2.7876679875273283,-0.0015887999274007462,upper,0.1
795,phase2,upper,-15.0,2,-14.94934593340862,-18.565042669993293,-18.046391506995995,-5.901967990392736,-2.7876679875273283,-0.0015540864309725928,upper,0.1
796,phase2,upper,-15.0,2,-14.953590877853099,-18.565042669993293,-18.046391506995995,-5.901967990392736,-2.7876679875273283,-0.0014427793620441756,upper,0.1
797,phase2,lower,-20.0,4,-14.953590877853099,-18.764476055119403,-18.083328349767292,-5.841706644282002,-2.760164966306368,-0.001144780320988457,upper,0.1
798,phase2,upper,-15.0,2,-14.957411812048397,-18.764476055119403,-18.083328349767292,-5.841706644282002,-2.760164966306368,-0.0009940173214007665,upper,0.1
799,phase2,upper,-15.0,2,-14.961013943493597,-18.764476055119403,-18.083328349767292,-5.841706644282002,-2.760164966306368,-0.000852486295032156,upper,0.1
