episode,phase,route,return,steps,q_start_right,q_start_down,q_shield_right,q_d1_right,q_d2_right,mood_M,greedy_route,epsilon
0,phase1,upper,-15.0,2,-1.25,0.0,0.0,0.0,0.0,-0.3375,lower,0.1
1,phase1,lower,-10.0,4,-1.25,-0.55375,-0.530125,-0.5135875000000001,-0.50201125,-0.27100875,lower,0.1
2,phase1,lower,-10.0,4,-1.25,-1.045295375,-1.0160688875,-0.9958017087500001,-0.932357849875,-0.239254559625,lower,0.1
3,phase1,lower,-10.0,4,-1.25,-1.5077018299125,-1.48148342702625,-1.458618989217125,-1.3083222471461124,-0.21751829514933751,upper,0.1
4,phase1,upper,-15.0,2,-2.6295164656344037,-1.5077018299125,-1.48148342702625,-1.458618989217125,-1.3083222471461124,-0.4125464646231754,lower,0.1
5,phase1,lower,-10.0,4,-2.6295164656344037,-2.126371807784733,-2.0558933590800095,-1.9891594382734477,-1.6978310966799806,-0.2460156125566561,lower,0.1
6,phase1,lower,-10.0,4,-2.6295164656344037,-2.590738014215251,-2.519806884795019,-2.43013563070929,-1.991758440405591,-0.19028430862796283,lower,0.1
7,phase1,lower,-10.0,4,-2.6295164656344037,-3.004900779038395,-2.9463037333277162,-2.8312015695774946,-2.2346789727558343,-0.16465553953623405,upper,0.1
8,phase1,upper,-15.0,2,-3.888294707247982,-3.004900779038395,-2.9463037333277162,-2.8312015695774946,-2.2346789727558343,-0.3518427773609355,lower,0.1
9,phase1,lower,-10.0,4,-3.888294707247982,-3.565699574092169,-3.472372346455895,-3.287246732126313,-2.498593160927755,-0.19259014172093958,lower,0.1
10,phase1,lower,-10.0,4,-3.888294707247982,-3.9796979788773874,-3.8901717391609494,-3.6513013513161674,-2.6799841818294157,-0.1410146895011731,upper,0.1
11,phase1,upper,-15.0,2,-5.052923551312826,-3.9796979788773874,-3.8901717391609494,-3.6513013513161674,-2.6799841818294157,-0.3090539505218945,lower,0.1
12,phase1,lower,-10.0,4,-5.052923551312826,-4.498893910375449,-4.376071480732921,-4.047070880145198,-2.873291072114726,-0.15894904779820218,lower,0.1
13,phase1,lower,-10.0,4,-5.052923551312826,-4.879665810429578,-4.7574931151866675,-4.353335069285046,-2.9933194290464566,-0.11119040661460551,lower,0.1
14,phase1,lower,-10.0,4,-5.052923551312826,-5.217519906858431,-5.101328603992148,-4.6178971433987925,-3.0801616105516936,-0.09111362500295933,upper,0.1
15,phase1,upper,-15.0,2,-6.100426290772381,-5.217519906858431,-5.101328603992148,-4.6178971433987925,-3.0801616105516936,-0.25616292678594504,lower,0.1
16,phase1,lower,-10.0,4,-6.100426290772381,-5.686447410679154,-5.528730936630569,-4.926592775766491,-3.196855020066338,-0.11848037323774911,lower,0.1
17,phase1,lower,-10.0,4,-6.100426290772381,-6.02730809918827,-5.856401410884632,-5.151380273091475,-3.2513994896822993,-0.07571766066002833,lower,0.1
18,phase1,lower,-10.0,4,-6.100426290772381,-6.3283633249519315,-6.146486942736936,-5.337257975972276,-3.2805731064172248,-0.058590788634207296,upper,0.1
19,phase1,lower,-10.0,4,-6.100426290772381,-6.612907396501218,-6.594255732484909,-5.575182670078135,-3.4006203601986527,-0.20480445888173274,upper,0.1
20,phase1,upper,-15.0,2,-7.180229894821081,-6.612907396501218,-6.594255732484909,-5.575182670078135,-3.4006203601986527,-0.08624660939887623,lower,0.1
21,phase1,lower,-10.0,4,-7.180229894821081,-6.938664178558576,-6.857701083218203,-5.730383911043188,-3.40391371705322,-0.04730438661165767,lower,0.1
22,phase1,lower,-10.0,4,-7.180229894821081,-7.223141816975031,-7.248324489618519,-5.9162189031510355,-3.4915851074871274,-0.1814558117963628,upper,0.1
23,phase1,upper,-15.0,2,-8.144586765836591,-7.223141816975031,-7.248324489618519,-5.9162189031510355,-3.4915851074871274,-0.06619775358873094,lower,0.1
24,phase1,lower,-10.0,4,-8.144586765836591,-7.535238062469237,-7.4650566443876665,-6.028484472773536,-3.4655208401803352,-0.03029331320413422,lower,0.1
25,phase1,lower,-10.0,4,-8.144586765836591,-7.8054839025448,-7.647465283164153,-6.106833979755573,-3.4247821105322487,-0.01731557090329991,lower,0.1
26,phase1,lower,-10.0,4,-8.144586765836591,-8.055266054419704,-7.960313420780055,-6.225646174542225,-3.483956656140625,-0.14922723171750985,lower,0.1
27,phase1,lower,-10.0,4,-8.144586765836591,-8.430075299601498,-8.124637961466073,-6.240287347029544,-3.6020840752905183,-0.14707899980584987,upper,0.1
28,phase1,upper,-15.0,2,-8.991461272855702,-8.430075299601498,-8.124637961466073,-6.240287347029544,-3.6020840752905183,-0.1405195317932648,lower,0.1
29,phase1,lower,-10.0,4,-8.991461272855702,-8.775999144401894,-8.26561026974086,-6.259302429244742,-3.5656924345010728,-0.08005488483595767,lower,0.1
30,phase1,lower,-10.0,4,-8.991461272855702,-9.047009653288153,-8.353660520776158,-6.244399380874985,-3.5111368015866335,-0.05947371978834588,upper,0.1
31,phase1,upper,-15.0,2,-9.686510990120242,-9.047009653288153,-8.353660520776158,-6.244399380874985,-3.5111368015866335,0.005324534986296141,lower,0.1
32,phase1,lower,-10.0,4,-9.686510990120242,-9.222882658549286,-8.436379374878962,-6.265696481786152,-3.4259478633872225,0.009727196611125553,lower,0.1
33,phase1,upper,-15.0,2,-10.248080704448883,-9.222882658549286,-8.436379374878962,-6.265696481786152,-3.4259478633872225,-0.04264487192574707,lower,0.1
34,phase1,lower,-10.0,4,-10.248080704448883,-9.432612714915425,-8.479631864289098,-6.22060458032761,-3.3684864701356254,-0.036632354667732646,lower,0.1
35,phase1,lower,-10.0,4,-10.248080704448883,-9.620283749053753,-8.509324809964603,-6.172523653883127,-3.445928584266448,-0.1020909510598766,lower,0.1
36,phase1,lower,-10.0,4,-10.248080704448883,-9.851069711098726,-8.630672118349391,-6.229114807020661,-3.3886590577310924,-0.012075300640079261,lower,0.1
37,phase1,lower,-10.0,4,-10.248080704448883,-9.989897722399864,-8.68569101562993,-6.229338603311878,-3.3047869006153716,0.012494234971045754,lower,0.1
38,phase1,lower,-10.0,4,-10.248080704448883,-10.098232240248928,-8.717185874770198,-6.2060629984364954,-3.2183740908901552,0.019505674398918385,lower,0.1
39,phase1,lower,-10.0,4,-10.248080704448883,-10.192572496742029,-8.736341305962183,-6.169500510491677,-3.135639138056301,0.0216990669616376,lower,0.1
40,phase1,lower,-10.0,4,-10.248080704448883,-10.27742021739857,-8.874427190959837,-6.192207988716073,-3.155464535664615,-0.06047528839447876,upper,0.1
41,phase1,upper,-15.0,2,-10.816666788541838,-10.27742021739857,-8.874427190959837,-6.192207988716073,-3.155464535664615,-0.0030387131333908177,lower,0.1
42,phase1,lower,-10.0,4,-10.816666788541838,-10.389855756574748,-8.88503357048432,-6.152450036977487,-3.0802750746698906,0.018480306308014303,lower,0.1
43,phase1,lower,-10.0,4,-10.816666788541838,-10.472741262288494,-8.87443332532524,-6.096115072089566,-3.0037949836359163,0.023944889695569453,lower,0.1
44,phase1,upper,-15.0,2,-11.250398235848833,-10.472741262288494,-8.87443332532524,-6.096115072089566,-3.0037949836359163,0.005178269501581479,lower,0.1
45,phase1,lower,-10.0,4,-11.250398235848833,-10.558250026040746,-8.824790462933924,-6.014343324046874,-2.9571393054875847,0.008913135734401775,lower,0.1
46,phase1,lower,-10.0,4,-11.250398235848833,-10.626882247569103,-8.770246351602037,-5.936217430056636,-2.9129392708058344,0.01179051567864696,lower,0.1
47,phase1,lower,-10.0,4,-11.250398235848833,-10.680607193861613,-8.712306238907464,-5.861987720952824,-3.0008218979561616,-0.07088219464100626,lower,0.1
48,phase1,lower,-10.0,4,-11.250398235848833,-10.797571073543104,-8.736886840415023,-5.855057479583706,-2.954923291412031,0.0007358241000184401,lower,0.1
49,phase1,lower,-10.0,4,-11.250398235848833,-10.84084040854028,-8.710334200031399,-5.809450938438735,-2.889859457327517,0.018938539086176095,lower,0.1
50,phase1,lower,-10.0,4,-11.250398235848833,-10.860745102511835,-8.66815753821988,-5.751638394767202,-2.824973567817671,0.02290188728445961,lower,0.1
51,phase1,lower,-10.0,4,-11.250398235848833,-10.870874647526627,-8.619900749837036,-5.689544182396494,-2.7650350594734947,0.02304785748060859,lower,0.1
52,phase1,lower,-10.0,4,-11.250398235848833,-10.87503418602512,-8.568283678813723,-5.626032002863036,-2.7109613107920665,0.022154553218494914,lower,0.1
53,phase1,lower,-10.0,4,-11.250398235848833,-10.874420037407335,-8.514268942057845,-5.562503694125766,-2.6626659568064093,0.020967771850229376,lower,0.1
54,phase1,lower,-10.0,4,-11.250398235848833,-10.86953393320718,-8.458390923593257,-5.499868497194513,-2.619814485760221,0.01969268722781194,lower,0.1
55,phase1,lower,-10.0,4,-11.250398235848833,-10.860696213740757,-8.401094209098597,-5.438812089876462,-2.582023737865137,0.01839035895856242,lower,0.1
56,phase1,lower,-10.0,4,-11.250398235848833,-10.848184690213834,-8.342811343993281,-5.379878373232195,-2.5489137563024493,0.017083118385704497,lower,0.1
57,phase1,lower,-10.0,4,-11.250398235848833,-10.832272549044644,-8.283973575664145,-5.323500494629014,-2.5201205454243056,0.01578256917444823,lower,0.1
58,phase1,lower,-10.0,4,-11.250398235848833,-10.81323833944959,-8.22500574332733,-5.270017492541636,-2.4952985727418953,0.014497019968243664,lower,0.1
59,phase1,upper,-15.0,2,-11.646242606137623,-10.81323833944959,-8.22500574332733,-5.270017492541636,-2.4952985727418953,0.025399193469999318,lower,0.1
60,phase1,lower,-10.0,4,-11.646242606137623,-10.781555805714364,-8.157858864428215,-5.230635492930969,-2.482415445165255,0.024930881048496174,lower,0.1
61,phase1,lower,-10.0,4,-11.646242606137623,-10.746748318642101,-8.094705222429472,-5.19501524925256,-2.470752542187243,0.024326857079930472,lower,0.1
62,phase1,upper,-15.0,2,-11.98894370687133,-10.746748318642101,-8.094705222429472,-5.19501524925256,-2.470752542187243,0.010796296917078197,lower,0.1
63,phase1,lower,-10.0,4,-11.98894370687133,-10.721827341795468,-8.04133747967384,-5.1513470101687,-2.455788816957372,0.009633090692475709,lower,0.1
64,phase1,lower,-10.0,4,-11.98894370687133,-10.695108573960077,-7.989046514276089,-5.111296609686741,-2.443622303854086,0.008512688879851217,lower,0.1
65,phase1,lower,-10.0,4,-11.98894370687133,-10.666840947999813,-7.938163944123943,-5.074864044542481,-2.4339776769831873,0.00743875744195863,lower,0.1
66,phase1,lower,-10.0,4,-11.98894370687133,-10.637278365914462,-7.888981380658838,-5.042009026222798,-2.426596933638974,0.0064143799879400505,lower,0.1
67,phase1,lower,-10.0,4,-11.98894370687133,-10.606675725399752,-7.841750329446422,-5.012657200155594,-2.4212386168688407,0.005442076861381826,lower,0.1
68,phase1,lower,-10.0,4,-11.98894370687133,-10.575285316629175,-7.796682789186784,-4.986705738709856,-2.4176771010667397,0.004523827289415732,lower,0.1
69,phase1,lower,-10.0,4,-11.98894370687133,-10.543353619324463,-7.753952411860903,-4.964028364424141,-2.4157019288102064,0.0036610942840342555,lower,0.1
70,phase1,lower,-10.0,4,-11.98894370687133,-10.511118513722478,-7.7136961055999675,-4.944479853755609,-2.4151171888187575,0.002854851905455354,lower,0.1
71,phase1,lower,-10.0,4,-11.98894370687133,-10.478806906195317,-7.67601597845424,-4.927900066363998,-2.4157409264525955,0.0021056144787419667,lower,0.1
72,phase1,lower,-10.0,4,-11.98894370687133,-10.44663276039034,-7.640981535784684,-4.9141175403811035,-2.4174045795739256,0.001413467357769451,lower,0.1
73,phase1,lower,-10.0,4,-11.98894370687133,-10.414795517307782,-7.608632056749361,-4.902952690163205,-2.4199524338588567,0.0007780988431288433,lower,0.1
74,phase1,lower,-10.0,4,-11.98894370687133,-10.383478882293124,-7.57897908652732,-4.894220639595232,-2.4232410927806125,0.00019883287865770944,lower,0.1
75,phase1,lower,-10.0,4,-11.98894370687133,-10.352849953125752,-7.552008990708889,-4.88773372103658,-2.42713895849105,-0.0003253378267953806,lower,0.1
76,phase1,lower,-10.0,4,-11.98894370687133,-10.323058660928181,-7.527685526851656,-4.883303667404393,-2.4315257207144705,-0.000795718581142804,lower,0.1
77,phase1,upper,-15.0,2,-12.315145688140475,-10.323058660928181,-7.527685526851656,-4.883303667404393,-2.4315257207144705,0.008202611234443836,lower,0.1
78,phase1,lower,-10.0,4,-12.315145688140475,-10.286138997409529,-7.511166043806792,-4.889218364462382,-2.431677381404501,0.007143402026109784,lower,0.1
79,phase1,lower,-10.0,4,-12.315145688140475,-10.252212640225757,-7.4976467141767085,-4.894887727718716,-2.432407120587147,0.006127565500473282,lower,0.1
80,phase1,lower,-10.0,4,-12.315145688140475,-10.221241238670427,-7.4867415396666965,-4.900350526340558,-2.433647452987467,0.005158922596539758,lower,0.1
81,phase1,lower,-10.0,4,-12.315145688140475,-10.193148238433167,-7.478107343096562,-4.905636859983272,-2.435334273857946,0.004240596015101255,lower,0.1
82,phase1,lower,-10.0,4,-12.315145688140475,-10.167827612485915,-7.471439057706301,-4.910769489866757,-2.4374068938624713,0.0033750457936650878,lower,0.1
83,phase1,lower,-10.0,4,-12.315145688140475,-10.145151215793655,-7.466465575169023,-4.9157650146462775,-2.4398080642923787,0.0025641074001312293,lower,0.1
84,phase1,upper,-15.0,2,-12.602536112855898,-10.145151215793655,-7.466465575169023,-4.9157650146462775,-2.4398080642923787,-0.002739541455625848,lower,0.1
85,phase1,lower,-10.0,4,-12.602536112855898,-10.129748239041255,-7.458052252092599,-4.91654119103536,-2.447779115602099,-0.0028517880531391112,lower,0.1
86,phase1,lower,-10.0,4,-12.602536112855898,-10.115145249594216,-7.451049888900392,-4.91866550955103,-2.455300655764378,-0.0029302155492106456,lower,0.1
87,phase1,lower,-10.0,4,-12.602536112855898,-10.101372907519123,-7.581130735073466,-4.988198104577479,-2.501649209478483,-0.03395745046000837,lower,0.1
88,phase1,lower,-10.0,4,-12.602536112855898,-10.129910395688563,-7.5961216697185145,-5.0074048882670175,-2.509657621217477,-0.007585423684636043,lower,0.1
89,phase1,lower,-10.0,4,-12.602536112855898,-10.13335840440773,-7.594547492781938,-5.012859200402176,-2.508304301236018,-0.0010435748130715298,lower,0.1
90,phase1,lower,-10.0,4,-12.602536112855898,-10.130416530576914,-7.589327717071231,-5.014379724616718,-2.5051833871336764,0.0002765540724879393,lower,0.1
91,phase1,upper,-15.0,2,-12.861280080354009,-10.130416530576914,-7.589327717071231,-5.014379724616718,-2.5051833871336764,-0.0013271515044106842,lower,0.1
92,phase1,lower,-10.0,4,-12.861280080354009,-10.127502085580316,-7.579382947353084,-5.013230017898784,-2.506444101536407,-0.0011665831668124496,lower,0.1
93,phase1,lower,-10.0,4,-12.861280080354009,-10.123740096607724,-7.570595225126125,-5.012621089142674,-2.5076292543454115,-0.0011742094907703443,lower,0.1
94,phase1,upper,-15.0,2,-13.09372405510768,-10.123740096607724,-7.570595225126125,-5.012621089142674,-2.5076292543454115,-0.000451717161080585,lower,0.1
95,phase1,lower,-10.0,4,-13.09372405510768,-10.118832154904537,-7.566710239140173,-5.013209691812689,-2.505427363592952,-0.0007979619218426801,lower,0.1
96,phase1,lower,-10.0,4,-13.09372405510768,-10.114338129057758,-7.563343529139634,-5.013542342896686,-2.503786193762966,-0.0011003325421414078,lower,0.1
97,phase1,lower,-10.0,4,-13.09372405510768,-10.110228968353873,-7.5603955999586026,-5.013685998619912,-2.502618885550475,-0.001357215598875557,lower,0.1
98,phase1,lower,-10.0,4,-13.09372405510768,-10.106467125553335,-7.557782572436394,-5.013692035249844,-2.5018468028142764,-0.0015707181012804884,lower,0.1
99,phase1,lower,-10.0,4,-13.09372405510768,-10.103012316532793,-7.555435472579811,-5.013600291127065,-2.5014001207387344,-0.0017438739765124373,lower,0.1
100,phase1,lower,-10.0,4,-13.09372405510768,-10.099824118716356,-7.5532982017983255,-5.013441444764203,-2.50121738537602,-0.0018798929011192781,lower,0.1
101,phase1,lower,-10.0,4,-13.09372405510768,-10.09686343063556,-7.55132545699867,-5.013238759548379,-2.501244838712965,-0.0019819533310675304,lower,0.1
102,phase1,lower,-10.0,4,-13.09372405510768,-10.094093391269832,-7.549480891036601,-5.013009493159837,-2.6209083408949962,-0.06171443660329881,lower,0.1
103,phase1,lower,-10.0,4,-13.09372405510768,-10.145175134189477,-7.584350123030278,-5.052387910101271,-2.6294377998298764,-0.015574335619066362,lower,0.1
104,phase1,upper,-15.0,2,-13.313951741051353,-10.145175134189477,-7.584350123030278,-5.052387910101271,-2.6294377998298764,-0.008542637052133328,lower,0.1
105,phase1,upper,-15.0,2,-13.50518855764168,-10.145175134189477,-7.584350123030278,-5.052387910101271,-2.6294377998298764,-0.0033760147330198936,lower,0.1
106,phase1,lower,-10.0,4,-13.50518855764168,-10.142131046333276,-7.690856021779564,-5.108172369915298,-2.6495830429746223,-0.026980369752818843,lower,0.1
107,phase1,upper,-15.0,2,-13.692968537972352,-10.142131046333276,-7.690856021779564,-5.108172369915298,-2.6495830429746223,-0.01220646953545321,lower,0.1
108,phase1,lower,-10.0,4,-13.692968537972352,-10.157989366459812,-7.689475046156047,-5.117916233490824,-2.6383563633009266,-0.001396783454343437,lower,0.1
109,phase1,lower,-10.0,4,-13.692968537972352,-10.162395039538344,-7.682444225511821,-5.120697532830029,-2.6246795030859054,0.0013434883324959916,lower,0.1
110,phase1,lower,-10.0,4,-13.692968537972352,-10.163190818636444,-7.6747781461267435,-5.120617309965418,-2.6114074188975342,0.0019504835253001097,lower,0.1
111,phase1,lower,-10.0,4,-13.692968537972352,-10.162594116212704,-7.667601682081475,-5.118953491771159,-2.5991963322621627,0.0020009077982333814,lower,0.1
112,phase1,upper,-15.0,2,-13.836196872722407,-10.162594116212704,-7.667601682081475,-5.118953491771159,-2.5991963322621627,0.000855772243563773,lower,0.1
113,phase1,lower,-10.0,4,-13.836196872722407,-10.162324677780374,-7.661588398098631,-5.115256331535293,-2.5877293211062984,0.0008306888402538414,lower,0.1
114,phase1,lower,-10.0,4,-13.836196872722407,-10.161503429855971,-7.6557814967083555,-5.110887285795505,-2.577555071721739,0.000802638408726389,lower,0.1
115,phase1,lower,-10.0,4,-13.836196872722407,-10.160208861973356,-7.650110108874139,-5.106043094881077,-2.568530657999941,0.0007831564607878242,lower,0.1
116,phase1,lower,-10.0,4,-13.836196872722407,-10.158494145848724,-7.644520576546219,-5.100880549136693,-2.5605244507321925,0.000773176772658308,lower,0.1
117,phase1,lower,-10.0,4,-13.836196872722407,-10.15640092982308,-7.638977736542305,-5.095526701281626,-2.5534186363523066,0.0007710883793324366,lower,0.1
118,phase1,lower,-10.0,4,-13.836196872722407,-10.153964630953604,-7.633461939427113,-5.090084491144918,-2.5471087370920817,0.0007748568098975602,lower,0.1
119,phase1,lower,-10.0,4,-13.836196872722407,-10.151216990672047,-7.6279655545970995,-5.084636750147034,-2.541502436018504,0.0007825675634341534,lower,0.1
120,phase1,lower,-10.0,4,-13.836196872722407,-10.148187536257462,-7.6224898583780245,-5.079249425140172,-2.5365183133632114,0.0007925505534469638,lower,0.1
121,phase1,lower,-10.0,4,-13.836196872722407,-10.144904472971415,-7.617042457928049,-5.073974289703097,-2.532084649237979,0.0008033937429101197,lower,0.1
122,phase1,lower,-10.0,4,-13.836196872722407,-10.14139521709846,-7.61163521870669,-5.068851253775846,-2.5281383277991174,0.0008139280578030825,lower,0.1
123,phase1,upper,-15.0,2,-13.964569037213185,-10.14139521709846,-7.61163521870669,-5.068851253775846,-2.5281383277991174,0.0009662501941158051,lower,0.1
124,phase1,lower,-10.0,4,-13.964569037213185,-10.137549592084579,-7.703574511039948,-5.103329574245946,-2.55221731283368,-0.020638379750591386,lower,0.1
125,phase1,upper,-15.0,2,-14.098031203866922,-10.137549592084579,-7.703574511039948,-5.103329574245946,-2.55221731283368,-0.009618020744060636,lower,0.1
126,phase1,lower,-10.0,4,-14.098031203866922,-10.15280830264977,-7.699186873688337,-5.101661539075382,-2.5487598141096286,-0.0009209885801954947,lower,0.1
127,phase1,lower,-10.0,4,-14.098031203866922,-10.158275049475803,-7.689502532336583,-5.095842924365917,-2.5428465829574702,0.0012657498448328303,lower,0.1
128,phase1,lower,-10.0,4,-14.098031203866922,-10.16025862290153,-7.67880016500639,-5.08900640348535,-2.536830449963546,0.001728685092303538,lower,0.1
129,phase1,lower,-10.0,4,-14.098031203866922,-10.160556960528943,-7.668181166056523,-5.08202883186124,-2.531285700690193,0.0017398322688471036,lower,0.1
130,phase1,lower,-10.0,4,-14.098031203866922,-10.159753532039739,-7.657910855437825,-5.075178726790101,-2.5263183151944246,0.0016369946961138186,lower,0.1
131,phase1,lower,-10.0,4,-14.098031203866922,-10.158095969153045,-7.6480391183799785,-5.068555369167956,-2.521913863121603,0.0015096648398263198,lower,0.1
132,phase1,lower,-10.0,4,-14.098031203866922,-10.155731585719895,-7.638563942693775,-5.062206546158902,-2.5180296173924335,0.001381353787328532,lower,0.1
133,phase1,lower,-10.0,4,-14.098031203866922,-10.152771603008688,-7.629473679478012,-5.05616074469898,-2.514618707053364,0.0012580577229323324,lower,0.1
134,phase1,lower,-10.0,4,-14.098031203866922,-10.149309558704982,-7.620757266577911,-5.050436495403447,-2.5116362346704437,0.0011411396664424947,lower,0.1
135,phase1,lower,-10.0,4,-14.098031203866922,-10.145427303792475,-7.612406109104255,-5.045045547353381,-2.509040627525844,0.0010307515577052144,lower,0.1
136,phase1,lower,-10.0,4,-14.098031203866922,-10.141197507921719,-7.604413891269632,-5.03999431950114,-2.506793747751494,0.0009267415564701002,lower,0.1
137,phase1,lower,-10.0,4,-14.098031203866922,-10.136685078855686,-7.596775966179107,-5.03528482065459,-2.504860696344753,0.0008288927995058059,lower,0.1
138,phase1,lower,-10.0,4,-14.098031203866922,-10.131948164068472,-7.58948874277613,-5.030915363771816,-2.5032095575470255,0.0007369844832448837,lower,0.1
139,phase1,lower,-10.0,4,-14.098031203866922,-10.127038935904318,-7.582549165233521,-5.026881168903098,-2.5018111471483837,0.0006508058243655435,lower,0.1
140,phase1,lower,-10.0,4,-14.098031203866922,-10.122004233595309,-7.575954296058102,-5.0231748866194526,-2.500638779763553,0.0005701576507360122,lower,0.1
141,phase1,lower,-10.0,4,-14.098031203866922,-10.116886097955927,-7.569700993669587,-5.019787056292245,-2.499668057342386,0.00049485089364409,lower,0.1
142,phase1,lower,-10.0,4,-14.098031203866922,-10.111722221723012,-7.563785671365509,-5.016706508192606,-2.498876677899802,0.00042470446605789934,lower,0.1
143,phase1,lower,-10.0,4,-14.098031203866922,-10.10654633266781,-7.558204124966193,-5.013920716291773,-2.4982442627001946,0.00035954319762561567,lower,0.1
144,phase1,lower,-10.0,4,-14.098031203866922,-10.101388523019784,-7.552951417767575,-5.0114161075208,-2.4977522000526777,0.00029919600688868965,lower,0.1
145,phase1,lower,-10.0,4,-14.098031203866922,-10.096275536088363,-7.548021812864316,-5.009178332456887,-2.4973835039708665,0.00024349435460490514,lower,0.1
146,phase1,lower,-10.0,4,-14.098031203866922,-10.091231018846814,-7.543408744233389,-5.007192501765975,-2.4971226860909868,0.00019227098099588194,lower,0.1
147,phase1,lower,-10.0,4,-14.098031203866922,-10.086275747502576,-7.53910481915048,-5.005443392191771,-2.496955639388548,0.00014535891527712644,lower,0.1
148,phase1,lower,-10.0,4,-14.098031203866922,-10.081427831643618,-7.5351018455517815,-5.0039156254177515,-2.496869532376143,0.00010259073948378286,lower,0.1
149,phase1,lower,-10.0,4,-14.098031203866922,-10.0767029013689,-7.531390878866014,-5.002593822728639,-2.496852712599836,6.379808527132098e-05,lower,0.1
150,phase1,lower,-10.0,4,-14.098031203866922,-10.072114280841866,-7.5279622836401,-5.001462738052207,-2.496894618377945,2.8811340537679224e-05,lower,0.1
151,phase1,lower,-10.0,4,-14.098031203866922,-10.067673150915207,-7.524805805980603,-5.0005073716636295,-2.4969856978432956,-2.540458154730665e-06,lower,0.1
152,phase1,lower,-10.0,4,-14.098031203866922,-10.063388702834086,-7.521910653443782,-4.999713066576563,-2.497117334458168,-3.0429571533628966e-05,lower,0.1
153,phase1,lower,-10.0,4,-14.098031203866922,-10.059268284509436,-7.519265579540624,-4.999065589421991,-2.4972817782702,-5.502936573418144e-05,lower,0.1
154,phase1,lower,-10.0,4,-14.098031203866922,-10.055317540441715,-7.516858970488768,-4.998551197422878,-2.4974720822676937,-7.65140055528586e-05,lower,0.1
155,phase1,lower,-10.0,4,-14.098031203866922,-10.051540546051418,-7.51467893224905,-4.998156692905366,-2.497682043274381,-9.50580546801136e-05,lower,0.1
156,phase1,lower,-10.0,4,-14.098031203866922,-10.047939936920393,-7.512713376237756,-4.997869466642122,-2.4979061468971446,-0.00011083600339006661,lower,0.1
157,phase1,lower,-10.0,4,-14.098031203866922,-10.04451703325518,-7.510950102412656,-4.997677531197084,-2.4981395161058755,-0.00012402174263931442,lower,0.1
158,phase1,lower,-10.0,4,-14.098031203866922,-10.041271959739305,-7.509376878697339,-4.99756954533058,-2.49837786308307,-0.00013478800189608192,lower,0.1
159,phase1,lower,-10.0,4,-14.098031203866922,-10.038203760836815,-7.5079815159388446,-4.997534830427157,-2.498617444032393,-0.00014330576633800449,lower,0.1
160,phase1,lower,-10.0,4,-14.098031203866922,-10.035310511536721,-7.506751937792582,-4.997563379823391,-2.498855016680798,-0.00014974368735736984,lower,0.1
161,phase1,lower,-10.0,4,-14.098031203866922,-10.03258942348093,-7.505676245099638,-4.997645861837659,-2.4990878002483465,-0.00015426749863261627,lower,0.1
162,phase1,lower,-10.0,4,-14.098031203866922,-10.03003694639157,-7.504742774468204,-4.997773617236862,-2.4993134376941737,-0.00015703944838625544,lower,0.1
163,phase1,lower,-10.0,4,-14.098031203866922,-10.027648864702781,-7.503940150895836,-4.9979386518150575,-2.4995299600764995,-0.0001582177568759011,lower,0.1
164,phase1,lower,-10.0,4,-14.098031203866922,-10.025420389303275,-7.503257334375214,-4.998133624704862,-2.4997357528897455,-0.00015795610666833235,lower,0.1
165,phase1,lower,-10.0,4,-14.098031203866922,-10.023346244306468,-7.502683660515154,-4.998351832993322,-2.499929524263034,-0.00015640317184093913,lower,0.1
166,phase1,lower,-10.0,4,-14.098031203866922,-10.021420748781994,-7.502208875283032,-4.998587193169046,-2.5001102749221116,-0.00015370219094521754,lower,0.1
167,phase1,lower,-10.0,4,-14.098031203866922,-10.019637893403948,-7.501823164035988,-4.998834219886039,-2.5002772698314066,-0.00014999058736102307,lower,0.1
168,phase1,lower,-10.0,4,-14.098031203866922,-10.017991411995776,-7.501517175058145,-4.999088002491376,-2.5004300114448923,-0.00014539963956803525,lower,0.1
169,phase1,lower,-10.0,4,-14.098031203866922,-10.016474847977625,-7.5012820378608085,-4.999344179728177,-2.500568214503991,-0.00014005420286447123,lower,0.1
170,phase1,lower,-10.0,4,-14.098031203866922,-10.015081615748521,-7.501109376533473,-4.999598912991901,-2.5006917823282926,-0.00013407248317071324,lower,0.1
171,phase1,lower,-10.0,4,-14.098031203866922,-10.01380505706187,-7.500991318456614,-4.999848858486589,-2.5008007845506053,-0.00012756586276595577,lower,0.1
172,phase1,upper,-15.0,2,-14.199800559039979,-10.01380505706187,-7.500991318456614,-4.999848858486589,-2.5008007845506053,-0.00016343056104840185,lower,0.1
173,phase1,lower,-10.0,4,-14.199800559039979,-10.012670770706288,-7.5010518026161686,-5.000052625992393,-2.500773203872069,-0.00016860489850654842,lower,0.1
174,phase1,lower,-10.0,4,-14.199800559039979,-10.011660618305932,-7.501122070783212,-5.000226733557559,-2.5007561496553405,-0.00017195424590973532,lower,0.1
175,phase1,lower,-10.0,4,-14.199800559039979,-10.01076152237498,-7.501197226392617,-5.000374990409265,-2.5007473326457688,-0.0001736232647069557,lower,0.1
176,phase1,lower,-10.0,4,-14.199800559039979,-10.00996135371498,-7.501273379187132,-5.0005006709345405,-2.5007447616204668,-0.0001737561930872948,lower,0.1
177,phase1,lower,-10.0,4,-14.199800559039979,-10.009248936835974,-7.501347484525931,-5.000606591699335,-2.5007467155220295,-0.00017249580161912922,lower,0.1
178,phase1,lower,-10.0,4,-14.199800559039979,-10.008614037826426,-7.501417206103538,-5.000695178070586,-2.500751717764368,-0.00016998244689219675,lower,0.1
179,phase1,lower,-10.0,4,-14.199800559039979,-10.00804733885634,-7.501480798780433,-5.000768521730986,-2.5007585125230283,-0.00016635322317906645,lower,0.1
180,phase1,lower,-10.0,4,-14.199800559039979,-10.00754040274961,-7.501537008680869,-5.000828430225392,-2.5007660428450293,-0.00016174121114444106,lower,0.1
181,phase1,lower,-10.0,4,-14.199800559039979,-10.007085630432766,-7.501584988106809,-5.000876469544342,-2.5007734304328113,-0.00015627482176232426,lower,0.1
182,phase1,lower,-10.0,4,-14.199800559039979,-10.006676213539757,-7.501624223157486,-5.000914000631957,-2.5007799569737337,-0.0001500772328546017,lower,0.1
183,phase1,lower,-10.0,4,-14.199800559039979,-10.006306084011099,-7.501654472238633,-5.000942210600766,-2.500785046901032,-0.00014326591502149776,lower,0.1
184,phase1,lower,-10.0,4,-14.199800559039979,-10.005969862157372,-7.501675713899968,-5.000962139343306,-2.5007882514845297,-0.00013595224319954937,lower,0.1
185,phase1,lower,-10.0,4,-14.199800559039979,-10.00566280435051,-7.501688102659346,-5.000974702148116,-2.5007892341600013,-0.00012824118963928834,lower,0.1
186,phase1,lower,-10.0,4,-14.199800559039979,-10.005380751252071,-7.501691931661652,-5.000980708855041,-2.5007877570151056,-0.00012023109374053177,lower,0.1
187,phase1,lower,-10.0,4,-14.199800559039979,-10.005120077277395,-7.501687601183977,-5.000980880020196,-2.500783668357504,-0.0001120135039125618,lower,0.1
188,phase1,lower,-10.0,4,-14.199800559039979,-10.004877641821574,-7.501675592139408,-5.000975860503866,-2.5007768912973023,-0.00010367308642744991,lower,0.1
189,phase1,upper,-15.0,2,-14.290230051193099,-10.004877641821574,-7.501675592139408,-5.000975860503866,-2.5007768912973023,-1.1408067501002458e-05,lower,0.1
190,phase1,lower,-10.0,4,-14.290230051193099,-10.004567704114107,-7.501673830089794,-5.001041722419705,-2.500742515102882,-6.852939027083916e-06,lower,0.1
191,phase1,lower,-10.0,4,-14.290230051193099,-10.0042844843568,-7.501675223892353,-5.001090036801271,-2.500704420566363,-2.67129305744178e-06,lower,0.1
192,phase1,lower,-10.0,4,-14.290230051193099,-10.004025962474106,-7.501677525582471,-5.001122267444461,-2.500663359569895,1.1384914134598053e-06,lower,0.1
193,phase1,lower,-10.0,4,-14.290230051193099,-10.003790094142671,-7.501678905292298,-5.001139858599816,-2.500620027558001,4.58085889830186e-06,lower,0.1
194,phase1,lower,-10.0,4,-14.290230051193099,-10.003574852484626,-7.501677904099948,-5.001144225419939,-2.5005750642164317,7.662775192778474e-06,lower,0.1
195,phase1,lower,-10.0,4,-14.290230051193099,-10.003378261148484,-7.501673390617573,-5.001136745611756,-2.5005290544412677,1.039343391186115e-05,lower,0.1
196,phase1,lower,-10.0,4,-14.290230051193099,-10.003198420004871,-7.501664521092297,-5.001118752230241,-2.5004825295719004,1.278397319309575e-05,lower,0.1
197,phase1,lower,-10.0,4,-14.290230051193099,-10.00303352453774,-7.501650702807842,-5.001091527549685,-2.500435968861141,1.4847203780072883e-05,lower,0.1
198,phase1,lower,-10.0,4,-14.290230051193099,-10.002881879881347,-7.501631560587222,-5.0010562979483435,-2.500389801155609,1.6597349510130334e-05,lower,0.1
199,phase1,lower,-10.0,4,-14.290230051193099,-10.002741910337376,-7.501606906208043,-5.001014229742169,-2.5003444067597647,1.80498010493742e-05,lower,0.1
200,phase1,lower,-10.0,4,-14.290230051193099,-10.002612165103498,-7.501576710552063,-5.000966425903519,-2.500300119457378,1.9220883545313223e-05,lower,0.1
201,phase1,lower,-10.0,4,-14.290230051193099,-10.002491320853164,-7.501541078319847,-5.000913923601149,-2.5002572286649074,2.012763870322656e-05,lower,0.1
202,phase1,lower,-10.0,4,-14.290230051193099,-10.002378181725,-7.50150022514963,-5.000857692498468,-2.5002159816920897,2.078762163912832e-05,lower,0.1
203,phase1,lower,-10.0,4,-14.290230051193099,-10.002271677207988,-7.501454456987256,-5.000798633747971,-2.500176586086059,2.1218712717600238e-05,lower,0.1
204,phase1,lower,-10.0,4,-14.290230051193099,-10.002170858344469,-7.501404151561055,-5.000737579620935,-2.500139212036459,2.14389444503449e-05,lower,0.1
205,phase1,lower,-10.0,4,-14.290230051193099,-10.002074892616122,-7.501349741822137,-5.000675293712903,-2.500103994820247,2.1466343409180528e-05,lower,0.1
206,phase1,lower,-10.0,4,-14.290230051193099,-10.001983057827655,-7.501291701216777,-5.000612471667084,-2.5000710372662356,2.1318786995441276e-05,lower,0.1
207,phase1,lower,-10.0,4,-14.290230051193099,-10.001894735258272,-7.5012305306633715,-5.000549742359674,-2.5000404122208177,2.101387480813201e-05,lower,0.1
208,phase1,lower,-10.0,4,-14.290230051193099,-10.001809402311455,-7.5011667471120305,-5.000487669493103,-2.50001216499775,2.05688142630841e-05,lower,0.1
209,phase1,lower,-10.0,4,-14.290230051193099,-10.001726624858676,-7.501100873570185,-5.0004267535454305,-2.4999863157963635,2.0000320037021808e-05,lower,0.1
210,phase1,lower,-10.0,4,-14.290230051193099,-10.001646049441794,-7.501033430482727,-5.000367434026399,-2.499962862074032,1.932452684183255e-05,lower,0.1
211,phase1,upper,-15.0,2,-14.370479354538743,-10.001646049441794,-7.501033430482727,-5.000367434026399,-2.499962862074032,1.8760931101058417e-05,lower,0.1
212,phase1,lower,-10.0,4,-14.370479354538743,-10.001567902707896,-7.500942035830685,-5.000310275607684,-2.4999629926964,2.02312206952261e-05,lower,0.1
213,phase1,lower,-10.0,4,-14.370479354538743,-10.00148710792155,-7.500854288035067,-5.000259606293314,-2.4999616158275675,2.1401882721092748e-05,lower,0.1
214,phase1,lower,-10.0,4,-14.370479354538743,-10.001404564238452,-7.500770647283517,-5.000214683176729,-2.4999590629761204,2.229159477099349e-05,lower,0.1
215,phase1,lower,-10.0,4,-14.370479354538743,-10.001321110107666,-7.5006914337955735,-5.00017485892291,-2.4999556260680773,2.2919531717449654e-05,lower,0.1
216,phase1,lower,-10.0,4,-14.370479354538743,-10.001237514897912,-7.500616851964722,-5.000139569006297,-2.499951560616064,2.3305166403139892e-05,lower,0.1
217,phase1,lower,-10.0,4,-14.370479354538743,-10.00115447395483,-7.500547010907584,-5.000108320560086,-2.499947088702761,2.3468086515356605e-05,lower,0.1
218,phase1,lower,-10.0,4,-14.370479354538743,-10.001072606372242,-7.5004819419260755,-5.000080682649324,-2.499942401790196,2.3427827602878756e-05,lower,0.1
219,phase1,lower,-10.0,4,-14.370479354538743,-10.000992454882782,-7.500421613319692,-5.000056277800809,-2.499937663364974,2.32037220657685e-05,lower,0.1
220,phase1,lower,-10.0,4,-14.370479354538743,-10.000914487376614,-7.50036594292545,-5.000034774641147,-2.4999330114282703,2.281476383780759e-05,lower,0.1
221,phase1,lower,-10.0,4,-14.370479354538743,-10.000839099644043,-7.500314808711154,-5.00001588151071,-2.4999285608383794,2.2279488381805843e-05,lower,0.1
222,phase1,lower,-10.0,4,-14.370479354538743,-10.00076661901121,-7.5002680577026855,-4.999999340935859,-2.499924405512732,2.1615867530180236e-05,lower,0.1
223,phase1,lower,-10.0,4,-14.370479354538743,-10.000697308599582,-7.500225513486997,-4.999984924854881,-2.4999206204955895,2.0841218628952306e-05,lower,0.1
224,phase1,lower,-10.0,4,-14.370479354538743,-10.000631371991558,-7.500186982498725,-4.999972430504737,-2.499917263897057,1.9972127377495685e-05,lower,0.1
225,phase1,lower,-10.0,4,-14.370479354538743,-10.000568958127635,-7.500152259269057,-4.9999616768861515,-2.4999143787085836,1.9024383705781083e-05,lower,0.1
226,phase1,lower,-10.0,4,-14.370479354538743,-10.000510166296442,-7.500121130790227,-4.999952501733868,-2.4999119944997656,1.801292998616903e-05,lower,0.1
227,phase1,lower,-10.0,4,-14.370479354538743,-10.000455051108833,-7.50009338012719,-4.9999447589272386,-2.499910129000989,1.6951820843581258e-05,lower,0.1
228,phase1,upper,-15.0,2,-14.441776702683619,-10.000455051108833,-7.50009338012719,-4.9999447589272386,-2.499910129000989,3.310723240927945e-06,lower,0.1
229,phase1,lower,-10.0,4,-14.441776702683619,-10.000415904359752,-7.50006819148253,-4.999927027160189,-2.499910516179701,2.5665873350335108e-06,lower,0.1
230,phase1,lower,-10.0,4,-14.441776702683619,-10.000378823143427,-7.500044139021847,-4.99991211703713,-2.499911956703702,1.8714312674933937e-06,lower,0.1
231,phase1,lower,-10.0,4,-14.441776702683619,-10.00034367044313,-7.5000214343658875,-4.999899863484,-2.4999143032857667,1.2262443300526879e-06,lower,0.1
232,phase1,lower,-10.0,4,-14.441776702683619,-10.000310343215508,-7.500000243963033,-4.999890093929265,-2.4999174188816,6.315229667177947e-07,lower,0.1
233,phase1,lower,-10.0,4,-14.441776702683619,-10.00027876491959,-7.499980693274299,-4.999882630925507,-2.499921176456735,8.73129268245244e-08,lower,0.1
234,phase1,lower,-10.0,4,-14.441776702683619,-10.000248879173428,-7.499962870819557,-4.999877294473698,-2.4999254587323274,-4.067489228595005e-07,lower,0.1
235,phase1,lower,-10.0,4,-14.441776702683619,-10.000220644412071,-7.49994683206401,-4.999873904072238,-2.499930157910137,-8.513934283378081e-07,lower,0.1
236,phase1,lower,-10.0,4,-14.441776702683619,-10.00019402943135,-7.586824940013427,-5.032178940182133,-2.5225392571133622,-0.01757676316280874,lower,0.1
237,phase1,lower,-10.0,4,-14.441776702683619,-10.024676207336087,-7.592436808342569,-5.038970999323989,-2.525445759003804,-0.0038081266985900315,lower,0.1
238,phase1,upper,-15.0,2,-14.508549859795941,-10.024676207336087,-7.592436808342569,-5.038970999323989,-2.525445759003804,-0.0014389623533332706,lower,0.1
239,phase1,lower,-10.0,4,-14.508549859795941,-10.032747333554736,-7.587666281547091,-5.037795931939733,-2.522852081335603,0.000403228716676826,lower,0.1
240,phase1,upper,-15.0,2,-14.56433054157314,-10.032747333554736,-7.587666281547091,-5.037795931939733,-2.522852081335603,0.0007185836950026584,lower,0.1
241,phase1,lower,-10.0,4,-14.56433054157314,-10.037592503028469,-7.5820315790414,-5.035553824198802,-2.5197086214312954,0.0009220864393189475,lower,0.1
242,phase1,lower,-10.0,4,-14.56433054157314,-10.041206532834375,-7.5765979642851455,-5.033171783596224,-2.5168522393141184,0.0009397575181093236,lower,0.1
243,phase1,lower,-10.0,4,-14.56433054157314,-10.043899894213155,-7.5714553124027315,-5.030778333607003,-2.51431447054968,0.0009109256835991828,lower,0.1
244,phase1,lower,-10.0,4,-14.56433054157314,-10.045835602916874,-7.56660763142866,-5.028426235345697,-2.512076713475966,0.0008721003855929371,lower,0.1
245,phase1,lower,-10.0,4,-14.56433054157314,-10.04712791542102,-7.56203968222661,-5.0261437245761655,-2.5881059772057995,-0.028946239906521093,lower,0.1
246,phase1,upper,-15.0,2,-14.640188472723606,-10.04712791542102,-7.56203968222661,-5.0261437245761655,-2.5881059772057995,-0.013703683020154418,lower,0.1
247,phase1,lower,-10.0,4,-14.640188472723606,-10.06095240681972,-7.566891737042161,-5.038158927424339,-2.5828523397190595,-0.002359432512353557,lower,0.1
248,phase1,lower,-10.0,4,-14.640188472723606,-10.063669829103082,-7.565218303099435,-5.043159076962389,-2.6441613325048436,-0.02379749634310388,lower,0.1
249,phase1,lower,-10.0,4,-14.640188472723606,-10.085242423211511,-7.577442398754916,-5.062963207430115,-2.6362241499754306,-0.004694103878832952,lower,0.1
250,phase1,lower,-10.0,4,-14.640188472723606,-10.0886871142568,-7.5782172216264625,-5.0713288406675705,-2.6229288768548304,0.00025049685336534194,lower,0.1
251,phase1,lower,-10.0,4,-14.640188472723606,-10.087414677825738,-7.576603790685143,-5.0753048868939095,-2.609382057754633,0.0014395407274197026,lower,0.1
252,phase1,lower,-10.0,4,-14.640188472723606,-10.085038002457,-7.5748043366293665,-5.077011322279026,-2.596826636907421,0.001638050666629692,lower,0.1
253,phase1,lower,-10.0,4,-14.640188472723606,-10.08254039027427,-7.573243319465493,-5.077222836142345,-2.5854893250980564,0.001580627134296464,lower,0.1
254,phase1,lower,-10.0,4,-14.640188472723606,-10.080188118772526,-7.571910123258182,-5.0763258988646145,-2.575336493950079,0.0014621480128505383,lower,0.1
255,phase1,lower,-10.0,4,-14.640188472723606,-10.078044386009527,-7.570709220049037,-5.074577082773844,-2.5662741932973394,0.0013340381839358779,lower,0.1
256,phase1,lower,-10.0,4,-14.640188472723606,-10.076110235047935,-7.569547536805996,-5.072175166516693,-2.558200485555275,0.0012096099347662075,lower,0.1
257,phase1,lower,-10.0,4,-14.640188472723606,-10.074365316282451,-7.630483531461647,-5.08680152565787,-2.56290173173828,-0.007656374825772182,lower,0.1
258,phase1,lower,-10.0,4,-14.640188472723606,-10.086867875143565,-7.630623072100352,-5.0875373925590095,-2.5579778197999437,-0.00044447582961665007,lower,0.1
259,phase1,lower,-10.0,4,-14.640188472723606,-10.091643423085898,-7.626243028338461,-5.084383077900524,-2.5511983953410606,0.001387896378147369,lower,0.1
260,phase1,lower,-10.0,4,-14.640188472723606,-10.093854276870822,-7.620838749512877,-5.0800802489587,-2.5445536458487537,0.0017942341297279174,lower,0.1
261,phase1,lower,-10.0,4,-14.640188472723606,-10.09493791341827,-7.615310689814547,-5.075425529725012,-2.5385052360827616,0.0018248661475488922,lower,0.1
262,phase1,lower,-10.0,4,-14.640188472723606,-10.095332811525104,-7.6098786892173,-5.070685309853952,-2.5331155541584134,0.0017584976174337642,lower,0.1
263,phase1,lower,-10.0,4,-14.640188472723606,-10.095204751438633,-7.604588655792178,-5.065973845360603,-2.5283471941964635,0.001668816588691253,lower,0.1
264,phase1,lower,-10.0,4,-14.640188472723606,-10.094641206944166,-7.599445485013062,-5.061355504333737,-2.5241419258734368,0.0015751009489181579,lower,0.1
265,phase1,lower,-10.0,4,-14.640188472723606,-10.093704043897029,-7.594446968901443,-5.056873445694245,-2.5204411023082365,0.0014822424680533469,lower,0.1
266,phase1,lower,-10.0,4,-14.640188472723606,-10.092444318176222,-7.58959167397416,-5.052558534171634,-2.5171905538997636,0.0013913756090762701,lower,0.1
267,phase1,lower,-10.0,4,-14.640188472723606,-10.090906815707847,-7.584880138799323,-5.048432820135143,-2.5143414078901056,0.001302692975333905,lower,0.1
268,phase1,lower,-10.0,4,-14.640188472723606,-10.089131724339193,-7.580314493591403,-5.044511416488055,-2.5118498711945523,0.0012161844705273635,lower,0.1
269,phase1,lower,-10.0,4,-14.640188472723606,-10.08715543524094,-7.5758978230450245,-5.040803811858515,-2.5096767805223474,0.0011318252689420435,lower,0.1
270,phase1,lower,-10.0,4,-14.640188472723606,-10.085011031279299,-7.571633593923854,-5.037314914416245,-2.507787130150969,0.0010496180215902149,lower,0.1
271,phase1,lower,-10.0,4,-14.640188472723606,-10.082728631324324,-7.567525207871993,-5.034045920438815,-2.506149630011576,0.0009695970705473843,lower,0.1
272,phase1,lower,-10.0,4,-14.640188472723606,-10.080335651615599,-7.563575674542664,-5.030995046582493,-2.504736304955972,0.0008918233072936709,lower,0.1
273,phase1,lower,-10.0,4,-14.640188472723606,-10.07785701293174,-7.559787386199294,-5.028158148417466,-2.503522135122929,0.0008163772645460914,lower,0.1
274,phase1,lower,-10.0,4,-14.640188472723606,-10.075315310720406,-7.556161974171732,-5.02552924189592,-2.502484734579731,0.0007433524289042724,lower,0.1
275,phase1,lower,-10.0,4,-14.640188472723606,-10.072730959879523,-7.552700229841539,-5.0231009414994325,-2.501604064863468,0.0006728492668595801,lower,0.1
276,phase1,lower,-10.0,4,-14.640188472723606,-10.070122322535552,-7.5494020755589935,-5.020864826838035,-2.500862180081107,0.0006049700554171463,lower,0.1
277,phase1,lower,-10.0,4,-14.640188472723606,-10.06750582478802,-7.546266573414476,-5.018811747893182,-2.500243000417468,0.000539814499304609,lower,0.1
278,phase1,lower,-10.0,4,-14.640188472723606,-10.06489606660129,-7.543291961972171,-5.016932077748225,-2.4997321111286643,0.0004774760862099022,lower,0.1
279,phase1,lower,-10.0,4,-14.640188472723606,-10.062305927660791,-7.540475712930284,-5.015215920475823,-2.4993165843320813,0.0004180391228092363,lower,0.1
280,phase1,lower,-10.0,4,-14.640188472723606,-10.059746670977212,-7.5378146012352945,-5.013653280824373,-2.4989848211319856,0.00036157639221851207,lower,0.1
281,phase1,lower,-10.0,4,-14.640188472723606,-10.057228045250023,-7.535304783487455,-5.012234201446394,-2.4987264118385046,0.00030814737371695245,lower,0.1
282,phase1,lower,-10.0,4,-14.640188472723606,-10.05475838643742,-7.53294188056707,-5.010948872625676,-2.49853201224511,0.00025779696690150333,lower,0.1
283,phase1,lower,-10.0,4,-14.640188472723606,-10.052344718580175,-7.530721061318017,-5.009787718773838,-2.4983932341249253,0.00021055466440347094,lower,0.1
284,phase1,lower,-10.0,4,-14.640188472723606,-10.049992853655995,-7.528637124874315,-5.0087414653689235,-2.4983025482886823,0.00016643411972331614,lower,0.1
285,phase1,lower,-10.0,4,-14.640188472723606,-10.047707490070076,-7.526684579831193,-5.00780118948843,-2.4982531987167516,0.00012543305948938886,lower,0.1
286,phase1,lower,-10.0,4,-14.640188472723606,-10.045492309292648,-7.5248577189648405,-5.006958356637413,-2.4982391264345356,8.753349242011357e-05,lower,0.1
287,phase1,lower,-10.0,4,-14.640188472723606,-10.043350070116688,-7.523150688612475,-5.0062048461806,-2.4982549019447817,5.2702170390095274e-05,lower,0.1
288,phase1,lower,-10.0,4,-14.640188472723606,-10.041282700012914,-7.52155755215184,-5.005532967348524,-2.4982956651625403,2.089126020133933e-05,lower,0.1
289,phase1,lower,-10.0,4,-14.640188472723606,-10.039291383092625,-7.520072347279732,-5.004935467494899,-2.498357071919018,-7.960812112739414e-06,lower,0.1
290,phase1,lower,-10.0,4,-14.640188472723606,-10.037376644242237,-7.518689136993782,-5.004405534029958,-2.498435246210002,-3.3928379412696564e-05,lower,0.1
291,phase1,lower,-10.0,4,-14.640188472723606,-10.035538429058862,-7.517402054339993,-5.003936791237167,-2.4985267374635556,-5.709744581314875e-05,lower,0.1
292,phase1,lower,-10.0,4,-14.640188472723606,-10.033776179288207,-7.516205341108448,-5.003523292994022,-2.49862848219086,-7.756452201110355e-05,lower,0.1
293,phase1,lower,-10.0,4,-14.640188472723606,-10.032088903540041,-7.5150933807480635,-5.00315951225751,-2.498737769464165,-9.543540934627568e-05,lower,0.1
294,phase1,lower,-10.0,4,-14.640188472723606,-10.030475243129256,-7.514060725833968,-5.002840328037727,-2.498852209737375,-0.00011082395551378151,lower,0.1
295,phase1,lower,-10.0,4,-14.640188472723606,-10.02893353295969,-7.513102120462987,-5.002561010466069,-2.4989697065885927,-0.00012385080214021748,lower,0.1
296,phase1,lower,-10.0,4,-14.640188472723606,-10.027461857431945,-7.512212517977793,-5.002317204464531,-2.4990884310205055,-0.00013464214187266574,lower,0.1
297,phase1,upper,-15.0,2,-14.683699264549167,-10.027461857431945,-7.512212517977793,-5.002317204464531,-2.4990884310205055,-0.000122872574997,lower,0.1
298,phase1,lower,-10.0,4,-14.683699264549167,-10.026047508804027,-7.511250196712536,-5.002123322770327,-2.499341969896271,-0.00011708371325178988,lower,0.1
299,phase1,lower,-10.0,4,-14.683699264549167,-10.024673152936803,-7.510374836112848,-5.00198022668255,-2.4995672490933845,-0.00011087353225222873,lower,0.1
300,phase1,lower,-10.0,4,-14.683699264549167,-10.023343107433433,-7.5095814868783695,-5.001878359628367,-2.499766054633142,-0.00010433668978145518,lower,0.1
301,phase1,lower,-10.0,4,-14.683699264549167,-10.022060848398729,-7.508864807553012,-5.001809422274942,-2.4999401282960427,-9.756066890790118e-05,lower,0.1
302,phase1,lower,-10.0,4,-14.683699264549167,-10.020829048916175,-7.508219231100053,-5.001766242324708,-2.500091165954179,-9.062588590056855e-05,lower,0.1
303,phase1,lower,-10.0,4,-14.683699264549167,-10.019649630431873,-7.507639101350021,-5.001742656319147,-2.5002208157114203,-8.360582666133892e-05,lower,0.1
304,phase1,lower,-10.0,4,-14.683699264549167,-10.018523822767683,-7.507118783536817,-5.001733402297977,-2.5003306759447383,-7.656721002320259e-05,lower,0.1
305,phase1,lower,-10.0,4,-14.683699264549167,-10.01745222933362,-7.506652752607133,-5.001734022287725,-2.5004222933271207,-6.95701759863359e-05,lower,0.1
306,phase1,lower,-10.0,4,-14.683699264549167,-10.016434894819358,-7.506235662522713,-5.001740773705713,-2.5004971609005744,-6.266849674490301e-05,lower,0.1
307,phase1,lower,-10.0,4,-14.683699264549167,-10.015471373236764,-7.505862399366332,-5.001750548864157,-2.5005567162567486,-5.590980819422695e-05,lower,0.1
308,phase1,lower,-10.0,4,-14.683699264549167,-10.014560794677095,-7.505528120703645,-5.001760801845963,-2.5006023398726196,-4.933585949469268e-05,lower,0.1
309,phase1,lower,-10.0,4,-14.683699264549167,-10.013701929553296,-7.505228283338142,-5.001769482100224,-2.5006353536394803,-4.298277820092816e-05,lower,0.1
310,phase1,lower,-10.0,4,-14.683699264549167,-10.012893249432162,-7.504958661319924,-5.001774974172667,-2.500657019615117,-3.6881348437479e-05,lower,0.1
311,phase1,lower,-10.0,4,-14.683699264549167,-10.012132983834531,-7.504715355826293,-5.001776043045443,-2.500668539021495,-3.105729961106187e-05,lower,0.1
312,phase1,lower,-10.0,4,-14.683699264549167,-10.011419172603357,-7.504494798318963,-5.001771784612658,-2.500671051503474,-2.5531603190194546e-05,lower,0.1
313,phase1,lower,-10.0,4,-14.683699264549167,-10.01074971361779,-7.504293748195581,-5.001761580863795,-2.500665634658017,-2.0320775150192936e-05,lower,0.1
314,phase1,lower,-10.0,4,-14.683699264549167,-10.010122405773204,-7.504109285988877,-5.0017450593874795,-2.5006533038379826,-1.5437181772934346e-05,lower,0.1
315,phase1,lower,-10.0,4,-14.683699264549167,-10.009534987258368,-7.503938803022523,-5.001722056843495,-2.500635012229862,-1.088934660152161e-05,lower,0.1
316,phase1,lower,-10.0,4,-14.683699264549167,-10.008985169246724,-7.503779988306068,-5.001692586082293,-2.5006116512007344,-6.682256475439622e-06,lower,0.1
317,phase1,lower,-10.0,4,-14.683699264549167,-10.008470665183486,-7.503630813340181,-5.001656806618853,-2.500584050906176,-2.817664711884429e-06,lower,0.1
318,phase1,lower,-10.0,4,-14.683699264549167,-10.007989215897396,-7.503489515405847,-5.001614998192263,-2.500552981147885,7.056103535735034e-07,lower,0.1
319,phase1,lower,-10.0,4,-14.683699264549167,-10.007538610798923,-7.503354579825583,-5.001567537164079,-2.500519152467293,3.8913930971571885e-06,lower,0.1
320,phase1,lower,-10.0,4,-14.683699264549167,-10.007116705447801,-7.503224721609727,-5.001514875527876,-2.5004832174594256,6.745866080333563e-06,lower,0.1
321,phase1,lower,-10.0,4,-14.683699264549167,-10.006721435784522,-7.503098866835099,-5.001457522319654,-2.5004457722896825,9.27729457550856e-06,lower,0.1
322,phase1,lower,-10.0,4,-14.683699264549167,-10.006350829324463,-7.502976134045806,-5.001396027234225,-2.5004073583950084,1.1495761292654673e-05,lower,0.1
323,phase1,lower,-10.0,4,-14.683699264549167,-10.006003013611434,-7.5028558159156225,-5.001330966266672,-2.5003684643500965,1.3412912295419763e-05,lower,0.1
324,phase1,lower,-10.0,4,-14.683699264549167,-10.005676222220787,-7.502737361367456,-5.001262929210521,-2.500329527878743,1.504171493860592e-05,lower,0.1
325,phase1,lower,-10.0,4,-14.683699264549167,-10.00536879859201,-7.502620358307078,-5.001192508855767,-2.500290937990248,1.6396228508048983e-05,lower,0.1
326,phase1,lower,-10.0,4,-14.683699264549167,-10.00507919795786,-7.502504517094978,-5.001120291740342,-2.5002530372207894,1.749138809691713e-05,lower,0.1
327,phase1,lower,-10.0,4,-14.683699264549167,-10.004805987622285,-7.5023896548512505,-5.001046850318214,-2.5002161239599676,1.8342802114750927e-05,lower,0.1
328,phase1,lower,-10.0,4,-14.683699264549167,-10.004547845823277,-7.502275680663398,-5.00097273641622,-2.500180454843164,1.896656369311299e-05,lower,0.1
329,phase1,lower,-10.0,4,-14.683699264549167,-10.004303559399965,-7.502162581745317,-5.000898475859973,-2.5001462471909974,1.9379076129377025e-05,lower,0.1
330,phase1,lower,-10.0,4,-14.683699264549167,-10.004072020465983,-7.502050410577227,-5.000824564156848,-2.5001136814779437,1.9596892394484003e-05,lower,0.1
331,phase1,lower,-10.0,4,-14.683699264549167,-10.003852222273952,-7.501939273040394,-5.000751463131327,-2.5000829038130754,1.963656862637758e-05,lower,0.1
332,phase1,lower,-10.0,4,-14.683699264549167,-10.003643254438833,-7.556122705643099,-5.013255288011846,-2.508895286536279,-0.006848093933379004,lower,0.1
333,phase1,lower,-10.0,4,-14.683699264549167,-10.0150544840993,-7.556133184192457,-5.015824188515158,-2.5100258963491195,-0.0014784128654748716,lower,0.1
334,phase1,lower,-10.0,4,-14.683699264549167,-10.020492925687543,-7.552967614660054,-5.015731227163764,-2.50925421031589,-6.803821709016296e-05,lower,0.1
335,phase1,lower,-10.0,4,-14.683699264549167,-10.023801628980177,-7.549202929086633,-5.014924451947801,-2.5081015734512144,0.00029153506111445556,lower,0.1
336,phase1,lower,-10.0,4,-14.683699264549167,-10.026079377435819,-7.545500098805374,-5.013933477886153,-2.5069588849432276,0.0003731669567144844,lower,0.1
337,phase1,lower,-10.0,4,-14.683699264549167,-10.02768559931173,-7.54201419753092,-5.012908397120062,-2.5059179040272435,0.00038204368125282985,lower,0.1
338,phase1,lower,-10.0,4,-14.683699264549167,-10.02877461982052,-7.53876866346554,-5.011896330812079,-2.5049921208957238,0.00037248320322780037,lower,0.1
339,phase1,lower,-10.0,4,-14.683699264549167,-10.029438789302116,-7.535754310912195,-5.010915275813975,-2.5041753619129015,0.000358730917673047,lower,0.1
340,phase1,upper,-15.0,2,-14.72169050610212,-10.029438789302116,-7.535754310912195,-5.010915275813975,-2.5041753619129015,0.00029695809663898647,lower,0.1
341,phase1,lower,-10.0,4,-14.72169050610212,-10.02980307917615,-7.532969846873634,-5.009931315626761,-2.503456150414078,0.00027183491019399866,lower,0.1
342,phase1,lower,-10.0,4,-14.72169050610212,-10.029875104526722,-7.530381751825228,-5.008986487236397,-2.5028230656835286,0.0002480159806742886,lower,0.1
343,phase1,lower,-10.0,4,-14.72169050610212,-10.029702554873966,-7.527973384765381,-5.00808516036359,-2.5022679207490524,0.00022556912762953314,lower,0.1
344,phase1,lower,-10.0,4,-14.72169050610212,-10.02932662564824,-7.52573021075739,-5.007230502839974,-2.50178318643879,0.00020446194620766904,lower,0.1
345,phase1,lower,-10.0,4,-14.72169050610212,-10.028782968407567,-7.5236395353148735,-5.006424688638057,-2.501361969281133,0.00018463898604804822,lower,0.1
346,phase1,upper,-15.0,2,-14.75533938807581,-10.028782968407567,-7.5236395353148735,-5.006424688638057,-2.501361969281133,0.0002770734436645225,lower,0.1
347,phase1,lower,-10.0,4,-14.75533938807581,-10.028019258998999,-7.5216902440857325,-5.005768978854197,-2.5010101676661773,0.0002641503769458777,lower,0.1
348,phase1,lower,-10.0,4,-14.75533938807581,-10.02714862216842,-7.519885362344355,-5.005159343930165,-2.5007051571515966,0.00025128672431081584,lower,0.1
349,phase1,upper,-15.0,2,-14.784942206485129,-10.02714862216842,-7.519885362344355,-5.005159343930165,-2.5007051571515966,0.00013230647890185172,lower,0.1
350,phase1,lower,-10.0,4,-14.784942206485129,-10.026303220355,-7.518219845224071,-5.004499308486957,-2.5004515518290042,0.00011706652070734583,lower,0.1
351,phase1,lower,-10.0,4,-14.784942206485129,-10.025389522973272,-7.516665482392766,-5.003891426220411,-2.500237781459981,0.00010284959997304456,lower,0.1
352,phase1,lower,-10.0,4,-14.784942206485129,-10.024424554275246,-7.51521595335311,-5.003334428589757,-2.500059541463943,8.961254858152814e-05,lower,0.1
353,phase1,lower,-10.0,4,-14.784942206485129,-10.02342304288931,-7.513865486851156,-5.002826729349268,-2.499912903995736,7.73145046039763e-05,lower,0.1
354,phase1,lower,-10.0,4,-14.784942206485129,-10.02239770423135,-7.512608766690297,-5.002366487286678,-2.499794286331725,6.59165460050995e-05,lower,0.1
355,phase1,lower,-10.0,4,-14.784942206485129,-10.02135948558584,-7.511440853779857,-5.001951661148652,-2.499700422223412,5.5381357918764265e-05,lower,0.1
356,phase1,lower,-10.0,4,-14.784942206485129,-10.020317779183115,-7.51035712209129,-5.001580057657695,-2.499628335927702,4.567293789466328e-05,lower,0.1
357,phase1,lower,-10.0,4,-14.784942206485129,-10.019280607829828,-7.509353206485543,-5.0012493734113495,-2.499575318644472,3.675634090356014e-05,lower,0.1
358,phase1,lower,-10.0,4,-14.784942206485129,-10.018254786988585,-7.5084249606320315,-5.000957231356181,-2.4995389071138714,2.859746422987369e-05,lower,0.1
359,phase1,lower,-10.0,4,-14.784942206485129,-10.017246066635122,-7.507568423466508,-5.000701212443803,-2.4995168641471697,2.1162871204553457e-05,lower,0.1
360,phase1,lower,-10.0,4,-14.784942206485129,-10.016259255734177,-7.506779792835251,-5.000478883002301,-2.4995071608856647,1.4419651872848451e-05,lower,0.1
361,phase1,lower,-10.0,4,-14.784942206485129,-10.015298331757599,-7.506055405149493,-5.000287818292433,-2.4995079606019677,8.335318076233735e-06,lower,0.1
362,phase1,lower,-10.0,4,-14.784942206485129,-10.01436653731052,-7.505391720029721,-5.000125622662583,-2.4995176038766753,2.877730008663321e-06,lower,0.1
363,phase1,lower,-10.0,4,-14.784942206485129,-10.013466465625433,-7.504785309056605,-4.999989946668475,-2.4995345950010055,-1.9849489545119685e-06,lower,0.1
364,phase1,lower,-10.0,4,-14.784942206485129,-10.012600136422607,-7.5042328478662395,-4.999878501482159,-2.499557589472289,-6.284272488488956e-06,lower,0.1
365,phase1,lower,-10.0,4,-14.784942206485129,-10.01176906341221,-7.503731110933744,-4.999789070878848,-2.499585382464291,-1.0051509975635362e-05,lower,0.1
366,phase1,lower,-10.0,4,-14.784942206485129,-10.01097431452334,-7.503276968482952,-4.999719521059029,-2.499616898168152,-1.3317626898267247e-05,lower,0.1
367,phase1,upper,-15.0,2,-14.81126681293063,-10.01097431452334,-7.503276968482952,-4.999719521059029,-2.499616898168152,4.6055815244435726e-05,lower,0.1
368,phase1,lower,-10.0,4,-14.81126681293063,-10.010163129685582,-7.502917195301561,-4.999723760695089,-2.4996072001982856,3.795486278763852e-05,lower,0.1
369,phase1,lower,-10.0,4,-14.81126681293063,-10.00940437687067,-7.502599170901204,-4.999728726404667,-2.4996040287203005,3.035260421577264e-05,lower,0.1
370,phase1,lower,-10.0,4,-14.81126681293063,-10.008696538929929,-7.5023182396318555,-4.999734628823166,-2.4996064532492728,2.3255396545055375e-05,lower,0.1
371,phase1,lower,-10.0,4,-14.81126681293063,-10.00803777914323,-7.502070251360251,-4.999741590841043,-2.4996136331971854,1.666613099929922e-05,lower,0.1
372,phase1,lower,-10.0,4,-14.81126681293063,-10.007426026847032,-7.501851504016844,-4.99974966485467,-2.4996248098481595,1.058437862144992e-05,lower,0.1
373,phase1,lower,-10.0,4,-14.81126681293063,-10.006859048623253,-7.501658693336352,-4.999758847427746,-2.499639299231605,5.0065673556287855e-06,lower,0.1
374,phase1,lower,-10.0,4,-14.81126681293063,-10.006334507183944,-7.501488868821526,-4.999769091711837,-2.4996564857711387,-7.381571119991498e-08,lower,0.1
375,phase1,lower,-10.0,4,-14.81126681293063,-10.005850009781842,-7.5013393950932645,-4.999780317929043,-2.499675816602726,-4.666002699655284e-06,lower,0.1
376,phase1,lower,-10.0,4,-14.81126681293063,-10.005403147715413,-7.501207917905621,-4.999792422180066,-2.4996967964695034,-8.781709086985356e-06,lower,0.1
377,phase1,lower,-10.0,4,-14.81126681293063,-10.004991528272612,-7.501092334203922,-4.999805283806492,-2.4997189831132287,-1.2434888339662477e-05,lower,0.1
378,phase1,lower,-10.0,4,-14.81126681293063,-10.004612800265248,-7.5009907656903225,-4.999818771506046,-2.4997419830934366,-1.5641481209333887e-05,lower,0.1
379,phase1,lower,-10.0,4,-14.81126681293063,-10.004264674140842,-7.500901535435375,-4.999832748373538,-2.4997654479752156,-1.8419163394288386e-05,lower,0.1
380,phase1,lower,-10.0,4,-14.81126681293063,-10.00394493751735,-7.500823147138268,-4.99984707601753,-2.4997890708352184,-2.078709481476271e-05,lower,0.1
381,phase1,lower,-10.0,4,-14.81126681293063,-10.003651466864774,-7.5007542666935745,-4.999861617883143,-2.499812583043147,-2.276567332233048e-05,lower,0.1
382,phase1,lower,-10.0,4,-14.81126681293063,-10.003382235953644,-7.500693705769889,-4.9998762418942855,-2.4998357512826175,-2.4376295262616106e-05,lower,0.1
383,phase1,lower,-10.0,4,-14.81126681293063,-10.003135321601004,-7.500640407146678,-4.999890822513807,-2.499858374781127,-2.5641124937809475e-05,lower,0.1
384,phase1,lower,-10.0,4,-14.81126681293063,-10.002908907168015,-7.500593431590829,-4.999905242307188,-2.499880282723844,-2.6582874666766702e-05,lower,0.1
385,phase1,lower,-10.0,4,-14.81126681293063,-10.002701284197496,-7.500551946084669,-4.999919393084193,-2.4999013318302796,-2.722459682244207e-05,lower,0.1
386,phase1,lower,-10.0,4,-14.81126681293063,-10.002510852523354,-7.500515213243192,-4.999933176683219,-2.4999214040765882,-2.7589488930049574e-05,lower,0.1
387,phase1,lower,-10.0,4,-14.81126681293063,-10.002336119135375,-7.500482581780556,-4.999946505454603,-2.4999404045493656,-2.7700712643569653e-05,lower,0.1
388,phase1,lower,-10.0,4,-14.81126681293063,-10.002175696041272,-7.500453477905038,-4.999959302491837,-2.4999582594194765,-2.7581227173315247e-05,lower,0.1
389,phase1,lower,-10.0,4,-14.81126681293063,-10.002028297332105,-7.500427397538041,-4.999971501653211,-2.49997491402663,-2.7253637517277492e-05,lower,0.1
390,phase1,lower,-10.0,4,-14.81126681293063,-10.001892735626464,-7.500403899266822,-4.999983047410855,-2.4999903310672584,-2.6740057653885424e-05,lower,0.1
391,phase1,lower,-10.0,4,-14.81126681293063,-10.00176791804239,-7.500382597952609,-4.999993894559294,-2.5000044888797426,-2.60619886789808e-05,lower,0.1
392,phase1,lower,-10.0,4,-14.81126681293063,-10.001652841823223,-7.500363158926111,-5.0000040078113415,-2.500017379822215,-2.5240211714896363e-05,lower,0.1
393,phase1,lower,-10.0,4,-14.81126681293063,-10.001546589724054,-7.500345292711207,-5.000013361305501,-2.5000290087391495,-2.4294695287257393e-05,lower,0.1
394,phase1,lower,-10.0,4,-14.81126681293063,-10.001448325248527,-7.50032875022515,-5.000021938045743,-2.5000393915136523,-2.3244516748116888e-05,lower,0.1
395,phase1,upper,-15.0,2,-14.834481824939628,-10.001448325248527,-7.50032875022515,-5.000021938045743,-2.5000393915136523,-6.717665729634383e-06,lower,0.1
396,phase1,lower,-10.0,4,-14.834481824939628,-10.001342413645347,-7.500311170347873,-5.000043580410038,-2.500049309119932,-5.691313256059957e-06,lower,0.1
397,phase1,lower,-10.0,4,-14.834481824939628,-10.00124441149753,-7.500297242276393,-5.000062964765592,-2.500056861366127,-4.715871885102241e-06,lower,0.1
398,phase1,lower,-10.0,4,-14.834481824939628,-10.001153938860112,-7.500286297499944,-5.000080032350022,-2.500062313126257,-3.7943877968722167e-06,lower,0.1
399,phase1,lower,-10.0,4,-14.834481824939628,-10.001070589673112,-7.500277738655914,-5.000094770253852,-2.5000659109680705,-2.929182292230278e-06,lower,0.1
400,phase2,lower,-20.0,4,-14.834481824939628,-10.000993940835455,-8.500271036555683,-5.000107204019938,-2.500067883913471,-2.121903039183662e-06,lower,0.1
401,phase2,lower,-20.0,4,-14.834481824939628,-10.100923560120213,-9.400265726737159,-5.00011739105221,-2.5000684441682184,-1.3735755529995896e-06,lower,0.1
402,phase2,lower,-20.0,4,-14.834481824939628,-10.280859012999905,-10.210261405678125,-5.0001254147579965,-2.500067787827632,-6.846545315998627e-07,lower,0.1
403,phase2,lower,-20.0,4,-14.834481824939628,-10.523799868456805,-10.93925772678327,-5.000131379355695,-2.500066095563645,-5.507469670989261e-08,lower,0.1
404,phase2,lower,-20.0,4,-14.834481824939628,-10.815345703856678,-11.643150802971558,-5.00922590702833,-2.506439494745382,-0.0049667194301953824,lower,0.1
405,phase2,lower,-20.0,4,-14.834481824939628,-11.152596261255344,-12.23288400589156,-5.011131953327729,-2.5072601049514414,-0.0010854733149201661,lower,0.1
406,phase2,lower,-20.0,4,-14.834481824939628,-11.511601961702393,-12.761353014862047,-5.011108357241925,-2.5067060871214935,-6.647349552167748e-05,lower,0.1
407,phase2,lower,-20.0,4,-14.834481824939628,-11.886636893164328,-13.236317037498711,-5.010564053238544,-2.505877127034129,-0.2998069718925323,lower,0.1
408,phase2,lower,-20.0,4,-14.834481824939628,-12.541431182301045,-13.85256055244562,-5.142182423809015,-2.6246656574894325,-0.37087822869180076,lower,0.1
409,phase2,lower,-20.0,4,-14.834481824939628,-13.256334525138122,-14.462926590557428,-5.297237839345694,-2.770867336711388,-0.3798181584576501,lower,0.1
410,phase2,lower,-20.0,4,-14.834481824939628,-13.968830074291937,-15.030336668141953,-5.4474801088371425,-2.917936187515119,-0.3711283478616484,lower,0.1
411,phase2,lower,-20.0,4,-14.834481824939628,-14.658996246752421,-15.547083288712573,-5.585915526107459,-3.0573266094689258,-0.3568479242772593,lower,0.1
412,phase2,lower,-20.0,4,-14.834481824939628,-15.31896808279797,-16.01332415455784,-5.711111606718692,-3.1857303604065508,-0.3403668242015505,upper,0.1
413,phase2,upper,-15.0,2,-15.161254005080632,-15.31896808279797,-16.01332415455784,-5.711111606718692,-3.1857303604065508,-0.12720727430875295,upper,0.1
414,phase2,upper,-15.0,2,-15.282938642032061,-15.31896808279797,-16.01332415455784,-5.711111606718692,-3.1857303604065508,-0.322757855941105,upper,0.1
415,phase2,upper,-15.0,2,-15.584562628218597,-15.31896808279797,-16.01332415455784,-5.711111606718692,-3.1857303604065508,-0.112431560123171,lower,0.1
416,phase2,lower,-20.0,4,-15.584562628218597,-15.73959209408481,-16.415835880497816,-5.98258885197192,-3.285417638547431,-0.09817244097972823,upper,0.1
417,phase2,upper,-15.0,2,-15.668294188479079,-15.73959209408481,-16.415835880497816,-5.98258885197192,-3.285417638547431,-0.28573525058130667,upper,0.1
418,phase2,upper,-15.0,2,-15.925013014513397,-15.73959209408481,-16.415835880497816,-5.98258885197192,-3.285417638547431,-0.08454050436893126,lower,0.1
419,phase2,lower,-20.0,4,-15.925013014513397,-16.13330292665815,-16.797159928620587,-6.202968313500088,-3.344734773432966,-0.07160564712159923,upper,0.1
420,phase2,upper,-15.0,2,-15.97200663477403,-16.13330292665815,-16.797159928620587,-6.202968313500088,-3.344734773432966,-0.2477432319240862,upper,0.1
421,phase2,upper,-15.0,2,-16.182200374933206,-16.13330292665815,-16.797159928620587,-6.202968313500088,-3.344734773432966,-0.059415926261568275,lower,0.1
422,phase2,lower,-20.0,4,-16.182200374933206,-16.503162960489803,-17.06705236796075,-6.199445678454882,-3.3189392759907537,-0.020041679151346768,upper,0.1
423,phase2,upper,-15.0,2,-16.170293230653265,-16.503162960489803,-17.06705236796075,-6.199445678454882,-3.3189392759907537,-0.2094953965439285,upper,0.1
424,phase2,upper,-15.0,2,-16.33498258929593,-16.503162960489803,-17.06705236796075,-6.199445678454882,-3.3189392759907537,-0.03855021233243387,upper,0.1
425,phase2,upper,-15.0,2,-16.32965357795137,-16.503162960489803,-17.06705236796075,-6.199445678454882,-3.3189392759907537,-0.018101573594422687,upper,0.1
426,phase2,upper,-15.0,2,-16.302621871359527,-16.503162960489803,-17.06705236796075,-6.199445678454882,-3.3189392759907537,-0.005199723086355475,upper,0.1
427,phase2,upper,-15.0,2,-16.261468141316673,-16.503162960489803,-17.06705236796075,-6.199445678454882,-3.3189392759907537,0.003112925496513385,upper,0.1
428,phase2,upper,-15.0,2,-16.211023909418785,-16.503162960489803,-17.06705236796075,-6.199445678454882,-3.3189392759907537,-0.18543923083451186,upper,0.1
429,phase2,upper,-15.0,2,-16.33973720841537,-16.503162960489803,-17.06705236796075,-6.199445678454882,-3.3189392759907537,-0.025809583335029265,upper,0.1
430,phase2,upper,-15.0,2,-16.31150568382584,-16.503162960489803,-17.06705236796075,-6.199445678454882,-3.3189392759907537,-0.005638033574384027,upper,0.1
431,phase2,lower,-20.0,4,-16.31150568382584,-16.814626131453842,-17.248645912787392,-6.156151316864705,-3.245246163271219,0.01226388582816726,upper,0.1
432,phase2,upper,-15.0,2,-16.247028611346632,-16.814626131453842,-17.248645912787392,-6.156151316864705,-3.245246163271219,0.01574602784648431,upper,0.1
433,phase2,upper,-15.0,2,-16.178258541531825,-16.814626131453842,-17.248645912787392,-6.156151316864705,-3.245246163271219,0.017453293091063176,upper,0.1
434,phase2,lower,-20.0,4,-16.178258541531825,-17.09232014580524,-17.383846296508626,-6.098797484322737,-3.1632745411224206,0.018003818440558945,upper,0.1
435,phase2,upper,-15.0,2,-16.10705531951323,-17.09232014580524,-17.383846296508626,-6.098797484322737,-3.1632745411224206,0.017502548695766902,upper,0.1
436,phase2,upper,-15.0,2,-16.036274972205955,-17.09232014580524,-17.383846296508626,-6.098797484322737,-3.1632745411224206,0.016724346645673925,upper,0.1
437,phase2,lower,-20.0,4,-16.036274972205955,-17.35642084889447,-17.495612492542527,-6.041049342532888,-3.0871418284112955,0.014720046107709689,upper,0.1
438,phase2,upper,-15.0,2,-15.968571398626638,-17.35642084889447,-17.495612492542527,-6.041049342532888,-3.0871418284112955,0.013615100075739498,upper,0.1
439,phase2,upper,-15.0,2,-15.902747950517291,-17.35642084889447,-17.495612492542527,-6.041049342532888,-3.0871418284112955,0.01249448027846287,upper,0.1
440,phase2,upper,-15.0,2,-15.83924764978508,-17.35642084889447,-17.495612492542527,-6.041049342532888,-3.0871418284112955,0.011384596174486075,upper,0.1
441,phase2,upper,-15.0,2,-15.778395034251778,-17.35642084889447,-17.495612492542527,-6.041049342532888,-3.0871418284112955,0.010304750715673524,upper,0.1
442,phase2,upper,-15.0,2,-15.720416130539197,-17.35642084889447,-17.495612492542527,-6.041049342532888,-3.0871418284112955,-0.16926336827335803,upper,0.1
443,phase2,upper,-15.0,2,-15.83864922418514,-17.35642084889447,-17.495612492542527,-6.041049342532888,-3.0871418284112955,-0.017688105386002947,upper,0.1
444,phase2,upper,-15.0,2,-15.811536000854991,-17.35642084889447,-17.495612492542527,-6.041049342532888,-3.0871418284112955,-0.004447620723224784,upper,0.1
445,phase2,upper,-15.0,2,-15.7720993964791,-17.35642084889447,-17.495612492542527,-6.041049342532888,-3.0871418284112955,0.0022534553234356334,upper,0.1
446,phase2,upper,-15.0,2,-15.726905383481782,-17.35642084889447,-17.495612492542527,-6.041049342532888,-3.0871418284112955,0.005399783069198938,upper,0.1
447,phase2,upper,-15.0,2,-15.679656261889336,-17.35642084889447,-17.495612492542527,-6.041049342532888,-3.0871418284112955,0.006632616021562932,upper,0.1
448,phase2,upper,-15.0,2,-15.632446824612964,-17.35642084889447,-17.495612492542527,-6.041049342532888,-3.0871418284112955,0.0068541341628982795,upper,0.1
449,phase2,upper,-15.0,2,-15.586460609701813,-17.35642084889447,-17.495612492542527,-6.041049342532888,-3.0871418284112955,0.006559659990790234,upper,0.1
450,phase2,upper,-15.0,2,-15.542357701930994,-17.35642084889447,-17.495612492542527,-6.041049342532888,-3.0871418284112955,0.0060203513743729105,upper,0.1
451,phase2,upper,-15.0,2,-15.500492325116108,-17.35642084889447,-17.495612492542527,-6.041049342532888,-3.0871418284112955,0.005383723619882562,upper,0.1
452,phase2,upper,-15.0,2,-15.461036258298243,-17.35642084889447,-17.495612492542527,-6.041049342532888,-3.0871418284112955,0.004729005008134237,upper,0.1
453,phase2,upper,-15.0,2,-15.424049925795101,-17.35642084889447,-17.495612492542527,-6.041049342532888,-3.0871418284112955,0.004097657598834021,upper,0.1
454,phase2,upper,-15.0,2,-15.389524224463242,-17.35642084889447,-17.495612492542527,-6.041049342532888,-3.0871418284112955,0.0035102355750068876,upper,0.1
455,phase2,lower,-20.0,4,-15.389524224463242,-17.617180801241766,-17.59647608212335,-5.992980442004355,-3.025206886799157,0.002496714060749719,upper,0.1
456,phase2,upper,-15.0,2,-15.35831799301505,-17.617180801241766,-17.59647608212335,-5.992980442004355,-3.025206886799157,0.0020723290793112662,upper,0.1
457,phase2,upper,-15.0,2,-15.329335179787586,-17.617180801241766,-17.59647608212335,-5.992980442004355,-3.025206886799157,0.0016998263125431888,upper,0.1
458,phase2,lower,-20.0,4,-15.329335179787586,-17.863580485648633,-17.806791113076486,-6.090933626987566,-3.032824491408741,-0.013867498420156596,upper,0.1
459,phase2,upper,-15.0,2,-15.316483694784468,-17.863580485648633,-17.806791113076486,-6.090933626987566,-3.032824491408741,-0.006252455151785784,upper,0.1
460,phase2,upper,-15.0,2,-15.298077710775257,-17.863580485648633,-17.806791113076486,-6.090933626987566,-3.032824491408741,-0.0022598493886706217,upper,0.1
461,phase2,lower,-20.0,4,-15.298077710775257,-18.10993541284122,-17.885650902447722,-6.035336598113292,-2.978758727120202,0.0007206031567337325,upper,0.1
462,phase2,upper,-15.0,2,-15.274768581728152,-18.10993541284122,-17.885650902447722,-6.035336598113292,-2.978758727120202,0.0011116786877870474,upper,0.1
463,phase2,upper,-15.0,2,-15.252590613361509,-18.10993541284122,-17.885650902447722,-6.035336598113292,-2.978758727120202,0.001207222660746906,upper,0.1
464,phase2,upper,-15.0,2,-15.23176304323689,-18.10993541284122,-17.885650902447722,-6.035336598113292,-2.978758727120202,0.0011551854182472918,upper,0.1
465,phase2,upper,-15.0,2,-15.212362269115914,-18.10993541284122,-17.885650902447722,-6.035336598113292,-2.978758727120202,0.0010355708375833963,upper,0.1
466,phase2,upper,-15.0,2,-15.19438651251849,-18.10993541284122,-17.885650902447722,-6.035336598113292,-2.978758727120202,0.0008910843421926495,upper,0.1
467,phase2,upper,-15.0,2,-15.177791863372466,-18.10993541284122,-17.885650902447722,-6.035336598113292,-2.978758727120202,0.0007439862039948501,upper,0.1
468,phase2,upper,-15.0,2,-15.162512485091217,-18.10993541284122,-17.885650902447722,-6.035336598113292,-2.978758727120202,0.000605362178764057,upper,0.1
469,phase2,upper,-15.0,2,-15.148472018728393,-18.10993541284122,-17.885650902447722,-6.035336598113292,-2.978758727120202,0.00048022487024130704,upper,0.1
470,phase2,upper,-15.0,2,-15.135590068887215,-18.10993541284122,-17.885650902447722,-6.035336598113292,-2.978758727120202,0.0003703216496645764,upper,0.1
471,phase2,upper,-15.0,2,-15.123785918262637,-18.10993541284122,-17.885650902447722,-6.035336598113292,-2.978758727120202,0.0002756801893342164,upper,0.1
472,phase2,upper,-15.0,2,-15.112980662294296,-18.10993541284122,-17.885650902447722,-6.035336598113292,-2.978758727120202,0.00019545850957139438,upper,0.1
473,phase2,upper,-15.0,2,-15.103098428921445,-18.10993541284122,-17.885650902447722,-6.035336598113292,-2.978758727120202,0.00012841137981071894,upper,0.1
474,phase2,upper,-15.0,2,-15.094067057750326,-18.10993541284122,-17.885650902447722,-6.035336598113292,-2.978758727120202,7.314473545232347e-05,upper,0.1
475,phase2,upper,-15.0,2,-15.08581845196858,-18.10993541284122,-17.885650902447722,-6.035336598113292,-2.978758727120202,2.8252710189505308e-05,upper,0.1
476,phase2,upper,-15.0,2,-15.078288726768909,-18.10993541284122,-17.885650902447722,-6.035336598113292,-2.978758727120202,-7.610498049632613e-06,upper,0.1
477,phase2,upper,-15.0,2,-15.071418227833188,-18.10993541284122,-17.885650902447722,-6.035336598113292,-2.978758727120202,-3.569503332865909e-05,upper,0.1
478,phase2,upper,-15.0,2,-15.065151464963487,-18.10993541284122,-17.885650902447722,-6.035336598113292,-2.978758727120202,-5.714001514831412e-05,upper,0.1
479,phase2,upper,-15.0,2,-15.059436989539309,-18.10993541284122,-17.885650902447722,-6.035336598113292,-2.978758727120202,-0.1489087398434543,upper,0.1
480,phase2,upper,-15.0,2,-15.200077848741527,-18.10993541284122,-17.885650902447722,-6.035336598113292,-2.978758727120202,-0.008644009185849337,upper,0.1
481,phase2,upper,-15.0,2,-15.20431080852171,-18.10993541284122,-17.885650902447722,-6.035336598113292,-2.978758727120202,-0.004280535338062986,upper,0.1
482,phase2,upper,-15.0,2,-15.203082156138763,-18.10993541284122,-17.885650902447722,-6.035336598113292,-2.978758727120202,-0.0019348222619098594,upper,0.1
483,phase2,upper,-15.0,2,-15.198585740636787,-18.10993541284122,-17.885650902447722,-6.035336598113292,-2.978758727120202,-0.0006941166199987629,upper,0.1
484,phase2,upper,-15.0,2,-15.192120455170587,-18.10993541284122,-17.885650902447722,-6.035336598113292,-2.978758727120202,-5.6861256953433855e-05,upper,0.1
485,phase2,upper,-15.0,2,-15.184477010738886,-18.10993541284122,-17.885650902447722,-6.035336598113292,-2.978758727120202,0.00025251245112158793,upper,0.1
486,phase2,upper,-15.0,2,-15.176152808193972,-18.10993541284122,-17.885650902447722,-6.035336598113292,-2.978758727120202,0.0003853504605586598,upper,0.1
487,phase2,upper,-15.0,2,-15.167472063073436,-18.10993541284122,-17.885650902447722,-6.035336598113292,-2.978758727120202,0.0004246990382813253,upper,0.1
488,phase2,upper,-15.0,2,-15.1586536063823,-18.10993541284122,-17.885650902447722,-6.035336598113292,-2.978758727120202,0.00041604072960256934,upper,0.1
489,phase2,upper,-15.0,2,-15.14984970008058,-18.10993541284122,-17.885650902447722,-6.035336598113292,-2.978758727120202,0.0003841912409861509,upper,0.1
490,phase2,upper,-15.0,2,-15.14116871804182,-18.10993541284122,-17.885650902447722,-6.035336598113292,-2.978758727120202,0.00034259166677425864,upper,0.1
491,phase2,upper,-15.0,2,-15.13268877820494,-18.10993541284122,-17.885650902447722,-6.035336598113292,-2.978758727120202,0.0002984212846437085,upper,0.1
492,phase2,upper,-15.0,2,-15.124466241571085,-18.10993541284122,-17.885650902447722,-6.035336598113292,-2.978758727120202,0.00025541284131087557,upper,0.1
493,phase2,lower,-20.0,4,-15.124466241571085,-18.33727709024469,-18.065744187468336,-6.102137653832395,-2.9734773084884836,-0.0033055008734403854,upper,0.1
494,phase2,upper,-15.0,2,-15.119746071871461,-18.33727709024469,-18.065744187468336,-6.102137653832395,-2.9734773084884836,-0.001529443329401436,upper,0.1
495,phase2,upper,-15.0,2,-15.113620551061004,-18.33727709024469,-18.065744187468336,-6.102137653832395,-2.9734773084884836,-0.0005882877899147107,upper,0.1
496,phase2,upper,-15.0,2,-15.106896121864219,-18.33727709024469,-18.065744187468336,-6.102137653832395,-2.9734773084884836,-0.0001029529146596119,upper,0.1
497,phase2,upper,-15.0,2,-15.1000194306319,-18.33727709024469,-18.065744187468336,-6.102137653832395,-2.9734773084884836,0.00013477940236307045,upper,0.1
498,phase2,upper,-15.0,2,-15.093236686803099,-18.33727709024469,-18.065744187468336,-6.102137653832395,-2.9734773084884836,0.00023921771952031796,upper,0.1
499,phase2,upper,-15.0,2,-15.086681751069056,-18.33727709024469,-18.065744187468336,-6.102137653832395,-2.9734773084884836,0.0002730474793972217,upper,0.1
500,phase2,upper,-15.0,2,-15.080424989640193,-18.33727709024469,-18.065744187468336,-6.102137653832395,-2.9734773084884836,0.0002705707143607247,upper,0.1
501,phase2,upper,-15.0,2,-15.074500504884165,-18.33727709024469,-18.065744187468336,-6.102137653832395,-2.9734773084884836,0.0002504806227819565,upper,0.1
502,phase2,upper,-15.0,2,-15.068921425736681,-18.33727709024469,-18.065744187468336,-6.102137653832395,-2.9734773084884836,0.00022288564343120836,upper,0.1
503,phase2,upper,-15.0,2,-15.063688585548835,-18.33727709024469,-18.065744187468336,-6.102137653832395,-2.9734773084884836,0.0001931732560098703,upper,0.1
504,phase2,upper,-15.0,2,-15.058795521247111,-18.33727709024469,-18.065744187468336,-6.102137653832395,-2.9734773084884836,-0.12358411107946536,upper,0.1
505,phase2,upper,-15.0,2,-15.176720063447904,-18.33727709024469,-18.065744187468336,-6.102137653832395,-2.9734773084884836,0.0015162998795728647,upper,0.1
506,phase2,upper,-15.0,2,-15.172424289377465,-18.33727709024469,-18.065744187468336,-6.102137653832395,-2.9734773084884836,0.0008124686916839922,upper,0.1
507,phase2,upper,-15.0,2,-15.167612574092985,-18.33727709024469,-18.065744187468336,-6.102137653832395,-2.9734773084884836,0.0004223196792218752,upper,0.1
508,phase2,upper,-15.0,2,-15.162258252828803,-18.33727709024469,-18.065744187468336,-6.102137653832395,-2.9734773084884836,0.0002056790259243674,upper,0.1
509,phase2,upper,-15.0,2,-15.15642295076268,-18.33727709024469,-18.065744187468336,-6.102137653832395,-2.9734773084884836,8.532838890651565e-05,upper,0.1
510,phase2,upper,-15.0,2,-15.150204081044244,-18.33727709024469,-18.065744187468336,-6.102137653832395,-2.9734773084884836,1.8662831568869528e-05,upper,0.1
511,phase2,upper,-15.0,2,-15.143707795916786,-18.33727709024469,-18.065744187468336,-6.102137653832395,-2.9734773084884836,-1.7881987024648015e-05,upper,0.1
512,phase2,upper,-15.0,2,-15.13703568707706,-18.33727709024469,-18.065744187468336,-6.102137653832395,-2.9734773084884836,-3.73875126931784e-05,upper,0.1
513,phase2,upper,-15.0,2,-15.130278834662247,-18.33727709024469,-18.065744187468336,-6.102137653832395,-2.9734773084884836,-4.715599952134506e-05,upper,0.1
514,phase2,upper,-15.0,2,-15.12351571417536,-18.33727709024469,-18.065744187468336,-6.102137653832395,-2.9734773084884836,-5.129681040878261e-05,upper,0.1
515,phase2,upper,-15.0,2,-15.11681206618116,-18.33727709024469,-18.065744187468336,-6.102137653832395,-2.9734773084884836,-5.214933222453173e-05,upper,0.1
516,phase2,upper,-15.0,2,-15.110221707400871,-18.33727709024469,-18.065744187468336,-6.102137653832395,-2.9734773084884836,-5.10666062754611e-05,upper,0.1
517,phase2,upper,-15.0,2,-15.103787739460431,-18.33727709024469,-18.065744187468336,-6.102137653832395,-2.9734773084884836,-4.884759680438062e-05,upper,0.1
518,phase2,upper,-15.0,2,-15.097543871816258,-18.33727709024469,-18.065744187468336,-6.102137653832395,-2.9734773084884836,-4.597627499636279e-05,upper,0.1
519,phase2,upper,-15.0,2,-15.091515716494941,-18.33727709024469,-18.065744187468336,-6.102137653832395,-2.9734773084884836,-4.275442063284461e-05,upper,0.1
520,phase2,upper,-15.0,2,-15.085721988157967,-18.33727709024469,-18.065744187468336,-6.102137653832395,-2.9734773084884836,-3.937588900574674e-05,upper,0.1
521,phase2,upper,-15.0,2,-15.080175583235134,-18.33727709024469,-18.065744187468336,-6.102137653832395,-2.9734773084884836,-3.5968581784406626e-05,upper,0.1
522,phase2,upper,-15.0,2,-15.074884532696215,-18.33727709024469,-18.065744187468336,-6.102137653832395,-2.9734773084884836,-3.2618545100942525e-05,upper,0.1
523,phase2,upper,-15.0,2,-15.069852833349143,-18.33727709024469,-18.065744187468336,-6.102137653832395,-2.9734773084884836,-2.9384127633453995e-05,upper,0.1
524,phase2,upper,-15.0,2,-15.065081167234815,-18.33727709024469,-18.065744187468336,-6.102137653832395,-2.9734773084884836,-2.6304566052018464e-05,upper,0.1
525,phase2,upper,-15.0,2,-15.060567520393933,-18.33727709024469,-18.065744187468336,-6.102137653832395,-2.9734773084884836,-2.340540649039421e-05,upper,0.1
526,phase2,upper,-15.0,2,-15.05630771245674,-18.33727709024469,-18.065744187468336,-6.102137653832395,-2.9734773084884836,-2.0702094506896357e-05,upper,0.1
527,phase2,upper,-15.0,2,-15.052295847934849,-18.33727709024469,-18.065744187468336,-6.102137653832395,-2.9734773084884836,-1.820247448194604e-05,upper,0.1
528,phase2,upper,-15.0,2,-15.048524699194155,-18.33727709024469,-18.065744187468336,-6.102137653832395,-2.9734773084884836,-1.5908614051077893e-05,upper,0.1
529,phase2,upper,-15.0,2,-15.044986030079446,-18.33727709024469,-18.065744187468336,-6.102137653832395,-2.9734773084884836,-1.3818189978310871e-05,upper,0.1
530,phase2,upper,-15.0,2,-15.041670868157041,-18.33727709024469,-18.065744187468336,-6.102137653832395,-2.9734773084884836,-1.19255729224868e-05,upper,0.1
531,phase2,upper,-15.0,2,-15.038569732595723,-18.33727709024469,-18.065744187468336,-6.102137653832395,-2.9734773084884836,-1.0222693654005677e-05,upper,0.1
532,phase2,upper,-15.0,2,-15.035672823841272,-18.33727709024469,-18.065744187468336,-6.102137653832395,-2.9734773084884836,-8.699742572071916e-06,upper,0.1
533,phase2,upper,-15.0,2,-15.032970180462744,-18.33727709024469,-18.065744187468336,-6.102137653832395,-2.9734773084884836,-7.345736954537138e-06,upper,0.1
534,phase2,lower,-20.0,4,-15.032970180462744,-18.560130411130313,-18.11939144299245,-6.039277153380244,-2.926136439287931,-5.097431776313524e-06,upper,0.1
535,phase2,upper,-15.0,2,-15.030449784383022,-18.560130411130313,-18.11939144299245,-6.039277153380244,-2.926136439287931,-4.17900090495061e-06,upper,0.1
536,phase2,upper,-15.0,2,-15.028103989364835,-18.560130411130313,-18.11939144299245,-6.039277153380244,-2.926136439287931,-3.3817781350220728e-06,upper,0.1
537,phase2,upper,-15.0,2,-15.025923020482024,-18.560130411130313,-18.11939144299245,-6.039277153380244,-2.926136439287931,-2.6942124778175806e-06,upper,0.1
538,phase2,upper,-15.0,2,-15.023897321372415,-18.560130411130313,-18.11939144299245,-6.039277153380244,-2.926136439287931,-2.1052440451662185e-06,upper,0.1
539,phase2,upper,-15.0,2,-15.022017607107019,-18.560130411130313,-18.11939144299245,-6.039277153380244,-2.926136439287931,-1.6043991217764395e-06,upper,0.1
540,phase2,upper,-15.0,2,-15.020274904397677,-18.560130411130313,-18.11939144299245,-6.039277153380244,-2.926136439287931,-0.11141414117399406,upper,0.1
541,phase2,upper,-15.0,2,-15.129563082838708,-18.560130411130313,-18.11939144299245,-6.039277153380244,-2.926136439287931,0.0058842347025454406,upper,0.1
542,phase2,upper,-15.0,2,-15.123878764262251,-18.560130411130313,-18.11939144299245,-6.039277153380244,-2.926136439287931,0.0028828793056684503,upper,0.1
543,phase2,upper,-15.0,2,-15.119836760323736,-18.560130411130313,-18.11939144299245,-6.039277153380244,-2.926136439287931,-0.09804400611487209,upper,0.1
544,phase2,upper,-15.0,2,-15.215870961710097,-18.560130411130313,-18.11939144299245,-6.039277153380244,-2.926136439287931,0.010573559894560321,upper,0.1
545,phase2,upper,-15.0,2,-15.204357186839413,-18.560130411130313,-18.11939144299245,-6.039277153380244,-2.926136439287931,0.005036179915967632,upper,0.1
546,phase2,upper,-15.0,2,-15.196357766192477,-18.560130411130313,-18.11939144299245,-6.039277153380244,-2.926136439287931,0.0020702225205549373,upper,0.1
547,phase2,upper,-15.0,2,-15.189826285108536,-18.560130411130313,-18.11939144299245,-6.039277153380244,-2.926136439287931,0.0005132112586809511,upper,0.1
548,phase2,upper,-15.0,2,-15.183740308200898,-18.560130411130313,-18.11939144299245,-6.039277153380244,-2.926136439287931,-0.00027399441319965993,upper,0.1
549,phase2,upper,-15.0,2,-15.177624861716431,-18.560130411130313,-18.11939144299245,-6.039277153380244,-2.926136439287931,-0.0006428451138592835,upper,0.1
550,phase2,upper,-15.0,2,-15.171292631997835,-18.560130411130313,-18.11939144299245,-6.039277153380244,-2.926136439287931,-0.0007865916171044069,upper,0.1
551,phase2,upper,-15.0,2,-15.16470296702519,-18.560130411130313,-18.11939144299245,-6.039277153380244,-2.926136439287931,-0.0008114518952661625,upper,0.1
552,phase2,upper,-15.0,2,-15.157885923944672,-18.560130411130313,-18.11939144299245,-6.039277153380244,-2.926136439287931,-0.0007757333389549306,upper,0.1
553,phase2,upper,-15.0,2,-15.150901858851528,-18.560130411130313,-18.11939144299245,-6.039277153380244,-2.926136439287931,-0.000711346941686464,upper,0.1
554,phase2,upper,-15.0,2,-15.14382037524675,-18.560130411130313,-18.11939144299245,-6.039277153380244,-2.926136439287931,-0.0006356449331512647,upper,0.1
555,phase2,upper,-15.0,2,-15.136709761921507,-18.560130411130313,-18.11939144299245,-6.039277153380244,-2.926136439287931,-0.0005579395229832493,upper,0.1
556,phase2,upper,-15.0,2,-15.12963206641383,-18.560130411130313,-18.11939144299245,-6.039277153380244,-2.926136439287931,-0.0004830970522240655,upper,0.1
557,phase2,upper,-15.0,2,-15.122641153633358,-18.560130411130313,-18.11939144299245,-6.039277153380244,-2.926136439287931,-0.00041352321577601235,upper,0.1
558,phase2,upper,-15.0,2,-15.11578230761966,-18.560130411130313,-18.11939144299245,-6.039277153380244,-2.926136439287931,-0.0003502624267619497,upper,0.1
559,phase2,upper,-15.0,2,-15.109092596396646,-18.560130411130313,-18.11939144299245,-6.039277153380244,-2.926136439287931,-0.0002936088168276398,upper,0.1
560,phase2,upper,-15.0,2,-15.102601581974923,-18.560130411130313,-18.11939144299245,-6.039277153380244,-2.926136439287931,-0.00024344747982070667,upper,0.1
561,phase2,upper,-15.0,2,-15.096332155101054,-18.560130411130313,-18.11939144299245,-6.039277153380244,-2.926136439287931,-0.00019944626759118173,upper,0.1
562,phase2,upper,-15.0,2,-15.090301381692532,-18.560130411130313,-18.11939144299245,-6.039277153380244,-2.926136439287931,-0.00016116442163459515,upper,0.1
563,phase2,upper,-15.0,2,-15.084521305841232,-18.560130411130313,-18.11939144299245,-6.039277153380244,-2.926136439287931,-0.08797825775781713,upper,0.1
564,phase2,upper,-15.0,2,-15.167618733464789,-18.560130411130313,-18.11939144299245,-6.039277153380244,-2.926136439287931,0.01337251738084674,upper,0.1
565,phase2,upper,-15.0,2,-15.15113717616949,-18.560130411130313,-18.11939144299245,-6.039277153380244,-2.926136439287931,0.006503389459975554,upper,0.1
566,phase2,upper,-15.0,2,-15.14042250350081,-18.560130411130313,-18.11939144299245,-6.039277153380244,-2.926136439287931,0.0028171157308092623,upper,0.1
567,phase2,upper,-15.0,2,-15.132681245471245,-18.560130411130313,-18.11939144299245,-6.039277153380244,-2.926136439287931,0.0008743362999251064,upper,0.1
568,phase2,upper,-15.0,2,-15.12642603872258,-18.560130411130313,-18.11939144299245,-6.039277153380244,-2.926136439287931,-0.00011609015195025951,upper,0.1
569,phase2,upper,-15.0,2,-15.12088031178594,-18.560130411130313,-18.11939144299245,-6.039277153380244,-2.926136439287931,-0.000589009705689086,upper,0.1
570,phase2,lower,-20.0,4,-15.12088031178594,-18.766586623051648,-18.162048601873323,-5.97866812569866,-2.884311528682958,-0.0008304338547787105,upper,0.1
571,phase2,upper,-15.0,2,-15.115869366964334,-18.766586623051648,-18.162048601873323,-5.97866812569866,-2.884311528682958,-0.000802115335604086,upper,0.1
572,phase2,upper,-15.0,2,-15.110782124679352,-18.766586623051648,-18.162048601873323,-5.97866812569866,-2.884311528682958,-0.0007377410587368085,upper,0.1
573,phase2,lower,-20.0,4,-15.110782124679352,-18.95679678788668,-18.194436932828282,-5.919825247176127,-2.846540880906427,-0.0005762510036517593,upper,0.1
574,phase2,upper,-15.0,2,-15.105500670527588,-18.95679678788668,-18.194436932828282,-5.919825247176127,-2.846540880906427,-0.0004965099042440228,upper,0.1
575,phase2,upper,-15.0,2,-15.100206931195412,-18.95679678788668,-18.194436932828282,-5.919825247176127,-2.846540880906427,-0.00042235946619581353,upper,0.1
576,phase2,upper,-15.0,2,-15.09494724975013,-18.95679678788668,-18.194436932828282,-5.919825247176127,-2.846540880906427,-0.00035507645287506385,upper,0.1
577,phase2,upper,-15.0,2,-15.089760822030751,-18.95679678788668,-18.194436932828282,-5.919825247176127,-2.846540880906427,-0.0002950290347557635,upper,0.1
578,phase2,upper,-15.0,2,-15.084680074197841,-18.95679678788668,-18.194436932828282,-5.919825247176127,-2.846540880906427,-0.00024209500234219296,upper,0.1
579,phase2,upper,-15.0,2,-15.079731265523751,-18.95679678788668,-18.194436932828282,-5.919825247176127,-2.846540880906427,-0.0001958955079749383,upper,0.1
580,phase2,upper,-15.0,2,-15.074935166976225,-18.95679678788668,-18.194436932828282,-5.919825247176127,-2.846540880906427,-0.00015592637968647074,upper,0.1
581,phase2,upper,-15.0,2,-15.070307739152387,-18.95679678788668,-18.194436932828282,-5.919825247176127,-2.846540880906427,-0.00012163225898922686,upper,0.1
582,phase2,upper,-15.0,2,-15.065860772519862,-18.95679678788668,-18.194436932828282,-5.919825247176127,-2.846540880906427,-0.07678161843596416,upper,0.1
583,phase2,upper,-15.0,2,-15.139600437400896,-18.95679678788668,-18.194436932828282,-5.919825247176127,-2.846540880906427,0.016560330879599364,upper,0.1
584,phase2,upper,-15.0,2,-15.12136503423344,-18.95679678788668,-18.194436932828282,-5.919825247176127,-2.846540880906427,0.00808171335754172,upper,0.1
585,phase2,upper,-15.0,2,-15.110487740180805,-18.95679678788668,-18.194436932828282,-5.919825247176127,-2.846540880906427,0.0035276382412773324,upper,0.1
586,phase2,upper,-15.0,2,-15.103455364784994,-18.95679678788668,-18.194436932828282,-5.919825247176127,-2.846540880906427,0.001123834042358515,upper,0.1
587,phase2,upper,-15.0,2,-15.098376015007057,-18.95679678788668,-18.194436932828282,-5.919825247176127,-2.846540880906427,-0.00010496789706183722,upper,0.1
588,phase2,upper,-15.0,2,-15.094243737720632,-18.95679678788668,-18.194436932828282,-5.919825247176127,-2.846540880906427,-0.0006948607438985684,upper,0.1
589,phase2,upper,-15.0,2,-15.090535075843128,-18.95679678788668,-18.194436932828282,-5.919825247176127,-2.846540880906427,-0.0009404829015047763,upper,0.1
590,phase2,upper,-15.0,2,-15.086987897595021,-18.95679678788668,-18.194436932828282,-5.919825247176127,-2.846540880906427,-0.001003676815704358,upper,0.1
591,phase2,upper,-15.0,2,-15.083480302552656,-18.95679678788668,-18.194436932828282,-5.919825247176127,-2.846540880906427,-0.0009732147658664975,upper,0.1
592,phase2,upper,-15.0,2,-15.079964457731494,-18.95679678788668,-18.194436932828282,-5.919825247176127,-2.846540880906427,-0.0008976376866349133,upper,0.1
593,phase2,lower,-20.0,4,-15.079964457731494,-19.131368676298813,-18.217852355228626,-5.863219797570929,-2.812685647726582,-0.0007044072141995142,upper,0.1
594,phase2,upper,-15.0,2,-15.076256661652438,-19.131368676298813,-18.217852355228626,-5.863219797570929,-2.812685647726582,-0.0006083052585981928,upper,0.1
595,phase2,upper,-15.0,2,-15.072539364039063,-19.131368676298813,-18.217852355228626,-5.863219797570929,-2.812685647726582,-0.0005186924957787582,upper,0.1
596,phase2,upper,-15.0,2,-15.06884063054844,-19.131368676298813,-18.217852355228626,-5.863219797570929,-2.812685647726582,-0.00043719650401604797,upper,0.1
597,phase2,upper,-15.0,2,-15.065185446789334,-19.131368676298813,-18.217852355228626,-5.863219797570929,-2.812685647726582,-0.00036431967978969637,upper,0.1
598,phase2,upper,-15.0,2,-15.061595332536813,-19.131368676298813,-18.217852355228626,-5.863219797570929,-2.812685647726582,-0.0002999549769277075,upper,0.1
599,phase2,upper,-15.0,2,-15.058088345995976,-19.131368676298813,-18.217852355228626,-5.863219797570929,-2.812685647726582,-0.0002436743018490713,upper,0.1
600,phase2,upper,-15.0,2,-15.054679279977396,-19.131368676298813,-18.217852355228626,-5.863219797570929,-2.812685647726582,-0.00019489067937917984,upper,0.1
601,phase2,upper,-15.0,2,-15.051379943493094,-19.131368676298813,-18.217852355228626,-5.863219797570929,-2.812685647726582,-0.00015294995646899332,upper,0.1
602,phase2,upper,-15.0,2,-15.048199472313438,-19.131368676298813,-18.217852355228626,-5.863219797570929,-2.812685647726582,-0.00011718287232415238,upper,0.1
603,phase2,upper,-15.0,2,-15.045144639249687,-19.131368676298813,-18.217852355228626,-5.863219797570929,-2.812685647726582,-8.693459851369488e-05,upper,0.1
604,phase2,upper,-15.0,2,-15.042220149666244,-19.131368676298813,-18.217852355228626,-5.863219797570929,-2.812685647726582,-6.158129041706165e-05,upper,0.1
605,phase2,upper,-15.0,2,-15.039428915643297,-19.131368676298813,-18.217852355228626,-5.863219797570929,-2.812685647726582,-4.0539016883263504e-05,upper,0.1
606,phase2,upper,-15.0,2,-15.036772306408398,-19.131368676298813,-18.217852355228626,-5.863219797570929,-2.812685647726582,-2.326812362769316e-05,upper,0.1
607,phase2,upper,-15.0,2,-15.034250374834256,-19.131368676298813,-18.217852355228626,-5.863219797570929,-2.812685647726582,-9.2748000120739e-06,upper,0.1
608,phase2,upper,-15.0,2,-15.031862060888633,-19.131368676298813,-18.217852355228626,-5.863219797570929,-2.812685647726582,1.8891018624580928e-06,upper,0.1
609,phase2,upper,-15.0,2,-15.029605373427437,-19.131368676298813,-18.217852355228626,-5.863219797570929,-2.812685647726582,1.0627355380796573e-05,upper,0.1
610,phase2,upper,-15.0,2,-15.027477551919397,-19.131368676298813,-18.217852355228626,-5.863219797570929,-2.812685647726582,1.7301350114966982e-05,upper,0.1
611,phase2,upper,-15.0,2,-15.025475209728636,-19.131368676298813,-18.217852355228626,-5.863219797570929,-2.812685647726582,2.2232519213166087e-05,upper,0.1
612,phase2,upper,-15.0,2,-15.023594460540215,-19.131368676298813,-18.217852355228626,-5.863219797570929,-2.812685647726582,2.5705022457738623e-05,upper,0.1
613,phase2,upper,-15.0,2,-15.021831029435306,-19.131368676298813,-18.217852355228626,-5.863219797570929,-2.812685647726582,2.796855775661394e-05,upper,0.1
614,phase2,upper,-15.0,2,-15.020180350029442,-19.131368676298813,-18.217852355228626,-5.863219797570929,-2.812685647726582,2.9241209554186432e-05,upper,0.1
615,phase2,upper,-15.0,2,-15.018637648990087,-19.131368676298813,-18.217852355228626,-5.863219797570929,-2.812685647726582,-0.06598686982205523,upper,0.1
616,phase2,upper,-15.0,2,-15.08500459474855,-19.131368676298813,-18.217852355228626,-5.863219797570929,-2.812685647726582,0.019377366910948067,upper,0.1
617,phase2,upper,-15.0,2,-15.066944064153136,-19.131368676298813,-18.217852355228626,-5.863219797570929,-2.812685647726582,0.009510293861192112,upper,0.1
618,phase2,upper,-15.0,2,-15.057562454690043,-19.131368676298813,-18.217852355228626,-5.863219797570929,-2.812685647726582,0.004199646499282285,upper,0.1
619,phase2,upper,-15.0,2,-15.052727277913593,-19.131368676298813,-18.217852355228626,-5.863219797570929,-2.812685647726582,0.0013871177332386042,upper,0.1
620,phase2,lower,-20.0,4,-15.052727277913593,-19.28876863823188,-18.231811609656074,-5.8082193730989164,-2.781784769315113,-0.0007605363522979768,upper,0.1
621,phase2,upper,-15.0,2,-15.052129099690628,-19.28876863823188,-18.231811609656074,-5.8082193730989164,-2.781784769315113,-0.0010599772655919364,upper,0.1
622,phase2,upper,-15.0,2,-15.051544017288643,-19.28876863823188,-18.231811609656074,-5.8082193730989164,-2.781784769315113,-0.001145271840322147,upper,0.1
623,phase2,upper,-15.0,2,-15.050829120487531,-19.28876863823188,-18.231811609656074,-5.8082193730989164,-2.781784769315113,-0.0011197115497676028,upper,0.1
624,phase2,upper,-15.0,2,-15.049929284763282,-19.28876863823188,-18.231811609656074,-5.8082193730989164,-2.781784769315113,-0.0010398962184490642,upper,0.1
625,phase2,upper,-15.0,2,-15.048835050622353,-19.28876863823188,-18.231811609656074,-5.8082193730989164,-2.781784769315113,-0.05628171345468169,upper,0.1
626,phase2,upper,-15.0,2,-15.105123843840277,-19.28876863823188,-18.231811609656074,-5.8082193730989164,-2.781784769315113,0.02151542685334431,upper,0.1
627,phase2,upper,-15.0,2,-15.08411654431732,-19.28876863823188,-18.231811609656074,-5.8082193730989164,-2.781784769315113,0.010115422573060792,upper,0.1
628,phase2,upper,-15.0,2,-15.073260732815832,-19.28876863823188,-18.231811609656074,-5.8082193730989164,-2.781784769315113,0.004034615246171956,upper,0.1
629,phase2,upper,-15.0,2,-15.067707900508362,-19.28876863823188,-18.231811609656074,-5.8082193730989164,-2.781784769315113,0.0008645416348464672,upper,0.1
630,phase2,lower,-20.0,4,-15.067707900508362,-19.432294847902938,-18.239523474828417,-5.756222614073002,-2.7546957800599063,-0.0014421858117764099,upper,0.1
631,phase2,upper,-15.0,2,-15.066901587267795,-19.432294847902938,-18.239523474828417,-5.756222614073002,-2.7546957800599063,-0.001706004953730792,upper,0.1
632,phase2,upper,-15.0,2,-15.066101409814525,-19.432294847902938,-18.239523474828417,-5.756222614073002,-2.7546957800599063,-0.0017293458793220737,upper,0.1
633,phase2,upper,-15.0,2,-15.065136948659505,-19.432294847902938,-18.239523474828417,-5.756222614073002,-2.7546957800599063,-0.001632302963142455,upper,0.1
634,phase2,upper,-15.0,2,-15.063942123009323,-19.432294847902938,-18.239523474828417,-5.756222614073002,-2.7546957800599063,-0.0014803264570810398,upper,0.1
635,phase2,upper,-15.0,2,-15.062505513826673,-19.432294847902938,-18.239523474828417,-5.756222614073002,-2.7546957800599063,-0.046774099310691084,upper,0.1
636,phase2,upper,-15.0,2,-15.108882112979908,-19.432294847902938,-18.239523474828417,-5.756222614073002,-2.7546957800599063,0.02345527375815383,upper,0.1
637,phase2,upper,-15.0,2,-15.08527435186182,-19.432294847902938,-18.239523474828417,-5.756222614073002,-2.7546957800599063,0.010909687130593515,upper,0.1
638,phase2,upper,-15.0,2,-15.073056039779084,-19.432294847902938,-18.239523474828417,-5.756222614073002,-2.7546957800599063,0.004238035581674652,upper,0.1
639,phase2,upper,-15.0,2,-15.066832875585495,-19.432294847902938,-18.239523474828417,-5.756222614073002,-2.7546957800599063,0.0007778355541468364,upper,0.1
640,phase2,upper,-15.0,2,-15.063666535467581,-19.432294847902938,-18.239523474828417,-5.756222614073002,-2.7546957800599063,-0.000933980390694295,upper,0.1
641,phase2,upper,-15.0,2,-15.061967520206085,-19.432294847902938,-18.239523474828417,-5.756222614073002,-2.7546957800599063,-0.001701190245969541,upper,0.1
642,phase2,upper,-15.0,2,-15.060886645019114,-19.432294847902938,-18.239523474828417,-5.756222614073002,-2.7546957800599063,-0.0019650891104277765,upper,0.1
643,phase2,upper,-15.0,2,-15.059980515372931,-19.432294847902938,-18.239523474828417,-5.756222614073002,-2.7546957800599063,-0.00196761214640466,upper,0.1
644,phase2,upper,-15.0,2,-15.059027567566563,-19.432294847902938,-18.239523474828417,-5.756222614073002,-2.7546957800599063,-0.001841005862502544,upper,0.1
645,phase2,upper,-15.0,2,-15.057926867383289,-19.432294847902938,-18.239523474828417,-5.756222614073002,-2.7546957800599063,-0.0016571383140417525,upper,0.1
646,phase2,upper,-15.0,2,-15.056642412288545,-19.432294847902938,-18.239523474828417,-5.756222614073002,-2.7546957800599063,-0.0014546281897737157,upper,0.1
647,phase2,upper,-15.0,2,-15.055172466698757,-19.432294847902938,-18.239523474828417,-5.756222614073002,-2.7546957800599063,-0.001253781265140498,upper,0.1
648,phase2,upper,-15.0,2,-15.053532680326773,-19.432294847902938,-18.239523474828417,-5.756222614073002,-2.7546957800599063,-0.0010648224836538682,upper,0.1
649,phase2,upper,-15.0,2,-15.051746805068525,-19.432294847902938,-18.239523474828417,-5.756222614073002,-2.7546957800599063,-0.0008924395715148037,upper,0.1
650,phase2,upper,-15.0,2,-15.049841608832983,-19.432294847902938,-18.239523474828417,-5.756222614073002,-2.7546957800599063,-0.0007382957772333943,upper,0.1
651,phase2,upper,-15.0,2,-15.0478441137917,-19.432294847902938,-18.239523474828417,-5.756222614073002,-2.7546957800599063,-0.03722159135888375,upper,0.1
652,phase2,upper,-15.0,2,-15.085257466280646,-19.432294847902938,-18.239523474828417,-5.756222614073002,-2.7546957800599063,0.025334664329018555,upper,0.1
653,phase2,upper,-15.0,2,-15.060195384300622,-19.432294847902938,-18.239523474828417,-5.756222614073002,-2.7546957800599063,0.012173327415204212,upper,0.1
654,phase2,upper,-15.0,2,-15.047303894996546,-19.432294847902938,-18.239523474828417,-5.756222614073002,-2.7546957800599063,0.005135508288136469,upper,0.1
655,phase2,upper,-15.0,2,-15.040916683641157,-19.432294847902938,-18.239523474828417,-5.756222614073002,-2.7546957800599063,-0.025718468445512725,upper,0.1
656,phase2,upper,-15.0,2,-15.068271418427607,-19.432294847902938,-18.239523474828417,-5.756222614073002,-2.7546957800599063,0.0280987445937817,upper,0.1
657,phase2,upper,-15.0,2,-15.041476512683602,-19.432294847902938,-18.239523474828417,-5.756222614073002,-2.7546957800599063,0.012700539413304186,upper,0.1
658,phase2,upper,-15.0,2,-15.028981838148761,-19.432294847902938,-18.239523474828417,-5.756222614073002,-2.7546957800599063,0.004538108711540619,upper,0.1
659,phase2,upper,-15.0,2,-15.02405987028099,-19.432294847902938,-18.239523474828417,-5.756222614073002,-2.7546957800599063,0.0003312852485080663,upper,0.1
660,phase2,upper,-15.0,2,-15.023022013923034,-19.432294847902938,-18.239523474828417,-5.756222614073002,-2.7546957800599063,-0.0017227863264280016,upper,0.1
661,phase2,upper,-15.0,2,-15.023853198721355,-19.432294847902938,-18.239523474828417,-5.756222614073002,-2.7546957800599063,-0.0026148277556848733,upper,0.1
662,phase2,upper,-15.0,2,-15.025460763393689,-19.432294847902938,-18.239523474828417,-5.756222614073002,-2.7546957800599063,-0.0028889659454198633,upper,0.1
663,phase2,upper,-15.0,2,-15.027260952478082,-19.432294847902938,-18.239523474828417,-5.756222614073002,-2.7546957800599063,-0.0028436436893670048,upper,0.1
664,phase2,upper,-15.0,2,-15.028951016967651,-19.432294847902938,-18.239523474828417,-5.756222614073002,-2.7546957800599063,-0.0026420748412633206,upper,0.1
665,phase2,upper,-15.0,2,-15.030383398278868,-19.432294847902938,-18.239523474828417,-5.756222614073002,-2.7546957800599063,-0.0023729934351017046,upper,0.1
666,phase2,upper,-15.0,2,-15.031496100112735,-19.432294847902938,-18.239523474828417,-5.756222614073002,-2.7546957800599063,-0.00208408466287082,upper,0.1
667,phase2,upper,-15.0,2,-15.032274023069284,-19.432294847902938,-18.239523474828417,-5.756222614073002,-2.7546957800599063,-0.0018003982602414759,upper,0.1
668,phase2,upper,-15.0,2,-15.032727392956684,-19.432294847902938,-18.239523474828417,-5.756222614073002,-2.7546957800599063,-0.0015345030765162822,upper,0.1
669,phase2,upper,-15.0,2,-15.032879653027361,-19.432294847902938,-18.239523474828417,-5.756222614073002,-2.7546957800599063,-0.0012920970253395402,upper,0.1
670,phase2,upper,-15.0,2,-15.032760618758413,-19.432294847902938,-18.239523474828417,-5.756222614073002,-2.7546957800599063,-0.0010751139115228801,upper,0.1
671,phase2,upper,-15.0,2,-15.032402578011409,-19.432294847902938,-18.239523474828417,-5.756222614073002,-2.7546957800599063,-0.0008834495973571553,upper,0.1
672,phase2,upper,-15.0,2,-15.031838055333207,-19.432294847902938,-18.239523474828417,-5.756222614073002,-2.7546957800599063,-0.0007159249862039583,upper,0.1
673,phase2,upper,-15.0,2,-15.031098529062884,-19.432294847902938,-18.239523474828417,-5.756222614073002,-2.7546957800599063,-0.0005708257851924359,upper,0.1
674,phase2,lower,-20.0,4,-15.031098529062884,-19.56353145380216,-18.241963774835014,-5.706471516489093,-2.7298701622934423,-0.00034006194151612224,upper,0.1
675,phase2,upper,-15.0,2,-15.030006016319351,-19.56353145380216,-18.241963774835014,-5.706471516489093,-2.7298701622934423,-0.00025042438228120703,upper,0.1
676,phase2,upper,-15.0,2,-15.028824240269437,-19.56353145380216,-18.241963774835014,-5.706471516489093,-2.7298701622934423,-0.000175417048773105,upper,0.1
677,phase2,upper,-15.0,2,-15.027577381081626,-19.56353145380216,-18.241963774835014,-5.706471516489093,-2.7298701622934423,-0.00011328314420918685,upper,0.1
678,phase2,upper,-15.0,2,-15.026286697602206,-19.56353145380216,-18.241963774835014,-5.706471516489093,-2.7298701622934423,-6.239980803531686e-05,upper,0.1
679,phase2,upper,-15.0,2,-15.024970710084595,-19.56353145380216,-18.241963774835014,-5.706471516489093,-2.7298701622934423,-2.1283121157036666e-05,upper,0.1
680,phase2,upper,-15.0,2,-15.023645396647924,-19.56353145380216,-18.241963774835014,-5.706471516489093,-2.7298701622934423,1.1412435120837424e-05,upper,0.1
681,phase2,upper,-15.0,2,-15.02232439579076,-19.56353145380216,-18.241963774835014,-5.706471516489093,-2.7298701622934423,3.689798468503743e-05,upper,0.1
682,phase2,upper,-15.0,2,-15.02101920951694,-19.56353145380216,-18.241963774835014,-5.706471516489093,-2.7298701622934423,5.625642653060177e-05,upper,0.1
683,phase2,upper,-15.0,2,-15.019739403131863,-19.56353145380216,-18.241963774835014,-5.706471516489093,-2.7298701622934423,7.044992698420292e-05,upper,0.1
684,phase2,upper,-15.0,2,-15.018492798831964,-19.56353145380216,-18.241963774835014,-5.706471516489093,-2.7298701622934423,8.032816888476638e-05,upper,0.1
685,phase2,upper,-15.0,2,-15.017285661000578,-19.56353145380216,-18.241963774835014,-5.706471516489093,-2.7298701622934423,8.663696583567275e-05,upper,0.1
686,phase2,upper,-15.0,2,-15.016122871732914,-19.56353145380216,-18.241963774835014,-5.706471516489093,-2.7298701622934423,9.002696327732953e-05,upper,0.1
687,phase2,upper,-15.0,2,-15.015008095594798,-19.56353145380216,-18.241963774835014,-5.706471516489093,-2.7298701622934423,9.106222610432823e-05,upper,0.1
688,phase2,upper,-15.0,2,-15.013943933006692,-19.56353145380216,-18.241963774835014,-5.706471516489093,-2.7298701622934423,-0.02019812086477612,upper,0.1
689,phase2,upper,-15.0,2,-15.036549886759504,-19.56353145380216,-18.241963774835014,-5.706471516489093,-2.7298701622934423,0.027823397693422115,upper,0.1
690,phase2,upper,-15.0,2,-15.010751101013701,-19.56353145380216,-18.241963774835014,-5.706471516489093,-2.7298701622934423,0.0008684243989935878,upper,0.1
691,phase2,upper,-15.0,2,-15.014525725591888,-19.56353145380216,-18.241963774835014,-5.706471516489093,-2.7298701622934423,0.035217106701777724,upper,0.1
692,phase2,upper,-15.0,2,-14.982938920203196,-19.56353145380216,-18.241963774835014,-5.706471516489093,-2.7298701622934423,0.017301990361544128,upper,0.1
693,phase2,upper,-15.0,2,-14.968262328222396,-19.56353145380216,-18.241963774835014,-5.706471516489093,-2.7298701622934423,0.007658657888825016,upper,0.1
694,phase2,upper,-15.0,2,-14.96275105586383,-19.56353145380216,-18.241963774835014,-5.706471516489093,-2.7298701622934423,0.002550402551962386,upper,0.1
695,phase2,upper,-15.0,2,-14.96212870638728,-19.56353145380216,-18.241963774835014,-5.706471516489093,-2.7298701622934423,-7.706062862066973e-05,upper,0.1
696,phase2,upper,-15.0,2,-14.964031622259613,-19.56353145380216,-18.241963774835014,-5.706471516489093,-2.7298701622934423,-0.0013532446607482614,upper,0.1
697,phase2,upper,-15.0,2,-14.96715293109737,-19.56353145380216,-18.241963774835014,-5.706471516489093,-2.7298701622934423,-0.001899209055440942,upper,0.1
698,phase2,upper,-15.0,2,-14.970771200075635,-19.56353145380216,-18.241963774835014,-5.706471516489093,-2.7298701622934423,-0.00205635030473755,upper,0.1
699,phase2,upper,-15.0,2,-14.974490527661493,-19.56353145380216,-18.241963774835014,-5.706471516489093,-2.7298701622934423,-0.0020121598920455532,upper,0.1
700,phase2,upper,-15.0,2,-14.978096924984976,-19.56353145380216,-18.241963774835014,-5.706471516489093,-2.7298701622934423,-0.007161797061362489,upper,0.1
701,phase2,upper,-15.0,2,-14.990408434231496,-19.56353145380216,-18.241963774835014,-5.706471516489093,-2.7298701622934423,0.028026914079331958,upper,0.1
702,phase2,upper,-15.0,2,-14.966631465617827,-19.56353145380216,-18.241963774835014,-5.706471516489093,-2.7298701622934423,0.012849776301896305,upper,0.1
703,phase2,upper,-15.0,2,-14.957139328439956,-19.56353145380216,-18.241963774835014,-5.706471516489093,-2.7298701622934423,0.004790332398276629,upper,0.1
704,phase2,upper,-15.0,2,-14.955248489140004,-19.56353145380216,-18.241963774835014,-5.706471516489093,-2.7298701622934423,0.0006225025950651608,upper,0.1
705,phase2,upper,-15.0,2,-14.957275490455482,-19.56353145380216,-18.241963774835014,-5.706471516489093,-2.7298701622934423,-0.0014267243535892057,upper,0.1
706,phase2,upper,-15.0,2,-14.961192332611365,-19.56353145380216,-18.241963774835014,-5.706471516489093,-2.7298701622934423,-0.00233159069689294,upper,0.1
707,phase2,upper,-15.0,2,-14.965886315121509,-19.56353145380216,-18.241963774835014,-5.706471516489093,-2.7298701622934423,-0.0026271236776581794,upper,0.1
708,phase2,upper,-15.0,2,-14.970752153290409,-19.56353145380216,-18.241963774835014,-5.706471516489093,-2.7298701622934423,-0.0026067511653348973,upper,0.1
709,phase2,upper,-15.0,2,-14.975466819504854,-19.56353145380216,-18.241963774835014,-5.706471516489093,-2.7298701622934423,-0.002430940365894188,upper,0.1
710,phase2,lower,-20.0,4,-14.975466819504854,-19.683562532234752,-18.24083043090713,-5.660779630389497,-2.709090741275771,-0.0019216740260373755,upper,0.1
711,phase2,upper,-15.0,2,-14.97940659267113,-19.683562532234752,-18.24083043090713,-5.660779630389497,-2.709090741275771,-0.0016598090237477877,upper,0.1
712,phase2,upper,-15.0,2,-14.98293925262858,-19.683562532234752,-18.24083043090713,-5.660779630389497,-2.709090741275771,-0.0014137726354313195,upper,0.1
713,phase2,upper,-15.0,2,-14.986075031897558,-19.683562532234752,-18.24083043090713,-5.660779630389497,-2.709090741275771,-0.0011892473750392762,upper,0.1
714,phase2,upper,-15.0,2,-14.988833709173655,-19.683562532234752,-18.24083043090713,-5.660779630389497,-2.709090741275771,-0.0009882253073319274,upper,0.1
715,phase2,upper,-15.0,2,-14.991240260117243,-19.683562532234752,-18.24083043090713,-5.660779630389497,-2.709090741275771,-0.0008107017929304366,upper,0.1
716,phase2,upper,-15.0,2,-14.993322214632228,-19.683562532234752,-18.24083043090713,-5.660779630389497,-2.709090741275771,-0.0006556192744873856,upper,0.1
717,phase2,upper,-15.0,2,-14.995108011953215,-19.683562532234752,-18.24083043090713,-5.660779630389497,-2.709090741275771,-0.000521395414851604,upper,0.1
718,phase2,upper,-15.0,2,-14.996625954750467,-19.683562532234752,-18.24083043090713,-5.660779630389497,-2.709090741275771,-0.00040621985300833983,upper,0.1
719,phase2,upper,-15.0,2,-14.997903534814254,-19.683562532234752,-18.24083043090713,-5.660779630389497,-2.709090741275771,-0.0003082213388222747,upper,0.1
720,phase2,upper,-15.0,2,-14.998966998038128,-19.683562532234752,-18.24083043090713,-5.660779630389497,-2.709090741275771,-0.00022556161371142726,upper,0.1
721,phase2,lower,-20.0,4,-14.998966998038128,-19.78949232755433,-18.233225349924073,-5.615751580141956,-2.725061907806009,0.00010632254939278024,upper,0.1
722,phase2,upper,-15.0,2,-14.99954237388674,-19.78949232755433,-18.233225349924073,-5.615751580141956,-2.725061907806009,0.028742827223196377,upper,0.1
723,phase2,upper,-15.0,2,-14.971131485043085,-19.78949232755433,-18.233225349924073,-5.615751580141956,-2.725061907806009,0.014061306062074567,upper,0.1
724,phase2,upper,-15.0,2,-14.957245417557761,-19.78949232755433,-18.233225349924073,-5.615751580141956,-2.725061907806009,0.006176010178297386,upper,0.1
725,phase2,upper,-15.0,2,-14.95141094749877,-19.78949232755433,-18.233225349924073,-5.615751580141956,-2.725061907806009,0.002013725721327947,upper,0.1
726,phase2,upper,-15.0,2,-14.950023268341454,-19.78949232755433,-18.233225349924073,-5.615751580141956,-2.725061907806009,-0.00011466348452756118,upper,0.1
727,phase2,upper,-15.0,2,-14.951063980267355,-19.78949232755433,-18.233225349924073,-5.615751580141956,-2.725061907806009,-0.0011375200234274175,upper,0.1
728,phase2,upper,-15.0,2,-14.953395101937293,-19.78949232755433,-18.233225349924073,-5.615751580141956,-2.725061907806009,-0.0015649703907778003,upper,0.1
729,phase2,upper,-15.0,2,-14.956369748334552,-19.78949232755433,-18.233225349924073,-5.615751580141956,-2.725061907806009,-0.0016771355967077368,upper,0.1
730,phase2,upper,-15.0,2,-14.959616970631332,-19.78949232755433,-18.233225349924073,-5.615751580141956,-2.725061907806009,-0.0016275925756457843,upper,0.1
731,phase2,upper,-15.0,2,-14.962922450306323,-19.78949232755433,-18.233225349924073,-5.615751580141956,-2.725061907806009,-0.0015002580856839753,upper,0.1
732,phase2,upper,-15.0,2,-14.96616200855005,-19.78949232755433,-18.233225349924073,-5.615751580141956,-2.725061907806009,-0.0013406772508185233,upper,0.1
733,phase2,lower,-20.0,4,-14.96616200855005,-19.885072239317044,-18.22282827074565,-5.577738532951973,-2.7037649158163086,-0.0010106905982431341,upper,0.1
734,phase2,upper,-15.0,2,-14.968967281028915,-19.885072239317044,-18.22282827074565,-5.577738532951973,-2.7037649158163086,-0.000859316185637821,upper,0.1
735,phase2,upper,-15.0,2,-14.971611628221591,-19.885072239317044,-18.22282827074565,-5.577738532951973,-2.7037649158163086,-0.0007218841712458843,upper,0.1
736,phase2,upper,-15.0,2,-14.974084911103978,-19.885072239317044,-18.22282827074565,-5.577738532951973,-2.7037649158163086,-0.0005992225358892992,upper,0.1
737,phase2,upper,-15.0,2,-14.97638357037416,-19.885072239317044,-18.22282827074565,-5.577738532951973,-2.7037649158163086,-0.0004911154758250421,upper,0.1
738,phase2,upper,-15.0,2,-14.978508651262443,-19.885072239317044,-18.22282827074565,-5.577738532951973,-2.7037649158163086,-0.00039680098707046345,upper,0.1
739,phase2,upper,-15.0,2,-14.980464432063,-19.885072239317044,-18.22282827074565,-5.577738532951973,-2.7037649158163086,-0.0003152500275068846,upper,0.1
740,phase2,upper,-15.0,2,-14.982257437344739,-19.885072239317044,-18.22282827074565,-5.577738532951973,-2.7037649158163086,-0.0002453238436724666,upper,0.1
741,phase2,upper,-15.0,2,-14.983895707692025,-19.885072239317044,-18.22282827074565,-5.577738532951973,-2.7037649158163086,-0.0001858628467329944,upper,0.1
742,phase2,upper,-15.0,2,-14.985388248707922,-19.885072239317044,-18.22282827074565,-5.577738532951973,-2.7037649158163086,-0.00013573664643987173,upper,0.1
743,phase2,upper,-15.0,2,-14.986744610823198,-19.885072239317044,-18.22282827074565,-5.577738532951973,-2.7037649158163086,-9.387175245800973e-05,upper,0.1
744,phase2,upper,-15.0,2,-14.98797456805448,-19.885072239317044,-18.22282827074565,-5.577738532951973,-2.7037649158163086,-5.926622190914377e-05,upper,0.1
745,phase2,upper,-15.0,2,-14.989087873667366,-19.885072239317044,-18.22282827074565,-5.577738532951973,-2.7037649158163086,-3.099652914436961e-05,upper,0.1
746,phase2,lower,-20.0,4,-14.989087873667366,-19.968875739336134,-18.20843865972538,-5.540348568975116,-2.683478308060907,9.827434808434144e-06,upper,0.1
747,phase2,upper,-15.0,2,-14.990057335141985,-19.968875739336134,-18.20843865972538,-5.540348568975116,-2.683478308060907,2.3830927698172575e-05,upper,0.1
748,phase2,upper,-15.0,2,-14.990935047409575,-19.968875739336134,-18.20843865972538,-5.540348568975116,-2.683478308060907,3.440339350230865e-05,upper,0.1
749,phase2,upper,-15.0,2,-14.991729427726701,-19.968875739336134,-18.20843865972538,-5.540348568975116,-2.683478308060907,4.2088491372292336e-05,upper,0.1
750,phase2,upper,-15.0,2,-14.992448309076845,-19.968875739336134,-18.20843865972538,-5.540348568975116,-2.683478308060907,4.736574891473314e-05,upper,0.1
751,phase2,upper,-15.0,2,-14.993098934862639,-19.968875739336134,-18.20843865972538,-5.540348568975116,-2.683478308060907,5.065556899445349e-05,upper,0.1
752,phase2,upper,-15.0,2,-14.993687966078072,-19.968875739336134,-18.20843865972538,-5.540348568975116,-2.683478308060907,5.2324260879138776e-05,upper,0.1
753,phase2,upper,-15.0,2,-14.994221497893768,-19.968875739336134,-18.20843865972538,-5.540348568975116,-2.683478308060907,5.268898700079156e-05,upper,0.1
754,phase2,upper,-15.0,2,-14.994705083128176,-19.968875739336134,-18.20843865972538,-5.540348568975116,-2.683478308060907,5.2022547069271216e-05,upper,0.1
755,phase2,upper,-15.0,2,-14.99514376053619,-19.968875739336134,-18.20843865972538,-5.540348568975116,-2.683478308060907,5.055794408070483e-05,upper,0.1
756,phase2,upper,-15.0,2,-14.99554208623654,-19.968875739336134,-18.20843865972538,-5.540348568975116,-2.683478308060907,4.849269429362114e-05,upper,0.1
757,phase2,upper,-15.0,2,-14.99590416692998,-19.968875739336134,-18.20843865972538,-5.540348568975116,-2.683478308060907,4.599285693718843e-05,upper,0.1
758,phase2,upper,-15.0,2,-14.996233693839725,-19.968875739336134,-18.20843865972538,-5.540348568975116,-2.683478308060907,4.319677019302246e-05,upper,0.1
759,phase2,upper,-15.0,2,-14.996533976540714,-19.968875739336134,-18.20843865972538,-5.540348568975116,-2.683478308060907,4.021848846905916e-05,upper,0.1
760,phase2,upper,-15.0,2,-14.996807976040884,-19.968875739336134,-18.20843865972538,-5.540348568975116,-2.683478308060907,3.715092261183964e-05,upper,0.1
761,phase2,upper,-15.0,2,-14.997058336641018,-19.968875739336134,-18.20843865972538,-5.540348568975116,-2.683478308060907,3.406868980623657e-05,upper,0.1
762,phase2,upper,-15.0,2,-14.997287416234427,-19.968875739336134,-18.20843865972538,-5.540348568975116,-2.683478308060907,3.103068376571113e-05,upper,0.1
763,phase2,upper,-15.0,2,-14.997497314817753,-19.968875739336134,-18.20843865972538,-5.540348568975116,-2.683478308060907,2.8082378628002025e-05,upper,0.1
764,phase2,lower,-20.0,4,-14.997497314817753,-20.042806757234295,-18.191607904563273,-5.50463881078996,-2.6651102602936807,2.258175326959568e-05,upper,0.1
765,phase2,upper,-15.0,2,-14.997694851636043,-20.042806757234295,-18.191607904563273,-5.50463881078996,-2.6651102602936807,2.0070606007466586e-05,upper,0.1
766,phase2,upper,-15.0,2,-14.997876270635992,-20.042806757234295,-18.191607904563273,-5.50463881078996,-2.6651102602936807,1.773450945147026e-05,upper,0.1
767,phase2,upper,-15.0,2,-14.99804304533846,-20.042806757234295,-18.191607904563273,-5.50463881078996,-2.6651102602936807,1.5578208982192e-05,upper,0.1
768,phase2,upper,-15.0,2,-14.998196492995637,-20.042806757234295,-18.191607904563273,-5.50463881078996,-2.6651102602936807,1.3602181019903803e-05,upper,0.1
769,phase2,upper,-15.0,2,-14.998337792318553,-20.042806757234295,-18.191607904563273,-5.50463881078996,-2.6651102602936807,1.1803539153467601e-05,upper,0.1
770,phase2,upper,-15.0,2,-14.998467999352199,-20.042806757234295,-18.191607904563273,-5.50463881078996,-2.6651102602936807,1.0176806931755771e-05,upper,0.1
771,phase2,upper,-15.0,2,-14.99858806163932,-20.042806757234295,-18.191607904563273,-5.50463881078996,-2.6651102602936807,0.005958802915742273,upper,0.1
772,phase2,upper,-15.0,2,-14.996494537547317,-20.042806757234295,-18.191607904563273,-5.50463881078996,-2.6651102602936807,0.02878525366042111,upper,0.1
773,phase2,upper,-15.0,2,-14.970470011013846,-20.042806757234295,-18.191607904563273,-5.50463881078996,-2.6651102602936807,0.0141085022301209,upper,0.1
774,phase2,upper,-15.0,2,-14.958490017267206,-20.042806757234295,-18.191607904563273,-5.50463881078996,-2.6651102602936807,0.0062093003488049685,upper,0.1
775,phase2,upper,-15.0,2,-14.954172645714495,-20.042806757234295,-18.191607904563273,-5.50463881078996,-2.6651102602936807,0.0020262581475718085,upper,0.1
776,phase2,upper,-15.0,2,-14.953982874013485,-20.042806757234295,-18.191607904563273,-5.50463881078996,-2.6651102602936807,-0.00012373784572718713,upper,0.1
777,phase2,upper,-15.0,2,-14.95595738662207,-20.042806757234295,-18.191607904563273,-5.50463881078996,-2.6651102602936807,-0.0011661926159427871,upper,0.1
778,phase2,upper,-15.0,2,-14.9590027531761,-20.042806757234295,-18.191607904563273,-5.50463881078996,-2.6651102602936807,-0.0016100533406246498,upper,0.1
779,phase2,upper,-15.0,2,-14.962508751048627,-20.042806757234295,-18.191607904563273,-5.50463881078996,-2.6651102602936807,-0.0017351377199093373,upper,0.1
780,phase2,upper,-15.0,2,-14.966134962885295,-20.042806757234295,-18.191607904563273,-5.50463881078996,-2.6651102602936807,-0.0016951582646996697,upper,0.1
781,phase2,upper,-15.0,2,-14.969692697192484,-20.042806757234295,-18.191607904563273,-5.50463881078996,-2.6651102602936807,-0.0015743696673996763,upper,0.1
782,phase2,upper,-15.0,2,-14.973079394661308,-20.042806757234295,-18.191607904563273,-5.50463881078996,-2.6651102602936807,-0.001418730941601759,upper,0.1
783,phase2,upper,-15.0,2,-14.976241974398995,-20.042806757234295,-18.191607904563273,-5.50463881078996,-2.6651102602936807,-0.0012530603298029008,upper,0.1
784,phase2,upper,-15.0,2,-14.97915617310829,-20.042806757234295,-18.191607904563273,-5.50463881078996,-2.6651102602936807,-0.0010904893585107856,upper,0.1
785,phase2,upper,-15.0,2,-14.981814753733735,-20.042806757234295,-18.191607904563273,-5.50463881078996,-2.6651102602936807,-0.0009376812484831977,upper,0.1
786,phase2,upper,-15.0,2,-14.984220660151193,-20.042806757234295,-18.191607904563273,-5.50463881078996,-2.6651102602936807,-0.0007977179860029346,upper,0.1
787,phase2,upper,-15.0,2,-14.986382953315612,-20.042806757234295,-18.191607904563273,-5.50463881078996,-2.6651102602936807,-0.0006717027973453042,upper,0.1
788,phase2,upper,-15.0,2,-14.988314331348606,-20.042806757234295,-18.191607904563273,-5.50463881078996,-2.6651102602936807,-0.0005596535968656466,upper,0.1
789,phase2,upper,-15.0,2,-14.990029568115068,-20.042806757234295,-18.191607904563273,-5.50463881078996,-2.6651102602936807,-0.00046100408050165747,upper,0.1
790,phase2,upper,-15.0,2,-14.99154449789723,-20.042806757234295,-18.191607904563273,-5.50463881078996,-2.6651102602936807,-0.0003748868563200531,upper,0.1
791,phase2,upper,-15.0,2,-14.992875335489835,-20.042806757234295,-18.191607904563273,-5.50463881078996,-2.6651102602936807,-0.0003002947929017233,upper,0.1
792,phase2,lower,-20.0,4,-14.992875335489835,-20.107957137280806,-18.17330869543109,-5.470898512121016,-2.648932544167909,-0.00018147623785506978,upper,0.1
793,phase2,upper,-15.0,2,-14.993931273855011,-20.107957137280806,-18.17330869543109,-5.470898512121016,-2.648932544167909,-0.00013519233507779457,upper,0.1
794,phase2,upper,-15.0,2,-14.994849614534814,-20.107957137280806,-18.17330869543109,-5.470898512121016,-2.648932544167909,-9.636735145096916e-05,upper,0.1
795,phase2,upper,-15.0,2,-14.995644912079742,-20.107957137280806,-18.17330869543109,-5.470898512121016,-2.648932544167909,-6.411129564111128e-05,upper,0.1
796,phase2,upper,-15.0,2,-14.9963307060762,-20.107957137280806,-18.17330869543109,-5.470898512121016,-2.648932544167909,-3.760334521537228e-05,upper,0.1
797,phase2,upper,-15.0,2,-14.996919499762347,-20.107957137280806,-18.17330869543109,-5.470898512121016,-2.648932544167909,-1.609309756819919e-05,upper,0.1
798,phase2,upper,-15.0,2,-14.997422762668142,-20.107957137280806,-18.17330869543109,-5.470898512121016,-2.648932544167909,0.01115819572856436,upper,0.1
799,phase2,upper,-15.0,2,-14.990448118982314,-20.107957137280806,-18.17330869543109,-5.470898512121016,-2.648932544167909,0.028565415058993626,upper,0.1
