episode,phase,route,return,steps,q_start_right,q_start_down,q_shield_right,q_d1_right,q_d2_right,mood_M,greedy_route,epsilon
0,phase1,lower,-10.0,4,0.0,-0.25,-0.3175,-0.36475,-0.397825,-0.189975,upper,0.1
1,phase1,upper,-15.0,2,-1.4209775,-0.25,-0.3175,-0.36475,-0.397825,-0.43058775,lower,0.1
2,phase1,lower,-10.0,4,-1.4209775,-0.894278975,-0.9128177824999999,-0.92524819775,-0.8914690134250001,-0.28350809377499997,lower,0.1
3,phase1,lower,-10.0,4,-1.4209775,-1.4012901401474998,-1.4106714709057497,-1.412333353345775,-1.2872342259255176,-0.23096535147515249,lower,0.1
4,phase1,lower,-10.0,4,-1.4209775,-1.860097089550962,-1.874099126509571,-1.8666513385815031,-1.6244126554770466,-0.20430663600096394,upper,0.1
5,phase1,upper,-15.0,2,-2.7834741474008675,-1.860097089550962,-1.874099126509571,-1.8666513385815031,-1.6244126554770466,-0.4014050658904723,lower,0.1
6,phase1,lower,-10.0,4,-2.7834741474008675,-2.472761852548248,-2.444117594225644,-2.3842606525532157,-1.9772141730830322,-0.2325675627885589,lower,0.1
7,phase1,lower,-10.0,4,-2.7834741474008675,-2.929208233225691,-2.901376069640483,-2.808710785888499,-2.236610847726645,-0.17677542410344388,upper,0.1
8,phase1,upper,-15.0,2,-4.047565273146941,-2.929208233225691,-2.901376069640483,-2.808710785888499,-2.236610847726645,-0.3536663414238939,lower,0.1
9,phase1,lower,-10.0,4,-4.047565273146941,-3.4947247241486745,-3.4316678679455372,-3.269189658087187,-2.5023852708340217,-0.19412929180823266,lower,0.1
10,phase1,lower,-10.0,4,-4.047565273146941,-3.9131354011557704,-3.853518965681404,-3.637291550800886,-2.685290657302095,-0.14237370797057153,lower,0.1
11,phase1,lower,-10.0,4,-4.047565273146941,-4.285310094781848,-4.237482016457005,-3.9626633758337895,-2.8279579075153665,-0.11981619268142193,upper,0.1
12,phase1,upper,-15.0,2,-5.186621581467229,-4.285310094781848,-4.237482016457005,-3.9626633758337895,-2.8279579075153665,-0.2944730200778578,lower,0.1
13,phase1,lower,-10.0,4,-5.186621581467229,-4.795553005019436,-4.711726796928963,-4.335481376879116,-2.9974270526332507,-0.14747843511742187,lower,0.1
14,phase1,lower,-10.0,4,-5.186621581467229,-5.169900975816069,-5.082250361429511,-4.619720992667057,-3.0966884143640563,-0.10096924052754855,lower,0.1
15,phase1,lower,-10.0,4,-5.186621581467229,-5.502008230852208,-5.414741479497184,-4.862550280340914,-3.164990475166379,-0.08163227153253394,upper,0.1
16,phase1,lower,-10.0,4,-5.186621581467229,-5.816750600095986,-5.919910305552295,-5.16606746439812,-3.319926440565417,-0.23066149629306013,upper,0.1
17,phase1,upper,-15.0,2,-6.353326612965211,-5.816750600095986,-5.919910305552295,-5.16606746439812,-3.319926440565417,-0.10992566301994283,lower,0.1
18,phase1,lower,-10.0,4,-6.353326612965211,-6.175999667359566,-6.403839813136642,-5.444993983819104,-3.4512511033814124,-0.2204964291205613,lower,0.1
19,phase1,lower,-10.0,4,-6.353326612965211,-6.647230468145779,-6.713475259596202,-5.58381591684874,-3.4802247698798734,-0.1470450798779838,upper,0.1
20,phase1,upper,-15.0,2,-7.347027445034223,-6.647230468145779,-6.713475259596202,-5.58381591684874,-3.4802247698798734,-0.05583482667984176,lower,0.1
21,phase1,lower,-10.0,4,-7.347027445034223,-6.954106291302678,-6.947327057822516,-5.733548103538821,-3.466779373293519,-0.03985133882928971,lower,0.1
22,phase1,lower,-10.0,4,-7.347027445034223,-7.239294572901023,-7.162022299732914,-5.856319129727026,-3.4434541588006793,-0.031177054014900556,lower,0.1
23,phase1,lower,-10.0,4,-7.347027445034223,-7.509626694197623,-7.522530463885144,-6.022754967918448,-3.6634558774568124,-0.2262272597928775,upper,0.1
24,phase1,upper,-15.0,2,-8.323388778580187,-7.509626694197623,-7.522530463885144,-6.022754967918448,-3.6634558774568124,-0.19764450291737834,lower,0.1
25,phase1,lower,-10.0,4,-8.323388778580187,-7.938797123792016,-7.747400899675888,-6.101279323491956,-3.6499350451057166,-0.11528010881046077,lower,0.1
26,phase1,lower,-10.0,4,-8.323388778580187,-8.273409599309817,-7.90198816597202,-6.130568204151672,-3.608187429854961,-0.0883908316717659,lower,0.1
27,phase1,lower,-10.0,4,-8.323388778580187,-8.565819204480626,-8.024113502548156,-6.139334215789383,-3.559752337479344,-0.07627620880829553,upper,0.1
28,phase1,upper,-15.0,2,-9.086678933025887,-8.565819204480626,-8.024113502548156,-6.139334215789383,-3.559752337479344,-0.005458622935629202,lower,0.1
29,phase1,lower,-10.0,4,-9.086678933025887,-8.766561394929445,-8.142172467169868,-6.192708737256059,-3.485617303199553,-0.0011263113489939636,lower,0.1
30,phase1,lower,-10.0,4,-9.086678933025887,-8.955136182367582,-8.249293375072318,-6.2270481033945,-3.412682358517494,0.002297721012619436,lower,0.1
31,phase1,lower,-10.0,4,-9.086678933025887,-9.132483952726698,-8.345081806446347,-6.244751647581897,-3.341400695368386,0.005230390324967329,upper,0.1
32,phase1,upper,-15.0,2,-9.701497190955674,-9.132483952726698,-8.345081806446347,-6.244751647581897,-3.341400695368386,-0.11633785809635175,lower,0.1
33,phase1,lower,-10.0,4,-9.701497190955674,-9.40844781038538,-8.505761400933208,-6.301482604834713,-3.3095795622708417,-0.021394956754052147,lower,0.1
34,phase1,lower,-10.0,4,-9.701497190955674,-9.58743463051881,-8.59317908092338,-6.301893507897368,-3.2463329293278993,0.0051618888565941705,lower,0.1
35,phase1,lower,-10.0,4,-9.701497190955674,-9.733363375588333,-8.652681461021574,-6.279653940564599,-3.177147220610839,0.01333795602279091,upper,0.1
36,phase1,lower,-10.0,4,-9.701497190955674,-9.863291023711145,-8.696466383967321,-6.2448811059917055,-3.1088462141019373,0.016436895912964034,upper,0.1
37,phase1,upper,-15.0,2,-10.260212140560053,-9.863291023711145,-8.696466383967321,-6.2448811059917055,-3.1088462141019373,-0.09559909354453533,lower,0.1
38,phase1,lower,-10.0,4,-10.260212140560053,-10.082647743926845,-8.79861193970901,-6.2507417510371095,-3.077865781065293,-0.00889359450466666,lower,0.1
39,phase1,lower,-10.0,4,-10.260212140560053,-10.212248398559261,-8.833236154383451,-6.209634416510002,-3.019195763437379,0.014512942086234553,lower,0.1
40,phase1,lower,-10.0,4,-10.260212140560053,-10.311285526264069,-8.842867498043356,-6.152439573963677,-2.9563067981258704,0.020948484001932922,upper,0.1
41,phase1,upper,-15.0,2,-10.770619318078136,-10.311285526264069,-8.842867498043356,-6.152439573963677,-2.9563067981258704,-0.006000177744927513,lower,0.1
42,phase1,lower,-10.0,4,-10.770619318078136,-10.419843883412433,-8.808533879755204,-6.062361334774026,-3.0517074830166555,-0.07900368613449743,lower,0.1
43,phase1,lower,-10.0,4,-10.770619318078136,-10.579816200567759,-8.859826963135792,-6.057403997685994,-3.0101137293359024,-0.001257225991819046,lower,0.1
44,phase1,lower,-10.0,4,-10.770619318078136,-10.6589487802172,-8.853327803725149,-6.010294371531967,-2.945891584014763,0.01905474787094487,lower,0.1
45,phase1,lower,-10.0,4,-10.770619318078136,-10.711237409484145,-8.827386380210397,-5.94931694462103,-2.8800839164099155,0.024008694176894652,lower,0.1
46,phase1,lower,-10.0,4,-10.770619318078136,-10.751244481797565,-8.792433482106999,-5.8828875054801095,-2.818057090822453,0.024799317221332724,lower,0.1
47,phase1,lower,-10.0,4,-10.770619318078136,-10.783043996329308,-8.751546958785084,-5.814028405967873,-2.7610179362277476,0.024411941894633787,upper,0.1
48,phase1,upper,-15.0,2,-11.222882022069674,-10.783043996329308,-8.751546958785084,-5.814028405967873,-2.7610179362277476,0.016112020432926828,lower,0.1
49,phase1,lower,-10.0,4,-11.222882022069674,-10.815393474185253,-8.681953463192455,-5.737442911543258,-2.731377753887416,0.018048059145420504,lower,0.1
50,phase1,upper,-15.0,2,-11.630326916464373,-10.815393474185253,-8.681953463192455,-5.737442911543258,-2.731377753887416,0.022734026745632754,lower,0.1
51,phase1,lower,-10.0,4,-11.630326916464373,-10.831588849014903,-8.632507128698798,-5.669132156609017,-2.682089665695233,0.02173363809959625,lower,0.1
52,phase1,lower,-10.0,4,-11.630326916464373,-10.842120402693656,-8.579868691200174,-5.601511583585983,-2.6379041120058457,0.0206745581474631,lower,0.1
53,phase1,lower,-10.0,4,-11.630326916464373,-10.84728812921159,-8.524567570792753,-5.535255819124649,-2.59849256812104,0.01957174137849921,lower,0.1
54,phase1,lower,-10.0,4,-11.630326916464373,-10.847401506129057,-8.467143706993127,-5.470927243021373,-2.563538994540734,0.01843672008976903,lower,0.1
55,phase1,lower,-10.0,4,-11.630326916464373,-10.84278267813467,-8.408136238357889,-5.408988628252108,-2.5327400667723063,0.017279696640058316,lower,0.1
56,phase1,lower,-10.0,4,-11.630326916464373,-10.83376630718094,-8.348073272403015,-5.349813791059622,-2.5058047733791446,0.01611007930785363,lower,0.1
57,phase1,lower,-10.0,4,-11.630326916464373,-10.820697932326079,-8.287463449186282,-5.293697084955568,-2.4824539406990054,0.014936608451724502,lower,0.1
58,phase1,lower,-10.0,4,-11.630326916464373,-10.803931536405546,-8.226789277954147,-5.240862022242518,-2.4624198169877443,0.01376737792778606,lower,0.1
59,phase1,lower,-10.0,4,-11.630326916464373,-10.783826670425398,-8.166502058705875,-5.191469152266188,-2.4454457369820437,0.012609832846645611,lower,0.1
60,phase1,lower,-10.0,4,-11.630326916464373,-10.760745359691464,-8.107018177910854,-5.145623277567823,-2.4312858595488502,0.011470765147361084,lower,0.1
61,phase1,lower,-10.0,4,-11.630326916464373,-10.73504895288078,-8.048716580919487,-5.103380070325076,-2.41970496491388,0.010356312546149013,lower,0.1
62,phase1,lower,-10.0,4,-11.630326916464373,-10.707095034393117,-7.991937244181319,-5.064752141328822,-2.410478297630549,0.00927196212658307,lower,0.1
63,phase1,lower,-10.0,4,-11.630326916464373,-10.677234489458012,-7.936980490892677,-5.029714606652299,-2.4033914426177434,0.008222558652279319,lower,0.1
64,phase1,lower,-10.0,4,-11.630326916464373,-10.645808786814428,-7.884107012438575,-4.998210191543214,-2.398240223095786,0.00721231733487571,lower,0.1
65,phase1,lower,-10.0,4,-11.630326916464373,-10.613147523775455,-7.833538474732832,-4.970153906400136,-2.3948306107688557,0.006244840674950451,lower,0.1
66,phase1,lower,-10.0,4,-11.630326916464373,-10.579566262263738,-7.785458603421532,-4.945437325768826,-2.392978640050633,0.005323138949161543,lower,0.1
67,phase1,lower,-10.0,4,-11.630326916464373,-10.545364671325272,-7.740014655094898,-4.923932497986553,-2.3925103194819974,0.004449653898848263,lower,0.1
68,phase1,lower,-10.0,4,-11.630326916464373,-10.51082498119327,-7.697319193346295,-4.905495510318759,-2.393261534737051,0.0036262851705808697,lower,0.1
69,phase1,lower,-10.0,4,-11.630326916464373,-10.476210745755049,-7.657452098900363,-4.889969732094043,-2.3950779387545915,0.0028544190631508972,lower,0.1
70,phase1,lower,-10.0,4,-11.630326916464373,-10.441765903912744,-7.620462752259951,-4.877188756382216,-2.397814825566849,0.0021349591461097576,lower,0.1
71,phase1,lower,-10.0,4,-11.630326916464373,-10.407714125515966,-7.586372335528851,-4.8669790591168525,-2.4013369853279767,0.0014683583307887032,lower,0.1
72,phase1,lower,-10.0,4,-11.630326916464373,-10.374258424019544,-7.555176207372135,-4.859162393186511,-2.4055185388745306,0.0008546519946622247,lower,0.1
73,phase1,lower,-10.0,4,-11.630326916464373,-10.341581015559607,-7.5268463115809885,-4.853557933862537,-2.410242750882924,0.00029349178301962993,lower,0.1
74,phase1,lower,-10.0,4,-11.630326916464373,-10.309843402557028,-7.501333585503702,-4.849984190957032,-2.4154018213291724,-0.000215820262624007,lower,0.1
75,phase1,lower,-10.0,4,-11.630326916464373,-10.279186659088056,-7.478570339767271,-4.848260702278473,-2.420896655509109,-0.0006742975728109141,lower,0.1
76,phase1,lower,-10.0,4,-11.630326916464373,-10.249731894971507,-7.458472585312923,-4.848209522245697,-2.4266366133480415,-0.001083235210357904,lower,0.1
77,phase1,lower,-10.0,4,-11.630326916464373,-10.221580875694972,-7.440942287863752,-4.84965651890874,-2.432539239123018,-0.0014441765890104452,lower,0.1
78,phase1,lower,-10.0,4,-11.630326916464373,-10.194816775841959,-7.425869533585646,-4.852432492086668,-2.438529973044164,-0.0017588809882065205,lower,0.1
79,phase1,lower,-10.0,4,-11.630326916464373,-10.169505044505714,-7.413134592939994,-4.856374124850226,-2.4445418463995963,-0.00202929207307377,lower,0.1
80,phase1,lower,-10.0,4,-11.630326916464373,-10.14569436221491,-7.5501566912150055,-4.936414977722781,-2.493817390723563,-0.03348751653195067,lower,0.1
81,phase1,lower,-10.0,4,-11.630326916464373,-10.166279359993673,-7.563013437496228,-4.96084936791984,-2.501217589057578,-0.0047432639103320035,lower,0.1
82,phase1,lower,-10.0,4,-11.630326916464373,-10.160221705263227,-7.558619429575747,-4.969866890483703,-2.4985392787507563,0.002227332776639635,lower,0.1
83,phase1,lower,-10.0,4,-11.630326916464373,-10.148056878195503,-7.551024130086932,-4.974287411642351,-2.4941089038117217,0.00345978333650613,lower,0.1
84,phase1,lower,-10.0,4,-11.630326916464373,-10.13523979838179,-7.543740065782771,-4.977099310182047,-2.490024935830297,0.0032155541473038477,lower,0.1
85,phase1,lower,-10.0,4,-11.630326916464373,-10.123195826389313,-7.537512829591083,-4.97918846254125,-2.486740682421605,0.002626103190638411,lower,0.1
86,phase1,lower,-10.0,4,-11.630326916464373,-10.112264033837915,-7.532381335361443,-4.980864271611937,-2.4842818481846436,0.001990710149228476,lower,0.1
87,phase1,lower,-10.0,4,-11.630326916464373,-10.102484124855962,-7.528221062818736,-4.982268042119864,-2.4825695382773625,0.001387319620514613,lower,0.1
88,phase1,lower,-10.0,4,-11.630326916464373,-10.093809230993777,-7.524884716378462,-4.98348390021415,-2.4815054839747575,0.0008349380104410455,lower,0.1
89,phase1,lower,-10.0,4,-11.630326916464373,-10.086165335322848,-7.522236441729495,-4.984570327249462,-2.4809940836404576,0.0003368203716609618,lower,0.1
90,phase1,upper,-15.0,2,-12.005758004325617,-10.086165335322848,-7.522236441729495,-4.984570327249462,-2.4809940836404576,-0.0015084553662565133,lower,0.1
91,phase1,lower,-10.0,4,-12.005758004325617,-10.081130055793144,-7.516522828709798,-4.984309932703053,-2.484744624198621,-0.0015639215539663444,lower,0.1
92,phase1,lower,-10.0,4,-12.005758004325617,-10.07607686248338,-7.511736002664563,-4.984805027217261,-2.488248578712083,-0.001595835411276049,lower,0.1
93,phase1,lower,-10.0,4,-12.005758004325617,-10.071079028371646,-7.507827032417552,-4.985911713550062,-2.4914997633034965,-0.0016067072019715807,lower,0.1
94,phase1,lower,-10.0,4,-12.005758004325617,-10.06619986525801,-7.504738338801835,-4.987502255750893,-2.4944949234821916,-0.001598964991095415,lower,0.1
95,phase1,lower,-10.0,4,-12.005758004325617,-10.061492781104379,-7.5024063385934285,-4.989463795900782,-2.497233459978009,-0.0015749190524119742,lower,0.1
96,phase1,lower,-10.0,4,-12.005758004325617,-10.057001564000455,-7.500763650804486,-4.991697143493494,-2.4997171506352256,-0.0015367501560374403,lower,0.1
97,phase1,lower,-10.0,4,-12.005758004325617,-10.052760847821292,-7.499740933628134,-4.994115640859455,-2.5019498787168106,-0.0014865052729103106,lower,0.1
98,phase1,lower,-10.0,4,-12.005758004325617,-10.048796711147595,-7.499268403027532,-4.996644101318202,-2.5039373714659314,-0.0014260961769808128,lower,0.1
99,phase1,lower,-10.0,4,-12.005758004325617,-10.04512736689487,-7.499277075413086,-4.9992178154830595,-2.505686950778185,-0.0013572996185336173,lower,0.1
100,phase1,lower,-10.0,4,-12.005758004325617,-10.041763907403373,-7.499699771116228,-5.001781621253769,-2.5072072970824983,-0.0012817586056025137,lower,0.1
101,phase1,lower,-10.0,4,-12.005758004325617,-10.0387110765197,-7.500471910804789,-5.004289033443558,-2.5085082271356147,-0.0012009845727042195,lower,0.1
102,phase1,lower,-10.0,4,-12.005758004325617,-10.035968046063642,-7.5015321331029785,-5.0067014294196985,-2.509600486167197,-0.0011163602914152566,lower,0.1
103,phase1,lower,-10.0,4,-12.005758004325617,-10.033529179029848,-7.502822758300501,-5.008987287524658,-2.510495554602684,-0.00102914340670146,lower,0.1
104,phase1,upper,-15.0,2,-12.341167499761893,-10.033529179029848,-7.502822758300501,-5.008987287524658,-2.510495554602684,-0.0022037346059447273,lower,0.1
105,phase1,lower,-10.0,4,-12.341167499761893,-10.032441898102265,-7.505198681498358,-5.009984537681397,-2.5103575280582997,-0.0021719007294727782,lower,0.1
106,phase1,lower,-10.0,4,-12.341167499761893,-10.031672287098399,-7.507335004674682,-5.0107880621427805,-2.6380729310549853,-0.06719422265270882,lower,0.1
107,phase1,lower,-10.0,4,-12.341167499761893,-10.089713359243465,-7.550433221833312,-5.054685673312983,-2.6462970836730295,-0.016691645902427006,lower,0.1
108,phase1,lower,-10.0,4,-12.341167499761893,-10.100807826814634,-7.561398417553089,-5.072051201031131,-2.6373155284482306,-0.0033325339337232154,lower,0.1
109,phase1,lower,-10.0,4,-12.341167499761893,-10.09986616642883,-7.564546598365289,-5.080706892673087,-2.624824570080572,0.00015896443810458813,lower,0.1
110,phase1,upper,-15.0,2,-12.63854593279882,-10.09986616642883,-7.564546598365289,-5.080706892673087,-2.624824570080572,-0.000588306977572669,lower,0.1
111,phase1,lower,-10.0,4,-12.63854593279882,-10.096863685902292,-7.566183220761979,-5.0841892437236105,-2.6117761594106734,-0.00011935318024423696,lower,0.1
112,phase1,lower,-10.0,4,-12.63854593279882,-10.09390305725048,-7.56763585614862,-5.085854353855846,-2.599969382727578,1.2578385133035883e-05,lower,0.1
113,phase1,lower,-10.0,4,-12.63854593279882,-10.091265016593676,-7.568971642216122,-5.0861700031174975,-2.5893835071101363,6.35617917125749e-05,lower,0.1
114,phase1,lower,-10.0,4,-12.63854593279882,-10.088978473543378,-7.570132730020398,-5.0854333053067045,-2.5799140586184026,9.970738842331975e-05,lower,0.1
115,phase1,upper,-15.0,2,-12.903068758615127,-10.088978473543378,-7.570132730020398,-5.0854333053067045,-2.5799140586184026,0.0011245159263549146,lower,0.1
116,phase1,lower,-10.0,4,-12.903068758615127,-10.08608183485736,-7.571185355726397,-5.084758216928349,-2.571271518400745,0.0010732870874649758,lower,0.1
117,phase1,lower,-10.0,4,-12.903068758615127,-10.083626228565546,-7.5721099218057955,-5.083249651019855,-2.5634587398980075,0.0010238954810429747,lower,0.1
118,phase1,lower,-10.0,4,-12.903068758615127,-10.081553091956632,-7.572826644548425,-5.081071188263301,-2.5563986248225694,0.0009765193135794154,lower,0.1
119,phase1,lower,-10.0,4,-12.903068758615127,-10.07980157983359,-7.573280940582651,-5.078363528842811,-2.550021476008558,0.0009309163144037466,lower,0.1
120,phase1,lower,-10.0,4,-12.903068758615127,-10.078311691225535,-7.573438871998037,-5.075247534329862,-2.544264383913631,0.0008867847117269466,lower,0.1
121,phase1,lower,-10.0,4,-12.903068758615127,-10.077026303062231,-7.573283105165676,-5.071826753432033,-2.539070556891247,0.0008438545840097904,lower,0.1
122,phase1,lower,-10.0,4,-12.903068758615127,-10.075892514146968,-7.572809456281639,-5.0681896000026745,-2.5343886886576077,0.0008019074040303397,lower,0.1
123,phase1,lower,-10.0,4,-12.903068758615127,-10.074862491696809,-7.572023979077153,-5.064411254072601,-2.530172383108298,0.0007607764822255706,lower,0.1
124,phase1,lower,-10.0,4,-12.903068758615127,-10.07389394160084,-7.570940527480206,-5.06055532754629,-2.5263796374760363,0.0007203424161255345,lower,0.1
125,phase1,lower,-10.0,4,-12.903068758615127,-10.072950292014264,-7.569578727469914,-5.056675325670278,-2.522972380033656,0.000680527370249952,lower,0.1
126,phase1,lower,-10.0,4,-12.903068758615127,-10.072000660926603,-7.5679622992559645,-5.052815930115731,-2.519916057571849,0.0006412892592701025,lower,0.1
127,phase1,upper,-15.0,2,-13.13774417422454,-10.072000660926603,-7.5679622992559645,-5.052815930115731,-2.519916057571849,0.0005686854635239912,lower,0.1
128,phase1,lower,-10.0,4,-13.13774417422454,-10.071085007842367,-7.565702478436714,-5.0489835883168706,-2.517590020041222,0.0005893869767248378,lower,0.1
129,phase1,lower,-10.0,4,-13.13774417422454,-10.07001630662275,-7.563302681282748,-5.045336162525628,-2.515492043840498,0.0006054947242395822,lower,0.1
130,phase1,lower,-10.0,4,-13.13774417422454,-10.068799998836933,-7.5607984480760555,-5.0418774173074015,-2.5135996120091155,0.0006170326442994349,lower,0.1
131,phase1,lower,-10.0,4,-13.13774417422454,-10.067444514380977,-7.558221812928103,-5.038608445247524,-2.5118927748875803,0.0006240924413287345,lower,0.1
132,phase1,lower,-10.0,4,-13.13774417422454,-10.065960561038494,-7.555601386186656,-5.035528180423817,-2.510353830798972,0.0006268229304238712,lower,0.1
133,phase1,lower,-10.0,4,-13.13774417422454,-10.064360502915928,-7.552962483138797,-5.032633831834804,-2.508967044287223,0.0006254202439867242,lower,0.1
134,phase1,lower,-10.0,4,-13.13774417422454,-10.062657822718627,-7.550327286112654,-5.0299212481729745,-2.5077183981131235,0.0006201188786652019,lower,0.1
135,phase1,lower,-10.0,4,-13.13774417422454,-10.060866662067232,-7.5477150294900355,-5.027385223826074,-2.5065953755122483,0.0006111835555117042,lower,0.1
136,phase1,lower,-10.0,4,-13.13774417422454,-10.059001433609552,-7.545142199168377,-5.025019754667607,-2.5055867695083944,0.000598901862211078,lower,0.1
137,phase1,lower,-10.0,4,-13.13774417422454,-10.057076498489446,-7.542622739708514,-5.022818251039666,-2.5046825163505337,0.0005835776431553157,lower,0.1
138,phase1,lower,-10.0,4,-13.13774417422454,-10.055105902732512,-7.540168263822977,-5.0207737143183095,-2.5038735504000655,0.0005655251008982343,lower,0.1
139,phase1,lower,-10.0,4,-13.13774417422454,-10.05310316625075,-7.537788260039114,-5.018878882567162,-2.5031516780379968,0.0005450635709759927,lower,0.1
140,phase1,lower,-10.0,4,-13.13774417422454,-10.05108111841571,-7.535490295348211,-5.017126350013802,-2.5025094683885665,0.0005225129311234881,lower,0.1
141,phase1,lower,-10.0,4,-13.13774417422454,-10.049051774470948,-7.533280210456879,-5.015508664412371,-2.50194015886696,0.000498189605456209,lower,0.1
142,phase1,lower,-10.0,4,-13.13774417422454,-10.04702624742463,-7.531162305916561,-5.01401840577284,-2.5014375737545254,0.00047240312413903806,lower,0.1
143,phase1,lower,-10.0,4,-13.13774417422454,-10.045014690462098,-7.5291395179441505,-5.012648249431757,-2.5009960541858036,0.0004454531993673452,lower,0.1
144,phase1,lower,-10.0,4,-13.13774417422454,-10.043026265330873,-7.527213583180648,-5.0113910160016815,-2.500610398098302,0.0004176272790727535,lower,0.1
145,phase1,lower,-10.0,4,-13.13774417422454,-10.041069132564685,-7.525385191982365,-5.010239710358498,-2.5002758088489974,0.00038919854059792027,lower,0.1
146,phase1,lower,-10.0,4,-13.13774417422454,-10.039150459819915,-7.523654130114541,-5.009187551499794,-2.499987851341707,0.0003604242876063901,lower,0.1
147,phase1,lower,-10.0,4,-13.13774417422454,-10.037276444990532,-7.522019408932596,-5.008227994827149,-2.4997424146374714,0.00033154471468051645,lower,0.1
148,phase1,lower,-10.0,4,-13.13774417422454,-10.035452351141526,-7.520479384301736,-5.007354748164359,-2.499535680136723,0.0003027820053700842,lower,0.1
149,phase1,lower,-10.0,4,-13.13774417422454,-10.033682550652713,-7.519031864630214,-5.006561782617453,-2.4993640945279485,0.0002743397308687636,lower,0.1
150,phase1,lower,-10.0,4,-13.13774417422454,-10.03197057629268,-7.51767420848233,-5.005843339206113,-2.4992243467936026,0.00024640251798199064,lower,0.1
151,phase1,lower,-10.0,4,-13.13774417422454,-10.030319177245461,-7.51640341230076,-5.005193932045868,-2.4991133486508095,0.00021913595659788442,lower,0.1
152,phase1,lower,-10.0,4,-13.13774417422454,-10.028730378390053,-7.515216188808965,-5.004608348732698,-2.499028217882686,0.00019268671845438148,lower,0.1
153,phase1,lower,-10.0,4,-13.13774417422454,-10.027205541385335,-7.514109036687857,-5.004081648473326,-2.4989662640864867,0.00016718286060503904,lower,0.1
154,phase1,lower,-10.0,4,-13.13774417422454,-10.025745426341043,-7.513078302130155,-5.00360915841289,-2.4989249764279227,0.0001427342885998831,lower,0.1
155,phase1,lower,-10.0,4,-13.13774417422454,-10.024350253060215,-7.512120232873945,-5.003186468534395,-2.4989020130474704,0.00011943335601422234,lower,0.1
156,phase1,lower,-10.0,4,-13.13774417422454,-10.023019761021175,-7.511231025306549,-5.002809425439399,-2.614931603918445,-0.05664629501049617,lower,0.1
157,phase1,lower,-10.0,4,-13.13774417422454,-10.07282255295916,-7.5459234295309905,-5.038889852163917,-2.6209255236476516,-0.013649421497482769,lower,0.1
158,phase1,lower,-10.0,4,-13.13774417422454,-10.082417119964077,-7.553264195514613,-5.052438860249155,-2.6124512423052706,-0.0023331216545548765,lower,0.1
159,phase1,lower,-10.0,4,-13.13774417422454,-10.08160163700823,-7.554008983820984,-5.058677104438684,-2.6011709067830586,0.00056891491744066,lower,0.1
160,phase1,lower,-10.0,4,-13.13774417422454,-10.078330348263808,-7.55347052005963,-5.061878834151756,-2.59008336938882,0.0012411110729364772,lower,0.1
161,phase1,lower,-10.0,4,-13.13774417422454,-10.074727365477749,-7.552899564451021,-5.063376621810376,-2.5798940999047963,0.0013270769536775804,lower,0.1
162,phase1,lower,-10.0,4,-13.13774417422454,-10.071350216116766,-7.552502912622785,-5.063693245494714,-2.570707598383088,0.0012633596913120392,lower,0.1
163,phase1,lower,-10.0,4,-13.13774417422454,-10.068328462045187,-7.552239403062155,-5.0631119331814,-2.562476481958985,0.001165646471112697,lower,0.1
164,phase1,lower,-10.0,4,-13.13774417422454,-10.065670474322882,-7.552026209401953,-5.061831055686065,-2.555120132500109,0.0010643447209095543,lower,0.1
165,phase1,upper,-15.0,2,-13.345982354782755,-10.065670474322882,-7.552026209401953,-5.061831055686065,-2.555120132500109,0.001279983358044081,lower,0.1
166,phase1,lower,-10.0,4,-13.345982354782755,-10.06315406280855,-7.5519541438766655,-5.060289475765719,-2.5484695234315082,0.0012106905711694786,lower,0.1
167,phase1,lower,-10.0,4,-13.345982354782755,-10.060944449401308,-7.551792711923451,-5.058319091542219,-2.542557870381715,0.0011450391039900852,lower,0.1
168,phase1,lower,-10.0,4,-13.345982354782755,-10.058998740459932,-7.5515083325587415,-5.056031199304861,-2.537306313800158,0.0010826674551911372,lower,0.1
169,phase1,lower,-10.0,4,-13.345982354782755,-10.05727529896014,-7.5510813994977575,-5.053518284213863,-2.5326442022418236,0.0010231099072968376,lower,0.1
170,phase1,lower,-10.0,4,-13.345982354782755,-10.055735110097334,-7.550503176026567,-5.05085680113651,-2.528508331434188,0.0009659431078224843,lower,0.1
171,phase1,lower,-10.0,4,-13.345982354782755,-10.054342567893217,-7.549773173244821,-5.048109527215646,-2.524842198591862,0.0009108168936041217,lower,0.1
172,phase1,lower,-10.0,4,-13.345982354782755,-10.053065893224133,-7.548896995407648,-5.045327585831051,-2.5215953119113,0.0008574547402701682,lower,0.1
173,phase1,lower,-10.0,4,-13.345982354782755,-10.051877294176242,-7.547884593198828,-5.042552195188173,-2.518722562051092,0.0008056465922192802,lower,0.1
174,phase1,lower,-10.0,4,-13.345982354782755,-10.050752942145504,-7.546748862415251,-5.039816179302908,-2.5161836537090356,0.0007552401612316788,lower,0.1
175,phase1,lower,-10.0,4,-13.345982354782755,-10.04967281802737,-7.545504531603251,-5.037145272254093,-2.513942593239172,0.0007061323352581748,lower,0.1
176,phase1,lower,-10.0,4,-13.345982354782755,-10.048620470283225,-7.544167289792361,-5.0345592422619365,-2.5119672278413616,0.0006582611438784331,lower,0.1
177,phase1,upper,-15.0,2,-13.531343391036415,-10.048620470283225,-7.544167289792361,-5.0345592422619365,-2.5119672278413616,0.0002524244677662359,lower,0.1
178,phase1,lower,-10.0,4,-13.531343391036415,-10.04794797021315,-7.5426648119099164,-5.031749602261014,-2.510363169543852,0.00021303668991601947,lower,0.1
179,phase1,lower,-10.0,4,-13.531343391036415,-10.047227921361902,-7.541069078690385,-5.0291014302607815,-2.5089635607756273,0.0001769383958155445,lower,0.1
180,phase1,lower,-10.0,4,-13.531343391036415,-10.046452792538515,-7.539403748477729,-5.026617919703057,-2.5077458930061685,0.00014395062582779492,lower,0.1
181,phase1,lower,-10.0,4,-13.531343391036415,-10.045618332569191,-7.537690567496686,-5.024299661506472,-2.5066898535716957,0.00011390368782623951,lower,0.1
182,phase1,lower,-10.0,4,-13.531343391036415,-10.044723042742897,-7.535949279451931,-5.022145113855095,-2.5057771207985486,8.663604486687149e-05,lower,0.1
183,phase1,lower,-10.0,4,-13.531343391036415,-10.04376769397342,-7.534197593537811,-5.020151008184364,-2.504991178909249,6.1993345173769e-05,lower,0.1
184,phase1,lower,-10.0,4,-13.531343391036415,-10.042754889919204,-7.637161536228466,-5.061417241614104,-2.53413693188847,-0.02296477671016911,lower,0.1
185,phase1,lower,-10.0,4,-13.531343391036415,-10.072863853589281,-7.644105634028532,-5.0689387720998065,-2.537262499813325,-0.004739319578454388,lower,0.1
186,phase1,lower,-10.0,4,-13.531343391036415,-10.084253419253816,-7.639462980710297,-5.067468900785037,-2.53402140263013,1.538568297804806e-05,lower,0.1
187,phase1,lower,-10.0,4,-13.531343391036415,-10.089760528284785,-7.632084341835707,-5.0636384300759545,-2.529578223342721,0.0011969586343788517,lower,0.1
188,phase1,lower,-10.0,4,-13.531343391036415,-10.092915646868935,-7.62429259131913,-5.059250003749494,-2.5252519389573407,0.0014354343616711917,lower,0.1
189,phase1,lower,-10.0,4,-13.531343391036415,-10.09476145038845,-7.616681814434612,-5.054813753179943,-2.5213447136421325,0.0014290497355181038,lower,0.1
190,phase1,lower,-10.0,4,-13.531343391036415,-10.0956673420311,-7.6093915488694766,-5.050488610346895,-2.5178934034270974,0.0013626272866141408,lower,0.1
191,phase1,lower,-10.0,4,-13.531343391036415,-10.095813398156984,-7.6024443083075415,-5.046333784818663,-2.51486888529174,0.0012846115855519938,lower,0.1
192,phase1,lower,-10.0,4,-13.531343391036415,-10.095320338745044,-7.595834338360512,-5.042376692182903,-2.5122286277508366,0.00120728797132318,lower,0.1
193,phase1,lower,-10.0,4,-13.531343391036415,-10.0942851795324,-7.589550440501441,-5.038631938917996,-2.509930275002868,0.001133415640806877,lower,0.1
194,phase1,lower,-10.0,4,-13.531343391036415,-10.09279163155258,-7.583581432996858,-5.0351071637841285,-2.507934894130354,0.0010632996297240877,lower,0.1
195,phase1,lower,-10.0,4,-13.531343391036415,-10.090913642030257,-7.577917131257306,-5.031805268954314,-2.506207501349267,0.0009966629759079033,lower,0.1
196,phase1,lower,-10.0,4,-13.531343391036415,-10.088716994274645,-7.572548247917532,-5.028725589894794,-2.504716891537712,0.0009331368056612904,lower,0.1
197,phase1,lower,-10.0,4,-13.531343391036415,-10.086260296513839,-7.567466096092625,-5.025864694775053,-2.503435308440191,0.0008723833039442581,lower,0.1
198,phase1,lower,-10.0,4,-13.531343391036415,-10.083595731498168,-7.56266231342277,-5.023217008726139,-2.5023380974098335,0.0008141214505946651,lower,0.1
199,phase1,lower,-10.0,4,-13.531343391036415,-10.080769680385094,-7.558128650290162,-5.0207753252040925,-2.5014033771972493,0.0007581273209271333,lower,0.1
200,phase1,lower,-10.0,4,-13.531343391036415,-10.077823262786767,-7.553856821651922,-5.0185312301208445,-2.594806978831138,-0.03934953473730585,lower,0.1
201,phase1,lower,-10.0,4,-13.531343391036415,-10.110841199936859,-7.574677999250775,-5.043028525682494,-2.597092898904971,-0.009236555858583071,lower,0.1
202,phase1,lower,-10.0,4,-13.531343391036415,-10.115537780140974,-7.576622826660177,-5.05164541272262,-2.589462798939628,-0.0013404168837178815,lower,0.1
203,phase1,lower,-10.0,4,-13.531343391036415,-10.11285265998824,-7.574208094370432,-5.055087410096452,-2.580071937992902,0.0006572187132766536,lower,0.1
204,phase1,lower,-10.0,4,-13.531343391036415,-10.10839670658451,-7.571126554327677,-5.056377079419313,-2.5710016501202992,0.001093803619341339,lower,0.1
205,phase1,lower,-10.0,4,-13.531343391036415,-10.10368526810142,-7.5682280084607765,-5.056469123639091,-2.562726852904153,0.0011219674093131441,lower,0.1
206,phase1,lower,-10.0,4,-13.531343391036415,-10.099129771468974,-7.565634981497538,-5.055746296728786,-2.555302872104865,0.0010477412218337099,lower,0.1
207,phase1,lower,-10.0,4,-13.531343391036415,-10.094837325372179,-7.563300107718076,-5.0544199309256115,-2.548680241687547,0.0009521216501532329,lower,0.1
208,phase1,lower,-10.0,4,-13.531343391036415,-10.09082669412163,-7.561150053905309,-5.052638933868407,-2.5427877580835383,0.0008563007271260243,lower,0.1
209,phase1,lower,-10.0,4,-13.531343391036415,-10.087088359445584,-7.559120194195498,-5.05052098158151,-2.5375539866614867,0.0007655896328874004,lower,0.1
210,phase1,lower,-10.0,4,-13.531343391036415,-10.083602512250977,-7.641688199103429,-5.078038585389932,-2.553351460670598,-0.014883454676807049,lower,0.1
211,phase1,upper,-15.0,2,-13.710055359988626,-10.083602512250977,-7.641688199103429,-5.078038585389932,-2.553351460670598,-0.007189738549890015,lower,0.1
212,phase1,lower,-10.0,4,-13.710055359988626,-10.095881845631123,-7.639018098553741,-5.07771299819193,-2.5492761139768043,-0.0007101430362883562,lower,0.1
213,phase1,lower,-10.0,4,-13.710055359988626,-10.100834599656045,-7.632464494477429,-5.074108258679579,-2.5435512944467202,0.0009005755794725535,lower,0.1
214,phase1,lower,-10.0,4,-13.710055359988626,-10.103187071116658,-7.625202904003743,-5.069600416616839,-2.5379154144494884,0.0012246954035277807,lower,0.1
215,phase1,lower,-10.0,4,-13.710055359988626,-10.104286428542192,-7.618036339308954,-5.06487179161186,-2.532778019528029,0.0012140528859815828,lower,0.1
216,phase1,lower,-10.0,4,-13.710055359988626,-10.104568772021485,-7.611146568359981,-5.060144830369973,-2.528200249548542,0.001121260802507306,lower,0.1
217,phase1,lower,-10.0,4,-13.710055359988626,-10.104217416933079,-7.6045577793579024,-5.05551144405607,-2.524155041470374,0.0010130782697989052,lower,0.1
218,phase1,lower,-10.0,4,-13.710055359988626,-10.103339682732742,-7.598258271978056,-5.051021732484209,-2.520595904271336,0.0009068791365780015,lower,0.1
219,phase1,lower,-10.0,4,-13.710055359988626,-10.102015350434353,-7.592231503333068,-5.046708599074537,-2.5174748406373104,0.000806929366987445,lower,0.1
220,phase1,lower,-10.0,4,-13.710055359988626,-10.100310729293936,-7.586463260686501,-5.042595193856392,-2.5147467815667164,0.0007140304390397907,lower,0.1
221,phase1,lower,-10.0,4,-13.710055359988626,-10.098283355038056,-7.580942678171,-5.0386976774791234,-2.512370464584835,0.0006280822819554623,lower,0.1
222,phase1,lower,-10.0,4,-13.710055359988626,-10.095984013297592,-7.57566177905951,-5.0350266410974145,-2.5103083932556083,0.0005487637219347865,lower,0.1
223,phase1,lower,-10.0,4,-13.710055359988626,-10.093457902524044,-7.570614763683322,-5.031588080856882,-2.508526577077028,0.0004757123020025919,lower,0.1
224,phase1,lower,-10.0,4,-13.710055359988626,-10.09074544756817,-7.56579734623952,-5.028384176632737,-2.5069942356016184,0.00040857089953693216,lower,0.1
225,phase1,lower,-10.0,4,-13.710055359988626,-10.087882923625722,-7.561206202880578,-5.025413950826792,-2.505683513756518,0.00034699888077637376,lower,0.1
226,phase1,lower,-10.0,4,-13.710055359988626,-10.08490295255851,-7.556838531959611,-5.02267383566469,-2.504569219061613,0.0002906738263347743,lower,0.1
227,phase1,lower,-10.0,4,-13.710055359988626,-10.081834904054919,-7.5526917131339655,-5.020158163833291,-2.5036285819127015,0.00023929078722959067,lower,0.1
228,phase1,lower,-10.0,4,-13.710055359988626,-10.078705223254316,-7.548763050163242,-5.017859592793747,-2.5028410376767107,0.0001925609494153335,lower,0.1
229,phase1,lower,-10.0,4,-13.710055359988626,-10.075537701090735,-7.545049583395059,-5.015769471128124,-2.5021880288163207,0.00015021022505342263,lower,0.1
230,phase1,lower,-10.0,4,-13.710055359988626,-10.072353700118619,-7.541547959676812,-5.0138781540671955,-2.5016528252322754,0.00011197792007364057,lower,0.1
231,phase1,lower,-10.0,4,-13.710055359988626,-10.069172345946372,-7.538254349144042,-5.0121752744250525,-2.5012203611123622,7.76155238379839e-05,lower,0.1
232,phase1,lower,-10.0,4,-13.710055359988626,-10.066010692294686,-7.53516439987456,-5.010649974395121,-2.5008770867069905,4.688563464546466e-05,lower,0.1
233,phase1,lower,-10.0,4,-13.710055359988626,-10.062883865981492,-7.53227322274564,-5.009291102996469,-2.5006108335852337,1.956102284039708e-05,lower,0.1
234,phase1,lower,-10.0,4,-13.710055359988626,-10.05980519673735,-7.5295754000032185,-5.008087383378917,-2.5004106920544023,-4.576172475917424e-06,lower,0.1
235,phase1,lower,-10.0,4,-13.710055359988626,-10.056786335619165,-7.602261337536532,-5.030824757160619,-2.5164586836262806,-0.01247032486382566,lower,0.1
236,phase1,lower,-10.0,4,-13.710055359988626,-10.072557128188345,-7.603075773253419,-5.035053883354231,-2.5182466698758934,-0.002497062489763095,lower,0.1
237,phase1,lower,-10.0,4,-13.710055359988626,-10.07785634893564,-7.597859690242363,-5.0343541287872515,-2.5835898495262852,-0.02111734179746709,lower,0.1
238,phase1,lower,-10.0,4,-13.710055359988626,-10.098862290684032,-7.604258221515615,-5.048030614470288,-2.5813387805518238,-0.004573710732636396,lower,0.1
239,phase1,lower,-10.0,4,-13.710055359988626,-10.103518223426562,-7.600831473646594,-5.052634528190016,-2.57399152419277,-0.0002693778700772959,lower,0.1
240,phase1,lower,-10.0,4,-13.710055359988626,-10.103491988531633,-7.595486344714069,-5.054129349680784,-2.5660057110964227,0.0007880853928254412,lower,0.1
241,phase1,lower,-10.0,4,-13.710055359988626,-10.101982147296333,-7.590180483198187,-5.05423518419818,-2.5584952398822045,0.0009887146406185726,lower,0.1
242,phase1,lower,-10.0,4,-13.710055359988626,-10.099912137709962,-7.5853180489601995,-5.053524359169868,-2.5516919094360864,0.0009674655674702181,lower,0.1
243,phase1,lower,-10.0,4,-13.710055359988626,-10.097582009824261,-7.580913526563331,-5.052246875486889,-2.545599165062308,0.0008927596310344632,lower,0.1
244,phase1,lower,-10.0,4,-13.710055359988626,-10.095111677830237,-7.576897104928136,-5.050552082753518,-2.540165314548197,0.0008090161144804701,lower,0.1
245,phase1,lower,-10.0,4,-13.710055359988626,-10.092562106036995,-7.57319246781518,-5.04854957955484,-2.5353290559845485,0.0007277082063688307,lower,0.1
246,phase1,lower,-10.0,4,-13.710055359988626,-10.089970204829081,-7.569734605804372,-5.046327132677856,-2.531031108281727,0.0006515693441274983,lower,0.1
247,phase1,lower,-10.0,4,-13.710055359988626,-10.087360232516895,-7.566472131996,-5.043956956959597,-2.527216873033699,0.0005810284445260393,lower,0.1
248,phase1,lower,-10.0,4,-13.710055359988626,-10.084748496864732,-7.563365862590794,-5.041498712801813,-2.5238367511509407,0.0005159205575474401,lower,0.1
249,phase1,lower,-10.0,4,-13.710055359988626,-10.082145904935546,-7.560386733823727,-5.039001465475627,-2.520845871836095,0.00045594119197952935,lower,0.1
250,phase1,lower,-10.0,4,-13.710055359988626,-10.079559640751581,-7.557513824131078,-5.036505222704976,-2.5182036981741733,0.000400766378983278,lower,0.1
251,phase1,lower,-10.0,4,-13.710055359988626,-10.076994369348446,-7.5547326447466885,-5.0340422319928795,-2.5158736299876225,0.0003500836767985417,lower,0.1
252,phase1,lower,-10.0,4,-13.710055359988626,-10.07445312157915,-7.55203370649871,-5.031638101428494,-2.5138226334370737,0.00030359937326326653,lower,0.1
253,phase1,lower,-10.0,4,-13.710055359988626,-10.071937940635168,-7.549411334122722,-5.029312774575065,-2.5120209027869467,0.00026103929257023986,lower,0.1
254,phase1,lower,-10.0,4,-13.710055359988626,-10.069450344620611,-7.546862693945914,-5.02708137960157,-2.510441553529707,0.00022214787960652673,lower,0.1
255,phase1,lower,-10.0,4,-13.710055359988626,-10.066991646461496,-7.5443870030232665,-5.024954968608617,-2.509060344574029,0.0001866868394134372,lower,0.1
256,phase1,lower,-10.0,4,-13.710055359988626,-10.0645631639622,-7.541984891594207,-5.022941160710725,-2.5078554269669047,0.0001544336975014868,lower,0.1
257,phase1,lower,-10.0,4,-13.710055359988626,-10.06216634639765,-7.539657894509766,-5.021044700683227,-2.506807116710789,0.00012518039689667443,lower,0.1
258,phase1,upper,-15.0,2,-13.856466592048802,-10.06216634639765,-7.539657894509766,-5.021044700683227,-2.506807116710789,0.00039222084055858035,lower,0.1
259,phase1,lower,-10.0,4,-13.856466592048802,-10.059562502452359,-7.5375678594945095,-5.019532083508217,-2.5057699577477917,0.00035516005371575036,lower,0.1
260,phase1,lower,-10.0,4,-13.856466592048802,-10.057043394108229,-7.535567556070144,-5.01808845612479,-2.5048667120908275,0.0003197739763821751,lower,0.1
261,phase1,lower,-10.0,4,-13.856466592048802,-10.054608013725677,-7.533652859096855,-5.016718106377129,-2.504082233862304,0.0002860434520795876,lower,0.1
262,phase1,lower,-10.0,4,-13.856466592048802,-10.052255059155923,-7.531820504827089,-5.015423525062395,-2.503403001306631,0.0002539560235618706,lower,0.1
263,phase1,lower,-10.0,4,-13.856466592048802,-10.049983043301834,-7.5300678333415565,-5.014205740075098,-2.5028169405469867,0.00022350338649168295,lower,0.1
264,phase1,lower,-10.0,4,-13.856466592048802,-10.047790369257966,-7.528392589519713,-5.013064600220554,-2.502313268723155,0.0001946792407479935,lower,0.1
265,phase1,lower,-10.0,4,-13.856466592048802,-10.045675379967467,-7.526792771668001,-5.0119990155773415,-2.501882354481033,0.00016747750568065403,lower,0.1
266,phase1,lower,-10.0,4,-13.856466592048802,-10.043636389382407,-7.525266518700084,-5.01100716040401,-2.5015155939681155,0.00014189086602660518,lower,0.1
267,phase1,lower,-10.0,4,-13.856466592048802,-10.04167170053475,-7.5238120282710845,-5.01008664380828,-2.501205300661168,0.00011790961601933745,lower,0.1
268,phase1,lower,-10.0,4,-13.856466592048802,-10.039779614653966,-7.5224274995488996,-5.00923465271531,-2.500944607512399,9.552077035983676e-05,lower,0.1
269,phase1,lower,-10.0,4,-13.856466592048802,-10.037958434450136,-7.52111109539189,-5.008448071074301,-2.500727380048806,7.470741209765616e-05,lower,0.1
270,phase1,lower,-10.0,4,-13.856466592048802,-10.036206463873423,-7.519860919621033,-5.007723578719924,-2.5005481391963835,5.544824902693945e-05,lower,0.1
271,phase1,lower,-10.0,4,-13.856466592048802,-10.03452200602406,-7.518675005850018,-5.0070577328480805,-2.5593484240886033,-0.01574926753677274,lower,0.1
272,phase1,lower,-10.0,4,-13.856466592048802,-10.04711164678975,-7.527307795891685,-5.019172951279706,-2.558295684566211,-0.0038285803814895342,lower,0.1
273,phase1,lower,-10.0,4,-13.856466592048802,-10.048576984043283,-7.528676291469065,-5.024567252986995,-2.553507870287598,-0.0006920404857809296,lower,0.1
274,phase1,lower,-10.0,4,-13.856466592048802,-10.047209751223063,-7.528455693278249,-5.027535241530178,-2.5481902063575324,0.00011188170264786545,lower,0.1
275,phase1,lower,-10.0,4,-13.856466592048802,-10.045233651896199,-7.528054443721229,-5.029325931717173,-2.5431485685408814,0.00029802009068315583,lower,0.1
276,phase1,lower,-10.0,4,-13.856466592048802,-10.043247512997088,-7.527767526729338,-5.030363725911078,-2.5385555260489787,0.0003220741467488928,lower,0.1
277,phase1,upper,-15.0,2,-13.986267701043001,-10.043247512997088,-7.527767526729338,-5.030363725911078,-2.5385555260489787,0.00038019980652902424,lower,0.1
278,phase1,lower,-10.0,4,-13.986267701043001,-10.041357334544436,-7.527746545458506,-5.030908372997742,-2.5343075224838887,0.00035857698135417294,lower,0.1
279,phase1,lower,-10.0,4,-13.986267701043001,-10.039673536352625,-7.527793708348087,-5.030997249388079,-2.5305128089766216,0.00033378334724617397,lower,0.1
280,phase1,lower,-10.0,4,-13.986267701043001,-10.038185148539648,-7.527860151632825,-5.030721879121875,-2.527125656754096,0.0003098061755315672,lower,0.1
281,phase1,lower,-10.0,4,-13.986267701043001,-10.036873823290987,-7.52790821838976,-5.030158168496419,-2.5241035954552697,0.00028749286482330263,lower,0.1
282,phase1,lower,-10.0,4,-13.986267701043001,-10.035718519222524,-7.527910815613192,-5.029369788828156,-2.5214081642190975,0.0002668828713647875,lower,0.1
283,phase1,lower,-10.0,4,-13.986267701043001,-10.034697554277363,-7.5278496841166245,-5.0284101914130845,-2.5190047974252114,0.00024782533346619424,lower,0.1
284,phase1,upper,-15.0,2,-14.101540160700122,-10.034697554277363,-7.5278496841166245,-5.0284101914130845,-2.5190047974252114,0.00016170671422402792,lower,0.1
285,phase1,lower,-10.0,4,-14.101540160700122,-10.033867231218489,-7.527663926432401,-5.0272625251082,-2.516926693824514,0.00014346273565194568,lower,0.1
286,phase1,lower,-10.0,4,-14.101540160700122,-10.033117784277792,-7.527401079455345,-5.026036645172156,-2.5150703637613296,0.00012674268618814689,lower,0.1
287,phase1,lower,-10.0,4,-14.101540160700122,-10.032432045377979,-7.527059528203697,-5.0247615955194185,-2.513413107284536,0.00011143397670376274,lower,0.1
288,phase1,lower,-10.0,4,-14.101540160700122,-10.031794503081517,-7.526640854924531,-5.023461357282786,-2.511934479215869,9.743228127256882e-05,lower,0.1
289,phase1,lower,-10.0,4,-14.101540160700122,-10.031191449212672,-7.526149004623062,-5.022155562805957,-2.510616067603745,8.464137631853405e-05,lower,0.1
290,phase1,lower,-10.0,4,-14.101540160700122,-10.030611027515025,-7.577518624495447,-5.031328994908998,-2.5166768962600963,-0.005506942954831898,lower,0.1
291,phase1,lower,-10.0,4,-14.101540160700122,-10.040258035872416,-7.576354915073967,-5.0322960041499885,-2.5165262222997886,-0.001083890391089863,lower,0.1
292,phase1,lower,-10.0,4,-14.101540160700122,-10.044843225144552,-7.5725799937507015,-5.031079600424737,-2.514925666799788,6.792327313337972e-05,lower,0.1
293,phase1,lower,-10.0,4,-14.101540160700122,-10.047555771059347,-7.568323056905903,-5.029299348679172,-2.513119309924602,0.0003521555000320865,lower,0.1
294,phase1,lower,-10.0,4,-14.101540160700122,-10.049315559693975,-7.564130894143349,-5.027400349566552,-2.5114183820315095,0.0004074826703936253,lower,0.1
295,phase1,lower,-10.0,4,-14.101540160700122,-10.050430358735559,-7.5601329039342975,-5.025512195378141,-2.509888143710563,0.000403437863948227,lower,0.1
296,phase1,lower,-10.0,4,-14.101540160700122,-10.05103751917788,-7.556350146044982,-5.023677830385029,-2.508530291187086,0.0003848757301512008,lower,0.1
297,phase1,lower,-10.0,4,-14.101540160700122,-10.051222393707455,-7.552776970807427,-5.021914843432566,-2.5073312720390857,0.0003635377468727663,lower,0.1
298,phase1,lower,-10.0,4,-14.101540160700122,-10.051050667445267,-7.549402289278856,-5.020232153402271,-2.506274969061656,0.0003423901505459366,lower,0.1
299,phase1,lower,-10.0,4,-14.101540160700122,-10.050577678493134,-7.546214878723025,-5.01863478148438,-2.5509551035193123,-0.007775306702300623,lower,0.1
300,phase1,lower,-10.0,4,-14.101540160700122,-10.057139174548194,-7.548194922179506,-5.025104652177384,-2.54807663985595,-0.0017201059496003332,lower,0.1
301,phase1,lower,-10.0,4,-14.101540160700122,-10.057792844665967,-7.5467563184989785,-5.027894778583901,-2.543541583877376,-0.0001416797218903382,lower,0.1
302,phase1,lower,-10.0,4,-14.101540160700122,-10.056816703798969,-7.544737569633099,-5.02924447436719,-2.5389594589457842,0.0002487994073106081,lower,0.1
303,phase1,lower,-10.0,4,-14.101540160700122,-10.055384870915802,-7.542812608978407,-5.029833093286083,-2.534718983077349,0.0003254716470104639,lower,0.1
304,phase1,lower,-10.0,4,-14.101540160700122,-10.053834720239752,-7.541096504390421,-5.0299131971809645,-2.5308881424319174,0.0003205949751579085,lower,0.1
305,phase1,lower,-10.0,4,-14.101540160700122,-10.052272363177178,-7.539569444574506,-5.0296133419219355,-2.527453090909017,0.00029580323311900183,lower,0.1
306,phase1,lower,-10.0,4,-14.101540160700122,-10.050735848407102,-7.538187030268394,-5.029019936514475,-2.524381326772276,0.0002673791757173913,lower,0.1
307,phase1,lower,-10.0,4,-14.101540160700122,-10.049240325335086,-7.5767627760331795,-5.032731678761212,-2.559286812033547,-0.004391147143014924,lower,0.1
308,phase1,lower,-10.0,4,-14.101540160700122,-10.055944602833609,-7.574931768364196,-5.037085733357064,-2.55449121247928,-0.0008789566523856535,lower,0.1
309,phase1,lower,-10.0,4,-14.101540160700122,-10.058634380373816,-7.571478567839572,-5.038937350332417,-2.5490540550340444,2.6783436815260765e-05,lower,0.1
310,phase1,lower,-10.0,4,-14.101540160700122,-10.059894694027257,-7.567982964711929,-5.039658634650814,-2.5438802493195194,0.00024159438885941098,lower,0.1
311,phase1,upper,-15.0,2,-14.203859546054447,-10.059894694027257,-7.567982964711929,-5.039658634650814,-2.5438802493195194,0.00041966287814650257,lower,0.1
312,phase1,lower,-10.0,4,-14.203859546054447,-10.060325824505393,-7.564825165318368,-5.0398336871302,-2.5391052244725127,0.0004249832723132604,lower,0.1
313,phase1,lower,-10.0,4,-14.203859546054447,-10.060393273641608,-7.562002874805049,-5.039526008606098,-2.5348227626274955,0.00040689166847850784,lower,0.1
314,phase1,lower,-10.0,4,-14.203859546054447,-10.060188031256322,-7.55944972252791,-5.038842813765954,-2.530990389674824,0.0003834284535941855,lower,0.1
315,phase1,lower,-10.0,4,-14.203859546054447,-10.059769114775246,-7.557104995677036,-5.03786785389332,-2.5275638628079706,0.00035929996445148985,lower,0.1
316,phase1,lower,-10.0,4,-14.203859546054447,-10.059179332897418,-7.554919253189018,-5.036669900886229,-2.5245018390451555,0.0003356862011912176,lower,0.1
317,phase1,lower,-10.0,4,-14.203859546054447,-10.058451207345506,-7.552853976069746,-5.035306209470562,-2.5217667753097035,0.00031284556871925855,lower,0.1
318,phase1,lower,-10.0,4,-14.203859546054447,-10.057609923206082,-7.550879936430276,-5.0338244898814555,-2.5193248599384557,0.0002908050270860439,lower,0.1
319,phase1,lower,-10.0,4,-14.203859546054447,-10.056675200004124,-7.548975484202335,-5.032264348807861,-2.517145716953223,0.00026954145289527026,lower,0.1
320,phase1,lower,-10.0,4,-14.203859546054447,-10.05566264111634,-7.5471250309620395,-5.030658469835938,-2.5152020774330968,0.0002490279185831862,lower,0.1
321,phase1,lower,-10.0,4,-14.203859546054447,-10.054584754974186,-7.545317771419546,-5.02903362017038,-2.513469467125269,0.00022924423428649464,lower,0.1
322,phase1,lower,-10.0,4,-14.203859546054447,-10.053451736807865,-7.54354662445335,-5.02741151964766,-2.511925921030523,0.00021017816077567136,lower,0.1
323,phase1,lower,-10.0,4,-14.203859546054447,-10.052272065227715,-7.541807364137428,-5.0258095930245315,-2.5105517256778125,0.00019182431064933338,lower,0.1
324,phase1,lower,-10.0,4,-14.203859546054447,-10.051052953239102,-7.540097911771857,-5.024241621168416,-2.509329187314355,0.00017418259797772256,lower,0.1
325,phase1,lower,-10.0,4,-14.203859546054447,-10.049800684754198,-7.538417763184611,-5.0227183041469425,-2.5082424237417476,0.0001572567239682494,lower,0.1
326,phase1,lower,-10.0,4,-14.203859546054447,-10.048520861545667,-7.536767529116767,-5.021247747448283,-2.5072771775517295,0.00014105282004992013,lower,0.1
327,phase1,lower,-10.0,4,-14.203859546054447,-10.047218580764733,-7.53514856975174,-5.0198358811513755,-2.5064206486658964,0.00012557827152814288,lower,0.1
328,phase1,lower,-10.0,4,-14.203859546054447,-10.045898559219058,-7.533562707295573,-5.0184868206562125,-2.5056613442581273,0.00011084071824967004,lower,0.1
329,phase1,lower,-10.0,4,-14.203859546054447,-10.044565217380285,-7.5320120029745485,-5.017203176527146,-2.504988944309427,9.684722129007786e-05,lower,0.1
330,phase1,lower,-10.0,4,-14.203859546054447,-10.04322273344055,-7.5304985869300465,-5.015986320071916,-2.504394181205475,8.360358258517472e-05,lower,0.1
331,phase1,lower,-10.0,4,-14.203859546054447,-10.041875075565173,-7.529024531302212,-5.014836610459389,-2.5038687319359894,7.111380393317679e-05,lower,0.1
332,phase1,lower,-10.0,4,-14.203859546054447,-10.040526018715337,-7.527591758343933,-5.013753588456864,-2.5034051215921727,5.93796718591058e-05,lower,0.1
333,phase1,lower,-10.0,4,-14.203859546054447,-10.039179150973522,-7.526201976730187,-5.012736141231917,-2.5029966369844883,4.8400455158559535e-05,lower,0.1
334,phase1,lower,-10.0,4,-14.203859546054447,-10.037837873139546,-7.524856640356074,-5.011782642104195,-2.5026372493184335,3.817270241542431e-05,lower,0.1
335,phase1,lower,-10.0,4,-14.203859546054447,-10.036505394429025,-7.523556924876789,-5.010891068640625,-2.502321544971496,2.8690127368146247e-05,lower,0.1
336,phase1,lower,-10.0,4,-14.203859546054447,-10.03518472635917,-7.522303718057808,-5.010059102055203,-2.502044663510733,1.9943570653249727e-05,lower,0.1
337,phase1,lower,-10.0,4,-14.203859546054447,-10.033878676315446,-7.5210976206940705,-5.00928421049502,-2.501802242178029,1.192102715609116e-05,lower,0.1
338,phase1,lower,-10.0,4,-14.203859546054447,-10.032589841828868,-7.5199389554405105,-5.008563718461204,-2.501590366149711,4.607728932847634e-06,lower,0.1
339,phase1,upper,-15.0,2,-14.294853961672445,-10.032589841828868,-7.5199389554405105,-5.008563718461204,-2.501590366149711,-3.164565731043813e-05,lower,0.1
340,phase1,lower,-10.0,4,-14.294853961672445,-10.031353234281612,-7.518775626157261,-5.0078681955830815,-2.5014607524874792,-3.2130369032833845e-05,lower,0.1
341,phase1,lower,-10.0,4,-14.294853961672445,-10.030124390801307,-7.517664479003851,-5.007234618157699,-2.5013466105454274,-3.227559294917087e-05,lower,0.1
342,phase1,lower,-10.0,4,-14.294853961672445,-10.028907447655216,-7.516606058233737,-5.006657753958098,-2.5012458680883234,-3.211785110728174e-05,lower,0.1
343,phase1,lower,-10.0,4,-14.294853961672445,-10.027706214779064,-7.515600343624951,-5.006132708525696,-2.501156698011309,-3.169183683586635e-05,lower,0.1
344,phase1,lower,-10.0,4,-14.294853961672445,-10.026524150316806,-7.5146468412590215,-5.005654917538771,-2.501077493607265,-3.103041443720865e-05,lower,0.1
345,phase1,lower,-10.0,4,-14.294853961672445,-10.025364346784022,-7.513744664471827,-5.0052201372483935,-2.5010068460886963,-3.016462146535457e-05,lower,0.1
346,phase1,lower,-10.0,4,-14.294853961672445,-10.024229526712121,-7.512892605743427,-5.004824433395243,-2.5009435241569395,-2.9123674520073658e-05,lower,0.1
347,phase1,lower,-10.0,4,-14.294853961672445,-10.02312204592232,-7.5120892002619755,-5.004464168962696,-2.5008864554324646,-2.7934979278943828e-05,lower,0.1
348,phase1,lower,-10.0,4,-14.294853961672445,-10.022043902837638,-7.511332781862013,-5.004135991070838,-2.5008347095787706,-2.662414530215109e-05,lower,0.1
349,phase1,lower,-10.0,4,-14.294853961672445,-10.020996752470847,-7.510621532000885,-5.00383681727181,-2.500787482969057,-2.5215005970289945e-05,lower,0.1
350,phase1,lower,-10.0,4,-14.294853961672445,-10.019981923929224,-7.5099535223994565,-5.003563821468271,-2.5007440847597127,-2.3729643761378473e-05,lower,0.1
351,phase1,lower,-10.0,4,-14.294853961672445,-10.019000440455633,-7.509326751935409,-5.003314419643072,-2.5007039242479134,-2.2188420933046193e-05,lower,0.1
352,phase1,lower,-10.0,4,-14.294853961672445,-10.018053041182451,-7.5087391783396855,-5.003086255558859,-2.5006664994024175,-2.0610015557102004e-05,lower,0.1
353,phase1,lower,-10.0,4,-14.294853961672445,-10.017140203912176,-7.508188745209555,-5.002877186560689,-2.5006313864671297,-1.9011462746786603e-05,lower,0.1
354,phase1,lower,-10.0,4,-14.294853961672445,-10.016262168358386,-7.5076734048155425,-5.002685269592411,-2.5005982305463834,-1.7408200829880822e-05,lower,0.1
355,phase1,lower,-10.0,4,-14.294853961672445,-10.01541895938485,-7.507191137144477,-5.002508747518118,-2.5005667370892017,-1.581412214628975e-05,lower,0.1
356,phase1,lower,-10.0,4,-14.294853961672445,-10.014610409870743,-7.506739965587192,-5.002346035823024,-2.50053666419724,-1.424162808921884e-05,lower,0.1
357,phase1,lower,-10.0,4,-14.294853961672445,-10.013836182907669,-7.506317969647212,-5.002195709753394,-2.5005078156877385,-1.2701687962399863e-05,lower,0.1
358,phase1,lower,-10.0,4,-14.294853961672445,-10.013095793100788,-7.505923295016079,-5.0020564919423425,-2.500480034848734,-1.1203901191449594e-05,lower,0.1
359,phase1,lower,-10.0,4,-14.294853961672445,-10.01238862680339,-7.5055541613319345,-5.001927240557205,-2.5004531988290846,-9.756562403158913e-06,lower,0.1
360,phase1,lower,-10.0,4,-14.294853961672445,-10.011713961162405,-7.505208867910531,-5.001806937994561,-2.5004272136105925,-8.366728873372462e-06,lower,0.1
361,phase1,lower,-10.0,4,-14.294853961672445,-10.011070981893205,-7.504885797712043,-5.00169468014066,-2.5004020095138024,-7.04028983824106e-06,lower,0.1
362,phase1,lower,-10.0,4,-14.294853961672445,-10.010458799735943,-7.504583419782865,-5.001589666207812,-2.50037753719286,-5.782037167035737e-06,lower,0.1
363,phase1,lower,-10.0,4,-14.294853961672445,-10.009876465574084,-7.504300290388938,-5.001491189151167,-2.500353764078296,-4.59573690359287e-06,lower,0.1
364,phase1,upper,-15.0,2,-14.375621402094513,-10.009876465574084,-7.504300290388938,-5.001491189151167,-2.500353764078296,0.0002413136997550802,lower,0.1
365,phase1,lower,-10.0,4,-14.375621402094513,-10.00910166572579,-7.5038801300910105,-5.001290180603413,-2.5002547589866406,5.5558654542917485e-05,lower,0.1
366,phase1,lower,-10.0,4,-14.375621402094513,-10.008529509373224,-7.503600757977261,-5.001182711925596,-2.500224338254318,7.399831630003843e-06,lower,0.1
367,phase1,lower,-10.0,4,-14.375621402094513,-10.008029974385162,-7.503369287428588,-5.001103636687715,-2.5002113139331703,-4.268383435980735e-06,lower,0.1
368,phase1,lower,-10.0,4,-14.375621402094513,-10.007567747234598,-7.503160319455847,-5.001035239003279,-2.500202202134333,-6.321180448907e-06,lower,0.1
369,phase1,lower,-10.0,4,-14.375621402094513,-10.007132693519127,-7.502966434034104,-5.000972467061211,-2.5001935355146876,-5.900886935580843e-06,lower,0.1
370,phase1,lower,-10.0,4,-14.375621402094513,-10.006721378368868,-7.502785029944418,-5.000913684732928,-2.500184502695027,-4.903910627478223e-06,lower,0.1
371,phase1,lower,-10.0,4,-14.375621402094513,-10.006332157045987,-7.502614826439872,-5.000858207148944,-2.5001749912655797,-3.831816499276864e-06,lower,0.1
372,phase1,lower,-10.0,4,-14.375621402094513,-10.005963872620226,-7.502454932816031,-5.000805640191554,-2.500165067342884,-2.815106834971848e-06,lower,0.1
373,phase1,lower,-10.0,4,-14.375621402094513,-10.005615512235957,-7.502304600218487,-5.000755700034677,-2.5001548371149824,-1.8854245217844094e-06,lower,0.1
374,phase1,lower,-10.0,4,-14.375621402094513,-10.00528611791628,-7.502163154499505,-5.0007081607727715,-2.5001444100256194,-1.047960734797213e-06,lower,0.1
375,phase1,lower,-10.0,4,-14.375621402094513,-10.004974764739263,-7.502029976958166,-5.000662836542263,-2.5001338890568867,-3.0074570303695247e-07,lower,0.1
376,phase1,lower,-10.0,4,-14.375621402094513,-10.004680556632287,-7.5019044976210605,-5.000619573220547,-2.5001233682814337,3.6018560160564267e-07,lower,0.1
377,phase1,lower,-10.0,4,-14.375621402094513,-10.004402626564124,-7.501786191717572,-5.000578243047192,-2.500112932401166,9.393870989602362e-07,lower,0.1
378,phase1,lower,-10.0,4,-14.375621402094513,-10.00414013763108,-7.5016745769082975,-5.0005387403680075,-2.5001026568577265,1.4415984782907115e-06,lower,0.1
379,phase1,lower,-10.0,4,-14.375621402094513,-10.00389228412017,-7.501569210654864,-5.000500977995416,-2.5000926081298296,1.8716121904208707e-06,lower,0.1
380,phase1,lower,-10.0,4,-14.375621402094513,-10.003658292322667,-7.501469687600573,-5.000464884024132,-2.5000828441075083,2.234215261605549e-06,lower,0.1
381,phase1,lower,-10.0,4,-14.375621402094513,-10.003437421056722,-7.501375636954517,-5.000430399034681,-2.5000734145074937,2.5341536791353512e-06,lower,0.1
382,phase1,lower,-10.0,4,-14.375621402094513,-10.00322896190819,-7.501286719900252,-5.000397473643821,-2.500064361314562,2.7761051792834835e-06,lower,0.1
383,phase1,lower,-10.0,4,-14.375621402094513,-10.003032239212736,-7.501202627053827,-5.000366066369461,-2.5000557192399446,2.9646564380559486e-06,lower,0.1
384,phase1,lower,-10.0,4,-14.375621402094513,-10.002846609806051,-7.5011230759934735,-5.000336141781396,-2.5000475161902243,3.1042834065532982e-06,lower,0.1
385,phase1,lower,-10.0,4,-14.375621402094513,-10.002671462569728,-7.501047808879488,-5.000307668911479,-2.500039773741338,3.1993342916228657e-06,lower,0.1
386,phase1,lower,-10.0,4,-14.375621402094513,-10.002506217799843,-7.500976590179071,-5.000280619898747,-2.5000325076131173,3.2540149070340025e-06,lower,0.1
387,phase1,lower,-10.0,4,-14.375621402094513,-10.002350326424349,-7.500909204507442,-5.000254968846703,-2.500025728140462,3.2723762000618455e-06,lower,0.1
388,phase1,lower,-10.0,4,-14.375621402094513,-10.002203269094078,-7.500845454593467,-5.0002306908715335,-2.5000194407377814,3.2583037928454642e-06,lower,0.1
389,phase1,lower,-10.0,4,-14.375621402094513,-10.002064555170604,-7.500785159375325,-5.000207761321507,-2.5000136463538323,3.215509398837822e-06,lower,0.1
390,phase1,lower,-10.0,4,-14.375621402094513,-10.001933721632616,-7.500728152229411,-5.000186155149228,-2.5000083419145085,3.1475239877403646e-06,lower,0.1
391,phase1,lower,-10.0,4,-14.375621402094513,-10.001810331920707,-7.500674279333601,-5.000165846419724,-2.5000035207515103,3.05769258257933e-06,lower,0.1
392,phase1,lower,-10.0,4,-14.375621402094513,-10.001693974738673,-7.500623398164279,-5.000146807938603,-2.499999173015165,2.949170579425001e-06,lower,0.1
393,phase1,lower,-10.0,4,-14.375621402094513,-10.001584262827713,-7.525966529568846,-4.998224691114492,-2.498665603342217,0.0010403733431925723,lower,0.1
394,phase1,upper,-15.0,2,-14.449312577041102,-10.001584262827713,-7.525966529568846,-4.998224691114492,-2.498665603342217,0.0005109563089150665,lower,0.1
395,phase1,lower,-10.0,4,-14.449312577041102,-10.003562628823802,-7.522887000704561,-4.998063082329745,-2.49866094950938,8.745129041760992e-05,lower,0.1
396,phase1,lower,-10.0,4,-14.449312577041102,-10.005416359850502,-7.520369392337671,-4.998108734898201,-2.498793888814277,-2.135095826244241e-05,lower,0.1
397,phase1,lower,-10.0,4,-14.449312577041102,-10.006930878961654,-7.5181768936648,-4.998211674958839,-2.4989489772808904,-4.673657081999893e-05,lower,0.1
398,phase1,upper,-15.0,2,-14.515328340156403,-10.006930878961654,-7.5181768936648,-4.998211674958839,-2.4989489772808904,-5.024019537064501e-05,lower,0.1
399,phase1,lower,-10.0,4,-14.515328340156403,-10.008100696607801,-7.516223159488381,-4.9983305615816676,-2.499104592875239,-5.130725003604902e-05,lower,0.1
400,phase2,lower,-20.0,4,-14.515328340156403,-10.008959119420892,-8.514477700930682,-4.998451154810593,-2.499242606478605,-4.9663528923659274e-05,lower,0.1
401,phase2,lower,-20.0,4,-14.515328340156403,-10.109555674747902,-9.412917853031562,-4.998570358355966,-2.4993640217854236,-0.30004745847789854,lower,0.1
402,phase2,lower,-20.0,4,-14.515328340156403,-10.559934605206376,-10.41052432755123,-5.130986510020317,-2.619080466533314,-0.371175234298894,lower,0.1
403,phase2,lower,-20.0,4,-14.515328340156403,-11.129051288309865,-11.364234888697654,-5.286863968330934,-2.7661230566881954,-0.3801193531553009,lower,0.1
404,phase2,lower,-20.0,4,-14.515328340156403,-11.744677066188414,-12.240740221238703,-5.437917357479468,-2.913937707599785,-0.3714206675219405,lower,0.1
405,phase2,lower,-20.0,4,-14.515328340156403,-12.37856198246319,-13.03574688777526,-5.577139118864201,-3.0539847526015684,-0.3571285741231386,lower,0.1
406,phase2,lower,-20.0,4,-14.515328340156403,-13.01569618970522,-13.752490677159274,-5.703089790302453,-3.1829647435386197,-0.3406355958125078,lower,0.1
407,phase2,lower,-20.0,4,-14.515328340156403,-13.645947674681883,-14.39600961206069,-5.815756899352348,-3.299342714948899,-0.3230151079469224,lower,0.1
408,phase2,lower,-20.0,4,-14.515328340156403,-14.261667465571994,-14.971613375579249,-5.915479879121507,-3.402356375717589,-0.30470766439540675,lower,0.1
409,phase2,lower,-20.0,4,-14.515328340156403,-14.856898954528585,-15.484473543809028,-6.002682673825923,-3.491694997799027,-0.2859706262175531,upper,0.1
410,phase2,upper,-15.0,2,-14.830988434718146,-14.856898954528585,-15.484473543809028,-6.002682673825923,-3.491694997799027,-0.08470149957200888,upper,0.1
411,phase2,upper,-15.0,2,-14.948280486532955,-14.856898954528585,-15.484473543809028,-6.002682673825923,-3.491694997799027,-0.2669988516896046,lower,0.1
412,phase2,lower,-20.0,4,-14.948280486532955,-15.409955379977273,-15.924342981358699,-6.066159778132436,-3.561512380870481,-0.24795778940313268,upper,0.1
413,phase2,upper,-15.0,2,-15.215842038578943,-15.409955379977273,-15.924342981358699,-6.066159778132436,-3.561512380870481,-0.059546572693526326,upper,0.1
414,phase2,upper,-15.0,2,-15.295464797262884,-15.409955379977273,-15.924342981358699,-6.066159778132436,-3.561512380870481,-0.22899315962207692,upper,0.1
415,phase2,upper,-15.0,2,-15.531088298862608,-15.409955379977273,-15.924342981358699,-6.066159778132436,-3.561512380870481,-0.048120888290296926,lower,0.1
416,phase2,lower,-20.0,4,-15.531088298862608,-15.754702939576681,-16.2404117365664,-6.083617623968252,-3.5923340899894636,-0.19641292817153744,upper,0.1
417,phase2,upper,-15.0,2,-15.718770227383736,-15.754702939576681,-16.2404117365664,-6.083617623968252,-3.5923340899894636,-0.030721539983630766,upper,0.1
418,phase2,lower,-20.0,4,-15.718770227383736,-16.08092320526092,-16.511892496535914,-6.0925419088132875,-3.5032234117360614,0.003423273952404507,upper,0.1
419,phase2,upper,-15.0,2,-15.709995169251401,-16.08092320526092,-16.511892496535914,-6.0925419088132875,-3.5032234117360614,0.01038955358549604,upper,0.1
420,phase2,upper,-15.0,2,-15.690158658113956,-16.08092320526092,-16.511892496535914,-6.0925419088132875,-3.5032234117360614,0.014196462150325901,upper,0.1
421,phase2,upper,-15.0,2,-15.663095869571467,-16.08092320526092,-16.511892496535914,-6.0925419088132875,-3.5032234117360614,-0.16678734910586956,upper,0.1
422,phase2,upper,-15.0,2,-15.807586207635588,-16.08092320526092,-16.511892496535914,-6.0925419088132875,-3.5032234117360614,-0.015760928138520702,upper,0.1
423,phase2,upper,-15.0,2,-15.802145607606903,-16.08092320526092,-16.511892496535914,-6.0925419088132875,-3.5032234117360614,0.001439366600052304,upper,0.1
424,phase2,upper,-15.0,2,-15.77736436409174,-16.08092320526092,-16.511892496535914,-6.0925419088132875,-3.5032234117360614,0.010434115709935542,upper,0.1
425,phase2,upper,-15.0,2,-15.741722028365752,-16.08092320526092,-16.511892496535914,-6.0925419088132875,-3.5032234117360614,0.01484397798688443,upper,0.1
426,phase2,upper,-15.0,2,-15.700228018125172,-16.08092320526092,-16.511892496535914,-6.0925419088132875,-3.5032234117360614,0.016684143669942426,upper,0.1
427,phase2,upper,-15.0,2,-15.655915826679095,-16.08092320526092,-16.511892496535914,-6.0925419088132875,-3.5032234117360614,0.017083135967976008,upper,0.1
428,phase2,upper,-15.0,2,-15.610673132364806,-16.08092320526092,-16.511892496535914,-6.0925419088132875,-3.5032234117360614,0.016678310692506228,upper,0.1
429,phase2,upper,-15.0,2,-15.565706221087051,-16.08092320526092,-16.511892496535914,-6.0925419088132875,-3.5032234117360614,0.01583368653698365,upper,0.1
430,phase2,upper,-15.0,2,-15.52180268941249,-16.08092320526092,-16.511892496535914,-6.0925419088132875,-3.5032234117360614,0.01476011403903708,upper,0.1
431,phase2,upper,-15.0,2,-15.479482544366235,-16.08092320526092,-16.511892496535914,-6.0925419088132875,-3.5032234117360614,-0.1538883244658593,upper,0.1
432,phase2,upper,-15.0,2,-15.602073508339911,-16.08092320526092,-16.511892496535914,-6.0925419088132875,-3.5032234117360614,-0.009857006055786578,upper,0.1
433,phase2,upper,-15.0,2,-15.585127825406483,-16.08092320526092,-16.511892496535914,-6.0925419088132875,-3.5032234117360614,0.0015193510059220662,upper,0.1
434,phase2,upper,-15.0,2,-15.556696554507004,-16.08092320526092,-16.511892496535914,-6.0925419088132875,-3.5032234117360614,0.007067189960162351,upper,0.1
435,phase2,upper,-15.0,2,-15.522704669192892,-16.08092320526092,-16.511892496535914,-6.0925419088132875,-3.5032234117360614,0.009450716483518033,upper,0.1
436,phase2,upper,-15.0,2,-15.486516190783663,-16.08092320526092,-16.511892496535914,-6.0925419088132875,-3.5032234117360614,0.01013749711265332,upper,0.1
437,phase2,upper,-15.0,2,-15.450052832086005,-16.08092320526092,-16.511892496535914,-6.0925419088132875,-3.5032234117360614,0.009936107570887379,upper,0.1
438,phase2,upper,-15.0,2,-15.414414729211135,-16.08092320526092,-16.511892496535914,-6.0925419088132875,-3.5032234117360614,0.009291798633630773,upper,0.1
439,phase2,upper,-15.0,2,-15.3802268191248,-16.08092320526092,-16.511892496535914,-6.0925419088132875,-3.5032234117360614,0.008449184144767261,upper,0.1
440,phase2,upper,-15.0,2,-15.34783376111725,-16.08092320526092,-16.511892496535914,-6.0925419088132875,-3.5032234117360614,0.007541838720729168,upper,0.1
441,phase2,upper,-15.0,2,-15.317410996168764,-16.08092320526092,-16.511892496535914,-6.0925419088132875,-3.5032234117360614,-0.14480686663434322,upper,0.1
442,phase2,upper,-15.0,2,-15.43741904415184,-16.08092320526092,-16.511892496535914,-6.0925419088132875,-3.5032234117360614,-0.006219329473310525,upper,0.1
443,phase2,upper,-15.0,2,-15.423427635810128,-16.08092320526092,-16.511892496535914,-6.0925419088132875,-3.5032234117360614,-0.00010126321626899347,upper,0.1
444,phase2,upper,-15.0,2,-15.403084105079863,-16.08092320526092,-16.511892496535914,-6.0925419088132875,-3.5032234117360614,0.0028204752551101,upper,0.1
445,phase2,upper,-15.0,2,-15.379740047755986,-16.08092320526092,-16.511892496535914,-6.0925419088132875,-3.5032234117360614,0.004028373036606487,upper,0.1
446,phase2,upper,-15.0,2,-15.355300116989538,-16.08092320526092,-16.511892496535914,-6.0925419088132875,-3.5032234117360614,0.004335019231600467,upper,0.1
447,phase2,upper,-15.0,2,-15.33085225922346,-16.08092320526092,-16.511892496535914,-6.0925419088132875,-3.5032234117360614,0.004184649132301028,upper,0.1
448,phase2,upper,-15.0,2,-15.30701802877194,-16.08092320526092,-16.511892496535914,-6.0925419088132875,-3.5032234117360614,0.0038189134463439208,upper,0.1
449,phase2,upper,-15.0,2,-15.284148517829397,-16.08092320526092,-16.511892496535914,-6.0925419088132875,-3.5032234117360614,0.003368037575853568,upper,0.1
450,phase2,upper,-15.0,2,-15.26243494283031,-16.08092320526092,-16.511892496535914,-6.0925419088132875,-3.5032234117360614,0.002900975534024306,upper,0.1
451,phase2,upper,-15.0,2,-15.241971883424961,-16.08092320526092,-16.511892496535914,-6.0925419088132875,-3.5032234117360614,0.0024530220692756885,upper,0.1
452,phase2,upper,-15.0,2,-15.222794108308152,-16.08092320526092,-16.511892496535914,-6.0925419088132875,-3.5032234117360614,0.0020410283679174624,upper,0.1
453,phase2,lower,-20.0,4,-15.222794108308152,-16.372183208857294,-16.83377195395568,-6.205012984961926,-3.444575271872825,-0.002441934837936359,upper,0.1
454,phase2,upper,-15.0,2,-15.208933209153887,-16.372183208857294,-16.83377195395568,-6.205012984961926,-3.444575271872825,-0.0005248552254211062,upper,0.1
455,phase2,upper,-15.0,2,-15.194148383481478,-16.372183208857294,-16.83377195395568,-6.205012984961926,-3.444575271872825,0.0003805058858670486,upper,0.1
456,phase2,upper,-15.0,2,-15.1793890802296,-16.372183208857294,-16.83377195395568,-6.205012984961926,-3.444575271872825,0.0007496390667133641,upper,0.1
457,phase2,upper,-15.0,2,-15.165151391425724,-16.372183208857294,-16.83377195395568,-6.205012984961926,-3.444575271872825,0.0008418877440858304,upper,0.1
458,phase2,upper,-15.0,2,-15.15168057504728,-16.372183208857294,-16.83377195395568,-6.205012984961926,-3.444575271872825,0.0007979329757734862,upper,0.1
459,phase2,lower,-20.0,4,-15.15168057504728,-16.667623943688938,-17.019678819643435,-6.178345186710407,-3.3490471684372003,0.0005681140465899355,upper,0.1
460,phase2,lower,-20.0,4,-15.15168057504728,-16.952318128642453,-17.184628916093054,-6.145017002920554,-3.2633741968588845,0.000326839035105728,upper,0.1
461,phase2,upper,-15.0,2,-15.139507097503074,-16.952318128642453,-17.184628916093054,-6.145017002920554,-3.2633741968588845,0.0002248703135716464,upper,0.1
462,phase2,upper,-15.0,2,-15.128250667907114,-16.952318128642453,-17.184628916093054,-6.145017002920554,-3.2633741968588845,0.00013790167272232013,upper,0.1
463,phase2,upper,-15.0,2,-15.11785746122201,-16.952318128642453,-17.184628916093054,-6.145017002920554,-3.2633741968588845,6.55457514792648e-05,upper,0.1
464,phase2,upper,-15.0,2,-15.108272737196693,-16.952318128642453,-17.184628916093054,-6.145017002920554,-3.2633741968588845,6.668893521798798e-06,upper,0.1
465,phase2,upper,-15.0,2,-15.099442318722081,-16.952318128642453,-17.184628916093054,-6.145017002920554,-3.2633741968588845,-4.0173830779823905e-05,upper,0.1
466,phase2,upper,-15.0,2,-15.091313510806792,-16.952318128642453,-17.184628916093054,-6.145017002920554,-3.2633741968588845,-7.650591997574761e-05,upper,0.1
467,phase2,upper,-15.0,2,-15.083835671118944,-16.952318128642453,-17.184628916093054,-6.145017002920554,-3.2633741968588845,-0.00010380820944994596,upper,0.1
468,phase2,upper,-15.0,2,-15.076960556019268,-16.952318128642453,-17.184628916093054,-6.145017002920554,-3.2633741968588845,-0.00012345901496448072,upper,0.1
469,phase2,upper,-15.0,2,-15.070642516967883,-16.952318128642453,-17.184628916093054,-6.145017002920554,-3.2633741968588845,-0.00013670797916259805,upper,0.1
470,phase2,upper,-15.0,2,-15.064838594168666,-16.952318128642453,-17.184628916093054,-6.145017002920554,-3.2633741968588845,-0.00014466830003100577,upper,0.1
471,phase2,upper,-15.0,2,-15.059508537989338,-16.952318128642453,-17.184628916093054,-6.145017002920554,-3.2633741968588845,-0.00014831883372939833,upper,0.1
472,phase2,lower,-20.0,4,-15.059508537989338,-17.22568269433787,-17.330709250207864,-6.106986382512066,-3.1870915917000295,-0.0001459801533014836,upper,0.1
473,phase2,upper,-15.0,2,-15.054612674107883,-17.22568269433787,-17.330709250207864,-6.106986382512066,-3.1870915917000295,-0.00014135298559128103,upper,0.1
474,phase2,upper,-15.0,2,-15.050116298086701,-17.22568269433787,-17.330709250207864,-6.106986382512066,-3.1870915917000295,-0.00013516170170358558,upper,0.1
475,phase2,upper,-15.0,2,-15.045987273433152,-17.22568269433787,-17.330709250207864,-6.106986382512066,-3.1870915917000295,-0.00012785292495285213,upper,0.1
476,phase2,upper,-15.0,2,-15.042195895494624,-17.22568269433787,-17.330709250207864,-6.106986382512066,-3.1870915917000295,-0.12345589857443083,upper,0.1
477,phase2,upper,-15.0,2,-15.160806342295134,-17.22568269433787,-17.330709250207864,-6.106986382512066,-3.1870915917000295,0.0018188245681334952,upper,0.1
478,phase2,upper,-15.0,2,-15.157031526671252,-17.22568269433787,-17.330709250207864,-6.106986382512066,-3.1870915917000295,0.0008340739471719117,upper,0.1
479,phase2,upper,-15.0,2,-15.153011122035256,-17.22568269433787,-17.330709250207864,-6.106986382512066,-3.1870915917000295,0.000308264982634982,upper,0.1
480,phase2,upper,-15.0,2,-15.148571523202246,-17.22568269433787,-17.330709250207864,-6.106986382512066,-3.1870915917000295,3.404266038393715e-05,upper,0.1
481,phase2,upper,-15.0,2,-15.14369210194214,-17.22568269433787,-17.330709250207864,-6.106986382512066,-3.1870915917000295,-0.0001026558921607728,upper,0.1
482,phase2,upper,-15.0,2,-15.138424290253566,-17.22568269433787,-17.330709250207864,-6.106986382512066,-3.1870915917000295,-0.0001645975764095719,upper,0.1
483,phase2,upper,-15.0,2,-15.13284877526563,-17.22568269433787,-17.330709250207864,-6.106986382512066,-3.1870915917000295,-0.00018633223288092962,upper,0.1
484,phase2,upper,-15.0,2,-15.127053419520692,-17.22568269433787,-17.330709250207864,-6.106986382512066,-3.1870915917000295,-0.00018687807454404148,upper,0.1
485,phase2,upper,-15.0,2,-15.121122381614798,-17.22568269433787,-17.330709250207864,-6.106986382512066,-3.1870915917000295,-0.00017669641125297094,upper,0.1
486,phase2,upper,-15.0,2,-15.11513122762567,-17.22568269433787,-17.330709250207864,-6.106986382512066,-3.1870915917000295,-0.00016152830550495925,upper,0.1
487,phase2,upper,-15.0,2,-15.109145191677017,-17.22568269433787,-17.330709250207864,-6.106986382512066,-3.1870915917000295,-0.00014450656256464575,upper,0.1
488,phase2,upper,-15.0,2,-15.10321904234304,-17.22568269433787,-17.330709250207864,-6.106986382512066,-3.1870915917000295,-0.00012731960757206853,upper,0.1
489,phase2,upper,-15.0,2,-15.097397722674083,-17.22568269433787,-17.330709250207864,-6.106986382512066,-3.1870915917000295,-0.00011085393317386441,upper,0.1
490,phase2,upper,-15.0,2,-15.091717320338876,-17.22568269433787,-17.330709250207864,-6.106986382512066,-3.1870915917000295,-9.554958980570241e-05,upper,0.1
491,phase2,upper,-15.0,2,-15.086206136233692,-17.22568269433787,-17.330709250207864,-6.106986382512066,-3.1870915917000295,-8.159759106883221e-05,upper,0.1
492,phase2,upper,-15.0,2,-15.080885734810138,-17.22568269433787,-17.330709250207864,-6.106986382512066,-3.1870915917000295,-6.905008853637144e-05,upper,0.1
493,phase2,lower,-20.0,4,-15.080885734810138,-17.48624749500455,-17.458411428854436,-6.065048997493697,-3.2245528263158807,-0.11114518626544698,upper,0.1
494,phase2,upper,-15.0,2,-15.175740443753005,-17.48624749500455,-17.458411428854436,-6.065048997493697,-3.2245528263158807,0.006234428914055727,upper,0.1
495,phase2,upper,-15.0,2,-15.157772116703546,-17.48624749500455,-17.458411428854436,-6.065048997493697,-3.2245528263158807,0.0030352048972853186,upper,0.1
496,phase2,upper,-15.0,2,-15.14356830431275,-17.48624749500455,-17.458411428854436,-6.065048997493697,-3.2245528263158807,0.00131678410863163,upper,0.1
497,phase2,upper,-15.0,2,-15.131716863958358,-17.48624749500455,-17.458411428854436,-6.065048997493697,-3.2245528263158807,0.00040982582247193187,upper,0.1
498,phase2,upper,-15.0,2,-15.121424687560246,-17.48624749500455,-17.458411428854436,-6.065048997493697,-3.2245528263158807,-5.361673266825808e-05,upper,0.1
499,phase2,upper,-15.0,2,-15.112239705096831,-17.48624749500455,-17.458411428854436,-6.065048997493697,-3.2245528263158807,-0.0991790404196779,upper,0.1
500,phase2,upper,-15.0,2,-15.202994243772814,-17.48624749500455,-17.458411428854436,-6.065048997493697,-3.2245528263158807,0.010211942820013562,upper,0.1
501,phase2,upper,-15.0,2,-15.18679407619302,-17.48624749500455,-17.458411428854436,-6.065048997493697,-3.2245528263158807,0.004754300750009795,upper,0.1
502,phase2,upper,-15.0,2,-15.175165922168908,-17.48624749500455,-17.458411428854436,-6.065048997493697,-3.2245528263158807,0.0018445479436117198,upper,0.1
503,phase2,upper,-15.0,2,-15.165907206555179,-17.48624749500455,-17.458411428854436,-6.065048997493697,-3.2245528263158807,0.00032943693404720266,upper,0.1
504,phase2,upper,-15.0,2,-15.157855255015814,-17.48624749500455,-17.458411428854436,-6.065048997493697,-3.2245528263158807,-0.00042500728670874223,upper,0.1
505,phase2,upper,-15.0,2,-15.150411410623777,-17.48624749500455,-17.458411428854436,-6.065048997493697,-3.2245528263158807,-0.0007672994137262284,upper,0.1
506,phase2,upper,-15.0,2,-15.143280550995506,-17.48624749500455,-17.458411428854436,-6.065048997493697,-3.2245528263158807,-0.0008889788171691657,upper,0.1
507,phase2,upper,-15.0,2,-15.136328814293558,-17.48624749500455,-17.458411428854436,-6.065048997493697,-3.2245528263158807,-0.0008952262796472926,upper,0.1
508,phase2,upper,-15.0,2,-15.129506157961284,-17.48624749500455,-17.458411428854436,-6.065048997493697,-3.2245528263158807,-0.0008436853285755268,upper,0.1
509,phase2,upper,-15.0,2,-15.12280444216056,-17.48624749500455,-17.458411428854436,-6.065048997493697,-3.2245528263158807,-0.000765812195677363,upper,0.1
510,phase2,upper,-15.0,2,-15.116234949825365,-17.48624749500455,-17.458411428854436,-6.065048997493697,-3.2245528263158807,-0.0006786240005264654,upper,0.1
511,phase2,upper,-15.0,2,-15.109816515915647,-17.48624749500455,-17.458411428854436,-6.065048997493697,-3.2245528263158807,-0.0005911688722481561,upper,0.1
512,phase2,upper,-15.0,2,-15.103569425601085,-17.48624749500455,-17.458411428854436,-6.065048997493697,-3.2245528263158807,-0.0005080937013259893,upper,0.1
513,phase2,upper,-15.0,2,-15.09751243013681,-17.48624749500455,-17.458411428854436,-6.065048997493697,-3.2245528263158807,-0.0004316150024099407,upper,0.1
514,phase2,upper,-15.0,2,-15.091661430616945,-17.48624749500455,-17.458411428854436,-6.065048997493697,-3.2245528263158807,-0.0003626103986314011,upper,0.1
515,phase2,upper,-15.0,2,-15.086029038838593,-17.48624749500455,-17.458411428854436,-6.065048997493697,-3.2245528263158807,-0.0003012251954789127,upper,0.1
516,phase2,upper,-15.0,2,-15.08062458574519,-17.48624749500455,-17.458411428854436,-6.065048997493697,-3.2245528263158807,-0.0002472110137841613,upper,0.1
517,phase2,upper,-15.0,2,-15.075454345677079,-17.48624749500455,-17.458411428854436,-6.065048997493697,-3.2245528263158807,-0.00020011591147940896,upper,0.1
518,phase2,upper,-15.0,2,-15.070521852715814,-17.48624749500455,-17.458411428854436,-6.065048997493697,-3.2245528263158807,-0.00015939181228504903,upper,0.1
519,phase2,upper,-15.0,2,-15.065828244280812,-17.48624749500455,-17.458411428854436,-6.065048997493697,-3.2245528263158807,-0.00012445558266634626,upper,0.1
520,phase2,upper,-15.0,2,-15.0613725990641,-17.48624749500455,-17.458411428854436,-6.065048997493697,-3.2245528263158807,-9.472388228978982e-05,upper,0.1
521,phase2,upper,-15.0,2,-15.057152253577625,-17.48624749500455,-17.458411428854436,-6.065048997493697,-3.2245528263158807,-6.963298401816736e-05,upper,0.1
522,phase2,upper,-15.0,2,-15.053163090733253,-17.48624749500455,-17.458411428854436,-6.065048997493697,-3.2245528263158807,-4.8649835365699426e-05,upper,0.1
523,phase2,upper,-15.0,2,-15.04939979864712,-17.48624749500455,-17.458411428854436,-6.065048997493697,-3.2245528263158807,-3.127791128576483e-05,upper,0.1
524,phase2,upper,-15.0,2,-15.045856100266134,-17.48624749500455,-17.458411428854436,-6.065048997493697,-3.2245528263158807,-1.7059897597134546e-05,upper,0.1
525,phase2,upper,-15.0,2,-15.042524955551993,-17.48624749500455,-17.458411428854436,-6.065048997493697,-3.2245528263158807,-5.578400971468017e-06,upper,0.1
526,phase2,upper,-15.0,2,-15.039398738424623,-17.48624749500455,-17.458411428854436,-6.065048997493697,-3.2245528263158807,3.5445939191596195e-06,upper,0.1
527,phase2,upper,-15.0,2,-15.036469390786602,-17.48624749500455,-17.458411428854436,-6.065048997493697,-3.2245528263158807,1.0649071199405928e-05,upper,0.1
528,phase2,upper,-15.0,2,-15.033728555897039,-17.48624749500455,-17.458411428854436,-6.065048997493697,-3.2245528263158807,1.60388441709208e-05,upper,0.1
529,phase2,upper,-15.0,2,-15.031167693230575,-17.48624749500455,-17.458411428854436,-6.065048997493697,-3.2245528263158807,1.9983734081584285e-05,upper,0.1
530,phase2,upper,-15.0,2,-15.028778176793262,-17.48624749500455,-17.458411428854436,-6.065048997493697,-3.2245528263158807,2.2721931361663578e-05,upper,0.1
531,phase2,lower,-20.0,4,-15.028778176793262,-17.733443438651314,-17.56907711179441,-6.030977364178136,-3.152095016851255,2.5387547879417398e-05,upper,0.1
532,phase2,upper,-15.0,2,-15.026548979641646,-17.733443438651314,-17.56907711179441,-6.030977364178136,-3.152095016851255,2.5655229319991304e-05,upper,0.1
533,phase2,upper,-15.0,2,-15.024474716370971,-17.733443438651314,-17.56907711179441,-6.030977364178136,-3.152095016851255,2.5401510837195342e-05,upper,0.1
534,phase2,upper,-15.0,2,-15.022546876846766,-17.733443438651314,-17.56907711179441,-6.030977364178136,-3.152095016851255,2.4742703395018912e-05,upper,0.1
535,phase2,upper,-15.0,2,-15.020757117215776,-17.733443438651314,-17.56907711179441,-6.030977364178136,-3.152095016851255,2.3777523608304538e-05,upper,0.1
536,phase2,upper,-15.0,2,-15.019097305251396,-17.733443438651314,-17.56907711179441,-6.030977364178136,-3.152095016851255,2.258907762739675e-05,upper,0.1
537,phase2,upper,-15.0,2,-15.017559556231998,-17.733443438651314,-17.56907711179441,-6.030977364178136,-3.152095016851255,2.124670256535571e-05,upper,0.1
538,phase2,upper,-15.0,2,-15.016136260615621,-17.733443438651314,-17.56907711179441,-6.030977364178136,-3.152095016851255,1.9807662556131865e-05,upper,0.1
539,phase2,upper,-15.0,2,-15.014820104634694,-17.733443438651314,-17.56907711179441,-6.030977364178136,-3.152095016851255,1.8318699844519335e-05,upper,0.1
540,phase2,upper,-15.0,2,-15.013604084808875,-17.733443438651314,-17.56907711179441,-6.030977364178136,-3.152095016851255,1.6817443876769584e-05,upper,0.1
541,phase2,upper,-15.0,2,-15.012481517261305,-17.733443438651314,-17.56907711179441,-6.030977364178136,-3.152095016851255,1.5333683310310692e-05,upper,0.1
542,phase2,upper,-15.0,2,-15.011446042622106,-17.733443438651314,-17.56907711179441,-6.030977364178136,-3.152095016851255,-0.08754880292413733,upper,0.1
543,phase2,upper,-15.0,2,-15.098842564083908,-17.733443438651314,-17.56907711179441,-6.030977364178136,-3.152095016851255,0.013789261969998648,upper,0.1
544,phase2,upper,-15.0,2,-15.08646029005015,-17.733443438651314,-17.56907711179441,-6.030977364178136,-3.152095016851255,0.006763115367773798,upper,0.1
545,phase2,upper,-15.0,2,-15.07977964671176,-17.733443438651314,-17.56907711179441,-6.030977364178136,-3.152095016851255,0.0029812000870282937,upper,0.1
546,phase2,upper,-15.0,2,-15.075949342676115,-17.733443438651314,-17.56907711179441,-6.030977364178136,-3.152095016851255,0.0009781206636275438,upper,0.1
547,phase2,upper,-15.0,2,-15.0734503140914,-17.733443438651314,-17.56907711179441,-6.030977364178136,-3.152095016851255,-5.177474988211331e-05,upper,0.1
548,phase2,upper,-15.0,2,-15.071489391808164,-17.733443438651314,-17.56907711179441,-6.030977364178136,-3.152095016851255,-0.0005514924409720915,upper,0.1
549,phase2,upper,-15.0,2,-15.069666914128993,-17.733443438651314,-17.56907711179441,-6.030977364178136,-3.152095016851255,-0.0007646452988051988,upper,0.1
550,phase2,upper,-15.0,2,-15.067794744470604,-17.733443438651314,-17.56907711179441,-6.030977364178136,-3.152095016851255,-0.0008251697560437604,upper,0.1
551,phase2,upper,-15.0,2,-15.065796838380667,-17.733443438651314,-17.56907711179441,-6.030977364178136,-3.152095016851255,-0.0008066406244656187,upper,0.1
552,phase2,upper,-15.0,2,-15.063655093716587,-17.733443438651314,-17.56907711179441,-6.030977364178136,-3.152095016851255,-0.0007493864780530614,upper,0.1
553,phase2,upper,-15.0,2,-15.061380020737394,-17.733443438651314,-17.56907711179441,-6.030977364178136,-3.152095016851255,-0.0006754059206142949,upper,0.1
554,phase2,upper,-15.0,2,-15.058994998299708,-17.733443438651314,-17.56907711179441,-6.030977364178136,-3.152095016851255,-0.0005965789723296984,upper,0.1
555,phase2,upper,-15.0,2,-15.056527951408913,-17.733443438651314,-17.56907711179441,-6.030977364178136,-3.152095016851255,-0.0005191922814178467,upper,0.1
556,phase2,upper,-15.0,2,-15.05400706907503,-17.733443438651314,-17.56907711179441,-6.030977364178136,-3.152095016851255,-0.00044643686768353763,upper,0.1
557,phase2,upper,-15.0,2,-15.051458709798613,-17.733443438651314,-17.56907711179441,-6.030977364178136,-3.152095016851255,-0.0003797899392550342,upper,0.1
558,phase2,upper,-15.0,2,-15.04890648090585,-17.733443438651314,-17.56907711179441,-6.030977364178136,-3.152095016851255,-0.00031978182918923387,upper,0.1
559,phase2,upper,-15.0,2,-15.04637093819385,-17.733443438651314,-17.56907711179441,-6.030977364178136,-3.152095016851255,-0.0002664235604469551,upper,0.1
560,phase2,upper,-15.0,2,-15.04386960467549,-17.733443438651314,-17.56907711179441,-6.030977364178136,-3.152095016851255,-0.07650708330038006,upper,0.1
561,phase2,upper,-15.0,2,-15.119029701986557,-17.733443438651314,-17.56907711179441,-6.030977364178136,-3.152095016851255,0.016873969973157925,upper,0.1
562,phase2,upper,-15.0,2,-15.102057694420235,-17.733443438651314,-17.56907711179441,-6.030977364178136,-3.152095016851255,0.008179346211940964,upper,0.1
563,phase2,upper,-15.0,2,-15.092547068698671,-17.733443438651314,-17.56907711179441,-6.030977364178136,-3.152095016851255,0.003515830605062965,upper,0.1
564,phase2,upper,-15.0,2,-15.086888671668701,-17.733443438651314,-17.56907711179441,-6.030977364178136,-3.152095016851255,0.0010603363517366728,upper,0.1
565,phase2,upper,-15.0,2,-15.083140284936169,-17.733443438651314,-17.56907711179441,-6.030977364178136,-3.152095016851255,-0.00018920526696267442,upper,0.1
566,phase2,upper,-15.0,2,-15.080270804114672,-17.733443438651314,-17.56907711179441,-6.030977364178136,-3.152095016851255,-0.000783582741438695,upper,0.1
567,phase2,upper,-15.0,2,-15.077745502365179,-17.733443438651314,-17.56907711179441,-6.030977364178136,-3.152095016851255,-0.06603447673948185,upper,0.1
568,phase2,upper,-15.0,2,-15.14214060229616,-17.733443438651314,-17.56907711179441,-6.030977364178136,-3.152095016851255,0.019511099256013166,upper,0.1
569,phase2,upper,-15.0,2,-15.121740758563364,-17.733443438651314,-17.56907711179441,-6.030977364178136,-3.152095016851255,0.008918921905728787,upper,0.1
570,phase2,upper,-15.0,2,-15.110585711465987,-17.733443438651314,-17.56907711179441,-6.030977364178136,-3.152095016851255,0.003293021450197699,upper,0.1
571,phase2,upper,-15.0,2,-15.104195949720484,-17.733443438651314,-17.56907711179441,-6.030977364178136,-3.152095016851255,0.00038311517888254014,upper,0.1
572,phase2,upper,-15.0,2,-15.100154957431153,-17.733443438651314,-17.56907711179441,-6.030977364178136,-3.152095016851255,-0.0010476584925505304,upper,0.1
573,phase2,upper,-15.0,2,-15.097175541951554,-17.733443438651314,-17.56907711179441,-6.030977364178136,-3.152095016851255,-0.0016790520575440588,upper,0.1
574,phase2,upper,-15.0,2,-15.094587186956003,-17.733443438651314,-17.56907711179441,-6.030977364178136,-3.152095016851255,-0.0018844658937673029,upper,0.1
575,phase2,upper,-15.0,2,-15.092054673629907,-17.733443438651314,-17.56907711179441,-6.030977364178136,-3.152095016851255,-0.0018687695618163672,upper,0.1
576,phase2,upper,-15.0,2,-15.089423731209273,-17.733443438651314,-17.56907711179441,-6.030977364178136,-3.152095016851255,-0.0017440705341449849,upper,0.1
577,phase2,upper,-15.0,2,-15.086636457012828,-17.733443438651314,-17.56907711179441,-6.030977364178136,-3.152095016851255,-0.001571384879993685,upper,0.1
578,phase2,upper,-15.0,2,-15.083685053191166,-17.733443438651314,-17.56907711179441,-6.030977364178136,-3.152095016851255,-0.001383568165147979,upper,0.1
579,phase2,upper,-15.0,2,-15.080586603755352,-17.733443438651314,-17.56907711179441,-6.030977364178136,-3.152095016851255,-0.001197944783468111,upper,0.1
580,phase2,upper,-15.0,2,-15.077369402532682,-17.733443438651314,-17.56907711179441,-6.030977364178136,-3.152095016851255,-0.0010232722228279655,upper,0.1
581,phase2,upper,-15.0,2,-15.07406561997466,-17.733443438651314,-17.56907711179441,-6.030977364178136,-3.152095016851255,-0.0008635881596136584,upper,0.1
582,phase2,upper,-15.0,2,-15.070707446036169,-17.733443438651314,-17.56907711179441,-6.030977364178136,-3.152095016851255,-0.0007203407925998858,upper,0.1
583,phase2,upper,-15.0,2,-15.067325136618244,-17.733443438651314,-17.56907711179441,-6.030977364178136,-3.152095016851255,-0.0005935723693560747,upper,0.1
584,phase2,upper,-15.0,2,-15.063946099666827,-17.733443438651314,-17.56907711179441,-6.030977364178136,-3.152095016851255,-0.0004825794408676586,upper,0.1
585,phase2,upper,-15.0,2,-15.06059454615825,-17.733443438651314,-17.56907711179441,-6.030977364178136,-3.152095016851255,-0.0003862830087905853,upper,0.1
586,phase2,upper,-15.0,2,-15.057291444907822,-17.733443438651314,-17.56907711179441,-6.030977364178136,-3.152095016851255,-0.0003034370893115847,upper,0.1
587,phase2,upper,-15.0,2,-15.05405463751725,-17.733443438651314,-17.56907711179441,-6.030977364178136,-3.152095016851255,-0.0002327466791628003,upper,0.1
588,phase2,upper,-15.0,2,-15.050899034274114,-17.733443438651314,-17.56907711179441,-6.030977364178136,-3.152095016851255,-0.00017293445157901853,upper,0.1
589,phase2,upper,-15.0,2,-15.047836847287657,-17.733443438651314,-17.56907711179441,-6.030977364178136,-3.152095016851255,-0.000122778074519689,upper,0.1
590,phase2,lower,-20.0,4,-15.047836847287657,-17.96711730623269,-17.66550443325758,-5.993162146828346,-3.0870746932616373,-4.6929657522556744e-05,upper,0.1
591,phase2,upper,-15.0,2,-15.044809573110514,-17.96711730623269,-17.66550443325758,-5.993162146828346,-3.0870746932616373,-1.920311815163824e-05,upper,0.1
592,phase2,upper,-15.0,2,-15.041903449335736,-17.96711730623269,-17.66550443325758,-5.993162146828346,-3.0870746932616373,2.9325305666785145e-06,upper,0.1
593,phase2,upper,-15.0,2,-15.039123547132906,-17.96711730623269,-17.66550443325758,-5.993162146828346,-3.0870746932616373,2.0273571551852396e-05,upper,0.1
594,phase2,upper,-15.0,2,-15.03647304579314,-17.96711730623269,-17.66550443325758,-5.993162146828346,-3.0870746932616373,3.353298883907561e-05,upper,0.1
595,phase2,upper,-15.0,2,-15.033953500050266,-17.96711730623269,-17.66550443325758,-5.993162146828346,-3.0870746932616373,4.334514852435082e-05,upper,0.1
596,phase2,upper,-15.0,2,-15.031565080991369,-17.96711730623269,-17.66550443325758,-5.993162146828346,-3.0870746932616373,5.027102122526343e-05,upper,0.1
597,phase2,upper,-15.0,2,-15.02930679229837,-17.96711730623269,-17.66550443325758,-5.993162146828346,-3.0870746932616373,5.480368035076012e-05,upper,0.1
598,phase2,upper,-15.0,2,-15.027176663563264,-17.96711730623269,-17.66550443325758,-5.993162146828346,-3.0870746932616373,-0.055383006861213196,upper,0.1
599,phase2,upper,-15.0,2,-15.082830530253693,-17.96711730623269,-17.66550443325758,-5.993162146828346,-3.0870746932616373,0.022099897816658057,upper,0.1
600,phase2,upper,-15.0,2,-15.061663020245167,-17.96711730623269,-17.66550443325758,-5.993162146828346,-3.0870746932616373,0.010859470014090128,upper,0.1
601,phase2,upper,-15.0,2,-15.050638935474415,-17.96711730623269,-17.66550443325758,-5.993162146828346,-3.0870746932616373,0.004809734766472056,upper,0.1
602,phase2,upper,-15.0,2,-15.0450048170059,-17.96711730623269,-17.66550443325758,-5.993162146828346,-3.0870746932616373,0.0016056373258248097,upper,0.1
603,phase2,upper,-15.0,2,-15.042167319203202,-17.96711730623269,-17.66550443325758,-5.993162146828346,-3.0870746932616373,-4.200098169005416e-05,upper,0.1
604,phase2,upper,-15.0,2,-15.040719079806387,-17.96711730623269,-17.66550443325758,-5.993162146828346,-3.0870746932616373,-0.0008419827263719325,upper,0.1
605,phase2,upper,-15.0,2,-15.039903502153782,-17.96711730623269,-17.66550443325758,-5.993162146828346,-3.0870746932616373,-0.0011840149063157839,upper,0.1
606,phase2,upper,-15.0,2,-15.039320667231566,-17.96711730623269,-17.66550443325758,-5.993162146828346,-3.0870746932616373,-0.0012822969659889716,upper,0.1
607,phase2,upper,-15.0,2,-15.038765723578322,-17.96711730623269,-17.66550443325758,-5.993162146828346,-3.0870746932616373,-0.0012544456846365671,upper,0.1
608,phase2,upper,-15.0,2,-15.038140067040224,-17.96711730623269,-17.66550443325758,-5.993162146828346,-3.0870746932616373,-0.0011648901917498298,upper,0.1
609,phase2,upper,-15.0,2,-15.037402520573687,-17.96711730623269,-17.66550443325758,-5.993162146828346,-3.0870746932616373,-0.0010487425985869902,upper,0.1
610,phase2,upper,-15.0,2,-15.03654250054171,-17.96711730623269,-17.66550443325758,-5.993162146828346,-3.0870746932616373,-0.0009249377373876629,upper,0.1
611,phase2,upper,-15.0,2,-15.03556527300195,-17.96711730623269,-17.66550443325758,-5.993162146828346,-3.0870746932616373,-0.0008034734267081718,upper,0.1
612,phase2,upper,-15.0,2,-15.034483862355195,-17.96711730623269,-17.66550443325758,-5.993162146828346,-3.0870746932616373,-0.0006894060065777238,upper,0.1
613,phase2,upper,-15.0,2,-15.033314624038145,-17.96711730623269,-17.66550443325758,-5.993162146828346,-3.0870746932616373,-0.0005850600506052796,upper,0.1
614,phase2,upper,-15.0,2,-15.032074838376996,-17.96711730623269,-17.66550443325758,-5.993162146828346,-3.0870746932616373,-0.0004912541660618539,upper,0.1
615,phase2,upper,-15.0,2,-15.030781421792138,-17.96711730623269,-17.66550443325758,-5.993162146828346,-3.0870746932616373,-0.00040798381919525736,upper,0.1
616,phase2,upper,-15.0,2,-15.029450257563525,-17.96711730623269,-17.66550443325758,-5.993162146828346,-3.0870746932616373,-0.00033480377592165023,upper,0.1
617,phase2,upper,-15.0,2,-15.028095871459895,-17.96711730623269,-17.66550443325758,-5.993162146828346,-3.0870746932616373,-0.0002710437447746629,upper,0.1
618,phase2,upper,-15.0,2,-15.026731300166281,-17.96711730623269,-17.66550443325758,-5.993162146828346,-3.0870746932616373,-0.00021593089067556526,upper,0.1
619,phase2,upper,-15.0,2,-15.025368067905614,-17.96711730623269,-17.66550443325758,-5.993162146828346,-3.0870746932616373,-0.00016865993794797627,upper,0.1
620,phase2,upper,-15.0,2,-15.024016223815876,-17.96711730623269,-17.66550443325758,-5.993162146828346,-3.0870746932616373,-0.00012843344887484022,upper,0.1
621,phase2,upper,-15.0,2,-15.02268441317292,-17.96711730623269,-17.66550443325758,-5.993162146828346,-3.0870746932616373,-9.44848750851951e-05,upper,0.1
622,phase2,upper,-15.0,2,-15.021379966939442,-17.96711730623269,-17.66550443325758,-5.993162146828346,-3.0870746932616373,-6.609146614438497e-05,upper,0.1
623,phase2,upper,-15.0,2,-15.020109000488691,-17.96711730623269,-17.66550443325758,-5.993162146828346,-3.0870746932616373,-4.2581068280302654e-05,upper,0.1
624,phase2,upper,-15.0,2,-15.018876515955641,-17.96711730623269,-17.66550443325758,-5.993162146828346,-3.0870746932616373,-2.3335149328602753e-05,upper,0.1
625,phase2,upper,-15.0,2,-15.017686504747497,-17.96711730623269,-17.66550443325758,-5.993162146828346,-3.0870746932616373,-7.789435509271105e-06,upper,0.1
626,phase2,upper,-15.0,2,-15.016542047978769,-17.96711730623269,-17.66550443325758,-5.993162146828346,-3.0870746932616373,4.5669927233644465e-06,upper,0.1
627,phase2,upper,-15.0,2,-15.01544541335632,-17.96711730623269,-17.66550443325758,-5.993162146828346,-3.0870746932616373,1.419360857014916e-05,upper,0.1
628,phase2,upper,-15.0,2,-15.014398147530992,-17.96711730623269,-17.66550443325758,-5.993162146828346,-3.0870746932616373,2.1500996192504025e-05,upper,0.1
629,phase2,upper,-15.0,2,-15.01340116326697,-17.96711730623269,-17.66550443325758,-5.993162146828346,-3.0870746932616373,2.6853814484004982e-05,upper,0.1
630,phase2,upper,-15.0,2,-15.012454821019816,-17.96711730623269,-17.66550443325758,-5.993162146828346,-3.0870746932616373,3.05739949941915e-05,upper,0.1
631,phase2,upper,-15.0,2,-15.011559004693451,-17.96711730623269,-17.66550443325758,-5.993162146828346,-3.0870746932616373,3.2944048621517885e-05,upper,0.1
632,phase2,upper,-15.0,2,-15.010713191484848,-17.96711730623269,-17.66550443325758,-5.993162146828346,-3.0870746932616373,3.421038841848397e-05,upper,0.1
633,phase2,upper,-15.0,2,-15.00991651583398,-17.96711730623269,-17.66550443325758,-5.993162146828346,-3.0870746932616373,3.458659971262652e-05,upper,0.1
634,phase2,upper,-15.0,2,-15.009167827582546,-17.96711730623269,-17.66550443325758,-5.993162146828346,-3.0870746932616373,3.4256606803933536e-05,upper,0.1
635,phase2,upper,-15.0,2,-15.008465744512604,-17.96711730623269,-17.66550443325758,-5.993162146828346,-3.0870746932616373,3.3377699540061785e-05,upper,0.1
636,phase2,upper,-15.0,2,-15.007808699488544,-17.96711730623269,-17.66550443325758,-5.993162146828346,-3.0870746932616373,3.208339418050571e-05,upper,0.1
637,phase2,upper,-15.0,2,-15.007194982465254,-17.96711730623269,-17.66550443325758,-5.993162146828346,-3.0870746932616373,3.048611183457696e-05,upper,0.1
638,phase2,upper,-15.0,2,-15.006622777653616,-17.96711730623269,-17.66550443325758,-5.993162146828346,-3.0870746932616373,2.867966485312984e-05,upper,0.1
639,phase2,upper,-15.0,2,-15.006090196153448,-17.96711730623269,-17.66550443325758,-5.993162146828346,-3.0870746932616373,2.674154720836263e-05,upper,0.1
640,phase2,upper,-15.0,2,-15.005595304374935,-17.96711730623269,-17.66550443325758,-5.993162146828346,-3.0870746932616373,-0.04568463585153934,upper,0.1
641,phase2,upper,-15.0,2,-15.05342830775775,-17.96711730623269,-17.66550443325758,-5.993162146828346,-3.0870746932616373,0.02409782552732026,upper,0.1
642,phase2,upper,-15.0,2,-15.031777525173819,-17.96711730623269,-17.66550443325758,-5.993162146828346,-3.0870746932616373,0.01181956617960992,upper,0.1
643,phase2,upper,-15.0,2,-15.021286027310246,-17.96711730623269,-17.66550443325758,-5.993162146828346,-3.0870746932616373,0.005210751791767771,upper,0.1
644,phase2,upper,-15.0,2,-15.01673200873502,-17.96711730623269,-17.66550443325758,-5.993162146828346,-3.0870746932616373,0.0017105003282295139,upper,0.1
645,phase2,upper,-15.0,2,-15.015257684085979,-17.96711730623269,-17.66550443325758,-5.993162146828346,-3.0870746932616373,-8.911556540739545e-05,upper,0.1
646,phase2,upper,-15.0,2,-15.015304890780815,-17.96711730623269,-17.66550443325758,-5.993162146828346,-3.0870746932616373,-0.0009622719415177949,upper,0.1
647,phase2,upper,-15.0,2,-15.016030032223595,-17.96711730623269,-17.66550443325758,-5.993162146828346,-3.0870746932616373,-0.0013346901070090797,upper,0.1
648,phase2,upper,-15.0,2,-15.016982392132743,-17.96711730623269,-17.66550443325758,-5.993162146828346,-3.0870746932616373,-0.0014404242757741232,upper,0.1
649,phase2,upper,-15.0,2,-15.017927173364217,-17.96711730623269,-17.66550443325758,-5.993162146828346,-3.0870746932616373,-0.0014080431882592843,upper,0.1
650,phase2,lower,-20.0,4,-15.017927173364217,-18.188223257804616,-17.7495841652275,-5.953730616186241,-3.029602484015114,-0.0011787813069108817,upper,0.1
651,phase2,upper,-15.0,2,-15.018541743788234,-18.188223257804616,-17.7495841652275,-5.953730616186241,-3.029602484015114,-0.0010410935994498481,upper,0.1
652,phase2,upper,-15.0,2,-15.018949690810889,-18.188223257804616,-17.7495841652275,-5.953730616186241,-3.029602484015114,-0.0009059348191969183,upper,0.1
653,phase2,lower,-20.0,4,-15.018949690810889,-18.39517468988418,-17.82091334000126,-5.912018792730749,-2.9774511000982575,-0.0006624999181620906,upper,0.1
654,phase2,upper,-15.0,2,-15.018946028620407,-18.39517468988418,-17.82091334000126,-5.912018792730749,-2.9774511000982575,-0.0005577261544683671,upper,0.1
655,phase2,upper,-15.0,2,-15.018789895218328,-18.39517468988418,-17.82091334000126,-5.912018792730749,-2.9774511000982575,-0.0004645733432472537,upper,0.1
656,phase2,upper,-15.0,2,-15.018503685404935,-18.39517468988418,-17.82091334000126,-5.912018792730749,-2.9774511000982575,-0.0003825705553085844,upper,0.1
657,phase2,upper,-15.0,2,-15.018108260687649,-18.39517468988418,-17.82091334000126,-5.912018792730749,-2.9774511000982575,-0.0003109954640833358,upper,0.1
658,phase2,upper,-15.0,2,-15.017622764761585,-18.39517468988418,-17.82091334000126,-5.912018792730749,-2.9774511000982575,-0.0002490091577543129,upper,0.1
659,phase2,upper,-15.0,2,-15.017064565568791,-18.39517468988418,-17.82091334000126,-5.912018792730749,-2.9774511000982575,-0.00019573358484354145,upper,0.1
660,phase2,upper,-15.0,2,-15.016449270923793,-18.39517468988418,-17.82091334000126,-5.912018792730749,-2.9774511000982575,-0.00015029630881585723,upper,0.1
661,phase2,upper,-15.0,2,-15.0157907872558,-18.39517468988418,-17.82091334000126,-5.912018792730749,-2.9774511000982575,-0.0001118563396086432,upper,0.1
662,phase2,upper,-15.0,2,-15.0151014035867,-18.39517468988418,-17.82091334000126,-5.912018792730749,-2.9774511000982575,-7.96187897096344e-05,upper,0.1
663,phase2,upper,-15.0,2,-15.014391889934357,-18.39517468988418,-17.82091334000126,-5.912018792730749,-2.9774511000982575,-5.284276973685735e-05,upper,0.1
664,phase2,upper,-15.0,2,-15.013671603370234,-18.39517468988418,-17.82091334000126,-5.912018792730749,-2.9774511000982575,-3.0845084854150284e-05,upper,0.1
665,phase2,upper,-15.0,2,-15.012948597323145,-18.39517468988418,-17.82091334000126,-5.912018792730749,-2.9774511000982575,-1.3001254692680242e-05,upper,0.1
666,phase2,upper,-15.0,2,-15.012229731149663,-18.39517468988418,-17.82091334000126,-5.912018792730749,-2.9774511000982575,1.2552092346649815e-06,upper,0.1
667,phase2,upper,-15.0,2,-15.011520777894406,-18.39517468988418,-17.82091334000126,-5.912018792730749,-2.9774511000982575,1.2434674008578465e-05,upper,0.1
668,phase2,upper,-15.0,2,-15.010826528764015,-18.39517468988418,-17.82091334000126,-5.912018792730749,-2.9774511000982575,2.099400950758551e-05,upper,0.1
669,phase2,upper,-15.0,2,-15.010150893260626,-18.39517468988418,-17.82091334000126,-5.912018792730749,-2.9774511000982575,2.7339694541746703e-05,upper,0.1
670,phase2,upper,-15.0,2,-15.009496994232299,-18.39517468988418,-17.82091334000126,-5.912018792730749,-2.9774511000982575,3.1831210951428825e-05,upper,0.1
671,phase2,upper,-15.0,2,-15.008867257337704,-18.39517468988418,-17.82091334000126,-5.912018792730749,-2.9774511000982575,3.478458361347575e-05,upper,0.1
672,phase2,upper,-15.0,2,-15.008263494611917,-18.39517468988418,-17.82091334000126,-5.912018792730749,-2.9774511000982575,3.647596064219999e-05,upper,0.1
673,phase2,upper,-15.0,2,-15.007686981972684,-18.39517468988418,-17.82091334000126,-5.912018792730749,-2.9774511000982575,3.714515469177881e-05,upper,0.1
674,phase2,upper,-15.0,2,-15.007138530629735,-18.39517468988418,-17.82091334000126,-5.912018792730749,-2.9774511000982575,3.699908649682639e-05,upper,0.1
675,phase2,upper,-15.0,2,-15.006618552459107,-18.39517468988418,-17.82091334000126,-5.912018792730749,-2.9774511000982575,3.621508758586522e-05,upper,0.1
676,phase2,upper,-15.0,2,-15.006127119483697,-18.39517468988418,-17.82091334000126,-5.912018792730749,-2.9774511000982575,3.494403165635725e-05,upper,0.1
677,phase2,upper,-15.0,2,-15.005664017663445,-18.39517468988418,-17.82091334000126,-5.912018792730749,-2.9774511000982575,3.331327416418367e-05,upper,0.1
678,phase2,upper,-15.0,2,-15.005228795245978,-18.39517468988418,-17.82091334000126,-5.912018792730749,-2.9774511000982575,3.1429387765914484e-05,upper,0.1
679,phase2,upper,-15.0,2,-15.004820805963384,-18.39517468988418,-17.82091334000126,-5.912018792730749,-2.9774511000982575,2.938068772244786e-05,upper,0.1
680,phase2,upper,-15.0,2,-15.004439247384836,-18.39517468988418,-17.82091334000126,-5.912018792730749,-2.9774511000982575,2.7239546505390402e-05,upper,0.1
681,phase2,upper,-15.0,2,-15.00408319474967,-18.39517468988418,-17.82091334000126,-5.912018792730749,-2.9774511000982575,2.5064500862031065e-05,upper,0.1
682,phase2,upper,-15.0,2,-15.003751630612745,-18.39517468988418,-17.82091334000126,-5.912018792730749,-2.9774511000982575,2.290215767131944e-05,upper,0.1
683,phase2,lower,-20.0,4,-15.003751630612745,-18.587727942953986,-17.88000707295796,-5.868543313451002,-2.92969015596604,1.875245416326394e-05,upper,0.1
684,phase2,upper,-15.0,2,-15.003447205367912,-18.587727942953986,-17.88000707295796,-5.868543313451002,-2.92969015596604,1.681317754968943e-05,upper,0.1
685,phase2,upper,-15.0,2,-15.00316472858109,-18.587727942953986,-17.88000707295796,-5.868543313451002,-2.92969015596604,1.4985331921026623e-05,upper,0.1
686,phase2,upper,-15.0,2,-15.002903038685513,-18.587727942953986,-17.88000707295796,-5.868543313451002,-2.92969015596604,1.32781018288099e-05,upper,0.1
687,phase2,upper,-15.0,2,-15.00266096990733,-18.587727942953986,-17.88000707295796,-5.868543313451002,-2.92969015596604,1.1696522094654267e-05,upper,0.1
688,phase2,upper,-15.0,2,-15.002437365355393,-18.587727942953986,-17.88000707295796,-5.868543313451002,-2.92969015596604,1.0242275938885317e-05,upper,0.1
689,phase2,upper,-15.0,2,-15.002231087696286,-18.587727942953986,-17.88000707295796,-5.868543313451002,-2.92969015596604,8.914382710744063e-06,upper,0.1
690,phase2,upper,-15.0,2,-15.002041027717747,-18.587727942953986,-17.88000707295796,-5.868543313451002,-2.92969015596604,7.70978643705545e-06,upper,0.1
691,phase2,upper,-15.0,2,-15.001866111055646,-18.587727942953986,-17.88000707295796,-5.868543313451002,-2.92969015596604,6.623855795140849e-06,upper,0.1
692,phase2,upper,-15.0,2,-15.001705303333068,-18.587727942953986,-17.88000707295796,-5.868543313451002,-2.92969015596604,5.650805447417493e-06,upper,0.1
693,phase2,upper,-15.0,2,-15.001557613935148,-18.587727942953986,-17.88000707295796,-5.868543313451002,-2.92969015596604,4.784047966525977e-06,upper,0.1
694,phase2,upper,-15.0,2,-15.001422098619917,-18.587727942953986,-17.88000707295796,-5.868543313451002,-2.92969015596604,4.016484858567269e-06,upper,0.1
695,phase2,upper,-15.0,2,-15.001297861143739,-18.587727942953986,-17.88000707295796,-5.868543313451002,-2.92969015596604,3.3407444702787825e-06,upper,0.1
696,phase2,upper,-15.0,2,-15.00118405405981,-18.587727942953986,-17.88000707295796,-5.868543313451002,-2.92969015596604,2.749373858768702e-06,upper,0.1
697,phase2,upper,-15.0,2,-15.001079878829756,-18.587727942953986,-17.88000707295796,-5.868543313451002,-2.92969015596604,2.2349910181062967e-06,upper,0.1
698,phase2,upper,-15.0,2,-15.000984585371382,-18.587727942953986,-17.88000707295796,-5.868543313451002,-2.92969015596604,1.7904032037414114e-06,upper,0.1
699,phase2,upper,-15.0,2,-15.000897471150262,-18.587727942953986,-17.88000707295796,-5.868543313451002,-2.92969015596604,1.408696479205108e-06,upper,0.1
700,phase2,upper,-15.0,2,-15.000817879908812,-18.587727942953986,-17.88000707295796,-5.868543313451002,-2.92969015596604,1.0833010319670462e-06,upper,0.1
701,phase2,upper,-15.0,2,-15.000745200113876,-18.587727942953986,-17.88000707295796,-5.868543313451002,-2.92969015596604,8.08036268894133e-07,upper,0.1
702,phase2,upper,-15.0,2,-15.000678863192467,-18.587727942953986,-17.88000707295796,-5.868543313451002,-2.92969015596604,5.771392085973209e-07,upper,0.1
703,phase2,upper,-15.0,2,-15.000618341615148,-18.587727942953986,-17.88000707295796,-5.868543313451002,-2.92969015596604,3.8527923628486375e-07,upper,0.1
704,phase2,upper,-15.0,2,-15.000563146877441,-18.587727942953986,-17.88000707295796,-5.868543313451002,-2.92969015596604,2.2756187621139945e-07,upper,0.1
705,phase2,upper,-15.0,2,-15.000512827421659,-18.587727942953986,-17.88000707295796,-5.868543313451002,-2.92969015596604,9.952386717984048e-08,upper,0.1
706,phase2,upper,-15.0,2,-15.000466966534399,-18.587727942953986,-17.88000707295796,-5.868543313451002,-2.92969015596604,-2.878506810390054e-09,upper,0.1
707,phase2,lower,-20.0,4,-15.000466966534399,-18.76695585854504,-17.928860307946596,-5.824658072660062,-2.88672086520843,-1.449577263418561e-07,upper,0.1
708,phase2,upper,-15.0,2,-15.00042530812005,-18.76695585854504,-17.928860307946596,-5.824658072660062,-2.88672086520843,-1.907924062350857e-07,upper,0.1
709,phase2,upper,-15.0,2,-15.000387347951582,-18.76695585854504,-17.928860307946596,-5.824658072660062,-2.88672086520843,-2.233546652813326e-07,upper,0.1
710,phase2,upper,-15.0,2,-15.000352762893481,-18.76695585854504,-17.928860307946596,-5.824658072660062,-2.88672086520843,-2.4489951778170725e-07,upper,0.1
711,phase2,upper,-15.0,2,-15.000321256815962,-18.76695585854504,-17.928860307946596,-5.824658072660062,-2.88672086520843,-2.5739805814022494e-07,upper,0.1
712,phase2,upper,-15.0,2,-15.000292558574913,-18.76695585854504,-17.928860307946596,-5.824658072660062,-2.88672086520843,-2.6256264576481697e-07,upper,0.1
713,phase2,upper,-15.0,2,-15.00026642010256,-18.76695585854504,-17.928860307946596,-5.824658072660062,-2.88672086520843,-0.03652606435981171,upper,0.1
714,phase2,upper,-15.0,2,-15.039657840350152,-18.76695585854504,-17.928860307946596,-5.824658072660062,-2.88672086520843,0.025746049757173685,upper,0.1
715,phase2,upper,-15.0,2,-15.016792165004409,-18.76695585854504,-17.928860307946596,-5.824658072660062,-2.88672086520843,0.012615431165337877,upper,0.1
716,phase2,upper,-15.0,2,-15.005981448764846,-18.76695585854504,-17.928860307946596,-5.824658072660062,-2.88672086520843,0.005548846102759606,upper,0.1
717,phase2,upper,-15.0,2,-15.001613482342256,-18.76695585854504,-17.928860307946596,-5.824658072660062,-2.88672086520843,-0.025191629742813554,upper,0.1
718,phase2,upper,-15.0,2,-15.030811972315941,-18.76695585854504,-17.928860307946596,-5.824658072660062,-2.88672086520843,0.028401200983484323,upper,0.1
719,phase2,upper,-15.0,2,-15.005996768536628,-18.76695585854504,-17.928860307946596,-5.824658072660062,-2.88672086520843,0.013004797472017798,upper,0.1
720,phase2,upper,-15.0,2,-14.995378835860533,-18.76695585854504,-17.928860307946596,-5.824658072660062,-2.88672086520843,0.004809745137133479,upper,0.1
721,phase2,upper,-15.0,2,-14.992265787573267,-18.76695585854504,-17.928860307946596,-5.824658072660062,-2.88672086520843,0.0005567012872174418,upper,0.1
722,phase2,upper,-15.0,2,-14.9929844757421,-18.76695585854504,-17.928860307946596,-5.824658072660062,-2.88672086520843,-0.0015463755504342622,upper,0.1
723,phase2,upper,-15.0,2,-14.995524973387502,-18.76695585854504,-17.928860307946596,-5.824658072660062,-2.88672086520843,-0.0024848432930412692,upper,0.1
724,phase2,upper,-15.0,2,-14.998794605179494,-18.76695585854504,-17.928860307946596,-5.824658072660062,-2.88672086520843,-0.0028004097890475797,upper,0.1
725,phase2,upper,-15.0,2,-15.002207252253877,-18.76695585854504,-17.928860307946596,-5.824658072660062,-2.88672086520843,-0.0027906682439777526,upper,0.1
726,phase2,upper,-15.0,2,-15.005456969679457,-18.76695585854504,-17.928860307946596,-5.824658072660062,-2.88672086520843,-0.0026187985264956347,upper,0.1
727,phase2,upper,-15.0,2,-15.008392973188945,-18.76695585854504,-17.928860307946596,-5.824658072660062,-2.88672086520843,-0.021208918003930557,upper,0.1
728,phase2,upper,-15.0,2,-15.033160716124636,-18.76695585854504,-17.928860307946596,-5.824658072660062,-2.88672086520843,0.027352002610737048,upper,0.1
729,phase2,upper,-15.0,2,-15.008807757883128,-18.76695585854504,-17.928860307946596,-5.824658072660062,-2.88672086520843,0.012311788257341161,upper,0.1
730,phase2,upper,-15.0,2,-14.998428061384665,-18.76695585854504,-17.928860307946596,-5.824658072660062,-2.88672086520843,0.004355386600735575,upper,0.1
731,phase2,upper,-15.0,2,-14.995414120553669,-18.76695585854504,-17.928860307946596,-5.824658072660062,-2.88672086520843,0.00026854571832946776,upper,0.1
732,phase2,upper,-15.0,2,-14.996140958222314,-18.76695585854504,-17.928860307946596,-5.824658072660062,-2.88672086520843,-0.0017149516613098371,upper,0.1
733,phase2,upper,-15.0,2,-14.998627001194446,-18.76695585854504,-17.928860307946596,-5.824658072660062,-2.88672086520843,-0.002565325846395177,upper,0.1
734,phase2,upper,-15.0,2,-15.00179722337094,-18.76695585854504,-17.928860307946596,-5.824658072660062,-2.88672086520843,-0.0028151154167373443,upper,0.1
735,phase2,upper,-15.0,2,-15.005077328933812,-18.76695585854504,-17.928860307946596,-5.824658072660062,-2.88672086520843,-0.002756115143286059,upper,0.1
736,phase2,upper,-15.0,2,-15.008169955149787,-18.76695585854504,-17.928860307946596,-5.824658072660062,-2.88672086520843,-0.0025476443591402886,upper,0.1
737,phase2,upper,-15.0,2,-15.010931011562413,-18.76695585854504,-17.928860307946596,-5.824658072660062,-2.88672086520843,-0.002276090650922369,upper,0.1
738,phase2,upper,-15.0,2,-15.013301155977096,-18.76695585854504,-17.928860307946596,-5.824658072660062,-2.88672086520843,-0.0019876747735337154,upper,0.1
739,phase2,upper,-15.0,2,-15.015267671146315,-18.76695585854504,-17.928860307946596,-5.824658072660062,-2.88672086520843,-0.0017064945347157823,upper,0.1
740,phase2,upper,-15.0,2,-15.016843139132831,-18.76695585854504,-17.928860307946596,-5.824658072660062,-2.88672086520843,-0.0014444730481724482,upper,0.1
741,phase2,upper,-15.0,2,-15.018053427512026,-18.76695585854504,-17.928860307946596,-5.824658072660062,-2.88672086520843,-0.0012068522823478866,upper,0.1
742,phase2,upper,-15.0,2,-15.018930863227027,-18.76695585854504,-17.928860307946596,-5.824658072660062,-2.88672086520843,-0.0009952331465862229,upper,0.1
743,phase2,upper,-15.0,2,-15.019510317767946,-18.76695585854504,-17.928860307946596,-5.824658072660062,-2.88672086520843,-0.0008092624577821288,upper,0.1
744,phase2,upper,-15.0,2,-15.019826943554794,-18.76695585854504,-17.928860307946596,-5.824658072660062,-2.88672086520843,-0.0006475721035816907,upper,0.1
745,phase2,upper,-15.0,2,-15.019914860693625,-18.76695585854504,-17.928860307946596,-5.824658072660062,-2.88672086520843,-0.0005083036706579109,upper,0.1
746,phase2,upper,-15.0,2,-15.019806401499775,-18.76695585854504,-17.928860307946596,-5.824658072660062,-2.88672086520843,-0.00038940226398129213,upper,0.1
747,phase2,lower,-20.0,4,-15.019806401499775,-18.93349676552278,-17.969040951862265,-5.781124254822074,-2.848541390854418,-0.0002044124692440599,upper,0.1
748,phase2,upper,-15.0,2,-15.019365199605366,-18.93349676552278,-17.969040951862265,-5.781124254822074,-2.848541390854418,-0.00013437831427897187,upper,0.1
749,phase2,upper,-15.0,2,-15.018809399397085,-18.93349676552278,-17.969040951862265,-5.781124254822074,-2.848541390854418,-7.689476152637287e-05,upper,0.1
750,phase2,upper,-15.0,2,-15.018163213525673,-18.93349676552278,-17.969040951862265,-5.781124254822074,-2.848541390854418,-3.0323777868071565e-05,upper,0.1
751,phase2,upper,-15.0,2,-15.017447975667396,-18.93349676552278,-17.969040951862265,-5.781124254822074,-2.848541390854418,6.824258749027197e-06,upper,0.1
752,phase2,upper,-15.0,2,-15.016682337725797,-18.93349676552278,-17.969040951862265,-5.781124254822074,-2.848541390854418,3.589307356203605e-05,upper,0.1
753,phase2,upper,-15.0,2,-15.015882474614864,-18.93349676552278,-17.969040951862265,-5.781124254822074,-2.848541390854418,5.808616527998024e-05,upper,0.1
754,phase2,upper,-15.0,2,-15.01506229077692,-18.93349676552278,-17.969040951862265,-5.781124254822074,-2.848541390854418,7.447437778463397e-05,upper,0.1
755,phase2,upper,-15.0,2,-15.014233624166279,-18.93349676552278,-17.969040951862265,-5.781124254822074,-2.848541390854418,8.600456747314672e-05,upper,0.1
756,phase2,upper,-15.0,2,-15.013406444560687,-18.93349676552278,-17.969040951862265,-5.781124254822074,-2.848541390854418,9.350883110017926e-05,upper,0.1
757,phase2,upper,-15.0,2,-15.0125890439096,-18.93349676552278,-17.969040951862265,-5.781124254822074,-2.848541390854418,9.77139282186001e-05,upper,0.1
758,phase2,lower,-20.0,4,-15.0125890439096,-19.08696324162133,-18.04774053780152,-5.749002001395931,-2.7868786837476875,0.0287713732557938,upper,0.1
759,phase2,upper,-15.0,2,-14.985981923689877,-19.08696324162133,-18.04774053780152,-5.749002001395931,-2.7868786837476875,0.014149343713262803,upper,0.1
760,phase2,upper,-15.0,2,-14.973332243561853,-19.08696324162133,-18.04774053780152,-5.749002001395931,-2.7868786837476875,0.006278696698467372,upper,0.1
761,phase2,upper,-15.0,2,-14.96829543864721,-19.08696324162133,-18.04774053780152,-5.749002001395931,-2.7868786837476875,0.0021093077093789674,upper,0.1
762,phase2,upper,-15.0,2,-14.967361277006713,-19.08696324162133,-18.04774053780152,-5.749002001395931,-2.7868786837476875,-3.559833275029126e-05,upper,0.1
763,phase2,upper,-15.0,2,-14.968583500632583,-19.08696324162133,-18.04774053780152,-5.749002001395931,-2.7868786837476875,-0.0010779199696225711,upper,0.1
764,phase2,upper,-15.0,2,-14.970880770181793,-19.08696324162133,-18.04774053780152,-5.749002001395931,-2.7868786837476875,-0.001524520855194127,upper,0.1
765,phase2,upper,-15.0,2,-14.973651610969311,-19.08696324162133,-18.04774053780152,-5.749002001395931,-2.7868786837476875,-0.0016539910035851598,upper,0.1
766,phase2,upper,-15.0,2,-14.976561993923886,-19.08696324162133,-18.04774053780152,-5.749002001395931,-2.7868786837476875,-0.0016193019938694367,upper,0.1
767,phase2,upper,-15.0,2,-14.979427877023111,-19.08696324162133,-18.04774053780152,-5.749002001395931,-2.7868786837476875,-0.001504249227320716,upper,0.1
768,phase2,upper,-15.0,2,-14.982150023383799,-19.08696324162133,-18.04774053780152,-5.749002001395931,-2.7868786837476875,-0.0013544992795788478,upper,0.1
769,phase2,upper,-15.0,2,-14.984677635499338,-19.08696324162133,-18.04774053780152,-5.749002001395931,-2.7868786837476875,-0.0011946798745788693,upper,0.1
770,phase2,upper,-15.0,2,-14.98698790645592,-19.08696324162133,-18.04774053780152,-5.749002001395931,-2.7868786837476875,-0.0010377966097588926,upper,0.1
771,phase2,upper,-15.0,2,-14.989074391746552,-19.08696324162133,-18.04774053780152,-5.749002001395931,-2.7868786837476875,-0.0008904294006821355,upper,0.1
772,phase2,upper,-15.0,2,-14.990940293922025,-19.08696324162133,-18.04774053780152,-5.749002001395931,-2.7868786837476875,-0.0007556062105381759,upper,0.1
773,phase2,upper,-15.0,2,-14.992594504806485,-19.08696324162133,-18.04774053780152,-5.749002001395931,-2.7868786837476875,-0.0006343970875043918,upper,0.1
774,phase2,upper,-15.0,2,-14.994049213520375,-19.08696324162133,-18.04774053780152,-5.749002001395931,-2.7868786837476875,-0.0005268020214492736,upper,0.1
775,phase2,upper,-15.0,2,-14.995318418610827,-19.08696324162133,-18.04774053780152,-5.749002001395931,-2.7868786837476875,-0.00043224814554280235,upper,0.1
776,phase2,upper,-15.0,2,-14.996416974488914,-19.08696324162133,-18.04774053780152,-5.749002001395931,-2.7868786837476875,-0.0003498700303648127,upper,0.1
777,phase2,upper,-15.0,2,-14.997359963399616,-19.08696324162133,-18.04774053780152,-5.749002001395931,-2.7868786837476875,-0.00027866888402218465,upper,0.1
778,phase2,upper,-15.0,2,-14.99816227323837,-19.08696324162133,-18.04774053780152,-5.749002001395931,-2.7868786837476875,-0.000217603614709932,upper,0.1
779,phase2,upper,-15.0,2,-14.998838311052051,-19.08696324162133,-18.04774053780152,-5.749002001395931,-2.7868786837476875,-0.00016564312856967873,upper,0.1
780,phase2,upper,-15.0,2,-14.999401809805963,-19.08696324162133,-18.04774053780152,-5.749002001395931,-2.7868786837476875,-0.00012179624369281403,upper,0.1
781,phase2,upper,-15.0,2,-14.999865701732125,-19.08696324162133,-18.04774053780152,-5.749002001395931,-2.7868786837476875,-8.512843105095878e-05,upper,0.1
782,phase2,upper,-15.0,2,-15.000242040665457,-19.08696324162133,-18.04774053780152,-5.749002001395931,-2.7868786837476875,-5.477062462955941e-05,upper,0.1
783,phase2,upper,-15.0,2,-15.000541961173905,-19.08696324162133,-18.04774053780152,-5.749002001395931,-2.7868786837476875,-2.9923136390139598e-05,upper,0.1
784,phase2,upper,-15.0,2,-15.000775665618752,-19.08696324162133,-18.04774053780152,-5.749002001395931,-2.7868786837476875,-9.856475801406069e-06,upper,0.1
785,phase2,upper,-15.0,2,-15.000952432435968,-19.08696324162133,-18.04774053780152,-5.749002001395931,-2.7868786837476875,6.08982622761027e-06,upper,0.1
786,phase2,upper,-15.0,2,-15.001080640401781,-19.08696324162133,-18.04774053780152,-5.749002001395931,-2.7868786837476875,-0.005520282470078533,upper,0.1
787,phase2,upper,-15.0,2,-15.010333624536246,-19.08696324162133,-18.04774053780152,-5.749002001395931,-2.7868786837476875,0.029192951791308232,upper,0.1
788,phase2,upper,-15.0,2,-14.984039823817577,-19.08696324162133,-18.04774053780152,-5.749002001395931,-2.7868786837476875,0.014320072055047123,upper,0.1
789,phase2,upper,-15.0,2,-14.971826749017941,-19.08696324162133,-18.04774053780152,-5.749002001395931,-2.7868786837476875,0.006318578171423145,upper,0.1
790,phase2,upper,-15.0,2,-14.967252747064617,-19.08696324162133,-18.04774053780152,-5.749002001395931,-2.7868786837476875,0.002083751484647068,upper,0.1
791,phase2,upper,-15.0,2,-14.966759298850633,-19.08696324162133,-18.04774053780152,-5.749002001395931,-2.7868786837476875,-9.118115913991421e-05,upper,0.1
792,phase2,upper,-15.0,2,-14.968378137944722,-19.08696324162133,-18.04774053780152,-5.749002001395931,-2.7868786837476875,-0.0011445934048384962,upper,0.1
793,phase2,upper,-15.0,2,-14.971019874271025,-19.08696324162133,-18.04774053780152,-5.749002001395931,-2.7868786837476875,-0.001592386614037376,upper,0.1
794,phase2,upper,-15.0,2,-14.974082217902518,-19.08696324162133,-18.04774053780152,-5.749002001395931,-2.7868786837476875,-0.0017180963472658954,upper,0.1
795,phase2,upper,-15.0,2,-14.977233908965845,-19.08696324162133,-18.04774053780152,-5.749002001395931,-2.7868786837476875,-0.0016773870316793874,upper,0.1
796,phase2,upper,-15.0,2,-14.980295291114464,-19.08696324162133,-18.04774053780152,-5.749002001395931,-2.7868786837476875,-0.0015555061790870392,upper,0.1
797,phase2,upper,-15.0,2,-14.983172082678108,-19.08696324162133,-18.04774053780152,-5.749002001395931,-2.7868786837476875,-0.0013988888498912622,upper,0.1
798,phase2,upper,-15.0,2,-14.98581846673607,-19.08696324162133,-18.04774053780152,-5.749002001395931,-2.7868786837476875,-0.0012325546446153553,upper,0.1
799,phase2,upper,-15.0,2,-14.988216371525128,-19.08696324162133,-18.04774053780152,-5.749002001395931,-2.7868786837476875,-0.0010696938667815134,upper,0.1
