episode,phase,route,return,steps,q_start_right,q_start_down,q_shield_right,q_d1_right,q_d2_right,mood_M,greedy_route,epsilon
0,phase1,upper,-15.0,2,-1.25,0.0,0.0,0.0,0.0,-0.1275,lower,0.1
1,phase1,lower,-10.0,4,-1.25,-0.36475,-0.397825,-0.4209775,-0.7071842500000001,-0.43058775,lower,0.1
2,phase1,lower,-10.0,4,-1.25,-1.005586475,-0.9907330324999999,-1.00678887275,-1.169892338425,-0.28350809377499997,lower,0.1
3,phase1,lower,-10.0,4,-1.25,-1.5092584151475,-1.48894926340575,-1.513562293345775,-1.5378152184255174,-0.23096535147515249,upper,0.1
4,phase1,upper,-15.0,2,-2.6146188163276376,-1.5092584151475,-1.48894926340575,-1.513562293345775,-1.5378152184255174,-0.24091988664194874,lower,0.1
5,phase1,lower,-10.0,4,-2.6146188163276376,-1.9740553979510786,-1.9573124185438333,-1.949863558254617,-2.080974459513573,-0.4014050658904723,lower,0.1
6,phase1,lower,-10.0,4,-2.6146188163276376,-2.583645659311779,-2.5273307790237918,-2.504807830662671,-2.3881197967159062,-0.2325675627885589,lower,0.1
7,phase1,lower,-10.0,4,-2.6146188163276376,-3.037324977792683,-3.219944224638775,-3.086043067709635,-2.7060672503787533,-0.31179496212105656,upper,0.1
8,phase1,upper,-15.0,2,-3.958673547339807,-3.037324977792683,-3.219944224638775,-3.086043067709635,-2.7060672503787533,-0.21241513017795288,lower,0.1
9,phase1,lower,-10.0,4,-3.958673547339807,-3.49676051963745,-3.656042067346322,-3.501927620559172,-2.8797010896728694,-0.15760299467147895,lower,0.1
10,phase1,lower,-10.0,4,-3.958673547339807,-3.904531369612668,-4.055668836643873,-3.868319174355334,-3.0134587962571024,-0.13361316200427023,lower,0.1
11,phase1,lower,-10.0,4,-3.958673547339807,-4.289896962119632,-4.4372186817946035,-4.199847554784232,-3.1208693979832254,-0.1183678037248816,upper,0.1
12,phase1,upper,-15.0,2,-5.03704230513966,-4.289896962119632,-4.4372186817946035,-4.199847554784232,-3.1208693979832254,-0.2923924966416598,lower,0.1
13,phase1,lower,-10.0,4,-5.03704230513966,-4.817782381064623,-4.914178904460862,-4.577707757350619,-3.2607920050283647,-0.14775732839935912,lower,0.1
14,phase1,lower,-10.0,4,-5.03704230513966,-5.21040362896367,-5.289150641611642,-4.864586805406929,-3.3342395640403497,-0.10181321709744628,upper,0.1
15,phase1,upper,-15.0,2,-6.041164036284747,-5.21040362896367,-5.289150641611642,-4.864586805406929,-3.3342395640403497,-0.16211322248982296,lower,0.1
16,phase1,lower,-10.0,4,-6.041164036284747,-5.614180230469308,-5.625382311102165,-5.035863343295659,-3.3682603050002733,-0.14999178905900265,lower,0.1
17,phase1,lower,-10.0,4,-6.041164036284747,-6.0002930486856965,-5.932784480689113,-5.182882970852368,-3.58457846391488,-0.24153781310784964,lower,0.1
18,phase1,upper,-15.0,2,-7.091963007783881,-6.0002930486856965,-5.932784480689113,-5.182882970852368,-3.58457846391488,-0.2248998780047658,lower,0.1
19,phase1,lower,-10.0,4,-7.091963007783881,-6.4459520820903276,-6.266884535993509,-5.365372981204379,-3.6045584265124897,-0.15154010516848912,lower,0.1
20,phase1,lower,-10.0,4,-7.091963007783881,-6.8144314221322855,-6.534792701799979,-5.493499200044879,-3.7716775144653067,-0.21198038621643311,lower,0.1
21,phase1,lower,-10.0,4,-7.091963007783881,-7.227249897693845,-6.8772662638025785,-5.752244244750756,-3.7795807538898742,-0.08037958489332445,upper,0.1
22,phase1,upper,-15.0,2,-7.920636111383322,-7.227249897693845,-6.8772662638025785,-5.752244244750756,-3.7795807538898742,-0.13078577197380636,lower,0.1
23,phase1,lower,-10.0,4,-7.920636111383322,-7.559958729081144,-7.101279920943486,-5.841904819758212,-3.8988170336320653,-0.18041492446696064,lower,0.1
24,phase1,lower,-10.0,4,-7.920636111383322,-7.926464280287643,-7.399124290241231,-6.055267113128335,-3.8698082373005165,-0.06000483023674351,upper,0.1
25,phase1,upper,-15.0,2,-8.662739502952117,-7.926464280287643,-7.399124290241231,-6.055267113128335,-3.8698082373005165,-0.11012446429419823,lower,0.1
26,phase1,lower,-10.0,4,-8.662739502952117,-8.22284229914778,-7.580945606790065,-6.108826562099603,-3.8048508426176557,-0.08780125610140815,lower,0.1
27,phase1,lower,-10.0,4,-8.662739502952117,-8.487673760403275,-7.7328818599440785,-6.139229481877293,-3.885748018983997,-0.14632997770747652,lower,0.1
28,phase1,lower,-10.0,4,-8.662739502952117,-8.793891550294084,-7.9708074937196685,-6.29230147740487,-3.8283504538802187,-0.03806018750131272,upper,0.1
29,phase1,upper,-15.0,2,-9.322448298959724,-8.793891550294084,-7.9708074937196685,-6.29230147740487,-3.8283504538802187,-0.08329998665729281,lower,0.1
30,phase1,lower,-10.0,4,-9.322448298959724,-9.036553132628207,-8.094058159316685,-6.302172569414349,-3.750474216949061,-0.06283863173841073,lower,0.1
31,phase1,lower,-10.0,4,-9.322448298959724,-9.248858403861625,-8.191053061662208,-6.293967199459479,-3.8105302932463703,-0.1213573170054891,lower,0.1
32,phase1,lower,-10.0,4,-9.322448298959724,-9.502299454946623,-8.376437871163585,-6.3981667314805755,-3.7362367097184057,-0.021996774136189418,upper,0.1
33,phase1,upper,-15.0,2,-9.910208614926304,-9.502299454946623,-8.376437871163585,-6.3981667314805755,-3.7362367097184057,-0.05895583265087794,lower,0.1
34,phase1,lower,-10.0,4,-9.910208614926304,-9.69277354595411,-8.44900458920928,-6.376775842876056,-3.652315698152937,-0.04019308967419828,lower,0.1
35,phase1,lower,-10.0,4,-9.910208614926304,-9.854570430986406,-8.499200502617406,-6.341446134614088,-3.699615745298087,-0.10050951162874605,lower,0.1
36,phase1,lower,-10.0,4,-9.910208614926304,-10.059491998615377,-8.637803626708518,-6.405986249946365,-3.6160637368011925,-0.010019142299021795,upper,0.1
37,phase1,upper,-15.0,2,-10.434348100584593,-10.059491998615377,-8.637803626708518,-6.405986249946365,-3.6160637368011925,-0.03719317174957669,lower,0.1
38,phase1,lower,-10.0,4,-10.434348100584593,-10.20079701599931,-8.668437195780287,-6.363859133734021,-3.5305701614041345,-0.020338390282702096,lower,0.1
39,phase1,lower,-10.0,4,-10.434348100584593,-10.315865585231839,-8.680756484391479,-6.311146167930635,-3.4467830267563415,-0.012552798310547841,lower,0.1
40,phase1,lower,-10.0,4,-10.434348100584593,-10.413652193627296,-8.681549188906995,-6.253437256118975,-3.494013944296237,-0.08218431803015952,lower,0.1
41,phase1,lower,-10.0,4,-10.434348100584593,-10.56440777938241,-8.77089348932507,-6.280800805336948,-3.4118818886268274,-0.0010988828324122908,upper,0.1
42,phase1,upper,-15.0,2,-10.901851645002191,-10.56440777938241,-8.77089348932507,-6.280800805336948,-3.4118818886268274,-0.014353447300211174,lower,0.1
43,phase1,lower,-10.0,4,-10.901851645002191,-10.647974452946865,-8.76080365207485,-6.2256966549987425,-3.332441373231543,0.00011241581915787807,lower,0.1
44,phase1,lower,-10.0,4,-10.901851645002191,-10.709156198622422,-8.737417663640178,-6.163347325647981,-3.255103667768742,0.006286615955395472,lower,0.1
45,phase1,lower,-10.0,4,-10.901851645002191,-10.756324390764341,-8.706781030706432,-6.098598884102931,-3.1824691020015616,0.01004365758368413,lower,0.1
46,phase1,lower,-10.0,4,-10.901851645002191,-10.792330762933235,-8.671052413748784,-6.033278802734657,-3.114905969645917,0.012942744551373503,lower,0.1
47,phase1,lower,-10.0,4,-10.901851645002191,-10.818554457918554,-8.63134101322464,-5.968317433296871,-3.180217399423621,-0.06899595404714777,lower,0.1
48,phase1,upper,-15.0,2,-11.385500718585746,-10.818554457918554,-8.63134101322464,-5.968317433296871,-3.180217399423621,-0.03099948115646032,lower,0.1
49,phase1,lower,-10.0,4,-11.385500718585746,-10.877732646489976,-8.61768349281549,-5.937585802602798,-3.122946958385097,0.007456295388874407,lower,0.1
50,phase1,lower,-10.0,4,-11.385500718585746,-10.89501706527254,-8.578720727569907,-5.887987697955493,-3.0577636141048363,0.01881333060546333,lower,0.1
51,phase1,lower,-10.0,4,-11.385500718585746,-10.89645543395736,-8.532433794003675,-5.833361068463467,-2.9946097091385844,0.0227761371325338,lower,0.1
52,phase1,lower,-10.0,4,-11.385500718585746,-10.88955474654271,-8.483819373904167,-5.77782648556022,-2.935808691443247,0.024587706617519675,lower,0.1
53,phase1,lower,-10.0,4,-11.385500718585746,-10.876852273323088,-8.434429389643643,-5.722838313013935,-2.881690290077195,0.025648254973870126,lower,0.1
54,phase1,lower,-10.0,4,-11.385500718585746,-10.859526555478661,-8.384898326976423,-5.6690708752911245,-2.8320820684968346,0.026337745214382858,lower,0.1
55,phase1,lower,-10.0,4,-11.385500718585746,-10.838359761935493,-8.335608586507325,-5.6169301004528664,-2.7867025321088668,0.026765981744982705,lower,0.1
56,phase1,lower,-10.0,4,-11.385500718585746,-10.813995260822193,-8.286862593759336,-5.566698433888214,-2.745262598777795,0.02697180967959595,lower,0.1
57,phase1,lower,-10.0,4,-11.385500718585746,-10.787007365404271,-8.238925202176702,-5.51858108940473,-2.7074898811779198,0.02697588325769986,lower,0.1
58,phase1,lower,-10.0,4,-11.385500718585746,-10.757920854149583,-8.192032763328092,-5.47272504537312,-2.6731327640117435,0.02679452124917501,lower,0.1
59,phase1,lower,-10.0,4,-11.385500718585746,-10.727216975943177,-8.146394260966298,-5.429229899066957,-2.6419593999329263,0.026443230984088205,lower,0.1
60,phase1,lower,-10.0,4,-11.385500718585746,-10.69533579655981,-8.102191072758709,-5.388155775370229,-2.613755620600705,0.025937499103146813,lower,0.1
61,phase1,lower,-10.0,4,-11.385500718585746,-10.662677574986867,-8.059576947208306,-5.349529772495795,-2.5883228016052966,0.025292868942747224,lower,0.1
62,phase1,lower,-10.0,4,-11.385500718585746,-10.629603930160538,-8.018678486172563,-5.3133514277020595,-2.5654759343732008,0.02452484146174378,lower,0.1
63,phase1,lower,-10.0,4,-11.385500718585746,-10.596439028446172,-7.979596100605223,-5.2795974091526245,-2.545041950174386,0.023648742242777215,lower,0.1
64,phase1,lower,-10.0,4,-11.385500718585746,-10.563470867643577,-7.942405340161399,-5.248225556627142,-2.5268582871084084,0.022679592139317504,lower,0.1
65,phase1,lower,-10.0,4,-11.385500718585746,-10.530952681969973,-7.907158495542723,-5.219178362907857,-2.5107716777046143,0.02163199113417534,lower,0.1
66,phase1,lower,-10.0,4,-11.385500718585746,-10.49910447130649,-7.873886385630623,-5.192385971779103,-2.635599801477337,-0.06745721698747838,lower,0.1
67,phase1,lower,-10.0,4,-11.385500718585746,-10.547294158027634,-7.889343219357835,-5.200904315816201,-2.631769217345629,-0.012181675957522037,lower,0.1
68,phase1,lower,-10.0,4,-11.385500718585746,-10.542462572522423,-7.868507120530238,-5.1836562783251745,-2.6114651660609987,0.0016822737133145504,lower,0.1
69,phase1,lower,-10.0,4,-11.385500718585746,-10.523552980981222,-7.839018403450532,-5.160474101918473,-2.5896749338321827,0.004589687254768738,lower,0.1
70,phase1,lower,-10.0,4,-11.385500718585746,-10.500968804698863,-7.808240778895141,-5.136832617395036,-2.5700673407304473,0.0046364392391112,lower,0.1
71,phase1,lower,-10.0,4,-11.385500718585746,-10.477523206803289,-7.7781615537240825,-5.114332468632635,-2.553329176888584,0.003974412340874993,lower,0.1
72,phase1,lower,-10.0,4,-11.385500718585746,-10.454010070388582,-7.749345713321641,-5.093495635603647,-2.5393792931389947,0.003175112089451747,lower,0.1
73,phase1,lower,-10.0,4,-11.385500718585746,-10.430686033801381,-7.721981781932631,-5.07451631066958,-2.5279553633741383,0.0023896604513614908,lower,0.1
74,phase1,lower,-10.0,4,-11.385500718585746,-10.407664914208281,-7.823612014857089,-5.123244531191555,-2.552954984882572,-0.01646583593803346,lower,0.1
75,phase1,lower,-10.0,4,-11.385500718585746,-10.414078876617392,-7.8162321440861575,-5.128058068208269,-2.5461781109357093,0.0059251050079759185,lower,0.1
76,phase1,lower,-10.0,4,-11.385500718585746,-10.398961608857089,-7.795976864817394,-5.1212062362068576,-2.5329122992190056,0.010882397134042454,lower,0.1
77,phase1,lower,-10.0,4,-11.385500718585746,-10.378868977032482,-7.774048766695099,-5.111408346872864,-2.519674510508491,0.011243945753603253,lower,0.1
78,phase1,lower,-10.0,4,-11.385500718585746,-10.358267404820502,-7.75322441353106,-5.101095429504103,-2.508009531477681,0.010424296599765242,lower,0.1
79,phase1,lower,-10.0,4,-11.385500718585746,-10.338381238751769,-7.73407061333857,-5.090998752535967,-2.4981566228033976,0.009332714591227385,lower,0.1
80,phase1,lower,-10.0,4,-11.385500718585746,-10.319550733078344,-7.716591542094875,-5.081374113975255,-2.4900229656801356,0.008212192099647192,lower,0.1
81,phase1,lower,-10.0,4,-11.385500718585746,-10.301863841090315,-7.700662204254118,-5.072331228149255,-2.483441270156185,0.0071283110296590435,lower,0.1
82,phase1,lower,-10.0,4,-11.385500718585746,-10.285328197480002,-7.686140053844142,-5.063924691427384,-2.5919212027483174,-0.0515146455093797,lower,0.1
83,phase1,lower,-10.0,4,-11.385500718585746,-10.321772564074859,-7.699175056920161,-5.0837166136187895,-2.5974393701854224,-0.013156802508125114,lower,0.1
84,phase1,lower,-10.0,4,-11.385500718585746,-10.3213539356167,-7.688801469581643,-5.085349327906885,-2.5905046469177755,-0.0032875562560726744,lower,0.1
85,phase1,lower,-10.0,4,-11.385500718585746,-10.311057489643659,-7.6737784666373985,-5.082324352102969,-2.5815080948992075,-0.0009500066714750844,lower,0.1
86,phase1,lower,-10.0,4,-11.385500718585746,-10.29818459334736,-7.658924711620577,-5.0782913692786975,-2.5730491527601216,-0.0005759910257559773,lower,0.1
87,phase1,lower,-10.0,4,-11.385500718585746,-10.284776997097861,-7.645375326643569,-5.07426016752505,-2.5656731625420988,-0.0006880482466182564,lower,0.1
88,phase1,lower,-10.0,4,-11.385500718585746,-10.271456073474388,-7.63330445413678,-5.070521663306897,-2.5593950827277574,-0.0008960898050774382,lower,0.1
89,phase1,lower,-10.0,4,-11.385500718585746,-10.258447392365197,-7.622645719728918,-5.067161915660513,-2.5541031664984244,-0.00109902092392098,lower,0.1
90,phase1,lower,-10.0,4,-11.385500718585746,-10.245856343933097,-7.613281105430142,-5.064201639595417,-2.5496650051683685,-0.0012724974440942928,lower,0.1
91,phase1,lower,-10.0,4,-11.385500718585746,-10.233744067782485,-7.605089028603857,-5.061635744397128,-2.5459545458564667,-0.0014124952534124028,lower,0.1
92,phase1,lower,-10.0,4,-11.385500718585746,-10.222149809592693,-7.597955421660492,-5.059445924652663,-2.542858189496396,-0.0015203009350278547,lower,0.1
93,phase1,lower,-10.0,4,-11.385500718585746,-10.211098641640998,-7.591775328422448,-5.057605762666848,-2.540275409709088,-0.0015985151520007906,lower,0.1
94,phase1,lower,-10.0,4,-11.385500718585746,-10.200604973955944,-7.586452267591314,-5.056083555693432,-2.5381179917145436,-0.0016499851410268324,lower,0.1
95,phase1,lower,-10.0,4,-11.385500718585746,-10.190674689946405,-7.581897236516204,-5.054844290041628,-2.536308975910995,-0.0016775172514384836,lower,0.1
96,phase1,lower,-10.0,4,-11.385500718585746,-10.18130671012968,-7.578027807576151,-5.053851172174591,-2.5347815896808603,-0.0016837980595847055,lower,0.1
97,phase1,lower,-10.0,4,-11.385500718585746,-10.172494238127955,-7.574767399128606,-5.053066854265322,-2.533478238312817,-0.0016713719823775615,lower,0.1
98,phase1,lower,-10.0,4,-11.385500718585746,-10.16422578901216,-7.572044710846921,-5.05245441594895,-2.532349569664953,-0.001642634823210823,lower,0.1
99,phase1,lower,-10.0,4,-11.385500718585746,-10.156486052536525,-7.569793294207835,-5.051978140987937,-2.531353612497683,-0.0015998323452814911,lower,0.1
100,phase1,lower,-10.0,4,-11.385500718585746,-10.14925662581441,-7.5679512284722055,-5.05160411887132,-2.5304549847481392,-0.0015450608686043863,lower,0.1
101,phase1,upper,-15.0,2,-11.764751709848895,-10.14925662581441,-7.5679512284722055,-5.05160411887132,-2.5304549847481392,-0.0020127681162255195,lower,0.1
102,phase1,lower,-10.0,4,-11.764751709848895,-10.14293757738479,-7.568531198522013,-5.050821447559851,-2.5277333259174024,-0.0021175112614466706,lower,0.1
103,phase1,lower,-10.0,4,-11.764751709848895,-10.137402699633814,-7.568935311568951,-5.049779169563077,-2.525439390771137,-0.0021928453510479343,lower,0.1
104,phase1,lower,-10.0,4,-11.764751709848895,-10.13252952164327,-7.569139809486059,-5.048540118006942,-2.5235079868645034,-0.0022412925874349962,lower,0.1
105,phase1,lower,-10.0,4,-11.764751709848895,-10.128207713756241,-7.569131653929328,-5.0471556944359515,-2.521881933238051,-0.0022653069631111186,lower,0.1
106,phase1,lower,-10.0,4,-11.764751709848895,-10.124338884040352,-7.568906208261767,-5.045667692572927,-2.5205112413071626,-0.002267266399387327,lower,0.1
107,phase1,lower,-10.0,4,-11.764751709848895,-10.120836156221943,-7.568465328734368,-5.044109861971352,-2.5193523711269274,-0.0022494656979846995,lower,0.1
108,phase1,upper,-15.0,2,-12.105084951383192,-10.120836156221943,-7.568465328734368,-5.044109861971352,-2.5193523711269274,-0.0009723694701375702,lower,0.1
109,phase1,lower,-10.0,4,-12.105084951383192,-10.116474205996308,-7.566980204229708,-5.043626812180431,-2.5191000444964646,-0.0008802702985183496,lower,0.1
110,phase1,lower,-10.0,4,-12.105084951383192,-10.112317049088315,-7.565638254975603,-5.043121115353612,-2.518765201180217,-0.0007888439426157996,lower,0.1
111,phase1,upper,-15.0,2,-12.408770521571112,-10.112317049088315,-7.565638254975603,-5.043121115353612,-2.518765201180217,-0.002099079391583217,lower,0.1
112,phase1,lower,-10.0,4,-12.408770521571112,-10.109538341129468,-7.564850704254643,-5.041314520934016,-2.5179277360724526,-0.0020233239820422614,lower,0.1
113,phase1,lower,-10.0,4,-12.408770521571112,-10.106890569025824,-7.563848281984539,-5.039525821739706,-2.5171792662441566,-0.0019378476634120366,lower,0.1
114,phase1,lower,-10.0,4,-12.408770521571112,-10.104330403218766,-7.562653461471708,-5.037764609598262,-2.5165007882389423,-0.0018443454495843288,lower,0.1
115,phase1,lower,-10.0,4,-12.408770521571112,-10.101822619948686,-7.561288482598523,-5.0360380723883855,-2.5158763471012766,-0.0017444032380277879,lower,0.1
116,phase1,lower,-10.0,4,-12.408770521571112,-10.099339169127894,-7.559775026356968,-5.034351463190343,-2.515292676394718,-0.00163949726453696,lower,0.1
117,phase1,lower,-10.0,4,-12.408770521571112,-10.096858302388885,-7.558133972171381,-5.03270849180003,-2.6098150054235325,-0.04308841485345073,lower,0.1
118,phase1,lower,-10.0,4,-12.408770521571112,-10.131765442735238,-7.583528554288539,-5.0606702043732845,-2.612838519651548,-0.010497745999407417,lower,0.1
119,phase1,lower,-10.0,4,-12.408770521571112,-10.136389725290035,-7.588345346237114,-5.071259841182592,-2.6049577789660194,-0.0018711749456954577,lower,0.1
120,phase1,lower,-10.0,4,-12.408770521571112,-10.133269344835869,-7.588232550553815,-5.076025042690989,-2.5949937255222735,0.00038665031966864615,lower,0.1
121,phase1,lower,-10.0,4,-12.408770521571112,-10.128417680119961,-7.5871688869763405,-5.078232497972071,-2.585215870317296,0.0009527417570923874,lower,0.1
122,phase1,lower,-10.0,4,-12.408770521571112,-10.123435333224215,-7.58606932954071,-5.078921810727735,-2.5761595041011645,0.0010701146105214139,lower,0.1
123,phase1,lower,-10.0,4,-12.408770521571112,-10.118735629706395,-7.585066387023198,-5.0785179232005335,-2.5679055068924983,0.001068972965950278,lower,0.1
124,phase1,lower,-10.0,4,-12.408770521571112,-10.11440662976872,-7.584111101379894,-5.077262508722228,-2.5604198920967094,0.0010369069226109583,lower,0.1
125,phase1,lower,-10.0,4,-12.408770521571112,-10.110443860699489,-7.583128180736189,-5.075331080148658,-2.5536434660477956,0.0009970480853206771,lower,0.1
126,phase1,lower,-10.0,4,-12.408770521571112,-10.10681494942637,-7.582053298155029,-5.0728662585715245,-2.5475151192877123,0.0009554267271551885,lower,0.1
127,phase1,lower,-10.0,4,-12.408770521571112,-10.103478900244795,-7.580839661023013,-5.06998849619011,-2.541977528433028,0.0009135586612225646,lower,0.1
128,phase1,lower,-10.0,4,-12.408770521571112,-10.100392773527515,-7.579456923831785,-5.066800578397102,-2.5369782309922413,0.0008717887550047226,lower,0.1
129,phase1,lower,-10.0,4,-12.408770521571112,-10.097514578678437,-7.577888506560612,-5.063390272480764,-2.532469514770292,0.0008301769743492672,lower,0.1
130,phase1,lower,-10.0,4,-12.408770521571112,-10.094804812189741,-7.661937117251282,-5.091942817599007,-2.551586994691372,-0.017117871023111502,lower,0.1
131,phase1,lower,-10.0,4,-12.408770521571112,-10.116924126616695,-7.665233537459282,-5.094974643861911,-2.551291891385798,-0.003270760914872842,lower,0.1
132,phase1,lower,-10.0,4,-12.408770521571112,-10.12469875252434,-7.659676714793772,-5.091231009434748,-2.5464191337962854,0.00038470670227777024,lower,0.1
133,phase1,lower,-10.0,4,-12.408770521571112,-10.127850312719234,-7.651977232345468,-5.085748383452517,-2.540850962739098,0.0013323015252612043,lower,0.1
134,phase1,lower,-10.0,4,-12.408770521571112,-10.129063933309123,-7.643909671217548,-5.07990775056404,-2.535564477967131,0.0015605471608671766,lower,0.1
135,phase1,lower,-10.0,4,-12.408770521571112,-10.129144014655184,-7.6359409477145235,-5.074108801851331,-2.5307702912328507,0.001597342424464208,lower,0.1
136,phase1,lower,-10.0,4,-12.408770521571112,-10.1283860997791,-7.628193465349624,-5.068482329191314,-2.5264804801977823,0.0015824553845710113,lower,0.1
137,phase1,lower,-10.0,4,-12.408770521571112,-10.126942626490038,-7.620700073771039,-5.0630809142102065,-2.522659048427764,0.0015526072705790536,lower,0.1
138,phase1,lower,-10.0,4,-12.408770521571112,-10.124921024674617,-7.613471005881133,-5.0579307508262366,-2.5192614434563843,0.0015172423858829838,lower,0.1
139,phase1,lower,-10.0,4,-12.408770521571112,-10.122410504647975,-7.606511027463771,-5.053046392746309,-2.516244621907106,0.0014786571127492101,lower,0.1
140,phase1,lower,-10.0,4,-12.408770521571112,-10.119489765528082,-7.599823511053997,-5.0484355050602225,-2.5135693225555245,0.0014373384607607419,lower,0.1
141,phase1,lower,-10.0,4,-12.408770521571112,-10.116229535465989,-7.593411163747002,-5.044100836352754,-2.511200303937362,0.001393371405201229,lower,0.1
142,phase1,lower,-10.0,4,-12.408770521571112,-10.11269366402941,-7.587275970680021,-5.040041345657532,-2.5091060750370704,0.001346801791046126,lower,0.1
143,phase1,lower,-10.0,4,-12.408770521571112,-10.10893977308253,-7.581419014415223,-5.036253012588593,-2.5072585234542957,0.0012977222602546926,lower,0.1
144,phase1,lower,-10.0,4,-12.408770521571112,-10.10501974718157,-7.575840328352452,-5.032729483554878,-2.5056325464920115,0.0012462852657735245,lower,0.1
145,phase1,lower,-10.0,4,-12.408770521571112,-10.100980148559463,-7.570538811716465,-5.029462605654204,-2.5042057110752025,0.001192697450184089,lower,0.1
146,phase1,lower,-10.0,4,-12.408770521571112,-10.096862587169998,-7.565512201416946,-5.026442871562694,-2.5803668124805643,-0.02879428706284614,lower,0.1
147,phase1,lower,-10.0,4,-12.408770521571112,-10.119642406951254,-7.57926430780847,-5.043752139270008,-2.5805402061351583,-0.00656243165566573,lower,0.1
148,phase1,lower,-10.0,4,-12.408770521571112,-10.121510785527075,-7.57914684506503,-5.049266353141923,-2.573568237626603,-0.0007544298928003671,lower,0.1
149,phase1,lower,-10.0,4,-12.408770521571112,-10.11795337838439,-7.575879988858347,-5.050926549398177,-2.5654617741528885,0.0006939642416987218,lower,0.1
150,phase1,lower,-10.0,4,-12.408770521571112,-10.113121471614258,-7.572185416213908,-5.0509889407133635,-2.557742791781558,0.0009895124609359378,lower,0.1
151,phase1,lower,-10.0,4,-12.408770521571112,-10.108137304859381,-7.568685864759005,-5.050176806441683,-2.5507470722419474,0.000984422766952087,lower,0.1
152,phase1,lower,-10.0,4,-12.408770521571112,-10.103306180359088,-7.565468541717939,-5.048786989697141,-2.5445015024834374,0.0009049998864181109,lower,0.1
153,phase1,lower,-10.0,4,-12.408770521571112,-10.098707916597196,-7.562496621888658,-5.046986510860677,-2.538956698037083,0.0008111679572899743,lower,0.1
154,phase1,lower,-10.0,4,-12.408770521571112,-10.09435673596478,-7.559715182108587,-5.04489359333586,-2.5340483071854196,0.0007186255232002822,lower,0.1
155,phase1,lower,-10.0,4,-12.408770521571112,-10.09024581760828,-7.557076461764174,-5.042601115870205,-2.5297128221475593,0.0006313188542318327,lower,0.1
156,phase1,lower,-10.0,4,-12.408770521571112,-10.086360695055061,-7.55454415150608,-5.040184526816858,-2.5258913411023602,0.0005500750727177222,lower,0.1
157,phase1,lower,-10.0,4,-12.408770521571112,-10.082683973134717,-7.55209251186367,-5.037705421908569,-2.5225301675125738,0.00047489756998368455,lower,0.1
158,phase1,upper,-15.0,2,-12.679704006904945,-10.082683973134717,-7.55209251186367,-5.037705421908569,-2.5225301675125738,0.0010823433006807064,lower,0.1
159,phase1,lower,-10.0,4,-12.679704006904945,-10.078650718036998,-7.549957257596761,-5.035822877685368,-2.5193914492260547,0.0010008228631313157,lower,0.1
160,phase1,lower,-10.0,4,-12.679704006904945,-10.074880631416157,-7.547919849619592,-5.033872069187285,-2.516627635414367,0.0009218822073627537,lower,0.1
161,phase1,lower,-10.0,4,-12.679704006904945,-10.071354859249874,-7.54596056350145,-5.031892519351439,-2.5141987230488008,0.0008455503008819757,lower,0.1
162,phase1,lower,-10.0,4,-12.679704006904945,-10.068054434404239,-7.544065447280053,-5.029916037449216,-2.512068795027461,0.0007718703908653268,lower,0.1
163,phase1,lower,-10.0,4,-12.679704006904945,-10.064960852340043,-7.542225008398358,-5.027967893490052,-2.510205601831316,0.0007008960022229896,lower,0.1
164,phase1,lower,-10.0,4,-12.679704006904945,-10.062056461543873,-7.5404331457174365,-5.026067832865213,-2.508580184905527,0.0006326864764673625,lower,0.1
165,phase1,lower,-10.0,4,-12.679704006904945,-10.059324712132408,-7.53868628704235,-5.024230951915159,-2.5071665383643165,0.0005673028598006019,lower,0.1
166,phase1,lower,-10.0,4,-12.679704006904945,-10.056750297049582,-7.53698269805297,-5.022468452282876,-2.5059413055502833,0.0005048043316320647,lower,0.1
167,phase1,lower,-10.0,4,-12.679704006904945,-10.054319213251453,-7.535321933556814,-5.020788289664902,-2.5048835071484232,0.00044524519711214815,lower,0.1
168,phase1,lower,-10.0,4,-12.679704006904945,-10.052018764604588,-7.533704406389556,-5.019195730645244,-2.503974297783176,0.0003886724202824169,lower,0.1
169,phase1,lower,-10.0,4,-12.679704006904945,-10.04983752360483,-7.532131053097795,-5.017693829610886,-2.503196748264513,0.00033512366046904143,lower,0.1
170,phase1,upper,-15.0,2,-12.922351211688571,-10.04983752360483,-7.532131053097795,-5.017693829610886,-2.503196748264513,-4.412753996182518e-05,lower,0.1
171,phase1,lower,-10.0,4,-12.922351211688571,-10.048106591340092,-7.530345908192897,-5.015987958283136,-2.502827685390578,-6.280577528583121e-05,lower,0.1
172,phase1,lower,-10.0,4,-12.922351211688571,-10.046387048223131,-7.528605372775991,-5.014458456653911,-2.502527110994499,-7.872947251508663e-05,lower,0.1
173,phase1,lower,-10.0,4,-12.922351211688571,-10.044679737203682,-7.5269206336975225,-5.013091775226368,-2.5022849957663467,-9.209603412030907e-05,lower,0.1
174,phase1,lower,-10.0,4,-12.922351211688571,-10.042986713283772,-7.525300430250059,-5.011874726072191,-2.502092425936836,-0.00010309680353522155,lower,0.1
175,phase1,lower,-10.0,4,-12.922351211688571,-10.041310872103582,-7.523751336129209,-5.0107945699792475,-2.5019415014769395,-0.00011191695628268137,lower,0.1
176,phase1,lower,-10.0,4,-12.922351211688571,-10.0396556437668,-7.522278022635274,-5.0098390845499985,-2.5018252429248253,-0.00011873537510709067,lower,0.1
177,phase1,lower,-10.0,4,-12.922351211688571,-10.038024743491242,-7.589655498616541,-5.03008187292028,-2.516148210245899,-0.01135355297365703,lower,0.1
178,phase1,lower,-10.0,4,-12.922351211688571,-10.053406016680063,-7.590974421027906,-5.033826907015077,-2.5177572742012715,-0.0024569282250531937,lower,0.1
179,phase1,lower,-10.0,4,-12.922351211688571,-10.059374092517395,-7.586843794800016,-5.033172872448571,-2.5162566608116514,-0.00014214294093588598,lower,0.1
180,phase1,lower,-10.0,4,-12.922351211688571,-10.062248991392499,-7.581566359103272,-5.031360876466227,-2.5141692237805864,0.00042821008754345604,lower,0.1
181,phase1,lower,-10.0,4,-12.922351211688571,-10.063795339084788,-7.576256787534984,-5.02927215320194,-2.512138420449432,0.0005394599156261462,lower,0.1
182,phase1,lower,-10.0,4,-12.922351211688571,-10.064555970005744,-7.571187016207999,-5.027156150516073,-2.5103108900510387,0.0005327536483575597,lower,0.1
183,phase1,lower,-10.0,4,-12.922351211688571,-10.064739596342447,-7.566408803682505,-5.025090619116752,-2.5087037460744783,0.0004983007960122369,lower,0.1
184,phase1,lower,-10.0,4,-12.922351211688571,-10.064458046360043,-7.561918489476883,-5.023104537723946,-2.5073019899396476,0.0004596532575442889,lower,0.1
185,phase1,lower,-10.0,4,-12.922351211688571,-10.063790402739937,-7.557700187744229,-5.021211325382766,-2.5060841958058075,0.0004226890530023412,lower,0.1
186,phase1,lower,-10.0,4,-12.922351211688571,-10.062800961092664,-7.553736775699944,-5.0194181301610845,-2.50502914070952,0.0003886305572126025,lower,0.1
187,phase1,lower,-10.0,4,-12.922351211688571,-10.061544775051901,-7.550012413088081,-5.017728691993704,-2.50411738264334,0.0003575020193511808,lower,0.1
188,phase1,lower,-10.0,4,-12.922351211688571,-10.060069787038103,-7.546512887197023,-5.016144439335623,-2.503331508956224,0.0003290455297448366,lower,0.1
189,phase1,lower,-10.0,4,-12.922351211688571,-10.058417956077225,-7.543225443708033,-5.014665065689472,-2.502656044451893,0.00030296137856134864,lower,0.1
190,phase1,lower,-10.0,4,-12.922351211688571,-10.0566260395996,-7.540138533710257,-5.013288923828953,-2.502077281863832,0.0002789688777388008,lower,0.1
191,phase1,lower,-10.0,4,-12.922351211688571,-10.0547262170207,-7.537241581946716,-5.012013333359288,-2.501583104065856,0.00025681955687725463,lower,0.1
192,phase1,lower,-10.0,4,-12.922351211688571,-10.052746615912111,-7.534524796342705,-5.010834832201865,-2.5011628158838213,0.00023629782971541275,lower,0.1
193,phase1,lower,-10.0,4,-12.922351211688571,-10.050711765908426,-7.5319790175183785,-5.009749384687259,-2.5008069896150933,0.0002172184831730459,lower,0.1
194,phase1,lower,-10.0,4,-12.922351211688571,-10.048642994434566,-7.529595602383721,-5.008752553632969,-2.5005073246610907,0.00019942348998239388,lower,0.1
195,phase1,lower,-10.0,4,-12.922351211688571,-10.046558774088497,-7.527366335607575,-5.007839641879131,-2.500256520672089,0.00018277881876384554,lower,0.1
196,phase1,upper,-15.0,2,-13.139770459480658,-10.046558774088497,-7.527366335607575,-5.007839641879131,-2.500256520672089,8.39132763733251e-05,lower,0.1
197,phase1,lower,-10.0,4,-13.139770459480658,-10.044564008291669,-7.525230960960627,-5.0069308754760735,-2.5001144060445113,7.098290994724012e-05,lower,0.1
198,phase1,lower,-10.0,4,-13.139770459480658,-10.042566818939612,-7.584198956114738,-5.022663346452338,-2.5114708420558314,-0.00881885046679254,lower,0.1
199,phase1,lower,-10.0,4,-13.139770459480658,-10.054666998077238,-7.5835939225299525,-5.025447084924809,-2.5128077414174026,-0.0018076951818096084,lower,0.1
200,phase1,lower,-10.0,4,-13.139770459480658,-10.059186616186139,-7.578848887310082,-5.024799212083814,-2.5116854131006336,2.2027753717910578e-05,lower,0.1
201,phase1,lower,-10.0,4,-13.139770459480658,-10.061133018320186,-7.573339447091915,-5.023266397566186,-2.5100909207193163,0.00047744659208955644,lower,0.1
202,phase1,lower,-10.0,4,-13.139770459480658,-10.06192395926448,-7.56793269923509,-5.021538587252113,-2.5085321170903487,0.0005701634255722987,lower,0.1
203,phase1,lower,-10.0,4,-13.139770459480658,-10.062011686178526,-7.562833050416702,-5.019808971523521,-2.5071257523174473,0.0005687082932079108,lower,0.1
204,phase1,lower,-10.0,4,-13.139770459480658,-10.061581985138455,-7.558072173424545,-5.01813602550615,-2.505886536739904,0.0005441314399265857,lower,0.1
205,phase1,lower,-10.0,4,-13.139770459480658,-10.06074128567113,-7.553638662608517,-5.016540201926071,-2.504803806199126,0.0005150325351063351,lower,0.1
206,phase1,lower,-10.0,4,-13.139770459480658,-10.059567494083272,-7.549512012600508,-5.015030024050326,-2.5038617366442506,0.0004861097125539516,lower,0.1
207,phase1,lower,-10.0,4,-13.139770459480658,-10.058124447193697,-7.545671248557906,-5.013609355394089,-2.503044563412596,0.00045840334093446867,lower,0.1
208,phase1,lower,-10.0,4,-13.139770459480658,-10.056466564323275,-7.542096889452447,-5.012279616747762,-2.502337825352381,0.0004320155148555846,lower,0.1
209,phase1,lower,-10.0,4,-13.139770459480658,-10.054640782872822,-7.538771198849056,-5.011040617323242,-2.5017285632456265,0.0004068294562307756,lower,0.1
210,phase1,lower,-10.0,4,-13.139770459480658,-10.052687677959838,-7.535678030308171,-5.009890980296914,-2.50120525107145,0.0003826973496272616,lower,0.1
211,phase1,lower,-10.0,4,-13.139770459480658,-10.050642285580007,-7.532802606469617,-5.008828428256574,-2.500757666730662,0.00035948702207164987,lower,0.1
212,phase1,lower,-10.0,4,-13.139770459480658,-10.048534779349103,-7.530131314811786,-5.00785000348859,-2.5003767567119928,0.0003370912768831159,lower,0.1
213,phase1,lower,-10.0,4,-13.139770459480658,-10.046391050746177,-7.527651536111739,-5.006952246870266,-2.50005450866054,0.00031542749638799864,lower,0.1
214,phase1,lower,-10.0,4,-13.139770459480658,-10.044233214535984,-7.525351504777279,-5.006131345067473,-2.499783834987676,0.00029443486659484937,lower,0.1
215,phase1,lower,-10.0,4,-13.139770459480658,-10.042080052180177,-7.523220196555139,-5.005383251583618,-2.5535133849154894,-0.013804412326109156,lower,0.1
216,phase1,lower,-10.0,4,-13.139770459480658,-10.052618037711172,-7.529965637824062,-5.016092884499411,-2.55227308176155,-0.0032369127967238685,lower,0.1
217,phase1,lower,-10.0,4,-13.139770459480658,-10.053266019239512,-7.530354199854892,-5.020814854697674,-2.547758939286094,-0.0004668501544733578,lower,0.1
218,phase1,lower,-10.0,4,-13.139770459480658,-10.051395002440076,-7.529412682067334,-5.023368631843162,-2.5428125074974024,0.000233086380326077,lower,0.1
219,phase1,lower,-10.0,4,-13.139770459480658,-10.048986992660508,-7.528381962133672,-5.0248688663587595,-2.5381456156653366,0.0003852281684643383,lower,0.1
220,phase1,lower,-10.0,4,-13.139770459480658,-10.046579784256206,-7.527516015602816,-5.025697181046815,-2.533908145540003,0.00039411624058686675,lower,0.1
221,phase1,lower,-10.0,4,-13.139770459480658,-10.044318702774339,-7.574430400978226,-5.035381127400726,-2.536458131441936,-0.0044738157930262895,lower,0.1
222,phase1,lower,-10.0,4,-13.139770459480658,-10.05135630680845,-7.573274154152928,-5.037371520945819,-2.5338012205212137,-0.0005718309236533718,lower,0.1
223,phase1,lower,-10.0,4,-13.139770459480658,-10.054062739374187,-7.569942665566111,-5.037084173934139,-2.5301319011856633,0.0004280179937976434,lower,0.1
224,phase1,lower,-10.0,4,-13.139770459480658,-10.055265515798961,-7.566277779691689,-5.036016320688969,-2.526525727445308,0.0006590220775309628,lower,0.1
225,phase1,lower,-10.0,4,-13.139770459480658,-10.055773622318455,-7.562727439863754,-5.034613989361222,-2.523233180610062,0.0006879052723902628,lower,0.1
226,phase1,upper,-15.0,2,-13.333998251417384,-10.055773622318455,-7.562727439863754,-5.034613989361222,-2.523233180610062,0.0004892586300254624,lower,0.1
227,phase1,lower,-10.0,4,-13.333998251417384,-10.056028671305963,-7.559295292312547,-5.032877402180093,-2.5203923427429835,0.0004499169383856529,lower,0.1
228,phase1,lower,-10.0,4,-13.333998251417384,-10.055950408162074,-7.556067475882134,-5.031061872402631,-2.517865403429851,0.0004064619274295472,lower,0.1
229,phase1,lower,-10.0,4,-13.333998251417384,-10.055596299199392,-7.553017952525683,-5.029208261483074,-2.515623078138295,0.00036429046078164014,lower,0.1
230,phase1,lower,-10.0,4,-13.333998251417384,-10.055010603117317,-7.550123963668305,-5.027348112356049,-2.513637049289925,0.0003246992068896701,lower,0.1
231,phase1,lower,-10.0,4,-13.333998251417384,-10.054229709886215,-7.589122646348433,-5.031904709809543,-2.516148320934792,-0.00286363098536907,lower,0.1
232,phase1,lower,-10.0,4,-13.333998251417384,-10.060296271419269,-7.585142159790808,-5.031563364251565,-2.5150815745140522,-0.0002451662783704666,lower,0.1
233,phase1,lower,-10.0,4,-13.333998251417384,-10.063001509906956,-7.579861199505057,-5.029935853999837,-2.5132687288371742,0.00041842818610691914,lower,0.1
234,phase1,lower,-10.0,4,-13.333998251417384,-10.06431089349927,-7.574528075061914,-5.027998794449367,-2.5114402573331653,0.0005641461325276179,lower,0.1
235,phase1,lower,-10.0,4,-13.333998251417384,-10.06482488013626,-7.569448231282215,-5.026024554963505,-2.509770336389834,0.0005737709303799206,lower,0.1
236,phase1,lower,-10.0,4,-13.333998251417384,-10.064770821413514,-7.564680262224238,-5.024095148538063,-2.5082873614281582,0.0005486171490193207,lower,0.1
237,phase1,lower,-10.0,4,-13.333998251417384,-10.06426801006047,-7.560220253923891,-5.022239356000546,-2.5069828662110405,0.0005154733369045823,lower,0.1
238,phase1,lower,-10.0,4,-13.333998251417384,-10.063399308443598,-7.556050228996377,-5.0204696234672435,-2.505840287058919,0.0004813435090759291,lower,0.1
239,phase1,lower,-10.0,4,-13.333998251417384,-10.062231191340707,-7.5521505646505735,-5.018792253356284,-2.5048424361042487,0.00044799556567298336,lower,0.1
240,phase1,lower,-10.0,4,-13.333998251417384,-10.060819932662588,-7.548502916634168,-5.01721044067901,-2.503973330320135,0.00041582552515105414,lower,0.1
241,phase1,lower,-10.0,4,-13.333998251417384,-10.059213988087109,-7.545090688568442,-5.015725359151857,-2.5032185346996307,0.00038488182044429443,lower,0.1
242,phase1,lower,-10.0,4,-13.333998251417384,-10.057455264496841,-7.54189890640083,-5.0143366869752555,-2.502565124028287,0.00035513487892446907,lower,0.1
243,phase1,lower,-10.0,4,-13.333998251417384,-10.055580007296207,-7.538913982545198,-5.013042947324617,-2.502001555869129,0.00032654630171696065,lower,0.1
244,phase1,lower,-10.0,4,-13.333998251417384,-10.053619513149561,-7.536123490231868,-5.0118417681617204,-2.537891998801446,-0.0038664937727755713,lower,0.1
245,phase1,lower,-10.0,4,-13.333998251417384,-10.05534975525329,-7.535915268416226,-5.015930288089922,-2.5351503253586114,-0.0008661765848550221,lower,0.1
246,phase1,lower,-10.0,4,-13.333998251417384,-10.054185865495954,-7.565803844293982,-5.0195935802828755,-2.5326187841529966,-0.0006733844226832519,lower,0.1
247,phase1,lower,-10.0,4,-13.333998251417384,-10.055953709356173,-7.561608078688775,-5.02120716139144,-2.5293340783886293,0.00011136162612596571,lower,0.1
248,phase1,lower,-10.0,4,-13.333998251417384,-10.05641892082592,-7.5574952114996945,-5.0219694685761045,-2.5533545823624135,0.0005721218564389841,lower,0.1
249,phase1,upper,-15.0,2,-13.507971247775448,-10.05641892082592,-7.5574952114996945,-5.0219694685761045,-2.5533545823624135,0.0005491618594572622,lower,0.1
250,phase1,lower,-10.0,4,-13.507971247775448,-10.056032304219785,-7.55359510634524,-5.024867175764511,-2.547630040693738,0.00037796255010961576,lower,0.1
251,phase1,lower,-10.0,4,-13.507971247775448,-10.055448418137233,-7.550487001920257,-5.026990348305791,-2.542550604080086,0.00031214290830673203,lower,0.1
252,phase1,lower,-10.0,4,-13.507971247775448,-10.05467134789806,-7.547947202545851,-5.028430077085731,-2.5380154562278694,0.00027548250647531315,lower,0.1
253,phase1,lower,-10.0,4,-13.507971247775448,-10.053750999107011,-7.545831931593586,-5.0292943750443415,-2.5339595212668415,0.0002476562042150305,lower,0.1
254,phase1,lower,-10.0,4,-13.507971247775448,-10.052736201771875,-7.544035451786366,-5.029683624672849,-2.530331098574118,0.00022320582949353942,lower,0.1
255,phase1,lower,-10.0,4,-13.507971247775448,-10.05166524152678,-7.542476047418093,-5.029685648176821,-2.527085529297537,0.00020063250390111746,lower,0.1
256,phase1,lower,-10.0,4,-13.507971247775448,-10.050565752862402,-7.541089860274892,-5.029375795366598,-2.5241831626678013,0.00017949591528819214,lower,0.1
257,phase1,lower,-10.0,4,-13.507971247775448,-10.04945661727989,-7.5398271960980106,-5.028818190609351,-2.5215884998725504,0.00015964215234286411,lower,0.1
258,phase1,lower,-10.0,4,-13.507971247775448,-10.048349997224594,-7.538649814942196,-5.02806713407191,-2.519269682249254,0.0001409974764672717,lower,0.1
259,phase1,upper,-15.0,2,-13.664086744397807,-10.048349997224594,-7.538649814942196,-5.02806713407191,-2.519269682249254,2.108911226261835e-05,lower,0.1
260,phase1,lower,-10.0,4,-13.664086744397807,-10.04736099879532,-7.537446932141163,-5.027076227509919,-2.5172925684166065,1.2149558997440603e-05,lower,0.1
261,phase1,lower,-10.0,4,-13.664086744397807,-10.046358657526806,-7.536279626500076,-5.026001428979917,-2.5155247735208297,4.3023515511705465e-06,lower,0.1
262,phase1,lower,-10.0,4,-13.664086744397807,-10.045346882307737,-7.535135025491237,-5.024871084504828,-2.5139443628260834,-2.5347299261982192e-06,lower,0.1
263,phase1,lower,-10.0,4,-13.664086744397807,-10.044327977883022,-7.534004422822907,-5.02370854244733,-2.5125316269282405,-8.439563006609705e-06,lower,0.1
264,phase1,lower,-10.0,4,-13.664086744397807,-10.043303217983716,-7.532882359191052,-5.022532874552768,-2.5112688621034565,-1.348600096947414e-05,lower,0.1
265,phase1,lower,-10.0,4,-13.664086744397807,-10.042273269505323,-7.5317658673756505,-5.021359503488339,-2.5101401721895833,-1.7744076681788054e-05,lower,0.1
266,phase1,lower,-10.0,4,-13.664086744397807,-10.041238498961368,-7.530653855848608,-5.020200748237967,-2.5091312898506652,-2.1280168175729114e-05,lower,0.1
267,phase1,lower,-10.0,4,-13.664086744397807,-10.04019918680145,-7.5295466088153695,-5.019066297405324,-2.508229415310357,-2.415714596258459e-05,lower,0.1
268,phase1,upper,-15.0,2,-13.804029100142042,-10.04019918680145,-7.5295466088153695,-5.019066297405324,-2.508229415310357,2.1099885311558488e-05,lower,0.1
269,phase1,lower,-10.0,4,-13.804029100142042,-10.039114939106062,-7.528515174729914,-5.018006400252735,-2.5073613572829374,1.249758505230791e-05,lower,0.1
270,phase1,lower,-10.0,4,-13.804029100142042,-10.0380437148419,-7.527485502948093,-5.016967247607605,-2.5065875473664945,4.721349268086008e-06,lower,0.1
271,phase1,lower,-10.0,4,-13.804029100142042,-10.036983644438179,-7.526458801206907,-5.015955748602667,-2.5058979546073235,-2.2623649381760797e-06,lower,0.1
272,phase1,lower,-10.0,4,-13.804029100142042,-10.035933196243496,-7.525436891162616,-5.014977163439772,-2.5052835790801846,-8.487797780575659e-06,lower,0.1
273,phase1,lower,-10.0,4,-13.804029100142042,-10.03489120475341,-7.524421982090435,-5.0140353687498616,-2.5047363479658182,-1.3989852915475061e-05,lower,0.1
274,phase1,lower,-10.0,4,-13.804029100142042,-10.033856873354736,-7.523416493494481,-5.0131330861086045,-2.5042490221430076,-1.880402841638338e-05,lower,0.1
275,phase1,lower,-10.0,4,-13.804029100142042,-10.032829758994286,-7.522422918074036,-5.012272078439244,-2.50381511222062,-2.2966319447656224e-05,lower,0.1
276,phase1,lower,-10.0,4,-13.804029100142042,-10.031809744589763,-7.521443717820174,-5.011453318454572,-2.5034288030437417,-2.6513098882035618e-05,lower,0.1
277,phase1,lower,-10.0,4,-13.804029100142042,-10.030797003701798,-7.520481247154081,-5.010677132779071,-2.5030848858062615,-2.948098150483882e-05,lower,0.1
278,phase1,lower,-10.0,4,-13.804029100142042,-10.02979196093038,-7.519537697990908,-5.009943324942145,-2.502778696990861,-3.1906676862231115e-05,lower,0.1
279,phase1,lower,-10.0,4,-13.804029100142042,-10.028795250645608,-7.518615062443225,-5.009251280037139,-2.52559903389761,0.0022259934894890455,lower,0.1
280,phase1,lower,-10.0,4,-13.804029100142042,-10.025773837684829,-7.516264451926701,-5.009922871679875,-2.5223800163644303,0.0005150917263997722,lower,0.1
281,phase1,lower,-10.0,4,-13.804029100142042,-10.024359316555257,-7.5348845672077225,-5.007668000995805,-2.517699519636763,0.0018577287121553988,lower,0.1
282,phase1,lower,-10.0,4,-13.804029100142042,-10.023739885779563,-7.531014134140943,-5.007882823041831,-2.5154172073683747,0.00033519637623155585,lower,0.1
283,phase1,lower,-10.0,4,-13.804029100142042,-10.024165633877091,-7.528524969905827,-5.0085582875753305,-2.513869577137602,-6.26042188146795e-05,lower,0.1
284,phase1,upper,-15.0,2,-13.929373574417543,-10.024165633877091,-7.528524969905827,-5.0085582875753305,-2.513869577137602,-0.0001119626687253023,lower,0.1
285,phase1,lower,-10.0,4,-13.929373574417543,-10.024702333881818,-7.526650636949209,-5.009235118846237,-2.5126253595235633,-0.00015412779667516586,lower,0.1
286,phase1,lower,-10.0,4,-13.929373574417543,-10.025035879205564,-7.525059393688171,-5.009738125515487,-2.5115180847386873,-0.00015527343002861796,lower,0.1
287,phase1,lower,-10.0,4,-13.929373574417543,-10.025177976740851,-7.523679166052512,-5.010079757354322,-2.5105201182664136,-0.00014606032489476256,lower,0.1
288,phase1,lower,-10.0,4,-13.929373574417543,-10.025159549964423,-7.522465971198492,-5.010282338074884,-2.5096165669077775,-0.00013461888413387031,lower,0.1
289,phase1,lower,-10.0,4,-13.929373574417543,-10.02501134908355,-7.5213876681115,-5.0103681097777075,-2.5087967368898414,-0.000123090488509107,lower,0.1
290,phase1,lower,-10.0,4,-13.929373574417543,-10.024759762426005,-7.520418925634789,-5.010356947876146,-2.508051776400072,-0.00011202490120600741,lower,0.1
291,phase1,lower,-10.0,4,-13.929373574417543,-10.024426501157969,-7.519539281526215,-5.010266069347085,-2.5073739714164756,-0.00010154939731179646,lower,0.1
292,phase1,lower,-10.0,4,-13.929373574417543,-10.024029173652373,-7.518732116459248,-5.010110230662011,-2.5067564892903365,-9.167965268507886e-05,lower,0.1
293,phase1,lower,-10.0,4,-13.929373574417543,-10.023581979620477,-7.517983950834245,-5.009902020543073,-2.506193248693148,-8.240242864148491e-05,lower,0.1
294,phase1,lower,-10.0,4,-13.929373574417543,-10.023096338927632,-7.517283895230558,-5.009652146871437,-2.505678829682175,-7.36975489074561e-05,lower,0.1
295,phase1,lower,-10.0,4,-13.929373574417543,-10.02258142235194,-7.516623199419331,-5.009369694778063,-2.50520840024357,-6.554370712568298e-05,lower,0.1
296,phase1,lower,-10.0,4,-13.929373574417543,-10.022044589395092,-7.515994876616734,-5.009062353160527,-2.504777652398883,-5.791995509515642e-05,lower,0.1
297,phase1,lower,-10.0,4,-13.929373574417543,-10.021491746076842,-7.515393389338323,-5.008736611851128,-2.5043827454814718,-5.08060303529235e-05,lower,0.1
298,phase1,lower,-10.0,4,-13.929373574417543,-10.020927635830308,-7.5148143868585535,-5.008397932638636,-2.504020255455786,-4.4182369379348104e-05,lower,0.1
299,phase1,lower,-10.0,4,-13.929373574417543,-10.020356075065575,-7.514254486171461,-5.008050897298101,-2.503687129545746,-3.8030036463597915e-05,lower,0.1
300,phase1,lower,-10.0,4,-13.929373574417543,-10.01978014320898,-7.513711089647665,-5.007699335497801,-2.5033806455923835,-3.233063314988381e-05,lower,0.1
301,phase1,lower,-10.0,4,-13.929373574417543,-10.019202335422683,-7.51318223361405,-5.007346435135014,-2.5030983756450627,-2.7066208219586702e-05,lower,0.1
302,phase1,lower,-10.0,4,-13.929373574417543,-10.018624684829218,-7.512666462946554,-5.006994837353921,-2.502838153350806,-2.2219175336307415e-05,lower,0.1
303,phase1,lower,-10.0,4,-13.929373574417543,-10.018048859898755,-7.512162727503233,-5.006646718230157,-2.502598044755382,-1.77722413641352e-05,lower,0.1
304,phase1,lower,-10.0,4,-13.929373574417543,-10.01747624167643,-7.511670296855625,-5.006303858867263,-2.5023763221719686,-1.3708346708900588e-05,lower,0.1
305,phase1,lower,-10.0,4,-13.929373574417543,-10.016907984706387,-7.527597716760773,-5.0016353655914,-2.4991920732321806,0.0022717306084179528,lower,0.1
306,phase1,lower,-10.0,4,-13.929373574417543,-10.01593240036425,-7.523563422047416,-5.000370478595693,-2.4986379301124555,0.00044946627636354824,lower,0.1
307,phase1,lower,-10.0,4,-13.929373574417543,-10.01629098288384,-7.5209697654067815,-5.000031473311586,-2.498744026301862,-2.440632250685849e-05,lower,0.1
308,phase1,lower,-10.0,4,-13.929373574417543,-10.016780826826391,-7.518905378058866,-4.999954418549651,-2.498991096279295,-0.00014064711468346442,lower,0.1
309,phase1,lower,-10.0,4,-13.929373574417543,-10.017119864352853,-7.517114859000995,-4.99995846778981,-2.499245053653506,-0.0001625313412808739,lower,0.1
310,phase1,lower,-10.0,4,-13.929373574417543,-10.01726564202482,-7.515518110530035,-4.999991986133032,-2.4994738057355543,-0.00015996075702088224,lower,0.1
311,phase1,lower,-10.0,4,-13.929373574417543,-10.01723485355666,-7.51408254384803,-5.0000383627476825,-2.4996720066603793,-0.0001514435706497814,lower,0.1
312,phase1,lower,-10.0,4,-13.929373574417543,-10.017055921799383,-7.512789078071663,-5.000090869898672,-2.499841085303676,-0.00014183570167484059,lower,0.1
313,phase1,lower,-10.0,4,-13.929373574417543,-10.016756889558117,-7.511623065589018,-5.00014589007396,-2.499983965605774,-0.00013237265184462728,lower,0.1
314,phase1,lower,-10.0,4,-13.929373574417543,-10.016362642547866,-7.510571838964052,-5.00020103797116,-2.500103691151043,-0.00012333547798262944,lower,0.1
315,phase1,lower,-10.0,4,-13.929373574417543,-10.01589456411967,-7.509624015025302,-5.000254594372406,-2.5002030860259277,-0.00011475871074811985,lower,0.1
316,phase1,lower,-10.0,4,-13.929373574417543,-10.015370792049906,-7.508769264317562,-5.0003052981655,-2.5002846894444413,-0.00010661778078517356,lower,0.1
317,phase1,lower,-10.0,4,-13.929373574417543,-10.014806595279378,-7.507998203534777,-5.000352241819148,-2.500350761379958,-9.887810629682473e-05,lower,0.1
318,phase1,lower,-10.0,4,-13.929373574417543,-10.014214746400585,-7.507302320737365,-5.000394801568411,-2.500403305287462,-9.150743835306364e-05,lower,0.1
319,phase1,lower,-10.0,4,-13.929373574417543,-10.01360586052878,-7.506673910023343,-5.000432583109375,-2.5004440936053816,-8.447847806865167e-05,lower,0.1
320,phase1,lower,-10.0,4,-13.929373574417543,-10.012988696108497,-7.5061060099526005,-5.000465376875298,-2.5004746922828165,-7.776895169040345e-05,lower,0.1
321,phase1,lower,-10.0,4,-13.929373574417543,-10.012370419549429,-7.505592344587885,-5.000493120589082,-2.5004964834052283,-7.136105697484513e-05,lower,0.1
322,phase1,lower,-10.0,4,-13.929373574417543,-10.011756837004551,-7.505127267127232,-5.000515867835324,-2.5005106857579342,-6.524079113545538e-05,lower,0.1
323,phase1,lower,-10.0,4,-13.929373574417543,-10.011152596728842,-7.504705706312849,-5.000533761751041,-2.5005183733800993,-5.939729644818088e-05,lower,0.1
324,phase1,lower,-10.0,4,-13.929373574417543,-10.010561365254045,-7.504323115787367,-5.000547013098118,-2.5005204922242297,-5.382225917759777e-05,lower,0.1
325,phase1,lower,-10.0,4,-13.929373574417543,-10.009985980340636,-7.50397542650736,-5.000555882086258,-2.500517875055096,-4.850937003516607e-05,lower,0.1
326,phase1,lower,-10.0,4,-13.929373574417543,-10.00942858339034,-7.503659002261576,-5.000560663398825,-2.500511254726915,-4.3453846511131325e-05,lower,0.1
327,phase1,upper,-15.0,2,-14.041605160330834,-10.00942858339034,-7.503659002261576,-5.000560663398825,-2.500511254726915,-6.612682181685737e-06,lower,0.1
328,phase1,lower,-10.0,4,-14.041605160330834,-10.008857576691428,-7.503390315097928,-5.000590509345043,-2.50047774634068,-4.009756105949795e-06,lower,0.1
329,phase1,lower,-10.0,4,-14.041605160330834,-10.008314459312574,-7.503147692012645,-5.000609923898582,-2.5004440590891273,-1.7051604495992227e-06,lower,0.1
330,phase1,lower,-10.0,4,-14.041605160330834,-10.007799317226986,-7.5029277029378685,-5.000620155762453,-2.50041048848178,3.2168805849951345e-07,lower,0.1
331,phase1,lower,-10.0,4,-14.041605160330834,-10.00731186627882,-7.50272737522025,-5.00062235624303,-2.500377293928625,2.0903932664606634e-06,lower,0.1
332,phase1,lower,-10.0,4,-14.041605160330834,-10.006851535819024,-7.502544139248717,-5.000617585348282,-2.5003447014108096,3.6196420477704406e-06,lower,0.1
333,phase1,lower,-10.0,4,-14.041605160330834,-10.00641753848415,-7.502375779966135,-5.000606817387302,-2.5003129059905893,4.927258179864337e-06,lower,0.1
334,phase1,lower,-10.0,4,-14.041605160330834,-10.006008928099986,-7.502220393637312,-5.000590946138339,-2.5002820741732394,6.030248372179517e-06,lower,0.1
335,phase1,lower,-10.0,4,-14.041605160330834,-10.005624647430183,-7.502076349316979,-5.000570789643639,-2.5002523461325574,6.944841238564357e-06,lower,0.1
336,phase1,lower,-10.0,4,-14.041605160330834,-10.005263567261748,-7.5019422545238434,-5.000547094681362,-2.5002238378104655,7.686520047233142e-06,lower,0.1
337,phase1,lower,-10.0,4,-14.041605160330834,-10.004924518119916,-7.501816924681761,-5.000520540957685,-2.500196642900069,8.270050086770034e-06,lower,0.1
338,phase1,lower,-10.0,4,-14.041605160330834,-10.004606315731023,-7.501699355937281,-5.000491745055777,-2.500170834720438,8.709501471369859e-06,lower,0.1
339,phase1,lower,-10.0,4,-14.041605160330834,-10.004307781200323,-7.501588701005338,-5.000461264172682,-2.5001464679903282,9.018268171891334e-06,lower,0.1
340,phase1,upper,-15.0,2,-14.142055522251523,-10.004307781200323,-7.501588701005338,-5.000461264172682,-2.5001464679903282,2.0542708778046746e-07,lower,0.1
341,phase1,lower,-10.0,4,-14.142055522251523,-10.004035688296446,-7.501467716637871,-5.000421496378836,-2.5001384383634293,1.9969925905686244e-06,lower,0.1
342,phase1,lower,-10.0,4,-14.142055522251523,-10.003777093837257,-7.501354066891751,-5.0003848259446135,-2.5001296758027713,3.5929350213315455e-06,lower,0.1
343,phase1,lower,-10.0,4,-14.142055522251523,-10.003531557501187,-7.501247486850199,-5.000350954810411,-2.5001203857912637,5.001028280341197e-06,lower,0.1
344,phase1,lower,-10.0,4,-14.142055522251523,-10.003298649510636,-7.501147696742438,-5.000319625524907,-2.500110748098366,6.229473124369563e-06,lower,0.1
345,phase1,lower,-10.0,4,-14.142055522251523,-10.003077947708004,-7.501054407595739,-5.000290615165344,-2.500100919319629,7.286839553388391e-06,lower,0.1
346,phase1,lower,-10.0,4,-14.142055522251523,-10.00286903554118,-7.5009673257741705,-5.000263730110974,-2.500091035151208,8.182005726050485e-06,lower,0.1
347,phase1,lower,-10.0,4,-14.142055522251523,-10.002671500759325,-7.5008861565956915,-5.000238801557761,-2.50008121243252,8.924094863105977e-06,lower,0.1
348,phase1,lower,-10.0,4,-14.142055522251523,-10.002484934657584,-7.500810607188776,-5.000215681676727,-2.50007155098592,9.52241142161793e-06,lower,0.1
349,phase1,lower,-10.0,4,-14.142055522251523,-10.002308931740423,-7.500740388723842,-5.000194240330728,-2.5000621352784997,9.986377647986422e-06,lower,0.1
350,phase1,lower,-10.0,4,-14.142055522251523,-10.002143089698881,-7.500675218132728,-5.000174362275337,-2.500053035927713,1.0325471461650863e-05,lower,0.1
351,phase1,lower,-10.0,4,-14.142055522251523,-10.00198700961795,-7.500614819410759,-5.000155944778997,-2.50004431106961,1.0549166471481159e-05,lower,0.1
352,phase1,lower,-10.0,4,-14.142055522251523,-10.001840296347408,-7.5005589245800754,-5.000138895605885,-2.5000360076058126,1.0666874791794014e-05,lower,0.1
353,phase1,lower,-10.0,4,-14.142055522251523,-10.001702558983364,-7.5005072743795,-5.000123131312166,-2.5000281623431206,1.0687893198419024e-05,lower,0.1
354,phase1,lower,-10.0,4,-14.142055522251523,-10.0015734114191,-7.50045961873494,-5.000108575812616,-2.5000208030376285,1.0621353050940705e-05,lower,0.1
355,phase1,lower,-10.0,4,-14.142055522251523,-10.001452472932938,-7.500415717054752,-5.00009515918012,-2.500013949353529,1.047617430439747e-05,lower,0.1
356,phase1,lower,-10.0,4,-14.142055522251523,-10.001339368788246,-7.500375338386558,-5.000082816645338,-2.5000076137452885,1.0261023838356269e-05,lower,0.1
357,phase1,lower,-10.0,4,-14.142055522251523,-10.001233730826621,-7.500338261465285,-5.000071487768057,-2.5000018022706008,9.984278250392058e-06,lower,0.1
358,phase1,upper,-15.0,2,-14.231998908172582,-10.001233730826621,-7.500338261465285,-5.000071487768057,-2.5000018022706008,3.7816254741521095e-06,lower,0.1
359,phase1,lower,-10.0,4,-14.231998908172582,-10.001140780427562,-7.500306477392475,-5.0000558306262475,-2.499994839214503,3.3431207986602898e-06,lower,0.1
360,phase1,lower,-10.0,4,-14.231998908172582,-10.001054341315335,-7.50027629732114,-5.000041381406399,-2.49998910487761,2.918777754128746e-06,lower,0.1
361,phase1,lower,-10.0,4,-14.231998908172582,-10.000973910015936,-7.500247724785873,-5.000028176848224,-2.499984477261798,2.5107518564742262e-06,lower,0.1
362,phase1,lower,-10.0,4,-14.231998908172582,-10.000899031816258,-7.500220762032364,-5.000016231577188,-2.499980842097316,2.120847428501695e-06,lower,0.1
363,phase1,upper,-15.0,2,-14.312538509247714,-10.000899031816258,-7.500220762032364,-5.000016231577188,-2.499980842097316,7.94574703587522e-06,lower,0.1
364,phase1,lower,-10.0,4,-14.312538509247714,-10.000824053665538,-7.500195643635562,-5.00001111714385,-2.4999779939343467,7.455532833150881e-06,lower,0.1
365,phase1,lower,-10.0,4,-14.312538509247714,-10.000754502682991,-7.500173036566343,-5.000006543927844,-2.4999755933023686,6.9520490912303235e-06,lower,0.1
366,phase1,lower,-10.0,4,-14.312538509247714,-10.000690099227144,-7.500152729540643,-5.000002483080422,-2.499973617384922,6.440543303278461e-06,lower,0.1
367,phase1,lower,-10.0,4,-14.312538509247714,-10.000630565769521,-7.500134526818575,-4.999998905800789,-2.4999720420058975,5.925832478050011e-06,lower,0.1
368,phase1,lower,-10.0,4,-14.312538509247714,-10.000575628625196,-7.50011824705341,-4.999995783413817,-2.4999708419817352,5.412306222129937e-06,lower,0.1
369,phase1,upper,-15.0,2,-14.384646557749008,-10.000575628625196,-7.50011824705341,-4.999995783413817,-2.4999708419817352,2.2423822459665177e-07,lower,0.1
370,phase1,lower,-10.0,4,-14.384646557749008,-10.000529688653616,-7.500102234347924,-4.9999888757311926,-2.499971895792596,-1.323630763051759e-08,lower,0.1
371,phase1,lower,-10.0,4,-14.384646557749008,-10.000486955135724,-7.500087370308557,-4.999983213896955,-2.4999732366854777,-2.2819996946694829e-07,lower,0.1
372,phase1,lower,-10.0,4,-14.384646557749008,-10.00044720203298,-7.5000736705744275,-4.999978691359483,-2.4999748110412536,-4.2104311710518444e-07,lower,0.1
373,phase1,lower,-10.0,4,-14.384646557749008,-10.000410227825931,-7.500061136026147,-4.999975204372834,-2.4999765699738012,-5.922984610731617e-07,lower,0.1
374,phase1,upper,-15.0,2,-14.449212300649576,-10.000410227825931,-7.500061136026147,-4.999975204372834,-2.4999765699738012,2.9871182245234018e-06,lower,0.1
375,phase1,lower,-10.0,4,-14.449212300649576,-10.00037263023955,-7.500052099007945,-4.99997600929358,-2.499976372360968,2.549998981677652e-06,lower,0.1
376,phase1,lower,-10.0,4,-14.449212300649576,-10.000338282117307,-7.5000443362743106,-4.9999768311027015,-2.4999764390562405,2.1336156924421253e-06,lower,0.1
377,phase1,lower,-10.0,4,-14.449212300649576,-10.000306967278885,-7.500037696169696,-4.9999776771607465,-2.499976739003206,1.7393362510902822e-06,lower,0.1
378,phase1,lower,-10.0,4,-14.449212300649576,-10.00027847476534,-7.500032043243743,-4.999978551822831,-2.4999772427611906,1.3682254374745004e-06,lower,0.1
379,phase1,lower,-10.0,4,-14.449212300649576,-10.000252600210285,-7.500027256508461,-4.99997945695495,-2.4999779225348084,1.0210647662354681e-06,lower,0.1
380,phase1,lower,-10.0,4,-14.449212300649576,-10.000229146881813,-7.5000232279004715,-4.999980392389271,-2.4999787521924057,6.98372711847695e-07,lower,0.1
381,phase1,lower,-10.0,4,-14.449212300649576,-10.000207926448239,-7.500019860922462,-4.999981356324247,-2.4999797072739263,4.0042511890855736e-07,lower,0.1
382,phase1,lower,-10.0,4,-14.449212300649576,-10.000188759513053,-7.500017069441222,-4.999982345674884,-2.4999807649887806,1.2727562572698543e-07,lower,0.1
383,phase1,lower,-10.0,4,-14.449212300649576,-10.000171475957806,-7.500014776622529,-4.9999833563780065,-2.49998190420434,-1.212240596110012e-07,lower,0.1
384,phase1,lower,-10.0,4,-14.449212300649576,-10.000155915125932,-7.50001291398564,-4.999984383656926,-2.4999831054257164,-3.454041728454526e-07,lower,0.1
385,phase1,lower,-10.0,4,-14.449212300649576,-10.000141925875658,-7.500011420562381,-4.999985422249563,-2.499984350767522,-5.457573271495896e-07,lower,0.1
386,phase1,lower,-10.0,4,-14.449212300649576,-10.000129366525925,-7.5000102421477415,-4.9999864666036755,-2.4999856239183096,-7.229194802967299e-07,lower,0.1
387,phase1,lower,-10.0,4,-14.449212300649576,-10.00011810471564,-7.500009330630594,-4.999987511042572,-2.5136618745099524,0.005658540456428463,lower,0.1
388,phase1,lower,-10.0,4,-14.449212300649576,-9.99501454089635,-7.496441326660975,-4.998859767867766,-2.5105500031962618,0.0013576956151968847,lower,0.1
389,phase1,lower,-10.0,4,-14.449212300649576,-9.993935293419135,-7.495868290100541,-4.999488182748711,-2.509137666090259,0.00022550544553576093,lower,0.1
390,phase1,lower,-10.0,4,-14.449212300649576,-9.993925638186292,-7.496138602743033,-5.000425298761408,-2.5082330636244916,-6.50286200516534e-05,lower,0.1
391,phase1,lower,-10.0,4,-14.449212300649576,-9.994205460400012,-7.496660231647969,-5.00130844241559,-2.507513406361329,-0.0001324518995795793,lower,0.1
392,phase1,lower,-10.0,4,-14.449212300649576,-9.99457014423443,-7.497259948837972,-5.002060385400094,-2.506887571057905,-0.0001411581259157073,lower,0.1
393,phase1,lower,-10.0,4,-14.449212300649576,-9.994966167008108,-7.497879353933332,-5.002677230487719,-2.506326604409285,-0.00013481599824593593,lower,0.1
394,phase1,lower,-10.0,4,-14.449212300649576,-9.995378820099052,-7.498493454273345,-5.003172351768495,-2.5058186014271757,-0.00012500316599105935,lower,0.1
395,phase1,upper,-15.0,2,-14.50713017367024,-9.995378820099052,-7.498493454273345,-5.003172351768495,-2.5058186014271757,-0.00013866851412368473,lower,0.1
396,phase1,lower,-10.0,4,-14.50713017367024,-9.995815085179192,-7.499081256099083,-5.003540267801728,-2.5165183495565886,0.006300715677064583,lower,0.1
397,phase1,lower,-10.0,4,-14.50713017367024,-9.990471058161823,-7.504591118039818,-4.995867252183332,-2.515755283125966,0.011976250747964481,lower,0.1
398,phase1,lower,-10.0,4,-14.50713017367024,-9.981104438476454,-7.496221235100953,-4.992643210169999,-2.51056186230171,0.0027981611462356525,lower,0.1
399,phase1,lower,-10.0,4,-14.50713017367024,-9.98009777310729,-7.4942355092675355,-5.2633921866406315,-2.697848124801799,-0.14661128773654608,lower,0.1
400,phase2,lower,-20.0,4,-14.50713017367024,-10.113461705686206,-8.640671421787728,-5.590901986660029,-2.9098079290258854,-0.17470598438200857,lower,0.1
401,phase2,lower,-20.0,4,-14.50713017367024,-10.373418063240166,-9.744903264396262,-5.915181416745811,-3.103347812852116,-0.17046678653877528,lower,0.1
402,phase2,lower,-20.0,4,-14.50713017367024,-10.713986691240674,-10.786702319876442,-6.218617052042045,-3.268623094138993,-0.15769450698448373,lower,0.1
403,phase2,lower,-20.0,4,-14.50713017367024,-11.113183310390287,-11.761685174071568,-6.495376403655395,-3.404687556995093,-0.14283942237396602,lower,0.1
404,phase2,lower,-20.0,4,-14.50713017367024,-11.556588976894984,-12.66976945938462,-6.743211119086647,-3.5129896161685275,-0.1277184590584259,lower,0.1
405,phase2,lower,-20.0,4,-14.50713017367024,-12.03285363829653,-13.512106558259584,-6.9612196269318165,-3.5956176996450178,-0.11289828670126811,lower,0.1
406,phase2,lower,-20.0,4,-14.50713017367024,-12.532387388323976,-14.290265870220438,-7.149198659382977,-3.654812568358517,-0.09859687852922351,lower,0.1
407,phase2,lower,-20.0,4,-14.50713017367024,-13.046912427189923,-15.006015888566868,-7.307421608382063,-3.6928202896652587,-0.08492516077448903,lower,0.1
408,phase2,lower,-20.0,4,-14.50713017367024,-13.569255418024657,-15.6612623590638,-7.4365345807728165,-3.711839108747638,-0.07195301691320614,lower,0.1
409,phase2,lower,-20.0,4,-14.50713017367024,-14.093213827350457,-16.258026799778015,-7.537487746383792,-3.7139941656419992,-0.05972840441106017,lower,0.1
410,phase2,lower,-20.0,4,-14.50713017367024,-14.613450688563168,-16.798434537889754,-7.611479847800542,-3.701322100178121,-0.04828383502096506,upper,0.1
411,phase2,upper,-15.0,2,-14.602339264000124,-14.613450688563168,-16.798434537889754,-7.611479847800542,-3.701322100178121,-0.2104952173239177,upper,0.1
412,phase2,upper,-15.0,2,-14.849267542244043,-14.613450688563168,-16.798434537889754,-7.611479847800542,-3.701322100178121,-0.03763934427271501,lower,0.1
413,phase2,lower,-20.0,4,-14.849267542244043,-15.11582448334127,-17.159029499063866,-7.480682690139621,-3.5922105382397667,0.0025917817593795345,upper,0.1
414,phase2,upper,-15.0,2,-14.8874100958907,-15.11582448334127,-17.159029499063866,-7.480682690139621,-3.5922105382397667,0.009704913602288163,upper,0.1
415,phase2,upper,-15.0,2,-14.912882882478803,-15.11582448334127,-17.159029499063866,-7.480682690139621,-3.5922105382397667,0.013032091673659037,upper,0.1
416,phase2,upper,-15.0,2,-14.930047735458427,-15.11582448334127,-17.159029499063866,-7.480682690139621,-3.5922105382397667,0.014264504196022609,upper,0.1
417,phase2,upper,-15.0,2,-14.941600303910493,-15.11582448334127,-17.159029499063866,-7.480682690139621,-3.5922105382397667,0.014345193821414255,upper,0.1
418,phase2,upper,-15.0,2,-14.949270457828339,-15.11582448334127,-17.159029499063866,-7.480682690139621,-3.5922105382397667,0.013803222451487556,upper,0.1
419,phase2,upper,-15.0,2,-14.954213738076927,-15.11582448334127,-17.159029499063866,-7.480682690139621,-3.5922105382397667,0.012937688886345092,upper,0.1
420,phase2,upper,-15.0,2,-14.957232417712959,-15.11582448334127,-17.159029499063866,-7.480682690139621,-3.5922105382397667,0.011919212514707808,upper,0.1
421,phase2,upper,-15.0,2,-14.958902331561584,-15.11582448334127,-17.159029499063866,-7.480682690139621,-3.5922105382397667,0.010846030729009122,upper,0.1
422,phase2,upper,-15.0,2,-14.959647349450435,-15.11582448334127,-17.159029499063866,-7.480682690139621,-3.5922105382397667,0.009775121123377431,upper,0.1
423,phase2,upper,-15.0,2,-14.959784538114745,-15.11582448334127,-17.159029499063866,-7.480682690139621,-3.5922105382397667,0.008739565020903395,upper,0.1
424,phase2,lower,-20.0,4,-14.959784538114745,-15.562279376394716,-17.433849141675946,-7.334852989035809,-3.4762759557249487,0.006841775498324581,upper,0.1
425,phase2,upper,-15.0,2,-14.961260723962758,-15.562279376394716,-17.433849141675946,-7.334852989035809,-3.4762759557249487,0.005995005827536129,upper,0.1
426,phase2,upper,-15.0,2,-14.962380952248735,-15.562279376394716,-17.433849141675946,-7.334852989035809,-3.4762759557249487,0.005219667376075026,upper,0.1
427,phase2,upper,-15.0,2,-14.963273604297793,-15.562279376394716,-17.433849141675946,-7.334852989035809,-3.4762759557249487,0.004515188624626668,upper,0.1
428,phase2,upper,-15.0,2,-14.964036200819919,-15.562279376394716,-17.433849141675946,-7.334852989035809,-3.4762759557249487,0.0038795186674215306,upper,0.1
429,phase2,upper,-15.0,2,-14.964741199550009,-15.562279376394716,-17.433849141675946,-7.334852989035809,-3.4762759557249487,0.003309625579886989,upper,0.1
430,phase2,upper,-15.0,2,-14.965440808169488,-15.562279376394716,-17.433849141675946,-7.334852989035809,-3.4762759557249487,0.00280184072830346,upper,0.1
431,phase2,upper,-15.0,2,-14.966171002465833,-15.562279376394716,-17.433849141675946,-7.334852989035809,-3.4762759557249487,0.002352105102007529,upper,0.1
432,phase2,upper,-15.0,2,-14.96695488573498,-15.562279376394716,-17.433849141675946,-7.334852989035809,-3.4762759557249487,0.001956150301800536,upper,0.1
433,phase2,upper,-15.0,2,-14.967805492826475,-15.562279376394716,-17.433849141675946,-7.334852989035809,-3.4762759557249487,0.0016096337545965023,upper,0.1
434,phase2,upper,-15.0,2,-14.968728121488928,-15.562279376394716,-17.433849141675946,-7.334852989035809,-3.4762759557249487,0.001308240374373379,upper,0.1
435,phase2,upper,-15.0,2,-14.969722259604389,-15.562279376394716,-17.433849141675946,-7.334852989035809,-3.4762759557249487,0.0010477586889698198,upper,0.1
436,phase2,upper,-15.0,2,-14.970783166666815,-15.562279376394716,-17.433849141675946,-7.334852989035809,-3.4762759557249487,0.0008241369931817904,upper,0.1
437,phase2,upper,-15.0,2,-14.971903159910466,-15.562279376394716,-17.433849141675946,-7.334852989035809,-3.4762759557249487,0.000633523597777908,upper,0.1
438,phase2,upper,-15.0,2,-14.973072648979306,-15.562279376394716,-17.433849141675946,-7.334852989035809,-3.4762759557249487,0.0004722942967647616,upper,0.1
439,phase2,upper,-15.0,2,-14.974280957480643,-15.562279376394716,-17.433849141675946,-7.334852989035809,-3.4762759557249487,0.0003370695379976916,upper,0.1
440,phase2,upper,-15.0,2,-14.975516964924777,-15.562279376394716,-17.433849141675946,-7.334852989035809,-3.4762759557249487,0.00022472332644150997,upper,0.1
441,phase2,upper,-15.0,2,-14.976769598267822,-15.562279376394716,-17.433849141675946,-7.334852989035809,-3.4762759557249487,0.000132385543914882,upper,0.1
442,phase2,upper,-15.0,2,-14.978028198457576,-15.562279376394716,-17.433849141675946,-7.334852989035809,-3.4762759557249487,5.743909436547242e-05,upper,0.1
443,phase2,upper,-15.0,2,-14.97928278397401,-15.562279376394716,-17.433849141675946,-7.334852989035809,-3.4762759557249487,-2.4869427696875158e-06,upper,0.1
444,phase2,upper,-15.0,2,-14.98052423031504,-15.562279376394716,-17.433849141675946,-7.334852989035809,-3.4762759557249487,-4.95271597333033e-05,upper,0.1
445,phase2,upper,-15.0,2,-14.98174438167165,-15.562279376394716,-17.433849141675946,-7.334852989035809,-3.4762759557249487,-8.55918404005242e-05,upper,0.1
446,phase2,upper,-15.0,2,-14.982936108635961,-15.562279376394716,-17.433849141675946,-7.334852989035809,-3.4762759557249487,-0.00011238046634815563,upper,0.1
447,phase2,lower,-20.0,4,-14.982936108635961,-15.999537495342553,-17.673889538477678,-7.1991135422345796,-3.3786251051469307,-0.0001439604953443376,upper,0.1
448,phase2,upper,-15.0,2,-14.984121745691429,-15.999537495342553,-17.673889538477678,-7.1991135422345796,-3.3786251051469307,-0.00015122863735213501,upper,0.1
449,phase2,upper,-15.0,2,-14.98526099476951,-15.999537495342553,-17.673889538477678,-7.1991135422345796,-3.3786251051469307,-0.0001542039688083231,upper,0.1
450,phase2,upper,-15.0,2,-14.986350357583294,-15.999537495342553,-17.673889538477678,-7.1991135422345796,-3.3786251051469307,-0.00015375252948353905,upper,0.1
451,phase2,upper,-15.0,2,-14.98738734947096,-15.999537495342553,-17.673889538477678,-7.1991135422345796,-3.3786251051469307,-0.00015061676849534577,upper,0.1
452,phase2,upper,-15.0,2,-14.988370383120282,-15.999537495342553,-17.673889538477678,-7.1991135422345796,-3.3786251051469307,-0.00014542859773916558,upper,0.1
453,phase2,upper,-15.0,2,-14.9892986561644,-15.999537495342553,-17.673889538477678,-7.1991135422345796,-3.3786251051469307,-0.0001387216476680388,upper,0.1
454,phase2,upper,-15.0,2,-14.990172044255294,-15.999537495342553,-17.673889538477678,-7.1991135422345796,-3.3786251051469307,-0.00013094267464291417,upper,0.1
455,phase2,upper,-15.0,2,-14.990991000745614,-15.999537495342553,-17.673889538477678,-7.1991135422345796,-3.3786251051469307,-0.00012246209530998153,upper,0.1
456,phase2,upper,-15.0,2,-14.991756463717811,-15.999537495342553,-17.673889538477678,-7.1991135422345796,-3.3786251051469307,-0.00011358364451478555,upper,0.1
457,phase2,upper,-15.0,2,-14.992469770780506,-15.999537495342553,-17.673889538477678,-7.1991135422345796,-3.3786251051469307,-0.00010455316986707249,upper,0.1
458,phase2,lower,-20.0,4,-14.992469770780506,-16.417066797508944,-17.876485486234902,-7.067150708455803,-3.2908326103928633,-8.677704417655913e-05,upper,0.1
459,phase2,upper,-15.0,2,-14.993116583282964,-16.417066797508944,-17.876485486234902,-7.067150708455803,-3.2908326103928633,-7.830129923801937e-05,upper,0.1
460,phase2,upper,-15.0,2,-14.993716114786121,-16.417066797508944,-17.876485486234902,-7.067150708455803,-3.2908326103928633,-7.022542164728378e-05,upper,0.1
461,phase2,lower,-20.0,4,-14.993716114786121,-16.813071869261023,-18.04560906735312,-6.939575247472926,-3.2118018035944718,-5.549357216285551e-05,upper,0.1
462,phase2,upper,-15.0,2,-14.994257254896068,-16.813071869261023,-18.04560906735312,-6.939575247472926,-3.2118018035944718,-4.8898436419116725e-05,upper,0.1
463,phase2,upper,-15.0,2,-14.994756853383432,-16.813071869261023,-18.04560906735312,-6.939575247472926,-3.2118018035944718,-4.283202880663454e-05,upper,0.1
464,phase2,upper,-15.0,2,-14.995217244026275,-16.813071869261023,-18.04560906735312,-6.939575247472926,-3.2118018035944718,-3.729078257434227e-05,upper,0.1
465,phase2,upper,-15.0,2,-14.995640770525457,-16.813071869261023,-18.04560906735312,-6.939575247472926,-3.2118018035944718,-3.226239619922464e-05,upper,0.1
466,phase2,upper,-15.0,2,-14.996029757133115,-16.813071869261023,-18.04560906735312,-6.939575247472926,-3.2118018035944718,-2.7727927569310004e-05,upper,0.1
467,phase2,upper,-15.0,2,-14.99638648488901,-16.813071869261023,-18.04560906735312,-6.939575247472926,-3.2118018035944718,-2.3663559542712887e-05,upper,0.1
468,phase2,upper,-15.0,2,-14.996713172748981,-16.813071869261023,-18.04560906735312,-6.939575247472926,-3.2118018035944718,-2.0042075363709707e-05,upper,0.1
469,phase2,upper,-15.0,2,-14.997011962953785,-16.813071869261023,-18.04560906735312,-6.939575247472926,-3.2118018035944718,-1.6834079420440658e-05,upper,0.1
470,phase2,upper,-15.0,2,-14.997284910048341,-16.813071869261023,-18.04560906735312,-6.939575247472926,-3.2118018035944718,-1.4008995831308706e-05,upper,0.1
471,phase2,upper,-15.0,2,-14.997533973020248,-16.813071869261023,-18.04560906735312,-6.939575247472926,-3.2118018035944718,-1.1535874403897403e-05,upper,0.1
472,phase2,upper,-15.0,2,-14.99776101008205,-16.813071869261023,-18.04560906735312,-6.939575247472926,-3.2118018035944718,-9.384030665193943e-06,upper,0.1
473,phase2,upper,-15.0,2,-14.9979677756739,-16.813071869261023,-18.04560906735312,-6.939575247472926,-3.2118018035944718,-7.523543940021496e-06,upper,0.1
474,phase2,upper,-15.0,2,-14.998155919311735,-16.813071869261023,-18.04560906735312,-6.939575247472926,-3.2118018035944718,-5.925634887038748e-06,upper,0.1
475,phase2,upper,-15.0,2,-14.998326985950879,-16.813071869261023,-18.04560906735312,-6.939575247472926,-3.2118018035944718,-4.562941491989356e-06,upper,0.1
476,phase2,upper,-15.0,2,-14.998482417576202,-16.813071869261023,-18.04560906735312,-6.939575247472926,-3.2118018035944718,-3.4097102856032066e-06,upper,0.1
477,phase2,upper,-15.0,2,-14.9986235557674,-16.813071869261023,-18.04560906735312,-6.939575247472926,-3.2118018035944718,-2.4419174919503586e-06,upper,0.1
478,phase2,upper,-15.0,2,-14.998751645022105,-16.813071869261023,-18.04560906735312,-6.939575247472926,-3.2118018035944718,-1.6373329311428526e-06,upper,0.1
479,phase2,upper,-15.0,2,-14.998867836650208,-16.813071869261023,-18.04560906735312,-6.939575247472926,-3.2118018035944718,-9.75537786682786e-07,upper,0.1
480,phase2,upper,-15.0,2,-14.99897319308035,-16.813071869261023,-18.04560906735312,-6.939575247472926,-3.2118018035944718,-4.379058018016547e-07,upper,0.1
481,phase2,upper,-15.0,2,-14.999068692444153,-16.813071869261023,-18.04560906735312,-6.939575247472926,-3.2118018035944718,-7.556081517475265e-09,upper,0.1
482,phase2,lower,-20.0,4,-14.999068692444153,-17.186325595870706,-18.18500732776449,-6.816797605441075,-3.1406227881881885,5.905208788423921e-07,upper,0.1
483,phase2,upper,-15.0,2,-14.999154695056255,-17.186325595870706,-18.18500732776449,-6.816797605441075,-3.1406227881881885,7.839742026075529e-07,upper,0.1
484,phase2,upper,-15.0,2,-14.999232659840818,-17.186325595870706,-18.18500732776449,-6.816797605441075,-3.1406227881881885,9.217941889639679e-07,upper,0.1
485,phase2,upper,-15.0,2,-14.999303334474781,-17.186325595870706,-18.18500732776449,-6.816797605441075,-3.1406227881881885,1.013409003474553e-06,upper,0.1
486,phase2,upper,-15.0,2,-14.999367400166076,-17.186325595870706,-18.18500732776449,-6.816797605441075,-3.1406227881881885,1.0670623104986305e-06,upper,0.1
487,phase2,upper,-15.0,2,-14.99942547684354,-17.186325595870706,-18.18500732776449,-6.816797605441075,-3.1406227881881885,1.0899179759453623e-06,upper,0.1
488,phase2,upper,-15.0,2,-14.999478128070647,-17.186325595870706,-18.18500732776449,-6.816797605441075,-3.1406227881881885,1.088161866178139e-06,upper,0.1
489,phase2,upper,-15.0,2,-14.999525865675155,-17.186325595870706,-18.18500732776449,-6.816797605441075,-3.1406227881881885,1.0670995230574885e-06,upper,0.1
490,phase2,lower,-20.0,4,-14.999525865675155,-17.536192808670513,-18.29818587578738,-6.699179195591837,-3.0765599867048907,9.844270848511508e-07,upper,0.1
491,phase2,upper,-15.0,2,-14.99956922849718,-17.536192808670513,-18.29818587578738,-6.699179195591837,-3.0765599867048907,9.298320481952877e-07,upper,0.1
492,phase2,upper,-15.0,2,-14.999608565941791,-17.536192808670513,-18.29818587578738,-6.699179195591837,-3.0765599867048907,8.701168804481412e-07,upper,0.1
493,phase2,upper,-15.0,2,-14.999644258060338,-17.536192808670513,-18.29818587578738,-6.699179195591837,-3.0765599867048907,8.074588364452768e-07,upper,0.1
494,phase2,upper,-15.0,2,-14.999676648851457,-17.536192808670513,-18.29818587578738,-6.699179195591837,-3.0765599867048907,7.436218622755368e-07,upper,0.1
495,phase2,upper,-15.0,2,-14.999706049584308,-17.536192808670513,-18.29818587578738,-6.699179195591837,-3.0765599867048907,6.800132523347644e-07,upper,0.1
496,phase2,lower,-20.0,4,-14.999706049584308,-17.862391503370272,-18.38828471084509,-6.586916718741987,-3.0189035194945317,5.576274598282681e-07,upper,0.1
497,phase2,upper,-15.0,2,-14.999732851990416,-17.862391503370272,-18.38828471084509,-6.586916718741987,-3.0189035194945317,5.003136890762441e-07,upper,0.1
498,phase2,upper,-15.0,2,-14.999757191038984,-17.862391503370272,-18.38828471084509,-6.586916718741987,-3.0189035194945317,4.462314259925702e-07,upper,0.1
499,phase2,upper,-15.0,2,-14.999779296837296,-17.862391503370272,-18.38828471084509,-6.586916718741987,-3.0189035194945317,3.9566646048879954e-07,upper,0.1
500,phase2,upper,-15.0,2,-14.999799377602637,-17.862391503370272,-18.38828471084509,-6.586916718741987,-3.0189035194945317,3.4877972334567725e-07,upper,0.1
501,phase2,upper,-15.0,2,-14.999817621757149,-17.862391503370272,-18.38828471084509,-6.586916718741987,-3.0189035194945317,3.0563112996474484e-07,upper,0.1
502,phase2,lower,-20.0,4,-14.999817621757149,-18.164980549049737,-18.458147632822794,-6.480115159237114,-2.9670129176587876,2.3040337915140126e-07,upper,0.1
503,phase2,upper,-15.0,2,-14.999834267532496,-18.164980549049737,-18.458147632822794,-6.480115159237114,-2.9670129176587876,1.981095912838938e-07,upper,0.1
504,phase2,upper,-15.0,2,-14.99984939399942,-18.164980549049737,-18.458147632822794,-6.480115159237114,-2.9670129176587876,1.6915229172542424e-07,upper,0.1
505,phase2,upper,-15.0,2,-14.999863141009056,-18.164980549049737,-18.458147632822794,-6.480115159237114,-2.9670129176587876,1.4334031811012074e-07,upper,0.1
506,phase2,upper,-15.0,2,-14.999875635318809,-18.164980549049737,-18.458147632822794,-6.480115159237114,-2.9670129176587876,1.2046657794632653e-07,upper,0.1
507,phase2,upper,-15.0,2,-14.999886991841898,-18.164980549049737,-18.458147632822794,-6.480115159237114,-2.9670129176587876,1.0031520777683339e-07,upper,0.1
508,phase2,upper,-15.0,2,-14.999897314776835,-18.164980549049737,-18.458147632822794,-6.480115159237114,-2.9670129176587876,8.266735733065401e-08,upper,0.1
509,phase2,upper,-15.0,2,-14.999906698628083,-18.164980549049737,-18.458147632822794,-6.480115159237114,-2.9670129176587876,6.730578779164234e-08,upper,0.1
510,phase2,upper,-15.0,2,-14.999915229128188,-18.164980549049737,-18.458147632822794,-6.480115159237114,-2.9670129176587876,5.4018456074661693e-08,upper,0.1
511,phase2,upper,-15.0,2,-14.999922984070741,-18.164980549049737,-18.458147632822794,-6.480115159237114,-2.9670129176587876,4.2601236847072554e-08,upper,0.1
512,phase2,upper,-15.0,2,-14.999930034062714,-18.164980549049737,-18.458147632822794,-6.480115159237114,-2.9670129176587876,3.285991813919401e-08,upper,0.1
513,phase2,upper,-15.0,2,-14.999936443203962,-18.164980549049737,-18.458147632822794,-6.480115159237114,-2.9670129176587876,2.4611589976837008e-08,upper,0.1
514,phase2,upper,-15.0,2,-14.999942269700925,-18.164980549049737,-18.458147632822794,-6.480115159237114,-2.9670129176587876,-0.1735994756160183,upper,0.1
515,phase2,upper,-15.0,2,-15.168507063044645,-18.164980549049737,-18.458147632822794,-6.480115159237114,-2.9670129176587876,-0.01876718161745656,upper,0.1
516,phase2,upper,-15.0,2,-15.186567996775636,-18.164980549049737,-18.458147632822794,-6.480115159237114,-2.9670129176587876,-0.009195913366701707,upper,0.1
517,phase2,upper,-15.0,2,-15.193588907978404,-18.164980549049737,-18.458147632822794,-6.480115159237114,-2.9670129176587876,-0.004044884034861302,upper,0.1
518,phase2,upper,-15.0,2,-15.194097321839319,-18.164980549049737,-18.458147632822794,-6.480115159237114,-2.9670129176587876,-0.00131745088414564,upper,0.1
519,phase2,upper,-15.0,2,-15.190709760685126,-18.164980549049737,-18.458147632822794,-6.480115159237114,-2.9670129176587876,8.411176505547329e-05,upper,0.1
520,phase2,upper,-15.0,2,-15.184970620982075,-18.164980549049737,-18.458147632822794,-6.480115159237114,-2.9670129176587876,0.0007634145241367668,upper,0.1
521,phase2,upper,-15.0,2,-15.177816205687487,-18.164980549049737,-18.458147632822794,-6.480115159237114,-2.9670129176587876,0.0010523875468848249,upper,0.1
522,phase2,upper,-15.0,2,-15.16983242857782,-18.164980549049737,-18.458147632822794,-6.480115159237114,-2.9670129176587876,0.0011335220694031192,upper,0.1
523,phase2,upper,-15.0,2,-15.161398813100657,-18.164980549049737,-18.458147632822794,-6.480115159237114,-2.9670129176587876,0.0011070633083688727,upper,0.1
524,phase2,upper,-15.0,2,-15.152769710132391,-18.164980549049737,-18.458147632822794,-6.480115159237114,-2.9670129176587876,0.00102795614618859,upper,0.1
525,phase2,upper,-15.0,2,-15.144120747331824,-18.164980549049737,-18.458147632822794,-6.480115159237114,-2.9670129176587876,0.0009261692383122834,upper,0.1
526,phase2,upper,-15.0,2,-15.135575932106889,-18.164980549049737,-18.458147632822794,-6.480115159237114,-2.9670129176587876,0.0008178835375395899,upper,0.1
527,phase2,upper,-15.0,2,-15.12722390989428,-18.164980549049737,-18.458147632822794,-6.480115159237114,-2.9670129176587876,0.0007116582811584036,upper,0.1
528,phase2,upper,-15.0,2,-15.119128074546836,-18.164980549049737,-18.458147632822794,-6.480115159237114,-2.9670129176587876,0.0006118344642426673,upper,0.1
529,phase2,upper,-15.0,2,-15.111333134508554,-18.164980549049737,-18.458147632822794,-6.480115159237114,-2.9670129176587876,0.000520417796406601,upper,0.1
530,phase2,upper,-15.0,2,-15.103869586006901,-18.164980549049737,-18.458147632822794,-6.480115159237114,-2.9670129176587876,0.00043812383289634787,upper,0.1
531,phase2,upper,-15.0,2,-15.096756909056028,-18.164980549049737,-18.458147632822794,-6.480115159237114,-2.9670129176587876,0.00036496067074956017,upper,0.1
532,phase2,upper,-15.0,2,-15.09000595088372,-18.164980549049737,-18.458147632822794,-6.480115159237114,-2.9670129176587876,0.00030055574589555266,upper,0.1
533,phase2,upper,-15.0,2,-15.083620766581456,-18.164980549049737,-18.458147632822794,-6.480115159237114,-2.9670129176587876,0.00024434047121306245,upper,0.1
534,phase2,upper,-15.0,2,-15.077600078056147,-18.164980549049737,-18.458147632822794,-6.480115159237114,-2.9670129176587876,0.0001956554459797568,upper,0.1
535,phase2,upper,-15.0,2,-15.071938451111548,-18.164980549049737,-18.458147632822794,-6.480115159237114,-2.9670129176587876,0.00015381091566799343,upper,0.1
536,phase2,upper,-15.0,2,-15.066627255474017,-18.164980549049737,-18.458147632822794,-6.480115159237114,-2.9670129176587876,0.00011812172416417123,upper,0.1
537,phase2,upper,-15.0,2,-15.061655452122528,-18.164980549049737,-18.458147632822794,-6.480115159237114,-2.9670129176587876,8.7927495844581e-05,upper,0.1
538,phase2,upper,-15.0,2,-15.057010239957622,-18.164980549049737,-18.458147632822794,-6.480115159237114,-2.9670129176587876,6.260409079745281e-05,upper,0.1
539,phase2,upper,-15.0,2,-15.052677586104387,-18.164980549049737,-18.458147632822794,-6.480115159237114,-2.9670129176587876,4.15697777917123e-05,upper,0.1
540,phase2,upper,-15.0,2,-15.04864265903222,-18.164980549049737,-18.458147632822794,-6.480115159237114,-2.9670129176587876,-0.16079407035971544,upper,0.1
541,phase2,upper,-15.0,2,-15.201754250137267,-18.164980549049737,-18.458147632822794,-6.480115159237114,-2.9670129176587876,-0.012755856526129386,upper,0.1
542,phase2,upper,-15.0,2,-15.210970288336345,-18.164980549049737,-18.458147632822794,-6.480115159237114,-2.9670129176587876,-0.006246450764837157,upper,0.1
543,phase2,upper,-15.0,2,-15.212411802534724,-18.164980549049737,-18.458147632822794,-6.480115159237114,-2.9670129176587876,-0.002747960500216847,upper,0.1
544,phase2,upper,-15.0,2,-15.209247082251647,-18.164980549049737,-18.458147632822794,-6.480115159237114,-2.9670129176587876,-0.0008993124889837881,upper,0.1
545,phase2,upper,-15.0,2,-15.20332736650468,-18.164980549049737,-18.458147632822794,-6.480115159237114,-2.9670129176587876,4.763574361437415e-05,upper,0.1
546,phase2,upper,-15.0,2,-15.195760888390424,-18.164980549049737,-18.458147632822794,-6.480115159237114,-2.9670129176587876,0.0005041297966430825,upper,0.1
547,phase2,upper,-15.0,2,-15.187231044314935,-18.164980549049737,-18.458147632822794,-6.480115159237114,-2.9670129176587876,0.0006961949278829232,upper,0.1
548,phase2,upper,-15.0,2,-15.178173633788377,-18.164980549049737,-18.458147632822794,-6.480115159237114,-2.9670129176587876,0.0007479903422575876,upper,0.1
549,phase2,upper,-15.0,2,-15.168876359124946,-18.164980549049737,-18.458147632822794,-6.480115159237114,-2.9670129176587876,0.000727625496297293,upper,0.1
550,phase2,upper,-15.0,2,-15.15953533662644,-18.164980549049737,-18.458147632822794,-6.480115159237114,-2.9670129176587876,0.0006723506860684212,upper,0.1
551,phase2,upper,-15.0,2,-15.150287744063135,-18.164980549049737,-18.458147632822794,-6.480115159237114,-2.9670129176587876,0.0006024133509705932,upper,0.1
552,phase2,upper,-15.0,2,-15.141231140821594,-18.164980549049737,-18.458147632822794,-6.480115159237114,-2.9670129176587876,0.0005286848667650718,upper,0.1
553,phase2,upper,-15.0,2,-15.132435275616867,-18.164980549049737,-18.458147632822794,-6.480115159237114,-2.9670129176587876,0.00045686256260036613,upper,0.1
554,phase2,upper,-15.0,2,-15.12394959990211,-18.164980549049737,-18.458147632822794,-6.480115159237114,-2.9670129176587876,0.00038978810414517096,upper,0.1
555,phase2,upper,-15.0,2,-15.115808275882001,-18.164980549049737,-18.458147632822794,-6.480115159237114,-2.9670129176587876,0.00032872918138238236,upper,0.1
556,phase2,upper,-15.0,2,-15.108033680484322,-18.164980549049737,-18.458147632822794,-6.480115159237114,-2.9670129176587876,-0.14786609385960028,upper,0.1
557,phase2,upper,-15.0,2,-15.245815674763211,-18.164980549049737,-18.458147632822794,-6.480115159237114,-2.9670129176587876,-0.00708685898394381,upper,0.1
558,phase2,upper,-15.0,2,-15.246611716828166,-18.164980549049737,-18.458147632822794,-6.480115159237114,-2.9670129176587876,-0.003359548160825199,upper,0.1
559,phase2,upper,-15.0,2,-15.242504274197085,-18.164980549049737,-18.458147632822794,-6.480115159237114,-2.9670129176587876,-0.001372474874651372,upper,0.1
560,phase2,upper,-15.0,2,-15.235458098759302,-18.164980549049737,-18.458147632822794,-6.480115159237114,-2.9670129176587876,-0.0003370056691898919,upper,0.1
561,phase2,upper,-15.0,2,-15.226652344636026,-18.164980549049737,-18.458147632822794,-6.480115159237114,-2.9670129176587876,0.00018017612020248804,upper,0.1
562,phase2,upper,-15.0,2,-15.216816523855883,-18.164980549049737,-18.458147632822794,-6.480115159237114,-2.9670129176587876,0.00041709222297364593,upper,0.1
563,phase2,upper,-15.0,2,-15.206417715207818,-18.164980549049737,-18.458147632822794,-6.480115159237114,-2.9670129176587876,0.0005044011125580153,upper,0.1
564,phase2,upper,-15.0,2,-15.195765710607272,-18.164980549049737,-18.458147632822794,-6.480115159237114,-2.9670129176587876,0.0005137226025861013,upper,0.1
565,phase2,upper,-15.0,2,-15.185072774662226,-18.164980549049737,-18.458147632822794,-6.480115159237114,-2.9670129176587876,0.0004842008366044426,upper,0.1
566,phase2,upper,-15.0,2,-15.174488202757297,-18.164980549049737,-18.458147632822794,-6.480115159237114,-2.9670129176587876,0.0004371097060237924,upper,0.1
567,phase2,upper,-15.0,2,-15.164118799573759,-18.164980549049737,-18.458147632822794,-6.480115159237114,-2.9670129176587876,0.00038388700679407547,upper,0.1
568,phase2,upper,-15.0,2,-15.154041417121842,-18.164980549049737,-18.458147632822794,-6.480115159237114,-2.9670129176587876,0.00033055667011881187,upper,0.1
569,phase2,upper,-15.0,2,-15.144310950632079,-18.164980549049737,-18.458147632822794,-6.480115159237114,-2.9670129176587876,0.00028016507862491867,upper,0.1
570,phase2,upper,-15.0,2,-15.134965682015357,-18.164980549049737,-18.458147632822794,-6.480115159237114,-2.9670129176587876,0.0002341249717048083,upper,0.1
571,phase2,upper,-15.0,2,-15.126031029152088,-18.164980549049737,-18.458147632822794,-6.480115159237114,-2.9670129176587876,0.0001929580054119296,upper,0.1
572,phase2,upper,-15.0,2,-15.11752230013143,-18.164980549049737,-18.458147632822794,-6.480115159237114,-2.9670129176587876,0.00015670592427182738,upper,0.1
573,phase2,upper,-15.0,2,-15.1094467972143,-18.164980549049737,-18.458147632822794,-6.480115159237114,-2.9670129176587876,0.0001251588125415295,upper,0.1
574,phase2,upper,-15.0,2,-15.101805473684157,-18.164980549049737,-18.458147632822794,-6.480115159237114,-2.9670129176587876,9.798213097604632e-05,upper,0.1
575,phase2,upper,-15.0,2,-15.09459426728242,-18.164980549049737,-18.458147632822794,-6.480115159237114,-2.9670129176587876,7.478755110452745e-05,upper,0.1
576,phase2,upper,-15.0,2,-15.087805188784262,-18.164980549049737,-18.458147632822794,-6.480115159237114,-2.9670129176587876,5.5172424485188976e-05,upper,0.1
577,phase2,upper,-15.0,2,-15.081427218154886,-18.164980549049737,-18.458147632822794,-6.480115159237114,-2.9670129176587876,3.874162660545226e-05,upper,0.1
578,phase2,upper,-15.0,2,-15.075447045212993,-18.164980549049737,-18.458147632822794,-6.480115159237114,-2.9670129176587876,2.5119405155952544e-05,upper,0.1
579,phase2,upper,-15.0,2,-15.069849682174059,-18.164980549049737,-18.458147632822794,-6.480115159237114,-2.9670129176587876,1.3955493982507729e-05,upper,0.1
580,phase2,upper,-15.0,2,-15.06461896928602,-18.164980549049737,-18.458147632822794,-6.480115159237114,-2.9670129176587876,4.927892962130944e-06,upper,0.1
581,phase2,upper,-15.0,2,-15.059737990582121,-18.164980549049737,-18.458147632822794,-6.480115159237114,-2.9670129176587876,-2.2563177190716263e-06,upper,0.1
582,phase2,upper,-15.0,2,-15.055189413767067,-18.164980549049737,-18.458147632822794,-6.480115159237114,-2.9670129176587876,-7.861335488890085e-06,upper,0.1
583,phase2,lower,-20.0,4,-15.055189413767067,-18.44430433262898,-18.510325966544098,-6.378815846405042,-2.9202999215312926,-1.5253745086457513e-05,upper,0.1
584,phase2,upper,-15.0,2,-15.050962419145973,-18.44430433262898,-18.510325966544098,-6.378815846405042,-2.9202999215312926,-1.7437357082815366e-05,upper,0.1
585,phase2,upper,-15.0,2,-15.047031645731037,-18.44430433262898,-18.510325966544098,-6.378815846405042,-2.9202999215312926,-1.8837757941101845e-05,upper,0.1
586,phase2,upper,-15.0,2,-15.043380053296612,-18.44430433262898,-18.510325966544098,-6.378815846405042,-2.9202999215312926,-1.959740003922062e-05,upper,0.1
587,phase2,upper,-15.0,2,-15.03999101361204,-18.44430433262898,-18.510325966544098,-6.378815846405042,-2.9202999215312926,-1.983982048743807e-05,upper,0.1
588,phase2,upper,-15.0,2,-15.036848407511055,-18.44430433262898,-18.510325966544098,-6.378815846405042,-2.9202999215312926,-1.967145105802683e-05,upper,0.1
589,phase2,upper,-15.0,2,-15.03393669692791,-18.44430433262898,-18.510325966544098,-6.378815846405042,-2.9202999215312926,-1.918335359866311e-05,upper,0.1
590,phase2,upper,-15.0,2,-15.031240976122778,-18.44430433262898,-18.510325966544098,-6.378815846405042,-2.9202999215312926,-1.8452863742888074e-05,upper,0.1
591,phase2,upper,-15.0,2,-15.02874700570763,-18.44430433262898,-18.510325966544098,-6.378815846405042,-2.9202999215312926,-1.7545131867903128e-05,upper,0.1
592,phase2,upper,-15.0,2,-15.026441232553475,-18.44430433262898,-18.510325966544098,-6.378815846405042,-2.9202999215312926,-1.6514554911960483e-05,upper,0.1
593,phase2,upper,-15.0,2,-15.02431079820045,-18.44430433262898,-18.510325966544098,-6.378815846405042,-2.9202999215312926,-1.540609624721922e-05,upper,0.1
594,phase2,upper,-15.0,2,-15.022343537994786,-18.44430433262898,-18.510325966544098,-6.378815846405042,-2.9202999215312926,-1.4256493561109614e-05,upper,0.1
595,phase2,upper,-15.0,2,-15.020527972833507,-18.44430433262898,-18.510325966544098,-6.378815846405042,-2.9202999215312926,-1.3095356807185729e-05,upper,0.1
596,phase2,upper,-15.0,2,-15.018853295101655,-18.44430433262898,-18.510325966544098,-6.378815846405042,-2.9202999215312926,-1.1946159873076438e-05,upper,0.1
597,phase2,upper,-15.0,2,-15.017309350132358,-18.44430433262898,-18.510325966544098,-6.378815846405042,-2.9202999215312926,-1.0827130776250806e-05,upper,0.1
598,phase2,upper,-15.0,2,-15.015886614301346,-18.44430433262898,-18.510325966544098,-6.378815846405042,-2.9202999215312926,-9.7520460139589e-06,upper,0.1
599,phase2,upper,-15.0,2,-15.014576170680304,-18.44430433262898,-18.510325966544098,-6.378815846405042,-2.9202999215312926,-8.730935229706242e-06,upper,0.1
600,phase2,upper,-15.0,2,-15.013369683013385,-18.44430433262898,-18.510325966544098,-6.378815846405042,-2.9202999215312926,-7.770702662369784e-06,upper,0.1
601,phase2,upper,-15.0,2,-15.012259368644804,-18.44430433262898,-18.510325966544098,-6.378815846405042,-2.9202999215312926,-6.875671967028026e-06,upper,0.1
602,phase2,lower,-20.0,4,-15.012259368644804,-18.700912684125264,-18.547180938579565,-6.2829696971725415,-2.8782753467275426,-5.288392792330387e-06,upper,0.1
603,phase2,upper,-15.0,2,-15.011236542358192,-18.700912684125264,-18.547180938579565,-6.2829696971725415,-2.8782753467275426,-4.595849514380456e-06,upper,0.1
604,phase2,upper,-15.0,2,-15.010296027718134,-18.700912684125264,-18.547180938579565,-6.2829696971725415,-2.8782753467275426,-3.968574337391217e-06,upper,0.1
605,phase2,upper,-15.0,2,-15.009431535569552,-18.700912684125264,-18.547180938579565,-6.2829696971725415,-2.8782753467275426,-3.403927773373045e-06,upper,0.1
606,phase2,upper,-15.0,2,-15.008637218121429,-18.700912684125264,-18.547180938579565,-6.2829696971725415,-2.8782753467275426,-2.8987031019522548e-06,upper,0.1
607,phase2,upper,-15.0,2,-15.007907643016857,-18.700912684125264,-18.547180938579565,-6.2829696971725415,-2.8782753467275426,-2.449305919181652e-06,upper,0.1
608,phase2,upper,-15.0,2,-15.007237768182659,-18.700912684125264,-18.547180938579565,-6.2829696971725415,-2.8782753467275426,-2.051902224634803e-06,upper,0.1
609,phase2,upper,-15.0,2,-15.006622917570215,-18.700912684125264,-18.547180938579565,-6.2829696971725415,-2.8782753467275426,-1.7025391109047517e-06,upper,0.1
610,phase2,upper,-15.0,2,-15.006058757866954,-18.700912684125264,-18.547180938579565,-6.2829696971725415,-2.8782753467275426,-1.3972417424367445e-06,upper,0.1
611,phase2,upper,-15.0,2,-15.00554127623144,-18.700912684125264,-18.547180938579565,-6.2829696971725415,-2.8782753467275426,-1.132089950580998e-06,upper,0.1
612,phase2,upper,-15.0,2,-15.005066759083288,-18.700912684125264,-18.547180938579565,-6.2829696971725415,-2.8782753467275426,-9.032774270834861e-07,upper,0.1
613,phase2,upper,-15.0,2,-15.004631771961433,-18.700912684125264,-18.547180938579565,-6.2829696971725415,-2.8782753467275426,-7.071561742507515e-07,upper,0.1
614,phase2,upper,-15.0,2,-15.0042331404501,-18.700912684125264,-18.547180938579565,-6.2829696971725415,-2.8782753467275426,-5.402685668930941e-07,upper,0.1
615,phase2,upper,-15.0,2,-15.003867932160489,-18.700912684125264,-18.547180938579565,-6.2829696971725415,-2.8782753467275426,-3.993691007001461e-07,upper,0.1
616,phase2,upper,-15.0,2,-15.003533439747281,-18.700912684125264,-18.547180938579565,-6.2829696971725415,-2.8782753467275426,-2.814376434588416e-07,upper,0.1
617,phase2,upper,-15.0,2,-15.00322716493225,-18.700912684125264,-18.547180938579565,-6.2829696971725415,-2.8782753467275426,-1.8368577044703777e-07,upper,0.1
618,phase2,upper,-15.0,2,-15.002946803502095,-18.700912684125264,-18.547180938579565,-6.2829696971725415,-2.8782753467275426,-1.035575510170717e-07,upper,0.1
619,phase2,upper,-15.0,2,-15.00269023124385,-18.700912684125264,-18.547180938579565,-6.2829696971725415,-2.8782753467275426,-3.8725961524704554e-08,upper,0.1
620,phase2,upper,-15.0,2,-15.002455490778663,-18.700912684125264,-18.547180938579565,-6.2829696971725415,-2.8782753467275426,1.2914073620431549e-08,upper,0.1
621,phase2,upper,-15.0,2,-15.002240779253105,-18.700912684125264,-18.547180938579565,-6.2829696971725415,-2.8782753467275426,5.3255164483835776e-08,upper,0.1
622,phase2,upper,-15.0,2,-15.002044436846258,-18.700912684125264,-18.547180938579565,-6.2829696971725415,-2.8782753467275426,8.398874897635562e-08,upper,0.1
623,phase2,upper,-15.0,2,-15.00186493605067,-18.700912684125264,-18.547180938579565,-6.2829696971725415,-2.8782753467275426,1.0661760536449681e-07,upper,0.1
624,phase2,upper,-15.0,2,-15.001700871685465,-18.700912684125264,-18.547180938579565,-6.2829696971725415,-2.8782753467275426,1.2246909594835978e-07,upper,0.1
625,phase2,upper,-15.0,2,-15.00155095160059,-18.700912684125264,-18.547180938579565,-6.2829696971725415,-2.8782753467275426,1.3270874572633827e-07,upper,0.1
626,phase2,upper,-15.0,2,-15.00141398803213,-18.700912684125264,-18.547180938579565,-6.2829696971725415,-2.8782753467275426,1.3835383881376553e-07,upper,0.1
627,phase2,upper,-15.0,2,-15.001288889569802,-18.700912684125264,-18.547180938579565,-6.2829696971725415,-2.8782753467275426,1.402867827989166e-07,upper,0.1
628,phase2,upper,-15.0,2,-15.001174653699135,-18.700912684125264,-18.547180938579565,-6.2829696971725415,-2.8782753467275426,1.3926804915381146e-07,upper,0.1
629,phase2,upper,-15.0,2,-15.001070359882327,-18.700912684125264,-18.547180938579565,-6.2829696971725415,-2.8782753467275426,1.3594854602108595e-07,upper,0.1
630,phase2,upper,-15.0,2,-15.000975163143282,-18.700912684125264,-18.547180938579565,-6.2829696971725415,-2.8782753467275426,1.3088132185524524e-07,upper,0.1
631,phase2,upper,-15.0,2,-15.000888288124038,-18.700912684125264,-18.547180938579565,-6.2829696971725415,-2.8782753467275426,1.2453253120917604e-07,upper,0.1
632,phase2,upper,-15.0,2,-15.000809023581335,-18.700912684125264,-18.547180938579565,-6.2829696971725415,-2.8782753467275426,1.1729162258224589e-07,upper,0.1
633,phase2,upper,-15.0,2,-15.00073671729378,-18.700912684125264,-18.547180938579565,-6.2829696971725415,-2.8782753467275426,1.0948073036764835e-07,upper,0.1
634,phase2,upper,-15.0,2,-15.000670771351638,-18.700912684125264,-18.547180938579565,-6.2829696971725415,-2.8782753467275426,1.0136327226797704e-07,upper,0.1
635,phase2,upper,-15.0,2,-15.000610637802861,-18.700912684125264,-18.547180938579565,-6.2829696971725415,-2.8782753467275426,9.315176635636005e-08,upper,0.1
636,phase2,upper,-15.0,2,-15.000555814630516,-18.700912684125264,-18.547180938579565,-6.2829696971725415,-2.8782753467275426,8.501489368288633e-08,upper,0.1
637,phase2,upper,-15.0,2,-15.00050584203826,-18.700912684125264,-18.547180938579565,-6.2829696971725415,-2.8782753467275426,7.708384063864376e-08,upper,0.1
638,phase2,upper,-15.0,2,-15.000460299021942,-18.700912684125264,-18.547180938579565,-6.2829696971725415,-2.8782753467275426,6.945796038070919e-08,upper,0.1
639,phase2,upper,-15.0,2,-15.000418800206772,-18.700912684125264,-18.547180938579565,-6.2829696971725415,-2.8782753467275426,6.220979676537864e-08,upper,0.1
640,phase2,upper,-15.0,2,-15.000380992930832,-18.700912684125264,-18.547180938579565,-6.2829696971725415,-2.8782753467275426,5.538951707747835e-08,upper,0.1
641,phase2,upper,-15.0,2,-15.00034655455693,-18.700912684125264,-18.547180938579565,-6.2829696971725415,-2.8782753467275426,4.902879920509262e-08,upper,0.1
642,phase2,upper,-15.0,2,-15.000315189995991,-18.700912684125264,-18.547180938579565,-6.2829696971725415,-2.8782753467275426,4.314422076777329e-08,upper,0.1
643,phase2,lower,-20.0,4,-15.000315189995991,-18.935539470740895,-18.57075977586715,-6.192500228161866,-2.840447777337068,3.281149622917068e-08,upper,0.1
644,phase2,upper,-15.0,2,-15.00028663872577,-18.935539470740895,-18.57075977586715,-6.192500228161866,-2.840447777337068,2.8345422435387212e-08,upper,0.1
645,phase2,upper,-15.0,2,-15.000260643769906,-18.935539470740895,-18.57075977586715,-6.192500228161866,-2.840447777337068,2.4323624565982336e-08,upper,0.1
646,phase2,upper,-15.0,2,-15.000236979723782,-18.935539470740895,-18.57075977586715,-6.192500228161866,-2.840447777337068,2.0723649502343813e-08,upper,0.1
647,phase2,upper,-15.0,2,-15.000215440657161,-18.935539470740895,-18.57075977586715,-6.192500228161866,-2.840447777337068,1.7520225508269826e-08,upper,0.1
648,phase2,upper,-15.0,2,-15.000195838477191,-18.935539470740895,-18.57075977586715,-6.192500228161866,-2.840447777337068,1.468632326341104e-08,upper,0.1
649,phase2,upper,-15.0,2,-15.000178001423956,-18.935539470740895,-18.57075977586715,-6.192500228161866,-2.840447777337068,1.219402142915824e-08,upper,0.1
650,phase2,upper,-15.0,2,-15.000161772688395,-18.935539470740895,-18.57075977586715,-6.192500228161866,-2.840447777337068,1.001520276902199e-08,upper,0.1
651,phase2,upper,-15.0,2,-15.000147009143133,-18.935539470740895,-18.57075977586715,-6.192500228161866,-2.840447777337068,-0.13533232819464305,upper,0.1
652,phase2,upper,-15.0,2,-15.13340751253402,-18.935539470740895,-18.57075977586715,-6.192500228161866,-2.840447777337068,-0.001983246811310589,upper,0.1
653,phase2,upper,-15.0,2,-15.136349411179031,-18.935539470740895,-18.57075977586715,-6.192500228161866,-2.840447777337068,-0.0009717877228868654,upper,0.1
654,phase2,upper,-15.0,2,-15.13676197797816,-18.935539470740895,-18.57075977586715,-6.192500228161866,-2.840447777337068,-0.00042744485607292703,upper,0.1
655,phase2,upper,-15.0,2,-15.135385865939291,-18.935539470740895,-18.57075977586715,-6.192500228161866,-2.840447777337068,-0.0001392195628087371,upper,0.1
656,phase2,lower,-20.0,4,-15.135385865939291,-19.149186798860047,-18.582991640492267,-6.107286980101794,-2.9169165929363685,-0.12280105197334663,upper,0.1
657,phase2,upper,-15.0,2,-15.243116615497707,-19.149186798860047,-18.582991640492267,-6.107286980101794,-2.9169165929363685,0.0027882175033867515,upper,0.1
658,phase2,upper,-15.0,2,-15.229294253442712,-19.149186798860047,-18.582991640492267,-6.107286980101794,-2.9169165929363685,-0.10915756993508156,upper,0.1
659,phase2,upper,-15.0,2,-15.326706559272369,-19.149186798860047,-18.582991640492267,-6.107286980101794,-2.9169165929363685,0.007803185163759316,upper,0.1
660,phase2,upper,-15.0,2,-15.309343218953481,-19.149186798860047,-18.582991640492267,-6.107286980101794,-2.9169165929363685,0.003899881558017653,upper,0.1
661,phase2,upper,-15.0,2,-15.294501210060444,-19.149186798860047,-18.582991640492267,-6.107286980101794,-2.9169165929363685,0.001791119102073442,upper,0.1
662,phase2,upper,-15.0,2,-15.280837499807992,-19.149186798860047,-18.582991640492267,-6.107286980101794,-2.9169165929363685,0.0006669481111303329,upper,0.1
663,phase2,upper,-15.0,2,-15.267704974478715,-19.149186798860047,-18.582991640492267,-6.107286980101794,-2.9169165929363685,8.206070960311765e-05,upper,0.1
664,phase2,upper,-15.0,2,-15.254823058000225,-19.149186798860047,-18.582991640492267,-6.107286980101794,-2.9169165929363685,-0.00020842500819245397,upper,0.1
665,phase2,upper,-15.0,2,-15.242099007397572,-19.149186798860047,-18.582991640492267,-6.107286980101794,-2.9169165929363685,-0.0003391975133913778,upper,0.1
666,phase2,upper,-15.0,2,-15.229531688602071,-19.149186798860047,-18.582991640492267,-6.107286980101794,-2.9169165929363685,-0.00038433816089586956,upper,0.1
667,phase2,upper,-15.0,2,-15.217160405739238,-19.149186798860047,-18.582991640492267,-6.107286980101794,-2.9169165929363685,-0.00038457577363097006,upper,0.1
668,phase2,upper,-15.0,2,-15.205038256008025,-19.149186798860047,-18.582991640492267,-6.107286980101794,-2.9169165929363685,-0.00036227105389898483,upper,0.1
669,phase2,upper,-15.0,2,-15.193218761787158,-19.149186798860047,-18.582991640492267,-6.107286980101794,-2.9169165929363685,-0.00032965849558161213,upper,0.1
670,phase2,upper,-15.0,2,-15.181749625779663,-19.149186798860047,-18.582991640492267,-6.107286980101794,-2.9169165929363685,-0.00029338269488491444,upper,0.1
671,phase2,lower,-20.0,4,-15.181749625779663,-19.342831327448664,-18.585704009560885,-6.0384812392226905,-2.8754788844124657,-0.00022234547419359806,upper,0.1
672,phase2,upper,-15.0,2,-15.17060631685865,-19.342831327448664,-18.585704009560885,-6.0384812392226905,-2.8754788844124657,-0.0001903194318890629,upper,0.1
673,phase2,upper,-15.0,2,-15.159887937305836,-19.342831327448664,-18.585704009560885,-6.0384812392226905,-2.8754788844124657,-0.00016128635043796815,upper,0.1
674,phase2,upper,-15.0,2,-15.149618072974189,-19.342831327448664,-18.585704009560885,-6.0384812392226905,-2.8754788844124657,-0.00013532249761229098,upper,0.1
675,phase2,upper,-15.0,2,-15.139811866771643,-19.342831327448664,-18.585704009560885,-6.0384812392226905,-2.8754788844124657,-0.00011234555897376267,upper,0.1
676,phase2,upper,-15.0,2,-15.13047735301418,-19.342831327448664,-18.585704009560885,-6.0384812392226905,-2.8754788844124657,-9.218918821711467e-05,upper,0.1
677,phase2,upper,-15.0,2,-15.121616649224324,-19.342831327448664,-18.585704009560885,-6.0384812392226905,-2.8754788844124657,-7.464549186578554e-05,upper,0.1
678,phase2,upper,-15.0,2,-15.113227003569413,-19.342831327448664,-18.585704009560885,-6.0384812392226905,-2.8754788844124657,-5.948948697871685e-05,upper,0.1
679,phase2,lower,-20.0,4,-15.113227003569413,-19.51717213619817,-18.58106190495663,-5.9722228477225805,-2.9385705038665826,-0.09860663030901048,upper,0.1
680,phase2,upper,-15.0,2,-15.193994132319963,-19.51717213619817,-18.58106190495663,-5.9722228477225805,-2.9385705038665826,0.011001613935483361,upper,0.1
681,phase2,upper,-15.0,2,-15.169481543385755,-19.51717213619817,-18.58106190495663,-5.9722228477225805,-2.9385705038665826,0.005378138025941127,upper,0.1
682,phase2,upper,-15.0,2,-15.151313183905307,-19.51717213619817,-18.58106190495663,-5.9722228477225805,-2.9385705038665826,0.0023550976329313428,upper,0.1
683,phase2,upper,-15.0,2,-15.136992928438946,-19.51717213619817,-18.58106190495663,-5.9722228477225805,-2.9385705038665826,0.0007572839851660338,upper,0.1
684,phase2,upper,-15.0,2,-15.125117477877486,-19.51717213619817,-18.58106190495663,-5.9722228477225805,-2.9385705038665826,-6.134062714462763e-05,upper,0.1
685,phase2,upper,-15.0,2,-15.114887242228987,-19.51717213619817,-18.58106190495663,-5.9722228477225805,-2.9385705038665826,-0.0004559472000765956,upper,0.1
686,phase2,upper,-15.0,2,-15.105837270731884,-19.51717213619817,-18.58106190495663,-5.9722228477225805,-2.9385705038665826,-0.000621785573896852,upper,0.1
687,phase2,upper,-15.0,2,-15.097689101544214,-19.51717213619817,-18.58106190495663,-5.9722228477225805,-2.9385705038665826,-0.0006661467539907973,upper,0.1
688,phase2,upper,-15.0,2,-15.090269072439085,-19.51717213619817,-18.58106190495663,-5.9722228477225805,-2.9385705038665826,-0.0006479182857405598,upper,0.1
689,phase2,upper,-15.0,2,-15.0834631732739,-19.51717213619817,-18.58106190495663,-5.9722228477225805,-2.9385705038665826,-0.0005993331718368663,upper,0.1
690,phase2,upper,-15.0,2,-15.077192001808145,-19.51717213619817,-18.58106190495663,-5.9722228477225805,-2.9385705038665826,-0.0005379336949703342,upper,0.1
691,phase2,upper,-15.0,2,-15.071396790172503,-19.51717213619817,-18.58106190495663,-5.9722228477225805,-2.9385705038665826,-0.0004731571350849178,upper,0.1
692,phase2,upper,-15.0,2,-15.066031537659242,-19.51717213619817,-18.58106190495663,-5.9722228477225805,-2.9385705038665826,-0.0004099647309580302,upper,0.1
693,phase2,upper,-15.0,2,-15.061058520503467,-19.51717213619817,-18.58106190495663,-5.9722228477225805,-2.9385705038665826,-0.00035084436821287724,upper,0.1
694,phase2,upper,-15.0,2,-15.056445677184646,-19.51717213619817,-18.58106190495663,-5.9722228477225805,-2.9385705038665826,-0.08715030586536011,upper,0.1
695,phase2,upper,-15.0,2,-15.139827528210192,-19.51717213619817,-18.58106190495663,-5.9722228477225805,-2.9385705038665826,0.014445655457354913,upper,0.1
696,phase2,lower,-20.0,4,-15.139827528210192,-19.660560023162397,-18.561228030858786,-5.912599583263309,-2.890578622596025,0.002940532736695385,upper,0.1
697,phase2,upper,-15.0,2,-15.133815602361384,-19.660560023162397,-18.561228030858786,-5.912599583263309,-2.890578622596025,0.0008329923796285362,upper,0.1
698,phase2,upper,-15.0,2,-15.129085003987342,-19.660560023162397,-18.561228030858786,-5.912599583263309,-2.890578622596025,-0.00023447076459366363,upper,0.1
699,phase2,upper,-15.0,2,-15.12482924791424,-19.660560023162397,-18.561228030858786,-5.912599583263309,-2.890578622596025,-0.0007373917588330886,upper,0.1
700,phase2,upper,-15.0,2,-15.120657490395908,-19.660560023162397,-18.561228030858786,-5.912599583263309,-2.890578622596025,-0.0009370581383038512,upper,0.1
701,phase2,lower,-20.0,4,-15.120657490395908,-19.801470176256508,-18.547307007388294,-5.861276717838619,-2.852477203217595,-0.0009356011197172382,upper,0.1
702,phase2,upper,-15.0,2,-15.116398594497264,-19.801470176256508,-18.547307007388294,-5.861276717838619,-2.852477203217595,-0.0008560097894667257,upper,0.1
703,phase2,upper,-15.0,2,-15.111889039760293,-19.801470176256508,-18.547307007388294,-5.861276717838619,-2.852477203217595,-0.0007613984433032185,upper,0.1
704,phase2,upper,-15.0,2,-15.107194082495758,-19.801470176256508,-18.547307007388294,-5.861276717838619,-2.852477203217595,-0.0006641734827231326,upper,0.1
705,phase2,upper,-15.0,2,-15.102377112514006,-19.801470176256508,-18.547307007388294,-5.861276717838619,-2.852477203217595,-0.0005707609438880146,upper,0.1
706,phase2,upper,-15.0,2,-15.097495970480058,-19.801470176256508,-18.547307007388294,-5.861276717838619,-2.852477203217595,-0.00048429000919389213,upper,0.1
707,phase2,upper,-15.0,2,-15.092601503155274,-19.801470176256508,-18.547307007388294,-5.861276717838619,-2.852477203217595,-0.0004060769447237408,upper,0.1
708,phase2,upper,-15.0,2,-15.087737280295212,-19.801470176256508,-18.547307007388294,-5.861276717838619,-2.852477203217595,-0.0003364479834414121,upper,0.1
709,phase2,upper,-15.0,2,-15.082939890029282,-19.801470176256508,-18.547307007388294,-5.861276717838619,-2.852477203217595,-0.0002751972993216066,upper,0.1
710,phase2,upper,-15.0,2,-15.078239499361544,-19.801470176256508,-18.547307007388294,-5.861276717838619,-2.852477203217595,-0.0002218430323313622,upper,0.1
711,phase2,upper,-15.0,2,-15.073660513755899,-19.801470176256508,-18.547307007388294,-5.861276717838619,-2.852477203217595,-0.00017577112606804437,upper,0.1
712,phase2,upper,-15.0,2,-15.069222249930805,-19.801470176256508,-18.547307007388294,-5.861276717838619,-2.852477203217595,-0.00013631649895482024,upper,0.1
713,phase2,upper,-15.0,2,-15.06493957936356,-19.801470176256508,-18.547307007388294,-5.861276717838619,-2.852477203217595,-0.00010280893686475683,upper,0.1
714,phase2,upper,-15.0,2,-15.060823523262904,-19.801470176256508,-18.547307007388294,-5.861276717838619,-2.852477203217595,-7.459891214801864e-05,upper,0.1
715,phase2,upper,-15.0,2,-15.056881792055313,-19.801470176256508,-18.547307007388294,-5.861276717838619,-2.852477203217595,-5.1071819620265754e-05,upper,0.1
716,phase2,upper,-15.0,2,-15.053119268756278,-19.801470176256508,-18.547307007388294,-5.861276717838619,-2.852477203217595,-3.165541198721197e-05,upper,0.1
717,phase2,upper,-15.0,2,-15.049538438706119,-19.801470176256508,-18.547307007388294,-5.861276717838619,-2.852477203217595,-1.582316269530779e-05,upper,0.1
718,phase2,upper,-15.0,2,-15.04613976953862,-19.801470176256508,-18.547307007388294,-5.861276717838619,-2.852477203217595,-3.095140053152557e-06,upper,0.1
719,phase2,upper,-15.0,2,-15.042922045736063,-19.801470176256508,-18.547307007388294,-5.861276717838619,-2.852477203217595,6.962665791121859e-06,upper,0.1
720,phase2,upper,-15.0,2,-15.039882662147933,-19.801470176256508,-18.547307007388294,-5.861276717838619,-2.852477203217595,1.4739986329120397e-05,upper,0.1
721,phase2,upper,-15.0,2,-15.037017880650541,-19.801470176256508,-18.547307007388294,-5.861276717838619,-2.852477203217595,2.058452295389562e-05,upper,0.1
722,phase2,upper,-15.0,2,-15.03432305382729,-19.801470176256508,-18.547307007388294,-5.861276717838619,-2.852477203217595,2.4804559427253065e-05,upper,0.1
723,phase2,upper,-15.0,2,-15.031792819219964,-19.801470176256508,-18.547307007388294,-5.861276717838619,-2.852477203217595,2.767177462654501e-05,upper,0.1
724,phase2,upper,-15.0,2,-15.029421267373476,-19.801470176256508,-18.547307007388294,-5.861276717838619,-2.852477203217595,-0.07577200166083245,upper,0.1
725,phase2,upper,-15.0,2,-15.104353775289896,-19.801470176256508,-18.547307007388294,-5.861276717838619,-2.852477203217595,0.01765297881148414,upper,0.1
726,phase2,upper,-15.0,2,-15.087163076953685,-19.801470176256508,-18.547307007388294,-5.861276717838619,-2.852477203217595,-0.05640476384276267,upper,0.1
727,phase2,upper,-15.0,2,-15.144655033303712,-19.801470176256508,-18.547307007388294,-5.861276717838619,-2.852477203217595,0.024599389138978568,upper,0.1
728,phase2,lower,-20.0,4,-15.144655033303712,-19.90391440914461,-18.513224361195963,-5.799534157292337,-2.809818982453948,0.005326211066816353,upper,0.1
729,phase2,upper,-15.0,2,-15.138570121105966,-19.90391440914461,-18.513224361195963,-5.799534157292337,-2.809818982453948,0.0017553198319449858,upper,0.1
730,phase2,upper,-15.0,2,-15.134685190462253,-19.90391440914461,-18.513224361195963,-5.799534157292337,-2.809818982453948,-8.019560870278764e-05,upper,0.1
731,phase2,upper,-15.0,2,-15.131612791807065,-19.90391440914461,-18.513224361195963,-5.799534157292337,-2.809818982453948,-0.0009705054253451598,upper,0.1
732,phase2,upper,-15.0,2,-15.12866374706252,-19.90391440914461,-18.513224361195963,-5.799534157292337,-2.809818982453948,-0.0013500913750164468,upper,0.1
733,phase2,upper,-15.0,2,-15.12552296642139,-19.90391440914461,-18.513224361195963,-5.799534157292337,-2.809818982453948,-0.0014577941389676474,upper,0.1
734,phase2,upper,-15.0,2,-15.122072473709126,-19.90391440914461,-18.513224361195963,-5.799534157292337,-2.809818982453948,-0.00142478618870399,upper,0.1
735,phase2,upper,-15.0,2,-15.118295166043259,-19.90391440914461,-18.513224361195963,-5.799534157292337,-2.809818982453948,-0.0013229424478232597,upper,0.1
736,phase2,upper,-15.0,2,-15.114222808128023,-19.90391440914461,-18.513224361195963,-5.799534157292337,-2.809818982453948,-0.0011914486575825486,upper,0.1
737,phase2,upper,-15.0,2,-15.10990822561405,-19.90391440914461,-18.513224361195963,-5.799534157292337,-2.809818982453948,-0.0010514487808507456,upper,0.1
738,phase2,upper,-15.0,2,-15.105410704282733,-19.90391440914461,-18.513224361195963,-5.799534157292337,-2.809818982453948,-0.0009141166082506303,upper,0.1
739,phase2,upper,-15.0,2,-15.10078856727584,-19.90391440914461,-18.513224361195963,-5.799534157292337,-2.809818982453948,-0.0007851105847149766,upper,0.1
740,phase2,lower,-20.0,4,-15.10078856727584,-20.015552003875985,-18.49267465362611,-5.751162973992492,-2.7795552667541843,-0.0005608222494004248,upper,0.1
741,phase2,upper,-15.0,2,-15.095893769192271,-20.015552003875985,-18.49267465362611,-5.751162973992492,-2.7795552667541843,-0.00046646502348650685,upper,0.1
742,phase2,upper,-15.0,2,-15.09099808304201,-20.015552003875985,-18.49267465362611,-5.751162973992492,-2.7795552667541843,-0.0003834732096568747,upper,0.1
743,phase2,upper,-15.0,2,-15.086143859776755,-20.015552003875985,-18.49267465362611,-5.751162973992492,-2.7795552667541843,-0.00031110003664531355,upper,0.1
744,phase2,upper,-15.0,2,-15.081366160888566,-20.015552003875985,-18.49267465362611,-5.751162973992492,-2.7795552667541843,-0.0002484822111049041,upper,0.1
745,phase2,upper,-15.0,2,-15.076693595807145,-20.015552003875985,-18.49267465362611,-5.751162973992492,-2.7795552667541843,-0.00019471856622676475,upper,0.1
746,phase2,upper,-15.0,2,-15.072149110570026,-20.015552003875985,-18.49267465362611,-5.751162973992492,-2.7795552667541843,-0.00014891538919623262,upper,0.1
747,phase2,upper,-15.0,2,-15.067750712454298,-20.015552003875985,-18.49267465362611,-5.751162973992492,-2.7795552667541843,-0.00011021247756172234,upper,0.1
748,phase2,upper,-15.0,2,-15.063512126176661,-20.015552003875985,-18.49267465362611,-5.751162973992492,-2.7795552667541843,-7.77978291637554e-05,upper,0.1
749,phase2,upper,-15.0,2,-15.05944338279842,-20.015552003875985,-18.49267465362611,-5.751162973992492,-2.7795552667541843,-5.09154684231916e-05,upper,0.1
750,phase2,upper,-15.0,2,-15.055551345106364,-20.015552003875985,-18.49267465362611,-5.751162973992492,-2.7795552667541843,-2.8869019788638363e-05,upper,0.1
751,phase2,upper,-15.0,2,-15.05184017433885,-20.015552003875985,-18.49267465362611,-5.751162973992492,-2.7795552667541843,-1.1022579085126358e-05,upper,0.1
752,phase2,upper,-15.0,2,-15.048311743426947,-20.015552003875985,-18.49267465362611,-5.751162973992492,-2.7795552667541843,3.2001671950090277e-06,upper,0.1
753,phase2,upper,-15.0,2,-15.044966001821544,-20.015552003875985,-18.49267465362611,-5.751162973992492,-2.7795552667541843,1.4317970804836062e-05,upper,0.1
754,phase2,upper,-15.0,2,-15.041801296691652,-20.015552003875985,-18.49267465362611,-5.751162973992492,-2.7795552667541843,2.279479938711561e-05,upper,0.1
755,phase2,upper,-15.0,2,-15.038814654918749,-20.015552003875985,-18.49267465362611,-5.751162973992492,-2.7795552667541843,2.904308803955703e-05,upper,0.1
756,phase2,upper,-15.0,2,-15.036002029934098,-20.015552003875985,-18.49267465362611,-5.751162973992492,-2.7795552667541843,3.342726920430659e-05,upper,0.1
757,phase2,upper,-15.0,2,-15.033358517078584,-20.015552003875985,-18.49267465362611,-5.751162973992492,-2.7795552667541843,-0.05499967656538424,upper,0.1
758,phase2,upper,-15.0,2,-15.088151527657503,-20.015552003875985,-18.49267465362611,-5.751162973992492,-2.7795552667541843,0.02239189221233981,upper,0.1
759,phase2,upper,-15.0,2,-15.066236615431146,-20.015552003875985,-18.49267465362611,-5.751162973992492,-2.7795552667541843,0.010991915260175511,upper,0.1
760,phase2,upper,-15.0,2,-15.054659714971585,-20.015552003875985,-18.49267465362611,-5.751162973992492,-2.7795552667541843,0.004856762996501717,upper,0.1
761,phase2,upper,-15.0,2,-15.048594010945004,-20.015552003875985,-18.49267465362611,-5.751162973992492,-2.7795552667541843,0.0016079610153823694,upper,0.1
762,phase2,upper,-15.0,2,-15.045404154582519,-20.015552003875985,-18.49267465362611,-5.751162973992492,-2.7795552667541843,-6.20663294737322e-05,upper,0.1
763,phase2,upper,-15.0,2,-15.043658219402104,-20.015552003875985,-18.49267465362611,-5.751162973992492,-2.7795552667541843,-0.0008722567065374298,upper,0.1
764,phase2,lower,-20.0,4,-15.043658219402104,-20.114049299886883,-18.46948012576536,-5.70509831857605,-2.752780707502041,-0.0013162982505843912,upper,0.1
765,phase2,upper,-15.0,2,-15.042984451609495,-20.114049299886883,-18.46948012576536,-5.70509831857605,-2.752780707502041,-0.0012867547017007153,upper,0.1
766,phase2,lower,-20.0,4,-15.042984451609495,-20.20075046170626,-18.444252483663973,-5.6609417386344605,-2.7286393552246033,-0.0010756023427138809,upper,0.1
767,phase2,upper,-15.0,2,-15.042034663313377,-20.20075046170626,-18.444252483663973,-5.6609417386344605,-2.7286393552246033,-0.0009488433726381202,upper,0.1
768,phase2,upper,-15.0,2,-15.040931930037361,-20.20075046170626,-18.444252483663973,-5.6609417386344605,-2.7286393552246033,-0.0008245195376576676,upper,0.1
769,phase2,upper,-15.0,2,-15.039696934765267,-20.20075046170626,-18.444252483663973,-5.6609417386344605,-2.7286393552246033,-0.0007077664073322739,upper,0.1
770,phase2,upper,-15.0,2,-15.038352595221438,-20.20075046170626,-18.444252483663973,-5.6609417386344605,-2.7286393552246033,-0.0006009461349877712,upper,0.1
771,phase2,upper,-15.0,2,-15.036921777218726,-20.20075046170626,-18.444252483663973,-5.6609417386344605,-2.7286393552246033,-0.0005048912042756873,upper,0.1
772,phase2,upper,-15.0,2,-15.035426121819828,-20.20075046170626,-18.444252483663973,-5.6609417386344605,-2.7286393552246033,-0.0004195974123188726,upper,0.1
773,phase2,upper,-15.0,2,-15.033885483825411,-20.20075046170626,-18.444252483663973,-5.6609417386344605,-2.7286393552246033,-0.00034461213489263905,upper,0.1
774,phase2,upper,-15.0,2,-15.032317705080066,-20.20075046170626,-18.444252483663973,-5.6609417386344605,-2.7286393552246033,-0.00027925336601880026,upper,0.1
775,phase2,upper,-15.0,2,-15.030738570208685,-20.20075046170626,-18.444252483663973,-5.6609417386344605,-2.7286393552246033,-0.00022273425391624235,upper,0.1
776,phase2,upper,-15.0,2,-15.029161860593534,-20.20075046170626,-18.444252483663973,-5.6609417386344605,-2.7286393552246033,-0.00017423443631633414,upper,0.1
777,phase2,upper,-15.0,2,-15.027599459900301,-20.20075046170626,-18.444252483663973,-5.6609417386344605,-2.7286393552246033,-0.00013294108785359124,upper,0.1
778,phase2,upper,-15.0,2,-15.026061485109459,-20.20075046170626,-18.444252483663973,-5.6609417386344605,-2.7286393552246033,-9.807246080490689e-05,upper,0.1
779,phase2,upper,-15.0,2,-15.024556428409863,-20.20075046170626,-18.444252483663973,-5.6609417386344605,-2.7286393552246033,-0.045344309349350576,upper,0.1
780,phase2,upper,-15.0,2,-15.070959445262869,-20.20075046170626,-18.444252483663973,-5.6609417386344605,-2.7286393552246033,0.024343229378313763,upper,0.1
781,phase2,upper,-15.0,2,-15.047990237636743,-20.20075046170626,-18.444252483663973,-5.6609417386344605,-2.7286393552246033,-0.024190197364964333,upper,0.1
782,phase2,upper,-15.0,2,-15.075379759219437,-20.20075046170626,-18.444252483663973,-5.6609417386344605,-2.7286393552246033,0.031847009933379404,upper,0.1
783,phase2,upper,-15.0,2,-15.046143311003316,-20.20075046170626,-18.444252483663973,-5.6609417386344605,-2.7286393552246033,0.015584199264405029,upper,0.1
784,phase2,upper,-15.0,2,-15.031775083488448,-20.20075046170626,-18.444252483663973,-5.6609417386344605,-2.7286393552246033,0.006840412720966861,upper,0.1
785,phase2,upper,-15.0,2,-15.025336746132563,-20.20075046170626,-18.444252483663973,-5.6609417386344605,-2.7286393552246033,0.0022176449975067334,upper,0.1
786,phase2,lower,-20.0,4,-15.025336746132563,-20.273104783404275,-18.41507479480738,-5.617848344916096,-2.706470640386195,-0.0012956002994866126,upper,0.1
787,phase2,upper,-15.0,2,-15.026190660546895,-20.273104783404275,-18.41507479480738,-5.617848344916096,-2.706470640386195,-0.0017775409450249606,upper,0.1
788,phase2,upper,-15.0,2,-15.027314648167454,-20.273104783404275,-18.41507479480738,-5.617848344916096,-2.706470640386195,-0.0019080838129401484,upper,0.1
789,phase2,upper,-15.0,2,-15.028404072138647,-20.273104783404275,-18.41507479480738,-5.617848344916096,-2.706470640386195,-0.0018574908360355902,upper,0.1
790,phase2,upper,-15.0,2,-15.02931062968076,-20.273104783404275,-18.41507479480738,-5.617848344916096,-2.706470640386195,-0.0017189583959002861,upper,0.1
791,phase2,upper,-15.0,2,-15.029971193448853,-20.273104783404275,-18.41507479480738,-5.617848344916096,-2.706470640386195,-0.0017189583959002861,upper,0.1
792,phase2,upper,-15.0,2,-15.030515950677781,-20.273104783404275,-18.41507479480738,-5.617848344916096,-2.706470640386195,-0.0017189583959002861,upper,0.1
793,phase2,upper,-15.0,2,-15.030961457037698,-20.273104783404275,-18.41507479480738,-5.617848344916096,-2.706470640386195,-0.0017189583959002861,upper,0.1
794,phase2,upper,-15.0,2,-15.031322115130115,-20.273104783404275,-18.41507479480738,-5.617848344916096,-2.706470640386195,-0.0017189583959002861,upper,0.1
795,phase2,upper,-15.0,2,-15.031610439544934,-20.273104783404275,-18.41507479480738,-5.617848344916096,-2.706470640386195,-0.0017189583959002861,upper,0.1
796,phase2,upper,-15.0,2,-15.031837290436751,-20.273104783404275,-18.41507479480738,-5.617848344916096,-2.706470640386195,-0.0017189583959002861,upper,0.1
797,phase2,upper,-15.0,2,-15.032012079266018,-20.273104783404275,-18.41507479480738,-5.617848344916096,-2.706470640386195,-0.0017189583959002861,upper,0.1
798,phase2,upper,-15.0,2,-15.032142949936325,-20.273104783404275,-18.41507479480738,-5.617848344916096,-2.706470640386195,-0.0017189583959002861,upper,0.1
799,phase2,upper,-15.0,2,-15.032236938191174,-20.273104783404275,-18.41507479480738,-5.617848344916096,-2.706470640386195,-0.0017189583959002861,upper,0.1
