episode,phase,route,return,steps,q_start_right,q_start_down,q_shield_right,q_d1_right,q_d2_right,mood_M,greedy_route,epsilon
0,phase1,upper,-15.0,2,-1.25,0.0,0.0,0.0,0.0,-0.3375,lower,0.1
1,phase1,lower,-10.0,4,-1.25,-0.55375,-0.530125,-0.5135875000000001,-0.50201125,-0.27100875,lower,0.1
2,phase1,lower,-10.0,4,-1.25,-1.045295375,-1.0160688875,-0.9958017087500001,-0.932357849875,-0.239254559625,lower,0.1
3,phase1,lower,-10.0,4,-1.25,-1.5077018299125,-1.48148342702625,-1.458618989217125,-1.3083222471461124,-0.21751829514933751,upper,0.1
4,phase1,upper,-15.0,2,-2.6295164656344037,-1.5077018299125,-1.48148342702625,-1.458618989217125,-1.3083222471461124,-0.4125464646231754,lower,0.1
5,phase1,lower,-10.0,4,-2.6295164656344037,-2.126371807784733,-2.0558933590800095,-1.9891594382734477,-1.6978310966799806,-0.2460156125566561,lower,0.1
6,phase1,lower,-10.0,4,-2.6295164656344037,-2.590738014215251,-2.754068632038408,-2.562564895940949,-2.0904218731757487,-0.31595544939206566,lower,0.1
7,phase1,lower,-10.0,4,-2.6295164656344037,-3.141430980450426,-3.2436043263226395,-2.968089401579854,-2.3378196045563655,-0.23204816087181993,upper,0.1
8,phase1,upper,-15.0,2,-3.9489480664500096,-3.141430980450426,-3.2436043263226395,-2.968089401579854,-2.3378196045563655,-0.17049087565313195,lower,0.1
9,phase1,lower,-10.0,4,-3.9489480664500096,-3.5550901031254662,-3.638066033512214,-3.338952754047965,-2.5334379803163682,-0.146001763598913,lower,0.1
10,phase1,lower,-10.0,4,-3.9489480664500096,-3.944789283403163,-4.015128907188376,-3.6808045939231118,-2.696846802983259,-0.13013582456712666,lower,0.1
11,phase1,lower,-10.0,4,-3.9489480664500096,-4.318945487892098,-4.379118425038489,-3.996897033738387,-2.8336541166389573,-0.11710882429806319,upper,0.1
12,phase1,upper,-15.0,2,-5.065770486518273,-4.318945487892098,-4.379118425038489,-3.996897033738387,-2.8336541166389573,-0.29534105957825885,lower,0.1
13,phase1,lower,-10.0,4,-5.065770486518273,-4.84076973522717,-4.842801272711546,-4.366665615182177,-3.002138389364715,-0.1481529852515499,lower,0.1
14,phase1,lower,-10.0,4,-5.065770486518273,-5.2243105757020025,-5.203380780144063,-4.647963028232348,-3.1005555759031553,-0.10158932582465714,upper,0.1
15,phase1,upper,-15.0,2,-6.101648053741563,-5.2243105757020025,-5.203380780144063,-4.647963028232348,-3.1005555759031553,-0.2599819706597017,lower,0.1
16,phase1,upper,-15.0,2,-7.213806069008647,-5.2243105757020025,-5.203380780144063,-4.647963028232348,-3.1005555759031553,-0.23851633414983192,lower,0.1
17,phase1,lower,-10.0,4,-7.213806069008647,-5.686882296881057,-5.574412284513335,-4.851460348872694,-3.357411077452775,-0.24382425217629844,lower,0.1
18,phase1,lower,-10.0,4,-7.213806069008647,-6.145077122602953,-6.128150920920395,-5.204566181118353,-3.512018777738165,-0.24413716466029753,lower,0.1
19,phase1,lower,-10.0,4,-7.213806069008647,-6.613107950628965,-6.460711259464008,-5.389160224161734,-3.545562752715351,-0.15800867378269143,lower,0.1
20,phase1,lower,-10.0,4,-7.213806069008647,-6.990076087916892,-6.719033615624294,-5.514176944015567,-3.544039330109217,-0.13001645296223735,lower,0.1
21,phase1,lower,-10.0,4,-7.213806069008647,-7.329986648353645,-6.9419296146765435,-5.610100478256074,-3.530681800722949,-0.11739972791908317,upper,0.1
22,phase1,lower,-10.0,4,-7.213806069008647,-7.646840700113111,-7.140151618494707,-5.686433864090915,-3.5119892383517475,-0.10881816344375328,upper,0.1
23,phase1,upper,-15.0,2,-8.102720177411866,-7.646840700113111,-7.140151618494707,-5.686433864090915,-3.5119892383517475,-0.031105182099154534,lower,0.1
24,phase1,lower,-10.0,4,-8.102720177411866,-7.87416645584051,-7.323960805249153,-5.810145596035247,-3.475040481640535,-0.02516719396130951,lower,0.1
25,phase1,lower,-10.0,4,-8.102720177411866,-8.091796365346553,-7.497015826400948,-5.911264647299541,-3.4342149482523805,-0.019831141834830097,lower,0.1
26,phase1,lower,-10.0,4,-8.102720177411866,-8.30016633910334,-7.658308038884524,-5.9917573872430605,-3.390288517552614,-0.014968872851418652,upper,0.1
27,phase1,lower,-10.0,4,-8.102720177411866,-8.499452494647734,-7.807053282582075,-6.053452824161017,-3.34393786566012,-0.010534744203501326,upper,0.1
28,phase1,upper,-15.0,2,-8.82028481318539,-8.499452494647734,-7.807053282582075,-6.053452824161017,-3.34393786566012,-0.1413204787668032,lower,0.1
29,phase1,lower,-10.0,4,-8.82028481318539,-8.80740100433129,-8.025106340929186,-6.1557591898786805,-3.3361475196584824,-0.03790663765562222,lower,0.1
30,phase1,lower,-10.0,4,-8.82028481318539,-9.013287511881138,-8.1637208248993,-6.195752384176963,-3.2909811515195067,-0.008099760810078724,upper,0.1
31,phase1,upper,-15.0,2,-9.483063529630364,-9.013287511881138,-8.1637208248993,-6.195752384176963,-3.2909811515195067,-0.060127477982913125,lower,0.1
32,phase1,lower,-10.0,4,-9.483063529630364,-9.232445573367578,-8.2412095199814,-6.153575356401159,-3.2581328870148294,-0.050320027360777314,lower,0.1
33,phase1,lower,-10.0,4,-9.483063529630364,-9.42860999265366,-8.299237059733626,-6.108299265456252,-3.3647461113340813,-0.11579347476006259,lower,0.1
34,phase1,lower,-10.0,4,-9.483063529630364,-9.669886826645714,-8.44837493113502,-6.176810886463561,-3.327340788501771,-0.020175760045208394,upper,0.1
35,phase1,upper,-15.0,2,-10.092144007859416,-9.669886826645714,-8.44837493113502,-6.176810886463561,-3.327340788501771,-0.050236649634073476,lower,0.1
36,phase1,lower,-10.0,4,-10.092144007859416,-9.842948621765311,-8.48572223718782,-6.136120317254143,-3.2801868382384667,-0.032294881580928886,lower,0.1
37,phase1,lower,-10.0,4,-10.092144007859416,-9.9862913767304,-8.503258213636082,-6.087576145978194,-3.3636293339518506,-0.09662369019676585,lower,0.1
38,phase1,lower,-10.0,4,-10.092144007859416,-10.174949381598056,-8.609735159769986,-6.135595586331304,-3.308304456183921,-0.00936768359553981,upper,0.1
39,phase1,upper,-15.0,2,-10.632151631306256,-10.174949381598056,-8.609735159769986,-6.135595586331304,-3.308304456183921,-0.029907727634019166,lower,0.1
40,phase1,lower,-10.0,4,-10.632151631306256,-10.295344914285867,-8.612343698169584,-6.090078041502271,-3.2498125683145256,-0.013928918499189386,lower,0.1
41,phase1,upper,-15.0,2,-11.122167909006263,-10.295344914285867,-8.612343698169584,-6.090078041502271,-3.2498125683145256,0.02071390872630169,lower,0.1
42,phase1,lower,-10.0,4,-11.122167909006263,-10.358402274820568,-8.625867116363091,-6.062126546780519,-3.1602687782408085,0.022545719529560745,lower,0.1
43,phase1,lower,-10.0,4,-11.122167909006263,-10.414857611398215,-8.760866310039294,-6.09308723947409,-3.170397804757796,-0.05190162265999183,lower,0.1
44,phase1,lower,-10.0,4,-11.122167909006263,-10.546169941656316,-8.758285909956044,-6.052062102404973,-3.127422214330735,-0.009179973485555316,lower,0.1
45,phase1,lower,-10.0,4,-11.122167909006263,-10.625643514623288,-8.725049127134328,-5.992559695831745,-3.0733851281406,0.004330560943559315,lower,0.1
46,phase1,lower,-10.0,4,-11.122167909006263,-10.681686571025189,-8.681129427939954,-5.929125795986288,-3.0192498960635117,0.009871349556566034,lower,0.1
47,phase1,lower,-10.0,4,-11.122167909006263,-10.722746642115755,-8.632404292955295,-5.865886753706923,-2.967741983088849,0.013087612104351675,lower,0.1
48,phase1,lower,-10.0,4,-11.122167909006263,-10.751933556305792,-8.580958397745382,-5.804145845752748,-2.9194180368918894,0.01548081357029551,lower,0.1
49,phase1,lower,-10.0,4,-11.122167909006263,-10.770903308236484,-8.52782171286359,-5.7444102271100554,-2.874276504707954,0.01745280006542107,lower,0.1
50,phase1,lower,-10.0,4,-11.122167909006263,-10.780887628640317,-8.473697518297548,-5.686936385996839,-2.8321832911062597,0.01911480206678773,lower,0.1
51,phase1,lower,-10.0,4,-11.122167909006263,-10.782965295745932,-8.419156803142764,-5.631880894390658,-2.926861641219964,-0.06741919153664304,lower,0.1
52,phase1,lower,-10.0,4,-11.122167909006263,-10.857261718868592,-8.440627111196013,-5.632253066273925,-2.885965945539104,-0.0006935638532463327,lower,0.1
53,phase1,lower,-10.0,4,-11.122167909006263,-10.866222465569257,-8.415468693077456,-5.596687773210804,-2.8275963146326704,0.016061862768292287,lower,0.1
54,phase1,lower,-10.0,4,-11.122167909006263,-10.856691411828614,-8.376834756463598,-5.549968488523093,-2.7697638598954097,0.019522444722783062,lower,0.1
55,phase1,lower,-10.0,4,-11.122167909006263,-10.841135546041606,-8.33357559622059,-5.4995012708615,-2.7168455771870708,0.019444070041776663,lower,0.1
56,phase1,lower,-10.0,4,-11.122167909006263,-10.822879888021905,-8.288156684477306,-5.447942761990385,-2.669621307926852,0.01842629852071899,lower,0.1
57,phase1,lower,-10.0,4,-11.122167909006263,-10.802823898998799,-8.241400871145176,-5.396572043356072,-2.6279397374705673,0.01716591009280959,lower,0.1
58,phase1,lower,-10.0,4,-11.122167909006263,-10.78123227712991,-8.193731679131794,-5.34620040973249,-2.5914252325097,0.0158534301842872,lower,0.1
59,phase1,lower,-10.0,4,-11.122167909006263,-10.758214130164239,-8.145489586496195,-5.297425266667888,-2.5596640883462984,0.0145443600894459,lower,0.1
60,phase1,lower,-10.0,4,-11.122167909006263,-10.733851751716934,-8.097004534789562,-5.250708438481508,-2.5322525715836157,0.013257859202911665,lower,0.1
61,phase1,lower,-10.0,4,-11.122167909006263,-10.708234956741576,-8.048605905843091,-5.206406691862918,-2.5088083843552136,0.012002978994062318,lower,0.1
62,phase1,lower,-10.0,4,-11.122167909006263,-10.681469370557071,-8.00061781427909,-5.164788565620366,-2.4889725449691764,0.010785640660594308,lower,0.1
63,phase1,lower,-10.0,4,-11.122167909006263,-10.653677138334738,-7.953352145894807,-5.126046671559901,-2.472408842739572,0.009610496359414647,lower,0.1
64,phase1,lower,-10.0,4,-11.122167909006263,-10.624995192367273,-7.907102394682682,-5.090307993511139,-2.458802753310587,0.008481432776966552,lower,0.1
65,phase1,lower,-10.0,4,-11.122167909006263,-10.595572623099544,-7.862138891258398,-5.0576429363852675,-2.447860301162212,0.007401716149568461,lower,0.1
66,phase1,lower,-10.0,4,-11.122167909006263,-10.565567705380817,-7.818705390233085,-5.02807339602573,-2.4393069855245484,0.006374044196870125,lower,0.1
67,phase1,upper,-15.0,2,-11.539823472589202,-10.565567705380817,-7.818705390233085,-5.02807339602573,-2.4393069855245484,0.019574189259322784,lower,0.1
68,phase1,lower,-10.0,4,-11.539823472589202,-10.523264703532654,-7.777152692791443,-5.0143362371491005,-2.433161296716713,0.01844684626932827,lower,0.1
69,phase1,lower,-10.0,4,-11.539823472589202,-10.482051340816136,-7.739634200600002,-5.002184084622692,-2.4280858035057404,0.01728671452219963,lower,0.1
70,phase1,lower,-10.0,4,-11.539823472589202,-10.442251583724543,-7.705872735644506,-4.991514154759783,-2.42401234369258,0.01610489113915381,lower,0.1
71,phase1,lower,-10.0,4,-11.539823472589202,-10.4041192968913,-7.675602319732616,-4.982226501456631,-2.4208733237344067,0.014911758248102848,lower,0.1
72,phase1,lower,-10.0,4,-11.539823472589202,-10.36784701675214,-7.648568189064983,-4.97422417900958,-2.556018449073085,-0.0662712747697543,lower,0.1
73,phase1,lower,-10.0,4,-11.539823472589202,-10.405563281276205,-7.664007469905414,-5.000198814419263,-2.56490792987682,-0.015022507086986246,lower,0.1
74,phase1,lower,-10.0,4,-11.539823472589202,-10.394927956517414,-7.6478568452325755,-5.001932511778018,-2.5571807268094418,-0.0019799363250178497,lower,0.1
75,phase1,lower,-10.0,4,-11.539823472589202,-10.372002788081446,-7.625352558343186,-4.997584333978794,-2.5467824951686517,0.0009556015847414683,lower,0.1
76,phase1,lower,-10.0,4,-11.539823472589202,-10.346477723681351,-7.603035212141989,-4.9920946949427005,-2.5372072872136715,0.0012522708374470863,lower,0.1
77,phase1,lower,-10.0,4,-11.539823472589202,-10.321006428773712,-7.582500102629621,-4.986854738916822,-2.5291903220952734,0.0008937812915691969,lower,0.1
78,phase1,lower,-10.0,4,-11.539823472589202,-10.29635139299689,-7.564046843737416,-4.98228255132815,-2.5227515012638917,0.00040576396513281173,lower,0.1
79,phase1,lower,-10.0,4,-11.539823472589202,-10.272755750502323,-7.547645066285076,-4.978513090165912,-2.5177372992832248,-7.388446089578614e-05,lower,0.1
80,phase1,lower,-10.0,4,-11.539823472589202,-10.250311178095405,-7.533187585083345,-4.975586043928711,-2.5139635705073835,-0.0005104492092479727,lower,0.1
81,phase1,lower,-10.0,4,-11.539823472589202,-10.229058223082522,-7.520554928336616,-4.973499645831815,-2.5112523492616674,-0.0008967312953622767,lower,0.1
82,phase1,lower,-10.0,4,-11.539823472589202,-10.209014951773757,-7.509630362354315,-4.9722283403749366,-2.509440545522963,-0.0012329110628524625,lower,0.1
83,phase1,lower,-10.0,4,-11.539823472589202,-10.19018611278838,-7.500302283994869,-4.971730383024753,-2.508381239288999,-0.0015211749928670233,lower,0.1
84,phase1,lower,-10.0,4,-11.539823472589202,-10.172566787402609,-7.492463686174988,-4.97195235728482,-2.507943072319113,-0.0017642688559866488,lower,0.1
85,phase1,lower,-10.0,4,-11.539823472589202,-10.156144319250235,-7.607753295725169,-5.027777956342327,-2.5381944860466383,-0.02454893200051547,lower,0.1
86,phase1,lower,-10.0,4,-11.539823472589202,-10.173399255698191,-7.61798526042582,-5.0427465444112896,-2.5386266501502024,-0.0037073681570003775,lower,0.1
87,phase1,lower,-10.0,4,-11.539823472589202,-10.171194487512254,-7.615296621114792,-5.0462766785713775,-2.642263928496775,-0.050178852632479384,lower,0.1
88,phase1,lower,-10.0,4,-11.539823472589202,-10.21076566824174,-7.634834602884259,-5.074933093519814,-2.6437237582565056,-0.012612799377058483,lower,0.1
89,phase1,lower,-10.0,4,-11.539823472589202,-10.214524081145344,-7.631684588441769,-5.084330253844754,-2.633171390545919,-0.0028716943573119033,lower,0.1
90,phase1,lower,-10.0,4,-11.539823472589202,-10.208824656796567,-7.623986180515966,-5.087814322954117,-2.620752032085282,-0.0004941927928824352,lower,0.1
91,phase1,lower,-10.0,4,-11.539823472589202,-10.200785582682101,-7.616303029772294,-5.08909853247105,-2.60900384049622,-4.3736050702968357e-05,lower,0.1
92,phase1,lower,-10.0,4,-11.539823472589202,-10.192376689836752,-7.6096324294217865,-5.089305803881496,-2.598459641911886,-7.767710309081037e-05,lower,0.1
93,phase1,lower,-10.0,4,-11.539823472589202,-10.184172173188037,-7.604059237295048,-5.088845431188754,-2.589134491477272,-0.00021497136934591805,lower,0.1
94,phase1,lower,-10.0,4,-11.539823472589202,-10.17635435383115,-7.599455548682659,-5.087915907604417,-2.580919698430666,-0.00035667937987317165,lower,0.1
95,phase1,lower,-10.0,4,-11.539823472589202,-10.168985484758185,-7.595661799094634,-5.086642004639667,-2.573686268833151,-0.0004787460123854229,lower,0.1
96,phase1,lower,-10.0,4,-11.539823472589202,-10.162083987602976,-7.592530800758351,-5.085114151205913,-2.567311205489342,-0.0005769086737318043,lower,0.1
97,phase1,lower,-10.0,4,-11.539823472589202,-10.155647886724871,-7.589936008575721,-5.083401425506173,-2.561683396748231,-0.0006520478286039782,lower,0.1
98,phase1,lower,-10.0,4,-11.539823472589202,-10.1496635419557,-7.587770841155331,-5.081557168543382,-2.5567041689875394,-0.0007062902481349878,lower,0.1
99,phase1,lower,-10.0,4,-11.539823472589202,-10.144109933098985,-7.585946100750494,-5.079622318313632,-2.552286504264769,-0.0007419723295484229,lower,0.1
100,phase1,lower,-10.0,4,-11.539823472589202,-10.138961324960729,-7.584387289839182,-5.07762786082942,-2.5483539812373683,-0.0007613650962957571,lower,0.1
101,phase1,lower,-10.0,4,-11.539823472589202,-10.13418915003524,-7.583032238306323,-5.075596805030452,-2.544839715249589,-0.0007666028021966969,lower,0.1
102,phase1,lower,-10.0,4,-11.539823472589202,-10.129763401384325,-7.58182909668118,-5.073545821490143,-2.5416853657945118,-0.0007596665615246988,lower,0.1
103,phase1,lower,-10.0,4,-11.539823472589202,-10.125653670819382,-7.580734663661671,-5.071486610058953,-2.538840224603728,-0.0007423833188777399,lower,0.1
104,phase1,upper,-15.0,2,-11.917294830370487,-10.125653670819382,-7.580734663661671,-5.071486610058953,-2.538840224603728,-0.0013389631848399666,lower,0.1
105,phase1,lower,-10.0,4,-11.917294830370487,-10.122366836969968,-7.581114039425724,-5.068866758018394,-2.53500608052368,-0.0014019013523009897,lower,0.1
106,phase1,lower,-10.0,4,-11.917294830370487,-10.119503268432615,-7.581162942079788,-5.066095692681066,-2.5316812663196964,-0.0014432613227837504,lower,0.1
107,phase1,lower,-10.0,4,-11.917294830370487,-10.116968170987837,-7.58088952933601,-5.063234295320942,-2.5287956636432734,-0.0014653209870741013,lower,0.1
108,phase1,lower,-10.0,4,-11.917294830370487,-10.114679095711022,-7.580308710815851,-5.060331480205697,-2.526287743088111,-0.0014702293256515112,lower,0.1
109,phase1,lower,-10.0,4,-11.917294830370487,-10.112565263614592,-7.579440184818907,-5.057426136579013,-2.524103642366108,-0.001460008666029061,lower,0.1
110,phase1,lower,-10.0,4,-11.917294830370487,-10.110566763534448,-7.578306863746675,-5.0545487903894255,-2.5221963336696316,-0.001436557100939241,lower,0.1
111,phase1,lower,-10.0,4,-11.917294830370487,-10.108633674946518,-7.5769336223587445,-5.05172302276453,-2.520524872249379,-0.001401651066180735,lower,0.1
112,phase1,lower,-10.0,4,-11.917294830370487,-10.106725155647302,-7.5753463131792005,-5.048966677673603,-2.5190537188742055,-0.0013569480790882864,lower,0.1
113,phase1,lower,-10.0,4,-11.917294830370487,-10.104808524671672,-7.573571002057447,-5.046292887195977,-2.611424173770082,-0.04001165176894436,lower,0.1
114,phase1,lower,-10.0,4,-11.917294830370487,-10.137695259002298,-7.596432059857995,-5.071469167311061,-2.613314642685998,-0.009824458468226945,lower,0.1
115,phase1,lower,-10.0,4,-11.917294830370487,-10.142410951709271,-7.6002622658717724,-5.080567983843643,-2.6052148610214463,-0.0018415365418290141,lower,0.1
116,phase1,lower,-10.0,4,-11.917294830370487,-10.139853466013168,-7.599557036742638,-5.084295800310809,-2.5952841805945317,0.00024222988812999018,lower,0.1
117,phase1,lower,-10.0,4,-11.917294830370487,-10.135605816186798,-7.59799913919383,-5.085683399719584,-2.585612539686754,0.0007606905909313972,lower,0.1
118,phase1,lower,-10.0,4,-11.917294830370487,-10.131160526955663,-7.59643320660789,-5.085696284343508,-2.5766843447960017,0.0008654673475105329,lower,0.1
119,phase1,lower,-10.0,4,-11.917294830370487,-10.126908874308125,-7.594979518008451,-5.08472918728847,-2.5685642970126294,0.0008623085314659741,lower,0.1
120,phase1,lower,-10.0,4,-11.917294830370487,-10.12293986099984,-7.593590734202522,-5.083006090076872,-2.561211899550281,0.0008321526696321265,lower,0.1
121,phase1,lower,-10.0,4,-11.917294830370487,-10.119256010917438,-7.676194844771259,-5.109860693247343,-2.5756020129887194,-0.016062151797567727,lower,0.1
122,phase1,lower,-10.0,4,-11.917294830370487,-10.13940583092063,-7.679250688716715,-5.112869113746605,-2.5724942417268197,-0.003331598097357822,lower,0.1
123,phase1,lower,-10.0,4,-11.917294830370487,-10.14638875498786,-7.674161011562506,-5.109340579229913,-2.5654893332432795,3.2862116799299654e-05,lower,0.1
124,phase1,lower,-10.0,4,-11.917294830370487,-10.149136404740206,-7.667066234163005,-5.103967246546419,-2.5581208647004186,0.0009121571422785441,lower,0.1
125,phase1,lower,-10.0,4,-11.917294830370487,-10.150108446254436,-7.659577173782422,-5.098070374299445,-2.551255031273361,0.0011340568856297384,lower,0.1
126,phase1,lower,-10.0,4,-11.917294830370487,-10.150034667810168,-7.6521096316007515,-5.092060734960972,-2.5450568661380304,0.0011832621711781073,lower,0.1
127,phase1,lower,-10.0,4,-11.917294830370487,-10.149177228235166,-7.644768493167817,-5.086094857895456,-2.539512136468278,0.0011876290993750578,lower,0.1
128,phase1,lower,-10.0,4,-11.917294830370487,-10.147667488538994,-7.637580872016474,-5.080251379692168,-2.534565359111536,0.0011803193288222778,lower,0.1
129,phase1,lower,-10.0,4,-11.917294830370487,-10.145596539490803,-7.630556585303429,-5.0745795652022005,-2.5301558280408525,0.0011694725562654022,lower,0.1
130,phase1,lower,-10.0,4,-11.917294830370487,-10.143040018771428,-7.623703040937915,-5.069113619373342,-2.5262265859438404,0.0011567134482492923,lower,0.1
131,phase1,lower,-10.0,4,-11.917294830370487,-10.140065278884652,-7.617028264321737,-5.063877705434628,-2.522726256586101,0.0011420576750029244,lower,0.1
132,phase1,lower,-10.0,4,-11.917294830370487,-10.136733725520857,-7.610540985568168,-5.058888318248222,-2.519609029642875,0.0011252028654689236,lower,0.1
133,phase1,lower,-10.0,4,-11.917294830370487,-10.133101768946666,-7.604250120508818,-5.054155802909354,-2.516834201777066,0.00110585909993804,lower,0.1
134,phase1,upper,-15.0,2,-12.252267392356693,-10.133101768946666,-7.604250120508818,-5.054155802909354,-2.516834201777066,0.0008201426272426357,lower,0.1
135,phase1,lower,-10.0,4,-12.252267392356693,-10.129478475738363,-7.598455551250376,-5.049448200564397,-2.514125531586102,0.0007497327506164749,lower,0.1
136,phase1,lower,-10.0,4,-12.252267392356693,-10.12570142381401,-7.592797027824995,-5.044962838159414,-2.511740561909813,0.0006826509240718063,lower,0.1
137,phase1,lower,-10.0,4,-12.252267392356693,-10.121796598383446,-7.587282121579232,-5.040712391888018,-2.5096481368757098,0.000618808651742662,lower,0.1
138,phase1,lower,-10.0,4,-12.252267392356693,-10.117788222916456,-7.581919244187995,-5.036705100169437,-2.507819821609489,0.0005581308700394744,lower,0.1
139,phase1,lower,-10.0,4,-12.252267392356693,-10.113699007260573,-7.5767170621823015,-5.032945421689951,-2.506229650485689,0.0005005530461716194,lower,0.1
140,phase1,lower,-10.0,4,-12.252267392356693,-10.109550315011193,-7.571684039598594,-5.029434612930499,-2.5048539015341174,0.0004460183898979244,lower,0.1
141,phase1,lower,-10.0,4,-12.252267392356693,-10.105362270919025,-7.566828088434405,-5.026171234994899,-2.503670894350407,0.00039447532528146266,lower,0.1
142,phase1,lower,-10.0,4,-12.252267392356693,-10.101153824877809,-7.562156309347623,-5.023151598266076,-2.502660809041011,0.0003458752629115568,lower,0.1
143,phase1,lower,-10.0,4,-12.252267392356693,-10.09694278558817,-7.5576748074796285,-5.020370152329919,-2.5018055239398636,0.00030017067937736675,lower,0.1
144,phase1,lower,-10.0,4,-12.252267392356693,-10.092745834165877,-7.553388570417063,-5.017819827666408,-2.501088470038679,0.000257313497638823,lower,0.1
145,phase1,upper,-15.0,2,-12.55162901184573,-10.092745834165877,-7.553388570417063,-5.017819827666408,-2.501088470038679,0.0007270634591407419,lower,0.1
146,phase1,lower,-10.0,4,-12.55162901184573,-10.088155750677767,-7.549346573374983,-5.015951163523867,-2.5004750007033416,0.000682361694677732,lower,0.1
147,phase1,lower,-10.0,4,-12.55162901184573,-10.083660707422279,-7.545571754096306,-5.014241602552455,-2.4999487276053736,0.0006371529466995696,lower,0.1
148,phase1,lower,-10.0,4,-12.55162901184573,-10.079278374437653,-7.542051585089041,-5.012681534979182,-2.574956589644682,-0.026295802886659926,lower,0.1
149,phase1,lower,-10.0,4,-12.55162901184573,-10.099221918100785,-7.555319681307675,-5.030037013732543,-2.5752823916585914,-0.00623520077277398,lower,0.1
150,phase1,lower,-10.0,4,-12.55162901184573,-10.10044337511697,-7.556171451872593,-5.036599645347625,-2.5691338998470497,-0.0009751510124169804,lower,0.1
151,phase1,lower,-10.0,4,-12.55162901184573,-10.096893818703709,-7.554242243508548,-5.039536588019941,-2.561930151350407,0.0003554140556503888,lower,0.1
152,phase1,lower,-10.0,4,-12.55162901184573,-10.092308788534108,-7.5519634842844265,-5.040891569395173,-2.5550451784200567,0.0006461003327225563,lower,0.1
153,phase1,lower,-10.0,4,-12.55162901184573,-10.08769276780969,-7.549878346441512,-5.041326245976137,-2.5487840590397433,0.0006648289720027492,lower,0.1
154,phase1,lower,-10.0,4,-12.55162901184573,-10.08331297959807,-7.54805016481183,-5.04111735131149,-2.5431734474294956,0.0006155202789394137,lower,0.1
155,phase1,lower,-10.0,4,-12.55162901184573,-10.0792327298684,-7.546432914813354,-5.040424047321726,-2.538171188163022,0.0005521693815400781,lower,0.1
156,phase1,lower,-10.0,4,-12.55162901184573,-10.075455795919508,-7.544966386002887,-5.039360998956076,-2.5337215548771024,0.0004889205398044309,lower,0.1
157,phase1,lower,-10.0,4,-12.55162901184573,-10.07196682644202,-7.543598693621918,-5.038019559942631,-2.52976949534597,0.0004293294012207746,lower,0.1
158,phase1,lower,-10.0,4,-12.55162901184573,-10.06874361669891,-7.542289921285273,-5.0364749488888885,-2.5262640191400414,0.0003741428093250905,lower,0.1
159,phase1,lower,-10.0,4,-12.55162901184573,-10.065761518629154,-7.541011129955105,-5.034789510588823,-2.523158735506548,0.0003233676179232076,lower,0.1
160,phase1,lower,-10.0,4,-12.55162901184573,-10.06299544890562,-7.539742461494235,-5.033014768615476,-2.5204116669897387,0.0002768210634684682,lower,0.1
161,phase1,lower,-10.0,4,-12.55162901184573,-10.060421011207358,-7.538471279671066,-5.0311930085214,-2.5179849009105904,0.00023427726085344046,lower,0.1
162,phase1,lower,-10.0,4,-12.55162901184573,-10.05801518851896,-7.537190557640694,-5.029358605825908,-2.5158442254481543,0.00019550616497841677,lower,0.1
163,phase1,lower,-10.0,4,-12.55162901184573,-10.055756769882654,-7.535897531583679,-5.02753917130975,-2.5139587868512607,0.00016028382343602718,lower,0.1
164,phase1,lower,-10.0,4,-12.55162901184573,-10.053626590611664,-7.5345925948347,-5.0257565466568375,-2.512300775206747,0.00012839491371041334,lower,0.1
165,phase1,lower,-10.0,4,-12.55162901184573,-10.051607635611628,-7.533278399106968,-5.024027671373556,-2.510845138638893,9.963317645877252e-05,lower,0.1
166,phase1,upper,-15.0,2,-12.818661357689713,-10.051607635611628,-7.533278399106968,-5.024027671373556,-2.510845138638893,0.00038231203335893556,lower,0.1
167,phase1,upper,-15.0,2,-13.056468146768117,-10.051607635611628,-7.533278399106968,-5.024027671373556,-2.510845138638893,7.38012604159625e-05,lower,0.1
168,phase1,lower,-10.0,4,-13.056468146768117,-10.049708290826787,-7.531993511256825,-5.0224025264501595,-2.509601274831924,5.071039974828101e-05,lower,0.1
169,phase1,lower,-10.0,4,-13.056468146768117,-10.047891173510017,-7.530707053223789,-5.0208507069688375,-2.50851146230189,3.0180048868412706e-05,lower,0.1
170,phase1,lower,-10.0,4,-13.056468146768117,-10.046145599437413,-7.529424673658547,-5.019378325733732,-2.507558043212183,1.2037517190061672e-05,lower,0.1
171,phase1,lower,-10.0,4,-13.056468146768117,-10.044462673094056,-7.528152144602927,-5.017989148186315,-2.506725169263973,-3.88237876102004e-06,lower,0.1
172,phase1,lower,-10.0,4,-13.056468146768117,-10.042835114385827,-7.5268951083307645,-5.016685007274873,-2.505998630054873,-1.7737637598446327e-05,lower,0.1
173,phase1,upper,-15.0,2,-13.268833470995453,-10.042835114385827,-7.5268951083307645,-5.016685007274873,-2.505998630054873,0.00016689844742949196,lower,0.1
174,phase1,lower,-10.0,4,-13.268833470995453,-10.041090905177635,-7.525841028658022,-5.0156430809820565,-2.5052075239255367,0.00013835024849145308,lower,0.1
175,phase1,lower,-10.0,4,-13.268833470995453,-10.03944140230203,-7.524807090809709,-5.014635392111787,-2.5045179820292747,0.00011181086106663149,lower,0.1
176,phase1,lower,-10.0,4,-13.268833470995453,-10.037877341377838,-7.523792752662743,-5.013667205465389,-2.503918391786624,8.724029858689039e-05,lower,0.1
177,phase1,lower,-10.0,4,-13.268833470995453,-10.036390366237601,-7.522798132539694,-5.012742216798963,-2.503398352878324,6.459491475477334e-05,lower,0.1
178,phase1,lower,-10.0,4,-13.268833470995453,-10.034973007444531,-7.521823790577384,-5.011862825536417,-2.5698269026760396,-0.02084519237175486,lower,0.1
179,phase1,lower,-10.0,4,-13.268833470995453,-10.052418758892395,-7.533811705052012,-5.026785571061284,-2.569303124279397,-0.00505578103478968,lower,0.1
180,phase1,lower,-10.0,4,-13.268833470995453,-10.055108256439668,-7.536008402645296,-5.033003511555765,-2.5637434452971064,-0.0009012455010134738,lower,0.1
181,phase1,lower,-10.0,4,-13.268833470995453,-10.054009392011142,-7.535967542913826,-5.036176482209703,-2.557402346162826,0.00016358393463216834,lower,0.1
182,phase1,lower,-10.0,4,-13.268833470995453,-10.052057981560242,-7.53558487260433,-5.037934145204984,-2.551355405843458,0.0004100435600107252,lower,0.1
183,phase1,lower,-10.0,4,-13.268833470995453,-10.05004163146064,-7.535275852709239,-5.038817240041165,-2.5458385473656207,0.00044172462458406264,lower,0.1
184,phase1,lower,-10.0,4,-13.268833470995453,-10.048167501423375,-7.535082097851242,-5.039061696989256,-2.5408693598456527,0.0004188933758590825,lower,0.1
185,phase1,upper,-15.0,2,-13.457748156731599,-10.048167501423375,-7.535082097851242,-5.039061696989256,-2.5408693598456527,-0.015750393237042075,lower,0.1
186,phase1,lower,-10.0,4,-13.457748156731599,-10.0610343149795,-7.545148685088812,-5.045939708779413,-2.541403256791364,-0.003498270061605961,lower,0.1
187,phase1,upper,-15.0,2,-13.635558971170942,-10.0610343149795,-7.545148685088812,-5.045939708779413,-2.541403256791364,-0.0012687145421686303,lower,0.1
188,phase1,lower,-10.0,4,-13.635558971170942,-10.060587595078383,-7.545901885449762,-5.04575564368964,-2.53707969416238,0.00032823126095316,lower,0.1
189,phase1,lower,-10.0,4,-13.635558971170942,-10.058823615980664,-7.545534944660518,-5.044441166825109,-2.532695218396739,0.0007128491126982558,lower,0.1
190,phase1,lower,-10.0,4,-13.635558971170942,-10.05685318464722,-7.544823931551859,-5.042674705548958,-2.52866106910822,0.0007786206619665345,lower,0.1
191,phase1,lower,-10.0,4,-13.635558971170942,-10.054949500741914,-7.5439651974979105,-5.040685268505944,-2.5250468054815896,0.0007625341434613676,lower,0.1
192,phase1,lower,-10.0,4,-13.635558971170942,-10.053164789688399,-7.5430066527300745,-5.038573753961468,-2.521835323008747,0.0007271335074534105,lower,0.1
193,phase1,lower,-10.0,4,-13.635558971170942,-10.051494555835857,-7.541961005406919,-5.036399631813649,-2.5189902421409855,0.0006886543902577146,lower,0.1
194,phase1,lower,-10.0,4,-13.635558971170942,-10.049921411841732,-7.540834721587958,-5.0342050880195615,-2.5164734518686904,0.0006510806771799964,lower,0.1
195,phase1,lower,-10.0,4,-13.635558971170942,-10.048426770206891,-7.539634802746865,-5.032022397445339,-2.514249433408827,0.0006151922951058112,lower,0.1
196,phase1,lower,-10.0,4,-13.635558971170942,-10.046993900395295,-7.538369851529294,-5.029876709050427,-2.5122860985846978,0.0005809650931910584,lower,0.1
197,phase1,lower,-10.0,4,-13.635558971170942,-10.045608626924823,-7.537049773218548,-5.027787498289353,-2.5105547291048063,0.0005482036812961876,lower,0.1
198,phase1,lower,-10.0,4,-13.635558971170942,-10.044259358241028,-7.535685242292697,-5.025769566214092,-2.5090297026201136,0.0005167047481680354,lower,0.1
199,phase1,lower,-10.0,4,-13.635558971170942,-10.042936912372845,-7.534287211972538,-5.023833831670395,-2.559997369343661,-0.011597709425315822,lower,0.1
200,phase1,lower,-10.0,4,-13.635558971170942,-10.052509880815599,-7.54029310847786,-5.032255365667362,-2.5572922727247653,-0.0025974676188231655,lower,0.1
201,phase1,lower,-10.0,4,-13.635558971170942,-10.053625924438766,-7.540791439233398,-5.035485372297216,-2.5519717420243464,-0.0002505085382478748,lower,0.1
202,phase1,lower,-10.0,4,-13.635558971170942,-10.052567933602651,-7.5400713059246325,-5.036809180034458,-2.546442796525636,0.0003309351547268518,lower,0.1
203,phase1,lower,-10.0,4,-13.635558971170942,-10.051020429195596,-7.539193571256742,-5.037199439430092,-2.541296645938503,0.0004459926531930368,lower,0.1
204,phase1,lower,-10.0,4,-13.635558971170942,-10.049436350013837,-7.538378900012614,-5.036999493719034,-2.53664650034215,0.0004398461631404465,lower,0.1
205,phase1,lower,-10.0,4,-13.635558971170942,-10.047934743466888,-7.537639328961446,-5.0363727454600635,-2.5324827484889774,0.00040410071863331736,lower,0.1
206,phase1,lower,-10.0,4,-13.635558971170942,-10.046541511369574,-7.536943426031216,-5.035423763836584,-2.5287669689093786,0.00036296110947606056,lower,0.1
207,phase1,lower,-10.0,4,-13.635558971170942,-10.04525503783721,-7.536257898269933,-5.034231929969741,-2.5254565540281173,0.0003227227598126465,lower,0.1
208,phase1,lower,-10.0,4,-13.635558971170942,-10.044064873396652,-7.535556727326514,-5.032861654331519,-2.5225109240521717,0.0002849276855550529,lower,0.1
209,phase1,lower,-10.0,4,-13.635558971170942,-10.042957623872638,-7.534821989733403,-5.031366209329487,-2.519892878459158,0.0002498615135647225,lower,0.1
210,phase1,lower,-10.0,4,-13.635558971170942,-10.041919185096505,-7.534042737120899,-5.029789726244298,-2.517568683583352,0.00021748278058687445,lower,0.1
211,phase1,lower,-10.0,4,-13.635558971170942,-10.040935805796417,-7.533213590886324,-5.028168582317831,-2.5155078502366766,0.00018766958386176255,lower,0.1
212,phase1,lower,-10.0,4,-13.635558971170942,-10.039994681679932,-7.578259756493628,-5.034103111769617,-2.5187400853861575,-0.003601185438838049,lower,0.1
213,phase1,lower,-10.0,4,-13.635558971170942,-10.047062256056256,-7.576097619647004,-5.034191971103726,-2.5176960492585896,-0.0004905372505868953,lower,0.1
214,phase1,lower,-10.0,4,-13.635558971170942,-10.050407275940858,-7.572180501683097,-5.032715869867582,-2.5157355912895065,0.0003035477043281857,lower,0.1
215,phase1,lower,-10.0,4,-13.635558971170942,-10.052311405581188,-7.568004441851475,-5.03083361160125,-2.5137282069700775,0.00048374799254640393,lower,0.1
216,phase1,lower,-10.0,4,-13.635558971170942,-10.053445336014926,-7.563946897978754,-5.028869786176169,-2.511883800670527,0.000502497425618877,lower,0.1
217,phase1,lower,-10.0,4,-13.635558971170942,-10.054043244528252,-7.560091550165675,-5.0269235682938005,-2.510239121661536,0.000479908273497432,lower,0.1
218,phase1,lower,-10.0,4,-13.635558971170942,-10.054216157645845,-7.556446849966445,-5.025031132091283,-2.5087868613810183,0.0004477763641712061,lower,0.1
219,phase1,lower,-10.0,4,-13.635558971170942,-10.054036228150151,-7.55300353765337,-5.023209325888916,-2.5075097780855073,0.00041444140143424103,lower,0.1
220,phase1,upper,-15.0,2,-13.790208189222376,-10.054036228150151,-7.55300353765337,-5.023209325888916,-2.5075097780855073,0.00019073101836569858,lower,0.1
221,phase1,lower,-10.0,4,-13.790208189222376,-10.053761301183945,-7.549654907934616,-5.021295547662221,-2.5065106358283264,0.0001641747624243083,lower,0.1
222,phase1,lower,-10.0,4,-13.790208189222376,-10.05320290457283,-7.546477526992814,-5.019501141912546,-2.5056368713922548,0.0001398090134232526,lower,0.1
223,phase1,lower,-10.0,4,-13.790208189222376,-10.052404538702747,-7.543464675594944,-5.017825386277862,-2.504874772672787,0.00011757660718238751,lower,0.1
224,phase1,lower,-10.0,4,-13.790208189222376,-10.051404733445503,-7.540610272165487,-5.016266291884199,-2.504211940542189,9.736560880243861e-05,lower,0.1
225,phase1,lower,-10.0,4,-13.790208189222376,-10.05023765826958,-7.537908716903753,-5.014820876635749,-2.5036371880881227,7.905430869180853e-05,lower,0.1
226,phase1,lower,-10.0,4,-13.790208189222376,-10.048933615255175,-7.535354749186338,-5.013485382702139,-2.5031404342227264,6.252295661029487e-05,lower,0.1
227,phase1,lower,-10.0,4,-13.790208189222376,-10.047519457987342,-7.532943332957241,-5.012255458134226,-2.5027126030636895,4.7656642681527184e-05,lower,0.1
228,phase1,lower,-10.0,4,-13.790208189222376,-10.046018954505918,-7.530669569641657,-5.011126310584688,-2.502345531465354,3.434582432739917e-05,lower,0.1
229,phase1,lower,-10.0,4,-13.790208189222376,-10.044453104777597,-7.528528634746079,-5.0100928376026985,-2.5020318847302874,2.2486234283377286e-05,lower,0.1
230,phase1,lower,-10.0,4,-13.790208189222376,-10.042840420163591,-7.5265157339787345,-5.009149736750813,-2.5017650799565776,1.197863620143411e-05,lower,0.1
231,phase1,upper,-15.0,2,-13.927869424968165,-10.042840420163591,-7.5265157339787345,-5.009149736750813,-2.5017650799565776,0.0001329698418880742,lower,0.1
232,phase1,lower,-10.0,4,-13.927869424968165,-10.041088278687406,-7.524729778664582,-5.008408815371662,-2.5014507969790594,0.0001148642638809305,lower,0.1
233,phase1,lower,-10.0,4,-13.927869424968165,-10.039349050847632,-7.523061399604786,-5.007717832114817,-2.5011822927403613,9.789121694874669e-05,lower,0.1
234,phase1,lower,-10.0,4,-13.927869424968165,-10.037632183628094,-7.521502678186543,-5.0070753973870135,-2.500954096063444,8.203024585926091e-05,lower,0.1
235,phase1,lower,-10.0,4,-13.927869424968165,-10.035945405862666,-7.520046385527701,-5.006479786925808,-2.5007613201197736,6.726026550630485e-05,lower,0.1
236,phase1,lower,-10.0,4,-13.927869424968165,-10.034294969590215,-7.518685883307627,-5.0059290302256505,-2.5005996012951788,5.3559071091909744e-05,lower,0.1
237,phase1,upper,-15.0,2,-14.050042525290975,-10.034294969590215,-7.518685883307627,-5.0059290302256505,-2.5005996012951788,-2.7663139918538767e-05,lower,0.1
238,phase1,lower,-10.0,4,-14.050042525290975,-10.032758957787884,-7.517335601445613,-5.005359274656872,-2.5005521835125633,-3.111522527344613e-05,lower,0.1
239,phase1,lower,-10.0,4,-14.050042525290975,-10.031244625856404,-7.516073603629834,-5.004852225654052,-2.500516262328961,-3.3856697682607985e-05,lower,0.1
240,phase1,lower,-10.0,4,-14.050042525290975,-10.029757994661662,-7.514896602207925,-5.0044018691118755,-2.500489794031439,-3.5951378595838614e-05,lower,0.1
241,phase1,lower,-10.0,4,-14.050042525290975,-10.028304211657023,-7.513801064654477,-5.004002614328179,-2.500470988967779,-3.745987862315169e-05,lower,0.1
242,phase1,lower,-10.0,4,-14.050042525290975,-10.026887610847528,-7.512783279510678,-5.003649278841239,-2.5004582868634895,-3.8439683761294955e-05,lower,0.1
243,phase1,lower,-10.0,4,-14.050042525290975,-10.025511773429228,-7.551762046895211,-5.0078084513864605,-2.5034925664006455,-0.0024269931886880796,lower,0.1
244,phase1,lower,-10.0,4,-14.050042525290975,-10.030321094645645,-7.548928744304652,-5.008478840211282,-2.5038305514863404,-0.0005395373862839301,lower,0.1
245,phase1,lower,-10.0,4,-14.050042525290975,-10.032667443259202,-7.545237461923533,-5.008227115126676,-2.503510194411494,-4.87631407665163e-05,lower,0.1
246,phase1,upper,-15.0,2,-14.158590065461398,-10.032667443259202,-7.545237461923533,-5.008227115126676,-2.503510194411494,1.7001587376122034e-05,lower,0.1
247,phase1,lower,-10.0,4,-14.158590065461398,-10.033909143696997,-7.541443827987063,-5.007690634999518,-2.503114423365739,7.648348345662496e-05,lower,0.1
248,phase1,lower,-10.0,4,-14.158590065461398,-10.034593776990894,-7.537944540763718,-5.007147075476491,-2.5027401542913075,8.503170430479123e-05,lower,0.1
249,phase1,lower,-10.0,4,-14.158590065461398,-10.034852324834302,-7.534741614597712,-5.006621672690325,-2.502401807529382,8.070049630104419e-05,lower,0.1
250,phase1,lower,-10.0,4,-14.158590065461398,-10.034768623363973,-7.531815022325142,-5.006121366363191,-2.502100062820488,7.355165058513367e-05,lower,0.1
251,phase1,lower,-10.0,4,-14.158590065461398,-10.034407066774563,-7.529140994855307,-5.005647987163479,-2.501832258503677,6.620882471627524e-05,lower,0.1
252,phase1,lower,-10.0,4,-14.158590065461398,-10.033820871640392,-7.526696653507292,-5.005201808679277,-2.5015951275019934,5.932160566950426e-05,lower,0.1
253,phase1,upper,-15.0,2,-14.254838397803818,-10.033820871640392,-7.526696653507292,-5.005201808679277,-2.5015951275019934,6.512159959310036e-05,lower,0.1
254,phase1,lower,-10.0,4,-14.254838397803818,-10.033049840387449,-7.52449705264873,-5.004793424282339,-2.5013576127214274,5.916836276635568e-05,lower,0.1
255,phase1,lower,-10.0,4,-14.254838397803818,-10.032141310087088,-7.52248019878344,-5.004407281213778,-2.501151234813323,5.3855524765310746e-05,lower,0.1
256,phase1,lower,-10.0,4,-14.254838397803818,-10.031126728984434,-7.520629865295975,-5.004043786246983,-2.5009721858255114,4.910629334466822e-05,lower,0.1
257,phase1,lower,-10.0,4,-14.254838397803818,-10.030032846951578,-7.51893148940235,-5.0037029657355925,-2.50081709513371,4.484877960888743e-05,lower,0.1
258,phase1,upper,-15.0,2,-14.340250236254944,-10.030032846951578,-7.51893148940235,-5.0037029657355925,-2.50081709513371,3.3147365488641033e-05,lower,0.1
259,phase1,lower,-10.0,4,-14.340250236254944,-10.028892878567715,-7.517356236335917,-5.0033774617583235,-2.500701657356932,2.9299985693017e-05,lower,0.1
260,phase1,lower,-10.0,4,-14.340250236254944,-10.027712844357412,-7.550552585182379,-5.0051471302842145,-2.5020285668432733,-0.0010859658787620336,lower,0.1
261,phase1,lower,-10.0,4,-14.340250236254944,-10.030974187730795,-7.546688910490252,-5.005307509979151,-2.5021128332099574,-0.00020933364098815364,lower,0.1
262,phase1,lower,-10.0,4,-14.340250236254944,-10.032734060283628,-7.542667820886375,-5.005050285936339,-2.5018997658376003,1.8582887166417382e-05,lower,0.1
263,phase1,lower,-10.0,4,-14.340250236254944,-10.033710711745453,-7.538877117787231,-5.0046940863304314,-2.501636890477146,7.453884803028805e-05,lower,0.1
264,phase1,lower,-10.0,4,-14.340250236254944,-10.034160267386403,-7.535393918658121,-5.004324926610193,-2.501386644557639,8.519636199517914e-05,lower,0.1
265,phase1,lower,-10.0,4,-14.340250236254944,-10.034206955787779,-7.532215460694821,-5.003966547813676,-2.5011626279449226,8.416274995162142e-05,lower,0.1
266,phase1,lower,-10.0,4,-14.340250236254944,-10.033932059803526,-7.529320142567918,-5.003625775611853,-2.5009657872924214,8.031727378322202e-05,lower,0.1
267,phase1,lower,-10.0,4,-14.340250236254944,-10.03339858253356,-7.526683477601538,-5.00330464523,-2.5007940025005087,7.597347944892933e-05,lower,0.1
268,phase1,lower,-10.0,4,-14.340250236254944,-10.032658695908854,-7.524282094893276,-5.003003681906254,-2.5006446051343314,7.170654435945883e-05,lower,0.1
269,phase1,lower,-10.0,4,-14.340250236254944,-10.031756499917373,-7.522094592638205,-5.002722821566405,-2.5005150203158997,6.76358461170001e-05,lower,0.1
270,phase1,lower,-10.0,4,-14.340250236254944,-10.03072943692795,-7.520101580321778,-5.002461696646824,-2.5004029120719697,6.376525476517125e-05,lower,0.1
271,phase1,lower,-10.0,4,-14.340250236254944,-10.029609262538045,-7.518285527665811,-5.002219746604807,-2.500306198888703,6.007296843225673e-05,lower,0.1
272,phase1,lower,-10.0,4,-14.340250236254944,-10.028422823379232,-7.516630581731068,-5.0019962761645935,-2.5002230368621974,5.6534801647708404e-05,lower,0.1
273,phase1,lower,-10.0,4,-14.340250236254944,-10.027192717892932,-7.51512239259961,-5.001790494793662,-2.5001517962176636,5.3129818206123337e-05,lower,0.1
274,phase1,lower,-10.0,4,-14.340250236254944,-10.025937868527214,-7.513747956219078,-5.001601547003133,-2.5000910379244683,4.984130796005696e-05,lower,0.1
275,phase1,lower,-10.0,4,-14.340250236254944,-10.024674020119237,-7.512495474805535,-5.001428536627427,-2.5000394920673354,4.6656564639535494e-05,lower,0.1
276,phase1,lower,-10.0,4,-14.340250236254944,-10.02341417467969,-7.511354233269014,-5.001270546450474,-2.4999960382860595,4.356638428735526e-05,lower,0.1
277,phase1,lower,-10.0,4,-14.340250236254944,-10.022168970792764,-7.510314489824701,-5.001126654002656,-2.4999596882391804,4.056452862623685e-05,lower,0.1
278,phase1,upper,-15.0,2,-14.416027475934209,-10.022168970792764,-7.510314489824701,-5.001126654002656,-2.4999596882391804,1.557030944853338e-05,lower,0.1
279,phase1,lower,-10.0,4,-14.416027475934209,-10.020969509417453,-7.509361556782722,-5.0009760749304855,-2.4999383097489356,1.3097507576733894e-05,lower,0.1
280,phase1,lower,-10.0,4,-14.416027475934209,-10.019796926397161,-7.508491309555094,-5.000840967012166,-2.4999218527339586,1.0836731576783378e-05,lower,0.1
281,phase1,lower,-10.0,4,-14.416027475934209,-10.018656611654535,-7.50769689349678,-5.000720200978441,-2.4999096881441445,8.775517483287649e-06,lower,0.1
282,phase1,lower,-10.0,4,-14.416027475934209,-10.017552741873024,-7.506972037761677,-5.0006126966730635,-2.4999012476197016,6.902172549905929e-06,lower,0.1
283,phase1,lower,-10.0,4,-14.416027475934209,-10.016488459506594,-7.50631100012924,-5.00051742340992,-2.4998960181916625,5.205680583284704e-06,lower,0.1
284,phase1,lower,-10.0,4,-14.416027475934209,-10.015466028456332,-7.505708517577684,-5.000433400018099,-2.499893537484505,3.6756191763733384e-06,lower,0.1
285,phase1,lower,-10.0,4,-14.416027475934209,-10.014486969311209,-7.505159761991736,-5.000359694621275,-2.499893389368482,2.302088248438985e-06,lower,0.1
286,phase1,lower,-10.0,4,-14.416027475934209,-10.013552176699838,-7.534546606859954,-5.000324977607234,-2.4998943854064732,1.1985626684732663e-05,lower,0.1
287,phase1,lower,-10.0,4,-14.416027475934209,-10.015640832651833,-7.5311203905061745,-5.0002843081952175,-2.499889430921619,1.5734551252306662e-05,lower,0.1
288,phase1,lower,-10.0,4,-14.416027475934209,-10.01717462734114,-7.528030721801423,-5.000245392066081,-2.499884604570521,1.5184902952997912e-05,lower,0.1
289,phase1,lower,-10.0,4,-14.416027475934209,-10.01824657037451,-7.525246789513084,-5.000210029965755,-2.4998812916337223,1.3570535366271765e-05,lower,0.1
290,phase1,lower,-10.0,4,-14.416027475934209,-10.018934378806538,-7.5227389874063215,-5.000178460160265,-2.4998796545278794,1.175227740765262e-05,lower,0.1
291,phase1,lower,-10.0,4,-14.416027475934209,-10.01930426261685,-7.520480149294992,-5.000150514333145,-2.4998795526325033,9.959846494698261e-06,lower,0.1
292,phase1,lower,-10.0,4,-14.416027475934209,-10.019412887422819,-7.518445666614338,-5.000125925995535,-2.4998807844128588,8.25486082664863e-06,lower,0.1
293,phase1,lower,-10.0,4,-14.416027475934209,-10.019308735967227,-7.516613330089524,-5.0001044132666195,-2.4998831496850924,6.653898482495416e-06,lower,0.1
294,phase1,lower,-10.0,4,-14.416027475934209,-10.019033206870821,-7.514963117062598,-5.000085701391786,-2.499886464327445,5.161198380261376e-06,lower,0.1
295,phase1,lower,-10.0,4,-14.416027475934209,-10.018621552811457,-7.513476981446688,-5.000069529009585,-2.4998905625747776,3.777350528616501e-06,lower,0.1
296,phase1,lower,-10.0,4,-14.416027475934209,-10.018103696059503,-7.512138659721325,-5.000055649910838,-2.49989529620787,2.501611155083392e-06,lower,0.1
297,phase1,lower,-10.0,4,-14.416027475934209,-10.017504940975646,-7.5109334949823126,-5.0000438334486725,-2.4999005330871005,1.332529525503914e-06,lower,0.1
298,phase1,lower,-10.0,4,-14.416027475934209,-10.01684659709974,-7.5098482781882625,-5.000033864470335,-2.499906155659079,2.681312453282191e-07,lower,0.1
299,phase1,lower,-10.0,4,-14.416027475934209,-10.016146523890471,-7.508871105125207,-5.000025543028294,-2.525517099102147,0.0018785644869556348,lower,0.1
300,phase1,lower,-10.0,4,-14.416027475934209,-10.013728273975683,-7.506796458171685,-5.00174469608263,-2.522388648835299,0.00044724225923031553,lower,0.1
301,phase1,lower,-10.0,4,-14.416027475934209,-10.012632574361975,-7.506017406497833,-5.003630281927504,-2.5200354107388825,7.045451632111435e-05,lower,0.1
302,phase1,lower,-10.0,4,-14.416027475934209,-10.011907648510872,-7.505746169826901,-5.0052632870362475,-2.518039733270174,-2.6199518080140316e-05,lower,0.1
303,phase1,lower,-10.0,4,-14.416027475934209,-10.011315080208748,-7.5057274229711775,-5.006577331264086,-2.5162752693389976,-4.856866458977819e-05,lower,0.1
304,phase1,lower,-10.0,4,-14.416027475934209,-10.010800026283121,-7.505856477244367,-5.007593706167766,-2.514694665364358,-5.136557414657426e-05,lower,0.1
305,phase1,lower,-10.0,4,-14.416027475934209,-10.010351900395978,-7.506076262278087,-5.00835170819911,-2.5132729652036643,-4.9126882049401655e-05,lower,0.1
306,phase1,upper,-15.0,2,-14.483321004058647,-10.010351900395978,-7.506076262278087,-5.00835170819911,-2.5132729652036643,-5.21774278017269e-05,lower,0.1
307,phase1,lower,-10.0,4,-14.483321004058647,-10.009971296269212,-7.506350561537723,-5.008884972432437,-2.5119885436401455,-5.052257058300161e-05,lower,0.1
308,phase1,lower,-10.0,4,-14.483321004058647,-10.009654693109589,-7.506649161936966,-5.009233247933063,-2.5108304949953038,-4.875460715542804e-05,lower,0.1
309,phase1,lower,-10.0,4,-14.483321004058647,-10.009398019138768,-7.506950905309559,-5.009427763855723,-2.5315403413326667,0.003429816019451311,lower,0.1
310,phase1,lower,-10.0,4,-14.483321004058647,-10.006066473338342,-7.505052253112331,-5.010151713515428,-2.527356979960685,0.0007974310201740754,lower,0.1
311,phase1,lower,-10.0,4,-14.483321004058647,-10.005247363397585,-7.505099725303003,-5.01158109680999,-2.5244407407980574,0.00010669994121880704,lower,0.1
312,phase1,lower,-10.0,4,-14.483321004058647,-10.00513656964103,-7.524025611952002,-5.008565402317012,-2.5190315720320964,0.002265872142968718,lower,0.1
313,phase1,lower,-10.0,4,-14.483321004058647,-10.004986188943453,-7.521079045944908,-5.008663826352046,-2.5165458550263544,0.00038605149022199255,lower,0.1
314,phase1,lower,-10.0,4,-14.483321004058647,-10.0062480283024,-7.519639035348911,-5.009379871624594,-2.5301377163134084,0.005786068522451393,lower,0.1
315,phase1,lower,-10.0,4,-14.483321004058647,-10.002379667336845,-7.5150568601817085,-5.00903140634932,-2.5254779215861776,0.0012075010757758224,lower,0.1
316,phase1,lower,-10.0,4,-14.483321004058647,-10.002560635653133,-7.5138247526765225,-5.010329642075477,-2.522761053561202,1.665755981006812e-05,lower,0.1
317,phase1,lower,-10.0,4,-14.483321004058647,-10.003672055551643,-7.5136045664215825,-5.011763146976666,-2.520699400813039,-0.0002752300514670502,lower,0.1
318,phase1,lower,-10.0,4,-14.483321004058647,-10.004913013684957,-7.513733536757918,-5.012975571556677,-2.5189361077733783,-0.0003296598971238549,lower,0.1
319,phase1,lower,-10.0,4,-14.483321004058647,-10.006091759899665,-7.514002899587856,-5.013911397570344,-2.51736335250385,-0.000322395850863633,lower,0.1
320,phase1,lower,-10.0,4,-14.483321004058647,-10.007173030134261,-7.514331709677183,-5.014589666065181,-2.515940926689734,-0.0003000835288407843,lower,0.1
321,phase1,lower,-10.0,4,-14.483321004058647,-10.00815897326451,-7.514678864542139,-5.015044538180607,-2.5146478552003426,-0.0002750488715997838,lower,0.1
322,phase1,lower,-10.0,4,-14.483321004058647,-10.009058506376713,-7.515018652766604,-5.0153101159587825,-2.5134693983261935,-0.0002504985812555547,lower,0.1
323,phase1,lower,-10.0,4,-14.483321004058647,-10.009879969738831,-7.527798479463594,-5.009347889415953,-2.508205498635267,0.0029453991714965076,lower,0.1
324,phase1,lower,-10.0,4,-14.483321004058647,-10.00902096145696,-7.524165200830558,-5.007996682528566,-2.506693398471391,0.00040138991904333795,lower,0.1
325,phase1,lower,-10.0,4,-14.483321004058647,-10.010174134467182,-7.522380886879107,-5.0078107199053585,-2.5061690188226184,-0.00025498047722561837,lower,0.1
326,phase1,lower,-10.0,4,-14.483321004058647,-10.011624292137878,-7.5211727712818535,-5.007880732385091,-2.505899775565802,-0.00041075415509021627,lower,0.1
327,phase1,lower,-10.0,4,-14.483321004058647,-10.012948818791857,-7.520188299055305,-5.007971185173778,-2.5056928352942975,-0.0004344469208545013,lower,0.1
328,phase1,lower,-10.0,4,-14.483321004058647,-10.01406376904697,-7.5193217001777475,-5.008025133864126,-2.5054985871706674,-0.000423854943199492,lower,0.1
329,phase1,lower,-10.0,4,-14.483321004058647,-10.014971031608926,-7.51853469348571,-5.008032630543312,-2.505305254808591,-0.00040483833167230093,lower,0.1
330,phase1,lower,-10.0,4,-14.483321004058647,-10.015691752295108,-7.517808576045364,-5.007995770371108,-2.5051109026087115,-0.000384160191183688,lower,0.1
331,phase1,lower,-10.0,4,-14.483321004058647,-10.0162491788422,-7.51713126738078,-5.007919427210991,-2.504916016345499,-0.0003635298872238756,lower,0.1
332,phase1,lower,-10.0,4,-14.483321004058647,-10.01666456459456,-7.516493671554053,-5.007808817571962,-2.5047215528842637,-0.00034333346211058675,lower,0.1
333,phase1,lower,-10.0,4,-14.483321004058647,-10.01695647540641,-7.515888539238455,-5.007668879122793,-2.504528443074658,-0.00032362273654870676,lower,0.1
334,phase1,lower,-10.0,4,-14.483321004058647,-10.017140942252508,-7.515310014868527,-5.007504130909491,-2.5043374798340112,-0.0003043758311688435,lower,0.1
335,phase1,lower,-10.0,4,-14.483321004058647,-10.017231787762162,-7.514753384148174,-5.0073186608686315,-2.5041493072241385,-0.00028556416300600857,lower,0.1
336,phase1,lower,-10.0,4,-14.483321004058647,-10.01724095514747,-7.514214891048559,-5.007116146331203,-2.5039644347916092,-0.00026716816030148793,lower,0.1
337,phase1,lower,-10.0,4,-14.483321004058647,-10.017178800081851,-7.513691587709617,-5.006899882361499,-2.5037832569469325,-0.0002491795144495414,lower,0.1
338,phase1,lower,-10.0,4,-14.483321004058647,-10.017054340407633,-7.513181205914951,-5.00667281116973,-2.5036060719820177,-0.00023160002499825254,lower,0.1
339,phase1,lower,-10.0,4,-14.483321004058647,-10.016875466980864,-7.512682045694558,-5.006437550741292,-2.5034330993179745,-0.00021443971015607172,lower,0.1
340,phase1,lower,-10.0,4,-14.483321004058647,-10.016649120591374,-7.51219287859167,-5.0061964221450035,-2.503264494674947,-0.00019771488987121728,lower,0.1
341,phase1,lower,-10.0,4,-14.483321004058647,-10.016381439792287,-7.5117128637919315,-5.005951475349054,-2.5031003631750055,-0.0001814464240175719,lower,0.1
342,phase1,lower,-10.0,4,-14.483321004058647,-10.016077883973868,-7.511241475609602,-5.0057045134858535,-2.502940770491959,-0.00016565814719538772,lower,0.1
343,phase1,lower,-10.0,4,-14.483321004058647,-10.015743335469917,-7.5107784410121585,-5.005457115550793,-2.502785752200055,-0.00015037550299245637,lower,0.1
344,phase1,lower,-10.0,4,-14.483321004058647,-10.015382183976834,-7.510323686010899,-5.005210657544019,-2.502635321488764,-0.00013562436945038667,lower,0.1
345,phase1,lower,-10.0,4,-14.483321004058647,-10.014998396112745,-7.509877289870836,-5.004966332081617,-2.5024894754155995,-0.00012143006399127417,lower,0.1
346,phase1,lower,-10.0,4,-14.483321004058647,-10.014595572546146,-7.509439446204462,-5.004725166516357,-2.5023481998675914,-0.00010781651483868274,lower,0.1
347,phase1,lower,-10.0,4,-14.483321004058647,-10.014176994775333,-7.509010430113749,-5.004488039619413,-2.5022114733966125,-9.480558554184694e-05,lower,0.1
348,phase1,lower,-10.0,4,-14.483321004058647,-10.013745663336161,-7.508590570634306,-5.004255696883355,-2.5020792700854977,-8.241653915806278e-05,lower,0.1
349,phase1,lower,-10.0,4,-14.483321004058647,-10.013304328951218,-7.508180227816253,-5.004028764513615,-2.5019515615917207,-7.0665628825432e-05,lower,0.1
350,phase1,upper,-15.0,2,-14.543023842424141,-10.013304328951218,-7.508180227816253,-5.004028764513615,-2.5019515615917207,1.4757823192647418e-05,lower,0.1
351,phase1,lower,-10.0,4,-14.543023842424141,-10.012778636796849,-7.507836994557433,-5.003874653443038,-2.50176341045231,1.8559117120735907e-05,lower,0.1
352,phase1,lower,-10.0,4,-14.543023842424141,-10.012267769367499,-7.507504784927449,-5.0037077429979435,-2.501587130827659,2.176909827187047e-05,lower,0.1
353,phase1,lower,-10.0,4,-14.543023842424141,-10.01177187873505,-7.5071816305745465,-5.00353109999955,-2.5014222554144663,2.4429949133629966e-05,lower,0.1
354,phase1,lower,-10.0,4,-14.543023842424141,-10.01129086696478,-7.506866063751684,-5.003347439840704,-2.5012683373005427,2.6582676046269693e-05,lower,0.1
355,phase1,lower,-10.0,4,-14.543023842424141,-10.010824462235028,-7.506557031836651,-5.0031591604313395,-2.501124945821409,2.8267079817467403e-05,lower,0.1
356,phase1,upper,-15.0,2,-14.59587169278106,-10.010824462235028,-7.506557031836651,-5.0031591604313395,-2.501124945821409,-1.4037167936854023e-05,lower,0.1
357,phase1,lower,-10.0,4,-14.59587169278106,-10.010410352646334,-7.50619645661884,-5.002929169422743,-2.501043178324243,-6.9163291114464215e-06,lower,0.1
358,phase1,lower,-10.0,4,-14.59587169278106,-10.009995187739785,-7.5058453126721805,-5.002713224827888,-2.5009641304265338,-4.3811267876223703e-07,lower,0.1
359,phase1,lower,-10.0,4,-14.59587169278106,-10.009580594534436,-7.505504631875253,-5.002510514846671,-2.500887918752963,5.411859655895405e-06,lower,0.1
360,phase1,lower,-10.0,4,-14.59587169278106,-10.009168127594828,-7.505175228075965,-5.002320289395038,-2.5008146412495087,1.065068465968216e-05,lower,0.1
361,phase1,lower,-10.0,4,-14.59587169278106,-10.008759252026747,-7.504857724498284,-5.002141853333091,-2.500744378064798,1.5297920187424392e-05,lower,0.1
362,phase1,lower,-10.0,4,-14.59587169278106,-10.008355331145733,-7.50455257799603,-5.001974560492792,-2.5006771923413966,1.937531555249829e-05,lower,0.1
363,phase1,lower,-10.0,4,-14.59587169278106,-10.007957618046765,-7.504260100532194,-5.001817808412499,-2.5006131309493966,2.290653480138364e-05,lower,0.1
364,phase1,lower,-10.0,4,-14.59587169278106,-10.007567250413986,-7.503980478214389,-5.001671033697244,-2.5005522251879833,2.5916877436777123e-05,lower,0.1
365,phase1,lower,-10.0,4,-14.59587169278106,-10.007185248004333,-7.5037137881753235,-5.001533707933655,-2.5004944914747806,2.8433000569239182e-05,lower,0.1
366,phase1,lower,-10.0,4,-14.59587169278106,-10.006812512320922,-7.5034600135508,-5.001405334097011,-2.500439932037737,3.048264594122933e-05,lower,0.1
367,phase1,lower,-10.0,4,-14.59587169278106,-10.006449828062562,-7.503219056776134,-5.001285443395336,-2.5003885356199738,3.209437476764809e-05,lower,0.1
368,phase1,upper,-15.0,2,-14.642717403927568,-10.006449828062562,-7.503219056776134,-5.001285443395336,-2.5003885356199738,2.462235112664852e-05,lower,0.1
369,phase1,upper,-15.0,2,-14.684235597840127,-10.006449828062562,-7.503219056776134,-5.001285443395336,-2.5003885356199738,0.007163795900410101,lower,0.1
370,phase1,lower,-10.0,4,-14.684235597840127,-9.99967933462355,-7.498518612248384,-4.99801740950098,-2.4981116562228363,0.001737337724680273,lower,0.1
371,phase1,lower,-10.0,4,-14.684235597840127,-9.997999658433821,-7.497429517117779,-4.997313062795045,-2.4978146735276825,0.0003077028159036599,lower,0.1
372,phase1,lower,-10.0,4,-14.684235597840127,-9.997665711767903,-7.4972895281188014,-4.997295706073582,-2.4980108530291503,-6.032814884323323e-05,lower,0.1
373,phase1,lower,-10.0,4,-14.684235597840127,-9.997682388736951,-7.497393355106956,-4.997463690862681,-2.4983079288703256,-0.0001469606868814948,lower,0.1
374,phase1,lower,-10.0,4,-14.684235597840127,-9.997785749992145,-7.4975553991683315,-4.997681304548492,-2.498604338613674,-0.00015954236219265378,lower,0.1
375,phase1,lower,-10.0,4,-14.684235597840127,-9.997906303035737,-7.505767623016172,-4.991018549678794,-2.49407462907964,0.003603856517239351,lower,0.1
376,phase1,lower,-10.0,4,-14.684235597840127,-9.995448964168267,-7.502058151788931,-4.989805620078642,-2.493716346842957,0.0006677448158419873,lower,0.1
377,phase1,lower,-10.0,4,-14.684235597840127,-9.995508912596076,-7.5004763047318095,-4.990048501726628,-2.494363708404547,-9.699411779975492e-05,lower,0.1
378,phase1,lower,-10.0,4,-14.684235597840127,-9.99609294651567,-7.499569048171886,-4.990675799270399,-2.495186752136292,-0.0002860817823460005,lower,0.1
379,phase1,lower,-10.0,4,-14.684235597840127,-9.996698030285403,-7.4989383237160485,-4.991395074951814,-2.49597524344031,-0.0003234401228584164,lower,0.1
380,phase1,lower,-10.0,4,-14.684235597840127,-9.99721315573904,-7.498467044570812,-4.992122685682497,-2.496682591610842,-0.00032152921997656044,lower,0.1
381,phase1,lower,-10.0,4,-14.684235597840127,-9.997627920920195,-7.49811345152573,-4.992831939714215,-2.50344885937711,0.007736158537780872,lower,0.1
382,phase1,lower,-10.0,4,-14.684235597840127,-9.990713931296746,-7.492824610660191,-4.990636927431108,-2.5009001688980312,0.0016658220358946002,lower,0.1
383,phase1,lower,-10.0,4,-14.684235597840127,-9.989425759400785,-7.491725183513598,-4.991163187527995,-2.500561177390035,8.410944236789068e-05,lower,0.1
384,phase1,upper,-15.0,2,-14.721985813108528,-9.989425759400785,-7.491725183513598,-4.991163187527995,-2.500561177390035,-0.0002380410195960602,lower,0.1
385,phase1,lower,-10.0,4,-14.721985813108528,-9.989869938729703,-7.491926550740501,-4.992378730967858,-2.500878317851475,-0.00043001678252859376,lower,0.1
386,phase1,lower,-10.0,4,-14.721985813108528,-9.990462615035058,-7.49235023489613,-4.99357256455321,-2.5012086181763737,-0.00046331155221624994,lower,0.1
387,phase1,lower,-10.0,4,-14.721985813108528,-9.991068357418161,-7.492868818181814,-4.994674450297489,-2.5014986640767973,-0.0004554553761823365,lower,0.1
388,phase1,lower,-10.0,4,-14.721985813108528,-9.991658313333092,-7.493435862421967,-4.995671458578972,-2.501739897188889,-0.0004374934750909223,lower,0.1
389,phase1,lower,-10.0,4,-14.721985813108528,-9.992229812369562,-7.49402840509489,-4.996565800757436,-2.5019350193978,-0.0004175144311442355,lower,0.1
390,phase1,lower,-10.0,4,-14.721985813108528,-9.992785434630125,-7.494631457172732,-4.997363567996712,-2.5020891280470363,-0.0003975344529413729,lower,0.1
391,phase1,lower,-10.0,4,-14.721985813108528,-9.993327817892034,-7.495233684037301,-4.998071697566868,-2.502207421701938,-0.0003779825183454787,lower,0.1
392,phase1,lower,-10.0,4,-14.721985813108528,-9.993858588773072,-7.495826076136625,-4.998697136342556,-2.5022946485155177,-0.00035888959524146006,lower,0.1
393,phase1,upper,-15.0,2,-14.755747486689309,-9.993858588773072,-7.495826076136625,-4.998697136342556,-2.5022946485155177,-0.00021078823003507714,lower,0.1
394,phase1,lower,-10.0,4,-14.755747486689309,-9.99424504691646,-7.496403012024853,-4.999363069218442,-2.5023332991306257,-0.00018782240881398747,lower,0.1
395,phase1,lower,-10.0,4,-14.755747486689309,-9.99462988359523,-7.496971709143767,-4.9999497671943915,-2.5023482593289015,-0.0001664304083117451,lower,0.1
396,phase1,lower,-10.0,4,-14.755747486689309,-9.995013853517564,-7.4975259707436255,-5.000463057687741,-2.5023422891891363,-0.00014653453641225406,lower,0.1
397,phase1,lower,-10.0,4,-14.755747486689309,-9.995396946322941,-7.498060712639672,-5.000908437378029,-2.502317946450419,-0.00012806116060907428,lower,0.1
398,phase1,lower,-10.0,4,-14.755747486689309,-9.995778577999163,-7.498571828881127,-5.001291098982054,-2.502277598307133,-0.0001109409677037938,lower,0.1
399,phase1,lower,-10.0,4,-14.755747486689309,-9.996157749958293,-7.499056073815133,-5.001615954323297,-2.502223432673844,-9.510863375926291e-05,lower,0.1
400,phase2,lower,-20.0,4,-14.755747486689309,-9.99653318011436,-8.499510957912683,-5.001887653970082,-2.502157468725363,-8.050236541036376e-05,lower,0.1
401,phase2,lower,-20.0,4,-14.755747486689309,-10.096903410023062,-9.399934655366714,-5.272110603871252,-2.6910815666996566,-0.1470670634402711,lower,0.1
402,phase2,lower,-20.0,4,-14.755747486689309,-10.409566891653672,-10.35693592184442,-5.598205979422301,-2.9037223370051475,-0.17453743578341332,lower,0.1
403,phase2,lower,-20.0,4,-14.755747486689309,-10.811387486877818,-11.290135192044902,-5.920993146061766,-3.0976639050807204,-0.1701510435610568,lower,0.1
404,phase2,lower,-20.0,4,-14.755747486689309,-11.262398196599477,-12.17776064282683,-6.223054733133761,-3.263245450645384,-0.15735748085386822,lower,0.1
405,phase2,lower,-20.0,4,-14.755747486689309,-11.745556173990694,-13.013834888515683,-6.4985935266408665,-3.399572871462433,-0.14251371289884118,lower,0.1
406,phase2,lower,-20.0,4,-14.755747486689309,-12.25064638705215,-13.796784810217217,-6.745355942093924,-3.508111232723582,-0.1274119108322591,lower,0.1
407,phase2,lower,-20.0,4,-14.755747486689309,-12.769930949117692,-14.526403784500102,-6.9624263429232585,-3.5909557983498384,-0.11261220999944813,lower,0.1
408,phase2,lower,-20.0,4,-14.755747486689309,-13.296929221655436,-15.203033471902192,-7.149586721811842,-3.6503512153925604,-0.09833088923061944,lower,0.1
409,phase2,lower,-20.0,4,-14.755747486689309,-13.82603744698767,-15.827334909517091,-7.307096997537125,-3.6885463529570295,-0.08467846300084057,lower,0.1
410,phase2,lower,-20.0,4,-14.755747486689309,-14.352377809941368,-16.400215596362994,-7.435591386822992,-3.70774170508075,-0.07172473999236643,lower,0.1
411,phase2,lower,-20.0,4,-14.755747486689309,-14.871713854576662,-16.922797469489797,-7.536009663030932,-3.7100642803482224,-0.059517688557932075,upper,0.1
412,phase2,upper,-15.0,2,-14.838841011381618,-14.871713854576662,-16.922797469489797,-7.536009663030932,-3.7100642803482224,-0.22902929605735015,upper,0.1
413,phase2,upper,-15.0,2,-15.081903053938209,-14.871713854576662,-16.922797469489797,-7.536009663030932,-3.7100642803482224,-0.04808985044136094,lower,0.1
414,phase2,lower,-20.0,4,-15.081903053938209,-15.370103081465201,-17.388906159223872,-7.592650373582206,-3.6834053151128616,-0.03746129287081966,upper,0.1
415,phase2,upper,-15.0,2,-15.13701515445264,-15.370103081465201,-17.388906159223872,-7.592650373582206,-3.6834053151128616,-0.010314307121615705,upper,0.1
416,phase2,upper,-15.0,2,-15.162050269082656,-15.370103081465201,-17.388906159223872,-7.592650373582206,-3.6834053151128616,0.003962015207750514,upper,0.1
417,phase2,upper,-15.0,2,-15.169736577538675,-15.370103081465201,-17.388906159223872,-7.592650373582206,-3.6834053151128616,-0.17151704297129575,upper,0.1
418,phase2,upper,-15.0,2,-15.34390417149018,-15.370103081465201,-17.388906159223872,-7.592650373582206,-3.6834053151128616,-0.017695770631788087,upper,0.1
419,phase2,upper,-15.0,2,-15.365333816695356,-15.370103081465201,-17.388906159223872,-7.592650373582206,-3.6834053151128616,0.0005177193198420658,upper,0.1
420,phase2,upper,-15.0,2,-15.365521356512302,-15.370103081465201,-17.388906159223872,-7.592650373582206,-3.6834053151128616,0.009707758407567279,upper,0.1
421,phase2,upper,-15.0,2,-15.353715799203664,-15.370103081465201,-17.388906159223872,-7.592650373582206,-3.6834053151128616,0.013944985231794162,upper,0.1
422,phase2,upper,-15.0,2,-15.335273771267767,-15.370103081465201,-17.388906159223872,-7.592650373582206,-3.6834053151128616,0.015479413838343333,upper,0.1
423,phase2,upper,-15.0,2,-15.313355459958755,-15.370103081465201,-17.388906159223872,-7.592650373582206,-3.6834053151128616,0.015557596017093589,upper,0.1
424,phase2,upper,-15.0,2,-15.2898648986283,-15.370103081465201,-17.388906159223872,-7.592650373582206,-3.6834053151128616,0.014872054670722942,upper,0.1
425,phase2,upper,-15.0,2,-15.26597415785842,-15.370103081465201,-17.388906159223872,-7.592650373582206,-3.6834053151128616,0.013808639493142138,upper,0.1
426,phase2,upper,-15.0,2,-15.24241805735245,-15.370103081465201,-17.388906159223872,-7.592650373582206,-3.6834053151128616,0.01258281282326671,upper,0.1
427,phase2,upper,-15.0,2,-15.219661989736514,-15.370103081465201,-17.388906159223872,-7.592650373582206,-3.6834053151128616,0.01131486697651971,upper,0.1
428,phase2,upper,-15.0,2,-15.197999286854683,-15.370103081465201,-17.388906159223872,-7.592650373582206,-3.6834053151128616,0.01007154664525655,upper,0.1
429,phase2,upper,-15.0,2,-15.177609198282767,-15.370103081465201,-17.388906159223872,-7.592650373582206,-3.6834053151128616,0.00888917384505985,upper,0.1
430,phase2,upper,-15.0,2,-15.158592616764741,-15.370103081465201,-17.388906159223872,-7.592650373582206,-3.6834053151128616,0.007786573668164699,upper,0.1
431,phase2,upper,-15.0,2,-15.140995026621193,-15.370103081465201,-17.388906159223872,-7.592650373582206,-3.6834053151128616,0.006772363616014801,upper,0.1
432,phase2,upper,-15.0,2,-15.124821940128108,-15.370103081465201,-17.388906159223872,-7.592650373582206,-3.6834053151128616,0.0058491168791208175,upper,0.1
433,phase2,upper,-15.0,2,-15.110049769543156,-15.370103081465201,-17.388906159223872,-7.592650373582206,-3.6834053151128616,0.005015782145597728,upper,0.1
434,phase2,upper,-15.0,2,-15.096633805344318,-15.370103081465201,-17.388906159223872,-7.592650373582206,-3.6834053151128616,-0.1582570626150067,upper,0.1
435,phase2,upper,-15.0,2,-15.243095867656567,-15.370103081465201,-17.388906159223872,-7.592650373582206,-3.6834053151128616,-0.011518773054097917,upper,0.1
436,phase2,upper,-15.0,2,-15.247289292441272,-15.370103081465201,-17.388906159223872,-7.592650373582206,-3.6834053151128616,-0.0038328093672511904,upper,0.1
437,phase2,upper,-15.0,2,-15.242867228959792,-15.370103081465201,-17.388906159223872,-7.592650373582206,-3.6834053151128616,4.090394712861177e-05,upper,0.1
438,phase2,upper,-15.0,2,-15.233768505309857,-15.370103081465201,-17.388906159223872,-7.592650373582206,-3.6834053151128616,0.001856187071855551,upper,0.1
439,phase2,upper,-15.0,2,-15.222239439114754,-15.370103081465201,-17.388906159223872,-7.592650373582206,-3.6834053151128616,0.0025744970606091273,upper,0.1
440,phase2,upper,-15.0,2,-15.209576068613366,-15.370103081465201,-17.388906159223872,-7.592650373582206,-3.6834053151128616,0.0027218163894696815,upper,0.1
441,phase2,upper,-15.0,2,-15.196535493800233,-15.370103081465201,-17.388906159223872,-7.592650373582206,-3.6834053151128616,0.0025847934317024613,upper,0.1
442,phase2,upper,-15.0,2,-15.183564914232427,-15.370103081465201,-17.388906159223872,-7.592650373582206,-3.6834053151128616,0.002318558429949165,upper,0.1
443,phase2,upper,-15.0,2,-15.170930057810017,-15.370103081465201,-17.388906159223872,-7.592650373582206,-3.6834053151128616,0.002006004104075536,upper,0.1
444,phase2,upper,-15.0,2,-15.158787939433099,-15.370103081465201,-17.388906159223872,-7.592650373582206,-3.6834053151128616,0.001690391559409205,upper,0.1
445,phase2,upper,-15.0,2,-15.147228689828081,-15.370103081465201,-17.388906159223872,-7.592650373582206,-3.6834053151128616,0.0013932926608404143,upper,0.1
446,phase2,upper,-15.0,2,-15.13630009253249,-15.370103081465201,-17.388906159223872,-7.592650373582206,-3.6834053151128616,0.0011244688691172205,upper,0.1
447,phase2,upper,-15.0,2,-15.126022362460471,-15.370103081465201,-17.388906159223872,-7.592650373582206,-3.6834053151128616,0.0008873136494075983,upper,0.1
448,phase2,upper,-15.0,2,-15.116397340991846,-15.370103081465201,-17.388906159223872,-7.592650373582206,-3.6834053151128616,0.0006818522001713691,upper,0.1
449,phase2,upper,-15.0,2,-15.107414433124362,-15.370103081465201,-17.388906159223872,-7.592650373582206,-3.6834053151128616,0.0005063947914033889,upper,0.1
450,phase2,upper,-15.0,2,-15.099054592296733,-15.370103081465201,-17.388906159223872,-7.592650373582206,-3.6834053151128616,0.0003584468358737061,upper,0.1
451,phase2,upper,-15.0,2,-15.091293094645538,-15.370103081465201,-17.388906159223872,-7.592650373582206,-3.6834053151128616,0.00023520776953367233,upper,0.1
452,phase2,upper,-15.0,2,-15.08410153154631,-15.370103081465201,-17.388906159223872,-7.592650373582206,-3.6834053151128616,0.00013384180606111347,upper,0.1
453,phase2,upper,-15.0,2,-15.077449274572524,-15.370103081465201,-17.388906159223872,-7.592650373582206,-3.6834053151128616,5.1621673384860255e-05,upper,0.1
454,phase2,upper,-15.0,2,-15.071304568523319,-15.370103081465201,-17.388906159223872,-7.592650373582206,-3.6834053151128616,-1.3998669144009066e-05,upper,0.1
455,phase2,upper,-15.0,2,-15.065635351853986,-15.370103081465201,-17.388906159223872,-7.592650373582206,-3.6834053151128616,-6.535119046473318e-05,upper,0.1
456,phase2,upper,-15.0,2,-15.060409870950705,-15.370103081465201,-17.388906159223872,-7.592650373582206,-3.6834053151128616,-0.00010454340265965444,upper,0.1
457,phase2,upper,-15.0,2,-15.055597134901646,-15.370103081465201,-17.388906159223872,-7.592650373582206,-3.6834053151128616,-0.00013346060409130778,upper,0.1
458,phase2,upper,-15.0,2,-15.051167245037567,-15.370103081465201,-17.388906159223872,-7.592650373582206,-3.6834053151128616,-0.00015377514590001983,upper,0.1
459,phase2,upper,-15.0,2,-15.047091625397034,-15.370103081465201,-17.388906159223872,-7.592650373582206,-3.6834053151128616,-0.00016695947899737556,upper,0.1
460,phase2,upper,-15.0,2,-15.043343174664628,-15.370103081465201,-17.388906159223872,-7.592650373582206,-3.6834053151128616,-0.0001743010728151188,upper,0.1
461,phase2,upper,-15.0,2,-15.039896356055117,-15.370103081465201,-17.388906159223872,-7.592650373582206,-3.6834053151128616,-0.00017691806096267526,upper,0.1
462,phase2,upper,-15.0,2,-15.036727238517509,-15.370103081465201,-17.388906159223872,-7.592650373582206,-3.6834053151128616,-0.0001757749146786581,upper,0.1
463,phase2,upper,-15.0,2,-15.033813500189781,-15.370103081465201,-17.388906159223872,-7.592650373582206,-3.6834053151128616,-0.00017169771159079693,upper,0.1
464,phase2,upper,-15.0,2,-15.031134403057877,-15.370103081465201,-17.388906159223872,-7.592650373582206,-3.6834053151128616,-0.00016538873174489968,upper,0.1
465,phase2,upper,-15.0,2,-15.028670746144282,-15.370103081465201,-17.388906159223872,-7.592650373582206,-3.6834053151128616,-0.00015744021787634843,upper,0.1
466,phase2,upper,-15.0,2,-15.026404803196172,-15.370103081465201,-17.388906159223872,-7.592650373582206,-3.6834053151128616,-0.00014834720640046755,upper,0.1
467,phase2,upper,-15.0,2,-15.024320249709005,-15.370103081465201,-17.388906159223872,-7.592650373582206,-3.6834053151128616,-0.0001385193831336928,upper,0.1
468,phase2,upper,-15.0,2,-15.022402083170649,-15.370103081465201,-17.388906159223872,-7.592650373582206,-3.6834053151128616,-0.00012829195112254246,upper,0.1
469,phase2,upper,-15.0,2,-15.020636539614694,-15.370103081465201,-17.388906159223872,-7.592650373582206,-3.6834053151128616,-0.14804387122604729,upper,0.1
470,phase2,upper,-15.0,2,-15.163978251810324,-15.370103081465201,-17.388906159223872,-7.592650373582206,-3.6834053151128616,-0.007245249140027096,upper,0.1
471,phase2,upper,-15.0,2,-15.170103539765757,-15.370103081465201,-17.388906159223872,-7.592650373582206,-3.6834053151128616,-0.0036052445443204534,upper,0.1
472,phase2,upper,-15.0,2,-15.171197123680262,-15.370103081465201,-17.388906159223872,-7.592650373582206,-3.6834053151128616,-0.0016415828403142634,upper,0.1
473,phase2,upper,-15.0,2,-15.169151005004132,-15.370103081465201,-17.388906159223872,-7.592650373582206,-3.6834053151128616,-0.0005972583715895367,upper,0.1
474,phase2,upper,-15.0,2,-15.165106007373959,-15.370103081465201,-17.388906159223872,-7.592650373582206,-3.6834053151128616,-5.611511542023514e-05,upper,0.1
475,phase2,upper,-15.0,2,-15.159773446875569,-15.370103081465201,-17.388906159223872,-7.592650373582206,-3.6834053151128616,0.00021065719334099347,upper,0.1
476,phase2,upper,-15.0,2,-15.153614205482711,-15.370103081465201,-17.388906159223872,-7.592650373582206,-3.6834053151128616,0.00032886977290310965,upper,0.1
477,phase2,upper,-15.0,2,-15.146939167436074,-15.370103081465201,-17.388906159223872,-7.592650373582206,-3.6834053151128616,0.00036768667309904876,upper,0.1
478,phase2,upper,-15.0,2,-15.13996619107503,-15.370103081465201,-17.388906159223872,-7.592650373582206,-3.6834053151128616,0.00036510157138270813,upper,0.1
479,phase2,upper,-15.0,2,-15.132852970017062,-15.370103081465201,-17.388906159223872,-7.592650373582206,-3.6834053151128616,0.00034194470219721797,upper,0.1
480,phase2,upper,-15.0,2,-15.125716443896142,-15.370103081465201,-17.388906159223872,-7.592650373582206,-3.6834053151128616,0.00030958701914229225,upper,0.1
481,phase2,upper,-15.0,2,-15.118644639748371,-15.370103081465201,-17.388906159223872,-7.592650373582206,-3.6834053151128616,0.00027418039871841176,upper,0.1
482,phase2,upper,-15.0,2,-15.111704196863561,-15.370103081465201,-17.388906159223872,-7.592650373582206,-3.6834053151128616,0.00023899359736013744,upper,0.1
483,phase2,upper,-15.0,2,-15.104945381551378,-15.370103081465201,-17.388906159223872,-7.592650373582206,-3.6834053151128616,0.00020570096784062612,upper,0.1
484,phase2,upper,-15.0,2,-15.098405601459959,-15.370103081465201,-17.388906159223872,-7.592650373582206,-3.6834053151128616,0.00017509488557085567,upper,0.1
485,phase2,upper,-15.0,2,-15.092111989357798,-15.370103081465201,-17.388906159223872,-7.592650373582206,-3.6834053151128616,0.00014748073687218772,upper,0.1
486,phase2,upper,-15.0,2,-15.086083382945482,-15.370103081465201,-17.388906159223872,-7.592650373582206,-3.6834053151128616,0.00012289678942941067,upper,0.1
487,phase2,upper,-15.0,2,-15.08033189199799,-15.370103081465201,-17.388906159223872,-7.592650373582206,-3.6834053151128616,0.0001012372348327048,upper,0.1
488,phase2,upper,-15.0,2,-15.074864168419412,-15.370103081465201,-17.388906159223872,-7.592650373582206,-3.6834053151128616,8.232150602789556e-05,upper,0.1
489,phase2,upper,-15.0,2,-15.069682451941121,-15.370103081465201,-17.388906159223872,-7.592650373582206,-3.6834053151128616,6.593363157294044e-05,upper,0.1
490,phase2,upper,-15.0,2,-15.06478543953932,-15.370103081465201,-17.388906159223872,-7.592650373582206,-3.6834053151128616,5.184475374303339e-05,upper,0.1
491,phase2,upper,-15.0,2,-15.060169012113573,-15.370103081465201,-17.388906159223872,-7.592650373582206,-3.6834053151128616,3.982608623065824e-05,upper,0.1
492,phase2,upper,-15.0,2,-15.055826843105345,-15.370103081465201,-17.388906159223872,-7.592650373582206,-3.6834053151128616,2.965636455552737e-05,upper,0.1
493,phase2,upper,-15.0,2,-15.051750908088955,-15.370103081465201,-17.388906159223872,-7.592650373582206,-3.6834053151128616,2.1126064493553348e-05,upper,0.1
494,phase2,upper,-15.0,2,-15.047931910576777,-15.370103081465201,-17.388906159223872,-7.592650373582206,-3.6834053151128616,1.403968047579967e-05,upper,0.1
495,phase2,upper,-15.0,2,-15.044359636589821,-15.370103081465201,-17.388906159223872,-7.592650373582206,-3.6834053151128616,8.216809664193022e-06,upper,0.1
496,phase2,upper,-15.0,2,-15.041023248529388,-15.370103081465201,-17.388906159223872,-7.592650373582206,-3.6834053151128616,3.492481944611528e-06,upper,0.1
497,phase2,upper,-15.0,2,-15.03791152730484,-15.370103081465201,-17.388906159223872,-7.592650373582206,-3.6834053151128616,-2.8299651468981213e-07,upper,0.1
498,phase2,upper,-15.0,2,-15.035013070387327,-15.370103081465201,-17.388906159223872,-7.592650373582206,-3.6834053151128616,-3.244517530085713e-06,upper,0.1
499,phase2,upper,-15.0,2,-15.032316452386814,-15.370103081465201,-17.388906159223872,-7.592650373582206,-3.6834053151128616,-5.512852501303427e-06,upper,0.1
500,phase2,upper,-15.0,2,-15.029810353838789,-15.370103081465201,-17.388906159223872,-7.592650373582206,-3.6834053151128616,-7.195466011226142e-06,upper,0.1
501,phase2,upper,-15.0,2,-15.027483663104755,-15.370103081465201,-17.388906159223872,-7.592650373582206,-3.6834053151128616,-8.387408221076513e-06,upper,0.1
502,phase2,upper,-15.0,2,-15.025325555613957,-15.370103081465201,-17.388906159223872,-7.592650373582206,-3.6834053151128616,-9.172247429069585e-06,upper,0.1
503,phase2,upper,-15.0,2,-15.023325554086501,-15.370103081465201,-17.388906159223872,-7.592650373582206,-3.6834053151128616,-9.623014238578877e-06,upper,0.1
504,phase2,upper,-15.0,2,-15.021473572867354,-15.370103081465201,-17.388906159223872,-7.592650373582206,-3.6834053151128616,-9.803136078639685e-06,upper,0.1
505,phase2,upper,-15.0,2,-15.019759949056283,-15.370103081465201,-17.388906159223872,-7.592650373582206,-3.6834053151128616,-9.767346310381284e-06,upper,0.1
506,phase2,upper,-15.0,2,-15.018175462732392,-15.370103081465201,-17.388906159223872,-7.592650373582206,-3.6834053151128616,-9.562556411231062e-06,upper,0.1
507,phase2,upper,-15.0,2,-15.016711348236008,-15.370103081465201,-17.388906159223872,-7.592650373582206,-3.6834053151128616,-9.228683092055487e-06,upper,0.1
508,phase2,upper,-15.0,2,-15.015359298179236,-15.370103081465201,-17.388906159223872,-7.592650373582206,-3.6834053151128616,-8.799424888493441e-06,upper,0.1
509,phase2,upper,-15.0,2,-15.014111461603976,-15.370103081465201,-17.388906159223872,-7.592650373582206,-3.6834053151128616,-8.302984922888152e-06,upper,0.1
510,phase2,upper,-15.0,2,-15.01296043748764,-15.370103081465201,-17.388906159223872,-7.592650373582206,-3.6834053151128616,-7.762738250247014e-06,upper,0.1
511,phase2,upper,-15.0,2,-15.01189926460829,-15.370103081465201,-17.388906159223872,-7.592650373582206,-3.6834053151128616,-7.1978435669514575e-06,upper,0.1
512,phase2,upper,-15.0,2,-15.01092140861835,-15.370103081465201,-17.388906159223872,-7.592650373582206,-3.6834053151128616,-6.623800125584038e-06,upper,0.1
513,phase2,upper,-15.0,2,-15.010020747036403,-15.370103081465201,-17.388906159223872,-7.592650373582206,-3.6834053151128616,-6.052951515538949e-06,upper,0.1
514,phase2,upper,-15.0,2,-15.009191552746742,-15.370103081465201,-17.388906159223872,-7.592650373582206,-3.6834053151128616,-5.494938578711688e-06,upper,0.1
515,phase2,upper,-15.0,2,-15.008428476493883,-15.370103081465201,-17.388906159223872,-7.592650373582206,-3.6834053151128616,-4.9571041647755194e-06,upper,0.1
516,phase2,upper,-15.0,2,-15.007726528771805,-15.370103081465201,-17.388906159223872,-7.592650373582206,-3.6834053151128616,-4.444852723451894e-06,upper,0.1
517,phase2,upper,-15.0,2,-15.007081061433311,-15.370103081465201,-17.388906159223872,-7.592650373582206,-3.6834053151128616,-3.961967906128193e-06,upper,0.1
518,phase2,upper,-15.0,2,-15.006487749281847,-15.370103081465201,-17.388906159223872,-7.592650373582206,-3.6834053151128616,-3.5108914295548454e-06,upper,0.1
519,phase2,upper,-15.0,2,-15.005942571854783,-15.370103081465201,-17.388906159223872,-7.592650373582206,-3.6834053151128616,-3.0929664580292383e-06,upper,0.1
520,phase2,upper,-15.0,2,-15.005441795562325,-15.370103081465201,-17.388906159223872,-7.592650373582206,-3.6834053151128616,-2.708648704510366e-06,upper,0.1
521,phase2,upper,-15.0,2,-15.004981956308566,-15.370103081465201,-17.388906159223872,-7.592650373582206,-3.6834053151128616,-2.357688349553328e-06,upper,0.1
522,phase2,upper,-15.0,2,-15.004559842689812,-15.370103081465201,-17.388906159223872,-7.592650373582206,-3.6834053151128616,-2.0392857404949498e-06,upper,0.1
523,phase2,upper,-15.0,2,-15.00417247983921,-15.370103081465201,-17.388906159223872,-7.592650373582206,-3.6834053151128616,-1.7522236728656628e-06,upper,0.1
524,phase2,upper,-15.0,2,-15.003817113965198,-15.370103081465201,-17.388906159223872,-7.592650373582206,-3.6834053151128616,-1.4949788795188613e-06,upper,0.1
525,phase2,upper,-15.0,2,-15.00349119761361,-15.370103081465201,-17.388906159223872,-7.592650373582206,-3.6834053151128616,-1.2658151659216518e-06,upper,0.1
526,phase2,upper,-15.0,2,-15.003192375668966,-15.370103081465201,-17.388906159223872,-7.592650373582206,-3.6834053151128616,-1.0628604401269758e-06,upper,0.1
527,phase2,upper,-15.0,2,-15.002918472098841,-15.370103081465201,-17.388906159223872,-7.592650373582206,-3.6834053151128616,-8.841696945816752e-07,upper,0.1
528,phase2,upper,-15.0,2,-15.002667477435978,-15.370103081465201,-17.388906159223872,-7.592650373582206,-3.6834053151128616,-7.277758117384747e-07,upper,0.1
529,phase2,upper,-15.0,2,-15.002437536985587,-15.370103081465201,-17.388906159223872,-7.592650373582206,-3.6834053151128616,-5.917298824335628e-07,upper,0.1
530,phase2,upper,-15.0,2,-15.002226939739662,-15.370103081465201,-17.388906159223872,-7.592650373582206,-3.6834053151128616,-4.74132556070555e-07,upper,0.1
531,phase2,upper,-15.0,2,-15.002034107975863,-15.370103081465201,-17.388906159223872,-7.592650373582206,-3.6834053151128616,-3.7315777629606255e-07,upper,0.1
532,phase2,upper,-15.0,2,-15.001857587515502,-15.370103081465201,-17.388906159223872,-7.592650373582206,-3.6834053151128616,-2.8707010520621107e-07,upper,0.1
533,phase2,upper,-15.0,2,-15.001696038612954,-15.370103081465201,-17.388906159223872,-7.592650373582206,-3.6834053151128616,-2.142366960290668e-07,upper,0.1
534,phase2,upper,-15.0,2,-15.001548227447485,-15.370103081465201,-17.388906159223872,-7.592650373582206,-3.6834053151128616,-1.531348449376723e-07,upper,0.1
535,phase2,upper,-15.0,2,-15.001413018187682,-15.370103081465201,-17.388906159223872,-7.592650373582206,-3.6834053151128616,-1.0235593190474787e-07,upper,0.1
536,phase2,upper,-15.0,2,-15.001289365598462,-15.370103081465201,-17.388906159223872,-7.592650373582206,-3.6834053151128616,-0.13527879544589078,upper,0.1
537,phase2,upper,-15.0,2,-15.134401070138043,-15.370103081465201,-17.388906159223872,-7.592650373582206,-3.6834053151128616,-0.0020232169680227882,upper,0.1
538,phase2,upper,-15.0,2,-15.137287050791793,-15.370103081465201,-17.388906159223872,-7.592650373582206,-3.6834053151128616,-0.0009913867663788147,upper,0.1
539,phase2,upper,-15.0,2,-15.137632746357648,-15.370103081465201,-17.388906159223872,-7.592650373582206,-3.6834053151128616,-0.00043606859910003376,upper,0.1
540,phase2,upper,-15.0,2,-15.136186867633294,-15.370103081465201,-17.388906159223872,-7.592650373582206,-3.6834053151128616,-0.00014202225397050094,upper,0.1
541,phase2,upper,-15.0,2,-15.133453492212869,-15.370103081465201,-17.388906159223872,-7.592650373582206,-3.6834053151128616,9.088646128625869e-06,upper,0.1
542,phase2,upper,-15.0,2,-15.129787614588334,-15.370103081465201,-17.388906159223872,-7.592650373582206,-3.6834053151128616,8.233451412245632e-05,upper,0.1
543,phase2,upper,-15.0,2,-15.125449650329266,-15.370103081465201,-17.388906159223872,-7.592650373582206,-3.6834053151128616,-0.12271064042438377,upper,0.1
544,phase2,upper,-15.0,2,-15.24223313884329,-15.370103081465201,-17.388906159223872,-7.592650373582206,-3.6834053151128616,0.002766089401955274,upper,0.1
545,phase2,upper,-15.0,2,-15.23583920290878,-15.370103081465201,-17.388906159223872,-7.592650373582206,-3.6834053151128616,0.0014285382668369432,upper,0.1
546,phase2,upper,-15.0,2,-15.229078685819747,-15.370103081465201,-17.388906159223872,-7.592650373582206,-3.6834053151128616,0.0007006832490350267,upper,0.1
547,phase2,upper,-15.0,2,-15.221746637918907,-15.370103081465201,-17.388906159223872,-7.592650373582206,-3.6834053151128616,-0.11012719043435705,upper,0.1
548,phase2,upper,-15.0,2,-15.32380332542219,-15.370103081465201,-17.388906159223872,-7.592650373582206,-3.6834053151128616,0.007261044913697244,upper,0.1
549,phase2,upper,-15.0,2,-15.30999475309728,-15.370103081465201,-17.388906159223872,-7.592650373582206,-3.6834053151128616,0.003522384000784042,upper,0.1
550,phase2,upper,-15.0,2,-15.297963256266872,-15.370103081465201,-17.388906159223872,-7.592650373582206,-3.6834053151128616,0.001512809853097531,upper,0.1
551,phase2,upper,-15.0,2,-15.286513021515342,-15.370103081465201,-17.388906159223872,-7.592650373582206,-3.6834053151128616,0.0004512789930020592,upper,0.1
552,phase2,upper,-15.0,2,-15.27510607731208,-15.370103081465201,-17.388906159223872,-7.592650373582206,-3.6834053151128616,-9.165739158153383e-05,upper,0.1
553,phase2,upper,-15.0,2,-15.263546378871427,-15.370103081465201,-17.388906159223872,-7.592650373582206,-3.6834053151128616,-0.00035217425092074584,upper,0.1
554,phase2,upper,-15.0,2,-15.251808953435285,-15.370103081465201,-17.388906159223872,-7.592650373582206,-3.6834053151128616,-0.09868077909519324,upper,0.1
555,phase2,upper,-15.0,2,-15.33839089472792,-15.370103081465201,-17.388906159223872,-7.592650373582206,-3.6834053151128616,0.01092419500422041,upper,0.1
556,phase2,upper,-15.0,2,-15.31715866354318,-15.370103081465201,-17.388906159223872,-7.592650373582206,-3.6834053151128616,0.005065251027216597,upper,0.1
557,phase2,upper,-15.0,2,-15.300404375804943,-15.370103081465201,-17.388906159223872,-7.592650373582206,-3.6834053151128616,0.0019433180917808046,upper,0.1
558,phase2,lower,-20.0,4,-15.300404375804943,-15.820234402958466,-17.658333175584918,-7.451438360158195,-3.5651719353784923,-0.00048743839845229094,upper,0.1
559,phase2,upper,-15.0,2,-15.288074139193833,-15.820234402958466,-17.658333175584918,-7.451438360158195,-3.5651719353784923,-0.0008517782486688839,upper,0.1
560,phase2,upper,-15.0,2,-15.275640849187734,-15.820234402958466,-17.658333175584918,-7.451438360158195,-3.5651719353784923,-0.0009793469147230164,upper,0.1
561,phase2,upper,-15.0,2,-15.263091588170006,-15.820234402958466,-17.658333175584918,-7.451438360158195,-3.5651719353784923,-0.0009831450714052432,upper,0.1
562,phase2,upper,-15.0,2,-15.250481728697732,-15.820234402958466,-17.658333175584918,-7.451438360158195,-3.5651719353784923,-0.0009250996999202294,upper,0.1
563,phase2,upper,-15.0,2,-15.23789294444015,-15.820234402958466,-17.658333175584918,-7.451438360158195,-3.5651719353784923,-0.08735495603615506,upper,0.1
564,phase2,upper,-15.0,2,-15.31275129256958,-15.820234402958466,-17.658333175584918,-7.451438360158195,-3.5651719353784923,0.014307370210189092,upper,0.1
565,phase2,upper,-15.0,2,-15.287723413744258,-15.820234402958466,-17.658333175584918,-7.451438360158195,-3.5651719353784923,0.006624909396289871,upper,0.1
566,phase2,upper,-15.0,2,-15.269329344249611,-15.820234402958466,-17.658333175584918,-7.451438360158195,-3.5651719353784923,0.002539930813777888,upper,0.1
567,phase2,upper,-15.0,2,-15.254439814900643,-15.820234402958466,-17.658333175584918,-7.451438360158195,-3.5651719353784923,0.0004221409119792699,upper,0.1
568,phase2,upper,-15.0,2,-15.241397843321657,-15.820234402958466,-17.658333175584918,-7.451438360158195,-3.5651719353784923,-0.0006244144445899534,upper,0.1
569,phase2,upper,-15.0,2,-15.229345464682744,-15.820234402958466,-17.658333175584918,-7.451438360158195,-3.5651719353784923,-0.0010920268264436284,upper,0.1
570,phase2,upper,-15.0,2,-15.217855138830934,-15.820234402958466,-17.658333175584918,-7.451438360158195,-3.5651719353784923,-0.00125103815809936,upper,0.1
571,phase2,upper,-15.0,2,-15.206728370961795,-15.820234402958466,-17.658333175584918,-7.451438360158195,-3.5651719353784923,-0.0012497105542128354,upper,0.1
572,phase2,upper,-15.0,2,-15.195886051573291,-15.820234402958466,-17.658333175584918,-7.451438360158195,-3.5651719353784923,-0.001169127805569765,upper,0.1
573,phase2,upper,-15.0,2,-15.185309061385244,-15.820234402958466,-17.658333175584918,-7.451438360158195,-3.5651719353784923,-0.0010533869937694477,upper,0.1
574,phase2,upper,-15.0,2,-15.17500638432761,-15.820234402958466,-17.658333175584918,-7.451438360158195,-3.5651719353784923,-0.0009262102467543033,upper,0.1
575,phase2,upper,-15.0,2,-15.164998240918198,-15.820234402958466,-17.658333175584918,-7.451438360158195,-3.5651719353784923,-0.0008000917192218986,upper,0.1
576,phase2,upper,-15.0,2,-15.15530739379071,-15.820234402958466,-17.658333175584918,-7.451438360158195,-3.5651719353784923,-0.0006813397944127842,upper,0.1
577,phase2,upper,-15.0,2,-15.14595487346471,-15.820234402958466,-17.658333175584918,-7.451438360158195,-3.5651719353784923,-0.00057286089812664,upper,0.1
578,phase2,upper,-15.0,2,-15.136958071963875,-15.820234402958466,-17.658333175584918,-7.451438360158195,-3.5651719353784923,-0.00047569974064543555,upper,0.1
579,phase2,upper,-15.0,2,-15.12833008427872,-15.820234402958466,-17.658333175584918,-7.451438360158195,-3.5651719353784923,-0.00038989391416506395,upper,0.1
580,phase2,upper,-15.0,2,-15.120079688828282,-15.820234402958466,-17.658333175584918,-7.451438360158195,-3.5651719353784923,-0.0003149497285700733,upper,0.1
581,phase2,upper,-15.0,2,-15.112211637992155,-15.820234402958466,-17.658333175584918,-7.451438360158195,-3.5651719353784923,-0.00025010821004147496,upper,0.1
582,phase2,upper,-15.0,2,-15.104727082806457,-15.820234402958466,-17.658333175584918,-7.451438360158195,-3.5651719353784923,-0.00019449435766967076,upper,0.1
583,phase2,upper,-15.0,2,-15.09762403934646,-15.820234402958466,-17.658333175584918,-7.451438360158195,-3.5651719353784923,-0.00014720105870725424,upper,0.1
584,phase2,upper,-15.0,2,-15.090897849614597,-15.820234402958466,-17.658333175584918,-7.451438360158195,-3.5651719353784923,-0.00010733612422685485,upper,0.1
585,phase2,upper,-15.0,2,-15.084541614182054,-15.820234402958466,-17.658333175584918,-7.451438360158195,-3.5651719353784923,-7.404827489048001e-05,upper,0.1
586,phase2,upper,-15.0,2,-15.078546586866974,-15.820234402958466,-17.658333175584918,-7.451438360158195,-3.5651719353784923,-4.65409396693992e-05,upper,0.1
587,phase2,upper,-15.0,2,-15.072902528564555,-15.820234402958466,-17.658333175584918,-7.451438360158195,-3.5651719353784923,-2.4078878572850236e-05,upper,0.1
588,phase2,upper,-15.0,2,-15.067598020816494,-15.820234402958466,-17.658333175584918,-7.451438360158195,-3.5651719353784923,-5.990502650312203e-06,upper,0.1
589,phase2,upper,-15.0,2,-15.062620741373182,-15.820234402958466,-17.658333175584918,-7.451438360158195,-3.5651719353784923,8.3324291687015e-06,upper,0.1
590,phase2,lower,-20.0,4,-15.062620741373182,-16.25403678103486,-17.88769515883816,-7.3127942246236,-3.458689779690808,2.7810696401368775e-05,upper,0.1
591,phase2,lower,-20.0,4,-15.062620741373182,-16.667377589188426,-18.080226562091088,-7.177353281270747,-3.3628312697487974,3.804963304240981e-05,upper,0.1
592,phase2,upper,-15.0,2,-15.057930959224981,-16.667377589188426,-18.080226562091088,-7.177353281270747,-3.3628312697487974,4.0631685161414276e-05,upper,0.1
593,phase2,upper,-15.0,2,-15.053547339090223,-16.667377589188426,-18.080226562091088,-7.177353281270747,-3.3628312697487974,4.1925577230506614e-05,upper,0.1
594,phase2,upper,-15.0,2,-15.049455774672992,-16.667377589188426,-18.080226562091088,-7.177353281270747,-3.3628312697487974,4.2183904004578225e-05,upper,0.1
595,phase2,upper,-15.0,2,-15.045641967342453,-16.667377589188426,-18.080226562091088,-7.177353281270747,-3.3628312697487974,4.162387776830492e-05,upper,0.1
596,phase2,upper,-15.0,2,-15.042091590367233,-16.667377589188426,-18.080226562091088,-7.177353281270747,-3.3628312697487974,4.043097571992683e-05,upper,0.1
597,phase2,upper,-15.0,2,-15.038790424914804,-16.667377589188426,-18.080226562091088,-7.177353281270747,-3.3628312697487974,3.8762382259333513e-05,upper,0.1
598,phase2,upper,-15.0,2,-15.035724471471074,-16.667377589188426,-18.080226562091088,-7.177353281270747,-3.3628312697487974,-0.07568630803413717,upper,0.1
599,phase2,upper,-15.0,2,-15.10995833277315,-16.667377589188426,-18.080226562091088,-7.177353281270747,-3.3628312697487974,0.017663352165150126,upper,0.1
600,phase2,upper,-15.0,2,-15.092200854545407,-16.667377589188426,-18.080226562091088,-7.177353281270747,-3.3628312697487974,0.008672799200381422,upper,0.1
601,phase2,upper,-15.0,2,-15.082284648562037,-16.667377589188426,-18.080226562091088,-7.177353281270747,-3.3628312697487974,0.0038331323020661503,upper,0.1
602,phase2,upper,-15.0,2,-15.076471458289264,-16.667377589188426,-18.080226562091088,-7.177353281270747,-3.3628312697487974,0.0012693622073920883,upper,0.1
603,phase2,upper,-15.0,2,-15.072740213859955,-16.667377589188426,-18.080226562091088,-7.177353281270747,-3.3628312697487974,-4.9329491696916555e-05,upper,0.1
604,phase2,upper,-15.0,2,-15.070009582531931,-16.667377589188426,-18.080226562091088,-7.177353281270747,-3.3628312697487974,-0.0006897442331536376,upper,0.1
605,phase2,upper,-15.0,2,-15.067711246892904,-16.667377589188426,-18.080226562091088,-7.177353281270747,-3.3628312697487974,-0.0009635564097452291,upper,0.1
606,phase2,upper,-15.0,2,-15.065555809383069,-16.667377589188426,-18.080226562091088,-7.177353281270747,-3.3628312697487974,-0.0010421105583368734,upper,0.1
607,phase2,upper,-15.0,2,-15.063404476987857,-16.667377589188426,-18.080226562091088,-7.177353281270747,-3.3628312697487974,-0.0010195216715226593,upper,0.1
608,phase2,upper,-15.0,2,-15.061198823358891,-16.667377589188426,-18.080226562091088,-7.177353281270747,-3.3628312697487974,-0.0009473700447419289,upper,0.1
609,phase2,upper,-15.0,2,-15.058922428172792,-16.667377589188426,-18.080226562091088,-7.177353281270747,-3.3628312697487974,-0.0008537867015315876,upper,0.1
610,phase2,upper,-15.0,2,-15.056580005076775,-16.667377589188426,-18.080226562091088,-7.177353281270747,-3.3628312697487974,-0.0007539596028371101,upper,0.1
611,phase2,upper,-15.0,2,-15.054186117427866,-16.667377589188426,-18.080226562091088,-7.177353281270747,-3.3628312697487974,-0.0006559232549657583,upper,0.1
612,phase2,upper,-15.0,2,-15.051759144434776,-16.667377589188426,-18.080226562091088,-7.177353281270747,-3.3628312697487974,-0.0005637541274207627,upper,0.1
613,phase2,upper,-15.0,2,-15.04931811727869,-16.667377589188426,-18.080226562091088,-7.177353281270747,-3.3628312697487974,-0.0004793382475151393,upper,0.1
614,phase2,upper,-15.0,2,-15.046881119369209,-16.667377589188426,-18.080226562091088,-7.177353281270747,-3.3628312697487974,-0.0004033520855225054,upper,0.1
615,phase2,upper,-15.0,2,-15.044464534827503,-16.667377589188426,-18.080226562091088,-7.177353281270747,-3.3628312697487974,-0.00033580925426807335,upper,0.1
616,phase2,upper,-15.0,2,-15.042082753066886,-16.667377589188426,-18.080226562091088,-7.177353281270747,-3.3628312697487974,-0.00027636697349483466,upper,0.1
617,phase2,upper,-15.0,2,-15.039748114973124,-16.667377589188426,-18.080226562091088,-7.177353281270747,-3.3628312697487974,-0.00022449910405310282,upper,0.1
618,phase2,upper,-15.0,2,-15.037470983589028,-16.667377589188426,-18.080226562091088,-7.177353281270747,-3.3628312697487974,-0.00017959465385089776,upper,0.1
619,phase2,upper,-15.0,2,-15.03525987558028,-16.667377589188426,-18.080226562091088,-7.177353281270747,-3.3628312697487974,-0.00014101431471406735,upper,0.1
620,phase2,upper,-15.0,2,-15.033121618979376,-16.667377589188426,-18.080226562091088,-7.177353281270747,-3.3628312697487974,-0.00010812309307268199,upper,0.1
621,phase2,upper,-15.0,2,-15.031061518683577,-16.667377589188426,-18.080226562091088,-7.177353281270747,-3.3628312697487974,-8.030911129984357e-05,upper,0.1
622,phase2,upper,-15.0,2,-15.029083519909161,-16.667377589188426,-18.080226562091088,-7.177353281270747,-3.3628312697487974,-5.699424890361887e-05,upper,0.1
623,phase2,upper,-15.0,2,-15.027190364561923,-16.667377589188426,-18.080226562091088,-7.177353281270747,-3.3628312697487974,-3.763985297987507e-05,upper,0.1
624,phase2,upper,-15.0,2,-15.025383738073169,-16.667377589188426,-18.080226562091088,-7.177353281270747,-3.3628312697487974,-2.174939046396281e-05,upper,0.1
625,phase2,upper,-15.0,2,-15.023664405656508,-16.667377589188426,-18.080226562091088,-7.177353281270747,-3.3628312697487974,-8.869154534927036e-06,upper,0.1
626,phase2,upper,-15.0,2,-15.022032337702646,-16.667377589188426,-18.080226562091088,-7.177353281270747,-3.3628312697487974,1.4122932107784103e-06,upper,0.1
627,phase2,upper,-15.0,2,-15.020486824440772,-16.667377589188426,-18.080226562091088,-7.177353281270747,-3.3628312697487974,9.465511411899508e-06,upper,0.1
628,phase2,upper,-15.0,2,-15.019026580216234,-16.667377589188426,-18.080226562091088,-7.177353281270747,-3.3628312697487974,1.5622111542828746e-05,upper,0.1
629,phase2,upper,-15.0,2,-15.017649837851524,-16.667377589188426,-18.080226562091088,-7.177353281270747,-3.3628312697487974,2.017703694841926e-05,upper,0.1
630,phase2,upper,-15.0,2,-15.016354433618169,-16.667377589188426,-18.080226562091088,-7.177353281270747,-3.3628312697487974,2.339104758650189e-05,upper,0.1
631,phase2,upper,-15.0,2,-15.015137883376006,-16.667377589188426,-18.080226562091088,-7.177353281270747,-3.3628312697487974,2.5493307572327594e-05,upper,0.1
632,phase2,upper,-15.0,2,-15.013997450447102,-16.667377589188426,-18.080226562091088,-7.177353281270747,-3.3628312697487974,2.668399906688107e-05,upper,0.1
633,phase2,upper,-15.0,2,-15.012930205791378,-16.667377589188426,-18.080226562091088,-7.177353281270747,-3.3628312697487974,2.7136905394569707e-05,upper,0.1
634,phase2,upper,-15.0,2,-15.011933081043859,-16.667377589188426,-18.080226562091088,-7.177353281270747,-3.3628312697487974,2.7001920958737224e-05,upper,0.1
635,phase2,upper,-15.0,2,-15.011002914961285,-16.667377589188426,-18.080226562091088,-7.177353281270747,-3.3628312697487974,2.6407456977487633e-05,upper,0.1
636,phase2,upper,-15.0,2,-15.010136493810172,-16.667377589188426,-18.080226562091088,-7.177353281270747,-3.3628312697487974,2.5462721153186973e-05,upper,0.1
637,phase2,upper,-15.0,2,-15.009330586209819,-16.667377589188426,-18.080226562091088,-7.177353281270747,-3.3628312697487974,2.4259856673787836e-05,upper,0.1
638,phase2,upper,-15.0,2,-15.008581972922903,-16.667377589188426,-18.080226562091088,-7.177353281270747,-3.3628312697487974,2.287593178817392e-05,upper,0.1
639,phase2,upper,-15.0,2,-15.007887472063766,-16.667377589188426,-18.080226562091088,-7.177353281270747,-3.3628312697487974,2.1374775871683292e-05,upper,0.1
640,phase2,upper,-15.0,2,-15.007243960170458,-16.667377589188426,-18.080226562091088,-7.177353281270747,-3.3628312697487974,1.9808661602633387e-05,upper,0.1
641,phase2,upper,-15.0,2,-15.00664838956164,-16.667377589188426,-18.080226562091088,-7.177353281270747,-3.3628312697487974,1.8219835762348582e-05,upper,0.1
642,phase2,upper,-15.0,2,-15.006097802373864,-16.667377589188426,-18.080226562091088,-7.177353281270747,-3.3628312697487974,1.6641903388081517e-05,upper,0.1
643,phase2,upper,-15.0,2,-15.005589341648772,-16.667377589188426,-18.080226562091088,-7.177353281270747,-3.3628312697487974,1.5101071655036349e-05,upper,0.1
644,phase2,upper,-15.0,2,-15.005120259813829,-16.667377589188426,-18.080226562091088,-7.177353281270747,-3.3628312697487974,-0.06497071253870176,upper,0.1
645,phase2,upper,-15.0,2,-15.07150660519551,-16.667377589188426,-18.080226562091088,-7.177353281270747,-3.3628312697487974,0.02036961310758623,upper,0.1
646,phase2,upper,-15.0,2,-15.053420575819601,-16.667377589188426,-18.080226562091088,-7.177353281270747,-3.3628312697487974,0.009987328158645798,upper,0.1
647,phase2,upper,-15.0,2,-15.04446399089502,-16.667377589188426,-18.080226562091088,-7.177353281270747,-3.3628312697487974,0.004399213071204788,upper,0.1
648,phase2,upper,-15.0,2,-15.040280380781361,-16.667377589188426,-18.080226562091088,-7.177353281270747,-3.3628312697487974,0.0014397617051490523,upper,0.1
649,phase2,upper,-15.0,2,-15.038503541753014,-16.667377589188426,-18.080226562091088,-7.177353281270747,-3.3628312697487974,-8.158944031094208e-05,upper,0.1
650,phase2,upper,-15.0,2,-15.037858641740247,-16.667377589188426,-18.080226562091088,-7.177353281270747,-3.3628312697487974,-0.0008195001738337858,upper,0.1
651,phase2,upper,-15.0,2,-15.037668511643645,-16.667377589188426,-18.080226562091088,-7.177353281270747,-3.3628312697487974,-0.0011339738737687448,upper,0.1
652,phase2,upper,-15.0,2,-15.037582515889948,-16.667377589188426,-18.080226562091088,-7.177353281270747,-3.3628312697487974,-0.001222937560451762,upper,0.1
653,phase2,upper,-15.0,2,-15.037427689990698,-16.667377589188426,-18.080226562091088,-7.177353281270747,-3.3628312697487974,-0.0011951174566649993,upper,0.1
654,phase2,upper,-15.0,2,-15.03712704097007,-16.667377589188426,-18.080226562091088,-7.177353281270747,-3.3628312697487974,-0.001110109129529592,upper,0.1
655,phase2,upper,-15.0,2,-15.036654741148306,-16.667377589188426,-18.080226562091088,-7.177353281270747,-3.3628312697487974,-0.0010004202802823957,upper,0.1
656,phase2,upper,-15.0,2,-15.036011588138441,-16.667377589188426,-18.080226562091088,-7.177353281270747,-3.3628312697487974,-0.0008836053257086943,upper,0.1
657,phase2,upper,-15.0,2,-15.03521159785425,-16.667377589188426,-18.080226562091088,-7.177353281270747,-3.3628312697487974,-0.0007689526869192899,upper,0.1
658,phase2,upper,-15.0,2,-15.034274713702093,-16.667377589188426,-18.080226562091088,-7.177353281270747,-3.3628312697487974,-0.0006611759529505796,upper,0.1
659,phase2,upper,-15.0,2,-15.033222876125938,-16.667377589188426,-18.080226562091088,-7.177353281270747,-3.3628312697487974,-0.0005624559578434533,upper,0.1
660,phase2,upper,-15.0,2,-15.032077938504134,-16.667377589188426,-18.080226562091088,-7.177353281270747,-3.3628312697487974,-0.0004735741985357713,upper,0.1
661,phase2,upper,-15.0,2,-15.030860597420853,-16.667377589188426,-18.080226562091088,-7.177353281270747,-3.3628312697487974,-0.00039454473018315074,upper,0.1
662,phase2,upper,-15.0,2,-15.029589879893505,-16.667377589188426,-18.080226562091088,-7.177353281270747,-3.3628312697487974,-0.00032496853959387395,upper,0.1
663,phase2,upper,-15.0,2,-15.028282935839568,-16.667377589188426,-18.080226562091088,-7.177353281270747,-3.3628312697487974,-0.00026423375347703435,upper,0.1
664,phase2,upper,-15.0,2,-15.026954997046682,-16.667377589188426,-18.080226562091088,-7.177353281270747,-3.3628312697487974,-0.00021162971468659573,upper,0.1
665,phase2,upper,-15.0,2,-15.025619425983017,-16.667377589188426,-18.080226562091088,-7.177353281270747,-3.3628312697487974,-0.00016641253596755138,upper,0.1
666,phase2,upper,-15.0,2,-15.024287811913409,-16.667377589188426,-18.080226562091088,-7.177353281270747,-3.3628312697487974,-0.00012784299852998455,upper,0.1
667,phase2,upper,-15.0,2,-15.022970090578333,-16.667377589188426,-18.080226562091088,-7.177353281270747,-3.3628312697487974,-9.520843912099486e-05,upper,0.1
668,phase2,upper,-15.0,2,-15.021674674068144,-16.667377589188426,-18.080226562091088,-7.177353281270747,-3.3628312697487974,-6.783517836368548e-05,upper,0.1
669,phase2,upper,-15.0,2,-15.02040858328155,-16.667377589188426,-18.080226562091088,-7.177353281270747,-3.3628312697487974,-4.509522489334196e-05,upper,0.1
670,phase2,upper,-15.0,2,-15.019177578578008,-16.667377589188426,-18.080226562091088,-7.177353281270747,-3.3628312697487974,-2.6409422266735342e-05,upper,0.1
671,phase2,upper,-15.0,2,-15.017986286060248,-16.667377589188426,-18.080226562091088,-7.177353281270747,-3.3628312697487974,-1.1248327204870957e-05,upper,0.1
672,phase2,upper,-15.0,2,-15.016838317981087,-16.667377589188426,-18.080226562091088,-7.177353281270747,-3.3628312697487974,8.683901744730181e-07,upper,0.1
673,phase2,upper,-15.0,2,-15.015736386400013,-16.667377589188426,-18.080226562091088,-7.177353281270747,-3.3628312697487974,1.037352055573999e-05,upper,0.1
674,phase2,upper,-15.0,2,-15.01468240960747,-16.667377589188426,-18.080226562091088,-7.177353281270747,-3.3628312697487974,1.7654530079557848e-05,upper,0.1
675,phase2,upper,-15.0,2,-15.013677611090316,-16.667377589188426,-18.080226562091088,-7.177353281270747,-3.3628312697487974,2.3056185032423578e-05,upper,0.1
676,phase2,upper,-15.0,2,-15.012722610986957,-16.667377589188426,-18.080226562091088,-7.177353281270747,-3.3628312697487974,2.688342205073234e-05,upper,0.1
677,phase2,upper,-15.0,2,-15.011817510105928,-16.667377589188426,-18.080226562091088,-7.177353281270747,-3.3628312697487974,2.9404343280885873e-05,upper,0.1
678,phase2,upper,-15.0,2,-15.010961966674305,-16.667377589188426,-18.080226562091088,-7.177353281270747,-3.3628312697487974,3.085324673612426e-05,upper,0.1
679,phase2,upper,-15.0,2,-15.01015526605215,-16.667377589188426,-18.080226562091088,-7.177353281270747,-3.3628312697487974,3.143362465655071e-05,upper,0.1
680,phase2,upper,-15.0,2,-15.009396383701777,-16.667377589188426,-18.080226562091088,-7.177353281270747,-3.3628312697487974,3.1321079836017836e-05,upper,0.1
681,phase2,upper,-15.0,2,-15.00868404173967,-16.667377589188426,-18.080226562091088,-7.177353281270747,-3.3628312697487974,3.066612328384332e-05,upper,0.1
682,phase2,upper,-15.0,2,-15.008016759426761,-16.667377589188426,-18.080226562091088,-7.177353281270747,-3.3628312697487974,2.959682724209036e-05,upper,0.1
683,phase2,upper,-15.0,2,-15.007392897971235,-16.667377589188426,-18.080226562091088,-7.177353281270747,-3.3628312697487974,2.822131612501561e-05,upper,0.1
684,phase2,upper,-15.0,2,-15.006810700028515,-16.667377589188426,-18.080226562091088,-7.177353281270747,-3.3628312697487974,2.6630084812106022e-05,upper,0.1
685,phase2,upper,-15.0,2,-15.006268324286836,-16.667377589188426,-18.080226562091088,-7.177353281270747,-3.3628312697487974,2.4898139223452683e-05,upper,0.1
686,phase2,upper,-15.0,2,-15.005763875524844,-16.667377589188426,-18.080226562091088,-7.177353281270747,-3.3628312697487974,2.3086958466910117e-05,upper,0.1
687,phase2,upper,-15.0,2,-15.005295430520945,-16.667377589188426,-18.080226562091088,-7.177353281270747,-3.3628312697487974,2.1246281259086855e-05,upper,0.1
688,phase2,upper,-15.0,2,-15.004861060183545,-16.667377589188426,-18.080226562091088,-7.177353281270747,-3.3628312697487974,1.941572194032789e-05,upper,0.1
689,phase2,upper,-15.0,2,-15.004458848257638,-16.667377589188426,-18.080226562091088,-7.177353281270747,-3.3628312697487974,1.762622335503106e-05,upper,0.1
690,phase2,upper,-15.0,2,-15.004086906947114,-16.667377589188426,-18.080226562091088,-7.177353281270747,-3.3628312697487974,1.5901355268051996e-05,upper,0.1
691,phase2,upper,-15.0,2,-15.003743389774282,-16.667377589188426,-18.080226562091088,-7.177353281270747,-3.3628312697487974,1.4258467925787683e-05,upper,0.1
692,phase2,upper,-15.0,2,-15.003426501978986,-16.667377589188426,-18.080226562091088,-7.177353281270747,-3.3628312697487974,1.2709710934051993e-05,upper,0.1
693,phase2,upper,-15.0,2,-15.003134508739818,-16.667377589188426,-18.080226562091088,-7.177353281270747,-3.3628312697487974,1.1262927882349462e-05,upper,0.1
694,phase2,upper,-15.0,2,-15.002865741479694,-16.667377589188426,-18.080226562091088,-7.177353281270747,-3.3628312697487974,9.922437156179333e-06,upper,0.1
695,phase2,upper,-15.0,2,-15.002618602497785,-16.667377589188426,-18.080226562091088,-7.177353281270747,-3.3628312697487974,8.6897092021153e-06,upper,0.1
696,phase2,upper,-15.0,2,-15.0023915681498,-16.667377589188426,-18.080226562091088,-7.177353281270747,-3.3628312697487974,7.563950182780704e-06,upper,0.1
697,phase2,upper,-15.0,2,-15.002183190779133,-16.667377589188426,-18.080226562091088,-7.177353281270747,-3.3628312697487974,6.54260152326633e-06,upper,0.1
698,phase2,upper,-15.0,2,-15.001992099582534,-16.667377589188426,-18.080226562091088,-7.177353281270747,-3.3628312697487974,5.621764335657927e-06,upper,0.1
699,phase2,upper,-15.0,2,-15.001817000576,-16.667377589188426,-18.080226562091088,-7.177353281270747,-3.3628312697487974,4.796557142135017e-06,upper,0.1
700,phase2,upper,-15.0,2,-15.001656675809528,-16.667377589188426,-18.080226562091088,-7.177353281270747,-3.3628312697487974,4.061414718358962e-06,upper,0.1
701,phase2,upper,-15.0,2,-15.00150998196325,-16.667377589188426,-18.080226562091088,-7.177353281270747,-3.3628312697487974,3.4103352688171215e-06,upper,0.1
702,phase2,upper,-15.0,2,-15.001375848442548,-16.667377589188426,-18.080226562091088,-7.177353281270747,-3.3628312697487974,2.837082534536093e-06,upper,0.1
703,phase2,upper,-15.0,2,-15.001253275075744,-16.667377589188426,-18.080226562091088,-7.177353281270747,-3.3628312697487974,2.335348833942704e-06,upper,0.1
704,phase2,upper,-15.0,2,-15.001141329505153,-16.667377589188426,-18.080226562091088,-7.177353281270747,-3.3628312697487974,1.8988844600735793e-06,upper,0.1
705,phase2,upper,-15.0,2,-15.001039144350447,-16.667377589188426,-18.080226562091088,-7.177353281270747,-3.3628312697487974,1.5215983014459208e-06,upper,0.1
706,phase2,upper,-15.0,2,-15.000945914212565,-16.667377589188426,-18.080226562091088,-7.177353281270747,-3.3628312697487974,1.1976340338377066e-06,upper,0.1
707,phase2,upper,-15.0,2,-15.000860892576616,-16.667377589188426,-18.080226562091088,-7.177353281270747,-3.3628312697487974,9.214257387379205e-07,upper,0.1
708,phase2,lower,-20.0,4,-15.000860892576616,-17.058661657195525,-18.23993783673219,-7.045900461155837,-3.27654699497651,4.916819210421256e-07,upper,0.1
709,phase2,upper,-15.0,2,-15.00078377543287,-17.058661657195525,-18.23993783673219,-7.045900461155837,-3.27654699497651,3.287442878921269e-07,upper,0.1
710,phase2,upper,-15.0,2,-15.000713482083118,-17.058661657195525,-18.23993783673219,-7.045900461155837,-3.27654699497651,1.9477442450478875e-07,upper,0.1
711,phase2,lower,-20.0,4,-15.000713482083118,-17.426789099852208,-18.370533515849072,-6.918965037148356,-3.1988918488274,-1.042475287272064e-09,upper,0.1
712,phase2,upper,-15.0,2,-15.000649602485677,-17.426789099852208,-18.370533515849072,-6.918965037148356,-3.1988918488274,-6.940562632895499e-08,upper,0.1
713,phase2,upper,-15.0,2,-15.000591392489074,-17.426789099852208,-18.370533515849072,-6.918965037148356,-3.1988918488274,-1.2186461474328869e-07,upper,0.1
714,phase2,upper,-15.0,2,-15.000538358479558,-17.426789099852208,-18.370533515849072,-6.918965037148356,-3.1988918488274,-1.6087849147845268e-07,upper,0.1
715,phase2,upper,-15.0,2,-15.0004900480036,-17.426789099852208,-18.370533515849072,-6.918965037148356,-3.1988918488274,-1.886225787496089e-07,upper,0.1
716,phase2,upper,-15.0,2,-15.000446046646019,-17.426789099852208,-18.370533515849072,-6.918965037148356,-3.1988918488274,-2.0700992025968124e-07,upper,0.1
717,phase2,upper,-15.0,2,-15.000405975096102,-17.426789099852208,-18.370533515849072,-6.918965037148356,-3.1988918488274,-0.05474341305708122,upper,0.1
718,phase2,upper,-15.0,2,-15.057364211707945,-17.426789099852208,-18.370533515849072,-6.918965037148356,-3.1988918488274,0.02269692720383017,upper,0.1
719,phase2,upper,-15.0,2,-15.03742260962963,-17.426789099852208,-18.370533515849072,-6.918965037148356,-3.1988918488274,0.01112137805185889,upper,0.1
720,phase2,upper,-15.0,2,-15.027841037927578,-17.426789099852208,-18.370533515849072,-6.918965037148356,-3.1988918488274,0.0048916911526297995,upper,0.1
721,phase2,upper,-15.0,2,-15.023723238404994,-17.426789099852208,-18.370533515849072,-6.918965037148356,-3.1988918488274,0.0015931173697436745,upper,0.1
722,phase2,upper,-15.0,2,-15.02239817544609,-17.426789099852208,-18.370533515849072,-6.918965037148356,-3.1988918488274,-0.00010193835653710278,upper,0.1
723,phase2,upper,-15.0,2,-15.022416891804335,-17.426789099852208,-18.370533515849072,-6.918965037148356,-3.1988918488274,-0.0009234861729206846,upper,0.1
724,phase2,lower,-20.0,4,-15.022416891804335,-17.771994679007523,-18.547095785636888,-6.8378911265015825,-3.116946888070649,0.02444040138495791,upper,0.1
725,phase2,upper,-15.0,2,-15.000173784310773,-17.771994679007523,-18.547095785636888,-6.8378911265015825,-3.116946888070649,0.01115534026500012,upper,0.1
726,phase2,upper,-15.0,2,-14.990413008198031,-17.771994679007523,-18.547095785636888,-6.8378911265015825,-3.116946888070649,-0.030380872181587297,upper,0.1
727,phase2,upper,-15.0,2,-15.024779530333843,-17.771994679007523,-18.547095785636888,-6.8378911265015825,-3.116946888070649,0.028972661554457664,upper,0.1
728,phase2,upper,-15.0,2,-14.999656242519212,-17.771994679007523,-18.547095785636888,-6.8378911265015825,-3.116946888070649,0.01282608596902898,upper,0.1
729,phase2,upper,-15.0,2,-14.989469003293458,-17.771994679007523,-18.547095785636888,-6.8378911265015825,-3.116946888070649,0.004281642108060571,upper,0.1
730,phase2,upper,-15.0,2,-14.987135206834122,-17.771994679007523,-18.547095785636888,-6.8378911265015825,-3.116946888070649,-0.00010628267869366124,upper,0.1
731,phase2,upper,-15.0,2,-14.988767700490381,-17.771994679007523,-18.547095785636888,-6.8378911265015825,-3.116946888070649,-0.0022318786395286723,upper,0.1
732,phase2,upper,-15.0,2,-14.992240454945529,-17.771994679007523,-18.547095785636888,-6.8378911265015825,-3.116946888070649,-0.003136378863556629,upper,0.1
733,phase2,upper,-15.0,2,-14.99639930344348,-17.771994679007523,-18.547095785636888,-6.8378911265015825,-3.116946888070649,-0.0033919022449122272,upper,0.1
734,phase2,upper,-15.0,2,-15.000627237206784,-17.771994679007523,-18.547095785636888,-6.8378911265015825,-3.116946888070649,-0.0033124352968392353,upper,0.1
735,phase2,upper,-15.0,2,-15.004604644329254,-17.771994679007523,-18.547095785636888,-6.8378911265015825,-3.116946888070649,-0.0030698335189900503,upper,0.1
736,phase2,upper,-15.0,2,-15.00817679137669,-17.771994679007523,-18.547095785636888,-6.8378911265015825,-3.116946888070649,-0.002757629146126885,upper,0.1
737,phase2,upper,-15.0,2,-15.0112803531029,-17.771994679007523,-18.547095785636888,-6.8378911265015825,-3.116946888070649,-0.0024261525888596295,upper,0.1
738,phase2,upper,-15.0,2,-15.01390249949327,-17.771994679007523,-18.547095785636888,-6.8378911265015825,-3.116946888070649,-0.0021018832331105835,upper,0.1
739,phase2,upper,-15.0,2,-15.01605797333408,-17.771994679007523,-18.547095785636888,-6.8378911265015825,-3.116946888070649,-0.0017981264463051943,upper,0.1
740,phase2,upper,-15.0,2,-15.017776142932195,-17.771994679007523,-18.547095785636888,-6.8378911265015825,-3.116946888070649,-0.0015209168509890882,upper,0.1
741,phase2,upper,-15.0,2,-15.019093614627167,-17.771994679007523,-18.547095785636888,-6.8378911265015825,-3.116946888070649,-0.0012722915985617156,upper,0.1
742,phase2,upper,-15.0,2,-15.020049968405386,-17.771994679007523,-18.547095785636888,-6.8378911265015825,-3.116946888070649,-0.0010521123924710474,upper,0.1
743,phase2,upper,-15.0,2,-15.020685267901047,-17.771994679007523,-18.547095785636888,-6.8378911265015825,-3.116946888070649,-0.0008590847708147775,upper,0.1
744,phase2,upper,-15.0,2,-15.021038594724839,-17.771994679007523,-18.547095785636888,-6.8378911265015825,-3.116946888070649,-0.0006913317591122563,upper,0.1
745,phase2,upper,-15.0,2,-15.021147186880185,-17.771994679007523,-18.547095785636888,-6.8378911265015825,-3.116946888070649,-0.0005467188225934381,upper,0.1
746,phase2,upper,-15.0,2,-15.021045943119029,-17.771994679007523,-18.547095785636888,-6.8378911265015825,-3.116946888070649,-0.0004230389597780392,upper,0.1
747,phase2,upper,-15.0,2,-15.020767155978247,-17.771994679007523,-18.547095785636888,-6.8378911265015825,-3.116946888070649,-0.0003181183047625918,upper,0.1
748,phase2,upper,-15.0,2,-15.020340392462384,-17.771994679007523,-18.547095785636888,-6.8378911265015825,-3.116946888070649,-0.00022987590065052767,upper,0.1
749,phase2,upper,-15.0,2,-15.019792472967293,-17.771994679007523,-18.547095785636888,-6.8378911265015825,-3.116946888070649,-0.00015635656794955535,upper,0.1
750,phase2,upper,-15.0,2,-15.01914751709507,-17.771994679007523,-18.547095785636888,-6.8378911265015825,-3.116946888070649,-9.574763380874087e-05,upper,0.1
751,phase2,upper,-15.0,2,-15.018427035548733,-17.771994679007523,-18.547095785636888,-6.8378911265015825,-3.116946888070649,-4.6385751600964325e-05,upper,0.1
752,phase2,upper,-15.0,2,-15.01765005364247,-17.771994679007523,-18.547095785636888,-6.8378911265015825,-3.116946888070649,-6.757499583081829e-06,upper,0.1
753,phase2,upper,-15.0,2,-15.016833255950086,-17.771994679007523,-18.547095785636888,-6.8378911265015825,-3.116946888070649,2.450399149263072e-05,upper,0.1
754,phase2,upper,-15.0,2,-15.015991144248202,-17.771994679007523,-18.547095785636888,-6.8378911265015825,-3.116946888070649,4.862496026315319e-05,upper,0.1
755,phase2,upper,-15.0,2,-15.01513620274895,-17.771994679007523,-18.547095785636888,-6.8378911265015825,-3.116946888070649,6.669855273800721e-05,upper,0.1
756,phase2,lower,-20.0,4,-15.01513620274895,-18.099444760972993,-18.62621921253019,-6.715724978652554,-3.0552718750485246,8.846236663429159e-05,upper,0.1
757,phase2,lower,-20.0,4,-15.01513620274895,-18.402042589998743,-18.685170081058043,-6.599595291125404,-2.9997297437793473,9.621319295613236e-05,upper,0.1
758,phase2,upper,-15.0,2,-15.014252502792619,-18.402042589998743,-18.685170081058043,-6.599595291125404,-2.9997297437793473,9.640643068209976e-05,upper,0.1
759,phase2,upper,-15.0,2,-15.013382683248105,-18.402042589998743,-18.685170081058043,-6.599595291125404,-2.9997297437793473,9.481449544921268e-05,upper,0.1
760,phase2,upper,-15.0,2,-15.012533523136408,-18.402042589998743,-18.685170081058043,-6.599595291125404,-2.9997297437793473,9.184869705987042e-05,upper,0.1
761,phase2,upper,-15.0,2,-15.011710347978385,-18.402042589998743,-18.685170081058043,-6.599595291125404,-2.9997297437793473,8.785706488002454e-05,upper,0.1
762,phase2,upper,-15.0,2,-15.010917230161079,-18.402042589998743,-18.685170081058043,-6.599595291125404,-2.9997297437793473,8.31316104784189e-05,upper,0.1
763,phase2,upper,-15.0,2,-15.010157168261653,-18.402042589998743,-18.685170081058043,-6.599595291125404,-2.9997297437793473,7.791504813441666e-05,upper,0.1
764,phase2,upper,-15.0,2,-15.009432246896306,-18.402042589998743,-18.685170081058043,-6.599595291125404,-2.9997297437793473,7.240696743737495e-05,upper,0.1
765,phase2,lower,-20.0,4,-15.009432246896306,-18.680290172833978,-18.72656450938706,-6.489548643873628,-2.949710294202719,6.113223919690787e-05,upper,0.1
766,phase2,lower,-20.0,4,-15.009432246896306,-18.934862587474008,-18.752818559161994,-6.385514771426724,-2.96372584613578,-0.02733362697076922,upper,0.1
767,phase2,upper,-15.0,2,-15.03340920916996,-18.934862587474008,-18.752818559161994,-6.385514771426724,-2.96372584613578,0.027395213817969083,upper,0.1
768,phase2,upper,-15.0,2,-15.003626967956547,-18.934862587474008,-18.752818559161994,-6.385514771426724,-2.96372584613578,0.013446654709164087,upper,0.1
769,phase2,upper,-15.0,2,-14.98782863078556,-18.934862587474008,-18.752818559161994,-6.385514771426724,-2.96372584613578,0.005937634105056072,upper,0.1
770,phase2,upper,-15.0,2,-14.979873646587198,-18.934862587474008,-18.752818559161994,-6.385514771426724,-2.96372584613578,0.0019595318776679475,upper,0.1
771,phase2,upper,-15.0,2,-14.976335303400827,-18.934862587474008,-18.752818559161994,-6.385514771426724,-2.96372584613578,-8.676517664991772e-05,upper,0.1
772,phase2,upper,-15.0,2,-14.97528813576724,-18.934862587474008,-18.752818559161994,-6.385514771426724,-2.96372584613578,-0.0010805666931716022,upper,0.1
773,phase2,upper,-15.0,2,-14.975640205423352,-18.934862587474008,-18.752818559161994,-6.385514771426724,-2.96372584613578,-0.0015054139902764725,upper,0.1
774,phase2,upper,-15.0,2,-14.976764907804611,-18.934862587474008,-18.752818559161994,-6.385514771426724,-2.96372584613578,-0.0016271567506425085,upper,0.1
775,phase2,upper,-15.0,2,-14.978297500776305,-18.934862587474008,-18.752818559161994,-6.385514771426724,-2.96372584613578,-0.001591836425661816,upper,0.1
776,phase2,upper,-15.0,2,-14.98002228205998,-18.934862587474008,-18.752818559161994,-6.385514771426724,-2.96372584613578,-0.02009751667360274,upper,0.1
777,phase2,upper,-15.0,2,-15.003822235402572,-18.934862587474008,-18.752818559161994,-6.385514771426724,-2.96372584613578,0.027980751745686667,upper,0.1
778,phase2,upper,-15.0,2,-14.97922661999589,-18.934862587474008,-18.752818559161994,-6.385514771426724,-2.96372584613578,0.013011061741742259,upper,0.1
779,phase2,upper,-15.0,2,-14.968751691097225,-18.934862587474008,-18.752818559161994,-6.385514771426724,-2.96372584613578,0.005039941103955091,upper,0.1
780,phase2,upper,-15.0,2,-14.965830730097071,-18.934862587474008,-18.752818559161994,-6.385514771426724,-2.96372584613578,-0.009362309434711356,upper,0.1
781,phase2,upper,-15.0,2,-14.980715961273502,-18.934862587474008,-18.752818559161994,-6.385514771426724,-2.96372584613578,0.030290670938795103,upper,0.1
782,phase2,upper,-15.0,2,-14.95523614450722,-18.934862587474008,-18.752818559161994,-6.385514771426724,-2.96372584613578,0.013270431399316631,upper,0.1
783,phase2,upper,-15.0,2,-14.945808596677582,-18.934862587474008,-18.752818559161994,-6.385514771426724,-2.96372584613578,0.004284011508463832,upper,0.1
784,phase2,upper,-15.0,2,-14.944876150722273,-18.934862587474008,-18.752818559161994,-6.385514771426724,-2.96372584613578,-0.0029001862497468472,upper,0.1
785,phase2,upper,-15.0,2,-14.954636435504717,-18.934862587474008,-18.752818559161994,-6.385514771426724,-2.96372584613578,0.030436454575066486,upper,0.1
786,phase2,upper,-15.0,2,-14.930138324911061,-18.934862587474008,-18.752818559161994,-6.385514771426724,-2.96372584613578,0.012502195705486472,upper,0.1
787,phase2,upper,-15.0,2,-14.922596769097533,-18.934862587474008,-18.752818559161994,-6.385514771426724,-2.96372584613578,0.003114587341965378,upper,0.1
788,phase2,upper,-15.0,2,-14.923944235997864,-18.934862587474008,-18.752818559161994,-6.385514771426724,-2.96372584613578,-0.0016094933631919414,upper,0.1
789,phase2,upper,-15.0,2,-14.929732793412269,-18.934862587474008,-18.752818559161994,-6.385514771426724,-2.96372584613578,-0.0038043428908029657,upper,0.1
790,phase2,upper,-15.0,2,-14.937514634415274,-18.934862587474008,-18.752818559161994,-6.385514771426724,-2.96372584613578,-0.0046426960259628785,upper,0.1
791,phase2,upper,-15.0,2,-14.945950008525957,-18.934862587474008,-18.752818559161994,-6.385514771426724,-2.96372584613578,-0.004768393302321747,upper,0.1
792,phase2,upper,-15.0,2,-14.954315099700565,-18.934862587474008,-18.752818559161994,-6.385514771426724,-2.96372584613578,-0.004534219707540145,upper,0.1
793,phase2,upper,-15.0,2,-14.962229923028207,-18.934862587474008,-18.752818559161994,-6.385514771426724,-2.96372584613578,-0.004132688805762518,upper,0.1
794,phase2,upper,-15.0,2,-14.969507361952163,-18.934862587474008,-18.752818559161994,-6.385514771426724,-2.96372584613578,-0.0007576580986347545,upper,0.1
795,phase2,upper,-15.0,2,-14.976909885644437,-18.934862587474008,-18.752818559161994,-6.385514771426724,-2.96372584613578,0.028509218271877385,upper,0.1
796,phase2,upper,-15.0,2,-14.953797064119058,-18.934862587474008,-18.752818559161994,-6.385514771426724,-2.96372584613578,0.012326539486744443,upper,0.1
797,phase2,upper,-15.0,2,-14.945888113448609,-18.934862587474008,-18.752818559161994,-6.385514771426724,-2.96372584613578,0.003839682152197274,upper,0.1
798,phase2,upper,-15.0,2,-14.945937517843248,-18.934862587474008,-18.752818559161994,-6.385514771426724,-2.96372584613578,-0.0004527454658339459,upper,0.1
799,phase2,lower,-20.0,4,-14.945937517843248,-19.167065655562055,-18.768050390425234,-6.295562322663392,-2.920548322142373,-0.0032790775879463743,upper,0.1
